Default row names c1, c2 ... being created.
======================================================================
>>> MULTI-DIMENSIONAL ROLLING HORIZON (MIP) <<<
Instance: A-n32-k5 | Method: p1 | Strategy: CPX
Master Bounds Required -> Requests: 54, Vehicles: 9
Incremental Sequence (R,V,K): [('9', '2', '2'), ('18', '3', '2'), ('27', '5', '3'), ('36', '6', '3'), ('45', '8', '3'), ('54', '9', '4')]
======================================================================
  [Time Manager] Strategy: Complexity-Aware Time Bank (-Cpx)
  [Time Manager] Global Budget: 3600.0s | Steps: 6 | Map Nodes |V|: 32

[1/6] Building & Solving: R=9, V=2, K=2
  [Info] Generating MIP Formulation...
  [Time Manager] Global Remaining Budget: 3600.00s | Future Weight Sum: 4565.0
  [Time Manager] Recalibrated Budget for this step: 115.14s
[CPLEX] Setting time limit to 115 seconds
Version identifier: 22.1.1.0 | 2022-11-28 | 9160aff4d
CPXPARAM_Read_DataCheck                          1
CPXPARAM_Threads                                 1
CPXPARAM_TimeLimit                               115
Found incumbent of value 0.000000 after 0.00 sec. (0.06 ticks)
Tried aggregator 1 time.
MIP Presolve eliminated 48 rows and 1758 columns.
MIP Presolve modified 824 coefficients.
Reduced MIP has 771 rows, 434 columns, and 3022 nonzeros.
Reduced MIP has 310 binaries, 124 generals, 0 SOSs, and 0 indicators.
Presolve time = 0.00 sec. (2.01 ticks)
Probing time = 0.00 sec. (0.58 ticks)
Tried aggregator 1 time.
Detecting symmetries...
Reduced MIP has 771 rows, 434 columns, and 3022 nonzeros.
Reduced MIP has 310 binaries, 124 generals, 0 SOSs, and 0 indicators.
Presolve time = 0.00 sec. (1.83 ticks)
Probing time = 0.00 sec. (0.60 ticks)
Clique table members: 173.
MIP emphasis: balance optimality and feasibility.
MIP search method: dynamic search.
Parallel mode: none, using 1 thread.
Root relaxation solution time = 0.00 sec. (1.59 ticks)

        Nodes                                         Cuts/
   Node  Left     Objective  IInf  Best Integer    Best Bound    ItCnt     Gap

*     0+    0                            0.0000   120638.0000              --- 
      0     0    56451.7500    56        0.0000    56451.7500       99     --- 
      0     0    56101.0000    91        0.0000      Cuts: 93      156     --- 
      0     0    55842.7556    93        0.0000      Cuts: 38      201     --- 
      0     0    55716.7941    88        0.0000      Cuts: 56      216     --- 
      0     0    55474.5000    89        0.0000      Cuts: 35      255     --- 
      0     0    55393.1471   114        0.0000      Cuts: 32      280     --- 
Detecting symmetries...
      0     0    55263.0000   109        0.0000      Cuts: 59      293     --- 
      0     0    55023.0625   127        0.0000  ZeroHalf: 40      338     --- 
      0     0    54943.5000   114        0.0000      Cuts: 36      363     --- 
      0     0    54872.0000   128        0.0000      Cuts: 43      382     --- 
      0     0    54696.5000   127        0.0000      Cuts: 41      406     --- 
      0     0    54679.5131   138        0.0000      Cuts: 16      441     --- 
      0     0    54638.0000   130        0.0000      Cuts: 55      457     --- 
      0     0    54438.7143   153        0.0000  ZeroHalf: 37      511     --- 
      0     0    54341.4276   162        0.0000      Cuts: 68      564     --- 
      0     0    54195.6250   132        0.0000      Cuts: 47      592     --- 
      0     0    53973.0276   156        0.0000      Cuts: 57      650     --- 
      0     0    53895.6183   164        0.0000      Cuts: 66      673     --- 
      0     0    53819.7002   155        0.0000      Cuts: 44      690     --- 
      0     0    53784.0294   158        0.0000      Cuts: 54      709     --- 
      0     0    53687.3000    77        0.0000      Cuts: 52      733     --- 
      0     0    53684.0000    78        0.0000      Cuts: 66      756     --- 
      0     0    53643.1667   151        0.0000      Cuts: 11      782     --- 
      0     0    53625.5000   146        0.0000      Cuts: 87      825     --- 
      0     0    53555.1471   157        0.0000      Cuts: 51      849     --- 
      0     0    53548.6667   183        0.0000      Cuts: 40      876     --- 
Detecting symmetries...
      0     2    53548.6667   183        0.0000    53541.9118      876     --- 
Elapsed time = 0.10 sec. (170.83 ticks, tree = 0.01 MB, solutions = 1)
    318   187    52503.8631   128        0.0000    53007.7829     8787     --- 
    579   355    infeasible              0.0000    52829.0718    14963     --- 
*   940+  596                         6458.0000    52664.3846           715.49%
    971   618    49122.5991    89     6458.0000    52662.9416    20885  715.47%

Performing restart 1

Repeating presolve.
Tried aggregator 1 time.
MIP Presolve modified 8 coefficients.
Reduced MIP has 771 rows, 434 columns, and 3022 nonzeros.
Reduced MIP has 310 binaries, 124 generals, 0 SOSs, and 0 indicators.
Presolve time = 0.00 sec. (1.58 ticks)
Tried aggregator 1 time.
Reduced MIP has 771 rows, 434 columns, and 3022 nonzeros.
Reduced MIP has 310 binaries, 124 generals, 0 SOSs, and 0 indicators.
Presolve time = 0.00 sec. (1.89 ticks)
Represolve time = 0.01 sec. (7.75 ticks)
   1050     0    53443.2512   189     6458.0000      Cuts: 82    22303  714.89%
   1050     0    53340.7727   171     6458.0000      Cuts: 93    22354  714.89%
   1050     0    53253.6364    52     6458.0000      Cuts: 78    22457  714.89%
   1050     0    53230.0000    61     6458.0000      Cuts: 86    22495  714.89%
   1050     0    53227.5929   188     6458.0000      Cuts: 90    22536  714.89%
   1050     0    53218.6917   170     6458.0000      Cuts: 63    22581  714.89%
   1050     0    53218.5944   181     6458.0000     Cuts: 137    22627  714.89%
   1050     0    53179.3721   157     6458.0000      Cuts: 39    22677  714.89%
   1050     0    53140.8316   193     6458.0000     Cuts: 169    22751  714.89%
   1050     2    53140.8316   193     6458.0000    52625.3781    22751  714.89%
   1057     9    52551.6690   146     6458.0000    52625.3781    23167  714.89%
   1071    17    51840.5368   172     6458.0000    52625.3781    24049  714.89%
   1201   105    52249.6597   187     6458.0000    52625.3781    27622  714.89%
   1290   165    51136.1579    61     6458.0000    52618.1819    31795  714.78%
   1380   227    49505.6320    84     6458.0000    52464.1901    36108  712.39%
   1999   617    43262.9591    49     6458.0000    52075.6190    54568  706.37%
Elapsed time = 1.52 sec. (3692.05 ticks, tree = 0.33 MB, solutions = 2)
*  2067   664      integral     0     9145.0000    52028.3450    56139  468.93%
*  2068   652      integral     0    16314.0000    52028.3450    56174  218.92%
*  2096   664      integral     0    19722.0000    52018.2361    56895  163.76%
*  2131   672      integral     0    23510.0000    52010.4829    57381  121.23%
*  2231+  724                        24477.0000    51971.0833           112.33%
*  2290   768      integral     0    24739.0000    51958.5400    61104  110.03%
*  2390+  823                        24746.0000    51900.2962           109.73%
*  2526   900      integral     0    24963.0000    51838.7736    67429  107.66%
*  2626+  891                        31068.0000    51799.6463            66.73%
   3266  1301    51519.4342    61    31068.0000    51535.9617    86271   65.88%
   3927  1715    49697.0000   124    31068.0000    51335.1097   102138   65.23%
*  4497  1764      integral     0    36491.0000    51159.0042   117805   40.20%
   4520  1784    42083.5238    36    36491.0000    51136.1333   118602   40.13%
*  4570  1802      integral     0    36864.0000    51131.8569   119507   38.70%
*  4626  1835      integral     0    37134.0000    51127.0379   120818   37.68%
*  4726+ 1883                        37140.0000    51091.8114            37.57%
   5330  2251    47119.9516    80    37140.0000    50968.3265   139897   37.23%
   5973  2615    37563.1524    84    37140.0000    50820.4646   156985   36.83%
*  6050+ 2651                        37286.0000    50805.7609            36.26%
   6560  2926    41327.7179    61    37286.0000    50717.7112   172603   36.02%
Elapsed time = 4.24 sec. (10285.05 ticks, tree = 1.50 MB, solutions = 16)
   7245  3256    40282.9278    49    37286.0000    50518.6050   193665   35.49%
   8004  3665    47425.9361   162    37286.0000    50347.5000   212627   35.03%
   8742  4078    48884.9076    75    37286.0000    50236.9444   230362   34.73%
   9539  4528    49814.7384    76    37286.0000    50130.4000   248849   34.45%
  10312  4946    41938.0582    76    37286.0000    50017.3187   268648   34.15%
  11117  5356    49441.8342    47    37286.0000    49901.0000   288772   33.83%
* 11230+ 5397                        37381.0000    49874.2500            33.42%
  11232  5395    infeasible          37381.0000    49869.0111   291817   33.41%
  11854  5679    40532.9178    69    37381.0000    49769.8986   309869   33.14%
  12484  5956    48829.6000    23    37381.0000    49671.5500   328102   32.88%
  13280  6325    45282.4378   113    37381.0000    49551.3122   349171   32.56%
Elapsed time = 8.32 sec. (20039.28 ticks, tree = 3.20 MB, solutions = 17)
  14071  6673    44581.1514    94    37381.0000    49429.5751   370272   32.23%
  14762  6930        cutoff          37381.0000    49325.6500   389717   31.95%
  15350  7184    48911.5000    94    37381.0000    49237.4306   407394   31.72%
  16010  7469    40969.0857    18    37381.0000    49150.9368   428387   31.49%
  16668  7710    43683.4522    74    37381.0000    49061.0000   450751   31.25%
  17415  7966    48330.7637    87    37381.0000    48968.6426   473043   31.00%
  18083  8239    38987.3267    91    37381.0000    48881.1810   493355   30.76%
  18775  8467    48243.9310   115    37381.0000    48805.2808   511699   30.56%
  19447  8705    46036.6600    96    37381.0000    48717.9811   531153   30.33%
  20098  8886    40777.5000    61    37381.0000    48639.8847   551411   30.12%
Elapsed time = 12.03 sec. (29588.72 ticks, tree = 5.04 MB, solutions = 17)
  20813  9127    39687.6329    92    37381.0000    48554.1977   572403   29.89%
  21514  9331        cutoff          37381.0000    48473.5166   592443   29.67%
  22101  9469    infeasible          37381.0000    48402.2735   611690   29.48%
  22764  9677    48181.3318    97    37381.0000    48328.8643   630302   29.29%
  23441  9889    44143.1635    65    37381.0000    48257.5000   647694   29.10%
  24059 10084    45590.4500    61    37381.0000    48193.6015   666496   28.93%
  24733 10297    43792.1366   120    37381.0000    48140.0284   685154   28.78%
  25389 10475    infeasible          37381.0000    48080.2604   704871   28.62%
  26099 10651    39022.3857    85    37381.0000    48009.3924   724778   28.43%
  26782 10825    46023.7092    96    37381.0000    47926.7000   744485   28.21%
Elapsed time = 15.78 sec. (39141.79 ticks, tree = 6.05 MB, solutions = 17)
  27480 11029    38889.7750    92    37381.0000    47848.1543   762460   28.00%
  28060 11155    45078.6997    79    37381.0000    47780.5000   780323   27.82%
  28754 11296     3108.7347   112    37381.0000    47711.4565   799049   27.64%
  29459 11427        cutoff          37381.0000    47622.3849   818533   27.40%
  30199 11624    47280.2583    81    37381.0000    47548.7811   838268   27.20%
  30932 11805    38743.9969    65    37381.0000    47477.1997   857891   27.01%
  31627 12000    46695.1667   101    37381.0000    47411.3333   877908   26.83%
  32275 12129        cutoff          37381.0000    47344.4845   896912   26.65%
  32937 12276        cutoff          37381.0000    47282.2417   915317   26.49%
  33610 12414    45223.0291    63    37381.0000    47220.8092   933035   26.32%
Elapsed time = 19.51 sec. (48691.29 ticks, tree = 6.82 MB, solutions = 17)
  34240 12532    46816.8565    81    37381.0000    47153.1667   950918   26.14%
  34964 12664    46378.7284    61    37381.0000    47071.0406   970050   25.92%
  35560 12765    39546.6039    52    37381.0000    47008.4102   986905   25.75%
  36233 12932        cutoff          37381.0000    46942.1667  1005316   25.58%
  36837 12967    40521.1511    94    37381.0000    46860.7957  1023983   25.36%
  37469 13078    44194.4275    83    37381.0000    46798.4167  1042079   25.19%
  38081 13204    38663.1451    97    37381.0000    46741.0833  1059782   25.04%
  38697 13296    41227.4000    38    37381.0000    46673.8100  1076821   24.86%
  39348 13393    40666.0000    93    37381.0000    46605.2021  1094205   24.68%
  39983 13517    41905.6413    44    37381.0000    46535.5684  1111465   24.49%
Elapsed time = 23.29 sec. (58244.05 ticks, tree = 7.33 MB, solutions = 17)
  40607 13620    38184.1838    80    37381.0000    46462.5417  1128538   24.29%
  41255 13714        cutoff          37381.0000    46401.0340  1146527   24.13%
  41921 13780    44328.7001    49    37381.0000    46327.2717  1164810   23.93%
  42558 13885    44683.4951    63    37381.0000    46284.4774  1181832   23.82%
  43140 13909    45367.9328    57    37381.0000    46227.9373  1200201   23.67%
  43768 14007    39027.4906    91    37381.0000    46175.7400  1218600   23.53%
  44345 14062    45275.7538    98    37381.0000    46119.1567  1236068   23.38%
  44938 14160        cutoff          37381.0000    46058.1652  1252547   23.21%
  45566 14221    44586.8988    91    37381.0000    45997.3978  1270623   23.05%
  46275 14292        cutoff          37381.0000    45936.4826  1288506   22.89%
Elapsed time = 27.05 sec. (67788.21 ticks, tree = 7.71 MB, solutions = 17)
  46934 14350    45435.1184    54    37381.0000    45875.9000  1306342   22.73%
  47568 14382    44571.7232   114    37381.0000    45815.2976  1324281   22.56%
  48212 14482    42046.6729    74    37381.0000    45766.1089  1342492   22.43%
  48925 14584        cutoff          37381.0000    45706.0795  1360081   22.27%
  49536 14611        cutoff          37381.0000    45644.3722  1377362   22.11%
  50154 14638    38676.7347    82    37381.0000    45591.5798  1394497   21.96%
  50785 14705  -1.00000e+75    88    37381.0000    45542.8991  1411931   21.83%
  51377 14719    37749.1422    47    37381.0000    45487.7551  1428604   21.69%
  52038 14731    44986.6010   109    37381.0000    45427.8343  1445414   21.53%
  52720 14813    41985.3622   102    37381.0000    45368.5750  1461284   21.37%
Elapsed time = 30.82 sec. (77335.96 ticks, tree = 8.03 MB, solutions = 17)
  53363 14802    39493.1505   124    37381.0000    45318.3500  1479377   21.23%
* 54014  8590      integral     0    41249.0000    45254.1410  1495781    9.71%
  54658  8439    44755.3429    79    41249.0000    45168.3347  1511089    9.50%
* 54734  7929      integral     0    41577.0000    45161.3134  1512491    8.62%
  55303  7787    43973.8184    98    41577.0000    45070.6827  1525861    8.40%
  55972  7581        cutoff          41577.0000    44972.8956  1541048    8.17%
  56622  7426    42295.0133    40    41577.0000    44886.2769  1556260    7.96%
  57274  7259    43247.5086    89    41577.0000    44800.2952  1571672    7.75%
  57948  7084    44635.3950    91    41577.0000    44718.5784  1586473    7.56%
  58603  6918    43508.5746   132    41577.0000    44639.1361  1600181    7.36%
  61223  6050    44266.4298    62    41577.0000    44266.1565  1656368    6.47%
Elapsed time = 35.82 sec. (89704.76 ticks, tree = 3.75 MB, solutions = 19)
  64121  4987    42062.7466    51    41577.0000    43805.6762  1714522    5.36%
  67100  3947        cutoff          41577.0000    43307.1429  1771840    4.16%
  69969  3040    42847.9125    61    41577.0000    42900.8729  1824357    3.18%
  73169  1668    42346.5396    26    41577.0000    42359.9286  1876569    1.88%

GUB cover cuts applied:  3
Clique cuts applied:  2
Cover cuts applied:  127
Implied bound cuts applied:  47
Flow cuts applied:  12
Mixed integer rounding cuts applied:  241
Zero-half cuts applied:  116
Lift and project cuts applied:  30
Gomory fractional cuts applied:  13

Root node processing (before b&c):
  Real time             =    0.10 sec. (171.15 ticks)
Sequential b&c:
  Real time             =   42.80 sec. (106898.29 ticks)
                          ------------
Total (root+branch&cut) =   42.90 sec. (107069.44 ticks)
[CPLEX] Status: integer optimal, tolerance
[CPLEX] OPTIMAL OBJ: 41576.99999999998
[CPLEX] Runtime: 42.900 sec
Vehicle 0: d → 30 → 20 → 12 → 6 → 0 → 15 → 29 → 25 → 13 → 26 → 19 → 4 → 28 → 14 → 21 → 8 → 17 → 7 → 27 → d, (requests = [5, 6, 7])
Vehicle 1: d → 22 → 27 → 3 → 10 → 7 → 17 → 8 → 21 → 14 → 9 → 28 → 4 → 19 → 26 → 13 → 25 → 29 → 15 → 6 → 12 → 20 → d, (requests = [0, 1, 2, 3, 4, 8])
======== PPDSP OBJECTIVE ========
Profit    = 60319
Cost      = 18742
Objective = 41577
=================================
===== RAW XY MODEL =====
16 157 193 252 274 391 443 470 510 552 613 653 681 814 852 896 911 954 981 1023 1131 1172 1229 1266 1302 1341 1352 1429 1466 1482 1511 1577 1659 1696 1711 1756 1854 1870 1892 1925 1968 2039 2050 2052 2054 2056 2058 2059 2061 2063 2066
  [Time Manager] Step 1 consumed 42.90s. Total Consumed: 42.90s.
  [Info] Saved 2066 core assumption literals to p1_A-n32-k5_r9v2k2.lp.asm

[2/6] Building & Solving: R=18, V=3, K=2
Default row names c1, c2 ... being created.
  [Info] Generating MIP Formulation...
  [Time Manager] Global Remaining Budget: 3557.10s | Future Weight Sum: 4419.0
  [Time Manager] Recalibrated Budget for this step: 198.02s
[CPLEX] Setting time limit to 198 seconds
[CPLEX] Reading assumption from p1_A-n32-k5_r9v2k2.lp.asm ...
[CPLEX] Applying MIP Start with 2066 variables.
Version identifier: 22.1.1.0 | 2022-11-28 | 9160aff4d
CPXPARAM_Read_DataCheck                          1
CPXPARAM_Threads                                 1
CPXPARAM_TimeLimit                               198
1 of 1 MIP starts provided solutions.
MIP start 'm1' defined initial solution with objective 63930.0000.
Tried aggregator 1 time.
MIP Presolve eliminated 54 rows and 2637 columns.
MIP Presolve modified 1284 coefficients.
Reduced MIP has 1260 rows, 678 columns, and 5286 nonzeros.
Reduced MIP has 492 binaries, 186 generals, 0 SOSs, and 0 indicators.
Presolve time = 0.00 sec. (3.55 ticks)
Probing time = 0.00 sec. (1.04 ticks)
Tried aggregator 1 time.
Detecting symmetries...
Reduced MIP has 1260 rows, 678 columns, and 5286 nonzeros.
Reduced MIP has 492 binaries, 186 generals, 0 SOSs, and 0 indicators.
Presolve time = 0.00 sec. (3.14 ticks)
Probing time = 0.00 sec. (1.08 ticks)
Clique table members: 285.
MIP emphasis: balance optimality and feasibility.
MIP search method: dynamic search.
Parallel mode: none, using 1 thread.
Root relaxation solution time = 0.00 sec. (4.90 ticks)

        Nodes                                         Cuts/
   Node  Left     Objective  IInf  Best Integer    Best Bound    ItCnt     Gap

*     0+    0                        63930.0000   372564.0000           482.77%
      0     0   119258.0667   102    63930.0000   119258.0667      230   86.54%
      0     0   118878.2042   149    63930.0000     Cuts: 153      355   85.95%
      0     0   118672.7304   193    63930.0000      Cuts: 56      447   85.63%
      0     0   118540.7419   150    63930.0000      Cuts: 81      515   85.42%
      0     0   118437.0000   144    63930.0000      Cuts: 48      549   85.26%
      0     0   118252.2162   153    63930.0000      Cuts: 45      627   84.97%
Detecting symmetries...
      0     0   118148.5000   158    63930.0000      Cuts: 73      654   84.81%
      0     0   117976.5449   173    63930.0000      Cuts: 68      690   84.54%
      0     0   117865.6625   194    63930.0000      Cuts: 51      745   84.37%
      0     0   117783.5261   200    63930.0000      Cuts: 68      799   84.24%
      0     0   117733.6250   194    63930.0000      Cuts: 87      851   84.16%
      0     0   117712.5755   201    63930.0000      Cuts: 65      937   84.13%
      0     0   117707.3750   187    63930.0000      Cuts: 36      998   84.12%
      0     0   117693.7500   193    63930.0000     Cuts: 112     1049   84.10%
      0     0   117669.0000   171    63930.0000      Cuts: 40     1098   84.06%
      0     0   117668.0000   210    63930.0000      Cuts: 37     1125   84.06%
*     0+    0                        64128.0000   117668.0000            83.49%
Detecting symmetries...
      0     2   117668.0000   193    64128.0000   117667.9500     1125   83.49%
Elapsed time = 0.21 sec. (419.51 ticks, tree = 0.01 MB, solutions = 2)
     88    66   117070.8340   170    64128.0000   117591.8620     6057   83.37%
    227   169   104184.0469    55    64128.0000   117469.9148    11643   83.18%
    384   277   116665.6538   124    64128.0000   117342.5520    17423   82.98%
    590   431   113735.9300   140    64128.0000   117315.5656    23520   82.94%
    747   545   110753.5884   141    64128.0000   117228.1452    29036   82.80%
    922   666   116164.8369   186    64128.0000   117122.2857    34680   82.64%

Performing restart 1

Repeating presolve.
Tried aggregator 1 time.
MIP Presolve modified 24 coefficients.
Reduced MIP has 1260 rows, 678 columns, and 5286 nonzeros.
Reduced MIP has 492 binaries, 186 generals, 0 SOSs, and 0 indicators.
Presolve time = 0.00 sec. (2.81 ticks)
Tried aggregator 1 time.
Reduced MIP has 1260 rows, 678 columns, and 5286 nonzeros.
Reduced MIP has 492 binaries, 186 generals, 0 SOSs, and 0 indicators.
Presolve time = 0.00 sec. (3.27 ticks)
Represolve time = 0.01 sec. (11.05 ticks)
    974     0   117637.4346   208    64128.0000     Cuts: 158    37368   82.63%
    974     0   117578.7600   210    64128.0000      Cuts: 80    37483   82.63%
    974     0   117533.7227   216    64128.0000     Cuts: 147    37598   82.63%
    974     0   117515.1564   214    64128.0000      Cuts: 79    37687   82.63%
    974     0   117462.1067   227    64128.0000      Cuts: 68    37786   82.63%
    974     0   117432.4439   304    64128.0000     Cuts: 115    37899   82.63%
*   974+    0                        64134.0000   117117.8526            82.61%
    974     0        cutoff          64134.0000   117117.8526    37899   82.61%
    974     2   117432.4439   304    64134.0000   117117.8526    37899   82.61%
    976     4   117341.9032   281    64134.0000   117117.8526    38209   82.61%
    979     7   117252.1640   171    64134.0000   117117.8526    38462   82.61%
   1078    90   106373.4762   129    64134.0000   117117.8526    45138   82.61%
Elapsed time = 1.72 sec. (4380.86 ticks, tree = 0.22 MB, solutions = 3)
   1293   270    88048.0146   115    64134.0000   117117.8526    60196   82.61%
   1614   528   114876.8778   251    64134.0000   116930.4818    73617   82.32%
*  1771   640      integral     0    85648.0000   116850.0705    82231   36.43%
   1880   721   115978.1533   184    85648.0000   116777.2498    88963   36.35%
*  1974+  793                        85695.0000   116731.4965            36.22%
   2132   914   111085.6046   137    85695.0000   116668.8166   102163   36.14%
   2359  1101   112188.6504   186    85695.0000   116651.0100   115830   36.12%
   2578  1259    infeasible          85695.0000   116590.5000   131125   36.05%
   2801  1429   115106.8710   249    85695.0000   116566.5929   144569   36.02%
   3078  1648   110210.3682   152    85695.0000   116541.5049   158977   36.00%
   3325  1838   105236.8630   173    85695.0000   116513.0000   175482   35.96%
   3510  1974   110497.1913   100    85695.0000   116486.5237   188931   35.93%
Elapsed time = 5.40 sec. (13951.18 ticks, tree = 1.59 MB, solutions = 5)
   3731  2139    91246.5656   107    85695.0000   116432.8929   202467   35.87%
   3954  2301   113555.9348   236    85695.0000   116380.0909   217109   35.81%
   4179  2464   115087.0000   124    85695.0000   116348.0699   232094   35.77%
   4408  2635    98292.6228   110    85695.0000   116328.5225   246799   35.75%
   4606  2777   114859.8846   250    85695.0000   116306.4125   260797   35.72%
   4839  2948   115121.0207   268    85695.0000   116262.3971   277445   35.67%
   5066  3123    infeasible          85695.0000   116229.7951   293924   35.63%
   5279  3286    infeasible          85695.0000   116201.2046   308220   35.60%
   5522  3479   112192.8000   147    85695.0000   116141.7500   323091   35.53%
   5742  3634   115733.3437   181    85695.0000   116104.7364   337977   35.49%
Elapsed time = 9.07 sec. (23583.22 ticks, tree = 2.71 MB, solutions = 5)
   5946  3780   111957.7587   196    85695.0000   116069.3412   352479   35.44%
   6207  3985    90104.6703   113    85695.0000   116042.8842   366976   35.41%
   6480  4201   113986.5863   169    85695.0000   116013.0000   383022   35.38%
   6739  4387   114599.7029   208    85695.0000   115965.2020   399194   35.32%
   7038  4605   114955.2084   178    85695.0000   115933.9754   416539   35.29%
   7269  4770   114226.5427   136    85695.0000   115910.4225   431965   35.26%
   7534  4965    99558.0249   105    85695.0000   115878.8458   446742   35.22%
   7768  5139    99881.8464   128    85695.0000   115857.6935   462379   35.20%
*  7974+ 5260                        86840.0000   115830.9942            33.38%
   8014  5296   110369.7667   149    86840.0000   115830.6940   477699   33.38%
   8219  5428   112679.2581   215    86840.0000   115805.3668   490773   33.35%
Elapsed time = 12.77 sec. (33141.91 ticks, tree = 3.90 MB, solutions = 6)
   8422  5580   103076.6358   151    86840.0000   115793.2000   504708   33.34%
   8602  5689   108069.2446   159    86840.0000   115765.8809   521582   33.31%
   8915  5930   115127.5864   178    86840.0000   115740.9000   537899   33.28%
   9199  6142   114380.9000   218    86840.0000   115717.5000   554461   33.25%
   9509  6375   103216.3032   104    86840.0000   115701.4717   572535   33.24%
   9785  6591   110576.1105   221    86840.0000   115657.0000   590350   33.18%
  10016  6748   110537.1250   163    86840.0000   115633.6261   606553   33.16%
  10312  6971   114533.5732   149    86840.0000   115591.3333   623497   33.11%
  10534  7130   114820.1429   211    86840.0000   115573.6320   638425   33.09%
* 10714+ 7029                        93086.0000   115558.8916            24.14%
* 10714+ 6991                        93611.0000   115558.8916            23.45%
  10715  6994   114902.5221   164    93611.0000   115553.2340   650570   23.44%
Elapsed time = 16.61 sec. (42801.42 ticks, tree = 4.81 MB, solutions = 8)
  10716  6994   111459.6250   199    93611.0000   115550.2562   651015   23.44%
  10941  7139   102446.1667   175    93611.0000   115525.7390   667104   23.41%
  11159  7266   110949.6146   178    93611.0000   115461.4000   682207   23.34%
  11391  7430   107638.4015   117    93611.0000   115443.5948   696798   23.32%
  11647  7610   113801.0375   233    93611.0000   115437.8735   712138   23.32%
  11862  7759   110961.9580   189    93611.0000   115411.6667   728148   23.29%
  12111  7935   114515.0000   180    93611.0000   115396.9598   744858   23.27%
  12419  8161   112083.4570    79    93611.0000   115372.3780   760768   23.25%
  12728  8389    infeasible          93611.0000   115349.8244   777010   23.22%
  12999  8584   101069.6957   161    93611.0000   115340.1401   793854   23.21%
Elapsed time = 21.59 sec. (55421.43 ticks, tree = 6.10 MB, solutions = 8)
  13310  8801   112118.8000   221    93611.0000   115320.0425   811824   23.19%
  13578  8984   103417.9507   194    93611.0000   115304.7000   829736   23.17%
  13879  9214   105137.3130   179    93611.0000   115294.1424   846715   23.16%
  14146  9411   109631.2406   159    93611.0000   115274.4056   863268   23.14%
  14405  9597   112266.9867   235    93611.0000   115258.2840   879176   23.12%
  14595  9717   111597.0000   169    93611.0000   115236.9376   894716   23.10%
  14857  9899   111561.5262   174    93611.0000   115220.3333   910566   23.08%
  15107 10081    93832.3255   191    93611.0000   115209.8938   926742   23.07%
  15371 10254   114169.1389   184    93611.0000   115193.6338   941530   23.06%
  15621 10440   114327.6936   262    93611.0000   115183.0976   957014   23.04%
Elapsed time = 25.24 sec. (65004.43 ticks, tree = 7.24 MB, solutions = 8)
  15879 10627    99420.8345   106    93611.0000   115163.9585   972942   23.02%
  16104 10782   114293.1833   196    93611.0000   115153.5487   989093   23.01%
  16367 10989    96102.1132   136    93611.0000   115138.8878  1006687   23.00%
  16690 11218   102044.8167   155    93611.0000   115117.2576  1024238   22.97%
  16958 11400   114136.1181   201    93611.0000   115103.4849  1042274   22.96%
  17264 11643    97024.6281    87    93611.0000   115094.1468  1059523   22.95%
  17620 11914   109977.8810   249    93611.0000   115079.9950  1077975   22.93%
  17880 12087   111419.6305   188    93611.0000   115062.3661  1095882   22.92%
  18183 12312   113458.6786   169    93611.0000   115050.0714  1113892   22.90%
  18537 12574   110489.5711   188    93611.0000   115037.3571  1131642   22.89%
Elapsed time = 28.94 sec. (74565.93 ticks, tree = 8.55 MB, solutions = 8)
  18769 12735   113363.1334   179    93611.0000   115022.3785  1146549   22.87%
  18994 12877    94729.8582   111    93611.0000   115009.8452  1162724   22.86%
  19252 13031   110553.5651   212    93611.0000   114997.5427  1177065   22.85%
  19506 13203   112653.2428   221    93611.0000   114978.1212  1192568   22.83%
  19803 13436   111301.9384   189    93611.0000   114968.3000  1208598   22.81%
  20097 13658   110771.3982   223    93611.0000   114956.6000  1224337   22.80%
  20358 13861    97510.2039    73    93611.0000   114949.4556  1240091   22.79%
  20617 14044   112192.2535   188    93611.0000   114935.2416  1254409   22.78%

Performing restart 2

Repeating presolve.
Tried aggregator 1 time.
MIP Presolve modified 294 coefficients.
Reduced MIP has 1260 rows, 678 columns, and 6825 nonzeros.
Reduced MIP has 492 binaries, 186 generals, 0 SOSs, and 0 indicators.
Presolve time = 0.00 sec. (4.86 ticks)
Tried aggregator 1 time.
Reduced MIP has 1260 rows, 678 columns, and 6825 nonzeros.
Reduced MIP has 492 binaries, 186 generals, 0 SOSs, and 0 indicators.
Presolve time = 0.00 sec. (4.03 ticks)
Represolve time = 0.03 sec. (32.77 ticks)
  20674     0   116995.2222   297    93611.0000     Cuts: 119  1258524   22.78%
  20674     0   116871.7642   291    93611.0000      Cuts: 79  1258624   22.78%
  20674     0   116835.7276   302    93611.0000      Cuts: 96  1258698   22.78%
  20674     0   116818.5343   291    93611.0000      Cuts: 78  1258778   22.78%
  20674     0   116785.2418   295    93611.0000     Cuts: 150  1258876   22.78%
  20674     0   116759.3737   314    93611.0000      Cuts: 94  1258979   22.78%
  20674     0   116743.6241   305    93611.0000      Cuts: 78  1259069   22.78%
  20674     0   116729.1995   319    93611.0000      Cuts: 90  1259149   22.78%
  20674     0   116716.0378   317    93611.0000      Cuts: 61  1259241   22.78%
  20674     0   116716.0285   331    93611.0000     Cuts: 116  1259285   22.78%
  20674     2   116716.0285   324    93611.0000   114933.2927  1259285   22.78%
  20679     7   115951.4629   282    93611.0000   114933.2927  1259949   22.78%
Elapsed time = 33.18 sec. (85476.20 ticks, tree = 0.01 MB, solutions = 8)
  20697    22   116665.9577   265    93611.0000   114933.2927  1262641   22.78%
  20734    54    infeasible          93611.0000   114933.2927  1265416   22.78%
  20889   191   111394.3070    90    93611.0000   114933.2927  1270459   22.78%
  21158   426   101427.2707    98    93611.0000   114933.2927  1279006   22.78%
  21391   621   108273.3663   148    93611.0000   114933.2927  1287967   22.78%
  21712   904   112188.2804   214    93611.0000   114933.2927  1297789   22.78%
  21962  1101   109276.6026    92    93611.0000   114933.2927  1308507   22.78%
  22237  1326   113883.0094   224    93611.0000   114933.2927  1319976   22.78%
  22497  1526   106105.6955   163    93611.0000   114933.2927  1332265   22.78%
  23525  2339   110268.5000   164    93611.0000   114933.2927  1381605   22.78%
Elapsed time = 37.72 sec. (97902.43 ticks, tree = 20.61 MB, solutions = 8)
  24605  3204    98089.3294   169    93611.0000   114933.2927  1429548   22.78%
  25732  4088   114577.7500   170    93611.0000   114933.2927  1486388   22.78%
  26800  4942   112712.7462    98    93611.0000   114933.2927  1533361   22.78%
  27826  5697   110475.4590   139    93611.0000   114901.5000  1583737   22.74%
  28950  6511   113337.8593   194    93611.0000   114751.2143  1631915   22.58%
  30135  7411   110480.7281    95    93611.0000   114592.3750  1678624   22.41%
  31245  8255   112255.2911   237    93611.0000   114486.1389  1726347   22.30%
  32269  9023   110968.0333   186    93611.0000   114401.3611  1772308   22.21%
  33399  9867   111919.1657   255    93611.0000   114342.0000  1827901   22.15%
  34416 10603   113164.9267   229    93611.0000   114296.4540  1876183   22.10%
Elapsed time = 52.73 sec. (136102.54 ticks, tree = 91.63 MB, solutions = 8)
  35420 11343    99560.6810    28    93611.0000   114225.8269  1923933   22.02%
  36475 12113    94703.6218   207    93611.0000   114179.8750  1972223   21.97%
  37543 12913   100679.8954   182    93611.0000   114138.8000  2020817   21.93%
  38657 13766   111920.1667   188    93611.0000   114086.4800  2070259   21.87%
  39819 14673   107076.0625   200    93611.0000   114047.9062  2117234   21.83%
  40885 15498    99692.5334   171    93611.0000   114013.4892  2160519   21.79%
  42002 16370   104390.1715   140    93611.0000   113981.0833  2205436   21.76%
  43097 17182    99195.8860   112    93611.0000   113933.5000  2251194   21.71%
  44035 17859   109918.5714   164    93611.0000   113895.5972  2298505   21.67%
  45004 18600   112235.0214   229    93611.0000   113863.9419  2343984   21.64%
Elapsed time = 67.95 sec. (174267.68 ticks, tree = 171.49 MB, solutions = 8)
  46042 19375   112962.3528   237    93611.0000   113821.8738  2389760   21.59%
  47020 20103   113336.4907   283    93611.0000   113779.7616  2434669   21.55%
  48030 20889   106877.3615    56    93611.0000   113744.4070  2479160   21.51%
  48984 21587   107466.8719    80    93611.0000   113716.6100  2524894   21.48%
  50072 22406   101915.2007    83    93611.0000   113690.3456  2586305   21.45%
  51060 23152   111774.4341   268    93611.0000   113666.1533  2630115   21.42%
  52002 23858   111641.4727   109    93611.0000   113639.7529  2673112   21.40%
  53033 24622        cutoff          93611.0000   113609.1282  2718181   21.36%
  54035 25377   107351.1910   176    93611.0000   113589.6557  2765016   21.34%
  54994 26061    infeasible          93611.0000   113565.8400  2811372   21.32%
Elapsed time = 83.12 sec. (212438.31 ticks, tree = 249.66 MB, solutions = 8)
  55980 26802   100171.2500   213    93611.0000   113537.7228  2859390   21.29%
  56935 27526   113381.5948   262    93611.0000   113517.2031  2906782   21.26%
  57976 28326    infeasible          93611.0000   113498.1556  2951015   21.24%
  59011 29101   101230.4667   145    93611.0000   113474.0000  3004299   21.22%
  60096 29900   113078.0202   201    93611.0000   113450.5000  3064947   21.19%
  61141 30676   107661.2391   155    93611.0000   113428.5000  3113275   21.17%
  62109 31384   110976.4029   177    93611.0000   113407.6667  3164119   21.15%
  63129 32125   112137.0000   147    93611.0000   113385.1272  3211215   21.12%
  64093 32845   111654.7073   163    93611.0000   113372.5097  3261850   21.11%
  65092 33580    94670.6727   136    93611.0000   113349.2157  3311249   21.09%
Elapsed time = 98.11 sec. (250634.81 ticks, tree = 325.69 MB, solutions = 8)
  66264 34439   100279.0909    67    93611.0000   113324.5833  3378046   21.06%
  67284 35170    98449.3611   162    93611.0000   113302.8690  3432548   21.04%
  68291 35904   111638.9586   189    93611.0000   113282.4951  3485567   21.01%
  69263 36625   110788.2867   231    93611.0000   113267.7857  3535879   21.00%
  70296 37362        cutoff          93611.0000   113244.4286  3584600   20.97%
  71348 38130   110576.8832   237    93611.0000   113221.8636  3640594   20.95%
  72355 38856   113070.3625   264    93611.0000   113197.5296  3697107   20.92%
  73397 39624   110795.8462   134    93611.0000   113171.6638  3762950   20.90%
  74560 40496    98648.8359   124    93611.0000   113150.4544  3832186   20.87%
  75694 41319   105282.6311    53    93611.0000   113128.9733  3902415   20.85%
Elapsed time = 113.00 sec. (288805.29 ticks, tree = 362.80 MB, solutions = 8)
  76805 42124   111810.9709   168    93611.0000   113110.9368  3971761   20.83%
  77887 42902   110548.8333   188    93611.0000   113086.6176  4039978   20.80%
  78967 43687   111243.8452   213    93611.0000   113063.8039  4100515   20.78%
  80091 44491   112474.6801   219    93611.0000   113040.6444  4166571   20.76%
  81243 45326   107288.2894   166    93611.0000   113024.7500  4236392   20.74%
  82353 46119   109814.5326   179    93611.0000   113004.3431  4303576   20.72%
  83421 46880    infeasible          93611.0000   112984.6702  4374079   20.70%
  84495 47647   110985.1667   185    93611.0000   112968.1250  4444141   20.68%
  85470 48328    98434.7312   109    93611.0000   112949.4494  4494813   20.66%
  86458 49011   110323.4810   178    93611.0000   112927.0342  4548145   20.63%
Elapsed time = 127.98 sec. (326992.73 ticks, tree = 379.19 MB, solutions = 8)
  87583 49822   109693.7500   149    93611.0000   112903.3542  4616601   20.61%
  88696 50624   105746.1250   112    93611.0000   112886.9652  4683681   20.59%
  89740 51356   103161.0150    91    93611.0000   112866.0538  4752438   20.57%
  90903 52192   110033.6607   226    93611.0000   112844.8591  4822699   20.55%
  91867 52876   106253.0000   102    93611.0000   112828.1000  4887163   20.53%
  92852 53559   105393.5085   128    93611.0000   112809.8979  4941952   20.51%
  93864 54259   103034.7500   146    93611.0000   112794.5333  4994734   20.49%
  94831 54890   110338.2596   238    93611.0000   112779.5735  5058063   20.48%
  95866 55624   112613.0000   145    93611.0000   112767.0152  5121874   20.46%
  96969 56404   109132.2563   213    93611.0000   112750.4028  5190742   20.45%
Elapsed time = 142.88 sec. (365161.78 ticks, tree = 393.82 MB, solutions = 8)
  98103 57228   104300.0407   123    93611.0000   112734.4333  5253562   20.43%
  99223 58032   111006.3586   208    93611.0000   112720.8972  5322969   20.41%
 100309 58779   106302.5718   125    93611.0000   112705.0000  5391046   20.40%
 101397 59537   108552.8706   234    93611.0000   112689.6667  5455875   20.38%
 102488 60263        cutoff          93611.0000   112675.9170  5525513   20.37%
 103524 60957   111029.0000   187    93611.0000   112660.8004  5592162   20.35%
 104561 61675   105472.9999   184    93611.0000   112645.3125  5654906   20.33%
 105640 62411   110015.1351   198    93611.0000   112630.5000  5724268   20.32%
 106725 63145        cutoff          93611.0000   112617.8000  5791625   20.30%
 107822 63925    97400.9180   115    93611.0000   112604.2734  5859106   20.29%
Elapsed time = 157.72 sec. (403330.59 ticks, tree = 403.85 MB, solutions = 8)
 108932 64715   111871.8400   196    93611.0000   112591.2294  5927242   20.28%
 109967 65409   112127.3919   205    93611.0000   112578.5058  5988416   20.26%
 111057 66194   106112.2500   109    93611.0000   112566.5556  6050028   20.25%
 112129 66947        cutoff          93611.0000   112553.8667  6116236   20.24%
 113197 67674   109015.8000   134    93611.0000   112539.5352  6185256   20.22%
 114233 68368   108357.9223   193    93611.0000   112527.9697  6248064   20.21%
 115288 69114   101656.4392   150    93611.0000   112516.2000  6303156   20.20%
 116315 69822   109486.3512   102    93611.0000   112500.9833  6367445   20.18%
 117267 70419   100765.9434   170    93611.0000   112488.7890  6431987   20.17%
 118276 71085        cutoff          93611.0000   112476.1250  6497025   20.15%
Elapsed time = 172.63 sec. (441533.85 ticks, tree = 425.44 MB, solutions = 8)
 119366 71813   110598.3030   114    93611.0000   112463.0286  6565192   20.14%
 120329 72451   109320.8529   170    93611.0000   112447.3333  6625512   20.12%
 121329 73117   109587.6500   216    93611.0000   112436.2952  6693469   20.11%
Starting limited solution polishing.
 122387 73849   108600.8333   104    93611.0000   112425.0000  6760660   20.10%
 123463 74623    94933.4043    92    93611.0000   112411.8571  6826748   20.08%
 124528 75352   103219.9276   152    93611.0000   112400.6251  6891279   20.07%
 125003 75675   110573.1204   138    93611.0000   112393.6250  6922828   20.06%
 125374 75942   108158.1846   173    93611.0000   112390.4859  6945096   20.06%
 125774 76212   110943.8750   199    93611.0000   112385.6667  6971276   20.06%
 126174 76493   105962.7071   166    93611.0000   112382.7500  6993574   20.05%
Elapsed time = 188.75 sec. (481433.35 ticks, tree = 431.61 MB, solutions = 8)
 126774 76899   111143.1667   164    93611.0000   112373.5000  7030232   20.04%
 127174 77165   100495.7596   109    93611.0000   112369.5868  7053660   20.04%
 127664 77512   110865.3258   179    93611.0000   112365.3892  7081708   20.03%
 128074 77780   111617.0477   194    93611.0000   112359.7000  7105766   20.03%
 128306 77931   107037.3000   174    93611.0000   112356.7945  7121555   20.03%

GUB cover cuts applied:  6
Clique cuts applied:  3
Cover cuts applied:  219
Implied bound cuts applied:  23
Flow cuts applied:  30
Mixed integer rounding cuts applied:  599
Zero-half cuts applied:  167
Lift and project cuts applied:  34
Gomory fractional cuts applied:  9

Root node processing (before b&c):
  Real time             =    0.21 sec. (419.74 ticks)
Sequential b&c:
  Real time             =  197.79 sec. (503814.31 ticks)
                          ------------
Total (root+branch&cut) =  198.00 sec. (504234.04 ticks)
[CPLEX] Status: time limit exceeded
[CPLEX] OPTIMAL OBJ: 93611.0
[CPLEX] Runtime: 198.003 sec
Vehicle 0: d → 16 → 30 → 20 → 12 → 6 → 0 → 15 → 29 → 25 → 13 → 26 → 19 → 4 → 24 → 9 → 14 → 21 → 8 → 17 → 7 → 27 → d, (requests = [5, 6, 7, 11, 12, 16])
Vehicle 1: d → 22 → 27 → 3 → 10 → 7 → 17 → 8 → 21 → 14 → 9 → 28 → 4 → 19 → 26 → 13 → 25 → 29 → 15 → 6 → 12 → 20 → 18 → d, (requests = [0, 1, 2, 3, 4, 8, 10, 13, 14, 17])
Vehicle 2: d → 4 → 19 → 26 → 13 → 25 → 15 → 11 → d, (requests = [15])
======== PPDSP OBJECTIVE ========
Profit    = 116616
Cost      = 23005
Objective = 93611
=================================
===== RAW XY MODEL =====
16 153 193 252 274 303 391 443 470 510 543 552 613 653 681 778 814 852 896 954 981 1009 1131 1172 1229 1266 1302 1341 1352 1429 1466 1482 1511 1577 1632 1659 1683 1711 1756 1854 1870 1892 1925 1968 2039 2340 2576 2634 2684 2827 3008 3038 3189 2050 2052 2054 2056 2058 2059 2061 2063 2066 3230 3232 3235 3239 3242 3246 3247 3251
  [Time Manager] Step 2 consumed 198.00s. Total Consumed: 240.91s.
  [Info] Saved 3252 core assumption literals to p1_A-n32-k5_r18v3k2.lp.asm

[3/6] Building & Solving: R=27, V=5, K=3
Default row names c1, c2 ... being created.
  [Info] Generating MIP Formulation...
  [Time Manager] Global Remaining Budget: 3359.09s | Future Weight Sum: 4173.0
  [Time Manager] Recalibrated Budget for this step: 495.05s
[CPLEX] Setting time limit to 495 seconds
[CPLEX] Reading assumption from p1_A-n32-k5_r18v3k2.lp.asm ...
[CPLEX] Applying MIP Start with 3126 variables.
Version identifier: 22.1.1.0 | 2022-11-28 | 9160aff4d
CPXPARAM_Read_DataCheck                          1
CPXPARAM_Threads                                 1
CPXPARAM_TimeLimit                               495
1 of 1 MIP starts provided solutions.
MIP start 'm1' defined initial solution with objective 102630.0000.
Tried aggregator 1 time.
MIP Presolve eliminated 50 rows and 4265 columns.
MIP Presolve modified 2770 coefficients.
Reduced MIP has 2662 rows, 1305 columns, and 12325 nonzeros.
Reduced MIP has 995 binaries, 310 generals, 0 SOSs, and 0 indicators.
Presolve time = 0.00 sec. (7.54 ticks)
Probing time = 0.00 sec. (2.58 ticks)
Tried aggregator 1 time.
Detecting symmetries...
Reduced MIP has 2662 rows, 1305 columns, and 12325 nonzeros.
Reduced MIP has 995 binaries, 310 generals, 0 SOSs, and 0 indicators.
Presolve time = 0.00 sec. (7.94 ticks)
Probing time = 0.00 sec. (2.57 ticks)
Clique table members: 567.
MIP emphasis: balance optimality and feasibility.
MIP search method: dynamic search.
Parallel mode: none, using 1 thread.
Root relaxation solution time = 0.01 sec. (30.30 ticks)

        Nodes                                         Cuts/
   Node  Left     Objective  IInf  Best Integer    Best Bound    ItCnt     Gap

*     0+    0                       102630.0000   920485.0000           796.90%
      0     0   177457.3284   162   102630.0000   177457.3284      708   72.91%
      0     0   177088.8621   150   102630.0000     Cuts: 184      856   72.55%
      0     0   176932.0000   180   102630.0000     Cuts: 170     1017   72.40%
      0     0   176902.3136   253   102630.0000      Cuts: 36     1126   72.37%
      0     0   176886.5588   296   102630.0000      Cuts: 93     1227   72.35%
      0     0   176882.4252   310   102630.0000      Cuts: 74     1249   72.35%
      0     0   176794.0313   285   102630.0000      Cuts: 56     1429   72.26%
      0     0   176722.0702   261   102630.0000      Cuts: 79     1489   72.19%
      0     0   176552.4327   319   102630.0000      Cuts: 64     1677   72.03%
      0     0   176489.7500   203   102630.0000      Cuts: 84     1776   71.97%
      0     0   176453.5000    97   102630.0000      Cuts: 59     1826   71.93%
      0     0   176427.5000   119   102630.0000      Cuts: 68     1996   71.91%
      0     0   176417.2143   229   102630.0000      Cuts: 36     2082   71.90%
      0     2   176417.2143   229   102630.0000   176416.7500     2082   71.90%
Elapsed time = 0.40 sec. (901.36 ticks, tree = 0.01 MB, solutions = 1)
     15    17   175499.5144   107   102630.0000   176410.5714     4563   71.89%
     44    40   173895.1995    93   102630.0000   176410.5714     6920   71.89%
     80    72   174363.4927   166   102630.0000   176251.1304    10594   71.73%
    107    93   174300.6673   184   102630.0000   176251.1304    13103   71.73%
    149   128   165921.5409    85   102630.0000   176213.0780    16638   71.70%
    180   151   175981.9331   187   102630.0000   176166.6395    20346   71.65%
    197   164   173019.4041    80   102630.0000   176166.6395    23533   71.65%
    240   193   176065.2929   301   102630.0000   176155.2000    26873   71.64%
    284   229   175853.0013   217   102630.0000   176154.0000    30444   71.64%
    416   322    infeasible         102630.0000   176135.2000    43652   71.62%
Elapsed time = 1.66 sec. (4056.00 ticks, tree = 0.34 MB, solutions = 1)
    556   420   167127.5638    99   102630.0000   176098.3579    56861   71.59%
    720   557   175707.0934    95   102630.0000   176094.9782    68982   71.58%
    866   660   175420.5557   303   102630.0000   176071.8170    82747   71.56%

Performing restart 1

Repeating presolve.
Tried aggregator 1 time.
MIP Presolve modified 100 coefficients.
Reduced MIP has 2662 rows, 1305 columns, and 12325 nonzeros.
Reduced MIP has 995 binaries, 310 generals, 0 SOSs, and 0 indicators.
Presolve time = 0.00 sec. (6.48 ticks)
Tried aggregator 1 time.
Reduced MIP has 2662 rows, 1305 columns, and 12325 nonzeros.
Reduced MIP has 995 binaries, 310 generals, 0 SOSs, and 0 indicators.
Presolve time = 0.00 sec. (8.21 ticks)
Represolve time = 0.02 sec. (26.04 ticks)
   1022     0   176378.8864   112   102630.0000     Cuts: 195    98111   71.54%
   1022     0   176332.2000   198   102630.0000      Cuts: 75    98291   71.54%
   1022     0   176317.9174   238   102630.0000     Cuts: 195    98649   71.54%
   1022     0   176314.3333   292   102630.0000      Cuts: 75    98753   71.54%
   1022     0   176304.1426   396   102630.0000      Cuts: 73    98928   71.54%
   1022     0   176268.4166   446   102630.0000     Cuts: 178    99141   71.54%
   1022     0   176260.4270   335   102630.0000      Cuts: 51    99233   71.54%
   1022     0   176235.6897   436   102630.0000      Cuts: 60    99428   71.54%
*  1022+    0                       102736.0000   176056.6227            71.37%
   1022     0   176232.4578   449   102736.0000      Cuts: 99    99538   71.37%
   1022     2   176232.4578   437   102736.0000   176056.6227    99538   71.37%
   1025     5   176230.3954   313   102736.0000   176056.6227    99747   71.37%
   1028     8   176044.5346   139   102736.0000   176056.6227   100596   71.37%
   1031    10   175253.7482   332   102736.0000   176056.6227   101922   71.37%
   1034    12   172705.5511   334   102736.0000   176056.6227   102011   71.37%
   1038    16   172625.1419   226   102736.0000   176056.6227   102179   71.37%
   1041    19   171642.6667   182   102736.0000   176056.6227   103513   71.37%
Elapsed time = 6.63 sec. (18012.66 ticks, tree = 0.07 MB, solutions = 2)
   1046    22   171232.7907   211   102736.0000   176056.6227   104595   71.37%
   1055    25   170523.6656   243   102736.0000   176056.6227   106352   71.37%
   1065    28   175264.5769   141   102736.0000   176056.6227   109321   71.37%
   1074    36   173906.6202   169   102736.0000   176056.6227   111315   71.37%
   1080    36   175772.7659   443   102736.0000   176056.6227   114491   71.37%
   1087    43   174845.3536   276   102736.0000   176056.6227   116755   71.37%
   1107    59   174536.1695   137   102736.0000   176056.6227   120099   71.37%
   1114    66   174317.7521   428   102736.0000   176056.6227   121449   71.37%
   1129    81   174239.3995   314   102736.0000   176056.6227   122638   71.37%
   1158   110   167892.4169   265   102736.0000   176056.6227   126533   71.37%
Elapsed time = 10.06 sec. (28367.66 ticks, tree = 0.21 MB, solutions = 2)
   1201   150   153982.4763   181   102736.0000   176056.6227   131064   71.37%
   1291   240   145844.5854   160   102736.0000   176056.6227   133666   71.37%
   1342   281   175706.0000   160   102736.0000   176056.6227   139257   71.37%
   1385   314   175198.3638   209   102736.0000   176056.6227   147987   71.37%
   1438   362   164315.7166   233   102736.0000   176056.6227   154223   71.37%
   1486   397   175279.5484   187   102736.0000   176056.6227   164117   71.37%
   1542   445   174402.8505   182   102736.0000   176056.6227   174373   71.37%
   1596   483   172116.5085   368   102736.0000   176056.6227   185448   71.37%
   1698   556   175984.1580   146   102736.0000   176056.6227   193533   71.37%
   1727   573   174834.5890   183   102736.0000   176056.6227   203820   71.37%
Elapsed time = 13.64 sec. (38125.29 ticks, tree = 0.63 MB, solutions = 2)
   1797   615   175985.9394   128   102736.0000   176056.6227   216016   71.37%
   1827   631   174566.3778   232   102736.0000   176055.9561   227627   71.37%
   1898   681   171524.6689   327   102736.0000   176023.2256   239574   71.34%
   1959   726   175793.4215   163   102736.0000   176014.1277   250742   71.33%
   2009   762   173314.2686   235   102736.0000   176005.3272   261384   71.32%
   2116   855   172278.4453   332   102736.0000   176002.6250   271785   71.32%
   2207   934   175175.2616   313   102736.0000   175985.1327   283501   71.30%
   2287   996   174280.3739   168   102736.0000   175966.2719   295258   71.28%
   2323  1018   173344.4407   187   102736.0000   175933.3880   307184   71.25%
   2406  1086   175889.2470   204   102736.0000   175923.3767   318080   71.24%
Elapsed time = 17.30 sec. (48051.14 ticks, tree = 1.17 MB, solutions = 2)
   2488  1164   172154.2990   267   102736.0000   175923.3253   327416   71.24%
   2536  1198   173318.8095   332   102736.0000   175904.3459   337805   71.22%
   2622  1275   175364.2975   228   102736.0000   175902.1875   347442   71.22%
   2700  1332   175613.3166   279   102736.0000   175892.1370   358691   71.21%
   2784  1394   174850.1449   156   102736.0000   175876.3059   370910   71.19%
   2861  1459   174530.2069   247   102736.0000   175870.7250   381985   71.19%
   2913  1495   175048.3435   223   102736.0000   175863.8121   391350   71.18%
   2952  1512   174306.5102   195   102736.0000   175853.9206   401766   71.17%
   3006  1540   172429.9366   324   102736.0000   175840.0271   414177   71.16%
   3071  1582   174817.1376   129   102736.0000   175832.1780   425648   71.15%
Elapsed time = 20.91 sec. (57746.69 ticks, tree = 1.69 MB, solutions = 2)
   3166  1654   175494.4706   352   102736.0000   175825.0000   437724   71.14%
   3257  1732   174770.0751   195   102736.0000   175823.5208   449373   71.14%
   3315  1767    infeasible         102736.0000   175809.3850   461572   71.13%
   3379  1818   172784.9395   177   102736.0000   175800.8397   473815   71.12%
   3465  1878   174623.9011   213   102736.0000   175793.7384   485560   71.11%
   3547  1947   175297.8728   359   102736.0000   175792.7959   497165   71.11%
   3638  2017   172799.7452   156   102736.0000   175772.5767   509431   71.09%
   3752  2110   175471.5000   252   102736.0000   175768.2401   520896   71.09%
   3830  2164   174945.7459   183   102736.0000   175760.8883   532927   71.08%
   3913  2236   173262.2621   154   102736.0000   175755.1975   544885   71.07%
Elapsed time = 24.51 sec. (67459.75 ticks, tree = 2.38 MB, solutions = 2)
   3975  2282   168804.3881   172   102736.0000   175744.1516   557134   71.06%
   4078  2364   174990.8625   172   102736.0000   175729.4598   568862   71.05%
   4124  2390   175354.7358   133   102736.0000   175714.8463   579851   71.04%
   4194  2440   164182.9849   164   102736.0000   175705.3327   591516   71.03%
   4255  2489   171154.0480   246   102736.0000   175703.5556   602617   71.02%
   4335  2550    infeasible         102736.0000   175701.2203   615619   71.02%
   4383  2582    infeasible         102736.0000   175693.1464   627516   71.01%
   4481  2653   174782.1099   269   102736.0000   175679.0553   639517   71.00%
   4535  2685   174798.0645   262   102736.0000   175673.6407   651445   71.00%
   4605  2741   175246.5000   155   102736.0000   175672.0839   664073   70.99%
Elapsed time = 28.05 sec. (77161.59 ticks, tree = 2.87 MB, solutions = 2)
   4725  2844    infeasible         102736.0000   175668.8333   675917   70.99%
   4803  2908   169945.8787   164   102736.0000   175665.6303   688329   70.99%
   4857  2941   173956.3380   230   102736.0000   175657.5010   699328   70.98%
   4927  2999   171238.8300   178   102736.0000   175651.1166   711050   70.97%
   5049  3103   174710.8548   114   102736.0000   175649.7703   724732   70.97%
   5114  3154   174858.1064   286   102736.0000   175647.7525   736536   70.97%
   5225  3251   168786.9010   167   102736.0000   175646.2304   748230   70.97%
   5342  3343   175527.5852   229   102736.0000   175643.0402   759364   70.97%
   5397  3378   170011.7604   102   102736.0000   175640.1923   771400   70.96%
   5578  3537   174828.5305   323   102736.0000   175638.6733   782712   70.96%
Elapsed time = 31.68 sec. (86867.56 ticks, tree = 3.67 MB, solutions = 2)
   5630  3573   174105.9804   223   102736.0000   175632.0645   794965   70.95%
   5717  3635   169195.4312   210   102736.0000   175625.4041   806859   70.95%
   5785  3675   172002.6229   175   102736.0000   175618.7424   818765   70.94%
   5914  3770   175018.7942   273   102736.0000   175611.0429   831245   70.93%
   5993  3836   171818.2020   172   102736.0000   175606.4737   843175   70.93%
   6061  3894   173761.5102   248   102736.0000   175605.3940   854581   70.93%
   6143  3948   172490.5722   257   102736.0000   175597.1870   866797   70.92%
   6196  3981   171452.5390   225   102736.0000   175589.7768   878324   70.91%
   6273  4030    infeasible         102736.0000   175582.6933   890504   70.91%
   6522  4196   175380.0000   232   102736.0000   175566.7920   937585   70.89%
Elapsed time = 36.36 sec. (99426.82 ticks, tree = 4.46 MB, solutions = 2)
   6740  4326    infeasible         102736.0000   175555.1946   980659   70.88%
   7004  4527   173224.0074   159   102736.0000   175546.8535  1028109   70.87%
   7332  4773   156084.6667   137   102736.0000   175525.6116  1076361   70.85%
   7738  5075    infeasible         102736.0000   175509.4359  1125514   70.84%
   8100  5369   175008.9298   248   102736.0000   175494.0457  1174728   70.82%
   8470  5646   170342.3396   175   102736.0000   175489.1002  1223412   70.82%
   8730  5805   172640.4840   226   102736.0000   175473.1805  1271536   70.80%
   9031  6038   173203.4110   316   102736.0000   175457.9019  1321574   70.79%
   9295  6247   171457.1790   190   102736.0000   175453.0012  1371957   70.78%
   9659  6531   170697.9011   229   102736.0000   175441.2498  1420034   70.77%
Elapsed time = 50.57 sec. (137664.05 ticks, tree = 6.87 MB, solutions = 2)
   9978  6769   174089.4689   221   102736.0000   175422.6250  1469626   70.75%
  10305  7009   172287.5305   167   102736.0000   175410.8555  1518180   70.74%
  10645  7275   168645.5288   203   102736.0000   175398.1593  1567714   70.73%
  10910  7456   173405.5206   385   102736.0000   175379.6765  1615483   70.71%
  11155  7631   171236.7161   169   102736.0000   175363.1703  1661840   70.69%
* 11242+ 7696                       102912.0000   175360.0027            70.40%
* 11242+ 7696                       102954.0000   175360.0027            70.33%
* 11242+ 7696                       103120.0000   175360.0027            70.05%
* 11242+ 7696                       103162.0000   175360.0027            69.99%
* 11242+ 7696                       104759.0000   175360.0027            67.39%
* 11243+ 7697                       109520.0000   175360.0027            60.12%
* 11243+ 7697                       109652.0000   175360.0027            59.92%
* 11243+ 7697                       109959.0000   175360.0027            59.48%
* 11243+ 7697                       110001.0000   175360.0027            59.42%
* 11243+ 7697                       110103.0000   175360.0027            59.27%
* 11243+ 7697                       113812.0000   175360.0027            54.08%
* 11243+ 7697                       118531.0000   175360.0027            47.94%
* 11243+ 7697                       119008.0000   175360.0027            47.35%
* 11243+ 7697                       119286.0000   175360.0027            47.01%
  11243  7699   174345.5000   185   119286.0000   175359.9148  1675531   47.01%
* 11244+ 7698                       122265.0000   175359.9148            43.43%
* 11244+ 7698                       124909.0000   175359.9148            40.39%
* 11244+ 7698                       125109.0000   175359.9148            40.17%
* 11244+ 7698                       125146.0000   175359.9148            40.12%
  11244  7700   173116.5007   259   125146.0000   175358.4482  1676772   40.12%
  11486  7869   173808.9795   214   125146.0000   175347.6911  1721499   40.11%
  11818  8125   168541.9384   196   125146.0000   175334.8696  1766966   40.10%
  12113  8347   173668.8846   234   125146.0000   175324.8077  1813328   40.10%
Elapsed time = 67.44 sec. (180002.35 ticks, tree = 9.16 MB, solutions = 20)
  12492  8660   171651.4288   295   125146.0000   175319.0578  1863630   40.09%
  12784  8901   172824.5528   146   125146.0000   175312.3333  1912991   40.09%
  13071  9129   172333.9285   210   125146.0000   175303.1136  1958389   40.08%
  13374  9364   174594.1158   261   125146.0000   175291.1429  2004632   40.07%
  13678  9607   174391.5412   194   125146.0000   175281.0530  2052938   40.06%
  13973  9846   170117.1210   149   125146.0000   175271.5000  2100781   40.05%
  14252 10061   174190.7045   225   125146.0000   175260.7121  2149749   40.04%
  14598 10343   173088.5333   220   125146.0000   175251.3680  2197987   40.04%
  14904 10589   174769.2750   208   125146.0000   175241.7787  2242791   40.03%
  15171 10797   172520.5000   254   125146.0000   175234.8750  2285726   40.02%
Elapsed time = 81.95 sec. (218347.62 ticks, tree = 11.64 MB, solutions = 20)
  15407 10978   173666.0000   227   125146.0000   175225.1550  2330783   40.02%
  15699 11213   172444.7488   281   125146.0000   175213.5105  2375798   40.01%
  16001 11462   171331.3591   240   125146.0000   175209.9278  2425731   40.00%
  16346 11737   171925.7982   225   125146.0000   175202.1267  2473697   40.00%
  16648 11979   175100.5476   229   125146.0000   175193.3525  2521099   39.99%
  16974 12251   167309.3891   283   125146.0000   175181.8816  2569969   39.98%
  17285 12504   173904.0029   273   125146.0000   175175.1054  2614237   39.98%
  17510 12655   174227.5313   309   125146.0000   175168.3538  2661244   39.97%
  17822 12906   170778.8012   165   125146.0000   175161.9370  2709500   39.97%
  18099 13102   173128.6455   219   125146.0000   175149.9178  2758170   39.96%
Elapsed time = 96.42 sec. (256697.59 ticks, tree = 14.06 MB, solutions = 20)
  18413 13363   173451.4374   177   125146.0000   175145.2486  2806950   39.95%
  18713 13598   172646.3373   277   125146.0000   175137.8546  2855675   39.95%
  18958 13783   174889.7184   310   125146.0000   175131.5455  2903928   39.94%
  19278 14027   173843.0089   211   125146.0000   175122.3157  2950285   39.93%
  19574 14274   174287.7000   317   125146.0000   175116.2175  2996374   39.93%
  19881 14514   173353.3810   225   125146.0000   175110.0715  3040885   39.92%
  20221 14791   174517.9520   254   125146.0000   175103.5515  3088355   39.92%
  20544 15042   173914.8005   224   125146.0000   175095.9583  3135963   39.91%
  20854 15287   173816.9917   251   125146.0000   175091.5000  3182779   39.91%
  21119 15478   172654.2503   210   125146.0000   175075.2846  3228613   39.90%
Elapsed time = 110.91 sec. (295051.12 ticks, tree = 16.54 MB, solutions = 20)
  21398 15672    infeasible         125146.0000   175068.4764  3275730   39.89%

Performing restart 2

Repeating presolve.
Tried aggregator 1 time.
MIP Presolve modified 950 coefficients.
Reduced MIP has 2662 rows, 1305 columns, and 18050 nonzeros.
Reduced MIP has 995 binaries, 310 generals, 0 SOSs, and 0 indicators.
Presolve time = 0.01 sec. (11.99 ticks)
Tried aggregator 1 time.
Reduced MIP has 2662 rows, 1305 columns, and 18050 nonzeros.
Reduced MIP has 995 binaries, 310 generals, 0 SOSs, and 0 indicators.
Presolve time = 0.01 sec. (11.04 ticks)
Represolve time = 0.04 sec. (58.35 ticks)
  21686     0   176216.7197   374   125146.0000     Cuts: 157  3312259   39.89%
  21686     0   176197.2951   341   125146.0000      Cuts: 63  3312453   39.89%
  21686     0   176192.9130   356   125146.0000      Cuts: 87  3312504   39.89%
  21686     0   176191.5250   362   125146.0000      Cuts: 28  3312589   39.89%
  21686     0   176191.5250   365   125146.0000      Cuts: 37  3312612   39.89%
  21686     0   176191.5250   366   125146.0000      Cuts: 32  3312630   39.89%
  21686     0   176191.5250   368   125146.0000      Cuts: 22  3312652   39.89%
  21686     2   176191.5250   359   125146.0000   175062.1349  3312652   39.89%
  21694    10   174862.4932   290   125146.0000   175062.1349  3315096   39.89%
  21735    43   173593.9063   325   125146.0000   175062.1349  3326797   39.89%
  21821   115   173237.9160   264   125146.0000   175062.1349  3340594   39.89%
  22047   313   173899.0000   187   125146.0000   175062.1349  3368723   39.89%
  22307   535   175148.0145   198   125146.0000   175062.1349  3410322   39.89%
  22527   723   173881.6667   194   125146.0000   175062.1349  3447359   39.89%
  22827   971   169311.9927    96   125146.0000   175062.1349  3492029   39.89%
  23213  1298   175504.7445   178   125146.0000   175062.1349  3536717   39.89%
Elapsed time = 126.17 sec. (336904.54 ticks, tree = 1.75 MB, solutions = 20)
  23628  1666    infeasible         125146.0000   175062.1349  3582927   39.89%
  23936  1916   173680.1610   210   125146.0000   175062.1349  3632792   39.89%
  24265  2200    infeasible         125146.0000   175062.1349  3680436   39.89%
  24576  2477   170861.6971   100   125146.0000   175062.1349  3728722   39.89%
  24950  2807   170392.7742   220   125146.0000   175062.1349  3778443   39.89%
  25319  3122   167989.6587   188   125146.0000   175062.1349  3826084   39.89%
  25603  3364   161003.2078   205   125146.0000   175062.1349  3875350   39.89%
  25943  3645   173578.7985   141   125146.0000   175062.1349  3916820   39.89%
  26276  3915   174940.7000   182   125146.0000   175062.1349  3959887   39.89%
  26598  4199   168782.7855   108   125146.0000   175062.1349  4008478   39.89%
Elapsed time = 140.58 sec. (375166.24 ticks, tree = 4.90 MB, solutions = 20)
  26887  4435   174987.1681   289   125146.0000   175062.1349  4057656   39.89%
  27231  4725   174489.5575   192   125146.0000   175062.1349  4103109   39.89%
  27583  5020   174385.8192   329   125146.0000   175062.1349  4150847   39.89%
  27858  5245    infeasible         125146.0000   175062.1349  4194418   39.89%
  28194  5527   175051.6818   232   125146.0000   175062.1349  4240058   39.89%
  28454  5740   166472.6861   268   125146.0000   175062.1349  4285065   39.89%
  28796  6030   173837.4893   239   125146.0000   175062.1349  4331222   39.89%
  29141  6326   163527.4901   178   125146.0000   175062.1349  4376081   39.89%
  29389  6524   174624.3221   269   125146.0000   175062.1349  4422726   39.89%
  29710  6809   174099.9074   227   125146.0000   175062.1349  4466209   39.89%
Elapsed time = 155.14 sec. (413495.12 ticks, tree = 7.71 MB, solutions = 20)
  29986  7033    infeasible         125146.0000   175062.1349  4514373   39.89%
  30303  7307   162446.1947   181   125146.0000   175062.1349  4561934   39.89%
  30553  7516    infeasible         125146.0000   175062.1349  4609176   39.89%
  30883  7819   174562.8211   185   125146.0000   175062.1349  4655431   39.89%
  31123  8031   174676.8181   166   125146.0000   175062.1349  4699777   39.89%
  31494  8372   169027.1889   233   125146.0000   175062.1349  4745023   39.89%
  31796  8621   173264.0343   221   125146.0000   175062.1349  4791026   39.89%
  32029  8821   171829.8462   328   125146.0000   175062.1349  4840254   39.89%
  32378  9127   172435.7500   168   125146.0000   175062.1349  4884188   39.89%
  32760  9457   174417.5730   165   125146.0000   175062.1349  4932874   39.89%
Elapsed time = 169.54 sec. (451782.00 ticks, tree = 11.40 MB, solutions = 20)
  32983  9628   174242.1561   277   125146.0000   175062.1349  4980150   39.89%
  33366  9979   171578.4551   233   125146.0000   175062.1349  5027875   39.89%
  33691 10257   173485.9800   257   125146.0000   175062.1349  5073803   39.89%
  34044 10564   174176.2500   210   125146.0000   175062.1349  5116949   39.89%
  34394 10860   151705.4719   208   125146.0000   175059.6056  5162841   39.88%
  34625 11045   171978.7267   210   125146.0000   175043.4242  5207086   39.87%
  34955 11319   167306.5366   249   125146.0000   175035.1726  5251065   39.86%
  35280 11578   174348.2726   253   125146.0000   175020.5066  5296397   39.85%
  35597 11849   173509.2877   222   125146.0000   175007.9505  5341605   39.84%
  35895 12108   173596.9819   224   125146.0000   174999.9769  5386907   39.84%
Elapsed time = 184.27 sec. (490107.90 ticks, tree = 14.02 MB, solutions = 20)
  36171 12345   174216.9250   177   125146.0000   174996.0376  5429994   39.83%
  36468 12583   168309.0792   291   125146.0000   174985.3571  5475609   39.82%
  36764 12831   157096.3454   126   125146.0000   174974.1594  5521391   39.82%
  37030 13047   173316.2464   340   125146.0000   174966.8181  5567661   39.81%
  37393 13366   158377.5648   160   125146.0000   174959.8800  5615251   39.80%
  37724 13653    infeasible         125146.0000   174954.7823  5662114   39.80%
  37968 13854   172984.7015   193   125146.0000   174945.8244  5707553   39.79%
  38240 14074   172276.5243   318   125146.0000   174938.0156  5752521   39.79%
  38487 14267   173211.4498   212   125146.0000   174929.5139  5796296   39.78%
  38854 14589   173627.7750   218   125146.0000   174921.0700  5843010   39.77%
Elapsed time = 198.83 sec. (528356.78 ticks, tree = 16.74 MB, solutions = 20)
  39148 14843   154672.0995   183   125146.0000   174916.5671  5890300   39.77%
  39394 15025   174691.8014   257   125146.0000   174904.7607  5937386   39.76%
  39702 15288   174223.1358   393   125146.0000   174895.5000  5984341   39.75%
  40016 15546   169240.5101   304   125146.0000   174885.5244  6031061   39.75%
  40334 15802   168729.3636   281   125146.0000   174876.2258  6075234   39.74%
  40596 16014   173912.5287   219   125146.0000   174870.7486  6120013   39.73%
  40849 16205   172212.3848   142   125146.0000   174858.2083  6165724   39.72%
  41111 16411   171623.5000   207   125146.0000   174851.3658  6211079   39.72%
  41412 16663   171189.4937   203   125146.0000   174843.8493  6257769   39.71%
  41813 17012   172909.8864   168   125146.0000   174838.7931  6301228   39.71%
Elapsed time = 213.51 sec. (566741.88 ticks, tree = 19.95 MB, solutions = 20)
  42077 17238   169892.9746   222   125146.0000   174833.6667  6347377   39.70%
  42421 17548   164057.6560   129   125146.0000   174832.0810  6391667   39.70%
  42703 17772   171883.8621   304   125146.0000   174822.6432  6435942   39.69%
  42981 17993   173875.3105   329   125146.0000   174815.9388  6483917   39.69%
  43343 18299   172854.2713   200   125146.0000   174809.4726  6529820   39.68%
  43646 18550   172984.2000   295   125146.0000   174804.8201  6577089   39.68%
  43850 18687   172851.1678   235   125146.0000   174800.0926  6624757   39.68%
  44097 18890   164225.7195   311   125146.0000   174795.6250  6672860   39.67%
  44317 19061   173955.9433   240   125146.0000   174791.9904  6716510   39.67%
  44613 19315   173836.7662   198   125146.0000   174785.5630  6762539   39.67%
Elapsed time = 228.48 sec. (605451.97 ticks, tree = 22.31 MB, solutions = 20)
  44798 19458   173060.0607   196   125146.0000   174778.4778  6806822   39.66%
  45000 19605   170903.8623   160   125146.0000   174774.3611  6850885   39.66%
  45250 19789   173888.2831   210   125146.0000   174768.0357  6898248   39.65%
  45511 20004   167406.2898   257   125146.0000   174765.0539  6942495   39.65%
  45828 20276   169512.1922   201   125146.0000   174761.1633  6988889   39.65%
  46105 20503   167514.1962   256   125146.0000   174756.8600  7034567   39.64%
  46391 20740   168251.5846   240   125146.0000   174749.0000  7081252   39.64%
  46712 21014   171652.7006   269   125146.0000   174745.0555  7128205   39.63%
  47008 21242   171585.3048   218   125146.0000   174737.2927  7173487   39.63%
  47281 21468   166861.5661   273   125146.0000   174733.0879  7219100   39.62%
Elapsed time = 243.42 sec. (643685.69 ticks, tree = 24.55 MB, solutions = 20)
  47546 21674   171108.4880   238   125146.0000   174728.0000  7261195   39.62%
  47849 21924   172085.5823   266   125146.0000   174722.9841  7304792   39.62%
  48230 22265   174239.5065   374   125146.0000   174716.2875  7346561   39.61%
  48499 22487   174020.7500   231   125146.0000   174712.8900  7392325   39.61%
  48799 22744   171907.2855   216   125146.0000   174709.4398  7436435   39.60%
  49040 22921   164078.9224   369   125146.0000   174705.9632  7481974   39.60%
  49300 23101   156700.2851   271   125146.0000   174695.9009  7528261   39.59%
  49625 23371   162221.0958   282   125146.0000   174686.8871  7573509   39.59%
  49829 23479   169536.6528   234   125146.0000   174679.5502  7621706   39.58%
  50101 23697   173656.3448   284   125146.0000   174676.2613  7669188   39.58%
Elapsed time = 258.30 sec. (681983.16 ticks, tree = 26.93 MB, solutions = 20)
  50438 23994   168238.7045   281   125146.0000   174673.8889  7715020   39.58%
  50771 24293   170323.1728   221   125146.0000   174670.0572  7759350   39.57%
  51110 24588   172078.0531   420   125146.0000   174666.7500  7800576   39.57%
  51375 24815   171006.3430   370   125146.0000   174663.4749  7843938   39.57%
  51620 25016   173820.2966   196   125146.0000   174660.5000  7888776   39.57%
  51872 25214   172394.2218   269   125146.0000   174654.1667  7934824   39.56%
  52105 25401   170183.3697   201   125146.0000   174648.4861  7982980   39.56%
  52454 25704   170100.3667   240   125146.0000   174642.1000  8030325   39.55%
  52781 25973   174108.4370   332   125146.0000   174637.2689  8075469   39.55%
  53159 26305    infeasible         125146.0000   174633.3325  8121126   39.54%
Elapsed time = 273.24 sec. (720285.77 ticks, tree = 29.73 MB, solutions = 20)
  53422 26515   174331.8065   152   125146.0000   174626.2598  8166394   39.54%
  53674 26730   174327.7627   304   125146.0000   174624.0202  8210395   39.54%
  53887 26906   170031.8327   397   125146.0000   174622.1381  8254960   39.53%
  54100 27075   172535.0161   182   125146.0000   174616.9769  8300559   39.53%
  54378 27329   168450.3070   257   125146.0000   174615.0542  8345335   39.53%
  54689 27592   173938.0000   275   125146.0000   174612.0947  8389402   39.53%
  54995 27865   171457.3060   248   125146.0000   174610.2605  8434714   39.53%
  55250 28066   171390.5833   213   125146.0000   174607.7193  8481991   39.52%
  55521 28281   172345.6858   185   125146.0000   174602.7020  8527814   39.52%
  55815 28513   165419.3204   165   125146.0000   174593.6827  8572665   39.51%
Elapsed time = 288.05 sec. (758592.64 ticks, tree = 32.00 MB, solutions = 20)
  56092 28749   170758.2748   163   125146.0000   174591.9534  8618436   39.51%
  56441 29058   169364.4788   188   125146.0000   174588.8667  8665448   39.51%
  56684 29257   171526.0142   413   125146.0000   174583.4957  8712507   39.50%
  56903 29432   169480.1579   215   125146.0000   174580.9747  8759970   39.50%
  57212 29678   172651.2984   236   125146.0000   174576.1000  8807013   39.50%
  57429 29839   171504.6667   207   125146.0000   174570.7037  8855280   39.49%
  57722 30093   172411.8616   274   125146.0000   174568.3333  8900987   39.49%
  57987 30312   171256.9824   227   125146.0000   174564.3247  8948549   39.49%
  58320 30602   165415.2155   147   125146.0000   174558.3889  8994433   39.48%
  58647 30870   173197.2000   193   125146.0000   174555.8378  9042098   39.48%
Elapsed time = 302.90 sec. (796944.32 ticks, tree = 34.51 MB, solutions = 20)
  58946 31113   164297.7125   230   125146.0000   174548.8000  9088967   39.48%
  59203 31313   172764.2238   218   125146.0000   174541.6250  9136197   39.47%
  59470 31531   152657.4746   333   125146.0000   174538.2500  9182524   39.47%
  59790 31777   172176.5833   235   125146.0000   174535.1069  9229959   39.47%
  60047 31964   174403.3994   326   125146.0000   174527.4042  9276624   39.46%
  60350 32228   172967.8226   235   125146.0000   174525.0919  9320489   39.46%
  60646 32479   167660.7803   166   125146.0000   174522.1807  9366036   39.45%
  60887 32658   174359.7274   239   125146.0000   174517.0000  9413989   39.45%
  61169 32895   173450.9571   360   125146.0000   174511.0818  9458021   39.45%
  61436 33116   171819.7906   367   125146.0000   174507.5000  9503532   39.44%
Elapsed time = 317.92 sec. (835290.45 ticks, tree = 38.34 MB, solutions = 20)
  61686 33324   172126.7500   180   125146.0000   174503.7311  9547040   39.44%
  61930 33520   163604.3477   216   125146.0000   174500.6739  9594074   39.44%
  62187 33735   157220.1666   193   125146.0000   174498.0600  9639714   39.44%
  62416 33915   163724.8760   182   125146.0000   174495.5647  9685380   39.43%
  62683 34121   171161.1036   215   125146.0000   174493.3274  9733176   39.43%
  62951 34318   172791.1015   316   125146.0000   174488.0359  9781758   39.43%
  63222 34551   157240.8334   221   125146.0000   174485.5167  9827698   39.43%
  63534 34797   171425.8501   182   125146.0000   174480.7500  9874561   39.42%
  63817 35030   171883.3387   210   125146.0000   174477.9958  9920771   39.42%
  64139 35306   170048.6111   188   125146.0000   174474.2000  9965218   39.42%
Elapsed time = 332.82 sec. (873545.03 ticks, tree = 40.73 MB, solutions = 20)
  64437 35560   173150.2876   307   125146.0000   174472.1528 10011510   39.41%
  64769 35848   164760.6087   278   125146.0000   174470.3393 10056717   39.41%
  64999 36020   172524.6538   259   125146.0000   174467.0833 10100388   39.41%
  65300 36278   172438.5290   251   125146.0000   174463.2500 10141802   39.41%
  65611 36551   165485.1880   307   125146.0000   174460.9644 10186301   39.41%
  65933 36825    infeasible         125146.0000   174457.5219 10230189   39.40%
  66241 37079   173064.3459   407   125146.0000   174451.2772 10274340   39.40%
  66566 37355   173058.7679   229   125146.0000   174449.9636 10317294   39.40%
  66883 37617   171682.3145   152   125146.0000   174446.4368 10362953   39.39%
  67146 37818   171347.5967   166   125146.0000   174437.3003 10407966   39.39%
Elapsed time = 347.78 sec. (911847.82 ticks, tree = 43.44 MB, solutions = 20)
  67350 37966   171778.1250   253   125146.0000   174434.5104 10454370   39.38%
  67726 38293   173856.4537   428   125146.0000   174431.6715 10498202   39.38%
  68005 38509   170639.5000   227   125146.0000   174427.8849 10543825   39.38%
  68256 38700   173238.5914   282   125146.0000   174423.1471 10590217   39.38%
  68569 38963   170652.6310   235   125146.0000   174419.5483 10634244   39.37%
  68815 39144   172825.6667   194   125146.0000   174415.6964 10680971   39.37%
  69127 39392    infeasible         125146.0000   174410.4548 10728944   39.37%
  69450 39678   165898.4098   220   125146.0000   174407.3947 10774070   39.36%
  69705 39883   173886.4902   334   125146.0000   174404.5425 10820505   39.36%
  69956 40076   174114.8764   329   125146.0000   174401.6385 10868640   39.36%
Elapsed time = 362.73 sec. (950140.42 ticks, tree = 45.87 MB, solutions = 20)
  70232 40280    infeasible         125146.0000   174399.8078 10916195   39.36%
  70550 40570   165213.3847   238   125146.0000   174398.2500 10959440   39.36%
  70833 40809   170026.4599   138   125146.0000   174395.5312 11005827   39.35%
  71089 41006   173064.0000   309   125146.0000   174390.3481 11049266   39.35%
  71391 41270   170400.6591   256   125146.0000   174386.3126 11094162   39.35%
  71668 41489   168471.2156   256   125146.0000   174384.4503 11141078   39.34%
  71923 41686   172089.9205   263   125146.0000   174381.9688 11186224   39.34%
  72176 41892   170337.6534   292   125146.0000   174379.8421 11232468   39.34%
  72421 42085   173899.1082   430   125146.0000   174375.4435 11277480   39.34%
  72705 42313   169688.3886   243   125146.0000   174370.8056 11323107   39.33%
Elapsed time = 377.52 sec. (988363.04 ticks, tree = 48.76 MB, solutions = 20)
  72974 42524   171191.7765   225   125146.0000   174367.3635 11368319   39.33%
  73258 42766   164654.2603   203   125146.0000   174364.5142 11415423   39.33%
  73586 43052   171485.7207   308   125146.0000   174361.9198 11460747   39.33%
  73916 43340   170031.3142   341   125146.0000   174359.7692 11505003   39.33%
  74186 43560   173709.4744   350   125146.0000   174356.9875 11549353   39.32%
  74459 43777   171373.9947   307   125146.0000   174354.1875 11594120   39.32%
  74735 44004   173284.5211   283   125146.0000   174350.3125 11639725   39.32%
  75015 44211    infeasible         125146.0000   174342.6667 11677933   39.31%
  75335 44472   172671.7121   177   125146.0000   174339.7879 11723098   39.31%
  75627 44712   170281.5395   207   125146.0000   174335.8269 11767496   39.31%
Elapsed time = 392.43 sec. (1026635.73 ticks, tree = 53.99 MB, solutions = 20)
  75909 44944   172507.7500   246   125146.0000   174332.5099 11810681   39.30%
  76248 45229   167055.0566   176   125146.0000   174328.1667 11854678   39.30%
  76525 45462   171729.3979   477   125146.0000   174325.3213 11900646   39.30%
  76746 45645    infeasible         125146.0000   174323.6524 11946812   39.30%
  77093 45955   171784.8314   270   125146.0000   174320.6548 11988949   39.29%
  77356 46160   157565.3329   148   125146.0000   174318.8416 12034175   39.29%
  77640 46390   173804.2513   276   125146.0000   174316.8360 12079907   39.29%
  77909 46609   173899.3333   141   125146.0000   174315.0968 12124275   39.29%
  78152 46786    infeasible         125146.0000   174313.6392 12167370   39.29%
  78381 46977   160220.7190   216   125146.0000   174308.9843 12211753   39.28%
Elapsed time = 407.25 sec. (1064852.52 ticks, tree = 56.42 MB, solutions = 20)
  78585 47135   170794.6813   353   125146.0000   174306.1346 12254615   39.28%
  78825 47325   162418.6327   220   125146.0000   174304.7219 12298721   39.28%
  79101 47537   173561.8686   364   125146.0000   174301.2780 12345048   39.28%
  79357 47741   173210.2954   274   125146.0000   174299.2535 12385514   39.28%
  79628 47966   164809.2146   265   125146.0000   174296.4960 12428601   39.27%
  79926 48216   171695.0000   285   125146.0000   174294.8354 12473291   39.27%
  80162 48406   173409.3000   268   125146.0000   174291.8000 12516685   39.27%
  80407 48605   169505.4599   266   125146.0000   174290.4706 12561142   39.27%
  80666 48814   171143.1989   309   125146.0000   174288.3333 12604513   39.27%
  80965 49063   171909.8241   225   125146.0000   174286.3638 12648486   39.27%
Elapsed time = 422.37 sec. (1103183.17 ticks, tree = 58.73 MB, solutions = 20)
  81213 49265   173272.8148   203   125146.0000   174285.3000 12692571   39.27%
  81564 49578   173349.3158   193   125146.0000   174283.6673 12734382   39.26%
  81836 49806   171520.2414   466   125146.0000   174281.8411 12777712   39.26%
  82117 50045   170042.6603   283   125146.0000   174279.2254 12823697   39.26%
  82375 50242   172045.8188   214   125146.0000   174276.6521 12868687   39.26%
  82640 50467   170765.6333   270   125146.0000   174275.3645 12913097   39.26%
  82890 50671   172187.3086   186   125146.0000   174273.8546 12959558   39.26%
  83115 50846   169850.7296   272   125146.0000   174271.9808 13007037   39.25%
  83423 51120    infeasible         125146.0000   174270.7692 13048827   39.25%
  83699 51342    infeasible         125146.0000   174267.6250 13074873   39.25%
Elapsed time = 437.33 sec. (1141464.78 ticks, tree = 68.54 MB, solutions = 20)
  83951 51556   161903.2354   226   125146.0000   174265.7060 13100925   39.25%
  84294 51836   171230.2321   433   125146.0000   174261.4586 13125827   39.25%
  84528 52004    infeasible         125146.0000   174259.9296 13153219   39.25%
  84919 52346   170211.4558   392   125146.0000   174256.1598 13178571   39.24%
  85222 52618   172826.5223   325   125146.0000   174255.1591 13202915   39.24%
  85542 52895   172247.1377   224   125146.0000   174253.2684 13228184   39.24%
  85875 53156    infeasible         125146.0000   174251.0000 13253793   39.24%
  86259 53506   159756.3328   281   125146.0000   174248.8681 13278675   39.24%
* 86386+53604                       131276.0000   174248.8667            32.73%
* 86486+53701                       131383.0000   174248.8667            32.63%
* 86586+53754                       132165.0000   174247.7607            31.84%
* 86586+53735                       135547.0000   174247.7607            28.55%
  86589 53740   174045.8021   294   135547.0000   174247.7607 13302483   28.55%
  86823 53930   167627.1448   294   135547.0000   174245.3212 13327850   28.55%
Elapsed time = 452.53 sec. (1179746.09 ticks, tree = 129.22 MB, solutions = 24)
  87074 54139   168759.8468   413   135547.0000   174243.7344 13348303   28.55%
  87245 54278   170978.6818   300   135547.0000   174242.8571 13364415   28.55%
* 87286+54310                       135675.0000   174242.6667            28.43%
  87486 54476   163711.1012   211   135675.0000   174240.6932 13385810   28.43%
  87752 54688   164735.8712   283   135675.0000   174237.3333 13409243   28.42%
  87993 54887   167977.5000   292   135675.0000   174235.0365 13427042   28.42%
* 88086+54968                       135743.0000   174233.7916            28.36%
  88239 55087   166664.9677   193   135743.0000   174232.9565 13448085   28.36%
  88386 55213   173185.6909   254   135743.0000   174230.8735 13459677   28.35%
  88549 55326   169613.2727   320   135743.0000   174228.8200 13478312   28.35%
  88686 55407   171815.1190   315   135743.0000   174225.8827 13499402   28.35%
  88885 55555   174162.5357   149   135743.0000   174223.6150 13521333   28.35%
Elapsed time = 469.27 sec. (1220038.37 ticks, tree = 167.34 MB, solutions = 26)
  89172 55806   169515.9045   218   135743.0000   174222.4767 13538456   28.35%
  89386 55959   171830.7210   401   135743.0000   174219.9178 13561445   28.35%
  89586 56117   173285.8445   226   135743.0000   174217.1360 13580512   28.34%
  89733 56229    infeasible         135743.0000   174215.5000 13598851   28.34%
  89986 56440   173168.8403   410   135743.0000   174212.0668 13619878   28.34%
  90186 56602   171415.9612   195   135743.0000   174209.8642 13639331   28.34%
  90386 56767   170004.6250   243   135743.0000   174208.6916 13654807   28.34%
  90571 56932   173092.4583   283   135743.0000   174207.6667 13664771   28.34%
  90777 57090    infeasible         135743.0000   174206.5833 13687449   28.34%
  90953 57231   167421.6460   298   135743.0000   174205.7323 13706157   28.33%
Elapsed time = 486.90 sec. (1263061.11 ticks, tree = 196.12 MB, solutions = 26)
  91226 57461    infeasible         135743.0000   174203.8575 13729124   28.33%
  91386 57599   167880.2265   164   135743.0000   174202.3517 13743214   28.33%
  91629 57804   170572.2222   334   135743.0000   174200.9167 13764237   28.33%
  91880 58023   167603.3887   242   135743.0000   174200.3250 13781661   28.33%
Advanced basis not built.

GUB cover cuts applied:  17
Clique cuts applied:  7
Cover cuts applied:  199
Implied bound cuts applied:  58
Flow cuts applied:  37
Mixed integer rounding cuts applied:  968
Zero-half cuts applied:  136
Lift and project cuts applied:  13
Gomory fractional cuts applied:  12

Root node processing (before b&c):
  Real time             =    0.40 sec. (902.45 ticks)
Sequential b&c:
  Real time             =  494.60 sec. (1282225.09 ticks)
                          ------------
Total (root+branch&cut) =  495.00 sec. (1283127.53 ticks)
[CPLEX] Status: time limit exceeded
[CPLEX] OPTIMAL OBJ: 135743.0
[CPLEX] Runtime: 495.006 sec
Vehicle 0: d → 16 → 30 → 20 → 12 → 0 → 15 → 29 → 25 → 13 → 26 → 19 → 4 → 24 → 9 → 14 → 21 → 8 → 17 → 7 → 10 → 27 → d, (requests = [5, 6, 7, 11, 12, 16, 22, 23])
Vehicle 1: d → 2 → 22 → 27 → 3 → 7 → 8 → 21 → 14 → 28 → 9 → 24 → 4 → 19 → 23 → 25 → 29 → 15 → 11 → 0 → 12 → 20 → 18 → d, (requests = [0, 2, 3, 4, 8, 10, 13, 17, 18, 19, 25])
Vehicle 2: d → 4 → 19 → 23 → 25 → 15 → 11 → d, (requests = [14, 15])
Vehicle 3: d, (requests = [])
Vehicle 4: d → 5 → 1 → 22 → 27 → 3 → 10 → 7 → 17 → 21 → d, (requests = [1, 21, 24])
======== PPDSP OBJECTIVE ========
Profit    = 164730
Cost      = 28987
Objective = 135743
=================================
===== RAW XY MODEL =====
16 153 235 274 303 348 385 443 470 510 543 552 613 653 681 778 814 852 896 954 981 1009 1037 1111 1128 1172 1257 1302 1337 1377 1429 1501 1516 1632 1656 1683 1711 1756 1786 1797 1854 1892 1930 1968 2019 2340 2576 2684 2824 2954 3008 3189 4394 4446 4501 4581 4667 4905 5043 5071 5207 5337 2050 5367 2054 2056 2058 2059 2061 2063 2066 3230 3232 3235 3239 3243 3246 3247 3251 5401 5406 5419 5420 5425 5434 5436
  [Time Manager] Step 3 consumed 495.01s. Total Consumed: 735.91s.
  [Info] Saved 5444 core assumption literals to p1_A-n32-k5_r27v5k3.lp.asm

[4/6] Building & Solving: R=36, V=6, K=3
Default row names c1, c2 ... being created.
  [Info] Generating MIP Formulation...
  [Time Manager] Global Remaining Budget: 2864.09s | Future Weight Sum: 3558.0
  [Time Manager] Recalibrated Budget for this step: 637.54s
[CPLEX] Setting time limit to 637 seconds
[CPLEX] Reading assumption from p1_A-n32-k5_r27v5k3.lp.asm ...
[CPLEX] Applying MIP Start with 5255 variables.
Version identifier: 22.1.1.0 | 2022-11-28 | 9160aff4d
CPXPARAM_Read_DataCheck                          1
CPXPARAM_Threads                                 1
CPXPARAM_TimeLimit                               637
1 of 1 MIP starts provided solutions.
MIP start 'm1' defined initial solution with objective 146597.0000.
Tried aggregator 1 time.
MIP Presolve eliminated 30 rows and 5118 columns.
MIP Presolve modified 3408 coefficients.
Reduced MIP has 3390 rows, 1620 columns, and 16584 nonzeros.
Reduced MIP has 1248 binaries, 372 generals, 0 SOSs, and 0 indicators.
Presolve time = 0.00 sec. (10.27 ticks)
Probing time = 0.00 sec. (2.74 ticks)
Tried aggregator 1 time.
Detecting symmetries...
Reduced MIP has 3390 rows, 1620 columns, and 16584 nonzeros.
Reduced MIP has 1248 binaries, 372 generals, 0 SOSs, and 0 indicators.
Presolve time = 0.01 sec. (10.72 ticks)
Probing time = 0.00 sec. (2.72 ticks)
Clique table members: 696.
MIP emphasis: balance optimality and feasibility.
MIP search method: dynamic search.
Parallel mode: none, using 1 thread.
Root relaxation solution time = 0.01 sec. (19.34 ticks)

        Nodes                                         Cuts/
   Node  Left     Objective  IInf  Best Integer    Best Bound    ItCnt     Gap

*     0+    0                       146597.0000  1512510.0000           931.75%
      0     0   245597.0000   141   146597.0000   245597.0000      659   67.53%
      0     0   245597.0000   197   146597.0000     Cuts: 214      737   67.53%
      0     0   245597.0000   198   146597.0000      Cuts: 48      740   67.53%
*     0+    0                       146933.0000   245597.0000            67.15%
      0     0        cutoff         146933.0000   245597.0000      740   67.15%
      0     2   245597.0000   198   146933.0000   245597.0000      740   67.15%
Elapsed time = 0.27 sec. (660.75 ticks, tree = 0.01 MB, solutions = 2)
      7     9   244115.6909   220   146933.0000   245430.5670     3175   67.04%
     20    22   243283.1371   262   146933.0000   245430.5670     5199   67.04%
     41    43   241680.3602   172   146933.0000   245430.5670     7570   67.04%
     97    83   244709.5081   213   146933.0000   245430.4910    10583   67.04%
    109    95   243459.7316   100   146933.0000   245430.4910    13197   67.04%
    126   106   244777.1656   231   146933.0000   245315.0286    16033   66.96%
    149   129   243884.3101   139   146933.0000   245315.0286    17864   66.96%
    175   149   243860.1628   214   146933.0000   245282.9495    20649   66.94%
    214   184   243423.2929   216   146933.0000   245121.8917    23277   66.83%
    337   288   243287.6978   195   146933.0000   245081.6062    35279   66.80%
Elapsed time = 1.58 sec. (3863.36 ticks, tree = 0.70 MB, solutions = 2)
    528   431   243557.3328   132   146933.0000   245016.3795    47713   66.75%
    659   528   244163.1667   235   146933.0000   244999.5514    59436   66.74%
    873   716   244098.3766   207   146933.0000   244940.6181    72658   66.70%
   1002   823   243571.6680   284   146933.0000   244911.9639    84819   66.68%

Performing restart 1

Repeating presolve.
Tried aggregator 1 time.
MIP Presolve modified 150 coefficients.
Reduced MIP has 3390 rows, 1620 columns, and 16584 nonzeros.
Reduced MIP has 1248 binaries, 372 generals, 0 SOSs, and 0 indicators.
Presolve time = 0.00 sec. (9.79 ticks)
Tried aggregator 1 time.
Reduced MIP has 3390 rows, 1620 columns, and 16584 nonzeros.
Reduced MIP has 1248 binaries, 372 generals, 0 SOSs, and 0 indicators.
Presolve time = 0.01 sec. (11.15 ticks)
Represolve time = 0.02 sec. (29.62 ticks)
   1008     0   245568.0000   199   146933.0000     Cuts: 113    86571   66.68%
   1008     0   245324.9008   208   146933.0000      Cuts: 70    86980   66.68%
   1008     0   245127.3410   209   146933.0000     Cuts: 239    87153   66.68%
   1008     0   244877.0000   178   146933.0000      Cuts: 64    87236   66.66%
   1008     0   244877.0000   199   146933.0000     Cuts: 121    87266   66.66%
   1008     0   244877.0000   197   146933.0000      Cuts: 92    87267   66.66%
   1008     0   244843.4474   238   146933.0000  ZeroHalf: 73    87457   66.64%
   1008     0   244734.1350   371   146933.0000     Cuts: 180    87643   66.56%
   1008     0   244652.0000   253   146933.0000      Cuts: 68    87740   66.51%
   1008     0   244593.7538   302   146933.0000      Cuts: 95    88014   66.47%
*  1008+    0                       147092.0000   244593.7538            66.29%
   1008     0        cutoff         147092.0000   244593.7538    88014   66.29%
   1008     0   244548.0064   274   147092.0000     Cuts: 185    88244   66.26%
   1008     0   244475.8873   272   147092.0000      Cuts: 80    88420   66.21%
   1008     0   244465.9013   362   147092.0000      Cuts: 79    88589   66.20%
   1008     0   244445.6044   347   147092.0000      Cuts: 92    88728   66.19%
   1008     0   244416.9846   580   147092.0000      Cuts: 63    88981   66.17%
   1008     0   244399.4522   367   147092.0000     Cuts: 158    89119   66.15%
   1008     0   244376.6983   510   147092.0000      Cuts: 75    89307   66.14%
   1008     0   244347.9546   607   147092.0000      Cuts: 76    89464   66.12%
*  1008+    0                       147186.0000   244347.9546            66.01%
   1008     0   244294.7675   324   147186.0000      Cuts: 57    89696   65.98%
   1008     0   244279.9353   320   147186.0000     Cuts: 162    89707   65.97%
   1008     0   244238.2922   350   147186.0000      Cuts: 66    89793   65.94%
   1008     0   244236.8614   353   147186.0000     Cuts: 228    89864   65.94%
*  1008+    0                       149727.0000   244236.8614            63.12%
   1008     0        cutoff         149727.0000   244236.8614    89864   63.12%
   1008     2   244236.8614   352   149727.0000   244236.8014    89864   63.12%
   1009     3   244235.0998   228   149727.0000   244233.8159    89900   63.12%
   1012     6   244156.7519   353   149727.0000   244233.8159    90692   63.12%
   1015     9   244122.3510    86   149727.0000   244233.8159    94078   63.12%
   1019    13   243526.9208    97   149727.0000   244233.8159    97330   63.12%
   1023    17   243417.4808    97   149727.0000   244233.8159    99122   63.12%
Elapsed time = 7.22 sec. (18528.36 ticks, tree = 0.11 MB, solutions = 5)
   1029    23   243322.5383   136   149727.0000   244233.8159   100369   63.12%
   1037    31   242536.1708   105   149727.0000   244233.8159   101834   63.12%
   1043    37   242287.7400   156   149727.0000   244233.8159   103291   63.12%
   1047    37   242447.1805   229   149727.0000   244215.5531   105557   63.11%
   1050    40   242149.0649   475   149727.0000   244215.5531   107502   63.11%
   1053    43   242109.3874   466   149727.0000   244215.5531   108673   63.11%
   1056    46   241995.4775   255   149727.0000   244215.5531   110055   63.11%
   1060    49   239976.3172   316   149727.0000   244215.5531   113153   63.11%
   1065    54   240146.8948   260   149727.0000   244215.5531   114790   63.11%
   1072    61   239951.3308   312   149727.0000   244215.5531   115889   63.11%
Elapsed time = 11.10 sec. (29651.59 ticks, tree = 0.45 MB, solutions = 5)
   1079    66   237385.2178   174   149727.0000   244215.5531   119103   63.11%
   1086    67   243818.7982   329   149727.0000   244153.2990   123509   63.07%
   1095    76   242550.3252   105   149727.0000   244153.2990   126295   63.07%
   1100    81   242234.6519   240   149727.0000   244153.2990   127439   63.07%
   1109    88   239914.6609   239   149727.0000   244153.2990   131577   63.07%
   1128   106   237056.9264   231   149727.0000   244153.2990   133209   63.07%
   1150   119   243875.5886   340   149727.0000   244037.0000   134762   62.99%
   1182   150   239358.1791   138   149727.0000   244037.0000   136714   62.99%
   1202   168   237360.8515   271   149727.0000   244037.0000   138584   62.99%
   1224   184   243854.2381   399   149727.0000   244037.0000   140453   62.99%
Elapsed time = 14.96 sec. (40330.72 ticks, tree = 0.85 MB, solutions = 5)
   1228   188   243522.4419   450   149727.0000   244037.0000   141219   62.99%
   1239   199   242195.1053   191   149727.0000   244037.0000   143406   62.99%
   1258   216   239168.0000   203   149727.0000   244037.0000   145436   62.99%
   1272   225    infeasible         149727.0000   244037.0000   148280   62.99%
   1295   244   241654.1500   131   149727.0000   243993.0971   152488   62.96%
   1328   271   241600.2415   262   149727.0000   243989.6694   156815   62.96%
   1382   320   234559.6354   204   149727.0000   243989.6694   160474   62.96%
   1424   349   243295.9000    95   149727.0000   243888.5929   164726   62.89%
   1514   435   233201.4031   111   149727.0000   243888.5929   168442   62.89%
   1571   487   235460.0730   206   149727.0000   243886.5641   173442   62.89%
Elapsed time = 18.45 sec. (50253.86 ticks, tree = 8.64 MB, solutions = 5)
   1608   510   243261.8001   207   149727.0000   243852.6667   179594   62.86%
   1639   540   238329.3604   239   149727.0000   243852.6667   184018   62.86%
   1679   571   243818.8361   325   149727.0000   243846.3258   189444   62.86%
   1737   623   241495.0913   280   149727.0000   243823.2420   196255   62.85%
   1788   664   241775.0000   205   149727.0000   243817.8974   199856   62.84%
   1833   701   242370.0777   387   149727.0000   243808.9352   205419   62.84%
   1873   741   237144.8771   318   149727.0000   243808.9352   209417   62.84%
   1904   764   242203.6993   244   149727.0000   243793.7178   215434   62.83%
   1965   818   242789.8078   488   149727.0000   243792.5015   222241   62.82%
   2009   858   241705.2003   497   149727.0000   243788.4277   227769   62.82%
Elapsed time = 22.06 sec. (60306.70 ticks, tree = 15.19 MB, solutions = 5)
   2038   879   242068.5714   181   149727.0000   243747.9647   234216   62.79%
   2120   951    infeasible         149727.0000   243743.4472   239429   62.79%
   2195  1016   243102.6120   426   149727.0000   243728.4339   244951   62.78%
   2205  1022    infeasible         149727.0000   243728.4339   250540   62.78%
   2228  1041   241861.0199   212   149727.0000   243701.3889   256915   62.76%
   2265  1070   243487.0860   211   149727.0000   243691.8939   264108   62.76%
   2270  1071        cutoff         149727.0000   243691.8939   272179   62.76%
   2306  1099   242406.9852   317   149727.0000   243650.8170   278113   62.73%
   2348  1135    infeasible         149727.0000   243645.5676   283374   62.73%
   2391  1172   241925.4546   391   149727.0000   243623.7903   287846   62.71%
Elapsed time = 25.65 sec. (70266.58 ticks, tree = 22.76 MB, solutions = 5)
   2457  1231   242749.8593   252   149727.0000   243612.3538   292740   62.70%
   2510  1280   237006.8095   366   149727.0000   243612.3538   298972   62.70%
   2540  1300   240206.4006   288   149727.0000   243594.6615   305857   62.69%
   2570  1324   240448.7444   220   149727.0000   243559.2759   313142   62.67%
   2645  1391   241235.8276   325   149727.0000   243555.9202   319086   62.67%
   2692  1434   239490.0489   474   149727.0000   243551.4563   325141   62.66%
   2761  1499   241184.1474   390   149727.0000   243551.0698   331667   62.66%
   2790  1522   241207.4423   447   149727.0000   243550.0029   337595   62.66%
   2822  1548   239460.6070   228   149727.0000   243544.7627   344259   62.66%
   2895  1613   236775.7862   239   149727.0000   243544.1889   349778   62.66%
Elapsed time = 29.16 sec. (80075.03 ticks, tree = 34.08 MB, solutions = 5)
   2951  1661   238654.3905   279   149727.0000   243538.0938   355072   62.65%
   3003  1707   241824.1846   343   149727.0000   243521.4667   361511   62.64%
   3045  1738    infeasible         149727.0000   243520.5134   368155   62.64%
   3069  1756   242572.0534   143   149727.0000   243514.8750   373851   62.64%
   3176  1859   241589.3945   215   149727.0000   243511.8214   381088   62.64%
   3224  1901   240971.7778   394   149727.0000   243509.3261   387997   62.64%
   3276  1941   243240.9716   167   149727.0000   243505.9869   394097   62.63%
   3317  1974   241775.9726   411   149727.0000   243505.6364   401114   62.63%
   3386  2040   239601.0428   437   149727.0000   243504.4981   406992   62.63%
   3436  2086   242568.7616   324   149727.0000   243499.7094   412547   62.63%
Elapsed time = 32.60 sec. (89840.04 ticks, tree = 42.26 MB, solutions = 5)
   3508  2152   241118.1351   251   149727.0000   243499.0767   418760   62.63%
   3568  2197   240527.8702   219   149727.0000   243482.2744   425146   62.62%
   3612  2235   240707.9728   257   149727.0000   243473.5788   431521   62.61%
   3648  2259   241087.6663   319   149727.0000   243466.7728   438436   62.61%
   3688  2286   242894.4697   477   149727.0000   243455.8874   444687   62.60%
   3726  2322   238963.9850   193   149727.0000   243455.8874   450582   62.60%
   3752  2336    infeasible         149727.0000   243453.0000   456990   62.60%
   3800  2378   240001.3463   517   149727.0000   243448.6168   463202   62.60%
   3869  2443   242532.0399   165   149727.0000   243448.3729   469578   62.59%
   4066  2608    infeasible         149727.0000   243430.7018   495103   62.58%
Elapsed time = 37.07 sec. (102493.32 ticks, tree = 53.09 MB, solutions = 5)
   4307  2823   242478.9590   408   149727.0000   243425.5316   521281   62.58%
   4489  2967   242274.9138   136   149727.0000   243407.4694   546522   62.57%
   4679  3139   241381.4228   280   149727.0000   243374.4677   571421   62.55%
   4885  3302    infeasible         149727.0000   243351.7155   597888   62.53%
   5099  3483   241755.0714   261   149727.0000   243338.1384   623268   62.52%
   5226  3580   240233.4181   232   149727.0000   243326.6552   649754   62.51%
   5424  3734    infeasible         149727.0000   243314.5024   676279   62.51%
   5685  3953   242288.6604   322   149727.0000   243291.7945   703483   62.49%
   5900  4137   240086.6189   320   149727.0000   243279.8835   730322   62.48%
   6214  4415   238737.4630   283   149727.0000   243269.1134   756385   62.48%
Elapsed time = 50.88 sec. (140832.17 ticks, tree = 105.00 MB, solutions = 5)
   6514  4680   228225.2282   138   149727.0000   243258.9447   783031   62.47%
   6841  4980   240324.4309   235   149727.0000   243253.0000   809155   62.46%
   7140  5248   238188.4362   353   149727.0000   243242.3133   836362   62.46%
   7413  5489   242204.5716   287   149727.0000   243235.2395   862782   62.45%
   7724  5762   243129.8260   240   149727.0000   243228.2266   889418   62.45%
   7925  5937   236427.3497   195   149727.0000   243223.2468   915404   62.44%
   8098  6080   235650.5712   255   149727.0000   243216.3040   940725   62.44%
   8323  6279   233012.9226   224   149727.0000   243213.8362   967392   62.44%
   8568  6493   240142.9758   259   149727.0000   243211.1428   994698   62.44%
   8774  6681   241454.6542   360   149727.0000   243210.2861  1021529   62.44%
Elapsed time = 64.56 sec. (179055.93 ticks, tree = 151.22 MB, solutions = 5)
   8970  6851   240572.6408   346   149727.0000   243207.9970  1048522   62.43%
   9239  7093   242600.4460   379   149727.0000   243199.2479  1075018   62.43%
   9443  7267   241856.3729   140   149727.0000   243193.0633  1102014   62.42%
   9668  7471   243089.0578   356   149727.0000   243190.6210  1128384   62.42%
   9837  7612   236883.8675   194   149727.0000   243183.4923  1154362   62.42%
* 10008+ 7763                       154302.0000   243179.7813            57.60%
  10028  7781    infeasible         154302.0000   243179.7813  1181449   57.60%
  10272  7991   241442.1977   228   154302.0000   243174.4839  1207734   57.60%
  10459  8157   236270.4859   242   154302.0000   243166.5000  1232876   57.59%
  10678  8342   239893.9726   252   154302.0000   243138.4010  1258964   57.57%
  10882  8510   237528.4056   324   154302.0000   243129.6148  1284253   57.57%
Elapsed time = 78.18 sec. (217433.68 ticks, tree = 204.41 MB, solutions = 6)
* 11088+ 8710                       154866.0000   243129.5795            56.99%
* 11088+ 8710                       154927.0000   243129.5795            56.93%
* 11088+ 8710                       155253.0000   243129.5795            56.60%
* 11088+ 8710                       155474.0000   243129.5795            56.38%
* 11088+ 8710                       155780.0000   243129.5795            56.07%
* 11088+ 8710                       155874.0000   243129.5795            55.98%
* 11088+ 8710                       155928.0000   243129.5795            55.92%
* 11088+ 8710                       160567.0000   243129.5795            51.42%
* 11088+ 8710                       160597.0000   243129.5795            51.39%
  11089  8713   242589.1679   369   160597.0000   243129.5133  1298696   51.39%
* 11090+ 8712                       162263.0000   243129.5133            49.84%
  11090  8714   243062.1167   203   162263.0000   243128.0191  1298835   49.84%
  11348  8939   241487.0587   294   162263.0000   243119.0788  1324875   49.83%
  11563  9127   236668.2819   190   162263.0000   243110.8081  1351302   49.83%
  11787  9317   236582.8942   292   162263.0000   243104.1733  1378236   49.82%
  12018  9512   239472.8364   155   162263.0000   243100.0455  1404532   49.82%
  12207  9665   240728.8286   296   162263.0000   243092.6196  1431763   49.81%
  12402  9831   236135.0818   308   162263.0000   243088.0392  1457811   49.81%
  12601 10001   241954.4522   224   162263.0000   243081.1129  1484753   49.81%
  12812 10165   242618.6977   312   162263.0000   243071.9000  1512316   49.80%
Elapsed time = 97.25 sec. (265944.68 ticks, tree = 249.63 MB, solutions = 16)
  13029 10343   242165.0864   243   162263.0000   243066.6912  1538990   49.80%
  13240 10518   240665.3427   296   162263.0000   243063.5764  1565888   49.80%
  13474 10713   235761.6162   154   162263.0000   243061.9605  1592297   49.80%
  13700 10901   238860.9123   249   162263.0000   243056.6652  1618646   49.79%
  13911 11084   240951.4484   327   162263.0000   243054.0000  1644659   49.79%
  14113 11253   241808.7292   265   162263.0000   243051.5429  1670665   49.79%
  14314 11424   239239.4382   206   162263.0000   243047.5000  1698320   49.79%
  14515 11595   236750.5472   247   162263.0000   243045.7099  1724693   49.79%
  14682 11714    infeasible         162263.0000   243036.7270  1751520   49.78%
  14875 11885   239162.6767   173   162263.0000   243031.3689  1777703   49.78%
Elapsed time = 110.91 sec. (304290.43 ticks, tree = 292.59 MB, solutions = 16)
  15129 12101   239067.4187   153   162263.0000   243029.0842  1803962   49.77%
  15301 12233   242403.8672   293   162263.0000   243024.5584  1830967   49.77%
  15531 12433   229620.7036   222   162263.0000   243016.3455  1857396   49.77%
  15742 12613   239026.2826   320   162263.0000   243013.6017  1882993   49.77%
  15999 12827   239537.8955   219   162263.0000   243010.6111  1909292   49.76%
  16186 12981   241130.6522   250   162263.0000   243005.8458  1935030   49.76%
  16429 13188    infeasible         162263.0000   243002.0798  1961182   49.76%
  16641 13353   238754.9317   288   162263.0000   242999.8820  1987434   49.76%
  16870 13550   224770.4875   262   162263.0000   242994.4576  2013630   49.75%
  17120 13758   240133.4376   251   162263.0000   242986.5007  2039760   49.75%
Elapsed time = 124.52 sec. (342563.71 ticks, tree = 344.40 MB, solutions = 16)
  17335 13939   240390.2517   335   162263.0000   242983.0000  2067813   49.75%
  17571 14139   239275.3750   177   162263.0000   242975.5110  2094592   49.74%
  17848 14380   239843.3145   284   162263.0000   242972.3475  2121501   49.74%
  18041 14530   241387.0341   172   162263.0000   242966.5973  2148990   49.74%
  18212 14667   241747.2057   201   162263.0000   242963.0321  2174862   49.73%
  18430 14855   240977.9389   358   162263.0000   242959.1670  2201148   49.73%
  18641 15032    infeasible         162263.0000   242955.9867  2225836   49.73%
  18781 15140   239541.0732   249   162263.0000   242949.7812  2252832   49.73%
  18958 15283   241226.0081   233   162263.0000   242941.5981  2279238   49.72%
  19147 15438   237602.3848   264   162263.0000   242936.2484  2304571   49.72%
Elapsed time = 138.19 sec. (380867.70 ticks, tree = 388.23 MB, solutions = 16)
  19366 15615    infeasible         162263.0000   242930.2949  2330789   49.71%
  19601 15815   235422.2679   195   162263.0000   242923.6686  2357866   49.71%
  19830 16002   235116.0726   258   162263.0000   242919.5247  2384522   49.71%
  20010 16122   240007.5181   403   162263.0000   242914.4147  2410156   49.70%
  20276 16352   239083.4351   241   162263.0000   242910.7461  2438273   49.70%
  20469 16489   240898.8834   148   162263.0000   242908.4570  2464368   49.70%
  20653 16643   237925.5245   161   162263.0000   242907.4145  2489468   49.70%
  20835 16779   242492.1324   288   162263.0000   242902.5279  2516118   49.70%
  21068 16966   237616.4840   201   162263.0000   242900.2765  2543870   49.70%
  21282 17149    infeasible         162263.0000   242896.2000  2571677   49.69%
Elapsed time = 152.10 sec. (419326.21 ticks, tree = 432.76 MB, solutions = 16)

Performing restart 2

Repeating presolve.
Tried aggregator 1 time.
MIP Presolve modified 1416 coefficients.
Reduced MIP has 3390 rows, 1620 columns, and 24660 nonzeros.
Reduced MIP has 1248 binaries, 372 generals, 0 SOSs, and 0 indicators.
Presolve time = 0.01 sec. (16.40 ticks)
Tried aggregator 1 time.
Reduced MIP has 3390 rows, 1620 columns, and 24660 nonzeros.
Reduced MIP has 1248 binaries, 372 generals, 0 SOSs, and 0 indicators.
Presolve time = 0.01 sec. (15.26 ticks)
Represolve time = 0.06 sec. (87.68 ticks)
  21392     0   244207.9351   246   162263.0000     Cuts: 108  2589585   49.69%
  21392     0   244173.5547   213   162263.0000      Cuts: 43  2589748   49.69%
  21392     0   244173.5547   238   162263.0000     Cuts: 205  2589810   49.69%
  21392     0   244154.0000   209   162263.0000      Cuts: 39  2589987   49.69%
  21392     0   244154.0000   183   162263.0000     Cuts: 161  2590012   49.69%
  21392     0   244142.8358   205   162263.0000      Cuts: 68  2590223   49.69%
  21392     0   244110.2714   213   162263.0000     Cuts: 179  2590540   49.69%
  21392     0   244095.9712   381   162263.0000     Cuts: 138  2590880   49.69%
  21392     0   244095.9528   390   162263.0000     Cuts: 101  2590950   49.69%
  21392     2   244095.9528   386   162263.0000   242894.5375  2590950   49.69%
  21397     7   244037.0000   197   162263.0000   242894.5375  2591967   49.69%
  21403    13   242130.6078   243   162263.0000   242894.5375  2596133   49.69%
  21412    22   242876.0965   213   162263.0000   242894.5375  2599181   49.69%
  21425    35   241922.1905   263   162263.0000   242894.5375  2606670   49.69%
  21437    47   241177.4927   393   162263.0000   242894.5375  2610331   49.69%
  21451    57   243807.2466   545   162263.0000   242894.5375  2615075   49.69%
  21486    92   242941.7046   225   162263.0000   242894.5375  2624357   49.69%
  21531   127   236890.8475   357   162263.0000   242894.5375  2639831   49.69%
  21578   168   243602.7198   589   162263.0000   242894.5375  2656632   49.69%
Elapsed time = 166.64 sec. (462394.72 ticks, tree = 0.76 MB, solutions = 16)
  21619   209   243062.4270   441   162263.0000   242894.5375  2663310   49.69%
  21757   343   195835.3773   113   162263.0000   242894.5375  2681224   49.69%
  21861   439   234441.3214   485   162263.0000   242894.5375  2708082   49.69%
  21990   560   239209.0041   181   162263.0000   242894.5375  2743663   49.69%
  22193   746   241653.3746   242   162263.0000   242894.5375  2778490   49.69%
  22398   945   242716.5695   414   162263.0000   242894.5375  2815082   49.69%
  22634  1168   243401.5000   171   162263.0000   242894.5375  2853627   49.69%
  22724  1246   241279.1692   321   162263.0000   242894.5375  2890293   49.69%
  22843  1357   237263.8765   372   162263.0000   242894.5375  2927549   49.69%
  22962  1464   240185.6804   373   162263.0000   242894.5375  2969547   49.69%
Elapsed time = 180.04 sec. (500930.94 ticks, tree = 2.20 MB, solutions = 16)
  23097  1583   243035.4457   325   162263.0000   242894.5375  3008151   49.69%
  23246  1718   241123.5928   526   162263.0000   242894.5375  3052453   49.69%
  23422  1880   235654.8847   265   162263.0000   242894.5375  3097113   49.69%
  23512  1955   239134.1304   404   162263.0000   242894.5375  3137275   49.69%
  23658  2089   239139.3405   417   162263.0000   242894.5375  3181504   49.69%
  23845  2258   241385.0107   335   162263.0000   242894.5375  3225522   49.69%
  24042  2441   242095.3589   263   162263.0000   242894.5375  3268391   49.69%
  24159  2548   239448.7372   211   162263.0000   242894.5375  3312367   49.69%
  24270  2643   234876.5137   315   162263.0000   242894.5375  3354651   49.69%
  24383  2746   243146.3734   216   162263.0000   242894.5375  3399102   49.69%
Elapsed time = 193.58 sec. (539334.11 ticks, tree = 3.70 MB, solutions = 16)
  24531  2882   239994.7883   334   162263.0000   242894.5375  3443610   49.69%
  24646  2987   242373.4297   318   162263.0000   242894.5375  3483641   49.69%
  24705  3032   240534.7928   402   162263.0000   242894.5375  3525864   49.69%
  24845  3162   240196.8511   244   162263.0000   242894.5375  3568619   49.69%
  25029  3332   242292.0408   233   162263.0000   242894.5375  3612374   49.69%
  25193  3481   243377.7500   189   162263.0000   242894.5375  3656447   49.69%
  25267  3543    infeasible         162263.0000   242894.5375  3699093   49.69%
  25357  3613   240987.7275   571   162263.0000   242894.5375  3739407   49.69%
  25524  3766   240510.9485   307   162263.0000   242894.5375  3780917   49.69%
  25645  3873   237816.3530   296   162263.0000   242894.5375  3824094   49.69%
Elapsed time = 206.82 sec. (577705.82 ticks, tree = 5.15 MB, solutions = 16)
  25769  3981   241362.6813   335   162263.0000   242894.5375  3868153   49.69%
  25905  4103   234678.0954   354   162263.0000   242894.5375  3909277   49.69%
  26081  4259   239711.5143   410   162263.0000   242894.5375  3956114   49.69%
  26237  4397   241761.5854   437   162263.0000   242894.5375  4000481   49.69%
  26392  4534   234985.5118   229   162263.0000   242894.5375  4045705   49.69%
  26518  4642   234020.2611   197   162263.0000   242894.5375  4087562   49.69%
  26645  4755   227780.4361   196   162263.0000   242894.5375  4132502   49.69%
  26776  4870   242938.4248   225   162263.0000   242894.5375  4177146   49.69%
  26882  4958    infeasible         162263.0000   242894.5375  4222545   49.69%
  27042  5106   238843.7922   281   162263.0000   242894.5375  4265003   49.69%
Elapsed time = 220.50 sec. (616476.66 ticks, tree = 6.80 MB, solutions = 16)
  27241  5286   243396.0000   231   162263.0000   242894.5375  4309554   49.69%
  27409  5444   241493.2298   224   162263.0000   242894.5375  4354666   49.69%
  27557  5572    infeasible         162263.0000   242894.5375  4400768   49.69%
  27730  5731   242818.5230   539   162263.0000   242894.5375  4445164   49.69%
  27834  5813   240945.8922   206   162263.0000   242894.5375  4488333   49.69%
  27979  5944   233323.3667   285   162263.0000   242894.5375  4534368   49.69%
  28106  6051   240932.4493   420   162263.0000   242894.5375  4578776   49.69%
  28219  6146    infeasible         162263.0000   242894.5375  4622681   49.69%
  28304  6219   235046.6667   212   162263.0000   242894.5375  4665856   49.69%
  28512  6409   240186.4441   200   162263.0000   242894.5375  4710677   49.69%
Elapsed time = 234.12 sec. (654940.67 ticks, tree = 8.39 MB, solutions = 16)
  28655  6530    infeasible         162263.0000   242894.5375  4755138   49.69%
  28787  6650   238086.2122   301   162263.0000   242894.5375  4799673   49.69%
  28948  6797   240486.8113   345   162263.0000   242894.5375  4844377   49.69%
  29090  6918   242410.0018   432   162263.0000   242894.5375  4889681   49.69%
  29197  7005   241251.6613   248   162263.0000   242894.5375  4933190   49.69%
  29328  7119   241886.3214   335   162263.0000   242894.5375  4977396   49.69%
  29499  7278   238161.4100   334   162263.0000   242894.5375  5021989   49.69%
  29607  7364   240712.1743   306   162263.0000   242894.5375  5064117   49.69%
  29708  7447   240400.6013   237   162263.0000   242894.5375  5108293   49.69%
  29874  7603   238803.5986   385   162263.0000   242894.5375  5150201   49.69%
Elapsed time = 247.67 sec. (693490.55 ticks, tree = 9.80 MB, solutions = 16)
  29982  7691   242633.5395   279   162263.0000   242894.5375  5194794   49.69%
  30074  7759   241762.0956   442   162263.0000   242894.5375  5237885   49.69%
  30207  7874   240149.8233   327   162263.0000   242894.5375  5281920   49.69%
  30358  8015   240302.0116   346   162263.0000   242894.5375  5327106   49.69%
  30505  8144   241895.1615   391   162263.0000   242894.5375  5371660   49.69%
  30613  8236   238889.5687   339   162263.0000   242894.5375  5414972   49.69%
  30780  8387   231430.3663   282   162263.0000   242894.5375  5460371   49.69%
  30891  8472   242062.3565   292   162263.0000   242894.5375  5502944   49.69%
  31018  8573   242045.6353   346   162263.0000   242894.5375  5546670   49.69%
  31139  8674   240498.3088   312   162263.0000   242894.5375  5590359   49.69%
Elapsed time = 261.00 sec. (731848.68 ticks, tree = 11.40 MB, solutions = 16)
  31347  8864   242275.9989   305   162263.0000   242894.5375  5634506   49.69%
  31494  8999   241343.9437   246   162263.0000   242894.5375  5677729   49.69%
  31619  9106   238290.8214   305   162263.0000   242894.5375  5720512   49.69%
  31732  9199   241912.9909   262   162263.0000   242894.5375  5764390   49.69%
  31828  9277   236950.2500   277   162263.0000   242894.5375  5805031   49.69%
  31972  9401   240994.9110   427   162263.0000   242894.5375  5848485   49.69%
  32082  9499   234807.8383   404   162263.0000   242894.5375  5890741   49.69%
  32226  9623   240270.3386   230   162263.0000   242894.5375  5936052   49.69%
  32365  9744   238409.1419   203   162263.0000   242894.5375  5980628   49.69%
  32497  9852   233046.6575   255   162263.0000   242894.5375  6027422   49.69%
Elapsed time = 274.26 sec. (770281.13 ticks, tree = 12.73 MB, solutions = 16)
  32646  9983   242422.5000   227   162263.0000   242894.5375  6073265   49.69%
  32786 10107   239232.6710   351   162263.0000   242894.5375  6117804   49.69%
  32907 10216    infeasible         162263.0000   242894.5375  6163421   49.69%
  33036 10327   242520.8039   407   162263.0000   242894.5375  6205318   49.69%
  33142 10409   236711.3023   275   162263.0000   242894.5375  6248819   49.69%
  33378 10629   211929.7495   159   162263.0000   242894.5375  6293923   49.69%
  33523 10748   243047.4359   423   162263.0000   242894.5375  6335993   49.69%
  33641 10850   242372.0787   237   162263.0000   242894.5375  6379812   49.69%
  33828 11029   236629.4146   167   162263.0000   242894.5375  6424549   49.69%
  33991 11168   242399.0339   314   162263.0000   242894.5375  6469457   49.69%
Elapsed time = 287.71 sec. (808639.29 ticks, tree = 14.26 MB, solutions = 16)
  34110 11271   242788.4048   225   162263.0000   242894.5375  6514226   49.69%
  34204 11351   237218.7876   293   162263.0000   242894.5375  6556188   49.69%
  34340 11461   239811.4931   391   162263.0000   242894.5375  6601873   49.69%
  34434 11537   240395.8182   310   162263.0000   242894.5375  6646851   49.69%
  34541 11628   239973.9824   281   162263.0000   242894.5375  6691438   49.69%
  34669 11728   242515.5742   341   162263.0000   242894.5375  6735374   49.69%
  34757 11794   236209.1668   235   162263.0000   242894.5375  6776625   49.69%
  34947 11958   241746.7661   333   162263.0000   242894.5375  6803248   49.69%
  35162 12152   230892.9374   221   162263.0000   242894.5375  6830518   49.69%
  35353 12309   242394.5352   239   162263.0000   242894.5375  6857079   49.69%
Elapsed time = 301.24 sec. (847217.91 ticks, tree = 24.39 MB, solutions = 16)
  35515 12445   235514.5772   237   162263.0000   242894.5375  6882826   49.69%
  35661 12557   242171.1757   466   162263.0000   242894.5375  6909366   49.69%
  35868 12738   242307.5433   220   162263.0000   242894.5375  6935341   49.69%
  36038 12882    infeasible         162263.0000   242894.5375  6961305   49.69%
  36201 13017   241255.1778   234   162263.0000   242894.5375  6986303   49.69%
  36318 13108    infeasible         162263.0000   242894.5375  7012859   49.69%
  36537 13307   242523.0033   302   162263.0000   242894.5375  7039609   49.69%
  36736 13488   240652.4848   300   162263.0000   242894.5375  7065703   49.69%
  36978 13712   238215.3036   238   162263.0000   242894.5375  7093244   49.69%
  37180 13868   238681.3616   341   162263.0000   242894.5375  7120132   49.69%
Elapsed time = 314.98 sec. (885531.30 ticks, tree = 56.44 MB, solutions = 16)
  37317 13967   239687.6959   299   162263.0000   242894.5375  7147057   49.69%
  37497 14121    infeasible         162263.0000   242894.5375  7173405   49.69%
  37637 14231   239824.1959   267   162263.0000   242894.5375  7200733   49.69%
  37820 14388   240751.2969   433   162263.0000   242894.5375  7227321   49.69%
  37957 14489    infeasible         162263.0000   242894.5375  7253415   49.69%
  38176 14678   241977.6000   300   162263.0000   242894.5375  7280760   49.69%
  38410 14896   240851.5755   300   162263.0000   242894.5375  7306225   49.69%
  38509 14963   242487.4588   310   162263.0000   242894.5375  7332372   49.69%
  38758 15184   241877.1920   252   162263.0000   242894.5375  7357920   49.69%
  38903 15301   241586.5272   527   162263.0000   242894.5375  7384158   49.69%
Elapsed time = 328.76 sec. (923985.90 ticks, tree = 86.59 MB, solutions = 16)
  39215 15591   234077.0171   359   162263.0000   242894.5375  7411866   49.69%
  39426 15776   241345.9181   289   162263.0000   242894.5375  7439422   49.69%
  39599 15923    infeasible         162263.0000   242894.5375  7465674   49.69%
  39738 16036   242114.5978   239   162263.0000   242894.5375  7491610   49.69%
  39940 16208   235347.1587   257   162263.0000   242894.5375  7518796   49.69%
  40099 16339   238096.5224   259   162263.0000   242894.5375  7544740   49.69%
  40219 16429    infeasible         162263.0000   242894.5375  7572633   49.69%
  40472 16657   239377.3366   227   162263.0000   242894.5375  7600299   49.69%
  40660 16807   242185.0741   171   162263.0000   242894.5375  7627195   49.69%
  40784 16893    infeasible         162263.0000   242894.5375  7654172   49.69%
Elapsed time = 342.82 sec. (962561.66 ticks, tree = 114.03 MB, solutions = 16)
  40920 17003   239614.5374   331   162263.0000   242894.5375  7680755   49.69%
  41149 17198   240271.1362   249   162263.0000   242894.5375  7707569   49.69%
  41311 17336   237948.4309   373   162263.0000   242894.5375  7733862   49.69%
  41460 17461   242305.2955   254   162263.0000   242894.5375  7760146   49.69%
  41610 17579   241282.5026   224   162263.0000   242894.5375  7788380   49.69%
  41734 17671   242822.9536   321   162263.0000   242894.5375  7815351   49.69%
  41900 17809   242711.9911   240   162263.0000   242894.5375  7842592   49.69%
  42179 18064   242530.1341   346   162263.0000   242894.5375  7869372   49.69%
  42323 18170   242589.6528   247   162263.0000   242894.5375  7895694   49.69%
  42480 18300    infeasible         162263.0000   242894.5375  7922714   49.69%
Elapsed time = 356.79 sec. (1001287.91 ticks, tree = 151.18 MB, solutions = 16)
  42662 18450   241141.7308   284   162263.0000   242894.5375  7948097   49.69%
  42857 18615   240280.6092   287   162263.0000   242894.5375  7975597   49.69%
  43004 18724   240006.3157   303   162263.0000   242894.5375  8001369   49.69%
  43140 18832    infeasible         162263.0000   242894.5375  8029087   49.69%
  43339 18995    infeasible         162263.0000   242894.5375  8056510   49.69%
  43552 19176   241433.4763   264   162263.0000   242894.5375  8083274   49.69%
  43686 19276   242105.1293   244   162263.0000   242894.5375  8109289   49.69%
  44026 19590   241152.5383   324   162263.0000   242894.5375  8134584   49.69%
  44237 19787   211608.3353   176   162263.0000   242894.5375  8160909   49.69%
  44497 20027   241742.1313   405   162263.0000   242894.5375  8187549   49.69%
Elapsed time = 370.84 sec. (1039888.61 ticks, tree = 187.34 MB, solutions = 16)
  44673 20171   241977.2500   154   162263.0000   242894.5375  8214680   49.69%
  44838 20310    infeasible         162263.0000   242894.5375  8241215   49.69%
  45058 20500   240582.7817   429   162263.0000   242894.5375  8268822   49.69%
  45215 20629   238702.3113   251   162263.0000   242894.5375  8295019   49.69%
  45391 20771   242696.2177   207   162263.0000   242894.5375  8321904   49.69%
  45510 20860   239464.0000   258   162263.0000   242894.5375  8347538   49.69%
  45768 21096   239462.3333   175   162263.0000   242894.5375  8373786   49.69%
  45963 21255   238150.4967   251   162263.0000   242894.5375  8399569   49.69%
  46163 21435   235440.5956   399   162263.0000   242894.5375  8426028   49.69%
  46313 21553   240805.8389   273   162263.0000   242894.5375  8452109   49.69%
Elapsed time = 384.60 sec. (1078261.74 ticks, tree = 221.62 MB, solutions = 16)
  46491 21697   242154.1954   212   162263.0000   242894.5375  8479200   49.69%
  46648 21828   242709.2008   211   162263.0000   242894.5375  8504953   49.69%
  46831 21977   241882.7373   202   162263.0000   242894.5375  8531126   49.69%
  47133 22259   242487.6236   412   162263.0000   242894.5375  8557554   49.69%
  47387 22491   239536.5827   295   162263.0000   242894.5375  8584532   49.69%
  47558 22622    infeasible         162263.0000   242894.5375  8612723   49.69%
  47724 22760   240768.4208   282   162263.0000   242894.5375  8639511   49.69%
  47913 22925   240642.1081   375   162263.0000   242894.5375  8666769   49.69%
  48148 23136    infeasible         162263.0000   242894.5375  8694175   49.69%
  48310 23274    infeasible         162263.0000   242894.5375  8721335   49.69%
Elapsed time = 398.44 sec. (1116712.84 ticks, tree = 250.06 MB, solutions = 16)
  48487 23429   231834.1381   284   162263.0000   242894.5375  8747125   49.69%
  48676 23588   241822.7974   190   162263.0000   242894.5375  8772423   49.69%
  48860 23742   238554.9751   389   162263.0000   242894.5375  8799503   49.69%
  49064 23916   240428.6012   308   162263.0000   242894.5375  8826407   49.69%
  49334 24157   236196.4756   312   162263.0000   242894.5375  8852986   49.69%
  49563 24358   241921.6349   418   162263.0000   242894.5375  8880299   49.69%
  49811 24582   241163.4604   304   162263.0000   242894.5375  8907471   49.69%
  50013 24756   239819.1772   202   162263.0000   242894.5375  8933941   49.69%
  50291 25006   235603.0620   501   162263.0000   242894.5375  8961068   49.69%
  50483 25178    infeasible         162263.0000   242894.5375  8988165   49.69%
Elapsed time = 412.24 sec. (1155074.41 ticks, tree = 288.19 MB, solutions = 16)
  50646 25313   241442.9070   404   162263.0000   242894.5375  9014506   49.69%
  50841 25482   239079.8352   425   162263.0000   242894.5375  9040771   49.69%
  51036 25649   238138.9943   338   162263.0000   242894.5375  9067319   49.69%
  51297 25880    infeasible         162263.0000   242894.5375  9095099   49.69%
  51426 25977   240072.2322   281   162263.0000   242889.8648  9120318   49.69%
  51594 26113   235232.5227   179   162263.0000   242886.5681  9146962   49.69%
  51754 26237   239320.7393   446   162263.0000   242883.6346  9174226   49.69%
  51876 26327   241501.8215   299   162263.0000   242881.4270  9200196   49.68%
  52040 26463   241215.4699   309   162263.0000   242878.6226  9227069   49.68%
  52266 26671   241373.7655   211   162263.0000   242876.9722  9252024   49.68%
Elapsed time = 425.99 sec. (1193508.11 ticks, tree = 321.02 MB, solutions = 16)
  52486 26859   242672.4650   337   162263.0000   242875.3782  9278872   49.68%
  52677 27014   240200.6815   217   162263.0000   242873.7414  9304731   49.68%
  52880 27199   238668.8044   379   162263.0000   242871.6938  9330484   49.68%
  53050 27339   237087.2110   289   162263.0000   242868.5465  9358154   49.68%
  53205 27463   242612.4581   392   162263.0000   242865.7915  9385046   49.67%
  53391 27631   241769.1961   270   162263.0000   242864.7585  9411156   49.67%
  53663 27883   232453.6552   170   162263.0000   242864.1308  9438420   49.67%
  53857 28049   239571.9594   335   162263.0000   242862.5576  9464483   49.67%
  54036 28204   236585.7627   223   162263.0000   242861.1983  9490870   49.67%
  54266 28407   236888.7370   400   162263.0000   242858.5209  9517327   49.67%
Elapsed time = 439.66 sec. (1231909.19 ticks, tree = 352.91 MB, solutions = 16)
  54476 28581   241988.5883   218   162263.0000   242857.2008  9544819   49.67%
  54646 28731   225474.1238   348   162263.0000   242856.8539  9572581   49.67%
  54791 28838   242296.8500   353   162263.0000   242853.0000  9598791   49.67%
  54915 28930   240399.9346   199   162263.0000   242850.3155  9625176   49.66%
  55152 29141   241047.6106   219   162263.0000   242848.3045  9650476   49.66%
  55326 29285   242398.6991   308   162263.0000   242847.2301  9677080   49.66%
  55538 29477   239535.6609   490   162263.0000   242846.0078  9702476   49.66%
  55800 29721   218890.8305   241   162263.0000   242844.5733  9729251   49.66%
  56026 29915   242301.6543   236   162263.0000   242843.7304  9755759   49.66%
  56182 30039    infeasible         162263.0000   242843.3543  9782439   49.66%
Elapsed time = 453.49 sec. (1270306.28 ticks, tree = 390.10 MB, solutions = 16)
  56335 30166    infeasible         162263.0000   242842.2662  9809194   49.66%
  56465 30268    infeasible         162263.0000   242840.3539  9836592   49.66%
  56665 30438   240957.7327   243   162263.0000   242839.3835  9863087   49.66%
  56795 30530   240507.3831   281   162263.0000   242836.0198  9890015   49.66%
  56943 30646   241018.8005   303   162263.0000   242834.4271  9916135   49.65%
  57113 30784   232415.5781   198   162263.0000   242833.6944  9942680   49.65%
  57408 31040   236516.2610   443   162263.0000   242832.7273  9970393   49.65%
  57571 31163    infeasible         162263.0000   242830.3288  9997008   49.65%
  57797 31361   241962.0000   178   162263.0000   242828.6985 10023136   49.65%
  57969 31497   241232.4000   204   162263.0000   242826.5791 10048940   49.65%
Elapsed time = 467.54 sec. (1308912.46 ticks, tree = 421.17 MB, solutions = 16)
  58113 31625   234665.2117   285   162263.0000   242826.1175 10075030   49.65%
  58292 31776   238853.0403   230   162263.0000   242825.0580 10101474   49.65%
  58546 32001   241731.2757   227   162263.0000   242823.7480 10128891   49.65%
  58812 32247   218053.9303   263   162263.0000   242822.6044 10155595   49.65%
  58956 32347   241995.0798   268   162263.0000   242820.7923 10182170   49.65%
  59116 32465   239587.6491   203   162263.0000   242818.9694 10208878   49.65%
  59263 32582   242180.1906   342   162263.0000   242818.0417 10234855   49.64%
  59414 32705   240482.1580   321   162263.0000   242816.5700 10262134   49.64%
  59615 32878   223567.5270   263   162263.0000   242815.3418 10288460   49.64%
  59783 33011   239554.2021   260   162263.0000   242813.0245 10315276   49.64%
Elapsed time = 481.32 sec. (1347378.50 ticks, tree = 451.62 MB, solutions = 16)
  59983 33183   237876.9850   286   162263.0000   242811.3654 10341802   49.64%
  60126 33290   241922.1500   360   162263.0000   242809.8233 10367527   49.64%
  60380 33518   228138.4008   180   162263.0000   242809.0769 10394074   49.64%
  60594 33706   239107.0059   336   162263.0000   242808.2560 10420197   49.64%
  60805 33885    infeasible         162263.0000   242806.3480 10447139   49.64%
  60962 34002   240471.7636   366   162263.0000   242804.0337 10472981   49.64%
  61141 34136   242032.9492   307   162263.0000   242800.4425 10499367   49.63%
  61374 34351   234856.4896   216   162263.0000   242798.5384 10525502   49.63%
  61569 34518   232044.3109   196   162263.0000   242797.5672 10552281   49.63%
  61730 34651   242060.7460   462   162263.0000   242796.5446 10578295   49.63%
Elapsed time = 495.09 sec. (1385907.44 ticks, tree = 489.53 MB, solutions = 16)
  61877 34768   240017.1223   240   162263.0000   242794.5181 10606119   49.63%
  62009 34876   237835.9672   288   162263.0000   242793.1960 10631061   49.63%
  62148 34981   242376.1934   323   162263.0000   242791.2965 10658536   49.63%
  62417 35221   242161.8690   450   162263.0000   242790.5803 10685227   49.63%
  62601 35377   241667.7970   232   162263.0000   242790.0734 10710995   49.63%
  62779 35521   241110.4343   365   162263.0000   242788.6783 10737163   49.63%
  62976 35692   240979.6061   381   162263.0000   242787.5961 10762811   49.63%
  63168 35862    infeasible         162263.0000   242786.4319 10788353   49.63%
  63330 35992   240931.8264   286   162263.0000   242782.3275 10814888   49.62%
  63521 36157   238297.1787   199   162263.0000   242781.6518 10841613   49.62%
Elapsed time = 508.95 sec. (1424423.83 ticks, tree = 512.99 MB, solutions = 16)
  63751 36354   242346.2300   459   162263.0000   242779.8958 10867607   49.62%
  63905 36480    infeasible         162263.0000   242778.1671 10893327   49.62%
  64117 36674   237952.2739   317   162263.0000   242775.2951 10919049   49.62%
  64299 36832    infeasible         162263.0000   242773.9836 10945817   49.62%
  64514 37029   239137.4082   520   162263.0000   242773.2097 10972347   49.62%
  64691 37174   238148.0782   292   162263.0000   242770.4866 10998199   49.62%
  64960 37419   240128.7670   227   162263.0000   242769.2675 11023889   49.61%
  65205 37629   241438.3299   343   162263.0000   242767.5218 11049861   49.61%
  65356 37748   241216.6833   306   162263.0000   242765.4865 11075444   49.61%
  65559 37923    infeasible         162263.0000   242764.8513 11102272   49.61%
Elapsed time = 522.81 sec. (1462901.81 ticks, tree = 548.82 MB, solutions = 16)
  65748 38090   242275.7786   325   162263.0000   242764.6005 11128454   49.61%
  65968 38280   234998.9941   338   162263.0000   242762.3068 11154392   49.61%
  66176 38456   240122.3076   212   162263.0000   242760.9688 11180145   49.61%
  66343 38593   241731.1569   252   162263.0000   242759.3509 11206446   49.61%
  66528 38750    infeasible         162263.0000   242757.3750 11233625   49.61%
  66664 38856   242435.7582   332   162263.0000   242755.8750 11258985   49.61%
  66876 39042    infeasible         162263.0000   242754.7226 11286031   49.61%
  67053 39191    infeasible         162263.0000   242753.6181 11312898   49.61%
  67215 39325   241549.8167   328   162263.0000   242750.7222 11338355   49.60%
  67411 39493    infeasible         162263.0000   242749.9600 11364775   49.60%
Elapsed time = 536.82 sec. (1501452.33 ticks, tree = 576.89 MB, solutions = 16)
  67642 39702   242046.9192   212   162263.0000   242747.3411 11390787   49.60%
  67864 39903   241797.2030   276   162263.0000   242746.4728 11417839   49.60%
  68076 40085   238493.3714   270   162263.0000   242745.5619 11444317   49.60%
  68290 40273    infeasible         162263.0000   242743.8367 11469488   49.60%
  68433 40384   238895.3151   230   162263.0000   242742.1470 11496222   49.60%
  68600 40519   237391.6035   188   162263.0000   242741.2400 11522588   49.60%
  68732 40615   241937.1394   318   162263.0000   242738.3258 11548789   49.60%
  68879 40739   241201.2895   330   162263.0000   242736.7690 11574787   49.59%
  69035 40873   240345.6491   175   162263.0000   242736.6177 11601380   49.59%
  69248 41068   235948.4422   194   162263.0000   242734.7045 11627594   49.59%
Elapsed time = 550.66 sec. (1539707.36 ticks, tree = 602.94 MB, solutions = 16)
  69431 41223   240201.3462   277   162263.0000   242734.1757 11654826   49.59%
  69625 41397   240164.6306   288   162263.0000   242733.5496 11681696   49.59%
  69797 41541   240529.6919   410   162263.0000   242732.9412 11707255   49.59%
  69975 41698   238599.1366   281   162263.0000   242732.2324 11734271   49.59%
  70141 41830   236727.9930   234   162263.0000   242730.0072 11760554   49.59%
  70281 41938   242287.9733   432   162263.0000   242728.6023 11787977   49.59%
  70462 42095   239235.8782   298   162263.0000   242726.5378 11813491   49.59%
  70670 42268   241618.9583   282   162263.0000   242725.7205 11839906   49.59%
  70902 42476   240610.8186   243   162263.0000   242724.8552 11866497   49.59%
  71057 42603   238819.7707   325   162263.0000   242724.3200 11892320   49.59%
Elapsed time = 564.67 sec. (1578240.96 ticks, tree = 626.39 MB, solutions = 16)
  71233 42753   241842.9038   377   162263.0000   242722.1067 11918374   49.59%
  71435 42927    infeasible         162263.0000   242721.2485 11945423   49.59%
  71587 43047   240862.4507   309   162263.0000   242720.0631 11970923   49.58%
  71734 43170   239768.7326   447   162263.0000   242718.5924 11996858   49.58%
  71888 43300   233599.9415   327   162263.0000   242716.8783 12022995   49.58%
  72093 43477   240363.7329   338   162263.0000   242716.2743 12048734   49.58%
  72254 43614   241341.3223   440   162263.0000   242715.5755 12074013   49.58%
  72522 43864   236423.6528   397   162263.0000   242714.7648 12101118   49.58%
  72646 43946   242271.1455   247   162263.0000   242712.4615 12127756   49.58%
  72862 44130   229910.6510   274   162263.0000   242710.7671 12152400   49.58%
Elapsed time = 578.50 sec. (1616526.00 ticks, tree = 649.53 MB, solutions = 16)
  73015 44253   238346.5825   302   162263.0000   242709.2923 12177482   49.58%
  73221 44423   242507.4924   450   162263.0000   242707.5575 12202685   49.58%
  73314 44492   241718.2137   428   162263.0000   242706.6863 12226200   49.58%
  73436 44586   242161.3328   390   162263.0000   242705.3676 12249207   49.58%
* 73492+44621                       162743.0000   242704.7483            49.13%
  73541 44652   239764.0000   175   162743.0000   242704.1420 12269541   49.13%
* 73592+44689                       162792.0000   242704.1420            49.09%
  73692 44767   235969.1940   348   162792.0000   242703.8281 12290794   49.09%
  73808 44858   240221.0000   199   162792.0000   242703.6055 12309896   49.09%
  73963 44993   239727.3353   274   162792.0000   242702.7601 12329211   49.09%
  74086 45080   241419.4017   338   162792.0000   242701.0998 12353560   49.09%
* 74092+45080                       164223.0000   242701.0998            47.79%
  74192 45158    infeasible         164223.0000   242699.9890 12373470   47.79%
Elapsed time = 593.02 sec. (1654943.69 ticks, tree = 676.31 MB, solutions = 19)
  74309 45249   241118.1677   309   164223.0000   242697.8992 12396221   47.79%
  74425 45331   238680.3884   313   164223.0000   242696.4052 12422281   47.78%
* 74492+45374                       164225.0000   242695.9710            47.78%
  74521 45403   235020.2398   213   164225.0000   242695.9710 12440181   47.78%
  74729 45579   236234.4075   376   164225.0000   242695.4289 12465746   47.78%
  74876 45698    infeasible         164225.0000   242694.2996 12488479   47.78%
* 74892+45706                       164340.0000   242693.6919            47.68%
  74964 45764   240911.1026   230   164340.0000   242692.9545 12502787   47.68%
  75070 45834   242115.4189   277   164340.0000   242690.6400 12527965   47.68%
  75192 45922   238824.6905   295   164340.0000   242689.7653 12552945   47.68%
  75378 46090   239456.6304   584   164340.0000   242689.6399 12572102   47.68%
  75474 46166   239621.7273   298   164340.0000   242688.8421 12587595   47.67%
Elapsed time = 607.86 sec. (1693963.71 ticks, tree = 697.14 MB, solutions = 21)
* 75592+46258                       164811.0000   242687.9834            47.25%
  75592 46260   238797.3047   217   164811.0000   242687.9834 12606571   47.25%
  75754 46390   232954.1750   257   164811.0000   242686.3494 12631736   47.25%
  75892 46514   240339.2299   249   164811.0000   242686.0163 12647833   47.25%
  76040 46646   236827.6250   161   164811.0000   242685.6667 12666360   47.25%
* 76092+46692                       168729.0000   242685.6350            43.83%
  76192 46766   240641.7312   275   168729.0000   242684.9670 12688747   43.83%
  76358 46908   238032.2897   183   168729.0000   242682.5661 12711944   43.83%
  76526 47044   241990.4904   391   168729.0000   242680.7143 12736261   43.83%
  76731 47233   236592.2609   302   168729.0000   242680.0466 12757550   43.83%
  76892 47370   235891.9295   288   168729.0000   242679.5114 12777639   43.83%
  77117 47561    infeasible         168729.0000   242677.4798 12803111   43.83%
Elapsed time = 624.65 sec. (1737222.67 ticks, tree = 730.84 MB, solutions = 23)
  77292 47708   239758.3320   343   168729.0000   242676.8333 12825896   43.83%
  77432 47812   242179.2500   178   168729.0000   242676.2555 12851533   43.83%
  77597 47963   241167.9747   359   168729.0000   242675.9154 12863229   43.83%
  77760 48104   237688.9167   397   168729.0000   242675.4626 12888030   43.83%
  77892 48208   236377.2151   257   168729.0000   242675.1215 12909269   43.83%
  78089 48397   235910.3852   228   168729.0000   242674.7681 12921276   43.83%
  78192 48478   240452.7662   366   168729.0000   242673.6680 12935974   43.82%
Advanced basis not built.

GUB cover cuts applied:  3
Clique cuts applied:  12
Cover cuts applied:  81
Implied bound cuts applied:  6
Flow cuts applied:  30
Mixed integer rounding cuts applied:  229
Zero-half cuts applied:  149
Gomory fractional cuts applied:  11

Root node processing (before b&c):
  Real time             =    0.27 sec. (661.91 ticks)
Sequential b&c:
  Real time             =  636.73 sec. (1768452.97 ticks)
                          ------------
Total (root+branch&cut) =  637.00 sec. (1769114.88 ticks)
[CPLEX] Status: time limit exceeded
[CPLEX] OPTIMAL OBJ: 168729.0
[CPLEX] Runtime: 637.008 sec
Vehicle 0: d → 16 → 30 → 20 → 12 → 0 → 15 → 29 → 25 → 23 → 26 → 19 → 4 → 24 → 9 → 14 → 21 → 8 → 17 → 27 → d, (requests = [5, 6, 7, 11, 12, 16, 22, 29, 35])
Vehicle 1: d → 2 → 22 → 27 → 3 → 7 → 8 → 21 → 14 → 28 → 9 → 24 → 4 → 19 → 23 → 13 → 25 → 6 → 15 → 29 → 11 → 0 → 12 → 20 → 18 → d, (requests = [0, 3, 4, 8, 10, 13, 14, 17, 18, 19, 25, 27, 28])
Vehicle 2: d → 28 → 4 → 19 → 23 → 25 → 15 → 11 → d, (requests = [2, 15])
Vehicle 3: d → 9 → 14 → 21 → 7 → 27 → 22 → 2 → d, (requests = [32])
Vehicle 4: d → 5 → 1 → 22 → 27 → 3 → 10 → 7 → 17 → 21 → d, (requests = [1, 21, 24])
Vehicle 5: d → 8 → 21 → 14 → 28 → 4 → 19 → 23 → 25 → 6 → 12 → 20 → 18 → d, (requests = [30, 33])
======== PPDSP OBJECTIVE ========
Profit    = 210623
Cost      = 41894
Objective = 168729
=================================
===== RAW XY MODEL =====
16 153 274 303 385 470 510 543 572 613 653 681 763 778 824 852 896 954 981 1009 1037 1111 1128 1172 1232 1257 1302 1337 1377 1429 1466 1501 1534 1632 1656 1683 1711 1756 1774 1797 1831 1892 1930 1964 2019 2340 2576 2684 2824 2954 3008 3093 3213 3411 3567 3618 3785 3995 4022 4202 4317 4394 4446 4501 4581 4667 4905 5043 5071 5207 5337 5718 5775 5848 5975 6047 6178 6202 6229 6257 6332 6377 6471 6571 2050 5367 3219 2056 2058 2059 2061 2063 2066 3230 3232 3235 3239 3242 3246 3247 3251 5401 5406 5419 5420 5434 5436 6623 6629 6634 6645 6655 6663 6670
  [Time Manager] Step 4 consumed 637.01s. Total Consumed: 1372.92s.
  [Info] Saved 6675 core assumption literals to p1_A-n32-k5_r36v6k3.lp.asm

[5/6] Building & Solving: R=45, V=8, K=3
Default row names c1, c2 ... being created.
  [Info] Generating MIP Formulation...
  [Time Manager] Global Remaining Budget: 2227.08s | Future Weight Sum: 2766.0
  [Time Manager] Recalibrated Budget for this step: 908.22s
[CPLEX] Setting time limit to 908 seconds
[CPLEX] Reading assumption from p1_A-n32-k5_r36v6k3.lp.asm ...
[CPLEX] Applying MIP Start with 6360 variables.
Version identifier: 22.1.1.0 | 2022-11-28 | 9160aff4d
CPXPARAM_Read_DataCheck                          1
CPXPARAM_Threads                                 1
CPXPARAM_TimeLimit                               908
1 of 1 MIP starts provided solutions.
MIP start 'm1' defined initial solution with objective 168729.0000.
Tried aggregator 1 time.
MIP Presolve eliminated 16 rows and 6824 columns.
MIP Presolve modified 4612 coefficients.
Reduced MIP has 4757 rows, 2232 columns, and 24520 nonzeros.
Reduced MIP has 1736 binaries, 496 generals, 0 SOSs, and 0 indicators.
Presolve time = 0.01 sec. (14.70 ticks)
Probing time = 0.00 sec. (3.00 ticks)
Tried aggregator 1 time.
Detecting symmetries...
Reduced MIP has 4757 rows, 2232 columns, and 24520 nonzeros.
Reduced MIP has 1736 binaries, 496 generals, 0 SOSs, and 0 indicators.
Presolve time = 0.01 sec. (16.13 ticks)
Probing time = 0.00 sec. (2.88 ticks)
Clique table members: 909.
MIP emphasis: balance optimality and feasibility.
MIP search method: dynamic search.
Parallel mode: none, using 1 thread.
Root relaxation solution time = 0.02 sec. (38.71 ticks)

        Nodes                                         Cuts/
   Node  Left     Objective  IInf  Best Integer    Best Bound    ItCnt     Gap

*     0+    0                       168729.0000  2611032.0000              --- 
      0     0   319891.0000   160   168729.0000   319891.0000     1017   89.59%
      0     0   319872.9366   227   168729.0000     Cuts: 217     1231   89.58%
      0     0   319808.8333   224   168729.0000      Cuts: 73     1374   89.54%
      0     0   319741.2603   223   168729.0000      Cuts: 75     1513   89.50%
      0     0   319602.4684   328   168729.0000      Cuts: 82     1807   89.42%
      0     0   319542.1525   353   168729.0000     Cuts: 158     1876   89.38%
      0     0   319215.1864   215   168729.0000      Cuts: 67     2109   89.19%
      0     0   319203.2500   302   168729.0000     Cuts: 151     2169   89.18%
      0     0   319171.0000   214   168729.0000  ZeroHalf: 27     2181   89.16%
      0     0   319171.0000   183   168729.0000      Cuts: 56     2188   89.16%
      0     0   319168.8889   247   168729.0000     Cuts: 122     2307   89.16%
      0     2   319168.8889   241   168729.0000   319168.7949     2307   89.16%
Elapsed time = 0.80 sec. (1792.05 ticks, tree = 0.01 MB, solutions = 1)
      4     6   318425.7390   224   168729.0000   319120.1392     4651   89.13%
      6     8   318284.7063   238   168729.0000   319120.1392     6608   89.13%
      8    10   318253.5705   338   168729.0000   319120.1392     7937   89.13%
     12    14   317827.9910   245   168729.0000   319120.1392     9202   89.13%
     16    18   317124.1832   235   168729.0000   319120.1392    11068   89.13%
     20    22   316786.6144   259   168729.0000   319120.1392    12515   89.13%
     26    28   316869.4313   270   168729.0000   319120.1392    14491   89.13%
     34    36   316129.6256   291   168729.0000   319120.1392    16389   89.13%
     43    45   315867.2135   263   168729.0000   319120.1392    18576   89.13%
    120   104   318321.4035   359   168729.0000   319043.4974    22983   89.09%
Elapsed time = 2.24 sec. (5458.20 ticks, tree = 2.53 MB, solutions = 1)
    144   128   317358.7903   251   168729.0000   319043.4974    27254   89.09%
    221   185   318705.2511   258   168729.0000   319043.4909    31809   89.09%
    278   233   318702.9144   245   168729.0000   318813.8542    37097   88.95%
    339   286   317689.1300   151   168729.0000   318803.0077    42776   88.94%
    392   335   317196.6063   258   168729.0000   318785.5637    47949   88.93%
    467   399   318698.9681   274   168729.0000   318781.1941    53150   88.93%

Performing restart 1

Repeating presolve.
Tried aggregator 1 time.
MIP Presolve modified 200 coefficients.
Reduced MIP has 4757 rows, 2232 columns, and 24520 nonzeros.
Reduced MIP has 1736 binaries, 496 generals, 0 SOSs, and 0 indicators.
Presolve time = 0.01 sec. (14.44 ticks)
Tried aggregator 1 time.
Reduced MIP has 4757 rows, 2232 columns, and 24520 nonzeros.
Reduced MIP has 1736 binaries, 496 generals, 0 SOSs, and 0 indicators.
Presolve time = 0.01 sec. (17.03 ticks)
Represolve time = 0.03 sec. (46.83 ticks)
    518     0   319089.3455   362   168729.0000     Cuts: 172    58941   88.92%
    518     0   318955.0000   234   168729.0000     Cuts: 118    59177   88.92%
    518     0   318851.6344   341   168729.0000      Cuts: 66    59558   88.92%
    518     0   318786.2772   349   168729.0000     Cuts: 210    59725   88.92%
    518     0   318730.5468   397   168729.0000      Cuts: 30    60217   88.90%
    518     0   318712.7027   391   168729.0000     Cuts: 165    60623   88.89%
    518     0   318701.0283   373   168729.0000     Cuts: 114    60706   88.88%
    518     0   318642.4652   396   168729.0000     Cuts: 138    61161   88.85%
    518     0   318618.3245   554   168729.0000     Cuts: 162    61522   88.83%
    518     0   318558.2017   279   168729.0000     Cuts: 178    61937   88.80%
    518     0   318555.5058   266   168729.0000      Cuts: 90    61962   88.80%
    518     0   318513.5141   253   168729.0000     Cuts: 112    62344   88.77%
    518     0   318500.6285   339   168729.0000     Cuts: 317    62464   88.76%
    518     0   318448.0000   228   168729.0000     Cuts: 132    62994   88.73%
    518     0   318448.0000   212   168729.0000     Cuts: 112    63030   88.73%
    518     0   318447.8676   243   168729.0000      Cuts: 65    63066   88.73%
    518     0   318406.7527   378   168729.0000     Cuts: 157    63523   88.71%
    518     0   318297.5556   353   168729.0000     Cuts: 245    63954   88.64%
*   518+    0                       173907.0000   318297.5556            83.03%
*   518+    0                       175855.0000   318297.5556            81.00%
    518     0   318239.1333   313   175855.0000     Cuts: 153    64382   80.97%
    518     0   318156.3874   296   175855.0000     Cuts: 217    64736   80.92%
    518     0   318148.5455   285   175855.0000     Cuts: 116    64774   80.92%
    518     0   318027.3139   314   175855.0000      Cuts: 25    65168   80.85%
    518     0   317925.0613   307   175855.0000     Cuts: 158    65405   80.79%
    518     0   317900.4134   428   175855.0000     Cuts: 224    65623   80.77%
    518     0   317896.2800   305   175855.0000      Cuts: 76    65756   80.77%
    518     0   317832.4619   375   175855.0000      Cuts: 90    66005   80.74%
    518     0   317820.2968   430   175855.0000     Cuts: 221    66225   80.73%
    518     2   317820.2968   413   175855.0000   317809.5499    66225   80.72%
    520     4   317734.7883   362   175855.0000   317734.6100    66941   80.68%
    521     5   317618.2062   242   175855.0000   317734.6100    67139   80.68%
    522     6   317557.5586   359   175855.0000   317734.6100    67731   80.68%
Elapsed time = 9.62 sec. (24621.42 ticks, tree = 0.01 MB, solutions = 3)
    524     8   317455.7750   337   175855.0000   317734.6100    69240   80.68%
    526    10   317253.7374   345   175855.0000   317734.6100    70342   80.68%
    528    12   316976.2393   271   175855.0000   317734.6100    73139   80.68%
    530    14   316831.9992   374   175855.0000   317734.6100    75112   80.68%
    532    16   316645.6028   472   175855.0000   317734.6100    76508   80.68%
    534    18   315113.9412   389   175855.0000   317734.6100    79121   80.68%
    535    19   314818.9167   304   175855.0000   317734.6100    81016   80.68%
    537    21   315037.3246   496   175855.0000   317734.6100    81710   80.68%
    538    22   314934.4854   391   175855.0000   317734.6100    81885   80.68%
    539    23   314848.8872   591   175855.0000   317734.6100    82526   80.68%
Elapsed time = 14.06 sec. (37907.46 ticks, tree = 0.23 MB, solutions = 3)
    541    23  -1.00000e+75   422   175855.0000   317734.6100    86173   80.68%
    546    24   317644.8294   341   175855.0000   317727.9598    88494   80.68%
    548    26   316588.3644   366   175855.0000   317648.5294    90541   80.63%
    550    28   316513.5400   395   175855.0000   317648.5294    91051   80.63%
    554    32   316379.8493   365   175855.0000   317648.5294    92181   80.63%
    558    36   316323.4016   238   175855.0000   317648.5294    92635   80.63%
    561    37    infeasible         175855.0000   317648.5294    95307   80.63%
    563    39   314148.7699   217   175855.0000   317648.5294   100317   80.63%
    567    43   313980.5972   485   175855.0000   317648.5294   102094   80.63%
    570    46   313919.1741   361   175855.0000   317648.5294   102526   80.63%
Elapsed time = 18.33 sec. (49558.69 ticks, tree = 1.04 MB, solutions = 3)
    573    49   313818.4125   490   175855.0000   317648.5294   103820   80.63%
    578    54   313177.3556   266   175855.0000   317648.5294   104782   80.63%
    584    60   312552.1013   358   175855.0000   317648.5294   107982   80.63%
    594    68   312534.0909   313   175855.0000   317648.5294   109146   80.63%
    605    79   312110.7732   327   175855.0000   317648.5294   111607   80.63%
    621    87   317597.6028   260   175855.0000   317643.2642   117011   80.63%
    626    92   317479.4765   332   175855.0000   317643.2642   117630   80.63%
    628    94   317314.5487   254   175855.0000   317643.2642   118114   80.63%
    631    97   316923.9687   443   175855.0000   317643.2642   118405   80.63%
    634   100   316870.0958   460   175855.0000   317643.2642   118579   80.63%
Elapsed time = 22.69 sec. (61775.84 ticks, tree = 2.52 MB, solutions = 3)
    636   102   313655.2228   270   175855.0000   317643.2642   121002   80.63%
    645   111   313453.7279   559   175855.0000   317643.2642   122518   80.63%
    648   114   313443.7816   553   175855.0000   317643.2642   122797   80.63%
    652   118   313248.5262   556   175855.0000   317643.2642   123603   80.63%
    657   123   312015.7085   366   175855.0000   317643.2642   125677   80.63%
    662   128   311838.7553   525   175855.0000   317643.2642   126678   80.63%
    668   134   311343.2885   479   175855.0000   317643.2642   127867   80.63%
    672   138   311002.8293   583   175855.0000   317643.2642   129005   80.63%
    679   145   309594.9376   478   175855.0000   317643.2642   130570   80.63%
    707   173   295241.9666   347   175855.0000   317643.2642   133876   80.63%
Elapsed time = 26.66 sec. (73106.33 ticks, tree = 2.63 MB, solutions = 3)
    735   201   293720.0279   325   175855.0000   317643.2642   135391   80.63%
    747   209   316778.7692   327   175855.0000   317643.1371   138065   80.63%
    755   217   315696.7500   439   175855.0000   317643.1371   140697   80.63%
    758   220   315477.4944   545   175855.0000   317643.1371   141662   80.63%
    760   222   315288.4328   555   175855.0000   317643.1371   142476   80.63%
    764   226   315220.0000   388   175855.0000   317643.1371   142951   80.63%
    771   233   314949.6667   264   175855.0000   317643.1371   143917   80.63%
    790   249    infeasible         175855.0000   317643.1371   147337   80.63%
    827   280   317358.6954   395   175855.0000   317633.2215   150559   80.62%
    839   292   314268.7741   692   175855.0000   317633.2215   153734   80.62%
Elapsed time = 31.00 sec. (84870.36 ticks, tree = 6.36 MB, solutions = 3)
    843   296   313863.0408   495   175855.0000   317633.2215   154695   80.62%
    856   305   317445.3427   268   175855.0000   317632.7370   157911   80.62%
    872   321   316428.7108   411   175855.0000   317632.7370   161253   80.62%
    887   336   316686.9358   312   175855.0000   317632.7370   164595   80.62%
    909   358   314237.9893   269   175855.0000   317632.7370   169670   80.62%
    918   363   317079.5521   325   175855.0000   317623.2657   173161   80.62%
    941   386   314012.6631   286   175855.0000   317623.2657   177630   80.62%
    965   406   317349.3010   266   175855.0000   317618.0168   180571   80.61%
    978   419   316898.9938   409   175855.0000   317618.0168   182693   80.61%
    992   433   316737.6529   337   175855.0000   317618.0168   184836   80.61%
Elapsed time = 34.75 sec. (95287.03 ticks, tree = 12.06 MB, solutions = 3)
   1013   454   315058.6478   307   175855.0000   317618.0168   187053   80.61%
   1036   477   297940.2739   250   175855.0000   317618.0168   191759   80.61%
   1069   506   317282.4681   505   175855.0000   317617.9367   195520   80.61%
   1098   534   312525.8143   339   175855.0000   317617.9367   200031   80.61%
   1107   539   316062.0288   389   175855.0000   317594.5726   202008   80.60%
   1127   559   313982.7919   409   175855.0000   317594.5726   206100   80.60%
   1158   588   312990.5488   271   175855.0000   317594.5726   209914   80.60%
   1207   637   310678.4564   309   175855.0000   317594.5726   213142   80.60%
   1246   672   303137.0402   237   175855.0000   317594.5726   216414   80.60%
   1272   694   316045.9923   394   175855.0000   317520.3401   220365   80.56%
Elapsed time = 38.46 sec. (105305.42 ticks, tree = 16.50 MB, solutions = 3)
   1284   702   316905.8754   458   175855.0000   317519.9941   224781   80.56%
   1313   730   314422.0353   494   175855.0000   317519.9941   229523   80.56%
   1355   771   310235.2615   309   175855.0000   317519.9941   233480   80.56%
   1387   799   316905.9167   271   175855.0000   317514.4577   237365   80.55%
   1399   811   316232.0835   322   175855.0000   317514.4577   240391   80.55%
   1415   821   317236.8850   377   175855.0000   317510.5189   246011   80.55%
   1436   842   316110.4589   192   175855.0000   317510.5189   249827   80.55%
   1453   858   310772.7514   397   175855.0000   317510.5189   253791   80.55%
   1475   880   306074.2398   282   175855.0000   317510.5189   257652   80.55%
   1579   973   316481.4524   372   175855.0000   317504.0704   274831   80.55%
Elapsed time = 43.12 sec. (118203.00 ticks, tree = 21.54 MB, solutions = 3)
   1639  1021   317318.2330   370   175855.0000   317478.8122   295874   80.53%
   1718  1094   314566.5543   408   175855.0000   317445.1247   313671   80.52%
   1859  1227   304446.7776   299   175855.0000   317440.9708   331074   80.51%
   1953  1313   312712.5489   295   175855.0000   317398.2151   347428   80.49%
   2066  1416   310013.1903   380   175855.0000   317368.9273   366581   80.47%
   2169  1499   315059.3807   433   175855.0000   317354.3436   385961   80.46%
   2242  1568   310150.9007   300   175855.0000   317351.4269   404067   80.46%
   2370  1681   316774.8710   229   175855.0000   317346.0662   422851   80.46%
   2466  1769   313544.1695   461   175855.0000   317334.4845   442941   80.45%
   2588  1874   311421.3423   225   175855.0000   317320.1667   461449   80.44%
Elapsed time = 57.00 sec. (156967.12 ticks, tree = 58.09 MB, solutions = 3)
   2669  1942   306666.0269   312   175855.0000   317317.7509   478348   80.44%
   2753  2011   314250.6602   355   175855.0000   317312.0022   497888   80.44%
   2866  2115   311694.2705   284   175855.0000   317310.5953   517278   80.44%
   2985  2223   315505.3216   262   175855.0000   317300.2433   537004   80.43%
   3060  2280   314734.7219   276   175855.0000   317290.3253   558466   80.43%
   3200  2416   304642.8540   224   175855.0000   317288.3096   578071   80.43%
   3296  2504   312046.4847   415   175855.0000   317286.7684   596294   80.43%
   3373  2569   313050.5500   278   175855.0000   317270.3828   616210   80.42%
   3466  2644   314823.7444   329   175855.0000   317266.3623   636337   80.41%
   3548  2716   317179.2617   356   175855.0000   317261.5642   654988   80.41%
Elapsed time = 70.74 sec. (195653.99 ticks, tree = 84.75 MB, solutions = 3)
   3633  2787    infeasible         175855.0000   317260.7237   674831   80.41%
   3708  2852   316696.0491   481   175855.0000   317251.6736   692822   80.41%
   3788  2926   313021.2058   379   175855.0000   317250.5185   711264   80.40%
   3851  2983   301122.6343   290   175855.0000   317248.0837   732273   80.40%
   3969  3085    infeasible         175855.0000   317237.8348   752006   80.40%
   4068  3170   315353.9014   460   175855.0000   317220.5868   771267   80.39%
   4165  3259   307812.5454   265   175855.0000   317214.4426   792138   80.38%
   4289  3372    infeasible         175855.0000   317210.9104   808304   80.38%
   4434  3513   314495.9556   316   175855.0000   317200.3837   827494   80.38%
   4542  3607   315660.5753   482   175855.0000   317194.9173   847042   80.37%
Elapsed time = 84.64 sec. (234965.17 ticks, tree = 113.40 MB, solutions = 3)
   4637  3687   315402.3289   309   175855.0000   317183.1376   866858   80.37%
   4761  3806   311603.7838   319   175855.0000   317178.3044   885858   80.36%
   4859  3892   295892.3693   275   175855.0000   317170.1522   906773   80.36%
   4939  3958   309704.1592   296   175855.0000   317168.4480   926743   80.36%
   4992  3999   311641.5899   421   175855.0000   317152.0664   946387   80.35%
   5119  4122   307098.6126   284   175855.0000   317152.0664   967031   80.35%
   5249  4237   314324.0890   240   175855.0000   317136.7281   987179   80.34%
   5322  4306   312147.0802   428   175855.0000   317130.8067  1005134   80.34%
   5421  4389    infeasible         175855.0000   317128.5957  1026208   80.34%
   5509  4469   312538.6571   291   175855.0000   317124.9578  1045825   80.33%
Elapsed time = 98.31 sec. (273547.86 ticks, tree = 138.97 MB, solutions = 3)
   5642  4598   280767.3164   323   175855.0000   317124.2609  1066377   80.33%
   5803  4741   308131.0566   293   175855.0000   317107.1488  1087259   80.32%
   5915  4837    infeasible         175855.0000   317101.9962  1107284   80.32%
   6027  4937   310224.4031   557   175855.0000   317090.6914  1127200   80.31%
   6114  5012   314252.4307   391   175855.0000   317086.5085  1147260   80.31%
   6234  5126   310288.1133   270   175855.0000   317083.6116  1166731   80.31%
   6330  5206   312511.7893   243   175855.0000   317075.7944  1186223   80.31%
   6427  5287   316402.8195   375   175855.0000   317073.5097  1207415   80.30%
   6516  5364   315817.1969   355   175855.0000   317066.7799  1227797   80.30%
   6581  5420   316340.7778   240   175855.0000   317066.5129  1247109   80.30%
Elapsed time = 112.29 sec. (312305.75 ticks, tree = 162.47 MB, solutions = 3)
   6674  5501   312128.7061   306   175855.0000   317063.0626  1266797   80.30%
   6735  5550   313588.4210   379   175855.0000   317052.8825  1287022   80.29%
   6814  5611   315439.8102   341   175855.0000   317052.0859  1307641   80.29%
   6939  5722   314690.6856   444   175855.0000   317046.9953  1328582   80.29%
   7024  5793   314934.9675   270   175855.0000   317033.7247  1348181   80.28%
   7110  5867   316139.9554   420   175855.0000   317029.4611  1369360   80.28%
   7163  5906    infeasible         175855.0000   317025.8013  1388757   80.28%
   7308  6041   309854.7603   235   175855.0000   317023.1243  1408851   80.28%
   7493  6216   309924.1705   379   175855.0000   317019.1887  1427868   80.27%
   7571  6273   314596.1430   405   175855.0000   317017.3103  1447962   80.27%
Elapsed time = 126.33 sec. (350980.46 ticks, tree = 198.13 MB, solutions = 3)
   7678  6372   316813.0431   411   175855.0000   317012.9632  1467867   80.27%
   7760  6448   315540.1286   305   175855.0000   317011.5207  1489214   80.27%
   7848  6520    infeasible         175855.0000   317006.5861  1511851   80.27%
   7946  6606   314880.4634   467   175855.0000   317006.3623  1533555   80.27%
   8144  6782   285852.0317   290   175855.0000   316997.1428  1554545   80.26%
   8233  6853   314639.2224   403   175855.0000   316982.5215  1572734   80.25%
   8315  6921   316535.4181   474   175855.0000   316977.6299  1593839   80.25%
   8413  7007   309886.9994   260   175855.0000   316975.2592  1613267   80.25%
   8474  7054   312944.0135   263   175855.0000   316972.0809  1632323   80.25%
   8560  7128   311227.1174   330   175855.0000   316971.8511  1650199   80.25%
Elapsed time = 140.41 sec. (389823.89 ticks, tree = 223.54 MB, solutions = 3)
   8707  7261   315825.7206   357   175855.0000   316968.7727  1671056   80.24%
   8765  7309   311211.8930   193   175855.0000   316967.6056  1690474   80.24%
   8843  7373   312901.9657   380   175855.0000   316958.8351  1710572   80.24%
   8923  7436   314053.7798   342   175855.0000   316953.3240  1730871   80.24%
   9081  7577    infeasible         175855.0000   316950.0000  1751421   80.23%
   9161  7647   315172.4711   463   175855.0000   316949.2648  1772370   80.23%
   9261  7739   311080.6869   258   175855.0000   316946.9964  1792597   80.23%
   9348  7812   310482.7678   480   175855.0000   316941.7536  1812747   80.23%
   9469  7923   311915.1217   368   175855.0000   316937.8301  1833439   80.23%
   9631  8070   315781.7600   425   175855.0000   316935.9089  1852700   80.23%
Elapsed time = 154.27 sec. (428110.02 ticks, tree = 258.28 MB, solutions = 3)
   9694  8117    infeasible         175855.0000   316935.1470  1871323   80.23%
   9833  8238   316507.0335   443   175855.0000   316932.3596  1892172   80.22%
   9921  8316   312219.1212   251   175855.0000   316929.0772  1911942   80.22%
   9990  8377   312204.3752   340   175855.0000   316922.1404  1933340   80.22%
  10160  8534   316020.9444   269   175855.0000   316909.5505  1952597   80.21%
  10228  8594   313525.3627   345   175855.0000   316904.2064  1973900   80.21%
  10343  8697   309809.0374   230   175855.0000   316898.3893  1993684   80.20%
  10432  8778   308232.0136   365   175855.0000   316893.4792  2015097   80.20%
  10530  8862   310563.7085   246   175855.0000   316892.0478  2035234   80.20%
  10606  8922   314629.7168   378   175855.0000   316886.5230  2056048   80.20%
Elapsed time = 168.49 sec. (467283.57 ticks, tree = 283.58 MB, solutions = 3)
  10712  9020   316163.3811   278   175855.0000   316885.6038  2076366   80.20%
  10854  9153   316208.0393   269   175855.0000   316884.0163  2097241   80.20%
* 10878+ 9171                       178900.0000   316883.2721            77.13%
* 10878+ 9171                       178927.0000   316883.2721            77.10%
* 10879+ 9172                       180477.0000   316883.2721            75.58%
* 10879+ 9172                       181910.0000   316883.2721            74.20%
* 10879+ 9172                       182025.0000   316883.2721            74.09%
* 10879+ 9172                       182067.0000   316883.2721            74.05%
* 10879+ 9172                       182093.0000   316883.2721            74.02%
* 10879+ 9172                       182135.0000   316883.2721            73.98%
  10879  9174   315871.0884   265   182135.0000   316883.2630  2106024   73.98%
  10880  9175   316832.5360   270   182135.0000   316879.5699  2106209   73.98%
  10998  9281   312275.0809   458   182135.0000   316876.2460  2126336   73.98%
  11096  9365   315069.6856   454   182135.0000   316873.6733  2146083   73.98%
  11217  9473    infeasible         182135.0000   316873.5472  2167657   73.98%
  11362  9608   310946.6352   428   182135.0000   316870.3371  2186978   73.98%
  11518  9757   303205.7867   308   182135.0000   316869.7395  2207975   73.98%
  11635  9867   308099.4259   352   182135.0000   316868.2297  2226264   73.97%
Elapsed time = 187.86 sec. (515543.56 ticks, tree = 322.73 MB, solutions = 11)
  11747  9960   315837.3085   347   182135.0000   316864.2586  2246458   73.97%
  11888 10091   312159.7803   221   182135.0000   316864.0187  2265969   73.97%
  11983 10178   309609.3168   336   182135.0000   316861.4660  2286642   73.97%
  12050 10235   312252.4594   398   182135.0000   316855.5349  2306923   73.97%
  12228 10403   306038.9474   222   182135.0000   316855.0649  2327364   73.97%
  12392 10547   312505.7097   274   182135.0000   316852.5000  2348444   73.97%
  12487 10632   315359.1376   281   182135.0000   316848.3895  2370539   73.96%
  12578 10705   316552.2413   406   182135.0000   316847.0763  2389616   73.96%
  12682 10795   310652.0276   245   182135.0000   316844.5167  2410874   73.96%
  12798 10897   314827.3598   690   182135.0000   316842.4047  2431634   73.96%
Elapsed time = 201.80 sec. (553940.35 ticks, tree = 361.29 MB, solutions = 11)
  12852 10935   314247.1667   255   182135.0000   316842.1152  2450742   73.96%
  12948 11019    infeasible         182135.0000   316838.5655  2470173   73.96%
  12998 11055   310696.0628   364   182135.0000   316837.9032  2491608   73.96%
  13098 11139   315514.9581   347   182135.0000   316836.9525  2511201   73.96%
  13176 11213   312323.0476   200   182135.0000   316836.8169  2532203   73.96%
  13331 11352   314785.6309   417   182135.0000   316835.4227  2552930   73.96%
  13456 11461   305936.0463   305   182135.0000   316831.8360  2573388   73.95%
  13540 11532   312129.8484   268   182135.0000   316830.9964  2593238   73.95%
  13684 11669   309680.8275   424   182135.0000   316829.9819  2614406   73.95%
  13757 11724    infeasible         182135.0000   316825.3072  2633992   73.95%
Elapsed time = 215.82 sec. (592639.85 ticks, tree = 389.08 MB, solutions = 11)
  13847 11796   312157.2788   384   182135.0000   316823.5970  2653563   73.95%
  13906 11839   314170.5575   399   182135.0000   316820.5869  2672528   73.95%
  14031 11948    infeasible         182135.0000   316819.6391  2695507   73.95%
  14144 12047   315725.4230   265   182135.0000   316818.0263  2714621   73.95%
  14250 12139   315381.9822   223   182135.0000   316813.0373  2735649   73.94%
  14440 12323   309601.4138   292   182135.0000   316812.6614  2756169   73.94%
  14558 12432   311094.7628   225   182135.0000   316811.1362  2775747   73.94%
  14650 12512   311856.5715   367   182135.0000   316808.3235  2795318   73.94%
  14702 12552   315686.0737   178   182135.0000   316804.5000  2816453   73.94%
  14808 12636   313296.4963   272   182135.0000   316804.2915  2837651   73.94%
Elapsed time = 229.89 sec. (631384.74 ticks, tree = 421.79 MB, solutions = 11)
  14950 12768   313281.2913   228   182135.0000   316800.7771  2857531   73.94%
  15016 12824   309879.2761   245   182135.0000   316793.8986  2877559   73.93%
  15118 12914   301360.4227   451   182135.0000   316791.7876  2898234   73.93%
  15236 13022   312087.0962   417   182135.0000   316791.5262  2918171   73.93%
  15313 13092   315421.7912   353   182135.0000   316788.8178  2940237   73.93%
  15421 13190   313013.6931   448   182135.0000   316788.2512  2960436   73.93%
  15516 13275   313064.8803   237   182135.0000   316788.2046  2984025   73.93%
  15604 13349   309636.4548   268   182135.0000   316786.5492  3004147   73.93%
  15706 13437    infeasible         182135.0000   316784.5108  3023859   73.93%
  15767 13486   315124.6972   439   182135.0000   316782.2888  3042009   73.93%
Elapsed time = 243.74 sec. (670011.92 ticks, tree = 452.82 MB, solutions = 11)
  15895 13606   299381.3508   481   182135.0000   316778.6793  3062966   73.93%
  16079 13773    infeasible         182135.0000   316776.8340  3083921   73.92%
  16223 13900   316211.6000   247   182135.0000   316771.5806  3104703   73.92%
  16362 14027   311277.7545   371   182135.0000   316768.5984  3125604   73.92%
  16524 14171    infeasible         182135.0000   316764.1269  3145832   73.92%
  16616 14251   314198.3222   347   182135.0000   316761.0559  3166274   73.92%
  16688 14307   313130.9627   417   182135.0000   316755.3602  3186174   73.91%
  16847 14454   316318.8946   176   182135.0000   316752.9245  3207304   73.91%
  16988 14574   313925.2062   182   182135.0000   316744.3235  3228417   73.91%
  17080 14654   305445.8282   271   182135.0000   316740.8133  3249701   73.90%
Elapsed time = 257.81 sec. (708402.60 ticks, tree = 496.11 MB, solutions = 11)
  17157 14711    infeasible         182135.0000   316732.3380  3269796   73.90%
  17256 14806   313990.3492   304   182135.0000   316729.9477  3289517   73.90%
  17335 14877   306291.7309   309   182135.0000   316727.0441  3308954   73.90%
  17441 14971   313606.5094   296   182135.0000   316723.5204  3330751   73.89%
  17535 15057   315335.2587   378   182135.0000   316722.5791  3351652   73.89%
  17644 15152   316317.0893   484   182135.0000   316720.5286  3373150   73.89%
  17723 15220   314221.0373   539   182135.0000   316715.9399  3393688   73.89%
  17825 15309   316105.2182   272   182135.0000   316714.6429  3414675   73.89%
  17877 15351    infeasible         182135.0000   316714.4267  3436373   73.89%
  17960 15418   316100.3378   483   182135.0000   316711.4392  3455197   73.89%
Elapsed time = 272.05 sec. (746897.96 ticks, tree = 519.18 MB, solutions = 11)
  18081 15533   312674.1297   518   182135.0000   316710.8165  3475851   73.89%
  18170 15608   312790.0591   347   182135.0000   316707.3652  3494577   73.89%
  18278 15700   316028.8043   368   182135.0000   316705.2514  3517012   73.88%
  18354 15762   313716.3743   393   182135.0000   316700.3333  3537189   73.88%
  18422 15817   312498.9766   430   182135.0000   316699.5037  3554875   73.88%
  18496 15882   315508.2611   315   182135.0000   316698.9302  3574768   73.88%
  18594 15972   301931.3582   412   182135.0000   316695.7576  3594356   73.88%
  18678 16043   315740.6725   235   182135.0000   316695.4934  3613340   73.88%
  18767 16114   314938.0330   456   182135.0000   316694.8475  3632443   73.88%
  18857 16191    infeasible         182135.0000   316691.5636  3652217   73.88%
Elapsed time = 286.03 sec. (785802.83 ticks, tree = 538.68 MB, solutions = 11)
  18938 16264   307128.5972   333   182135.0000   316689.8244  3672781   73.88%
  19044 16358   315343.9508   283   182135.0000   316685.4346  3693554   73.87%
  19103 16405   313093.1475   231   182135.0000   316682.6951  3714334   73.87%
  19189 16481   314196.3641   593   182135.0000   316681.3093  3733624   73.87%
  19321 16602   310963.5047   315   182135.0000   316679.4977  3753647   73.87%
  19404 16661    infeasible         182135.0000   316674.3019  3774142   73.87%
  19489 16736    infeasible         182135.0000   316668.8733  3794536   73.86%
  19633 16870   314700.0778   364   182135.0000   316666.7707  3817384   73.86%
  19717 16939   310670.9424   397   182135.0000   316660.7796  3837806   73.86%
  19823 17026   314257.0645   434   182135.0000   316657.7291  3857972   73.86%
Elapsed time = 300.30 sec. (824639.82 ticks, tree = 568.29 MB, solutions = 11)
  19976 17169   312476.9907   212   182135.0000   316654.1018  3878525   73.86%
  20110 17293    infeasible         182135.0000   316649.8100  3899379   73.85%
  20183 17352   314395.6426   438   182135.0000   316648.3568  3919020   73.85%
  20274 17425   309600.4333   328   182135.0000   316643.4717  3937924   73.85%
  20376 17514   310257.8676   302   182135.0000   316641.2506  3957483   73.85%
  20460 17583   309064.8303   401   182135.0000   316639.2606  3977450   73.85%
  20538 17649   309852.7653   300   182135.0000   316637.8194  3998472   73.85%
  20637 17734   306918.9535   281   182135.0000   316636.1135  4019749   73.85%
  20703 17779   315106.7879   440   182135.0000   316627.2919  4039280   73.84%
  20844 17912   312934.0820   219   182135.0000   316622.7664  4058273   73.84%
Elapsed time = 314.47 sec. (863191.60 ticks, tree = 602.23 MB, solutions = 11)
  20918 17970   311537.4292   329   182135.0000   316620.6721  4076081   73.84%
  21038 18078   313898.4291   325   182135.0000   316619.3064  4096517   73.84%
  21116 18144   305751.8240   354   182135.0000   316618.1331  4115795   73.84%
  21218 18231   306902.8872   329   182135.0000   316616.8562  4134851   73.84%
  21353 18356   313155.0056   261   182135.0000   316616.2879  4154167   73.84%
  21426 18419   313790.0000   347   182135.0000   316615.5112  4174040   73.84%

Performing restart 2

Repeating presolve.
Tried aggregator 1 time.
MIP Presolve modified 2016 coefficients.
Reduced MIP has 4757 rows, 2232 columns, and 36016 nonzeros.
Reduced MIP has 1736 binaries, 496 generals, 0 SOSs, and 0 indicators.
Presolve time = 0.01 sec. (23.63 ticks)
Tried aggregator 1 time.
Reduced MIP has 4757 rows, 2232 columns, and 36016 nonzeros.
Reduced MIP has 1736 binaries, 496 generals, 0 SOSs, and 0 indicators.
Presolve time = 0.01 sec. (22.88 ticks)
Represolve time = 0.10 sec. (135.66 ticks)
  21460     0   317760.2721   281   182135.0000     Cuts: 258  4183505   73.84%
  21460     0   317725.8333   232   182135.0000      Cuts: 85  4183677   73.84%
  21460     0   317712.4500   370   182135.0000     Cuts: 220  4183806   73.84%
  21460     0   317642.4418   405   182135.0000      Cuts: 80  4184204   73.84%
  21460     0   317641.2676   410   182135.0000     Cuts: 118  4184322   73.84%
  21460     0   317641.2676   394   182135.0000      Cuts: 37  4184335   73.84%
  21460     0   317640.6758   407   182135.0000      Cuts: 51  4184437   73.84%
  21460     0   317618.9391   480   182135.0000      Cuts: 43  4184672   73.84%
  21460     0   317586.9924   582   182135.0000     Cuts: 102  4185030   73.84%
  21460     2   317586.9924   582   182135.0000   316614.8432  4185030   73.84%
  21461     3   317571.5628   494   182135.0000   316614.8432  4185430   73.84%
  21463     5   317472.1714   502   182135.0000   316614.8432  4186618   73.84%
  21466     8   316953.7336   484   182135.0000   316614.8432  4189140   73.84%
Elapsed time = 332.82 sec. (914876.63 ticks, tree = 0.05 MB, solutions = 11)
  21470    12   315332.7697   237   182135.0000   316614.8432  4198747   73.84%
  21474    16   315240.4299   276   182135.0000   316614.8432  4203469   73.84%
  21486    24    infeasible         182135.0000   316614.8432  4212141   73.84%
  21504    38   316147.1421   260   182135.0000   316614.8432  4219538   73.84%
  21542    74   313741.6627   269   182135.0000   316614.8432  4227158   73.84%
  21563    85   317270.3917   521   182135.0000   316614.8432  4236853   73.84%
  21610   132   313690.2952   236   182135.0000   316614.8432  4241898   73.84%
  21684   204   261589.7887   161   182135.0000   316614.8432  4248318   73.84%
  21738   250   317182.2005   487   182135.0000   316614.8432  4259876   73.84%
  21818   324   314298.1522   320   182135.0000   316614.8432  4273965   73.84%
Elapsed time = 347.45 sec. (955810.50 ticks, tree = 7.22 MB, solutions = 11)
  21877   381   308026.5014   310   182135.0000   316614.8432  4285450   73.84%
  21986   478   313764.3798   268   182135.0000   316614.8432  4301954   73.84%
  22084   572   311465.4008   321   182135.0000   316614.8432  4315276   73.84%
  22226   703   311601.8978   380   182135.0000   316614.8432  4330464   73.84%
  22313   778    infeasible         182135.0000   316614.8432  4346756   73.84%
  22369   830   312313.2419   201   182135.0000   316614.8432  4359590   73.84%
  22465   922   309471.0223   573   182135.0000   316614.8432  4377554   73.84%
  22581  1026   315324.9049   342   182135.0000   316614.8432  4394613   73.84%
  22670  1101   312807.0448   425   182135.0000   316614.8432  4413765   73.84%
  22820  1248   312385.0337   551   182135.0000   316614.8432  4431357   73.84%
Elapsed time = 361.62 sec. (994351.33 ticks, tree = 44.74 MB, solutions = 11)
  22943  1357   316296.3433   421   182135.0000   316614.8432  4451844   73.84%
  23057  1457   309980.4107   280   182135.0000   316614.8432  4471974   73.84%
  23172  1558   314020.9648   349   182135.0000   316614.8432  4492322   73.84%
  23270  1650   306579.1027   392   182135.0000   316614.8432  4510549   73.84%
  23390  1758   312625.2500   231   182135.0000   316614.8432  4529411   73.84%
  23509  1867   311757.1419   435   182135.0000   316614.8432  4549701   73.84%
  23586  1918    infeasible         182135.0000   316614.8432  4571660   73.84%
  23696  2014        cutoff         182135.0000   316614.8432  4592166   73.84%
  23761  2069   309783.1808   238   182135.0000   316614.8432  4613716   73.84%
  23854  2150   316388.7500   225   182135.0000   316614.8432  4634627   73.84%
Elapsed time = 375.79 sec. (1033268.32 ticks, tree = 81.73 MB, solutions = 11)
  23971  2261    infeasible         182135.0000   316614.8432  4654361   73.84%
  24043  2326   314590.2826   374   182135.0000   316614.8432  4670703   73.84%
  24156  2431   298860.0492   475   182135.0000   316614.8432  4691011   73.84%
  24243  2508   316318.0636   560   182135.0000   316614.8432  4710487   73.84%
  24316  2575   304732.2053   305   182135.0000   316614.8432  4732286   73.84%
  24415  2660   306616.5172   314   182135.0000   316614.8432  4752936   73.84%
  24524  2751   311355.0054   210   182135.0000   316614.8432  4774277   73.84%
  24612  2825   316950.9681   678   182135.0000   316614.8432  4794631   73.84%
  24682  2891   313294.4007   381   182135.0000   316614.8432  4814671   73.84%
  24793  2998   311491.5884   324   182135.0000   316614.8432  4834422   73.84%
Elapsed time = 389.71 sec. (1072053.31 ticks, tree = 111.89 MB, solutions = 11)
  24920  3121   308717.0630   341   182135.0000   316614.8432  4853302   73.84%
  25075  3264   315426.5862   274   182135.0000   316614.8432  4875016   73.84%
  25202  3380   310244.3731   421   182135.0000   316614.8432  4895653   73.84%
  25308  3470   311546.0046   332   182135.0000   316614.8432  4916610   73.84%
  25384  3534   312144.6625   542   182135.0000   316614.8432  4936402   73.84%
  25477  3619   310319.0143   296   182135.0000   316614.8432  4954176   73.84%
  25528  3660   316590.6406   541   182135.0000   316614.8432  4973785   73.84%
  25622  3742   314785.2771   416   182135.0000   316614.8432  4992836   73.84%
  25694  3802   312669.2564   300   182135.0000   316614.8432  5011595   73.84%
  25757  3849   311251.9468   477   182135.0000   316614.8432  5030637   73.84%
Elapsed time = 403.84 sec. (1110560.69 ticks, tree = 142.55 MB, solutions = 11)
  25829  3907   316093.3154   568   182135.0000   316614.8432  5050896   73.84%
  25970  4044   309669.3855   269   182135.0000   316614.8432  5070813   73.84%
  26094  4156   299203.2589   406   182135.0000   316614.8432  5090627   73.84%
  26195  4247   306977.3739   311   182135.0000   316614.8432  5111723   73.84%
  26255  4287   313483.8034   365   182135.0000   316614.8432  5130036   73.84%
  26326  4346   312187.1795   289   182135.0000   316614.8432  5148344   73.84%
  26469  4483   308460.3356   249   182135.0000   316614.8432  5168123   73.84%
  26571  4571   312635.1160   769   182135.0000   316614.8432  5189178   73.84%
  26648  4642   306611.7361   258   182135.0000   316614.8432  5209807   73.84%
  26793  4779   297053.0049   346   182135.0000   316614.8432  5230638   73.84%
Elapsed time = 417.74 sec. (1148964.04 ticks, tree = 180.31 MB, solutions = 11)
  26889  4866   304926.7616   395   182135.0000   316614.8432  5251252   73.84%
  26945  4911   310815.5122   420   182135.0000   316614.8432  5272269   73.84%
  27064  5018   316043.1042   369   182135.0000   316614.8432  5293044   73.84%
  27205  5147   314318.7216   480   182135.0000   316614.8432  5314171   73.84%
  27349  5283   315360.7535   560   182135.0000   316614.8432  5335031   73.84%
  27488  5414   314027.9515   275   182135.0000   316614.8432  5356696   73.84%
  27528  5440   314583.3375   454   182135.0000   316612.4837  5375621   73.83%
  27571  5467   315402.0484   346   182135.0000   316606.1894  5397310   73.83%
  27647  5537   309866.3603   404   182135.0000   316606.1894  5418228   73.83%
  27697  5579   310668.5367   343   182135.0000   316601.4924  5438662   73.83%
Elapsed time = 431.77 sec. (1188069.29 ticks, tree = 213.57 MB, solutions = 11)
  27778  5648   306444.0218   423   182135.0000   316597.8687  5458085   73.83%
  27887  5751   302273.6283   296   182135.0000   316595.9066  5478810   73.82%
  27990  5846   316387.4306   425   182135.0000   316588.6812  5499612   73.82%
  28075  5915   313105.2493   586   182135.0000   316567.1667  5518597   73.81%
  28138  5960   314847.2519   352   182135.0000   316561.0000  5538587   73.81%
  28226  6036   312721.5517   383   182135.0000   316559.5206  5558615   73.80%
  28285  6083   309929.2861   438   182135.0000   316549.6429  5576636   73.80%
  28368  6142   316119.0226   188   182135.0000   316541.5000  5596211   73.79%
  28418  6184   315051.0878   368   182135.0000   316535.8288  5618369   73.79%
  28490  6243   311626.2272   299   182135.0000   316534.0723  5638796   73.79%
Elapsed time = 445.80 sec. (1226595.13 ticks, tree = 241.57 MB, solutions = 11)
  28615  6365   308728.6212   550   182135.0000   316530.5541  5660494   73.79%
  28759  6493    infeasible         182135.0000   316529.9430  5683289   73.79%
  28832  6540   315051.0645   507   182135.0000   316518.2000  5702751   73.78%
  28955  6659   312127.8216   298   182135.0000   316517.0000  5722291   73.78%
  29022  6710   311755.4375   312   182135.0000   316497.9242  5741918   73.77%
  29103  6775   314044.9614   387   182135.0000   316484.3598  5761345   73.76%
  29178  6826   315283.0000   239   182135.0000   316477.5310  5781899   73.76%
  29255  6893   315133.1183   629   182135.0000   316476.2667  5801347   73.76%
  29321  6945   315127.0071   440   182135.0000   316468.4597  5821312   73.75%
  29397  7005   316259.5205   421   182135.0000   316465.5165  5840534   73.75%
Elapsed time = 460.12 sec. (1265539.14 ticks, tree = 274.10 MB, solutions = 11)
  29467  7069   313459.6234   337   182135.0000   316465.0948  5857965   73.75%
  29664  7251   315210.6754   259   182135.0000   316464.7878  5878557   73.75%
  29777  7356   314815.5068   486   182135.0000   316460.4139  5897393   73.75%
  29858  7421   314584.8523   382   182135.0000   316456.6871  5917171   73.75%
  29920  7469   315356.9055   460   182135.0000   316450.5982  5936262   73.75%
  29979  7516   316333.0274   321   182135.0000   316446.7636  5954224   73.74%
  30078  7601   314737.3333   254   182135.0000   316442.4729  5974956   73.74%
  30185  7696   315172.2858   378   182135.0000   316437.0000  5993989   73.74%
  30288  7789   315651.6470   408   182135.0000   316436.7612  6014326   73.74%
  30355  7848   312891.0649   388   182135.0000   316428.5000  6033816   73.73%
Elapsed time = 474.32 sec. (1304383.39 ticks, tree = 308.58 MB, solutions = 11)
  30417  7894   316168.5461   616   182135.0000   316424.9403  6055291   73.73%
  30474  7944   307550.2702   518   182135.0000   316424.1507  6075138   73.73%
  30537  7993   315613.5811   372   182135.0000   316420.0421  6095413   73.73%
  30610  8052   316082.4558   447   182135.0000   316404.9375  6115390   73.72%
  30696  8126    infeasible         182135.0000   316402.0000  6135755   73.72%
  30791  8199   315739.9657   498   182135.0000   316395.6568  6155314   73.71%
  30851  8241    infeasible         182135.0000   316391.2320  6174539   73.71%
  30935  8313   313697.8359   453   182135.0000   316386.4138  6191788   73.71%
  31082  8447   315656.7579   302   182135.0000   316381.2857  6212394   73.71%
  31145  8500   314068.8215   180   182135.0000   316374.8000  6231004   73.70%
Elapsed time = 488.51 sec. (1342885.74 ticks, tree = 333.74 MB, solutions = 11)
  31223  8570   309858.1110   394   182135.0000   316372.3291  6249898   73.70%
  31336  8671   316334.7302   740   182135.0000   316369.3579  6269137   73.70%
  31401  8732   288500.5743   564   182135.0000   316367.4185  6288512   73.70%
  31474  8795   314658.1675   405   182135.0000   316362.1747  6307849   73.70%
  31562  8875   313644.1978   445   182135.0000   316358.6667  6326950   73.69%
  31687  8994   311460.8883   375   182135.0000   316356.5405  6347039   73.69%
  31759  9052   315155.4503   465   182135.0000   316353.3318  6366470   73.69%
  31850  9133    infeasible         182135.0000   316349.5957  6386491   73.69%
  31905  9176   314233.1861   581   182135.0000   316342.7826  6403169   73.69%
  31988  9241    infeasible         182135.0000   316339.3219  6424238   73.68%
Elapsed time = 502.43 sec. (1381679.90 ticks, tree = 363.09 MB, solutions = 11)
  32054  9291   314770.6171   328   182135.0000   316332.6193  6442549   73.68%
  32140  9365   311153.1170   535   182135.0000   316331.9050  6462288   73.68%
  32252  9469   310479.4326   306   182135.0000   316330.5289  6481657   73.68%
  32429  9640   303345.9751   374   182135.0000   316330.3269  6501613   73.68%
  32485  9686   307984.8494   461   182135.0000   316325.7881  6521605   73.68%
  32594  9783    infeasible         182135.0000   316325.4614  6541027   73.68%
  32691  9864   314478.6431   201   182135.0000   316321.5541  6559882   73.67%
  32810  9971   312094.0454   572   182135.0000   316319.1974  6580636   73.67%
  32918 10065   308823.3936   334   182135.0000   316318.0500  6601394   73.67%
  33025 10162   311742.4525   400   182135.0000   316316.6071  6620110   73.67%
Elapsed time = 516.52 sec. (1420057.46 ticks, tree = 401.32 MB, solutions = 11)
  33105 10222   313928.0003   385   182135.0000   316309.8235  6639854   73.67%
  33184 10287   314356.9323   430   182135.0000   316303.5882  6659357   73.66%
  33258 10349   314333.8333   248   182135.0000   316299.8722  6678823   73.66%
  33370 10455   313783.3407   387   182135.0000   316296.2807  6698457   73.66%
  33448 10521   308741.2240   508   182135.0000   316293.1667  6718279   73.66%
  33563 10624   314759.9104   378   182135.0000   316288.3589  6737052   73.66%
  33656 10705   312887.9629   304   182135.0000   316285.0000  6757975   73.65%
  33719 10752   313646.9124   495   182135.0000   316283.5727  6777769   73.65%
  33782 10805   313594.6749   520   182135.0000   316280.3077  6797393   73.65%
  33884 10901   288864.8021   303   182135.0000   316279.4444  6816891   73.65%
Elapsed time = 530.49 sec. (1458736.02 ticks, tree = 427.93 MB, solutions = 11)
  33954 10949    infeasible         182135.0000   316275.4746  6837301   73.65%
  33997 10976   315071.7585   264   182135.0000   316268.5741  6857575   73.65%
  34101 11068   313890.2538   404   182135.0000   316265.9147  6879414   73.64%
  34189 11144   305053.7465   380   182135.0000   316264.7500  6900373   73.64%
  34294 11227   312837.4126   477   182135.0000   316263.1667  6920629   73.64%
  34363 11276   315187.6864   573   182135.0000   316260.8413  6940088   73.64%
  34429 11330   311576.9920   372   182135.0000   316258.7589  6959964   73.64%
  34506 11395   310050.2950   340   182135.0000   316258.7101  6979578   73.64%
  34607 11486   302773.1418   326   182135.0000   316258.0000  7000144   73.64%
  34817 11688   300420.1006   357   182135.0000   316257.9584  7020124   73.64%
Elapsed time = 544.94 sec. (1497497.37 ticks, tree = 462.33 MB, solutions = 11)
  34980 11831   314423.8925   591   182135.0000   316255.4063  7040989   73.64%
  35088 11922   315777.7224   274   182135.0000   316253.6667  7061222   73.64%
  35146 11966   311066.6416   491   182135.0000   316252.7444  7080647   73.64%
  35202 12010   314919.2025   431   182135.0000   316251.5803  7099617   73.64%
  35276 12078   305386.5270   373   182135.0000   316251.5803  7119928   73.64%
  35402 12188   313618.6075   315   182135.0000   316250.6667  7139457   73.64%
  35463 12235   315553.9600   498   182135.0000   316246.3860  7159039   73.63%
  35529 12295   308416.7791   357   182135.0000   316246.0744  7178935   73.63%
  35586 12338   315368.9017   413   182135.0000   316244.1970  7197354   73.63%
  35626 12366   314264.5087   322   182135.0000   316243.5298  7219074   73.63%
Elapsed time = 559.06 sec. (1536194.28 ticks, tree = 490.72 MB, solutions = 11)
  35690 12418   305209.1494   319   182135.0000   316242.2500  7238788   73.63%
  35807 12519   311923.1269   532   182135.0000   316240.6761  7259389   73.63%
  35883 12579   315775.2965   704   182135.0000   316234.7651  7281230   73.63%
  35954 12646   313367.3437   611   182135.0000   316234.3050  7300722   73.63%
  36034 12714   312540.3627   359   182135.0000   316232.2500  7319566   73.63%
  36076 12738   314203.5046   378   182135.0000   316230.1833  7339815   73.62%
  36164 12818   308755.6185   240   182135.0000   316229.6608  7359949   73.62%
  36247 12889   315195.6903   352   182135.0000   316226.2833  7379374   73.62%
  36326 12956   310329.7334   299   182135.0000   316225.3674  7398983   73.62%
  36470 13094   297265.9595   283   182135.0000   316225.2976  7419020   73.62%
Elapsed time = 572.85 sec. (1574800.69 ticks, tree = 519.21 MB, solutions = 11)
  36660 13258   315668.0172   275   182135.0000   316220.2580  7438696   73.62%
  36720 13306   313799.8196   458   182135.0000   316218.8438  7457678   73.62%
  36799 13365   314583.8083   276   182135.0000   316217.7178  7477436   73.62%
  36866 13414   315999.0260   746   182135.0000   316216.3686  7496808   73.62%
  36965 13497   314762.6716   256   182135.0000   316214.7652  7516826   73.62%
  37065 13589   315635.3767   648   182135.0000   316211.6296  7536959   73.61%
  37213 13730   309955.0023   289   182135.0000   316211.4255  7556677   73.61%
  37331 13832   314357.9523   422   182135.0000   316208.3251  7577609   73.61%
  37402 13891   303919.3649   457   182135.0000   316205.7500  7595607   73.61%
  37520 13992    infeasible         182135.0000   316204.3129  7615860   73.61%
Elapsed time = 587.00 sec. (1613444.05 ticks, tree = 552.02 MB, solutions = 11)
  37610 14064   315858.0000   228   182135.0000   316198.5556  7636015   73.61%
  37687 14127   310965.7714   268   182135.0000   316197.9231  7655819   73.61%
  37795 14223   311050.5548   418   182135.0000   316197.0476  7676962   73.61%
  37876 14296   312255.0406   357   182135.0000   316196.9565  7697091   73.61%
  37938 14350   312119.8112   341   182135.0000   316196.4977  7715483   73.61%
  38011 14405    infeasible         182135.0000   316192.4246  7736346   73.60%
  38075 14463   313081.6333   316   182135.0000   316189.0008  7756483   73.60%
  38141 14510   315179.2143   439   182135.0000   316183.5556  7775847   73.60%
  38210 14567   313948.1813   350   182135.0000   316182.3333  7796435   73.60%
  38352 14699   314839.1267   316   182135.0000   316182.0653  7816344   73.60%
Elapsed time = 601.18 sec. (1652263.87 ticks, tree = 580.10 MB, solutions = 11)
  38428 14763   312711.0568   481   182135.0000   316180.5622  7835134   73.60%
  38520 14843   314888.5652   328   182135.0000   316179.0606  7855348   73.60%
  38584 14895   308503.0755   382   182135.0000   316177.9166  7873942   73.60%
  38738 15033   307561.4584   345   182135.0000   316177.7500  7895091   73.60%
  38833 15116    infeasible         182135.0000   316173.3750  7914202   73.59%
  38957 15222    infeasible         182135.0000   316173.0418  7934508   73.59%
  39010 15261   314836.7222   423   182135.0000   316168.6403  7954812   73.59%
  39060 15292   314306.8267   375   182135.0000   316164.7046  7973351   73.59%
  39138 15356   311466.5108   345   182135.0000   316159.7109  7993282   73.59%
  39207 15415   307880.8472   472   182135.0000   316157.2127  8013007   73.58%
Elapsed time = 615.74 sec. (1691211.85 ticks, tree = 606.15 MB, solutions = 11)
  39285 15485   311543.5368   460   182135.0000   316156.1565  8032753   73.58%
  39370 15558   312960.8353   641   182135.0000   316154.8501  8052760   73.58%
  39420 15593   315692.6961   335   182135.0000   316151.3171  8072911   73.58%
  39504 15661   314710.6949   424   182135.0000   316148.6437  8091613   73.58%
  39567 15708    infeasible         182135.0000   316146.4903  8112883   73.58%
  39642 15771    infeasible         182135.0000   316144.1818  8133123   73.58%
  39724 15835   313703.7335   462   182135.0000   316142.6923  8153043   73.58%
  39801 15906   309368.3562   450   182135.0000   316142.1818  8172783   73.58%
  39879 15964   314687.7902   467   182135.0000   316138.4281  8192241   73.57%
  39975 16042    infeasible         182135.0000   316135.5206  8212146   73.57%
Elapsed time = 629.83 sec. (1729792.63 ticks, tree = 633.94 MB, solutions = 11)
  40038 16093   312485.0731   367   182135.0000   316133.2561  8230317   73.57%
  40202 16237   315286.0290   456   182135.0000   316132.1628  8251213   73.57%
  40250 16277   308940.6909   624   182135.0000   316131.3204  8270539   73.57%
  40322 16333   313475.2389   705   182135.0000   316130.5566  8288368   73.57%
  40456 16457    infeasible         182135.0000   316129.8574  8308150   73.57%
  40532 16521   314654.2721   257   182135.0000   316128.7400  8328978   73.57%
  40616 16585   312814.2548   266   182135.0000   316127.1484  8348377   73.57%
  40669 16618   315612.1667   231   182135.0000   316122.0000  8367299   73.56%
  40739 16678   312230.1768   506   182135.0000   316119.9411  8387592   73.56%
  40891 16820   299998.2166   277   182135.0000   316119.3437  8407897   73.56%
Elapsed time = 644.32 sec. (1768442.25 ticks, tree = 661.19 MB, solutions = 11)
  40948 16857   315257.9921   415   182135.0000   316112.6075  8428560   73.56%
  41069 16970   315337.1208   263   182135.0000   316111.0000  8449258   73.56%
  41155 17042   306146.6911   337   182135.0000   316106.5000  8469014   73.56%
  41239 17108   309746.9871   541   182135.0000   316105.1313  8488658   73.56%
  41358 17217   315176.4586   267   182135.0000   316104.7643  8507871   73.56%
  41460 17313   309243.8652   293   182135.0000   316104.0552  8526779   73.55%
  41566 17405   311776.7230   344   182135.0000   316097.6589  8545964   73.55%
  41766 17591   307110.8842   244   182135.0000   316097.0520  8566001   73.55%
  41833 17640   310486.0702   552   182135.0000   316093.3154  8584336   73.55%
  41941 17732   316061.6887   479   182135.0000   316091.8906  8603671   73.55%
Elapsed time = 658.37 sec. (1806836.13 ticks, tree = 701.57 MB, solutions = 11)
  42039 17810    infeasible         182135.0000   316091.3851  8624896   73.55%
  42087 17848   312253.6262   448   182135.0000   316086.3039  8644423   73.55%
  42175 17920   312056.4591   457   182135.0000   316085.0342  8664394   73.54%
  42280 18017   314937.4965   378   182135.0000   316084.0968  8684012   73.54%
  42322 18047   310874.8897   348   182135.0000   316083.5000  8703426   73.54%
  42419 18132   314346.2729   656   182135.0000   316081.2310  8723796   73.54%
  42491 18194   304076.4048   248   182135.0000   316081.0965  8743943   73.54%
  42565 18254   314591.3481   429   182135.0000   316079.9880  8764214   73.54%
  42781 18458   312180.8318   323   182135.0000   316079.1690  8784179   73.54%
  42852 18517   309991.4666   416   182135.0000   316077.8157  8803883   73.54%
Elapsed time = 672.60 sec. (1845551.71 ticks, tree = 736.60 MB, solutions = 11)
  43035 18688   314426.2930   253   182135.0000   316077.3860  8824218   73.54%
  43216 18859   312215.3043   338   182135.0000   316076.7627  8843636   73.54%
  43293 18920   312428.9841   389   182135.0000   316074.6724  8862936   73.54%
  43363 18982   303005.3087   509   182135.0000   316074.5510  8883442   73.54%
  43445 19045   310410.8774   370   182135.0000   316072.5469  8902968   73.54%
  43560 19152   301363.6077   426   182135.0000   316072.1667  8922535   73.54%
  43676 19254   315887.5097   489   182135.0000   316068.5000  8943295   73.54%
  43714 19276    infeasible         182135.0000   316067.9410  8966884   73.53%
  43774 19328   313437.0477   423   182135.0000   316065.5680  8985568   73.53%
  43841 19377   315153.3667   532   182135.0000   316062.1667  9004918   73.53%
Elapsed time = 687.15 sec. (1884782.46 ticks, tree = 773.47 MB, solutions = 11)
  43919 19441   314210.3220   283   182135.0000   316061.6227  9023554   73.53%
  43987 19493    infeasible         182135.0000   316060.9081  9044011   73.53%
  44057 19549   313413.1158   335   182135.0000   316057.9755  9064187   73.53%
  44117 19595   310709.8412   425   182135.0000   316056.7478  9083438   73.53%
  44237 19701    infeasible         182135.0000   316055.5800  9103354   73.53%
  44301 19749   312966.4921   498   182135.0000   316054.7736  9121416   73.53%
  44365 19795   311926.7692   404   182135.0000   316051.3928  9141329   73.53%
  44448 19856   315062.7292   406   182135.0000   316050.5000  9161503   73.53%
  44502 19898   313118.8103   291   182135.0000   316049.6861  9181013   73.52%
  44608 19984   314253.1215   543   182135.0000   316047.5833  9200405   73.52%
Elapsed time = 701.66 sec. (1923423.03 ticks, tree = 799.57 MB, solutions = 11)
  44669 20039   306534.9936   334   182135.0000   316045.3333  9218969   73.52%
  44763 20125   311197.8719   442   182135.0000   316043.0833  9238428   73.52%
  44907 20249    infeasible         182135.0000   316042.3231  9258815   73.52%
  45061 20396        cutoff         182135.0000   316041.4315  9281844   73.52%
  45207 20532   282427.5075   254   182135.0000   316041.4062  9302362   73.52%
  45290 20597   314761.1743   334   182135.0000   316039.0833  9322974   73.52%
  45350 20643   313409.6382   717   182135.0000   316037.1792  9343487   73.52%
  45409 20681    infeasible         182135.0000   316034.7975  9363918   73.52%
  45488 20752   314065.3557   384   182135.0000   316033.7064  9382827   73.52%
  45576 20832    infeasible         182135.0000   316032.9522  9403053   73.52%
Elapsed time = 716.08 sec. (1962394.93 ticks, tree = 837.10 MB, solutions = 11)
  45656 20892   315533.1931   362   182135.0000   316030.9868  9421834   73.51%
  45720 20940   309001.5915   309   182135.0000   316029.2185  9441727   73.51%
  45799 20999   313722.1299   276   182135.0000   316026.8182  9461421   73.51%
  45860 21050   311021.4535   439   182135.0000   316024.5548  9479421   73.51%
  45947 21129   303269.5632   401   182135.0000   316024.0309  9499073   73.51%
  46022 21192   313397.3189   312   182135.0000   316023.5768  9518934   73.51%
  46111 21271   315059.3609   335   182135.0000   316022.5664  9539354   73.51%
  46168 21318   309109.2399   331   182135.0000   316020.5000  9558711   73.51%
  46252 21398   286122.3953   334   182135.0000   316020.3785  9580425   73.51%
  46374 21500   315888.7677   406   182135.0000   316014.2364  9600473   73.51%
Elapsed time = 730.36 sec. (2001005.87 ticks, tree = 862.54 MB, solutions = 11)
  46426 21544   314763.6861   377   182135.0000   316014.0322  9620858   73.51%
  46479 21575   314046.4010   386   182135.0000   316007.7796  9642300   73.50%
  46551 21631   314726.5439   338   182135.0000   316005.7845  9661499   73.50%
  46599 21671   314784.6598   449   182135.0000   316002.2857  9680892   73.50%
  46686 21746   314450.2377   436   182135.0000   316000.8219  9700237   73.50%
  46822 21872   314569.6779   593   182135.0000   316000.6234  9720956   73.50%
  46892 21930   314958.7500   262   182135.0000   315999.5783  9740327   73.50%
  46974 22004   306806.2740   417   182135.0000   315998.9231  9760388   73.50%
  47039 22059   310164.5000   467   182135.0000   315998.0362  9779632   73.50%
  47162 22170   294257.9915   329   182135.0000   315995.2823  9799680   73.50%
Elapsed time = 744.47 sec. (2039551.91 ticks, tree = 892.10 MB, solutions = 11)
  47241 22233   314404.9516   423   182135.0000   315993.3283  9819432   73.49%
  47315 22297   314439.0954   644   182135.0000   315992.5897  9840045   73.49%
  47413 22387   315764.9118   232   182135.0000   315991.0236  9859637   73.49%
  47494 22462   308244.9440   314   182135.0000   315990.8063  9879243   73.49%
  47641 22591   314670.0061   555   182135.0000   315987.4180  9900113   73.49%
  47700 22632   313155.4283   354   182135.0000   315981.8125  9919618   73.49%
  47766 22688   310913.2731   398   182135.0000   315980.7824  9939365   73.49%
  47856 22762   307591.1859   361   182135.0000   315979.5000  9959661   73.49%
  47983 22879   310657.1377   338   182135.0000   315979.0269  9979806   73.49%
  48051 22929   312684.7754   560   182135.0000   315977.3848  9999600   73.49%
Elapsed time = 758.79 sec. (2078226.05 ticks, tree = 926.36 MB, solutions = 11)
  48101 22963   310138.4651   422   182135.0000   315976.0267 10018632   73.48%
  48157 23001   315682.7801   383   182135.0000   315970.5000 10037569   73.48%
  48235 23065   302918.4508   262   182135.0000   315969.5652 10056237   73.48%
  48299 23115   313986.2129   449   182135.0000   315968.4500 10077802   73.48%
  48355 23161   313869.2118   378   182135.0000   315967.4140 10098296   73.48%
  48405 23191    infeasible         182135.0000   315965.0000 10118731   73.48%
  48489 23261   314987.1823   484   182135.0000   315964.3967 10140414   73.48%
  48569 23327    infeasible         182135.0000   315963.1261 10160503   73.48%
  48648 23398   310316.3889   325   182135.0000   315961.6043 10181563   73.48%
  48711 23433    infeasible         182135.0000   315960.5264 10201842   73.48%
Elapsed time = 773.18 sec. (2117480.99 ticks, tree = 938.99 MB, solutions = 11)
  48799 23509   310986.0778   377   182135.0000   315959.9018 10221182   73.48%
  48886 23584   312759.2822   435   182135.0000   315956.8865 10242067   73.47%
  48976 23658   309280.5221   429   182135.0000   315955.1319 10261581   73.47%
  49070 23740   314321.9236   476   182135.0000   315953.0548 10281318   73.47%
  49176 23842   310989.0963   410   182135.0000   315952.9926 10301449   73.47%
  49322 23976   310131.8299   313   182135.0000   315952.6196 10321511   73.47%
  49419 24065   311482.0273   548   182135.0000   315951.7514 10341431   73.47%
  49489 24125   314018.2911   490   182135.0000   315949.5973 10362377   73.47%
  49569 24189   314240.2025   538   182135.0000   315948.6555 10382033   73.47%
  49658 24268   308482.8904   478   182135.0000   315947.9838 10401355   73.47%
Elapsed time = 787.50 sec. (2156315.75 ticks, tree = 963.55 MB, solutions = 11)
  49773 24372   309804.6895   400   182135.0000   315947.2788 10420598   73.47%
  49843 24424   311479.4100   311   182135.0000   315946.4419 10440495   73.47%
  49970 24543   309753.6357   386   182135.0000   315946.4154 10460022   73.47%
  50116 24677   313491.7431   337   182135.0000   315946.1883 10480041   73.47%
  50188 24737    infeasible         182135.0000   315944.1458 10501739   73.47%
  50285 24820   314519.1436   368   182135.0000   315942.0000 10522015   73.47%
  50359 24884   312504.8043   537   182135.0000   315941.8317 10541117   73.47%
  50413 24922   310547.3333   237   182135.0000   315940.4281 10561751   73.46%
  50488 24987   312587.5811   433   182135.0000   315940.1219 10582716   73.46%
  50581 25072   302070.5374   516   182135.0000   315940.0892 10601459   73.46%
Elapsed time = 801.93 sec. (2195127.21 ticks, tree = 999.88 MB, solutions = 11)
  50678 25147   314718.9771   314   182135.0000   315935.7528 10620350   73.46%
  50757 25206    infeasible         182135.0000   315935.0000 10641831   73.46%
  50818 25255   314308.5000   541   182135.0000   315933.6250 10661662   73.46%
  50900 25327   310077.6487   254   182135.0000   315933.2458 10681059   73.46%
  50971 25374   314717.7552   388   182135.0000   315932.2499 10701933   73.46%
  51081 25468   311915.4080   453   182135.0000   315931.8407 10721965   73.46%
  51173 25548   309247.5061   354   182135.0000   315931.3533 10741921   73.46%
  51245 25604   313464.5963   397   182135.0000   315929.6945 10761466   73.46%
  51309 25650   314685.4007   399   182135.0000   315926.3077 10781390   73.46%
  51383 25708   312072.0857   537   182135.0000   315924.2692 10800992   73.46%
Elapsed time = 816.44 sec. (2233954.47 ticks, tree = 1021.03 MB, solutions = 11)
  51449 25764    infeasible         182135.0000   315923.3199 10820902   73.46%
  51511 25812   311190.7461   519   182135.0000   315922.1955 10838361   73.45%
  51630 25923    infeasible         182135.0000   315920.3948 10859596   73.45%
  51719 26004   313967.9726   484   182135.0000   315919.8074 10876914   73.45%
  51838 26113   307918.4475   378   182135.0000   315919.6481 10896999   73.45%
  51906 26161   314281.2111   550   182135.0000   315918.5400 10917311   73.45%
  52024 26269   305405.0051   272   182135.0000   315916.9777 10936178   73.45%
  52088 26311   314416.0708   340   182135.0000   315915.1900 10955488   73.45%
  52157 26365   313154.2676   518   182135.0000   315914.1390 10974597   73.45%
* 52160+26366                       182424.0000   315914.1390            73.18%
  52260 26458   311884.8385   456   182424.0000   315911.9416 10992334   73.17%
Elapsed time = 830.87 sec. (2272502.27 ticks, tree = 1048.64 MB, solutions = 12)
  52342 26532   310666.3625   347   182424.0000   315911.8215 11011797   73.17%
* 52360+26546                       184734.0000   315911.8215            71.01%
* 52360+26546                       185111.0000   315911.8215            70.66%
  52377 26555   315548.1287   676   185111.0000   315911.8125 11023011   70.66%
* 52460+26632                       186075.0000   315911.8125            69.78%
  52489 26661   299387.1313   272   186075.0000   315911.8125 11041225   69.78%
  52550 26708   312355.0779   434   186075.0000   315908.3872 11059327   69.77%
  52566 26714    infeasible         186075.0000   315908.3381 11066085   69.77%
  52660 26804   304372.5794   426   186075.0000   315908.3130 11081739   69.77%
  52760 26894   314964.5148   578   186075.0000   315907.4000 11097999   69.77%
  52847 26971   312544.1411   487   186075.0000   315905.6526 11118290   69.77%
* 52860+26982                       186168.0000   315905.6526            69.69%
  52954 27074   313344.5160   513   186168.0000   315904.5842 11132613   69.69%
* 52960+27078                       186696.0000   315904.5842            69.21%
  53051 27165   307944.3303   464   186696.0000   315904.0107 11149943   69.21%
Elapsed time = 846.07 sec. (2311959.97 ticks, tree = 1079.64 MB, solutions = 17)
  53108 27206   315245.2214   502   186696.0000   315903.7812 11163218   69.21%
  53160 27254   305297.1571   480   186696.0000   315903.3337 11178137   69.21%
  53255 27323   315409.8002   315   186696.0000   315901.9294 11198091   69.21%
  53282 27338   315018.5317   424   186696.0000   315900.8086 11209753   69.21%
  53360 27402   308481.0544   327   186696.0000   315898.0000 11226848   69.20%
  53439 27471   310242.6585   276   186696.0000   315897.1151 11246471   69.20%
  53498 27512   313426.2302   329   186696.0000   315896.1392 11262722   69.20%
  53560 27566   311587.6121   494   186696.0000   315894.7524 11279013   69.20%
  53664 27658   308114.4506   438   186696.0000   315894.2887 11297518   69.20%
  53760 27748   305355.8319   266   186696.0000   315893.6667 11313491   69.20%
Elapsed time = 862.54 sec. (2354243.12 ticks, tree = 1106.03 MB, solutions = 17)
  53820 27788    infeasible         186696.0000   315891.9368 11332993   69.20%
  53915 27872    infeasible         186696.0000   315890.7857 11351959   69.20%
  53960 27907   312143.1276   382   186696.0000   315890.5312 11365045   69.20%
  54015 27950   309591.7237   306   186696.0000   315888.8365 11385903   69.20%
  54060 27988   307651.5084   429   186696.0000   315888.6099 11397133   69.20%
  54174 28080   315819.5408   613   186696.0000   315887.8989 11416321   69.20%
  54253 28143   313888.1137   272   186696.0000   315887.7353 11435769   69.20%
  54321 28197    infeasible         186696.0000   315887.6657 11452918   69.20%
  54379 28241   308060.2210   368   186696.0000   315887.0434 11470273   69.20%
  54412 28258   314407.6306   539   186696.0000   315885.8774 11487718   69.20%
Elapsed time = 878.53 sec. (2396066.77 ticks, tree = 1128.33 MB, solutions = 17)
  54486 28322   304263.7956   262   186696.0000   315885.3309 11505239   69.20%
  54576 28394   313403.7766   435   186696.0000   315884.8333 11518340   69.20%
  54648 28446    infeasible         186696.0000   315883.4799 11538453   69.20%
  54692 28474    infeasible         186696.0000   315881.9733 11551615   69.20%
  54755 28523   312978.2742   653   186696.0000   315880.5089 11570196   69.20%
  54816 28577   314538.4302   330   186696.0000   315880.1982 11583418   69.19%
  54889 28644   312074.8128   376   186696.0000   315879.7500 11603377   69.19%
  55021 28762   315588.7068   358   186696.0000   315878.8528 11623333   69.19%
  55076 28799   312496.5667   218   186696.0000   315877.7299 11640302   69.19%
  55160 28875   311617.0340   306   186696.0000   315874.9727 11657884   69.19%
Elapsed time = 893.78 sec. (2435258.72 ticks, tree = 1156.47 MB, solutions = 17)
  55230 28937   313368.8417   302   186696.0000   315874.7369 11677631   69.19%
  55281 28984   308158.7239   322   186696.0000   315874.5686 11692347   69.19%
  55360 29059   307629.4160   507   186696.0000   315874.5190 11706461   69.19%
  55443 29130   313681.0715   517   186696.0000   315873.4414 11726474   69.19%
  55512 29193   312716.1447   472   186696.0000   315873.2357 11736907   69.19%
  55577 29246   306162.5456   407   186696.0000   315872.5565 11754571   69.19%
  55657 29312   311699.6636   444   186696.0000   315871.9083 11772153   69.19%
  55731 29372   305177.2600   202   186696.0000   315871.5737 11790702   69.19%
* 55760+29399                       187772.0000   315871.5737            68.22%
* 55760+29399                       192475.0000   315871.5737            64.11%
  55856 29485   312260.9240   346   192475.0000   315869.0580 11808642   64.11%
Advanced basis not built.

GUB cover cuts applied:  5
Clique cuts applied:  15
Cover cuts applied:  124
Implied bound cuts applied:  26
Flow cuts applied:  36
Mixed integer rounding cuts applied:  575
Zero-half cuts applied:  243
Lift and project cuts applied:  10
Gomory fractional cuts applied:  13

Root node processing (before b&c):
  Real time             =    0.80 sec. (1790.00 ticks)
Sequential b&c:
  Real time             =  907.20 sec. (2470342.52 ticks)
                          ------------
Total (root+branch&cut) =  908.00 sec. (2472132.52 ticks)
[CPLEX] Status: time limit exceeded
[CPLEX] OPTIMAL OBJ: 192475.0
[CPLEX] Runtime: 908.011 sec
Vehicle 0: d → 16 → 30 → 20 → 12 → 0 → 15 → 29 → 25 → 23 → 26 → 19 → 4 → 24 → 9 → 14 → 21 → 8 → 17 → 27 → d, (requests = [5, 6, 7, 11, 12, 16, 22, 29, 35])
Vehicle 1: d → 2 → 22 → 27 → 3 → 7 → 8 → 21 → 14 → 28 → 9 → 24 → 4 → 19 → 23 → 13 → 25 → 6 → 15 → 29 → 11 → 0 → 12 → 20 → 18 → d, (requests = [0, 3, 4, 8, 10, 13, 14, 17, 18, 19, 25, 27, 28])
Vehicle 2: d → 28 → 14 → 9 → 24 → 4 → 19 → 23 → 25 → 15 → 11 → d, (requests = [2, 36, 40])
Vehicle 3: d → 4 → 24 → 9 → 14 → 21 → 7 → 27 → 22 → 2 → d, (requests = [32, 37])
Vehicle 4: d → 5 → 1 → 22 → 27 → 3 → 10 → 7 → 17 → 21 → 14 → 28 → 4 → 19 → d, (requests = [1, 21, 24, 43])
Vehicle 5: d → 8 → 21 → 14 → 28 → 4 → 19 → 23 → 25 → 6 → 12 → 20 → 18 → d, (requests = [30, 33])
Vehicle 6: d, (requests = [])
Vehicle 7: d → 18 → 20 → 12 → 6 → d, (requests = [44])
======== PPDSP OBJECTIVE ========
Profit    = 239566
Cost      = 47091
Objective = 192475
=================================
===== RAW XY MODEL =====
16 153 274 303 385 470 510 543 572 613 653 681 763 778 824 852 896 954 981 1009 1037 1111 1128 1172 1232 1257 1302 1337 1377 1429 1466 1501 1534 1632 1656 1683 1711 1756 1774 1797 1831 1892 1930 1964 2019 2340 2505 2576 2650 2684 2824 2954 2965 3008 3103 3213 3411 3468 3567 3618 3785 3995 4022 4093 4202 4312 4394 4446 4487 4501 4581 4667 4816 4905 4979 5026 5071 5207 5240 5337 5718 5775 5848 5975 6047 6178 6202 6229 6257 6332 6377 6471 6571 7986 8153 8359 8415 8773 2050 5367 3219 2056 2058 2059 2061 2063 2066 3230 3232 3235 3239 3242 3247 3251 5401 5406 5419 5420 5434 5436 6623 6629 6634 6645 6655 6663 6670 8861 8870 8893 8919 8930
  [Time Manager] Step 5 consumed 908.01s. Total Consumed: 2280.94s.
  [Info] Saved 8930 core assumption literals to p1_A-n32-k5_r45v8k3.lp.asm

[6/6] Building & Solving: R=54, V=9, K=4
Default row names c1, c2 ... being created.
  [Info] Generating MIP Formulation...
  [Time Manager] Global Remaining Budget: 1319.06s | Future Weight Sum: 1638.0
  [Time Manager] Recalibrated Budget for this step: 1319.06s
[CPLEX] Setting time limit to 1319 seconds
[CPLEX] Reading assumption from p1_A-n32-k5_r45v8k3.lp.asm ...
[CPLEX] Applying MIP Start with 8552 variables.
Version identifier: 22.1.1.0 | 2022-11-28 | 9160aff4d
CPXPARAM_Read_DataCheck                          1
CPXPARAM_Threads                                 1
CPXPARAM_TimeLimit                               1319
1 of 1 MIP starts provided solutions.
MIP start 'm1' defined initial solution with objective 203475.0000.
Tried aggregator 1 time.
MIP Presolve eliminated 9 rows and 7389 columns.
MIP Presolve modified 6066 coefficients.
Reduced MIP has 6471 rows, 2880 columns, and 36846 nonzeros.
Reduced MIP has 2322 binaries, 558 generals, 0 SOSs, and 0 indicators.
Presolve time = 0.01 sec. (20.73 ticks)
Probing time = 0.00 sec. (3.46 ticks)
Tried aggregator 1 time.
Detecting symmetries...
Reduced MIP has 6471 rows, 2880 columns, and 36846 nonzeros.
Reduced MIP has 2322 binaries, 558 generals, 0 SOSs, and 0 indicators.
Presolve time = 0.01 sec. (23.49 ticks)
Probing time = 0.00 sec. (3.22 ticks)
Clique table members: 1188.
MIP emphasis: balance optimality and feasibility.
MIP search method: dynamic search.
Parallel mode: none, using 1 thread.
Root relaxation solution time = 0.04 sec. (62.62 ticks)

        Nodes                                         Cuts/
   Node  Left     Objective  IInf  Best Integer    Best Bound    ItCnt     Gap

*     0+    0                       203475.0000  3516228.0000              --- 
      0     0   384054.0000   171   203475.0000   384054.0000     1248   88.75%
      0     0   384054.0000   203   203475.0000     Cuts: 225     1318   88.75%
      0     0   384054.0000   233   203475.0000     Cuts: 144     1354   88.75%
      0     2   384054.0000   233   203475.0000   384054.0000     1354   88.75%
Elapsed time = 0.65 sec. (1569.35 ticks, tree = 0.01 MB, solutions = 1)
      2     4   383317.0000   170   203475.0000   383891.5903     3500   88.67%
      5     7   383247.5695   240   203475.0000   383891.5903     5840   88.67%
      7     9   383115.0052   254   203475.0000   383891.5903     7613   88.67%
      8    10   382987.5088   304   203475.0000   383891.5903     8805   88.67%
     12    14   382135.4521   229   203475.0000   383891.5903     9704   88.67%
     16    18   381898.0617   197   203475.0000   383891.5903    11268   88.67%
     19    21   381450.1204   228   203475.0000   383891.5903    12710   88.67%
     26    28   381120.9036   208   203475.0000   383891.5903    14384   88.67%
     37    39   380972.5228   178   203475.0000   383891.5903    16403   88.67%
     60    61   378980.6346   154   203475.0000   383891.5903    21627   88.67%
Elapsed time = 2.24 sec. (5444.52 ticks, tree = 0.33 MB, solutions = 1)
    109   101   383227.7205   281   203475.0000   383891.3044    26848   88.67%
    120   112   382987.4707   272   203475.0000   383891.3044    30211   88.67%
    145   137   382284.4511   246   203475.0000   383891.3044    34706   88.67%
    260   214   383072.5638   268   203475.0000   383450.0638    40079   88.45%
    328   269   382691.5755   232   203475.0000   383367.1915    44590   88.41%
    377   308   382816.5638   290   203475.0000   383294.9263    48942   88.37%
    405   335   381540.1687   212   203475.0000   383294.9263    51837   88.37%
    456   375   382417.4794   263   203475.0000   383255.8031    56676   88.36%

Performing restart 1

Repeating presolve.
Tried aggregator 1 time.
MIP Presolve modified 144 coefficients.
Reduced MIP has 6471 rows, 2880 columns, and 36846 nonzeros.
Reduced MIP has 2322 binaries, 558 generals, 0 SOSs, and 0 indicators.
Presolve time = 0.01 sec. (18.42 ticks)
Tried aggregator 1 time.
Reduced MIP has 6471 rows, 2880 columns, and 36846 nonzeros.
Reduced MIP has 2322 binaries, 558 generals, 0 SOSs, and 0 indicators.
Presolve time = 0.01 sec. (24.77 ticks)
Represolve time = 0.03 sec. (66.08 ticks)
    500     0   384054.0000   354   203475.0000     Cuts: 113    61505   88.36%
    500     0   384054.0000   243   203475.0000       Cuts: 2    61510   88.36%
    500     0   384054.0000   353   203475.0000     Cuts: 175    61515   88.36%
    500     0   384054.0000   237   203475.0000      Cuts: 82    61537   88.36%
    500     0   384054.0000   234   203475.0000     Cuts: 121    61557   88.36%
    500     0   383830.6758   280   203475.0000      Cuts: 98    62584   88.36%
    500     0   383624.1409   254   203475.0000     Cuts: 220    62925   88.36%
    500     0   383322.6250   242   203475.0000     Cuts: 101    63241   88.36%
    500     0   383317.0000   198   203475.0000     Cuts: 215    63298   88.36%
*   500+    0                       204101.0000   383255.8031            87.78%
    500     0        cutoff         204101.0000   383255.8031    63298   87.78%
    500     0   383317.0000   211   204101.0000     Cuts: 115    63368   87.78%
    500     2   383317.0000   228   204101.0000   383255.8031    63368   87.78%
    501     3   383274.3043   250   204101.0000   383255.8031    63996   87.78%
Elapsed time = 9.50 sec. (24219.32 ticks, tree = 0.01 MB, solutions = 2)
    502     4   382900.7022   272   204101.0000   383255.8031    66656   87.78%
    503     5   382817.4302   270   204101.0000   383255.8031    67373   87.78%
    504     6   381968.4077   241   204101.0000   383255.8031    69386   87.78%
    505     7   382774.0317   378   204101.0000   383255.8031    70895   87.78%
    506     8   382619.4844   266   204101.0000   383255.8031    72668   87.78%
    508    10   382626.9769   272   204101.0000   383255.8031    76739   87.78%
    509    11   382416.7500   242   204101.0000   383255.8031    78393   87.78%
    510    12   382514.4620   364   204101.0000   383255.8031    80873   87.78%
    512    14   382445.4604   363   204101.0000   383255.8031    82619   87.78%
    514    16   382337.2759   238   204101.0000   383255.8031    85053   87.78%
Elapsed time = 13.84 sec. (37188.39 ticks, tree = 0.19 MB, solutions = 2)
    515    17   382331.1924   265   204101.0000   383255.8031    85218   87.78%
    516    18   382326.9820   347   204101.0000   383255.8031    85759   87.78%
    518    20   382157.6695   402   204101.0000   383255.8031    88318   87.78%
    519    21   381848.8801   393   204101.0000   383255.8031    89588   87.78%
    520    22   381249.6481   542   204101.0000   383255.8031    91511   87.78%
    522    24   381577.7134   366   204101.0000   383255.8031    95183   87.78%
    524    26   381310.5925   324   204101.0000   383255.8031    97293   87.78%
    526    28   381396.9096   300   204101.0000   383255.8031    98320   87.78%
    528    30   379615.3364   245   204101.0000   383255.8031   100550   87.78%
    529    31   381369.2371   269   204101.0000   383255.8031   100838   87.78%
Elapsed time = 18.90 sec. (51954.05 ticks, tree = 0.32 MB, solutions = 2)
    531    33   381080.4588   292   204101.0000   383255.8031   102260   87.78%
    532    34   380942.9972   327   204101.0000   383255.8031   104963   87.78%
    535    37   380961.6790   553   204101.0000   383255.8031   105670   87.78%
    538    38   380731.0280   361   204101.0000   383255.8031   106531   87.78%
    540    39   378737.2425   337   204101.0000   383255.8031   106678   87.78%
    543    40   382914.6330   525   204101.0000   383255.8031   108273   87.78%
    545    42   382863.7719   541   204101.0000   383255.8031   109970   87.78%
    547    44   382817.8249   532   204101.0000   383255.8031   112196   87.78%
    550    47   382459.8318   364   204101.0000   383255.8031   114509   87.78%
    552    49   382183.6194   386   204101.0000   383255.8031   118059   87.78%
Elapsed time = 23.42 sec. (64721.14 ticks, tree = 0.88 MB, solutions = 2)
    554    51   382170.8316   354   204101.0000   383255.8031   119995   87.78%
    557    54   382108.2754   605   204101.0000   383255.8031   122191   87.78%
    560    57   381890.9326   367   204101.0000   383255.8031   124849   87.78%
    563    60   381875.6151   392   204101.0000   383255.8031   126915   87.78%
    566    63   381836.6716   274   204101.0000   383255.8031   128706   87.78%
    569    66   381345.6163   269   204101.0000   383255.8031   133445   87.78%
    572    69   380757.4480   312   204101.0000   383255.8031   136629   87.78%
    574    71   380622.8416   484   204101.0000   383255.8031   139499   87.78%
    577    74   380829.0363   626   204101.0000   383255.8031   141186   87.78%
    580    77   380719.6075   462   204101.0000   383255.8031   145850   87.78%
Elapsed time = 27.75 sec. (76862.88 ticks, tree = 1.62 MB, solutions = 2)
    581    78   380454.8213   440   204101.0000   383255.8031   146830   87.78%
    584    81   380662.3365   280   204101.0000   383255.8031   150288   87.78%
    587    84   380054.2682   350   204101.0000   383255.8031   153041   87.78%
    591    84    infeasible         204101.0000   383255.8031   158892   87.78%
    594    87   382695.0023   316   204101.0000   383082.0000   162095   87.69%
    597    90   382580.3788   338   204101.0000   383082.0000   164544   87.69%
    600    93   382455.6899   318   204101.0000   383082.0000   166705   87.69%
    603    96   382312.6159   288   204101.0000   383082.0000   168978   87.69%
    606    99   382264.2552   304   204101.0000   383082.0000   170399   87.69%
    609   102   382065.6340   296   204101.0000   383082.0000   174384   87.69%
Elapsed time = 32.41 sec. (89897.37 ticks, tree = 2.15 MB, solutions = 2)
    611   104   379230.8125   414   204101.0000   383082.0000   180308   87.69%
    613   106   379205.2226   661   204101.0000   383082.0000   181559   87.69%
    618   111   379148.5828   582   204101.0000   383082.0000   184092   87.69%
    622   115   379066.3881   350   204101.0000   383082.0000   185546   87.69%
    624   117   378391.7736   384   204101.0000   383082.0000   188798   87.69%
    625   118   377557.2007   307   204101.0000   383082.0000   192754   87.69%
    627   120   377412.7832   258   204101.0000   383082.0000   194303   87.69%
    629   122   377162.3763   246   204101.0000   383082.0000   196164   87.69%
    631   124   377160.6294   243   204101.0000   383082.0000   196326   87.69%
    634   126   377022.7418   189   204101.0000   383082.0000   197862   87.69%
Elapsed time = 37.28 sec. (102676.30 ticks, tree = 2.25 MB, solutions = 2)
    637   129   376950.8149   223   204101.0000   383082.0000   198920   87.69%
    644   132   382708.5000   214   204101.0000   383016.1104   203363   87.66%
    647   135   382577.0000   190   204101.0000   383016.1104   205240   87.66%
    650   138   382045.1667   428   204101.0000   383016.1104   211707   87.66%
    653   141   381763.3829   232   204101.0000   383016.1104   215222   87.66%
    658   146   381626.4731   313   204101.0000   383016.1104   216128   87.66%
    666   154   381254.7201   388   204101.0000   383016.1104   217731   87.66%
    673   161   380707.5120   285   204101.0000   383016.1104   219178   87.66%
    687   175   379596.2923   332   204101.0000   383016.1104   221688   87.66%
    693   181   379381.1153   251   204101.0000   383016.1104   222619   87.66%
Elapsed time = 42.04 sec. (115670.60 ticks, tree = 4.47 MB, solutions = 2)
    702   190   378417.6836   374   204101.0000   383016.1104   224479   87.66%
    710   196   375734.0741   297   204101.0000   383016.1104   226200   87.66%
    717   200    infeasible         204101.0000   383016.1104   230543   87.66%
    724   205   382496.8728   286   204101.0000   382914.4732   233045   87.61%
    729   210   382302.0124   631   204101.0000   382914.4732   235293   87.61%
    738   219   381734.4342   819   204101.0000   382914.4732   238955   87.61%
    744   225   380917.4659   554   204101.0000   382914.4732   241805   87.61%
    753   232   380260.7647   540   204101.0000   382914.4732   245708   87.61%
    763   240   379853.7047   406   204101.0000   382914.4732   247993   87.61%
    789   262   380927.3919   491   204101.0000   382868.3131   260307   87.59%
Elapsed time = 46.85 sec. (129141.94 ticks, tree = 8.34 MB, solutions = 2)
    817   286   381633.3333   250   204101.0000   382863.4422   274053   87.59%
    869   338   380327.1420   655   204101.0000   382863.4422   283844   87.59%
    912   377   380476.1950   535   204101.0000   382855.9086   294943   87.58%
    976   436   382284.4841   318   204101.0000   382818.0986   308910   87.56%
   1060   517   377756.7186   418   204101.0000   382818.0986   320273   87.56%
   1104   556   379325.0718   321   204101.0000   382814.5910   333250   87.56%
   1149   595   379829.1239   323   204101.0000   382773.9037   346950   87.54%
   1192   634   380858.4141   279   204101.0000   382769.0043   364194   87.54%
   1248   680   380336.7143   482   204101.0000   382768.7533   380960   87.54%
   1304   731   378426.7217   427   204101.0000   382766.7500   394430   87.54%
Elapsed time = 61.41 sec. (169573.67 ticks, tree = 22.88 MB, solutions = 2)
   1365   787   379625.1253   318   204101.0000   382744.7429   409526   87.53%
   1422   838   382184.3703   431   204101.0000   382737.8638   423453   87.52%
   1471   887   376728.7857   340   204101.0000   382737.8638   439599   87.52%
   1516   922    infeasible         204101.0000   382737.4210   453747   87.52%
   1554   956   381565.2259   528   204101.0000   382708.2356   469674   87.51%
   1579   980   376720.0238   487   204101.0000   382708.2356   485036   87.51%
   1626  1024   370626.1170   344   204101.0000   382708.2356   497699   87.51%
   1684  1075   381535.3681   574   204101.0000   382706.4839   513615   87.51%
   1724  1114   377669.2353   603   204101.0000   382706.4839   526867   87.51%
   1776  1161   381564.9348   477   204101.0000   382695.0023   539685   87.50%
Elapsed time = 75.05 sec. (208469.81 ticks, tree = 33.86 MB, solutions = 2)
   1799  1184   379187.3843   350   204101.0000   382695.0023   552128   87.50%
   1869  1245   382556.2403   295   204101.0000   382691.8489   565458   87.50%
   1933  1307   377358.1332   295   204101.0000   382691.8489   579957   87.50%
   1980  1344   382005.4963   384   204101.0000   382652.3938   594983   87.48%
   2020  1372   381288.2706   401   204101.0000   382649.5068   609321   87.48%
   2082  1430   380306.5341   348   204101.0000   382633.0266   625485   87.47%
   2152  1494   374466.4070   257   204101.0000   382633.0266   641439   87.47%
   2202  1533   382448.1008   653   204101.0000   382625.8586   655052   87.47%
   2242  1567   379945.7398   306   204101.0000   382619.1460   670770   87.47%
   2272  1591   378953.2105   237   204101.0000   382618.5920   684900   87.47%
Elapsed time = 88.91 sec. (247614.42 ticks, tree = 45.81 MB, solutions = 2)
   2314  1622   378560.4273   493   204101.0000   382614.5660   700276   87.46%
   2352  1652   382016.7588   591   204101.0000   382611.6222   714738   87.46%
   2414  1710   382491.1728   401   204101.0000   382591.6289   729631   87.45%
   2473  1763   377098.1272   341   204101.0000   382581.1511   745680   87.45%
   2522  1803   382235.7024   316   204101.0000   382578.7150   761727   87.45%
   2554  1833   377809.6276   430   204101.0000   382578.7150   778212   87.45%
   2600  1871   375719.5793   349   204101.0000   382577.0000   792496   87.44%
   2628  1892   375443.1722   252   204101.0000   382575.8157   804232   87.44%
   2689  1950   372251.3640   511   204101.0000   382575.8157   816072   87.44%
   2728  1974   381675.5469   416   204101.0000   382496.8728   832679   87.41%
Elapsed time = 102.82 sec. (286505.28 ticks, tree = 58.10 MB, solutions = 2)
   2782  2024   382289.0533   854   204101.0000   382489.3059   847737   87.40%
   2805  2047   378478.2112   442   204101.0000   382489.3059   863992   87.40%
   2885  2120   380580.3286   266   204101.0000   382486.8970   880246   87.40%
   2938  2169    infeasible         204101.0000   382486.8970   892382   87.40%
   2981  2207   378102.3202   324   204101.0000   382475.7073   907403   87.40%
   3038  2261   377204.4007   269   204101.0000   382458.6540   922307   87.39%
   3080  2295   378211.2222   238   204101.0000   382457.8092   937620   87.39%
   3124  2339   375370.2518   238   204101.0000   382457.8092   951907   87.39%
   3181  2384   382374.3798   284   204101.0000   382447.7823   967778   87.38%
   3237  2435   381455.3180   503   204101.0000   382445.4730   983240   87.38%
Elapsed time = 116.23 sec. (325318.45 ticks, tree = 75.95 MB, solutions = 2)
   3302  2494   381528.1954   427   204101.0000   382443.4323   999214   87.38%
   3379  2565   381110.0226   564   204101.0000   382440.6659  1017017   87.38%
   3441  2615   380233.0733   429   204101.0000   382428.7406  1034658   87.37%
   3514  2676   378270.9295   225   204101.0000   382425.9014  1051010   87.37%
   3581  2732   377797.6715   462   204101.0000   382416.6984  1067877   87.37%
   3627  2768   380773.9186   376   204101.0000   382409.7498  1083323   87.36%
   3656  2797   377160.6775   286   204101.0000   382409.7498  1097348   87.36%
   3705  2836   377409.5092   444   204101.0000   382409.3536  1113456   87.36%
   3766  2887   381134.9550   279   204101.0000   382403.1053  1128960   87.36%
   3842  2951   380426.9067   463   204101.0000   382396.7314  1144996   87.36%
Elapsed time = 130.33 sec. (365036.58 ticks, tree = 93.56 MB, solutions = 2)
   3894  2997   380313.8446   258   204101.0000   382394.7519  1160219   87.36%
   3932  3027   374766.9876   250   204101.0000   382394.7519  1173199   87.36%
   3972  3057   382144.5378   523   204101.0000   382388.9664  1188977   87.35%
   4021  3100        cutoff         204101.0000   382388.9664  1208979   87.35%
   4096  3171   378597.9376   275   204101.0000   382374.3798  1225859   87.35%
   4168  3237   380800.9842   388   204101.0000   382374.0454  1241709   87.35%
   4216  3279   380141.9027   619   204101.0000   382372.7678  1257286   87.34%
   4296  3349   382154.7585   376   204101.0000   382369.4098  1273821   87.34%
   4335  3380   381797.8987   665   204101.0000   382369.1802  1289699   87.34%
   4408  3447   381405.0621   850   204101.0000   382367.8255  1306728   87.34%
Elapsed time = 144.49 sec. (405045.14 ticks, tree = 113.38 MB, solutions = 2)
   4445  3484   377813.5412   330   204101.0000   382367.8255  1322704   87.34%
   4504  3539   379911.4818   396   204101.0000   382361.4707  1336125   87.34%
   4546  3573    infeasible         204101.0000   382360.3116  1353873   87.34%
   4608  3629   381351.5693   320   204101.0000   382349.6509  1369824   87.33%
   4686  3698   381451.6214   345   204101.0000   382345.0311  1386599   87.33%
   4722  3732   377758.2950   564   204101.0000   382345.0311  1402937   87.33%
   4771  3774   381129.7393   559   204101.0000   382343.7594  1419528   87.33%
   4804  3801   380458.0945   181   204101.0000   382342.2495  1435584   87.33%
   4876  3867   378429.6186   374   204101.0000   382336.6539  1449702   87.33%
   4982  3967    infeasible         204101.0000   382336.6539  1464447   87.33%
Elapsed time = 158.39 sec. (444127.48 ticks, tree = 139.11 MB, solutions = 2)
   5016  3997   380132.4297   247   204101.0000   382326.9788  1479206   87.32%
   5046  4021   378621.5408   396   204101.0000   382325.6910  1495172   87.32%
   5100  4066   381942.2738   349   204101.0000   382322.8926  1511137   87.32%
   5162  4123   375698.9296   300   204101.0000   382322.8926  1526307   87.32%
   5225  4180   380394.0234   534   204101.0000   382322.6748  1543211   87.32%
   5307  4250   381345.8076   369   204101.0000   382318.0265  1559676   87.32%
   5343  4282   374778.0330   225   204101.0000   382318.0265  1576777   87.32%
   5405  4332   377276.7866   439   204101.0000   382312.2438  1593605   87.32%
   5488  4402   379435.9258   311   204101.0000   382307.2907  1609585   87.31%
   5536  4442   380890.5879   535   204101.0000   382304.7651  1625793   87.31%
Elapsed time = 172.50 sec. (483891.00 ticks, tree = 156.55 MB, solutions = 2)
   5562  4468   378194.2143   557   204101.0000   382304.7651  1642199   87.31%
   5625  4525   376981.0606   312   204101.0000   382303.3050  1657858   87.31%
   5685  4576    infeasible         204101.0000   382302.0124  1677939   87.31%
   5757  4641   381156.5637   422   204101.0000   382296.2703  1694904   87.31%
   5812  4696   377029.5749   413   204101.0000   382296.2703  1710835   87.31%
   5885  4764   381562.6076   931   204101.0000   382296.1391  1727957   87.31%
   5916  4791   378074.9305   341   204101.0000   382296.1391  1744418   87.31%
   5989  4852   379754.8653   490   204101.0000   382290.9334  1760975   87.30%
   6031  4890   380226.0352   428   204101.0000   382290.9143  1776719   87.30%
   6088  4939   378202.2895   451   204101.0000   382289.8515  1793021   87.30%
Elapsed time = 186.54 sec. (523598.95 ticks, tree = 177.40 MB, solutions = 2)
   6133  4978   377787.9815   298   204101.0000   382289.0471  1808610   87.30%
   6193  5028   381624.3640   721   204101.0000   382287.2564  1821622   87.30%
   6268  5099   376303.4203   221   204101.0000   382287.2564  1837407   87.30%
   6318  5145   377635.0358   393   204101.0000   382285.1042  1852580   87.30%
   6389  5212   377040.0084   254   204101.0000   382283.8477  1867439   87.30%
   6453  5276   373391.5404   528   204101.0000   382283.8477  1881400   87.30%
   6518  5337   377812.2315   450   204101.0000   382279.9637  1895206   87.30%
   6560  5374   380093.9115   447   204101.0000   382279.1304  1911122   87.30%
   6619  5425   380616.4181   385   204101.0000   382274.6290  1929049   87.30%
   6660  5462   380622.3363   408   204101.0000   382269.7428  1945061   87.29%
Elapsed time = 200.26 sec. (562551.63 ticks, tree = 204.15 MB, solutions = 2)
   6724  5518   378085.3066   355   204101.0000   382269.2556  1961241   87.29%
   6772  5563   377838.2134   342   204101.0000   382269.1401  1976885   87.29%
   6800  5587   379852.0722   477   204101.0000   382264.1424  1992851   87.29%
   6848  5629   373267.3183   306   204101.0000   382264.1424  2009243   87.29%
   6884  5658   378128.9794   432   204101.0000   382251.6755  2023854   87.29%
   6934  5702   373060.2036   320   204101.0000   382249.8031  2039679   87.28%
   6988  5756   369429.3647   549   204101.0000   382249.8031  2055392   87.28%
   7044  5808   377986.0188   463   204101.0000   382248.5227  2072077   87.28%
   7087  5846   379517.0147   695   204101.0000   382247.9207  2088198   87.28%
   7123  5876   380122.1695   252   204101.0000   382246.5594  2104153   87.28%
Elapsed time = 213.73 sec. (601500.09 ticks, tree = 221.32 MB, solutions = 2)
   7228  5976   371646.9255   331   204101.0000   382246.5594  2119390   87.28%
   7299  6037   380047.8518   305   204101.0000   382242.4229  2134742   87.28%
   7344  6074    infeasible         204101.0000   382240.0439  2151260   87.28%
   7365  6095   377984.3951   261   204101.0000   382239.4400  2167123   87.28%
   7444  6162   381454.5062   312   204101.0000   382236.0000  2185953   87.28%
*  7500+ 6214                       204354.0000   382236.0000            87.05%
   7510  6226   375575.1521   263   204354.0000   382236.0000  2201814   87.05%
   7576  6289   380274.8422   498   204354.0000   382235.5848  2214382   87.05%
   7618  6326   375778.8469   389   204354.0000   382235.2684  2230984   87.05%
   7695  6391   378242.7193   464   204354.0000   382234.7056  2248347   87.05%
   7737  6429   379734.0757   263   204354.0000   382230.9958  2263472   87.04%
Elapsed time = 227.58 sec. (640256.22 ticks, tree = 242.43 MB, solutions = 3)
   7771  6457   380675.4862   418   204354.0000   382228.3664  2279072   87.04%
   7822  6504   379917.8526   366   204354.0000   382221.9692  2294695   87.04%
   7869  6543    infeasible         204354.0000   382219.6947  2310990   87.04%
   7904  6574   380126.9643   588   204354.0000   382217.4894  2329120   87.04%
   7971  6636   378964.1416   427   204354.0000   382216.5214  2346009   87.04%
   8033  6690   378134.1350   286   204354.0000   382213.6537  2360482   87.04%
   8097  6753   371384.7414   393   204354.0000   382213.6537  2377219   87.04%
   8192  6844   380835.8170   289   204354.0000   382210.3331  2393823   87.03%
   8253  6899   380134.5988   359   204354.0000   382207.5922  2409193   87.03%
   8285  6926   379452.8349   267   204354.0000   382204.6611  2425801   87.03%
Elapsed time = 241.62 sec. (679355.03 ticks, tree = 265.79 MB, solutions = 3)
   8332  6971   375722.2710   509   204354.0000   382204.6611  2442423   87.03%
   8383  7012   380344.6622   217   204354.0000   382202.9079  2459130   87.03%
   8443  7064   381295.2723   395   204354.0000   382200.4462  2475888   87.03%
   8465  7082   379549.0885   335   204354.0000   382200.1380  2491093   87.03%
   8518  7129   376987.9360   267   204354.0000   382196.5755  2509794   87.03%
   8575  7186   374727.1746   470   204354.0000   382196.5755  2526353   87.03%
   8623  7224   378237.3271   381   204354.0000   382196.2018  2542984   87.03%
   8668  7263   381035.8396   829   204354.0000   382193.0869  2557084   87.03%
   8721  7306   376388.2407   339   204354.0000   382192.7543  2572726   87.02%
   8779  7358   377205.9123   193   204354.0000   382187.8636  2590294   87.02%
Elapsed time = 255.58 sec. (718572.66 ticks, tree = 287.63 MB, solutions = 3)
   8853  7426   380058.0181   316   204354.0000   382187.0169  2607180   87.02%
   8900  7469   380662.6398   364   204354.0000   382186.2393  2620667   87.02%
   8967  7525   380637.7403   356   204354.0000   382184.7409  2636832   87.02%
   9011  7562   376826.0571   238   204354.0000   382184.4093  2653900   87.02%
   9055  7600   375689.8476   620   204354.0000   382184.2404  2670060   87.02%
   9146  7690   368350.6508   420   204354.0000   382184.2404  2686762   87.02%
   9197  7737   378775.1771   315   204354.0000   382183.8805  2702337   87.02%
   9250  7784   377278.9286   188   204354.0000   382183.5879  2719280   87.02%
   9302  7823   378259.6675   308   204354.0000   382182.9728  2736001   87.02%
   9336  7851   378050.6793   473   204354.0000   382180.6678  2752397   87.02%
Elapsed time = 269.55 sec. (757314.20 ticks, tree = 306.67 MB, solutions = 3)
   9372  7885   371694.6352   428   204354.0000   382180.6678  2769124   87.02%
   9420  7924   377025.2899   352   204354.0000   382180.2747  2784495   87.02%
   9485  7983   378644.8376   564   204354.0000   382176.2111  2800691   87.02%
   9532  8024   375790.1978   243   204354.0000   382170.3578  2817638   87.01%
   9578  8060   380418.2891   258   204354.0000   382162.8042  2833735   87.01%
   9626  8104   373745.6129   460   204354.0000   382162.8042  2851270   87.01%
   9673  8139   381148.8944   512   204354.0000   382158.4706  2867474   87.01%
   9723  8181   378027.1970   407   204354.0000   382157.8672  2882905   87.01%
   9754  8206   379828.7505   460   204354.0000   382156.9659  2897319   87.01%
   9798  8246   380424.2316   383   204354.0000   382155.6704  2914598   87.01%
Elapsed time = 283.51 sec. (796275.67 ticks, tree = 324.89 MB, solutions = 3)
   9847  8283   380847.7896   410   204354.0000   382154.5474  2931168   87.01%
   9917  8351   372356.8471   334   204354.0000   382154.5474  2947780   87.01%
   9983  8409   376951.5650   214   204354.0000   382153.5166  2964279   87.01%
  10034  8450   378636.7941   375   204354.0000   382153.0613  2980567   87.01%
  10085  8497   378249.4516   489   204354.0000   382149.8053  2996828   87.00%
  10159  8566   376319.4188   235   204354.0000   382149.0741  3013395   87.00%
  10233  8632   378366.6739   452   204354.0000   382146.3234  3031358   87.00%
  10273  8662   379542.6229   383   204354.0000   382144.5378  3047380   87.00%
  10333  8714   375398.8846   390   204354.0000   382144.4110  3064671   87.00%
  10378  8755   379684.3553   683   204354.0000   382143.8802  3081591   87.00%
Elapsed time = 297.30 sec. (834753.86 ticks, tree = 352.12 MB, solutions = 3)
  10439  8804   375650.2688   364   204354.0000   382142.6458  3097463   87.00%
* 10500+ 8859                       204888.0000   382141.7123            86.51%
* 10500+ 8859                       205000.0000   382141.7123            86.41%
* 10500+ 8859                       205172.0000   382141.7123            86.25%
* 10500+ 8859                       205416.0000   382141.7123            86.03%
* 10500+ 8859                       215445.0000   382141.7123            77.37%
* 10500+ 8859                       224313.0000   382141.7123            70.36%
* 10500+ 8859                       225134.0000   382141.7123            69.74%
* 10500+ 8859                       226919.0000   382141.7123            68.40%
* 10500+ 8859                       227031.0000   382141.7123            68.32%
  10500  8861   377139.1982   275   227031.0000   382141.7123  3114068   68.32%
* 10501+ 8860                       227047.0000   382141.7123            68.31%
* 10501+ 8860                       232067.0000   382141.7123            64.67%
* 10501+ 8860                       232182.0000   382141.7123            64.59%
* 10501+ 8860                       232203.0000   382141.7123            64.57%
* 10501+ 8860                       235400.0000   382141.7123            62.34%
* 10501+ 8860                       235783.0000   382141.7123            62.07%
* 10501+ 8860                       235830.0000   382141.7123            62.04%
* 10501+ 8860                       244176.0000   382141.7123            56.50%
* 10501+ 8860                       244230.0000   382141.7123            56.47%
* 10501+ 8860                       244536.0000   382141.7123            56.27%
  10501  8862   381371.8390   399   244536.0000   382138.9100  3114596   56.27%
* 10502+ 8861                       244599.0000   382138.9100            56.23%
* 10502+ 8861                       244614.0000   382138.9100            56.22%
* 10502+ 8861                       244916.0000   382138.9100            56.03%
* 10502+ 8861                       245518.0000   382138.9100            55.65%
* 10502+ 8861                       245737.0000   382138.9100            55.51%
* 10502+ 8861                       249728.0000   382138.9100            53.02%
* 10502+ 8861                       249893.0000   382138.9100            52.92%
* 10502+ 8861                       249953.0000   382138.9100            52.88%
* 10502+ 8861                       250243.0000   382138.9100            52.71%
* 10502+ 8861                       251245.0000   382138.9100            52.10%
* 10502+ 8861                       254724.0000   382138.9100            50.02%
* 10502+ 8861                       257597.0000   382138.9100            48.35%
  10502  8863   381621.1542   402   257597.0000   382138.3439  3115839   48.35%
  10569  8928   372809.8144   331   257597.0000   382136.3323  3134174   48.35%
* 10602+ 8959                       266548.0000   382136.3323            43.36%
  10647  8998    infeasible         266548.0000   382135.9044  3151773   43.36%
  10689  9034   379573.3750   361   266548.0000   382132.9461  3169452   43.36%
  10742  9087   375408.7627   535   266548.0000   382132.9461  3185303   43.36%
  10804  9145   376555.9829   358   266548.0000   382132.9461  3202793   43.36%
  10848  9183   379823.9065   450   266548.0000   382131.2001  3219371   43.36%
Elapsed time = 319.53 sec. (890262.66 ticks, tree = 374.46 MB, solutions = 35)
  10897  9228   374101.9532   237   266548.0000   382131.2001  3236736   43.36%
  10931  9256   379453.2078   335   266548.0000   382128.2892  3252499   43.36%
  11010  9331   378566.2851   388   266548.0000   382124.3680  3269279   43.36%
  11055  9372   377920.6965   328   266548.0000   382122.4726  3285955   43.36%
  11168  9479   374735.0061   417   266548.0000   382120.6657  3303244   43.36%
  11253  9552   381676.7495   263   266548.0000   382115.5449  3319579   43.36%
  11292  9583   378529.3619   534   266548.0000   382115.5449  3335860   43.36%
  11328  9615   380353.3870   687   266548.0000   382114.4970  3351463   43.36%
  11378  9661   380938.6509   587   266548.0000   382112.0069  3368544   43.36%
  11443  9722   379445.9875   496   266548.0000   382110.8029  3385485   43.36%
Elapsed time = 333.45 sec. (929304.66 ticks, tree = 399.50 MB, solutions = 35)
  11482  9761   375887.9624   425   266548.0000   382110.8029  3402326   43.36%
  11553  9826   372537.8111   347   266548.0000   382109.6348  3419489   43.35%
  11611  9876    infeasible         266548.0000   382109.4935  3435972   43.35%
  11682  9932   381825.9785   521   266548.0000   382105.9455  3452623   43.35%
  11709  9955   379748.1829   489   266548.0000   382104.5689  3469088   43.35%
  11754  9994   381766.0423   501   266548.0000   382104.2061  3487045   43.35%
  11808 10044   373569.1036   267   266548.0000   382104.2061  3503646   43.35%
  11958 10182   380460.9617   380   266548.0000   382096.0290  3522310   43.35%
  11992 10211   381506.7222   609   266548.0000   382095.9590  3538101   43.35%
  12049 10266   377387.6190   345   266548.0000   382095.9590  3549434   43.35%
Elapsed time = 347.43 sec. (968817.81 ticks, tree = 419.19 MB, solutions = 35)
  12100 10312   379400.4271   309   266548.0000   382095.6982  3564233   43.35%
  12166 10370   378452.0509   469   266548.0000   382095.2143  3582249   43.35%
  12227 10425   374947.4521   233   266548.0000   382092.4839  3598305   43.35%
  12275 10467   374407.6547   543   266548.0000   382091.8961  3615496   43.35%
  12352 10541   365191.5000   321   266548.0000   382091.8961  3633626   43.35%
  12412 10591   380837.6908   509   266548.0000   382088.7859  3649960   43.35%
  12441 10620   373649.3017   445   266548.0000   382088.7859  3667305   43.35%
  12481 10656   380119.5774   711   266548.0000   382086.8830  3683208   43.35%
  12537 10712   376146.4564   434   266548.0000   382086.8830  3697586   43.35%
  12604 10775   376875.2934   567   266548.0000   382086.5479  3714721   43.35%
Elapsed time = 361.25 sec. (1007678.59 ticks, tree = 440.15 MB, solutions = 35)
  12716 10883   367593.0998   506   266548.0000   382086.5479  3731727   43.35%
  12770 10933   378987.9980   608   266548.0000   382086.3177  3747133   43.35%
  12846 11001   380954.5734   652   266548.0000   382086.2799  3764232   43.35%
  12915 11070   376850.7593   463   266548.0000   382086.2799  3779094   43.35%
  12993 11134   370652.3877   272   266548.0000   382085.9447  3795997   43.35%
  13046 11181   377515.4255   361   266548.0000   382084.6041  3812262   43.35%
  13115 11246   377060.1858   351   266548.0000   382084.0510  3827712   43.35%
  13165 11292   375931.5313   422   266548.0000   382083.5718  3844116   43.35%
  13232 11349   376283.4258   363   266548.0000   382083.0000  3861368   43.34%
  13310 11414   380117.0766   294   266548.0000   382080.7987  3874739   43.34%
Elapsed time = 374.84 sec. (1046345.23 ticks, tree = 468.83 MB, solutions = 35)
  13374 11474   372545.7465   286   266548.0000   382080.7987  3890937   43.34%
  13477 11567   376969.9737   377   266548.0000   382080.6818  3907603   43.34%
  13565 11645   378186.7189   327   266548.0000   382079.9403  3924867   43.34%
  13655 11727   379653.5214   322   266548.0000   382078.5478  3941632   43.34%
  13737 11800   378080.2202   341   266548.0000   382075.1984  3959305   43.34%
  13788 11845   377344.6748   447   266548.0000   382073.7489  3975733   43.34%
  13844 11897   372335.2681   357   266548.0000   382072.7528  3992577   43.34%
  13934 11979   376460.1036   608   266548.0000   382072.0276  4008186   43.34%
  14000 12033   379515.3556   493   266548.0000   382071.2275  4024880   43.34%
  14038 12067   375003.1828   310   266548.0000   382070.8582  4041401   43.34%
Elapsed time = 388.74 sec. (1085239.72 ticks, tree = 498.06 MB, solutions = 35)
  14088 12107   377260.8750   251   266548.0000   382069.7556  4057713   43.34%
  14136 12149    infeasible         266548.0000   382067.7832  4074401   43.34%
  14160 12165   380172.1210   534   266548.0000   382065.5594  4090501   43.34%
  14221 12220   379853.1978   538   266548.0000   382064.8798  4107728   43.34%
  14269 12264   377720.4918   444   266548.0000   382064.6600  4123199   43.34%
  14306 12281   381506.4677   208   266548.0000   382060.0510  4139587   43.34%
  14352 12321   381070.8000   940   266548.0000   382057.9643  4154753   43.34%
  14393 12362   377291.9908   397   266548.0000   382057.9643  4171053   43.34%
  14505 12463   381988.7191   373   266548.0000   382054.7251  4188015   43.33%
  14560 12514   375635.7366   365   266548.0000   382052.8612  4205525   43.33%
Elapsed time = 402.51 sec. (1124312.46 ticks, tree = 521.65 MB, solutions = 35)
  14619 12563   379012.8006   517   266548.0000   382052.4954  4224290   43.33%
  14688 12628   380500.7100   337   266548.0000   382050.9792  4242097   43.33%
  14750 12684   380917.9154   302   266548.0000   382047.2422  4258592   43.33%
  14799 12720   381373.2926   302   266548.0000   382045.1667  4276161   43.33%
  14865 12778   381762.6304   467   266548.0000   382043.2456  4294245   43.33%
  14925 12838   378473.3895   490   266548.0000   382043.2456  4308091   43.33%
  14981 12884   378298.1498   273   266548.0000   382042.6952  4324483   43.33%
  15029 12926    infeasible         266548.0000   382040.3247  4341617   43.33%
  15096 12983   381150.4005   385   266548.0000   382039.9618  4358165   43.33%
  15140 13023   381531.3776   225   266548.0000   382039.9219  4376139   43.33%
Elapsed time = 416.65 sec. (1163883.58 ticks, tree = 540.63 MB, solutions = 35)
  15186 13065   379244.3238   450   266548.0000   382039.8267  4391552   43.33%
  15228 13097    infeasible         266548.0000   382039.8253  4408338   43.33%
  15258 13123   380563.9239   465   266548.0000   382037.0626  4424844   43.33%
  15318 13175   377275.1094   372   266548.0000   382035.8763  4440315   43.33%
  15402 13252   381807.0792   417   266548.0000   382035.0889  4456255   43.33%
  15461 13303   379851.0749   415   266548.0000   382034.5000  4474122   43.33%
  15498 13338    infeasible         266548.0000   382034.5000  4491716   43.33%
  15527 13365   380935.6156   267   266548.0000   382034.0203  4507082   43.33%
  15572 13402   379767.7439   486   266548.0000   382033.4003  4523850   43.33%
  15635 13465   372895.4300   489   266548.0000   382033.4003  4540207   43.33%
Elapsed time = 430.51 sec. (1203462.61 ticks, tree = 565.00 MB, solutions = 35)
  15670 13490   381759.8689   389   266548.0000   382031.2816  4556055   43.33%
  15721 13537   378883.8188   377   266548.0000   382030.4869  4571417   43.33%
  15793 13607   373645.3957   499   266548.0000   382030.4869  4586512   43.33%
  15865 13675   377790.1088   512   266548.0000   382030.4447  4602527   43.33%
  15938 13737    infeasible         266548.0000   382029.2352  4618971   43.32%
  15984 13773   379754.8321   345   266548.0000   382028.1191  4635139   43.32%
  16035 13820   377868.1868   408   266548.0000   382027.8290  4651607   43.32%
  16086 13867   374264.7463   249   266548.0000   382027.3652  4668683   43.32%
  16180 13951   378508.1639   197   266548.0000   382027.2987  4686119   43.32%
  16246 14003   380105.6940   219   266548.0000   382026.1519  4704556   43.32%
Elapsed time = 444.30 sec. (1242418.23 ticks, tree = 593.89 MB, solutions = 35)
  16291 14042   380012.8907   409   266548.0000   382025.9260  4721585   43.32%
  16340 14085   380387.5111   603   266548.0000   382024.1072  4737591   43.32%
  16374 14109   379794.4120   391   266548.0000   382022.2210  4753716   43.32%
  16430 14157   381893.1330   410   266548.0000   382021.2566  4769111   43.32%
  16470 14197   376445.4050   337   266548.0000   382021.2566  4785854   43.32%
  16563 14288   364969.1561   296   266548.0000   382021.2566  4802391   43.32%
  16613 14334   379901.0400   666   266548.0000   382018.7843  4818383   43.32%
  16675 14391   378372.8316   474   266548.0000   382018.2443  4835044   43.32%
  16736 14448   370905.2488   227   266548.0000   382016.6979  4851896   43.32%
  16801 14505   381274.4195   659   266548.0000   382014.5983  4869634   43.32%
Elapsed time = 458.24 sec. (1281006.26 ticks, tree = 619.65 MB, solutions = 35)
  16855 14553   381328.4957   295   266548.0000   382010.5529  4885193   43.32%
  16895 14583   380205.3446   536   266548.0000   382009.2838  4901519   43.32%
  16936 14620   378578.6367   330   266548.0000   382009.1636  4916397   43.32%
  16983 14663   375858.6257   473   266548.0000   382008.2992  4932583   43.32%
  17040 14706   378289.1380   399   266548.0000   382008.1781  4949048   43.32%
  17091 14749   376202.4885   270   266548.0000   382007.9159  4965846   43.32%
  17147 14800   377589.8133   447   266548.0000   382007.1491  4983264   43.32%
  17244 14894   360499.5066   330   266548.0000   382007.1491  4999586   43.32%
  17306 14946    infeasible         266548.0000   382006.9865  5016835   43.32%
  17339 14963   381666.9749   341   266548.0000   382004.7655  5033098   43.32%
Elapsed time = 471.87 sec. (1319443.21 ticks, tree = 642.09 MB, solutions = 35)
  17387 15003    infeasible         266548.0000   382004.1965  5050532   43.32%
  17416 15026   381519.1525   252   266548.0000   382003.2908  5065860   43.32%
  17437 15041   379051.3707   274   266548.0000   381999.2747  5082798   43.31%
  17508 15108   381123.4592   379   266548.0000   381997.1693  5099127   43.31%
  17590 15185   381319.5488   475   266548.0000   381993.2171  5114039   43.31%
  17636 15227   374370.5038   320   266548.0000   381993.2171  5131040   43.31%
  17671 15247   380796.1085   417   266548.0000   381991.1957  5149286   43.31%
  17759 15327   377996.9706   348   266548.0000   381991.0624  5166031   43.31%
  17831 15388   381155.9539   479   266548.0000   381989.4261  5184034   43.31%
  17889 15442   381213.7503   400   266548.0000   381989.1584  5200639   43.31%
Elapsed time = 485.85 sec. (1358836.11 ticks, tree = 664.78 MB, solutions = 35)
  17960 15506   380108.1589   536   266548.0000   381985.6290  5218090   43.31%
  17998 15540   377151.9449   331   266548.0000   381985.1939  5234088   43.31%
  18073 15611   378737.6145   435   266548.0000   381984.9842  5250343   43.31%
  18117 15653   374807.7310   316   266548.0000   381984.9842  5266878   43.31%
  18179 15705   378441.6824   378   266548.0000   381981.1111  5283563   43.31%
  18240 15754   372660.4386   426   266548.0000   381977.2644  5300576   43.31%
  18303 15808   380024.9040   510   266548.0000   381976.7069  5317272   43.31%
  18375 15875   380120.8500   216   266548.0000   381976.1279  5333095   43.30%
  18417 15913   373508.1600   371   266548.0000   381976.1279  5349135   43.30%
  18478 15970   375517.1302   503   266548.0000   381974.9010  5365655   43.30%
Elapsed time = 499.82 sec. (1397587.42 ticks, tree = 689.25 MB, solutions = 35)
  18571 16050    infeasible         266548.0000   381974.0955  5382637   43.30%
  18645 16119   376533.3406   417   266548.0000   381973.1152  5399607   43.30%
  18741 16206   378840.6580   540   266548.0000   381971.8546  5417747   43.30%
  18814 16271   379291.7993   316   266548.0000   381971.3382  5435318   43.30%
  18900 16351   370467.0050   342   266548.0000   381969.9758  5452618   43.30%
  18990 16434   377182.7529   237   266548.0000   381969.4877  5467074   43.30%
  19092 16536   374638.4590   644   266548.0000   381969.4877  5477870   43.30%
  19200 16644   335529.1639   278   266548.0000   381969.4877  5492313   43.30%
  19300 16734   377456.2894   217   266548.0000   381968.3290  5506886   43.30%
  19427 16857    infeasible         266548.0000   381968.3290  5519396   43.30%
Elapsed time = 513.92 sec. (1436345.77 ticks, tree = 713.36 MB, solutions = 35)
  19479 16909   374169.0307   297   266548.0000   381968.1896  5536690   43.30%
  19566 16986   379816.5127   464   266548.0000   381964.6748  5553080   43.30%
  19621 17037   378968.8546   471   266548.0000   381964.4938  5569606   43.30%
  19669 17077    infeasible         266548.0000   381961.1104  5586602   43.30%
  19692 17098   379911.9435   439   266548.0000   381961.0120  5602752   43.30%
  19750 17149   381912.0028   433   266548.0000   381960.5778  5619494   43.30%
  19794 17187   377570.3651   283   266548.0000   381960.1834  5635132   43.30%
  19844 17233   379149.6527   757   266548.0000   381959.5834  5650948   43.30%
  19899 17286   372166.5434   379   266548.0000   381959.5834  5667333   43.30%
  19981 17363   372904.7270   344   266548.0000   381958.9947  5683918   43.30%
Elapsed time = 527.60 sec. (1475216.60 ticks, tree = 741.48 MB, solutions = 35)
  20046 17416    infeasible         266548.0000   381958.8212  5699554   43.30%
  20099 17466   371602.7566   621   266548.0000   381958.7046  5716323   43.30%
  20205 17570   361161.1632   396   266548.0000   381958.7046  5733236   43.30%
  20305 17660   380466.9170   337   266548.0000   381958.0987  5750587   43.30%
  20404 17754   377696.1302   380   266548.0000   381957.9183  5766950   43.30%
  20467 17811   378006.0852   232   266548.0000   381956.7656  5784208   43.30%
  20539 17873   378112.8686   494   266548.0000   381955.8176  5801040   43.30%
  20619 17947   379372.8778   816   266548.0000   381954.9636  5817019   43.30%
  20699 18021    infeasible         266548.0000   381954.9636  5833541   43.30%
  20807 18124   378451.3922   255   266548.0000   381954.1762  5851074   43.30%
Elapsed time = 541.62 sec. (1513660.43 ticks, tree = 768.28 MB, solutions = 35)
  20883 18195   377312.1064   209   266548.0000   381953.5779  5868456   43.30%

Performing restart 2

Repeating presolve.
Tried aggregator 1 time.
MIP Presolve modified 2826 coefficients.
Reduced MIP has 6471 rows, 2880 columns, and 58077 nonzeros.
Reduced MIP has 2322 binaries, 558 generals, 0 SOSs, and 0 indicators.
Presolve time = 0.01 sec. (37.35 ticks)
Tried aggregator 1 time.
Reduced MIP has 6471 rows, 2880 columns, and 58077 nonzeros.
Reduced MIP has 2322 binaries, 558 generals, 0 SOSs, and 0 indicators.
Presolve time = 0.02 sec. (35.69 ticks)
Represolve time = 0.15 sec. (205.83 ticks)
  20924     0   383317.0000   229   266548.0000     Cuts: 231  5874093   43.30%
  20924     0   383300.0682   262   266548.0000      Cuts: 59  5874298   43.30%
  20924     0   383242.3695   269   266548.0000     Cuts: 185  5874547   43.30%
  20924     0   383216.1571   295   266548.0000      Cuts: 29  5874672   43.30%
  20924     0   383207.9815   552   266548.0000     Cuts: 155  5875102   43.30%
  20924     0   383192.8255   420   266548.0000     Cuts: 100  5875386   43.30%
  20924     0   383169.4689   557   266548.0000      Cuts: 84  5875793   43.30%
  20924     2   383169.4689   557   266548.0000   381953.5779  5875793   43.30%
  20925     3   383141.0222   254   266548.0000   381953.5779  5876415   43.30%
  20926     4   383126.2586   244   266548.0000   381953.5779  5876803   43.30%
  20927     5   382888.6829   253   266548.0000   381953.5779  5877853   43.30%
  20929     7   382629.2500   232   266548.0000   381953.5779  5880673   43.30%
  20930     8   382384.2758   712   266548.0000   381953.5779  5884298   43.30%
  20932    10   382348.5749   270   266548.0000   381953.5779  5887249   43.30%
  20935    13   382259.4996   417   266548.0000   381953.5779  5891459   43.30%
  20940    18   382022.9131   603   266548.0000   381953.5779  5896403   43.30%
Elapsed time = 561.87 sec. (1572591.70 ticks, tree = 0.03 MB, solutions = 35)
  20943    21   381796.0669   401   266548.0000   381953.5779  5901179   43.30%
  20946    24   381844.8913   521   266548.0000   381953.5779  5903797   43.30%
  20948    26   381496.2948   704   266548.0000   381953.5779  5911133   43.30%
  20952    30   381440.4439   557   266548.0000   381953.5779  5913955   43.30%
  20956    34   381437.6675   597   266548.0000   381953.5779  5914279   43.30%
  20963    41   380472.0767   662   266548.0000   381953.5779  5920129   43.30%
  20966    42    infeasible         266548.0000   381953.5779  5928049   43.30%
  20970    42   381454.0000   256   266548.0000   381953.5779  5941226   43.30%
  20977    49   381149.6290   429   266548.0000   381953.5779  5947679   43.30%
  20986    58   381117.5040   523   266548.0000   381953.5779  5952839   43.30%
Elapsed time = 578.42 sec. (1619778.33 ticks, tree = 0.67 MB, solutions = 35)
  21001    73   380788.6642   585   266548.0000   381953.5779  5957607   43.30%
  21024    94   380054.1159   358   266548.0000   381953.5779  5963804   43.30%
  21042   110   378073.8489   253   266548.0000   381953.5779  5972669   43.30%
  21070   138   378978.0987   462   266548.0000   381953.5779  5979321   43.30%
  21096   161   374000.7986   437   266548.0000   381953.5779  5988611   43.30%
  21113   172   382953.0000   306   266548.0000   381953.5779  5998131   43.30%
  21148   207   381860.4254   504   266548.0000   381953.5779  6003504   43.30%
  21189   243   381260.4091   340   266548.0000   381953.5779  6010501   43.30%
  21224   275   382277.7500   255   266548.0000   381953.5779  6017938   43.30%
  21263   314   381022.1655   587   266548.0000   381953.5779  6026542   43.30%
Elapsed time = 591.95 sec. (1659042.15 ticks, tree = 14.38 MB, solutions = 35)
  21299   350   378562.1488   425   266548.0000   381953.5779  6033550   43.30%
  21341   387   381636.9861   317   266548.0000   381953.5779  6043686   43.30%
  21418   464   376025.3913   281   266548.0000   381953.5779  6055048   43.30%
  21459   496   379355.7011   289   266548.0000   381953.5779  6065069   43.30%
  21519   552   381962.5000   221   266548.0000   381953.5779  6077918   43.30%
  21569   598   380792.7941   568   266548.0000   381953.5779  6090725   43.30%
  21628   654    infeasible         266548.0000   381953.5779  6102607   43.30%
  21709   732   367288.7755   339   266548.0000   381953.5779  6116326   43.30%
  21786   803   379009.9942   389   266548.0000   381953.5779  6128964   43.30%
  21804   821   373760.7666   346   266548.0000   381953.5779  6138695   43.30%
Elapsed time = 605.87 sec. (1698158.22 ticks, tree = 27.36 MB, solutions = 35)
  21881   890   369117.6291   302   266548.0000   381953.5779  6153924   43.30%
  21926   929   378417.4000   303   266548.0000   381953.5779  6168749   43.30%
  21986   983    infeasible         266548.0000   381953.5779  6182898   43.30%
  22057  1047   375235.2003   564   266548.0000   381953.5779  6197267   43.30%
  22133  1119   378713.9727   475   266548.0000   381953.5779  6211840   43.30%
  22208  1193   368918.5982   397   266548.0000   381953.5779  6224246   43.30%
  22284  1265   380710.6838   229   266548.0000   381953.5779  6237243   43.30%
  22341  1315   377975.8571   339   266548.0000   381953.5779  6251827   43.30%
  22395  1365   381309.2650   288   266548.0000   381953.5779  6264778   43.30%
  22434  1404   378925.2757   327   266548.0000   381953.5779  6279562   43.30%
Elapsed time = 619.86 sec. (1737472.30 ticks, tree = 57.45 MB, solutions = 35)
  22516  1480   377123.4598   399   266548.0000   381953.5779  6294955   43.30%
  22594  1552   381232.7754   306   266548.0000   381953.5779  6310401   43.30%
  22677  1630   380516.5997   504   266548.0000   381953.5779  6326477   43.30%
  22739  1692   372757.4941   484   266548.0000   381953.5779  6340469   43.30%
  22808  1761   366019.4862   495   266548.0000   381953.5779  6354579   43.30%
  22897  1844   376122.4410   396   266548.0000   381953.5779  6368269   43.30%
  22972  1914   381117.7500   328   266548.0000   381953.5779  6384324   43.30%
  23031  1967   381901.3220   667   266548.0000   381953.5779  6399501   43.30%
  23078  2010   373887.7520   228   266548.0000   381953.5779  6414996   43.30%
  23162  2090   378719.1523   831   266548.0000   381953.5779  6429680   43.30%
Elapsed time = 633.56 sec. (1776324.61 ticks, tree = 92.20 MB, solutions = 35)
  23205  2133   376415.5010   472   266548.0000   381953.5779  6445085   43.30%
  23268  2182   381180.0789   712   266548.0000   381953.5779  6460293   43.30%
  23328  2238   382425.4505   423   266548.0000   381953.5779  6473399   43.30%
  23401  2311   382156.2350   252   266548.0000   381953.5779  6484038   43.30%
  23453  2363   378886.5415   319   266548.0000   381953.5779  6491937   43.30%
  23510  2420   377358.6489   325   266548.0000   381953.5779  6497627   43.30%
  23604  2513   355438.5947   307   266548.0000   381953.5779  6503600   43.30%
  23660  2562   380612.1304   539   266548.0000   381953.5779  6516470   43.30%
  23712  2614   375484.1188   233   266548.0000   381953.5779  6530825   43.30%
  23780  2672   381249.4271   339   266548.0000   381953.5779  6545155   43.30%
Elapsed time = 647.27 sec. (1814967.05 ticks, tree = 123.43 MB, solutions = 35)
  23883  2775   374058.6493   702   266548.0000   381953.5779  6560396   43.30%
  23958  2842   381573.4235   367   266548.0000   381953.5779  6573584   43.30%
  24029  2909   372976.2561   282   266548.0000   381953.5779  6589290   43.30%
  24128  3000   381622.4400   508   266548.0000   381953.5779  6605317   43.30%
  24202  3074   374051.9586   417   266548.0000   381953.5779  6620529   43.30%
  24267  3137   364695.7088   310   266548.0000   381953.5779  6632413   43.30%
  24335  3201   377789.2434   368   266548.0000   381953.5779  6649104   43.30%
  24431  3291   381746.0337   602   266548.0000   381953.5779  6666490   43.30%
  24508  3368   371432.9867   406   266548.0000   381953.5779  6682673   43.30%
  24636  3489   378036.7143   260   266548.0000   381953.5779  6698561   43.30%
Elapsed time = 661.10 sec. (1853684.69 ticks, tree = 162.21 MB, solutions = 35)
  24736  3589   375707.2398   309   266548.0000   381953.5779  6710987   43.30%
  24830  3679   376857.2567   401   266548.0000   381953.5779  6725278   43.30%
  24929  3776   370865.2950   314   266548.0000   381953.5779  6738097   43.30%
  25071  3910   380675.5431   257   266548.0000   381953.5779  6752061   43.30%
  25196  4035   368177.9692   331   266548.0000   381953.5779  6769348   43.30%
  25244  4079   380439.5557   368   266548.0000   381953.5779  6783692   43.30%
  25334  4163    infeasible         266548.0000   381953.5779  6799656   43.30%
  25395  4224   376415.1554   625   266548.0000   381953.5779  6814416   43.30%
  25507  4336   365607.0424   389   266548.0000   381953.5779  6828282   43.30%
  25710  4534   381241.5942   263   266548.0000   381953.5779  6841363   43.30%
Elapsed time = 674.94 sec. (1892195.53 ticks, tree = 218.62 MB, solutions = 35)
  25780  4604   370973.6555   296   266548.0000   381953.5779  6859013   43.30%
  26004  4823   380312.1607   520   266548.0000   381953.5779  6875652   43.30%
  26148  4965   372948.9899   310   266548.0000   381953.5779  6890010   43.30%
  26327  5142   338104.6233   218   266548.0000   381953.5779  6903998   43.30%
  26426  5237   377650.8803   722   266548.0000   381953.5779  6919606   43.30%
  26479  5284   379052.0153   392   266548.0000   381953.5779  6935780   43.30%
  26587  5389   363032.3414   302   266548.0000   381953.5779  6950952   43.30%
  26757  5550   381640.0571   623   266548.0000   381953.5779  6967564   43.30%
  26902  5695   375563.0265   185   266548.0000   381953.5779  6981512   43.30%
  27018  5805   378276.4486   486   266548.0000   381953.5779  6997113   43.30%
Elapsed time = 688.81 sec. (1930826.51 ticks, tree = 287.07 MB, solutions = 35)
  27114  5897   381107.6333   276   266548.0000   381953.5779  7013830   43.30%
  27238  6015    infeasible         266548.0000   381953.5779  7030772   43.30%
  27319  6092   374949.4232   464   266548.0000   381953.5779  7046780   43.30%
  27414  6187   370172.5465   312   266548.0000   381953.5779  7061452   43.30%
  27553  6321   380742.0400   287   266548.0000   381953.5779  7077089   43.30%
  27628  6392   381425.9854   283   266548.0000   381953.5779  7095207   43.30%
  27724  6484   377339.5646   307   266548.0000   381953.5779  7111198   43.30%
  27880  6631   380524.8828   318   266548.0000   381953.5779  7127807   43.30%
  28031  6778   381707.2000   227   266548.0000   381953.5779  7146454   43.30%
  28154  6899   372084.5331   261   266548.0000   381953.5779  7162285   43.30%
Elapsed time = 703.03 sec. (1969924.14 ticks, tree = 346.01 MB, solutions = 35)
  28295  7034   379200.6781   385   266548.0000   381953.5779  7178177   43.30%
  28374  7113   371036.9002   340   266548.0000   381953.5779  7195157   43.30%
  28441  7176   375896.7971   458   266548.0000   381953.5779  7210611   43.30%
  28519  7248   380696.7475   349   266548.0000   381953.5779  7226854   43.30%
  28603  7332   373809.9695   436   266548.0000   381953.5779  7243614   43.30%
  28747  7472   381041.6539   396   266548.0000   381953.5779  7260468   43.30%
  28834  7553   377594.8711   232   266548.0000   381953.5779  7276518   43.30%
  28940  7655   376162.3730   283   266548.0000   381953.5779  7294351   43.30%
  29088  7781   381094.3071   409   266548.0000   381953.5779  7313368   43.30%
  29168  7859   371084.8743   506   266548.0000   381953.5779  7329708   43.30%
Elapsed time = 717.16 sec. (2008834.12 ticks, tree = 392.21 MB, solutions = 35)
  29264  7951   380193.9272   617   266548.0000   381953.5779  7346248   43.30%
  29333  8020   373121.2616   455   266548.0000   381953.5779  7361780   43.30%
  29501  8180   381012.8437   450   266548.0000   381953.5779  7377320   43.30%
  29579  8256    infeasible         266548.0000   381953.5779  7394324   43.30%
  29631  8304   370061.5474   461   266548.0000   381953.5779  7410131   43.30%
  29662  8331   379675.7708   380   266548.0000   381953.5779  7426712   43.30%
  29746  8411   381044.6333   229   266548.0000   381953.5779  7444114   43.30%
  29821  8486   376585.8989   583   266548.0000   381953.5779  7459272   43.30%
  29904  8564   379460.0816   395   266548.0000   381953.5779  7475549   43.30%
  29972  8626   372169.9279   351   266548.0000   381953.5779  7492013   43.30%
Elapsed time = 731.05 sec. (2047586.79 ticks, tree = 434.01 MB, solutions = 35)
  30082  8727   381017.9038   598   266548.0000   381953.5779  7507931   43.30%
  30219  8862   367377.7966   350   266548.0000   381953.5779  7523676   43.30%
  30395  9030   371764.4674   303   266548.0000   381953.5779  7540378   43.30%
  30525  9154   380450.5714   461   266548.0000   381953.5779  7557740   43.30%
  30564  9187    infeasible         266548.0000   381953.5779  7574411   43.30%
  30615  9238   379957.4110   831   266548.0000   381953.5779  7589835   43.30%
  30669  9290   374816.3109   367   266548.0000   381953.5779  7606650   43.30%
  30715  9332   378551.1070   746   266548.0000   381953.5779  7622585   43.30%
  30822  9435   379603.2870   319   266548.0000   381953.5779  7638817   43.30%
  30938  9545    infeasible         266548.0000   381953.5779  7657361   43.30%
Elapsed time = 744.82 sec. (2086349.91 ticks, tree = 483.78 MB, solutions = 35)
  30984  9589   374000.2047   349   266548.0000   381953.5779  7673932   43.30%
  31029  9630   378219.0940   398   266548.0000   381953.5779  7690352   43.30%
  31110  9707   377592.2899   402   266548.0000   381953.5779  7707115   43.30%
  31177  9770   380770.1592   431   266548.0000   381953.5779  7724236   43.30%
  31222  9809   373149.4514   341   266548.0000   381953.5779  7741712   43.30%
  31318  9905   345584.4405   308   266548.0000   381953.5779  7757642   43.30%
  31524 10106   380342.0370   279   266548.0000   381953.5779  7773853   43.30%
  31610 10192   353004.8139   260   266548.0000   381953.5779  7791147   43.30%
  31642 10219   378173.9961   506   266548.0000   381953.5779  7808149   43.30%
  31686 10263   374764.5896   221   266548.0000   381953.5779  7824973   43.30%
Elapsed time = 758.62 sec. (2125297.33 ticks, tree = 522.57 MB, solutions = 35)
  31747 10317   378857.7922   473   266548.0000   381953.5779  7841344   43.30%
  31837 10407   361186.3967   331   266548.0000   381953.5779  7858044   43.30%
  31952 10518   376822.5858   343   266548.0000   381953.5779  7874537   43.30%
  32058 10618   380072.0703   391   266548.0000   381953.5779  7891002   43.30%
  32124 10680   379303.3414   419   266548.0000   381953.5779  7906751   43.30%
  32191 10743   380117.9376   332   266548.0000   381953.5779  7924038   43.30%
  32226 10774   377132.6866   248   266548.0000   381953.5779  7940993   43.30%
  32379 10927   368357.5975   368   266548.0000   381953.5779  7957714   43.30%
  32457 10995   381829.3430   518   266548.0000   381953.5779  7973748   43.30%
  32517 11055   375180.8594   533   266548.0000   381953.5779  7989277   43.30%
Elapsed time = 772.41 sec. (2163916.01 ticks, tree = 562.22 MB, solutions = 35)
  32644 11172   380998.6035   326   266548.0000   381953.5779  8006806   43.30%
  32711 11235   381463.3020   413   266548.0000   381953.5779  8023723   43.30%
  32790 11312    infeasible         266548.0000   381953.5779  8040987   43.30%
  32870 11380   380079.9931   304   266548.0000   381953.5779  8057666   43.30%
  32925 11433   374599.6363   511   266548.0000   381953.5779  8074024   43.30%
  32954 11458   376373.8765   385   266548.0000   381953.5779  8090333   43.30%
  33020 11520   379169.4814   403   266548.0000   381953.5779  8107851   43.30%
  33107 11607   371824.2010   299   266548.0000   381953.5779  8123763   43.30%
  33145 11641   379891.2125   391   266548.0000   381953.5779  8139993   43.30%
  33194 11686   375509.0895   353   266548.0000   381953.5779  8155595   43.30%
Elapsed time = 786.55 sec. (2202817.37 ticks, tree = 581.57 MB, solutions = 35)
  33235 11723   376723.5443   567   266548.0000   381953.5779  8171916   43.30%
  33308 11792   381501.3502   411   266548.0000   381953.5779  8187735   43.30%
  33357 11841   374143.3112   241   266548.0000   381953.5779  8203907   43.30%
  33453 11933   371470.0209   437   266548.0000   381953.5779  8221449   43.30%
  33554 12027   381987.7422   347   266548.0000   381953.5779  8237992   43.30%
  33595 12064   376607.2746   348   266548.0000   381953.5779  8255396   43.30%
  33660 12125   377719.0671   418   266548.0000   381953.5779  8273118   43.30%
  33750 12215   370521.3462   562   266548.0000   381953.5779  8291095   43.30%
  33844 12305   375878.9920   348   266548.0000   381953.5779  8307749   43.30%
  33969 12428   355362.2730   258   266548.0000   381953.5779  8324229   43.30%
Elapsed time = 800.58 sec. (2241441.58 ticks, tree = 605.12 MB, solutions = 35)
  34082 12535   374656.0482   309   266548.0000   381953.5779  8342088   43.30%
  34211 12660   379569.6293   254   266548.0000   381953.5779  8359415   43.30%
  34285 12726   380199.8747   464   266548.0000   381953.5779  8378384   43.30%
  34310 12751   378073.0757   266   266548.0000   381953.5779  8394934   43.30%
  34364 12801   373413.6227   260   266548.0000   381953.5779  8411569   43.30%
  34436 12863   378041.8942   801   266548.0000   381953.5779  8428881   43.30%
  34528 12955   367501.6709   425   266548.0000   381953.5779  8445301   43.30%
  34604 13026   374248.6776   310   266548.0000   381953.5779  8461714   43.30%
  34767 13183   379124.6556   231   266548.0000   381953.5779  8478717   43.30%
  34876 13286   380760.7019   363   266548.0000   381953.5779  8496042   43.30%
Elapsed time = 814.61 sec. (2280336.29 ticks, tree = 651.06 MB, solutions = 35)
  34944 13352   371088.3879   484   266548.0000   381953.5779  8513931   43.30%
  35052 13456   380644.9558   233   266548.0000   381953.5779  8531981   43.30%
  35114 13518   377493.4167   476   266548.0000   381953.5779  8548654   43.30%
  35173 13573   380807.6985   234   266548.0000   381953.5779  8567487   43.30%
  35273 13671   369762.2093   337   266548.0000   381953.5779  8585618   43.30%
  35336 13730   378263.9914   690   266548.0000   381953.5779  8600483   43.30%
  35418 13806   375364.3681   224   266548.0000   381953.5779  8617178   43.30%
  35555 13936   359927.5647   362   266548.0000   381953.5779  8634015   43.30%
  35636 14009   374493.1116   393   266548.0000   381953.5779  8650740   43.30%
  35744 14115   357029.7847   443   266548.0000   381953.5779  8667688   43.30%
Elapsed time = 828.84 sec. (2319010.33 ticks, tree = 695.84 MB, solutions = 35)
  35853 14218    infeasible         266548.0000   381953.5779  8685908   43.30%
  35939 14295   381247.7333   355   266548.0000   381953.5779  8703577   43.30%
  36016 14368    infeasible         266548.0000   381953.5779  8720374   43.30%
  36054 14400   379764.6014   330   266548.0000   381953.5779  8737604   43.30%
  36138 14474   380507.8332   469   266548.0000   381953.5779  8756817   43.30%
  36223 14559   374300.5300   306   266548.0000   381953.5779  8772929   43.30%
  36262 14590    infeasible         266548.0000   381953.5779  8790213   43.30%
  36317 14639   378497.9677   267   266548.0000   381953.5779  8806460   43.30%
  36362 14676   381294.8429   263   266548.0000   381953.5779  8824255   43.30%
  36442 14755   371944.3823   350   266548.0000   381953.5779  8841679   43.30%
Elapsed time = 842.97 sec. (2358492.18 ticks, tree = 730.48 MB, solutions = 35)
  36494 14803   376972.5880   222   266548.0000   381953.5779  8857512   43.30%
  36616 14925   371082.6312   264   266548.0000   381953.5779  8872785   43.30%
  36698 15003   378141.2258   282   266548.0000   381953.5779  8889429   43.30%
  36777 15076   375585.0161   352   266548.0000   381953.5779  8906938   43.30%
  36831 15124    infeasible         266548.0000   381953.5779  8924807   43.30%
  36869 15160   375505.9470   550   266548.0000   381953.5779  8941726   43.30%
  36964 15251   381887.5992   464   266548.0000   381953.5779  8958779   43.30%
  37024 15311   375641.5066   493   266548.0000   381953.5779  8974625   43.30%
  37096 15377   376371.4200   444   266548.0000   381953.5779  8991481   43.30%
  37162 15433   378648.3547   313   266548.0000   381953.5779  9008222   43.30%
Elapsed time = 857.14 sec. (2397196.94 ticks, tree = 762.06 MB, solutions = 35)
  37226 15496   370781.8398   459   266548.0000   381953.5779  9025411   43.30%
  37289 15557   356216.3406   485   266548.0000   381953.5779  9043408   43.30%
  37350 15614   369037.0323   423   266548.0000   381953.5779  9058942   43.30%
  37405 15665   375991.4133   362   266548.0000   381953.5779  9075637   43.30%
  37513 15767   375153.2895   546   266548.0000   381953.5779  9093188   43.30%
  37562 15808   381127.4539   517   266548.0000   381953.5779  9111032   43.30%
  37638 15882   373251.8280   362   266548.0000   381953.5779  9128460   43.30%
  37681 15917   380273.7880   537   266548.0000   381953.5779  9146341   43.30%
  37781 16017   366314.7912   311   266548.0000   381953.5779  9164252   43.30%
  37915 16141    infeasible         266548.0000   381953.5779  9182071   43.30%
Elapsed time = 871.50 sec. (2436040.87 ticks, tree = 800.42 MB, solutions = 35)
  37955 16177   374510.4082   365   266548.0000   381953.5779  9199416   43.30%
  38028 16242   378413.1732   468   266548.0000   381953.5779  9216996   43.30%
  38103 16315   369813.2814   348   266548.0000   381953.5779  9235012   43.30%
  38270 16474   380993.6322   521   266548.0000   381953.5779  9253273   43.30%
  38335 16535   375396.7300   215   266548.0000   381953.5779  9270525   43.30%
  38425 16621   377447.0433   387   266548.0000   381953.5779  9285713   43.30%
  38555 16746   370080.6169   359   266548.0000   381953.5779  9301064   43.30%
  38605 16786   379864.8229   304   266548.0000   381953.5779  9317781   43.30%
  38661 16834   377752.4747   558   266548.0000   381953.5779  9333106   43.30%
  38738 16911   359683.2121   232   266548.0000   381953.5779  9349741   43.30%
Elapsed time = 885.55 sec. (2474541.01 ticks, tree = 842.85 MB, solutions = 35)
  38822 16989   379889.7402   474   266548.0000   381953.5779  9366239   43.30%
  38877 17044   376218.6291   522   266548.0000   381953.5779  9381861   43.30%
  38998 17157   379086.2061   450   266548.0000   381953.5779  9400033   43.30%
  39090 17241   380953.2511   231   266548.0000   381953.5779  9418219   43.30%
  39157 17300    infeasible         266548.0000   381953.5779  9439804   43.30%
  39206 17343    infeasible         266548.0000   381953.5779  9458910   43.30%
  39291 17422   376078.5745   396   266548.0000   381953.5779  9476346   43.30%
  39352 17479   375772.6407   643   266548.0000   381953.5779  9492165   43.30%
  39480 17606   369341.8216   540   266548.0000   381953.5779  9507241   43.30%
  39547 17666   373606.3653   472   266548.0000   381953.5779  9523616   43.30%
Elapsed time = 899.81 sec. (2514071.80 ticks, tree = 873.67 MB, solutions = 35)
  39635 17748   381143.9235   463   266548.0000   381953.5779  9540027   43.30%
  39693 17806   370505.9699   508   266548.0000   381953.5779  9556339   43.30%
  39751 17858   376957.1425   438   266548.0000   381953.5779  9572956   43.30%
  39841 17942   381657.2000   221   266548.0000   381953.5779  9591292   43.30%
  39929 18030   373007.2915   376   266548.0000   381953.5779  9607800   43.30%
  40000 18093   378054.8905   362   266548.0000   381953.5779  9624075   43.30%
  40074 18167   365671.2477   350   266548.0000   381953.5779  9641270   43.30%
  40137 18226   378137.9756   661   266548.0000   381953.5779  9656475   43.30%
  40183 18272   374533.9314   514   266548.0000   381953.5779  9674782   43.30%
  40279 18363   379527.5833   251   266548.0000   381953.5779  9694532   43.30%
Elapsed time = 913.82 sec. (2553291.60 ticks, tree = 901.56 MB, solutions = 35)
  40322 18402    infeasible         266548.0000   381953.5779  9715854   43.30%
  40363 18439    infeasible         266548.0000   381953.5779  9734517   43.30%
  40421 18492   374560.5076   294   266548.0000   381953.5779  9752394   43.30%
  40560 18631   337255.8997   295   266548.0000   381953.5779  9770541   43.30%
  40828 18886   379145.7416   302   266548.0000   381953.5779  9786129   43.30%
  40970 19026   331591.3813   403   266548.0000   381953.5779  9803994   43.30%
  41046 19098   374080.0294   435   266548.0000   381953.5779  9820497   43.30%
  41108 19148   379963.6489   361   266548.0000   381953.5779  9839286   43.30%
  41178 19212   377335.4832   475   266548.0000   381953.5779  9856150   43.30%
  41276 19302   379707.9357   507   266548.0000   381953.5779  9873510   43.30%
Elapsed time = 928.86 sec. (2592947.68 ticks, tree = 944.23 MB, solutions = 35)
  41399 19419   380627.7857   244   266548.0000   381953.5779  9892218   43.30%
  41454 19468   380528.2900   350   266548.0000   381953.5779  9909634   43.30%
  41522 19534    infeasible         266548.0000   381953.5779  9929589   43.30%
  41614 19622   374300.3415   362   266548.0000   381953.5779  9947086   43.30%
  41675 19679   377799.5475   512   266548.0000   381953.5779  9965652   43.30%
  41792 19792   366237.6306   356   266548.0000   381953.5779  9983495   43.30%
  41872 19866   372294.4582   364   266548.0000   381953.5779 10000781   43.30%
  41973 19963   379125.8557   503   266548.0000   381953.5779 10016850   43.30%
  42105 20091   381834.7747   545   266548.0000   381953.5779 10033046   43.30%
  42127 20113   378700.9604   342   266548.0000   381953.5779 10048105   43.30%
Elapsed time = 943.23 sec. (2631783.72 ticks, tree = 972.30 MB, solutions = 35)
  42215 20193   379153.1750   361   266548.0000   381953.5779 10066293   43.30%
  42278 20256   372840.1695   370   266548.0000   381953.5779 10082156   43.30%
  42347 20321   376227.0795   288   266548.0000   381953.5779 10098529   43.30%
  42473 20443   373990.4457   291   266548.0000   381953.5779 10115123   43.30%
  42531 20495   378975.9667   494   266548.0000   381953.5779 10128693   43.30%
  42583 20537   381562.3939   416   266548.0000   381953.5779 10145385   43.30%
  42644 20598   374328.2609   747   266548.0000   381953.5779 10160630   43.30%
  42784 20722   381575.9661   243   266548.0000   381953.5779 10177716   43.30%
  42871 20809   374317.9014   492   266548.0000   381953.5779 10194319   43.30%
  43032 20966   381238.0348   691   266548.0000   381953.5779 10211663   43.30%
Elapsed time = 957.36 sec. (2670738.53 ticks, tree = 1006.26 MB, solutions = 35)
  43128 21062   365179.4993   332   266548.0000   381953.5779 10228360   43.30%
  43259 21189   379773.3227   761   266548.0000   381953.5779 10244436   43.30%
  43378 21308   373614.3129   308   266548.0000   381953.5779 10261185   43.30%
  43534 21461   320381.2678   358   266548.0000   381953.5779 10279787   43.30%
  43606 21529   373587.5745   224   266548.0000   381953.5779 10295633   43.30%
  43697 21610   377990.4202   622   266548.0000   381953.5779 10312010   43.30%
  43764 21673   379399.3786   498   266548.0000   381953.5779 10330362   43.30%
  43839 21748   373615.9032   462   266548.0000   381953.5779 10346932   43.30%
  43918 21823   377774.7492   926   266548.0000   381953.5779 10364455   43.30%
  43982 21887   362723.0540   298   266548.0000   381953.5779 10382317   43.30%
Elapsed time = 971.35 sec. (2709544.55 ticks, tree = 1056.28 MB, solutions = 35)
  44027 21928   369561.1433   446   266548.0000   381953.5779 10398880   43.30%
  44100 21997   381416.9087   328   266548.0000   381953.5779 10416936   43.30%
  44147 22044   375291.1428   281   266548.0000   381953.5779 10433816   43.30%
  44197 22088   379826.2228   393   266548.0000   381953.5779 10448455   43.30%
  44275 22162   380550.0928   521   266548.0000   381953.5779 10465605   43.30%
  44350 22235   370156.4049   394   266548.0000   381953.5779 10483722   43.30%
  44396 22277   375083.3738   441   266548.0000   381953.5779 10500378   43.30%
  44476 22353   376516.6501   399   266548.0000   381953.5779 10516757   43.30%
  44635 22508   364117.9687   340   266548.0000   381953.5779 10534045   43.30%
  44758 22627   375343.6562   237   266548.0000   381953.5779 10552433   43.30%
Elapsed time = 985.65 sec. (2748804.56 ticks, tree = 1096.39 MB, solutions = 35)
  44883 22740   378287.0023   407   266548.0000   381953.5779 10570569   43.30%
  45011 22862   382115.7133   220   266548.0000   381953.5779 10586811   43.30%
  45056 22907   378854.6409   465   266548.0000   381953.5779 10602170   43.30%
  45168 23011   382008.0935   494   266548.0000   381953.5779 10619725   43.30%
  45260 23103   373880.3791   518   266548.0000   381953.5779 10635209   43.30%
  45374 23212   379471.1442   294   266548.0000   381953.5779 10651706   43.30%
  45425 23257   378493.3409   462   266548.0000   381953.5779 10668075   43.30%
  45472 23298    infeasible         266548.0000   381953.5779 10686210   43.30%
  45524 23350   377620.2116   602   266548.0000   381953.5779 10701899   43.30%
  45598 23422   358350.7033   413   266548.0000   381953.5779 10719333   43.30%
Elapsed time = 999.50 sec. (2787477.22 ticks, tree = 1139.57 MB, solutions = 35)
  45710 23530   381172.2072   334   266548.0000   381953.5779 10733987   43.30%
  45791 23605   377073.5121   417   266548.0000   381953.5779 10750007   43.30%
  45934 23744   366687.1515   316   266548.0000   381953.5779 10767282   43.30%
  46021 23827   375838.3595   442   266548.0000   381953.5779 10783636   43.30%
  46103 23901   378774.8163   391   266548.0000   381953.5779 10798735   43.30%
  46145 23943   372529.1518   262   266548.0000   381953.5779 10815941   43.30%
  46213 24005   375815.7778   425   266548.0000   381953.5779 10832796   43.30%
  46335 24123    infeasible         266548.0000   381953.5779 10850065   43.30%
  46413 24195   381146.5167   449   266548.0000   381953.5779 10867939   43.30%
  46479 24257   380272.5024   331   266548.0000   381953.5779 10883950   43.30%
Elapsed time = 1013.50 sec. (2826233.21 ticks, tree = 1184.37 MB, solutions = 35)
  46570 24342   376188.4490   228   266548.0000   381953.5779 10902821   43.30%
  46643 24405   376810.8973   308   266548.0000   381953.5779 10921136   43.30%
  46681 24439   375770.3593   360   266548.0000   381953.5779 10936948   43.30%
  46774 24526   375268.3404   383   266548.0000   381953.5779 10953821   43.30%
  46841 24589   378251.4517   391   266548.0000   381953.5779 10972378   43.30%
  46915 24657   378732.6878   259   266548.0000   381953.5779 10987615   43.30%
  46947 24685   374139.0527   217   266548.0000   381953.5779 11001500   43.30%
  47050 24778   362499.6916   276   266548.0000   381953.5779 11019512   43.30%
  47140 24862   373653.3481   502   266548.0000   381953.5779 11035994   43.30%
  47276 24994   378700.4866   552   266548.0000   381953.5779 11052242   43.30%
Elapsed time = 1027.73 sec. (2864932.53 ticks, tree = 1224.49 MB, solutions = 35)
  47341 25059   371924.2176   361   266548.0000   381953.5779 11067912   43.30%
  47487 25199   381096.7105   567   266548.0000   381953.5779 11085265   43.30%
  47557 25267   374336.5486   560   266548.0000   381953.5779 11101446   43.30%
  47597 25303   379267.9695   736   266548.0000   381953.5779 11116168   43.30%
  47646 25348   381155.6473   460   266548.0000   381953.5779 11132738   43.30%
  47723 25419   367099.4446   408   266548.0000   381953.5779 11149713   43.30%
  47850 25537   378478.8184   530   266548.0000   381953.5779 11167368   43.30%
  47964 25651   371191.9917   430   266548.0000   381953.5779 11183556   43.30%
  48026 25708   379524.5047   316   266548.0000   381953.5779 11200680   43.30%
  48090 25768   380698.5302   299   266548.0000   381953.5779 11216585   43.30%
Elapsed time = 1041.62 sec. (2903478.48 ticks, tree = 1261.33 MB, solutions = 35)
  48149 25823    infeasible         266548.0000   381953.5779 11233214   43.30%
  48199 25873   378005.9129   476   266548.0000   381953.5779 11248551   43.30%
  48264 25934   377809.9919   431   266548.0000   381953.5779 11264373   43.30%
  48342 26006   373042.4844   333   266548.0000   381953.5779 11282126   43.30%
  48405 26061   378741.0283   459   266548.0000   381953.5779 11298682   43.30%
  48481 26133    infeasible         266548.0000   381953.5779 11315687   43.30%
  48554 26206   372648.6695   341   266548.0000   381953.5779 11331624   43.30%
  48638 26284   380660.8334   402   266548.0000   381953.5779 11347403   43.30%
  48670 26312   379064.4987   362   266548.0000   381953.5779 11363009   43.30%
  48744 26386   365678.2181   273   266548.0000   381953.5779 11380799   43.30%
Elapsed time = 1055.35 sec. (2942341.82 ticks, tree = 1278.84 MB, solutions = 35)
  48772 26410   376992.7633   282   266548.0000   381953.5779 11397571   43.30%
  48833 26461   381282.2883   569   266548.0000   381953.5779 11414581   43.30%
  48895 26517   381425.2361   471   266548.0000   381953.5779 11430338   43.30%
  48954 26574    infeasible         266548.0000   381953.5779 11446645   43.30%
  49034 26650   375220.3339   254   266548.0000   381953.5779 11463345   43.30%
  49115 26725   372888.6079   365   266548.0000   381953.5779 11482285   43.30%
  49181 26787   376063.9179   215   266548.0000   381953.5779 11499448   43.30%
  49238 26836   381022.3167   274   266548.0000   381953.5779 11515902   43.30%
  49312 26910   374503.8519   469   266548.0000   381953.5779 11531391   43.30%
  49427 27021   378702.0854   538   266548.0000   381953.5779 11546647   43.30%
Elapsed time = 1069.35 sec. (2980881.17 ticks, tree = 1313.18 MB, solutions = 35)
  49613 27205   336980.6263   267   266548.0000   381953.5779 11564916   43.30%
  49675 27261   379092.9227   451   266548.0000   381953.5779 11579807   43.30%
  49748 27334   375609.9191   488   266548.0000   381953.5779 11595427   43.30%
  49888 27462   380434.1615   234   266548.0000   381953.5779 11614918   43.30%
  49909 27481   377028.3753   319   266548.0000   381953.5779 11630816   43.30%
  49992 27560   377453.7713   650   266548.0000   381953.5779 11648370   43.30%
  50094 27662   370682.7680   336   266548.0000   381953.5779 11663628   43.30%
  50162 27726   379458.3841   717   266548.0000   381953.5779 11679452   43.30%
  50262 27826   371132.3649   473   266548.0000   381953.5779 11695632   43.30%
  50335 27890   376593.6941   496   266548.0000   381953.5779 11711837   43.30%
Elapsed time = 1083.32 sec. (3019760.55 ticks, tree = 1360.01 MB, solutions = 35)
  50389 27942   377377.2571   256   266548.0000   381953.5779 11727502   43.30%
  50513 28062   378776.2829   431   266548.0000   381953.5779 11744536   43.30%
  50572 28113   381160.8341   404   266548.0000   381953.5779 11759891   43.30%
  50615 28154   375885.1437   397   266548.0000   381953.5779 11776625   43.30%
  50688 28223   377977.3306   455   266548.0000   381953.5779 11792832   43.30%
  50785 28315   380982.2710   485   266548.0000   381953.5779 11810286   43.30%
  50905 28429   380955.7222   256   266548.0000   381953.5779 11828038   43.30%
  50999 28517   380230.1583   305   266548.0000   381953.5779 11844280   43.30%
  51069 28587   370787.4411   284   266548.0000   381953.5779 11861977   43.30%
  51147 28659   370516.0008   272   266548.0000   381953.5779 11881018   43.30%
Elapsed time = 1097.58 sec. (3058492.80 ticks, tree = 1388.71 MB, solutions = 35)
  51289 28795   380768.1360   575   266548.0000   381953.5779 11898381   43.30%
  51374 28880   374094.5115   444   266548.0000   381953.5779 11913894   43.30%
  51494 28996   380064.2984   527   266548.0000   381953.5779 11929481   43.30%
  51554 29054   374850.1346   432   266548.0000   381953.5779 11945784   43.30%
  51607 29103   377731.4286   439   266548.0000   381953.5779 11961495   43.30%
  51710 29202   371024.7170   344   266548.0000   381953.5779 11978753   43.30%
  51766 29254   374486.6417   310   266548.0000   381953.5779 11996359   43.30%
  51840 29324   369986.7500   347   266548.0000   381953.5779 12012032   43.30%
  51938 29415   381413.3354   696   266548.0000   381953.5779 12028288   43.30%
  51997 29474   378058.3765   568   266548.0000   381953.5779 12043015   43.30%
Elapsed time = 1111.24 sec. (3096957.63 ticks, tree = 1429.05 MB, solutions = 35)
  52066 29539   378783.2834   597   266548.0000   381953.5779 12059263   43.30%
  52143 29614    infeasible         266548.0000   381953.5779 12075835   43.30%
  52193 29662   376896.8917   468   266548.0000   381953.5779 12092589   43.30%
  52318 29787   366045.0382   325   266548.0000   381953.5779 12110580   43.30%
  52363 29826   377929.3998   306   266548.0000   381953.5779 12127308   43.30%
  52434 29891   370698.0889   295   266548.0000   381953.5779 12145036   43.30%
  52491 29942   377638.6935   301   266548.0000   381953.5779 12160730   43.30%
  52569 30018   371821.4683   253   266548.0000   381953.5779 12177763   43.30%
  52603 30046   375432.7562   233   266548.0000   381953.5779 12193932   43.30%
  52688 30127   377123.6395   432   266548.0000   381953.5779 12210558   43.30%
Elapsed time = 1125.15 sec. (3135562.63 ticks, tree = 1449.98 MB, solutions = 35)
  52843 30282   371154.1723   369   266548.0000   381953.5779 12226589   43.30%
  52900 30335   376278.3813   479   266548.0000   381953.5779 12242385   43.30%
  52987 30418   378533.7880   253   266548.0000   381953.5779 12259039   43.30%
  53025 30456   374192.3913   275   266548.0000   381953.5779 12276329   43.30%
  53156 30567    infeasible         266548.0000   381953.5779 12295322   43.30%
  53227 30632   379355.6568   330   266548.0000   381953.5779 12310627   43.30%
  53349 30754   375161.6376   367   266548.0000   381953.5779 12324941   43.30%
  53489 30890   380413.0942   629   266548.0000   381953.5779 12341389   43.30%
  53553 30952   374826.2573   379   266548.0000   381953.5779 12357540   43.30%
  53624 31015   379271.9074   545   266548.0000   381953.5779 12373211   43.30%
Elapsed time = 1139.35 sec. (3174188.17 ticks, tree = 1479.12 MB, solutions = 35)
  53699 31086   380669.3975   607   266548.0000   381953.5779 12390038   43.30%
  53733 31119   372693.3694   436   266548.0000   381953.5779 12408750   43.30%
  53869 31245   380458.1305   582   266548.0000   381953.5779 12428696   43.30%
  53958 31334   375411.7099   401   266548.0000   381953.5779 12444733   43.30%
  54091 31467   352804.3375   367   266548.0000   381953.5779 12462829   43.30%
  54176 31548   379238.2400   390   266548.0000   381953.5779 12478991   43.30%
  54244 31616   372694.7546   391   266548.0000   381953.5779 12496209   43.30%
  54336 31704   373439.3427   336   266548.0000   381953.5779 12514120   43.30%
  54452 31816   376890.0828   274   266548.0000   381953.5779 12531696   43.30%
  54506 31868   373181.3804   427   266548.0000   381953.5779 12548231   43.30%
Elapsed time = 1154.21 sec. (3213462.56 ticks, tree = 1505.01 MB, solutions = 35)
  54657 32019   369831.6471   303   266548.0000   381953.5779 12563098   43.30%
  54727 32085   376007.8496   334   266548.0000   381953.5779 12580794   43.30%
  54825 32177   377128.9562   493   266548.0000   381953.5779 12598298   43.30%
  54949 32301   371062.9005   629   266548.0000   381953.5779 12614949   43.30%
  55062 32410   377718.0263   460   266548.0000   381953.5779 12631633   43.30%
  55198 32544   370094.9749   248   266548.0000   381953.5779 12649196   43.30%
  55299 32642   378135.6738   575   266548.0000   381953.5779 12665496   43.30%
  55401 32739   381736.7547   313   266548.0000   381953.5779 12682098   43.30%
  55474 32810   377049.6438   571   266548.0000   381953.5779 12698405   43.30%
  55554 32886   375739.6304   444   266548.0000   381953.5779 12717515   43.30%
Elapsed time = 1169.05 sec. (3252401.05 ticks, tree = 1561.25 MB, solutions = 35)
  55612 32936   379667.3333   210   266548.0000   381953.5779 12735604   43.30%
  55680 33004   373685.3121   527   266548.0000   381953.5779 12751726   43.30%
  55763 33081   375721.2145   424   266548.0000   381953.5779 12767994   43.30%
  55887 33195   381181.5970   192   266548.0000   381953.5779 12785848   43.30%
  55948 33252   378737.4144   498   266548.0000   381953.5779 12801795   43.30%
  56050 33349   378482.9176   392   266548.0000   381953.5779 12818583   43.30%
  56106 33403   374338.6250   368   266548.0000   381953.5779 12835639   43.30%
  56202 33493   379748.6034   669   266548.0000   381953.5779 12852954   43.30%
  56299 33590   371563.2669   570   266548.0000   381953.5779 12868412   43.30%
  56391 33678   377589.7633   560   266548.0000   381953.5779 12885523   43.30%
Elapsed time = 1183.41 sec. (3291394.31 ticks, tree = 1604.49 MB, solutions = 35)
  56486 33769   379636.8653   544   266548.0000   381953.5779 12902370   43.30%
  56597 33879   352993.5004   295   266548.0000   381953.5779 12920579   43.30%
  56675 33953   373494.9979   445   266548.0000   381953.5779 12935857   43.30%
  56740 34010   379305.4849   324   266548.0000   381953.5779 12952513   43.30%
  56768 34034   373563.3473   401   266548.0000   381953.5779 12969733   43.30%
  56821 34083   375110.3168   284   266548.0000   381953.5779 12986819   43.30%
  56845 34107   370349.3378   355   266548.0000   381953.5779 12991681   43.30%
  56925 34179   377782.1085   445   266548.0000   381953.5779 13008124   43.30%
  57034 34288   372896.7385   386   266548.0000   381953.5779 13024020   43.30%
  57107 34355   376837.5560   429   266548.0000   381953.5779 13040027   43.30%
Elapsed time = 1197.62 sec. (3330073.26 ticks, tree = 1641.43 MB, solutions = 35)
  57124 34372   374233.4973   222   266548.0000   381953.5779 13044730   43.30%
  57277 34513   380729.2140   294   266548.0000   381953.5779 13060447   43.30%
  57324 34560   379309.6199   341   266548.0000   381953.5779 13065190   43.30%
  57445 34675   381167.1513   552   266548.0000   381953.5779 13077545   43.30%
  57512 34742   373286.9444   364   266548.0000   381953.5779 13094196   43.30%
  57610 34836   377146.5888   396   266548.0000   381953.5779 13109677   43.30%
  57687 34907   376060.1682   355   266548.0000   381953.5779 13124844   43.30%
  57724 34944   374272.3404   318   266548.0000   381953.5779 13129338   43.30%
  57779 34991   381432.9879   235   266548.0000   381953.5779 13145833   43.30%
  57824 35036   377058.3945   468   266548.0000   381953.5779 13158104   43.30%
Elapsed time = 1214.48 sec. (3372767.04 ticks, tree = 1678.58 MB, solutions = 35)
  57922 35132   357759.3442   331   266548.0000   381953.5779 13175407   43.30%
* 57924+35132                       266551.0000   381953.5779            43.29%
  57937 35143   378912.4127   331   266551.0000   381953.5779 13182230   43.29%
  58007 35207   379569.2380   446   266551.0000   381953.5779 13199820   43.29%
  58024 35218   381317.3912   268   266551.0000   381953.5779 13204941   43.29%
  58113 35307   372525.8918   288   266551.0000   381953.5779 13221442   43.29%
* 58124+35316                       271019.0000   381953.5779            40.93%
* 58124+35316                       271085.0000   381953.5779            40.90%
  58144 35334   381297.6159   331   271085.0000   381953.5779 13228499   40.90%
  58224 35414   371914.8078   315   271085.0000   381953.5779 13242933   40.90%
  58261 35447   374745.0280   332   271085.0000   381953.5779 13258905   40.90%
  58338 35520    infeasible         271085.0000   381953.5779 13270514   40.90%
  58424 35602   380602.4024   360   271085.0000   381953.5779 13287693   40.90%
Elapsed time = 1231.45 sec. (3416759.60 ticks, tree = 1700.33 MB, solutions = 38)
  58475 35653   373515.3838   335   271085.0000   381953.5779 13304033   40.90%
  58518 35692   378302.0745   547   271085.0000   381953.5779 13321045   40.90%
  58524 35698   377637.6194   432   271085.0000   381953.5779 13323216   40.90%
  58599 35767   377043.0295   275   271085.0000   381953.5779 13339567   40.90%
  58658 35822   377891.5667   224   271085.0000   381953.5779 13354534   40.90%
* 58724+35884                       271111.0000   381953.5779            40.88%
  58788 35950   361874.4782   411   271111.0000   381953.5779 13367419   40.88%
  58828 35984   378478.2500   279   271111.0000   381953.5779 13374585   40.88%
  58923 36079   374162.9994   550   271111.0000   381953.5779 13390885   40.88%
  58985 36141   368457.2989   339   271111.0000   381953.5779 13398282   40.88%
  59024 36174   377553.9426   231   271111.0000   381953.5779 13409038   40.88%
Elapsed time = 1246.69 sec. (3456249.64 ticks, tree = 1731.44 MB, solutions = 39)
  59124 36262   368511.3110   342   271111.0000   381953.5779 13427184   40.88%
  59219 36353   375395.4773   357   271111.0000   381953.5779 13443319   40.88%
  59262 36396   374010.4537   244   271111.0000   381953.5779 13451666   40.88%
  59319 36449   377504.3040   738   271111.0000   381953.5779 13467418   40.88%
  59368 36498   360195.2469   520   271111.0000   381953.5779 13482989   40.88%
  59444 36568   380098.8430   265   271111.0000   381953.5779 13496363   40.88%
  59503 36627   371987.9911   426   271111.0000   381953.5779 13512143   40.88%
  59587 36705   363967.5774   289   271111.0000   381953.5779 13525272   40.88%
  59636 36748   379359.8500   458   271111.0000   381953.5779 13538972   40.88%
  59708 36820   355828.5246   297   271111.0000   381953.5779 13555995   40.88%
Elapsed time = 1261.83 sec. (3496901.14 ticks, tree = 1748.77 MB, solutions = 39)
* 59724+36830                       271192.0000   381953.5779            40.84%
  59724 36832   380731.9368   359   271192.0000   381953.5779 13560983   40.84%
  59787 36889   380611.9375   360   271192.0000   381953.5779 13578716   40.84%
  59824 36922   379540.7901   405   271192.0000   381953.5779 13589966   40.84%
  59924 37022   366215.7783   243   271192.0000   381953.5779 13603832   40.84%
  59996 37088   377350.5650   374   271192.0000   381953.5779 13619941   40.84%
  60076 37168   371287.8618   472   271192.0000   381953.5779 13631983   40.84%
  60171 37255   373134.3784   495   271192.0000   381953.5779 13645680   40.84%
  60224 37308   368376.6034   432   271192.0000   381953.5779 13655580   40.84%
  60309 37389   376866.0748   249   271192.0000   381953.5779 13672279   40.84%
  60337 37413   372524.3214   245   271192.0000   381953.5779 13681149   40.84%
Elapsed time = 1279.09 sec. (3540955.38 ticks, tree = 1781.09 MB, solutions = 40)
  60377 37449   368924.0087   446   271192.0000   381953.5779 13697595   40.84%
  60424 37496   366327.3487   388   271192.0000   381953.5779 13707674   40.84%
  60485 37551   371546.3544   410   271192.0000   381953.5779 13724078   40.84%
* 60624+37686                       271248.0000   381953.5779            40.81%
* 60624+37686                       271346.0000   381953.5779            40.76%
  60624 37688   364432.4090   314   271346.0000   381953.5779 13736065   40.76%
  60691 37749   376360.4385   397   271346.0000   381953.5779 13751852   40.76%
* 60724+37780                       273915.0000   381953.5779            39.44%
* 60724+37780                       274277.0000   381953.5779            39.26%
  60738 37796   373864.1425   250   274277.0000   381953.5779 13760084   39.26%
  60777 37831   377496.7697   541   274277.0000   381953.5779 13776356   39.26%
* 60824+37874                       274511.0000   381953.5779            39.14%
  60824 37876   371792.3750   431   274511.0000   381953.5779 13787573   39.14%
* 60924+37970                       280741.0000   381953.5779            36.05%
  60924 37972   376585.7668   209   280741.0000   381953.5779 13801752   36.05%
  61003 38047   379332.6989   460   280741.0000   381953.5779 13819145   36.05%
Elapsed time = 1295.84 sec. (3585179.88 ticks, tree = 1815.70 MB, solutions = 46)
* 61024+38066                       280828.0000   381953.5779            36.01%
  61064 38108   369116.2192   421   280828.0000   381953.5779 13829747   36.01%
  61124 38164   375859.3756   372   280828.0000   381953.5779 13839522   36.01%
* 61224+38262                       280988.0000   381953.5779            35.93%
* 61224+38262                       281832.0000   381953.5779            35.53%
  61224 38264   370101.4130   401   281832.0000   381953.5779 13852970   35.53%
  61324 38357   376383.2621   401   281832.0000   381953.5779 13869339   35.53%
* 61424+38450                       284068.0000   381953.5779            34.46%
* 61424+38450                       284330.0000   381953.5779            34.33%
* 61424+38450                       284379.0000   381953.5779            34.31%
  61424 38452   363897.5256   379   284379.0000   381953.5779 13880847   34.31%
  61512 38536   376681.5040   338   284379.0000   381953.1873 13896899   34.31%
  61529 38553   375846.0544   400   284379.0000   381953.1873 13900496   34.31%
  61620 38640   378334.6961   380   284379.0000   381951.7823 13917983   34.31%
* 61624+38642                       284541.0000   381951.7823            34.23%
  61624 38644   378851.4088   379   284541.0000   381951.7823 13921085   34.23%
  61665 38685   374825.9961   295   284541.0000   381951.7823 13937850   34.23%
Elapsed time = 1313.76 sec. (3629852.61 ticks, tree = 1833.66 MB, solutions = 53)
  61724 38740   374174.8997   357   284541.0000   381950.1356 13948810   34.23%
* 61824+38838                       284682.0000   381950.1356            34.17%
* 61824+38838                       284721.0000   381950.1356            34.15%
  61824 38840   370157.9313   366   284721.0000   381950.1356 13960564   34.15%

Clique cuts applied:  15
Cover cuts applied:  55
Implied bound cuts applied:  37
Flow cuts applied:  6
Mixed integer rounding cuts applied:  180
Zero-half cuts applied:  113
Gomory fractional cuts applied:  9

Root node processing (before b&c):
  Real time             =    0.65 sec. (1573.30 ticks)
Sequential b&c:
  Real time             = 1318.35 sec. (3641194.34 ticks)
                          ------------
Total (root+branch&cut) = 1319.00 sec. (3642767.64 ticks)
[CPLEX] Status: time limit exceeded
[CPLEX] OPTIMAL OBJ: 284721.0
[CPLEX] Runtime: 1319.015 sec
Vehicle 0: d → 16 → 18 → 30 → 12 → 6 → 25 → 23 → 26 → 19 → 4 → 28 → 14 → 21 → 17 → 7 → 27 → d, (requests = [11, 12, 22, 29, 31, 44, 46, 51])
Vehicle 1: d → 2 → 22 → 27 → 7 → 8 → 14 → 9 → 24 → 4 → 19 → 23 → 25 → 11 → 0 → 12 → 20 → 18 → d, (requests = [3, 8, 10, 13, 18, 19, 40, 48, 50])
Vehicle 2: d → 4 → 19 → 23 → 25 → 11 → d, (requests = [15])
Vehicle 3: d → 4 → 9 → 14 → 21 → 7 → 27 → 22 → 2 → d, (requests = [32, 37, 45])
Vehicle 4: d → 13 → 29 → 0 → 6 → 12 → 5 → 22 → 1 → 27 → 3 → 10 → 17 → 21 → 14 → 28 → 4 → 19 → d, (requests = [0, 7, 20, 23, 24, 34, 36, 47, 52, 53])
Vehicle 5: d → 8 → 14 → 28 → 4 → 19 → 23 → 25 → 6 → 12 → 18 → d, (requests = [30, 33])
Vehicle 6: d → 3 → 10 → 7 → 21 → 14 → 28 → 4 → 19 → 23 → 13 → 25 → 6 → 0 → 15 → 29 → d, (requests = [1, 2, 6, 14, 27, 28, 38, 41, 43, 49])
Vehicle 7: d → 22 → 5 → 12 → 16 → d, (requests = [9])
Vehicle 8: d → 20 → 12 → 5 → 2 → 27 → 17 → 21 → 14 → 28 → d, (requests = [21, 25, 35, 42])
======== PPDSP OBJECTIVE ========
Profit    = 343970
Cost      = 59249
Objective = 284721
=================================
===== RAW XY MODEL =====
157 218 252 391 470 531 552 607 613 690 763 824 852 896 911 973 1009 1037 1111 1172 1257 1295 1337 1377 1429 1482 1632 1656 1683 1756 1786 1797 1836 1896 2019 2340 2576 2824 2954 3004 3189 3411 3453 3567 3618 3785 3995 4022 4202 4312 4346 4399 4446 4487 4522 4544 4677 4729 4785 4816 4905 4979 5026 5045 5207 5240 5268 5345 5718 5775 5841 5973 6047 6178 6202 6332 6377 6471 6571 6754 6845 6886 6931 6984 7066 7180 7215 7248 7370 7425 7488 7545 7639 7698 7734 7935 8163 8306 8472 8777 9148 9219 9446 9533 9622 9709 9743 9938 9984 10069 5365 8789 8791 2056 8799 5379 2066 8806 3230 3232 3235 3239 8815 3246 5401 5406 5414 10102 5420 5429 5434 10106 8841 8843 6634 6645 6646 6655 6663 6668 10116 8863 8870 8881 8892 8905 10123 8921 8923 10129 10135 10148 10154 10168 10172 10180 10193 10202
  [Time Manager] Step 6 consumed 1319.02s. Total Consumed: 3599.96s.
  [Info] Saved 10206 core assumption literals to p1_A-n32-k5_r54v9k4.lp.asm

>>> ROLLING HORIZON COMPLETED SUCCESSFULLY <<<
