Default row names c1, c2 ... being created.
======================================================================
>>> MULTI-DIMENSIONAL ROLLING HORIZON (MIP) <<<
Instance: A-n32-k5 | Method: p1 | Strategy: UNI
Master Bounds Required -> Requests: 54, Vehicles: 9
Incremental Sequence (R,V,K): [('9', '2', '2'), ('18', '3', '2'), ('27', '5', '3'), ('36', '6', '3'), ('45', '8', '3'), ('54', '9', '4')]
======================================================================
  [Time Manager] Strategy: Uniform Recalibration (-Uni)
  [Time Manager] Global Budget: 3600.0s | Steps: 6 | Map Nodes |V|: 32

[1/6] Building & Solving: R=9, V=2, K=2
  [Info] Generating MIP Formulation...
  [Time Manager] Global Remaining Budget: 3600.00s | Future Weight Sum: 6.0
  [Time Manager] Recalibrated Budget for this step: 600.00s
[CPLEX] Setting time limit to 600 seconds
Version identifier: 22.1.1.0 | 2022-11-28 | 9160aff4d
CPXPARAM_Read_DataCheck                          1
CPXPARAM_Threads                                 1
CPXPARAM_TimeLimit                               600
Found incumbent of value 0.000000 after 0.00 sec. (0.06 ticks)
Tried aggregator 1 time.
MIP Presolve eliminated 48 rows and 1758 columns.
MIP Presolve modified 824 coefficients.
Reduced MIP has 771 rows, 434 columns, and 3022 nonzeros.
Reduced MIP has 310 binaries, 124 generals, 0 SOSs, and 0 indicators.
Presolve time = 0.00 sec. (2.01 ticks)
Probing time = 0.00 sec. (0.58 ticks)
Tried aggregator 1 time.
Detecting symmetries...
Reduced MIP has 771 rows, 434 columns, and 3022 nonzeros.
Reduced MIP has 310 binaries, 124 generals, 0 SOSs, and 0 indicators.
Presolve time = 0.00 sec. (1.83 ticks)
Probing time = 0.00 sec. (0.60 ticks)
Clique table members: 173.
MIP emphasis: balance optimality and feasibility.
MIP search method: dynamic search.
Parallel mode: none, using 1 thread.
Root relaxation solution time = 0.00 sec. (1.59 ticks)

        Nodes                                         Cuts/
   Node  Left     Objective  IInf  Best Integer    Best Bound    ItCnt     Gap

*     0+    0                            0.0000   120638.0000              --- 
      0     0    56451.7500    56        0.0000    56451.7500       99     --- 
      0     0    56101.0000    91        0.0000      Cuts: 93      156     --- 
      0     0    55842.7556    93        0.0000      Cuts: 38      201     --- 
      0     0    55716.7941    88        0.0000      Cuts: 56      216     --- 
      0     0    55474.5000    89        0.0000      Cuts: 35      255     --- 
      0     0    55393.1471   114        0.0000      Cuts: 32      280     --- 
Detecting symmetries...
      0     0    55263.0000   109        0.0000      Cuts: 59      293     --- 
      0     0    55023.0625   127        0.0000  ZeroHalf: 40      338     --- 
      0     0    54943.5000   114        0.0000      Cuts: 36      363     --- 
      0     0    54872.0000   128        0.0000      Cuts: 43      382     --- 
      0     0    54696.5000   127        0.0000      Cuts: 41      406     --- 
      0     0    54679.5131   138        0.0000      Cuts: 16      441     --- 
      0     0    54638.0000   130        0.0000      Cuts: 55      457     --- 
      0     0    54438.7143   153        0.0000  ZeroHalf: 37      511     --- 
      0     0    54341.4276   162        0.0000      Cuts: 68      564     --- 
      0     0    54195.6250   132        0.0000      Cuts: 47      592     --- 
      0     0    53973.0276   156        0.0000      Cuts: 57      650     --- 
      0     0    53895.6183   164        0.0000      Cuts: 66      673     --- 
      0     0    53819.7002   155        0.0000      Cuts: 44      690     --- 
      0     0    53784.0294   158        0.0000      Cuts: 54      709     --- 
      0     0    53687.3000    77        0.0000      Cuts: 52      733     --- 
      0     0    53684.0000    78        0.0000      Cuts: 66      756     --- 
      0     0    53643.1667   151        0.0000      Cuts: 11      782     --- 
      0     0    53625.5000   146        0.0000      Cuts: 87      825     --- 
      0     0    53555.1471   157        0.0000      Cuts: 51      849     --- 
      0     0    53548.6667   183        0.0000      Cuts: 40      876     --- 
Detecting symmetries...
      0     2    53548.6667   183        0.0000    53541.9118      876     --- 
Elapsed time = 0.10 sec. (170.83 ticks, tree = 0.01 MB, solutions = 1)
    318   187    52503.8631   128        0.0000    53007.7829     8787     --- 
    579   355    infeasible              0.0000    52829.0718    14963     --- 
*   940+  596                         6458.0000    52664.3846           715.49%
    971   618    49122.5991    89     6458.0000    52662.9416    20885  715.47%

Performing restart 1

Repeating presolve.
Tried aggregator 1 time.
MIP Presolve modified 8 coefficients.
Reduced MIP has 771 rows, 434 columns, and 3022 nonzeros.
Reduced MIP has 310 binaries, 124 generals, 0 SOSs, and 0 indicators.
Presolve time = 0.00 sec. (1.58 ticks)
Tried aggregator 1 time.
Reduced MIP has 771 rows, 434 columns, and 3022 nonzeros.
Reduced MIP has 310 binaries, 124 generals, 0 SOSs, and 0 indicators.
Presolve time = 0.00 sec. (1.89 ticks)
Represolve time = 0.01 sec. (7.75 ticks)
   1050     0    53443.2512   189     6458.0000      Cuts: 82    22303  714.89%
   1050     0    53340.7727   171     6458.0000      Cuts: 93    22354  714.89%
   1050     0    53253.6364    52     6458.0000      Cuts: 78    22457  714.89%
   1050     0    53230.0000    61     6458.0000      Cuts: 86    22495  714.89%
   1050     0    53227.5929   188     6458.0000      Cuts: 90    22536  714.89%
   1050     0    53218.6917   170     6458.0000      Cuts: 63    22581  714.89%
   1050     0    53218.5944   181     6458.0000     Cuts: 137    22627  714.89%
   1050     0    53179.3721   157     6458.0000      Cuts: 39    22677  714.89%
   1050     0    53140.8316   193     6458.0000     Cuts: 169    22751  714.89%
   1050     2    53140.8316   193     6458.0000    52625.3781    22751  714.89%
   1057     9    52551.6690   146     6458.0000    52625.3781    23167  714.89%
   1071    17    51840.5368   172     6458.0000    52625.3781    24049  714.89%
   1201   105    52249.6597   187     6458.0000    52625.3781    27622  714.89%
   1290   165    51136.1579    61     6458.0000    52618.1819    31795  714.78%
   1380   227    49505.6320    84     6458.0000    52464.1901    36108  712.39%
   1999   617    43262.9591    49     6458.0000    52075.6190    54568  706.37%
Elapsed time = 1.52 sec. (3692.05 ticks, tree = 0.33 MB, solutions = 2)
*  2067   664      integral     0     9145.0000    52028.3450    56139  468.93%
*  2068   652      integral     0    16314.0000    52028.3450    56174  218.92%
*  2096   664      integral     0    19722.0000    52018.2361    56895  163.76%
*  2131   672      integral     0    23510.0000    52010.4829    57381  121.23%
*  2231+  724                        24477.0000    51971.0833           112.33%
*  2290   768      integral     0    24739.0000    51958.5400    61104  110.03%
*  2390+  823                        24746.0000    51900.2962           109.73%
*  2526   900      integral     0    24963.0000    51838.7736    67429  107.66%
*  2626+  891                        31068.0000    51799.6463            66.73%
   3266  1301    51519.4342    61    31068.0000    51535.9617    86271   65.88%
   3927  1715    49697.0000   124    31068.0000    51335.1097   102138   65.23%
*  4497  1764      integral     0    36491.0000    51159.0042   117805   40.20%
   4520  1784    42083.5238    36    36491.0000    51136.1333   118602   40.13%
*  4570  1802      integral     0    36864.0000    51131.8569   119507   38.70%
*  4626  1835      integral     0    37134.0000    51127.0379   120818   37.68%
*  4726+ 1883                        37140.0000    51091.8114            37.57%
   5330  2251    47119.9516    80    37140.0000    50968.3265   139897   37.23%
   5973  2615    37563.1524    84    37140.0000    50820.4646   156985   36.83%
*  6050+ 2651                        37286.0000    50805.7609            36.26%
   6560  2926    41327.7179    61    37286.0000    50717.7112   172603   36.02%
Elapsed time = 4.25 sec. (10285.05 ticks, tree = 1.50 MB, solutions = 16)
   7245  3256    40282.9278    49    37286.0000    50518.6050   193665   35.49%
   8004  3665    47425.9361   162    37286.0000    50347.5000   212627   35.03%
   8742  4078    48884.9076    75    37286.0000    50236.9444   230362   34.73%
   9539  4528    49814.7384    76    37286.0000    50130.4000   248849   34.45%
  10312  4946    41938.0582    76    37286.0000    50017.3187   268648   34.15%
  11117  5356    49441.8342    47    37286.0000    49901.0000   288772   33.83%
* 11230+ 5397                        37381.0000    49874.2500            33.42%
  11232  5395    infeasible          37381.0000    49869.0111   291817   33.41%
  11854  5679    40532.9178    69    37381.0000    49769.8986   309869   33.14%
  12484  5956    48829.6000    23    37381.0000    49671.5500   328102   32.88%
  13280  6325    45282.4378   113    37381.0000    49551.3122   349171   32.56%
Elapsed time = 8.34 sec. (20039.28 ticks, tree = 3.20 MB, solutions = 17)
  14071  6673    44581.1514    94    37381.0000    49429.5751   370272   32.23%
  14762  6930        cutoff          37381.0000    49325.6500   389717   31.95%
  15350  7184    48911.5000    94    37381.0000    49237.4306   407394   31.72%
  16010  7469    40969.0857    18    37381.0000    49150.9368   428387   31.49%
  16668  7710    43683.4522    74    37381.0000    49061.0000   450751   31.25%
  17415  7966    48330.7637    87    37381.0000    48968.6426   473043   31.00%
  18083  8239    38987.3267    91    37381.0000    48881.1810   493355   30.76%
  18775  8467    48243.9310   115    37381.0000    48805.2808   511699   30.56%
  19447  8705    46036.6600    96    37381.0000    48717.9811   531153   30.33%
  20098  8886    40777.5000    61    37381.0000    48639.8847   551411   30.12%
Elapsed time = 12.06 sec. (29588.72 ticks, tree = 5.04 MB, solutions = 17)
  20813  9127    39687.6329    92    37381.0000    48554.1977   572403   29.89%
  21514  9331        cutoff          37381.0000    48473.5166   592443   29.67%
  22101  9469    infeasible          37381.0000    48402.2735   611690   29.48%
  22764  9677    48181.3318    97    37381.0000    48328.8643   630302   29.29%
  23441  9889    44143.1635    65    37381.0000    48257.5000   647694   29.10%
  24059 10084    45590.4500    61    37381.0000    48193.6015   666496   28.93%
  24733 10297    43792.1366   120    37381.0000    48140.0284   685154   28.78%
  25389 10475    infeasible          37381.0000    48080.2604   704871   28.62%
  26099 10651    39022.3857    85    37381.0000    48009.3924   724778   28.43%
  26782 10825    46023.7092    96    37381.0000    47926.7000   744485   28.21%
Elapsed time = 15.81 sec. (39141.79 ticks, tree = 6.05 MB, solutions = 17)
  27480 11029    38889.7750    92    37381.0000    47848.1543   762460   28.00%
  28060 11155    45078.6997    79    37381.0000    47780.5000   780323   27.82%
  28754 11296     3108.7347   112    37381.0000    47711.4565   799049   27.64%
  29459 11427        cutoff          37381.0000    47622.3849   818533   27.40%
  30199 11624    47280.2583    81    37381.0000    47548.7811   838268   27.20%
  30932 11805    38743.9969    65    37381.0000    47477.1997   857891   27.01%
  31627 12000    46695.1667   101    37381.0000    47411.3333   877908   26.83%
  32275 12129        cutoff          37381.0000    47344.4845   896912   26.65%
  32937 12276        cutoff          37381.0000    47282.2417   915317   26.49%
  33610 12414    45223.0291    63    37381.0000    47220.8092   933035   26.32%
Elapsed time = 19.55 sec. (48691.29 ticks, tree = 6.82 MB, solutions = 17)
  34240 12532    46816.8565    81    37381.0000    47153.1667   950918   26.14%
  34964 12664    46378.7284    61    37381.0000    47071.0406   970050   25.92%
  35560 12765    39546.6039    52    37381.0000    47008.4102   986905   25.75%
  36233 12932        cutoff          37381.0000    46942.1667  1005316   25.58%
  36837 12967    40521.1511    94    37381.0000    46860.7957  1023983   25.36%
  37469 13078    44194.4275    83    37381.0000    46798.4167  1042079   25.19%
  38081 13204    38663.1451    97    37381.0000    46741.0833  1059782   25.04%
  38697 13296    41227.4000    38    37381.0000    46673.8100  1076821   24.86%
  39348 13393    40666.0000    93    37381.0000    46605.2021  1094205   24.68%
  39983 13517    41905.6413    44    37381.0000    46535.5684  1111465   24.49%
Elapsed time = 23.32 sec. (58244.05 ticks, tree = 7.33 MB, solutions = 17)
  40607 13620    38184.1838    80    37381.0000    46462.5417  1128538   24.29%
  41255 13714        cutoff          37381.0000    46401.0340  1146527   24.13%
  41921 13780    44328.7001    49    37381.0000    46327.2717  1164810   23.93%
  42558 13885    44683.4951    63    37381.0000    46284.4774  1181832   23.82%
  43140 13909    45367.9328    57    37381.0000    46227.9373  1200201   23.67%
  43768 14007    39027.4906    91    37381.0000    46175.7400  1218600   23.53%
  44345 14062    45275.7538    98    37381.0000    46119.1567  1236068   23.38%
  44938 14160        cutoff          37381.0000    46058.1652  1252547   23.21%
  45566 14221    44586.8988    91    37381.0000    45997.3978  1270623   23.05%
  46275 14292        cutoff          37381.0000    45936.4826  1288506   22.89%
Elapsed time = 27.08 sec. (67788.21 ticks, tree = 7.71 MB, solutions = 17)
  46934 14350    45435.1184    54    37381.0000    45875.9000  1306342   22.73%
  47568 14382    44571.7232   114    37381.0000    45815.2976  1324281   22.56%
  48212 14482    42046.6729    74    37381.0000    45766.1089  1342492   22.43%
  48925 14584        cutoff          37381.0000    45706.0795  1360081   22.27%
  49536 14611        cutoff          37381.0000    45644.3722  1377362   22.11%
  50154 14638    38676.7347    82    37381.0000    45591.5798  1394497   21.96%
  50785 14705  -1.00000e+75    88    37381.0000    45542.8991  1411931   21.83%
  51377 14719    37749.1422    47    37381.0000    45487.7551  1428604   21.69%
  52038 14731    44986.6010   109    37381.0000    45427.8343  1445414   21.53%
  52720 14813    41985.3622   102    37381.0000    45368.5750  1461284   21.37%
Elapsed time = 30.86 sec. (77335.96 ticks, tree = 8.03 MB, solutions = 17)
  53363 14802    39493.1505   124    37381.0000    45318.3500  1479377   21.23%
* 54014  8590      integral     0    41249.0000    45254.1410  1495781    9.71%
  54658  8439    44755.3429    79    41249.0000    45168.3347  1511089    9.50%
* 54734  7929      integral     0    41577.0000    45161.3134  1512491    8.62%
  55303  7787    43973.8184    98    41577.0000    45070.6827  1525861    8.40%
  55972  7581        cutoff          41577.0000    44972.8956  1541048    8.17%
  56622  7426    42295.0133    40    41577.0000    44886.2769  1556260    7.96%
  57274  7259    43247.5086    89    41577.0000    44800.2952  1571672    7.75%
  57948  7084    44635.3950    91    41577.0000    44718.5784  1586473    7.56%
  58603  6918    43508.5746   132    41577.0000    44639.1361  1600181    7.36%
  61223  6050    44266.4298    62    41577.0000    44266.1565  1656368    6.47%
Elapsed time = 35.86 sec. (89704.76 ticks, tree = 3.75 MB, solutions = 19)
  64121  4987    42062.7466    51    41577.0000    43805.6762  1714522    5.36%
  67100  3947        cutoff          41577.0000    43307.1429  1771840    4.16%
  69969  3040    42847.9125    61    41577.0000    42900.8729  1824357    3.18%
  73169  1668    42346.5396    26    41577.0000    42359.9286  1876569    1.88%

GUB cover cuts applied:  3
Clique cuts applied:  2
Cover cuts applied:  127
Implied bound cuts applied:  47
Flow cuts applied:  12
Mixed integer rounding cuts applied:  241
Zero-half cuts applied:  116
Lift and project cuts applied:  30
Gomory fractional cuts applied:  13

Root node processing (before b&c):
  Real time             =    0.10 sec. (171.15 ticks)
Sequential b&c:
  Real time             =   42.82 sec. (106898.29 ticks)
                          ------------
Total (root+branch&cut) =   42.92 sec. (107069.44 ticks)
[CPLEX] Status: integer optimal, tolerance
[CPLEX] OPTIMAL OBJ: 41576.99999999998
[CPLEX] Runtime: 42.920 sec
Vehicle 0: d → 30 → 20 → 12 → 6 → 0 → 15 → 29 → 25 → 13 → 26 → 19 → 4 → 28 → 14 → 21 → 8 → 17 → 7 → 27 → d, (requests = [5, 6, 7])
Vehicle 1: d → 22 → 27 → 3 → 10 → 7 → 17 → 8 → 21 → 14 → 9 → 28 → 4 → 19 → 26 → 13 → 25 → 29 → 15 → 6 → 12 → 20 → d, (requests = [0, 1, 2, 3, 4, 8])
======== PPDSP OBJECTIVE ========
Profit    = 60319
Cost      = 18742
Objective = 41577
=================================
===== RAW XY MODEL =====
16 157 193 252 274 391 443 470 510 552 613 653 681 814 852 896 911 954 981 1023 1131 1172 1229 1266 1302 1341 1352 1429 1466 1482 1511 1577 1659 1696 1711 1756 1854 1870 1892 1925 1968 2039 2050 2052 2054 2056 2058 2059 2061 2063 2066
  [Time Manager] Step 1 consumed 42.92s. Total Consumed: 42.92s.
  [Info] Saved 2066 core assumption literals to p1_A-n32-k5_r9v2k2.lp.asm

[2/6] Building & Solving: R=18, V=3, K=2
Default row names c1, c2 ... being created.
  [Info] Generating MIP Formulation...
  [Time Manager] Global Remaining Budget: 3557.08s | Future Weight Sum: 5.0
  [Time Manager] Recalibrated Budget for this step: 711.42s
[CPLEX] Setting time limit to 711 seconds
[CPLEX] Reading assumption from p1_A-n32-k5_r9v2k2.lp.asm ...
[CPLEX] Applying MIP Start with 2066 variables.
Version identifier: 22.1.1.0 | 2022-11-28 | 9160aff4d
CPXPARAM_Read_DataCheck                          1
CPXPARAM_Threads                                 1
CPXPARAM_TimeLimit                               711
1 of 1 MIP starts provided solutions.
MIP start 'm1' defined initial solution with objective 63930.0000.
Tried aggregator 1 time.
MIP Presolve eliminated 54 rows and 2637 columns.
MIP Presolve modified 1284 coefficients.
Reduced MIP has 1260 rows, 678 columns, and 5286 nonzeros.
Reduced MIP has 492 binaries, 186 generals, 0 SOSs, and 0 indicators.
Presolve time = 0.00 sec. (3.55 ticks)
Probing time = 0.00 sec. (1.04 ticks)
Tried aggregator 1 time.
Detecting symmetries...
Reduced MIP has 1260 rows, 678 columns, and 5286 nonzeros.
Reduced MIP has 492 binaries, 186 generals, 0 SOSs, and 0 indicators.
Presolve time = 0.00 sec. (3.14 ticks)
Probing time = 0.00 sec. (1.08 ticks)
Clique table members: 285.
MIP emphasis: balance optimality and feasibility.
MIP search method: dynamic search.
Parallel mode: none, using 1 thread.
Root relaxation solution time = 0.00 sec. (4.90 ticks)

        Nodes                                         Cuts/
   Node  Left     Objective  IInf  Best Integer    Best Bound    ItCnt     Gap

*     0+    0                        63930.0000   372564.0000           482.77%
      0     0   119258.0667   102    63930.0000   119258.0667      230   86.54%
      0     0   118878.2042   149    63930.0000     Cuts: 153      355   85.95%
      0     0   118672.7304   193    63930.0000      Cuts: 56      447   85.63%
      0     0   118540.7419   150    63930.0000      Cuts: 81      515   85.42%
      0     0   118437.0000   144    63930.0000      Cuts: 48      549   85.26%
      0     0   118252.2162   153    63930.0000      Cuts: 45      627   84.97%
Detecting symmetries...
      0     0   118148.5000   158    63930.0000      Cuts: 73      654   84.81%
      0     0   117976.5449   173    63930.0000      Cuts: 68      690   84.54%
      0     0   117865.6625   194    63930.0000      Cuts: 51      745   84.37%
      0     0   117783.5261   200    63930.0000      Cuts: 68      799   84.24%
      0     0   117733.6250   194    63930.0000      Cuts: 87      851   84.16%
      0     0   117712.5755   201    63930.0000      Cuts: 65      937   84.13%
      0     0   117707.3750   187    63930.0000      Cuts: 36      998   84.12%
      0     0   117693.7500   193    63930.0000     Cuts: 112     1049   84.10%
      0     0   117669.0000   171    63930.0000      Cuts: 40     1098   84.06%
      0     0   117668.0000   210    63930.0000      Cuts: 37     1125   84.06%
*     0+    0                        64128.0000   117668.0000            83.49%
Detecting symmetries...
      0     2   117668.0000   193    64128.0000   117667.9500     1125   83.49%
Elapsed time = 0.21 sec. (419.51 ticks, tree = 0.01 MB, solutions = 2)
     88    66   117070.8340   170    64128.0000   117591.8620     6057   83.37%
    227   169   104184.0469    55    64128.0000   117469.9148    11643   83.18%
    384   277   116665.6538   124    64128.0000   117342.5520    17423   82.98%
    590   431   113735.9300   140    64128.0000   117315.5656    23520   82.94%
    747   545   110753.5884   141    64128.0000   117228.1452    29036   82.80%
    922   666   116164.8369   186    64128.0000   117122.2857    34680   82.64%

Performing restart 1

Repeating presolve.
Tried aggregator 1 time.
MIP Presolve modified 24 coefficients.
Reduced MIP has 1260 rows, 678 columns, and 5286 nonzeros.
Reduced MIP has 492 binaries, 186 generals, 0 SOSs, and 0 indicators.
Presolve time = 0.00 sec. (2.81 ticks)
Tried aggregator 1 time.
Reduced MIP has 1260 rows, 678 columns, and 5286 nonzeros.
Reduced MIP has 492 binaries, 186 generals, 0 SOSs, and 0 indicators.
Presolve time = 0.00 sec. (3.27 ticks)
Represolve time = 0.01 sec. (11.05 ticks)
    974     0   117637.4346   208    64128.0000     Cuts: 158    37368   82.63%
    974     0   117578.7600   210    64128.0000      Cuts: 80    37483   82.63%
    974     0   117533.7227   216    64128.0000     Cuts: 147    37598   82.63%
    974     0   117515.1564   214    64128.0000      Cuts: 79    37687   82.63%
    974     0   117462.1067   227    64128.0000      Cuts: 68    37786   82.63%
    974     0   117432.4439   304    64128.0000     Cuts: 115    37899   82.63%
*   974+    0                        64134.0000   117117.8526            82.61%
    974     0        cutoff          64134.0000   117117.8526    37899   82.61%
    974     2   117432.4439   304    64134.0000   117117.8526    37899   82.61%
    976     4   117341.9032   281    64134.0000   117117.8526    38209   82.61%
    979     7   117252.1640   171    64134.0000   117117.8526    38462   82.61%
   1078    90   106373.4762   129    64134.0000   117117.8526    45138   82.61%
Elapsed time = 1.73 sec. (4380.86 ticks, tree = 0.22 MB, solutions = 3)
   1293   270    88048.0146   115    64134.0000   117117.8526    60196   82.61%
   1614   528   114876.8778   251    64134.0000   116930.4818    73617   82.32%
*  1771   640      integral     0    85648.0000   116850.0705    82231   36.43%
   1880   721   115978.1533   184    85648.0000   116777.2498    88963   36.35%
*  1974+  793                        85695.0000   116731.4965            36.22%
   2132   914   111085.6046   137    85695.0000   116668.8166   102163   36.14%
   2359  1101   112188.6504   186    85695.0000   116651.0100   115830   36.12%
   2578  1259    infeasible          85695.0000   116590.5000   131125   36.05%
   2801  1429   115106.8710   249    85695.0000   116566.5929   144569   36.02%
   3078  1648   110210.3682   152    85695.0000   116541.5049   158977   36.00%
   3325  1838   105236.8630   173    85695.0000   116513.0000   175482   35.96%
   3510  1974   110497.1913   100    85695.0000   116486.5237   188931   35.93%
Elapsed time = 5.41 sec. (13951.18 ticks, tree = 1.59 MB, solutions = 5)
   3731  2139    91246.5656   107    85695.0000   116432.8929   202467   35.87%
   3954  2301   113555.9348   236    85695.0000   116380.0909   217109   35.81%
   4179  2464   115087.0000   124    85695.0000   116348.0699   232094   35.77%
   4408  2635    98292.6228   110    85695.0000   116328.5225   246799   35.75%
   4606  2777   114859.8846   250    85695.0000   116306.4125   260797   35.72%
   4839  2948   115121.0207   268    85695.0000   116262.3971   277445   35.67%
   5066  3123    infeasible          85695.0000   116229.7951   293924   35.63%
   5279  3286    infeasible          85695.0000   116201.2046   308220   35.60%
   5522  3479   112192.8000   147    85695.0000   116141.7500   323091   35.53%
   5742  3634   115733.3437   181    85695.0000   116104.7364   337977   35.49%
Elapsed time = 9.10 sec. (23583.22 ticks, tree = 2.71 MB, solutions = 5)
   5946  3780   111957.7587   196    85695.0000   116069.3412   352479   35.44%
   6207  3985    90104.6703   113    85695.0000   116042.8842   366976   35.41%
   6480  4201   113986.5863   169    85695.0000   116013.0000   383022   35.38%
   6739  4387   114599.7029   208    85695.0000   115965.2020   399194   35.32%
   7038  4605   114955.2084   178    85695.0000   115933.9754   416539   35.29%
   7269  4770   114226.5427   136    85695.0000   115910.4225   431965   35.26%
   7534  4965    99558.0249   105    85695.0000   115878.8458   446742   35.22%
   7768  5139    99881.8464   128    85695.0000   115857.6935   462379   35.20%
*  7974+ 5260                        86840.0000   115830.9942            33.38%
   8014  5296   110369.7667   149    86840.0000   115830.6940   477699   33.38%
   8219  5428   112679.2581   215    86840.0000   115805.3668   490773   33.35%
Elapsed time = 12.80 sec. (33141.91 ticks, tree = 3.90 MB, solutions = 6)
   8422  5580   103076.6358   151    86840.0000   115793.2000   504708   33.34%
   8602  5689   108069.2446   159    86840.0000   115765.8809   521582   33.31%
   8915  5930   115127.5864   178    86840.0000   115740.9000   537899   33.28%
   9199  6142   114380.9000   218    86840.0000   115717.5000   554461   33.25%
   9509  6375   103216.3032   104    86840.0000   115701.4717   572535   33.24%
   9785  6591   110576.1105   221    86840.0000   115657.0000   590350   33.18%
  10016  6748   110537.1250   163    86840.0000   115633.6261   606553   33.16%
  10312  6971   114533.5732   149    86840.0000   115591.3333   623497   33.11%
  10534  7130   114820.1429   211    86840.0000   115573.6320   638425   33.09%
* 10714+ 7029                        93086.0000   115558.8916            24.14%
* 10714+ 6991                        93611.0000   115558.8916            23.45%
  10715  6994   114902.5221   164    93611.0000   115553.2340   650570   23.44%
Elapsed time = 16.67 sec. (42801.42 ticks, tree = 4.81 MB, solutions = 8)
  10716  6994   111459.6250   199    93611.0000   115550.2562   651015   23.44%
  10941  7139   102446.1667   175    93611.0000   115525.7390   667104   23.41%
  11159  7266   110949.6146   178    93611.0000   115461.4000   682207   23.34%
  11391  7430   107638.4015   117    93611.0000   115443.5948   696798   23.32%
  11647  7610   113801.0375   233    93611.0000   115437.8735   712138   23.32%
  11862  7759   110961.9580   189    93611.0000   115411.6667   728148   23.29%
  12111  7935   114515.0000   180    93611.0000   115396.9598   744858   23.27%
  12419  8161   112083.4570    79    93611.0000   115372.3780   760768   23.25%
  12728  8389    infeasible          93611.0000   115349.8244   777010   23.22%
  12999  8584   101069.6957   161    93611.0000   115340.1401   793854   23.21%
Elapsed time = 21.67 sec. (55421.43 ticks, tree = 6.10 MB, solutions = 8)
  13310  8801   112118.8000   221    93611.0000   115320.0425   811824   23.19%
  13578  8984   103417.9507   194    93611.0000   115304.7000   829736   23.17%
  13879  9214   105137.3130   179    93611.0000   115294.1424   846715   23.16%
  14146  9411   109631.2406   159    93611.0000   115274.4056   863268   23.14%
  14405  9597   112266.9867   235    93611.0000   115258.2840   879176   23.12%
  14595  9717   111597.0000   169    93611.0000   115236.9376   894716   23.10%
  14857  9899   111561.5262   174    93611.0000   115220.3333   910566   23.08%
  15107 10081    93832.3255   191    93611.0000   115209.8938   926742   23.07%
  15371 10254   114169.1389   184    93611.0000   115193.6338   941530   23.06%
  15621 10440   114327.6936   262    93611.0000   115183.0976   957014   23.04%
Elapsed time = 25.32 sec. (65004.43 ticks, tree = 7.24 MB, solutions = 8)
  15879 10627    99420.8345   106    93611.0000   115163.9585   972942   23.02%
  16104 10782   114293.1833   196    93611.0000   115153.5487   989093   23.01%
  16367 10989    96102.1132   136    93611.0000   115138.8878  1006687   23.00%
  16690 11218   102044.8167   155    93611.0000   115117.2576  1024238   22.97%
  16958 11400   114136.1181   201    93611.0000   115103.4849  1042274   22.96%
  17264 11643    97024.6281    87    93611.0000   115094.1468  1059523   22.95%
  17620 11914   109977.8810   249    93611.0000   115079.9950  1077975   22.93%
  17880 12087   111419.6305   188    93611.0000   115062.3661  1095882   22.92%
  18183 12312   113458.6786   169    93611.0000   115050.0714  1113892   22.90%
  18537 12574   110489.5711   188    93611.0000   115037.3571  1131642   22.89%
Elapsed time = 29.02 sec. (74565.93 ticks, tree = 8.55 MB, solutions = 8)
  18769 12735   113363.1334   179    93611.0000   115022.3785  1146549   22.87%
  18994 12877    94729.8582   111    93611.0000   115009.8452  1162724   22.86%
  19252 13031   110553.5651   212    93611.0000   114997.5427  1177065   22.85%
  19506 13203   112653.2428   221    93611.0000   114978.1212  1192568   22.83%
  19803 13436   111301.9384   189    93611.0000   114968.3000  1208598   22.81%
  20097 13658   110771.3982   223    93611.0000   114956.6000  1224337   22.80%
  20358 13861    97510.2039    73    93611.0000   114949.4556  1240091   22.79%
  20617 14044   112192.2535   188    93611.0000   114935.2416  1254409   22.78%

Performing restart 2

Repeating presolve.
Tried aggregator 1 time.
MIP Presolve modified 294 coefficients.
Reduced MIP has 1260 rows, 678 columns, and 6825 nonzeros.
Reduced MIP has 492 binaries, 186 generals, 0 SOSs, and 0 indicators.
Presolve time = 0.00 sec. (4.86 ticks)
Tried aggregator 1 time.
Reduced MIP has 1260 rows, 678 columns, and 6825 nonzeros.
Reduced MIP has 492 binaries, 186 generals, 0 SOSs, and 0 indicators.
Presolve time = 0.00 sec. (4.03 ticks)
Represolve time = 0.03 sec. (32.77 ticks)
  20674     0   116995.2222   297    93611.0000     Cuts: 119  1258524   22.78%
  20674     0   116871.7642   291    93611.0000      Cuts: 79  1258624   22.78%
  20674     0   116835.7276   302    93611.0000      Cuts: 96  1258698   22.78%
  20674     0   116818.5343   291    93611.0000      Cuts: 78  1258778   22.78%
  20674     0   116785.2418   295    93611.0000     Cuts: 150  1258876   22.78%
  20674     0   116759.3737   314    93611.0000      Cuts: 94  1258979   22.78%
  20674     0   116743.6241   305    93611.0000      Cuts: 78  1259069   22.78%
  20674     0   116729.1995   319    93611.0000      Cuts: 90  1259149   22.78%
  20674     0   116716.0378   317    93611.0000      Cuts: 61  1259241   22.78%
  20674     0   116716.0285   331    93611.0000     Cuts: 116  1259285   22.78%
  20674     2   116716.0285   324    93611.0000   114933.2927  1259285   22.78%
  20679     7   115951.4629   282    93611.0000   114933.2927  1259949   22.78%
Elapsed time = 33.27 sec. (85476.20 ticks, tree = 0.01 MB, solutions = 8)
  20697    22   116665.9577   265    93611.0000   114933.2927  1262641   22.78%
  20734    54    infeasible          93611.0000   114933.2927  1265416   22.78%
  20889   191   111394.3070    90    93611.0000   114933.2927  1270459   22.78%
  21158   426   101427.2707    98    93611.0000   114933.2927  1279006   22.78%
  21391   621   108273.3663   148    93611.0000   114933.2927  1287967   22.78%
  21712   904   112188.2804   214    93611.0000   114933.2927  1297789   22.78%
  21962  1101   109276.6026    92    93611.0000   114933.2927  1308507   22.78%
  22237  1326   113883.0094   224    93611.0000   114933.2927  1319976   22.78%
  22497  1526   106105.6955   163    93611.0000   114933.2927  1332265   22.78%
  23525  2339   110268.5000   164    93611.0000   114933.2927  1381605   22.78%
Elapsed time = 37.84 sec. (97902.43 ticks, tree = 20.61 MB, solutions = 8)
  24605  3204    98089.3294   169    93611.0000   114933.2927  1429548   22.78%
  25732  4088   114577.7500   170    93611.0000   114933.2927  1486388   22.78%
  26800  4942   112712.7462    98    93611.0000   114933.2927  1533361   22.78%
  27826  5697   110475.4590   139    93611.0000   114901.5000  1583737   22.74%
  28950  6511   113337.8593   194    93611.0000   114751.2143  1631915   22.58%
  30135  7411   110480.7281    95    93611.0000   114592.3750  1678624   22.41%
  31245  8255   112255.2911   237    93611.0000   114486.1389  1726347   22.30%
  32269  9023   110968.0333   186    93611.0000   114401.3611  1772308   22.21%
  33399  9867   111919.1657   255    93611.0000   114342.0000  1827901   22.15%
  34416 10603   113164.9267   229    93611.0000   114296.4540  1876183   22.10%
Elapsed time = 52.87 sec. (136102.54 ticks, tree = 91.63 MB, solutions = 8)
  35420 11343    99560.6810    28    93611.0000   114225.8269  1923933   22.02%
  36475 12113    94703.6218   207    93611.0000   114179.8750  1972223   21.97%
  37543 12913   100679.8954   182    93611.0000   114138.8000  2020817   21.93%
  38657 13766   111920.1667   188    93611.0000   114086.4800  2070259   21.87%
  39819 14673   107076.0625   200    93611.0000   114047.9062  2117234   21.83%
  40885 15498    99692.5334   171    93611.0000   114013.4892  2160519   21.79%
  42002 16370   104390.1715   140    93611.0000   113981.0833  2205436   21.76%
  43097 17182    99195.8860   112    93611.0000   113933.5000  2251194   21.71%
  44035 17859   109918.5714   164    93611.0000   113895.5972  2298505   21.67%
  45004 18600   112235.0214   229    93611.0000   113863.9419  2343984   21.64%
Elapsed time = 68.02 sec. (174267.68 ticks, tree = 171.49 MB, solutions = 8)
  46042 19375   112962.3528   237    93611.0000   113821.8738  2389760   21.59%
  47020 20103   113336.4907   283    93611.0000   113779.7616  2434669   21.55%
  48030 20889   106877.3615    56    93611.0000   113744.4070  2479160   21.51%
  48984 21587   107466.8719    80    93611.0000   113716.6100  2524894   21.48%
  50072 22406   101915.2007    83    93611.0000   113690.3456  2586305   21.45%
  51060 23152   111774.4341   268    93611.0000   113666.1533  2630115   21.42%
  52002 23858   111641.4727   109    93611.0000   113639.7529  2673112   21.40%
  53033 24622        cutoff          93611.0000   113609.1282  2718181   21.36%
  54035 25377   107351.1910   176    93611.0000   113589.6557  2765016   21.34%
  54994 26061    infeasible          93611.0000   113565.8400  2811372   21.32%
Elapsed time = 83.21 sec. (212438.31 ticks, tree = 249.66 MB, solutions = 8)
  55980 26802   100171.2500   213    93611.0000   113537.7228  2859390   21.29%
  56935 27526   113381.5948   262    93611.0000   113517.2031  2906782   21.26%
  57976 28326    infeasible          93611.0000   113498.1556  2951015   21.24%
  59011 29101   101230.4667   145    93611.0000   113474.0000  3004299   21.22%
  60096 29900   113078.0202   201    93611.0000   113450.5000  3064947   21.19%
  61141 30676   107661.2391   155    93611.0000   113428.5000  3113275   21.17%
  62109 31384   110976.4029   177    93611.0000   113407.6667  3164119   21.15%
  63129 32125   112137.0000   147    93611.0000   113385.1272  3211215   21.12%
  64093 32845   111654.7073   163    93611.0000   113372.5097  3261850   21.11%
  65092 33580    94670.6727   136    93611.0000   113349.2157  3311249   21.09%
Elapsed time = 98.20 sec. (250634.81 ticks, tree = 325.69 MB, solutions = 8)
  66264 34439   100279.0909    67    93611.0000   113324.5833  3378046   21.06%
  67284 35170    98449.3611   162    93611.0000   113302.8690  3432548   21.04%
  68291 35904   111638.9586   189    93611.0000   113282.4951  3485567   21.01%
  69263 36625   110788.2867   231    93611.0000   113267.7857  3535879   21.00%
  70296 37362        cutoff          93611.0000   113244.4286  3584600   20.97%
  71348 38130   110576.8832   237    93611.0000   113221.8636  3640594   20.95%
  72355 38856   113070.3625   264    93611.0000   113197.5296  3697107   20.92%
  73397 39624   110795.8462   134    93611.0000   113171.6638  3762950   20.90%
  74560 40496    98648.8359   124    93611.0000   113150.4544  3832186   20.87%
  75694 41319   105282.6311    53    93611.0000   113128.9733  3902415   20.85%
Elapsed time = 113.08 sec. (288805.29 ticks, tree = 362.80 MB, solutions = 8)
  76805 42124   111810.9709   168    93611.0000   113110.9368  3971761   20.83%
  77887 42902   110548.8333   188    93611.0000   113086.6176  4039978   20.80%
  78967 43687   111243.8452   213    93611.0000   113063.8039  4100515   20.78%
  80091 44491   112474.6801   219    93611.0000   113040.6444  4166571   20.76%
  81243 45326   107288.2894   166    93611.0000   113024.7500  4236392   20.74%
  82353 46119   109814.5326   179    93611.0000   113004.3431  4303576   20.72%
  83421 46880    infeasible          93611.0000   112984.6702  4374079   20.70%
  84495 47647   110985.1667   185    93611.0000   112968.1250  4444141   20.68%
  85470 48328    98434.7312   109    93611.0000   112949.4494  4494813   20.66%
  86458 49011   110323.4810   178    93611.0000   112927.0342  4548145   20.63%
Elapsed time = 128.10 sec. (326992.73 ticks, tree = 379.19 MB, solutions = 8)
  87583 49822   109693.7500   149    93611.0000   112903.3542  4616601   20.61%
  88696 50624   105746.1250   112    93611.0000   112886.9652  4683681   20.59%
  89740 51356   103161.0150    91    93611.0000   112866.0538  4752438   20.57%
  90903 52192   110033.6607   226    93611.0000   112844.8591  4822699   20.55%
  91867 52876   106253.0000   102    93611.0000   112828.1000  4887163   20.53%
  92852 53559   105393.5085   128    93611.0000   112809.8979  4941952   20.51%
  93864 54259   103034.7500   146    93611.0000   112794.5333  4994734   20.49%
  94831 54890   110338.2596   238    93611.0000   112779.5735  5058063   20.48%
  95866 55624   112613.0000   145    93611.0000   112767.0152  5121874   20.46%
  96969 56404   109132.2563   213    93611.0000   112750.4028  5190742   20.45%
Elapsed time = 143.02 sec. (365161.78 ticks, tree = 393.82 MB, solutions = 8)
  98103 57228   104300.0407   123    93611.0000   112734.4333  5253562   20.43%
  99223 58032   111006.3586   208    93611.0000   112720.8972  5322969   20.41%
 100309 58779   106302.5718   125    93611.0000   112705.0000  5391046   20.40%
 101397 59537   108552.8706   234    93611.0000   112689.6667  5455875   20.38%
 102488 60263        cutoff          93611.0000   112675.9170  5525513   20.37%
 103524 60957   111029.0000   187    93611.0000   112660.8004  5592162   20.35%
 104561 61675   105472.9999   184    93611.0000   112645.3125  5654906   20.33%
 105640 62411   110015.1351   198    93611.0000   112630.5000  5724268   20.32%
 106725 63145        cutoff          93611.0000   112617.8000  5791625   20.30%
 107822 63925    97400.9180   115    93611.0000   112604.2734  5859106   20.29%
Elapsed time = 157.86 sec. (403330.59 ticks, tree = 403.85 MB, solutions = 8)
 108932 64715   111871.8400   196    93611.0000   112591.2294  5927242   20.28%
 109967 65409   112127.3919   205    93611.0000   112578.5058  5988416   20.26%
 111057 66194   106112.2500   109    93611.0000   112566.5556  6050028   20.25%
 112129 66947        cutoff          93611.0000   112553.8667  6116236   20.24%
 113197 67674   109015.8000   134    93611.0000   112539.5352  6185256   20.22%
 114233 68368   108357.9223   193    93611.0000   112527.9697  6248064   20.21%
 115288 69114   101656.4392   150    93611.0000   112516.2000  6303156   20.20%
 116315 69822   109486.3512   102    93611.0000   112500.9833  6367445   20.18%
 117267 70419   100765.9434   170    93611.0000   112488.7890  6431987   20.17%
 118276 71085        cutoff          93611.0000   112476.1250  6497025   20.15%
Elapsed time = 172.78 sec. (441533.85 ticks, tree = 425.44 MB, solutions = 8)
 119366 71813   110598.3030   114    93611.0000   112463.0286  6565192   20.14%
 120329 72451   109320.8529   170    93611.0000   112447.3333  6625512   20.12%
 121329 73117   109587.6500   216    93611.0000   112436.2952  6693469   20.11%
 122390 73852   106296.8822   146    93611.0000   112425.0000  6760818   20.10%
 123459 74608   109884.5894   149    93611.0000   112411.8222  6825885   20.08%
 124484 75293    97973.5000    94    93611.0000   112400.7500  6881395   20.07%
 125523 75991   110336.8734   196    93611.0000   112388.8066  6948015   20.06%
 126559 76734   103961.7667   163    93611.0000   112376.2818  7013053   20.05%
 127637 77463   108896.6861   195    93611.0000   112364.4286  7077376   20.03%
 128635 78106   107356.7667   175    93611.0000   112348.5000  7140408   20.02%
Elapsed time = 187.81 sec. (479715.73 ticks, tree = 440.65 MB, solutions = 8)
 129696 78834   102334.7793   142    93611.0000   112336.9719  7206620   20.00%
 130741 79535   108614.4857   194    93611.0000   112323.4620  7272251   19.99%
 131876 80292   109989.1781   103    93611.0000   112309.5000  7340151   19.97%
 132913 81000   108450.7211   161    93611.0000   112299.7315  7405919   19.96%
 133917 81663   108581.5658   175    93611.0000   112288.9722  7471768   19.95%
 134885 82292   106953.1152   202    93611.0000   112276.0124  7538194   19.94%
 135971 83059   103886.2196   124    93611.0000   112266.3623  7604789   19.93%
 136972 83693   102745.3083   185    93611.0000   112254.7000  7672998   19.92%
 137883 84283   106379.6843   142    93611.0000   112245.0202  7733796   19.91%
 138837 84919   106532.6431   163    93611.0000   112233.7333  7798932   19.89%
Elapsed time = 202.90 sec. (517886.29 ticks, tree = 450.68 MB, solutions = 8)
 139886 85668   102259.9897   137    93611.0000   112223.7500  7864084   19.88%
 141019 86429   106580.6465    96    93611.0000   112211.9022  7932643   19.87%
 142107 87145    98792.6623   211    93611.0000   112200.2287  8000336   19.86%
 143118 87767   108434.8750   147    93611.0000   112190.7870  8065684   19.85%
 144092 88348   108814.3998   204    93611.0000   112180.1508  8132432   19.84%
 145160 89027   101051.9000   141    93611.0000   112169.4667  8200222   19.83%
 146194 89708   103592.8689   127    93611.0000   112158.6111  8268620   19.81%
 147156 90338   103883.6667   179    93611.0000   112146.2500  8333126   19.80%
 148232 91021    99954.5313   111    93611.0000   112133.3837  8401208   19.79%
 149206 91655        cutoff          93611.0000   112122.4103  8464943   19.77%
Elapsed time = 217.92 sec. (556098.30 ticks, tree = 455.01 MB, solutions = 8)
 150337 92417   110765.5333   174    93611.0000   112111.8333  8533266   19.76%
 151356 93094   110889.8333   154    93611.0000   112100.0000  8601233   19.75%
 152302 93689   108069.1194   141    93611.0000   112090.6439  8666636   19.74%
 153339 94406   101196.2000   112    93611.0000   112080.7877  8729818   19.73%
 154374 95104   107201.1188   154    93611.0000   112069.7500  8789509   19.72%
 155227 95582   110143.3333   233    93611.0000   112057.4705  8852686   19.71%
 156194 96202        cutoff          93611.0000   112045.5000  8915128   19.69%
 157138 96807        cutoff          93611.0000   112035.1788  8979211   19.68%
 158146 97444   110160.3333   195    93611.0000   112024.0714  9043054   19.67%
 159204 98155   105281.9667   157    93611.0000   112014.5926  9107853   19.66%
Elapsed time = 233.15 sec. (594296.91 ticks, tree = 463.49 MB, solutions = 8)
 160202 98796   109194.0937   155    93611.0000   112005.6961  9175960   19.65%
 161093 99315   101228.6667   137    93611.0000   111993.8694  9238246   19.64%
 162086 99950   109903.2833   246    93611.0000   111985.1274  9304117   19.63%
 163002 100567   109663.7108   247    93611.0000   111975.6984  9367611   19.62%
 164042 101232   104711.4222   132    93611.0000   111966.3750  9432683   19.61%
 165032 101850   107143.4500   103    93611.0000   111958.2500  9497745   19.60%
 166019 102513   109329.2500   111    93611.0000   111948.5580  9560688   19.59%
 167056 103229   109829.8844   215    93611.0000   111941.5027  9626976   19.58%
 167987 103820   106531.6875    72    93611.0000   111934.4167  9692963   19.57%
 168894 104396   108660.9107   146    93611.0000   111924.9348  9755754   19.56%
Elapsed time = 248.42 sec. (632501.19 ticks, tree = 468.68 MB, solutions = 8)
 169929 105049   109728.6000   135    93611.0000   111914.9308  9820764   19.55%
 170882 105665   107930.6667   156    93611.0000   111904.9390  9885891   19.54%
 171824 106279   110131.4652   177    93611.0000   111894.6264  9948705   19.53%
 172876 107039   111162.7500   143    93611.0000   111886.8763 10009645   19.52%
 173773 107578   107464.3416   128    93611.0000   111878.0379 10074528   19.51%
 174783 108265   106996.0333   128    93611.0000   111869.4737 10138590   19.50%
 175811 108923   110636.4709   166    93611.0000   111858.9318 10204308   19.49%
 176791 109561   100525.3924   172    93611.0000   111849.8333 10268623   19.48%
 177809 110234    98688.1767   147    93611.0000   111841.5000 10331124   19.47%
 178640 110730   109315.4667   147    93611.0000   111834.5000 10393467   19.47%
Elapsed time = 263.22 sec. (670686.00 ticks, tree = 474.68 MB, solutions = 8)
 179459 111230   100494.5960   168    93611.0000   111827.1940 10453498   19.46%
 180514 111916   104244.5263   121    93611.0000   111818.6500 10518536   19.45%
 181404 112471   103849.0575   167    93611.0000   111810.6667 10584750   19.44%
 182419 113153    97900.9357   114    93611.0000   111803.5549 10651609   19.43%
 183494 113840   106779.5352   167    93611.0000   111794.0000 10719453   19.42%
 184587 114569   108238.9778   166    93611.0000   111785.3667 10787120   19.41%
 185590 115244   107373.0667   147    93611.0000   111777.7500 10852832   19.41%
 186525 115817   109149.9966   136    93611.0000   111769.2271 10915667   19.40%
 187485 116464   109666.0000   184    93611.0000   111761.4889 10981378   19.39%
 188502 117186   111176.5330   258    93611.0000   111754.8625 11047021   19.38%
Elapsed time = 277.99 sec. (708875.28 ticks, tree = 478.29 MB, solutions = 8)
 189403 117774   109016.9484   136    93611.0000   111747.1677 11110788   19.37%
 190520 118500   109285.6875   125    93611.0000   111738.8674 11177940   19.37%
 191618 119207    98432.1905   193    93611.0000   111729.2868 11246167   19.35%
 192546 119778    96267.9061   134    93611.0000   111720.3509 11309129   19.35%
 193492 120370   109974.5108   194    93611.0000   111712.4167 11374833   19.34%
 194481 120998    95808.6930   101    93611.0000   111702.0000 11439530   19.33%
 195505 121642   109095.6965   115    93611.0000   111692.6667 11506525   19.32%
 196514 122285   103842.6247   158    93611.0000   111684.4075 11571467   19.31%
 197595 122989   104520.5252   146    93611.0000   111676.2056 11639238   19.30%
 198724 123751    infeasible          93611.0000   111667.4156 11706684   19.29%
Elapsed time = 293.16 sec. (747053.92 ticks, tree = 481.61 MB, solutions = 8)
 199815 124478    99620.3095   135    93611.0000   111660.0631 11773079   19.28%
 200865 125147   107186.5467   152    93611.0000   111652.2000 11841937   19.27%
 201798 125732   110701.0848   125    93611.0000   111644.9120 11907814   19.26%
 202717 126302   107348.0667   124    93611.0000   111639.2829 11967088   19.26%
 203666 126914   103948.0000   193    93611.0000   111632.1035 12032630   19.25%
 204624 127552    98740.0047   143    93611.0000   111625.0583 12095616   19.24%
 205511 128063        cutoff          93611.0000   111617.1533 12155310   19.24%
 206543 128741   109628.0000   157    93611.0000   111608.7000 12223082   19.23%
 207474 129280   110544.7293   167    93611.0000   111598.5395 12286655   19.22%
 208568 130016   107605.2727   197    93611.0000   111592.2222 12353299   19.21%
Elapsed time = 308.46 sec. (785250.24 ticks, tree = 486.93 MB, solutions = 8)
 209390 130502   111024.8220   154    93611.0000   111584.6500 12412889   19.20%
 210252 131046   108248.6128   239    93611.0000   111575.1801 12476591   19.19%
 211183 131658   106534.9256   135    93611.0000   111566.4286 12541308   19.18%
 212123 132216   109915.7500   219    93611.0000   111558.6919 12607163   19.17%
 212980 132729   109633.5625   200    93611.0000   111551.1583 12667324   19.16%
 213903 133312   110884.5742   178    93611.0000   111543.4444 12731650   19.16%
 214869 133917    infeasible          93611.0000   111533.9955 12797834   19.15%
 215734 134464    infeasible          93611.0000   111526.1761 12861543   19.14%
 216691 135058   107845.2936   170    93611.0000   111515.8846 12926370   19.13%
 217636 135676   109895.5207   206    93611.0000   111510.0556 12989933   19.12%
Elapsed time = 323.62 sec. (823445.96 ticks, tree = 497.57 MB, solutions = 8)
 218600 136315    98589.1716   114    93611.0000   111503.2222 13053888   19.11%
 219603 136924   110353.2333   224    93611.0000   111493.5000 13118756   19.10%
 220545 137501   107189.5575   131    93611.0000   111485.4341 13183168   19.09%
 221514 138122    95642.0849   134    93611.0000   111479.8164 13250321   19.09%
 222544 138806    99282.0382    98    93611.0000   111472.4317 13316505   19.08%
 223512 139436   110274.4167   154    93611.0000   111466.0558 13377487   19.07%
 224482 140028   110007.3785   134    93611.0000   111459.5875 13442458   19.07%
 225304 140534   101567.4134    94    93611.0000   111452.6667 13505778   19.06%
 226249 141163   111194.3125   165    93611.0000   111445.7148 13568613   19.05%
 227218 141798    98093.0333   176    93611.0000   111438.2617 13630641   19.04%
Elapsed time = 338.73 sec. (861645.36 ticks, tree = 502.54 MB, solutions = 8)
 228119 142306   108956.7500   172    93611.0000   111430.1011 13694613   19.04%
 229035 142849        cutoff          93611.0000   111422.8738 13760230   19.03%
 230036 143494    97369.4480    90    93611.0000   111415.0800 13824652   19.02%
 230987 144075   100730.4871    97    93611.0000   111408.0000 13886408   19.01%
 231990 144695   105291.1000   132    93611.0000   111401.4990 13951881   19.00%
 232924 145257   108312.6964   200    93611.0000   111394.1815 14013991   19.00%
 233940 145885    98579.0750   180    93611.0000   111387.3750 14079300   18.99%
 234866 146477        cutoff          93611.0000   111380.3361 14142381   18.98%
 235779 147042    95495.2214    57    93611.0000   111374.5000 14205669   18.98%
 236689 147608   111338.0667   113    93611.0000   111368.6538 14268372   18.97%
Elapsed time = 353.94 sec. (899810.28 ticks, tree = 505.68 MB, solutions = 8)
 237627 148198   106454.5988   198    93611.0000   111363.5000 14334178   18.96%
 238605 148806   105619.6443   147    93611.0000   111357.4667 14397644   18.96%
 239566 149432   103734.1492   177    93611.0000   111351.0015 14461925   18.95%
 240479 150011    94485.8207   205    93611.0000   111343.8750 14524023   18.94%
 241376 150568   110921.7222   163    93611.0000   111337.7307 14584515   18.94%
 242169 151028   109614.3544   186    93611.0000   111332.6667 14645882   18.93%
 243117 151627    95816.5046    45    93611.0000   111326.4267 14706829   18.92%
 244027 152203   109976.2500   172    93611.0000   111321.2768 14771354   18.92%
 244833 152665   105961.6965   123    93611.0000   111313.0215 14834415   18.91%
 245848 153314   110664.3895   166    93611.0000   111305.1269 14900005   18.90%
Elapsed time = 369.28 sec. (937988.60 ticks, tree = 509.02 MB, solutions = 8)
 246882 153943   101785.0000   170    93611.0000   111297.8333 14966501   18.89%
 247827 154544    infeasible          93611.0000   111292.2500 15028664   18.89%
 248819 155189    99277.0791   111    93611.0000   111285.8667 15094398   18.88%
 249730 155766    95492.9444   140    93611.0000   111280.7336 15153673   18.88%
 250504 156236   108124.1341   229    93611.0000   111275.5000 15214739   18.87%
 251366 156739   110822.3229   227    93611.0000   111269.4783 15277644   18.86%
 252267 157261   101684.4086   144    93611.0000   111261.8334 15340353   18.86%
 253200 157832   101107.2177   180    93611.0000   111254.8833 15403640   18.85%
 254202 158487   105424.7286   189    93611.0000   111247.4151 15468208   18.84%
 255058 159002   109453.1258   132    93611.0000   111242.5000 15529601   18.83%
Elapsed time = 384.93 sec. (976169.50 ticks, tree = 517.71 MB, solutions = 8)
 256051 159626        cutoff          93611.0000   111235.9836 15595480   18.83%
 257083 160309   110924.0172   172    93611.0000   111228.8704 15659419   18.82%
 258083 160954   106736.3645   142    93611.0000   111223.3961 15723898   18.81%
 259009 161503    96897.5285    60    93611.0000   111218.1111 15790157   18.81%
 260091 162228   106306.4722   119    93611.0000   111212.5556 15855848   18.80%
 261195 162974   110613.0073   148    93611.0000   111206.8588 15922312   18.80%
 262126 163554   109607.1667   211    93611.0000   111200.6065 15987601   18.79%
 263130 164155   109987.2639   126    93611.0000   111193.0597 16054110   18.78%
 264031 164691   108111.2222   157    93611.0000   111186.6697 16115336   18.78%
 265025 165291   108077.5000   104    93611.0000   111180.0000 16180665   18.77%
Elapsed time = 400.29 sec. (1014331.87 ticks, tree = 521.00 MB, solutions = 8)
 266037 165943        cutoff          93611.0000   111174.5000 16246315   18.76%
 267008 166551   109705.1400   166    93611.0000   111168.2130 16311417   18.76%
 267996 167168   102574.6946   162    93611.0000   111162.6667 16376099   18.75%
 268996 167792   110821.6569   179    93611.0000   111156.8000 16442934   18.74%
 269989 168401   109826.7857   158    93611.0000   111151.5000 16510503   18.74%
 270890 168936   106362.5333   166    93611.0000   111144.8377 16568065   18.73%
 271936 169595        cutoff          93611.0000   111137.8458 16634111   18.72%
 272864 170173   107253.1360   181    93611.0000   111132.5833 16698714   18.72%
 273821 170772   107542.4983   196    93611.0000   111126.6344 16763012   18.71%
 274732 171315    96852.8374   156    93611.0000   111121.0000 16826686   18.71%
Elapsed time = 415.35 sec. (1052550.86 ticks, tree = 525.77 MB, solutions = 8)
 275663 171881   102483.4800    83    93611.0000   111115.3667 16889294   18.70%
 276674 172499   109541.5030   225    93611.0000   111107.8333 16951197   18.69%
 277688 173091   109463.9133   224    93611.0000   111101.6505 17016004   18.68%
 278710 173743    95998.8340   110    93611.0000   111096.7573 17081249   18.68%
 279570 174258   105760.8767   162    93611.0000   111091.5000 17143007   18.67%
 280505 174834   109510.2271   242    93611.0000   111085.7857 17207498   18.67%
 281438 175402    96759.9058    93    93611.0000   111080.5000 17271782   18.66%
 282408 176005   108349.7230   179    93611.0000   111073.4696 17336929   18.65%
 283385 176598   106542.2143   199    93611.0000   111066.9002 17404324   18.65%
 284253 177106   107553.2924   173    93611.0000   111060.0000 17465594   18.64%
Elapsed time = 430.38 sec. (1090726.15 ticks, tree = 530.03 MB, solutions = 8)
 285114 177610   108022.8964   170    93611.0000   111054.3347 17527799   18.63%
 286124 178242   107566.0832   193    93611.0000   111047.4525 17592854   18.63%
 287112 178838    99016.5630   174    93611.0000   111040.3663 17658794   18.62%
 288030 179382   104938.3333   173    93611.0000   111034.0000 17722152   18.61%
 288944 179962    94413.5237   101    93611.0000   111029.7862 17785613   18.61%
 289848 180482    96200.1548   157    93611.0000   111023.5132 17846990   18.60%
 290764 181029    99346.7222   164    93611.0000   111017.6096 17909351   18.59%
 291644 181545   110649.1667   122    93611.0000   111012.0000 17970255   18.59%
 292533 182120   102682.6196   167    93611.0000   111006.8400 18035021   18.58%
 293368 182639   100508.0000   112    93611.0000   111002.0493 18095931   18.58%
Elapsed time = 445.33 sec. (1128911.67 ticks, tree = 533.83 MB, solutions = 8)
 294298 183231   100766.0837   154    93611.0000   110998.1500 18159597   18.57%
 295239 183804   105220.5295   180    93611.0000   110992.0233 18222029   18.57%
 296257 184431   109208.5649   166    93611.0000   110986.2500 18286198   18.56%
 297144 184987    99396.2466   158    93611.0000   110981.6041 18346399   18.56%
 298068 185542   105559.3140   135    93611.0000   110975.7143 18410096   18.55%
 299008 186121   109033.1175   131    93611.0000   110969.1667 18475601   18.54%
 300012 186777   107688.8785    90    93611.0000   110964.5000 18537544   18.54%
 300892 187294   103580.3220   181    93611.0000   110958.9389 18600847   18.53%
 301745 187787   106206.5615   182    93611.0000   110953.5846 18661834   18.53%
 302640 188321   104783.6876   223    93611.0000   110949.5714 18720493   18.52%
Elapsed time = 460.93 sec. (1167096.57 ticks, tree = 540.38 MB, solutions = 8)
 303621 188933   105435.9219   103    93611.0000   110944.4198 18782307   18.52%
 304463 189428   102374.1062    73    93611.0000   110939.1630 18845537   18.51%
 305339 189926   104729.7551    89    93611.0000   110933.6627 18908307   18.50%
 306404 190579    95202.2524   152    93611.0000   110928.5146 18973905   18.50%
 307371 191154        cutoff          93611.0000   110922.3699 19037645   18.49%
 308360 191749   107345.3024   220    93611.0000   110916.8051 19101715   18.49%
 309292 192278   106789.5000   226    93611.0000   110911.8025 19166641   18.48%
 310084 192720   107714.5625   201    93611.0000   110906.7097 19229386   18.48%
 310905 193197   110809.2200   112    93611.0000   110901.2181 19291516   18.47%
 311897 193795   109621.3333   150    93611.0000   110894.8000 19355171   18.46%
Elapsed time = 476.45 sec. (1205285.67 ticks, tree = 545.40 MB, solutions = 8)
 312811 194355   108570.7159   239    93611.0000   110889.8333 19417672   18.46%
 313679 194855   108342.6667   173    93611.0000   110884.3750 19479872   18.45%
 314435 195261   101972.6496   132    93611.0000   110880.3399 19542182   18.45%
 315387 195824   110079.7500   169    93611.0000   110874.5000 19606205   18.44%
 316228 196307   104121.4831   202    93611.0000   110868.1000 19669729   18.43%
 317112 196834   100848.2522   115    93611.0000   110862.7875 19732308   18.43%
 317981 197310   106353.0046   178    93611.0000   110857.6377 19795547   18.42%
 318914 197860   102652.3000   202    93611.0000   110851.5601 19856937   18.42%
 319858 198441   106393.4645   180    93611.0000   110847.0167 19921569   18.41%
 320755 198931   101352.1667   121    93611.0000   110842.6909 19986317   18.41%
Elapsed time = 491.59 sec. (1243466.78 ticks, tree = 548.90 MB, solutions = 8)
 321678 199472        cutoff          93611.0000   110836.3235 20049671   18.40%
 322612 200047    99401.5538   179    93611.0000   110831.5333 20112520   18.40%
 323561 200628    98245.1016   104    93611.0000   110827.1389 20174736   18.39%
 324452 201105   107753.2264   166    93611.0000   110822.4589 20238144   18.39%
 325305 201624    95908.1833   153    93611.0000   110818.4952 20298154   18.38%
 326251 202199   109697.7500   153    93611.0000   110813.8908 20363935   18.38%
 327236 202822   107042.2541   134    93611.0000   110809.3292 20428815   18.37%
 328169 203370   108783.3946   162    93611.0000   110804.6528 20491810   18.37%
 329048 203876   108690.2000    98    93611.0000   110798.5000 20554874   18.36%
 330073 204525   101629.0724   113    93611.0000   110792.9598 20619650   18.35%
Elapsed time = 506.66 sec. (1281662.30 ticks, tree = 553.36 MB, solutions = 8)
 331034 205081   106601.8250   187    93611.0000   110786.9071 20684070   18.35%
 331884 205575   106678.7878   127    93611.0000   110781.0000 20745133   18.34%
 332812 206111   106319.6444   149    93611.0000   110776.2200 20807372   18.34%
 333717 206644   107157.1553   111    93611.0000   110770.7000 20870648   18.33%
 334652 207173   109358.7638   155    93611.0000   110765.3871 20934063   18.33%
 335430 207548    98511.6667   165    93611.0000   110759.9815 20994820   18.32%
 336223 208015   104340.4247   176    93611.0000   110755.9222 21056256   18.32%
 337092 208523   101700.1000   151    93611.0000   110751.6000 21119534   18.31%
 337980 209013   102681.5259   100    93611.0000   110746.8958 21182982   18.31%
 338825 209520   109252.5812   209    93611.0000   110742.2286 21242752   18.30%
Elapsed time = 521.85 sec. (1319845.21 ticks, tree = 556.76 MB, solutions = 8)
 339623 209977   105741.9714   152    93611.0000   110737.5000 21302726   18.30%
 340483 210484    98284.5211   120    93611.0000   110733.1111 21364595   18.29%
 341466 211058   106406.1667   149    93611.0000   110726.9161 21429738   18.28%
 342482 211713   104371.8090   229    93611.0000   110722.5310 21494708   18.28%
 343362 212212    96069.1067    95    93611.0000   110718.0000 21558444   18.27%
 344091 212610   108115.8148   184    93611.0000   110712.9167 21616153   18.27%
 344968 213076   104817.4966   174    93611.0000   110708.4028 21675685   18.26%
 345924 213669   103219.6000   131    93611.0000   110704.3776 21740525   18.26%
 346897 214313    94718.9081   111    93611.0000   110700.1033 21803103   18.26%
 347727 214790   105481.5439   137    93611.0000   110696.0775 21862522   18.25%
Elapsed time = 537.30 sec. (1358050.18 ticks, tree = 562.28 MB, solutions = 8)
 348603 215253   110169.0000   142    93611.0000   110690.0000 21923416   18.24%
 349514 215805    96982.2917   144    93611.0000   110685.6077 21988451   18.24%
 350425 216323   101159.1667   176    93611.0000   110680.2500 22051784   18.23%
 351371 216870    98038.5672   186    93611.0000   110675.5000 22114916   18.23%
 352244 217388   100988.9138   129    93611.0000   110670.7792 22179063   18.22%
 353181 217942    94111.1667   174    93611.0000   110666.6079 22243695   18.22%
 354082 218474   107295.9195   210    93611.0000   110663.0000 22306250   18.22%
 354928 218974   100136.3670   137    93611.0000   110659.7778 22369432   18.21%
 355818 219469   102542.5917   112    93611.0000   110655.3265 22430801   18.21%
 356703 219954   106774.6781   156    93611.0000   110650.0000 22494028   18.20%
Elapsed time = 552.88 sec. (1396225.59 ticks, tree = 566.28 MB, solutions = 8)
 357557 220418   109481.2724   241    93611.0000   110646.0466 22554936   18.20%
 358426 220934   103090.3208   182    93611.0000   110642.1256 22617272   18.19%
 359183 221288    infeasible          93611.0000   110637.6867 22674141   18.19%
 360031 221768        cutoff          93611.0000   110632.2083 22734086   18.18%
 360890 222287   108587.8550   205    93611.0000   110627.2602 22794573   18.18%
 361716 222743   108130.8750   116    93611.0000   110622.6841 22854326   18.17%
 362609 223261   109425.1818   206    93611.0000   110617.4000 22917742   18.17%
 363519 223798   108744.6667   134    93611.0000   110613.1000 22978340   18.16%
 364435 224312   108836.5476   197    93611.0000   110608.8333 23041457   18.16%
 365288 224764   106513.1297   150    93611.0000   110604.5000 23103635   18.15%
Elapsed time = 568.37 sec. (1434441.18 ticks, tree = 570.24 MB, solutions = 8)
 366124 225220    infeasible          93611.0000   110600.1131 23163523   18.15%
 366969 225674   106704.1944   180    93611.0000   110596.1382 23223943   18.14%
 367802 226152    96271.0000    98    93611.0000   110591.7000 23286199   18.14%
 368683 226641   107989.2500   131    93611.0000   110587.6667 23348066   18.14%
 369518 227109   101184.3203   138    93611.0000   110582.6852 23407657   18.13%
 370530 227747   105204.2889   146    93611.0000   110578.2857 23471676   18.13%
 371326 228163        cutoff          93611.0000   110573.9612 23532042   18.12%
 372201 228606   103737.9105   169    93611.0000   110568.6981 23594686   18.12%
 373088 229140   101800.1500   115    93611.0000   110563.0139 23653523   18.11%
 373993 229638   105777.6256   231    93611.0000   110557.9167 23716271   18.10%
Elapsed time = 583.87 sec. (1472652.42 ticks, tree = 576.81 MB, solutions = 8)
 374890 230136   108535.1111   128    93611.0000   110553.5000 23780549   18.10%
 375727 230575   104228.8667   160    93611.0000   110548.5062 23842531   18.09%
 376526 231020   108512.4828   150    93611.0000   110544.3770 23904329   18.09%
 377399 231524   108326.3813   130    93611.0000   110540.2897 23966154   18.08%
 378237 231981    97917.1167   152    93611.0000   110535.4167 24026187   18.08%
 379086 232435   108134.2894   150    93611.0000   110530.3667 24085801   18.07%
 379927 232901   110108.0000   116    93611.0000   110525.1476 24146488   18.07%
 380767 233365    infeasible          93611.0000   110520.3169 24205365   18.06%
 381654 233888   109805.5673   231    93611.0000   110516.5074 24265486   18.06%
 382416 234299    99961.6317   102    93611.0000   110511.6667 24324441   18.05%
Elapsed time = 599.30 sec. (1510843.12 ticks, tree = 579.66 MB, solutions = 8)
 383277 234770   107893.5742   192    93611.0000   110507.3080 24385425   18.05%
 384072 235164   105161.9122   155    93611.0000   110502.9077 24446025   18.04%
 384895 235641   106918.9192   128    93611.0000   110499.9556 24507010   18.04%
 385804 236161   105079.5870   147    93611.0000   110495.2528 24569135   18.04%
 386751 236729   109452.1732   235    93611.0000   110491.3333 24631465   18.03%
 387654 237231   100240.0833   197    93611.0000   110487.0000 24693287   18.03%
 388544 237754   108404.9833   166    93611.0000   110483.4216 24754274   18.02%
 389355 238169   109760.6477   200    93611.0000   110479.0581 24811462   18.02%
 390278 238665        cutoff          93611.0000   110474.2439 24872903   18.01%
 391146 239184   101437.8882   104    93611.0000   110469.4444 24937176   18.01%
Elapsed time = 614.44 sec. (1549012.61 ticks, tree = 585.00 MB, solutions = 8)
 391996 239612    99891.3703   128    93611.0000   110464.3405 24999168   18.00%
 392813 240083   100482.6214   111    93611.0000   110460.1667 25059951   18.00%
 393712 240607    99756.5000    90    93611.0000   110455.9863 25121818   17.99%
 394629 241139    95035.0604   100    93611.0000   110450.8126 25182743   17.99%
 395474 241573   109322.9141   254    93611.0000   110446.0706 25237607   17.98%
 396350 242059   109838.7500   179    93611.0000   110441.8226 25296566   17.98%
 397227 242554   106846.7700   197    93611.0000   110437.4359 25359218   17.97%
 398085 243052   100347.2863   217    93611.0000   110434.2228 25419201   17.97%
 399035 243587   102092.8750   162    93611.0000   110429.9833 25484250   17.97%
 399886 244076    99823.4619    77    93611.0000   110425.4007 25545294   17.96%
Elapsed time = 629.27 sec. (1587186.33 ticks, tree = 591.40 MB, solutions = 8)
 400751 244543   107074.3529   182    93611.0000   110420.8705 25606612   17.96%
 401681 245043   107918.0297   180    93611.0000   110415.7357 25669015   17.95%
 402601 245533   107919.9293   103    93611.0000   110411.3901 25730646   17.95%
 403569 246119    96452.4833   111    93611.0000   110407.6301 25792657   17.94%
 404391 246574   108027.6667   160    93611.0000   110403.8792 25852291   17.94%
 405276 247065   110196.4683   174    93611.0000   110399.2371 25916723   17.93%
 406132 247553   100321.7487   197    93611.0000   110395.7656 25978746   17.93%
Starting limited solution polishing.
 407036 248089   104416.3844    85    93611.0000   110391.7500 26041638   17.93%
 407850 248536    97718.8201   187    93611.0000   110387.7814 26102175   17.92%
 408688 249005   106808.6149   189    93611.0000   110383.9583 26162123   17.92%
Elapsed time = 644.16 sec. (1625373.00 ticks, tree = 593.79 MB, solutions = 8)
 409427 249443   107200.3473   123    93611.0000   110380.0367 26214667   17.91%
 409810 249651   109550.3988   179    93611.0000   110378.1333 26240820   17.91%
 410174 249836   107855.5000   177    93611.0000   110376.5000 26266682   17.91%
 410574 250061   104815.0333   103    93611.0000   110374.6667 26297392   17.91%
 411043 250321   105913.5333   128    93611.0000   110372.0625 26331276   17.91%
 411374 250490   102500.7114   122    93611.0000   110370.2415 26353102   17.90%
 411674 250659   106746.5396   160    93611.0000   110369.4000 26373629   17.90%
 412081 250885    98762.2851    94    93611.0000   110368.0000 26403737   17.90%
 412529 251133        cutoff          93611.0000   110366.4288 26436252   17.90%
 412874 251310    95972.0000    81    93611.0000   110365.0000 26462534   17.90%
Elapsed time = 661.77 sec. (1668639.76 ticks, tree = 595.29 MB, solutions = 8)
 413299 251580    infeasible          93611.0000   110363.4444 26490247   17.90%
 413697 251822   101391.5917   195    93611.0000   110361.5375 26515659   17.89%
 414244 252152    infeasible          93611.0000   110358.6355 26554526   17.89%
 414441 252263   103056.6495   103    93611.0000   110357.6466 26567411   17.89%
 414826 252477    96518.3599   108    93611.0000   110355.5833 26597688   17.89%
 415174 252667    99667.2174    94    93611.0000   110354.4000 26622083   17.89%
 415541 252846   109181.7500   116    93611.0000   110352.2432 26650447   17.88%
 416174 253181    95365.7724    62    93611.0000   110349.1905 26693849   17.88%
 416498 253363   107548.1185   207    93611.0000   110347.8000 26715907   17.88%
 416830 253562   104719.9167   218    93611.0000   110346.8333 26739932   17.88%
Elapsed time = 678.45 sec. (1708736.78 ticks, tree = 596.47 MB, solutions = 8)
 417313 253813        cutoff          93611.0000   110344.2443 26773566   17.88%
 417674 254030    infeasible          93611.0000   110343.0000 26799444   17.87%
 418074 254239   109774.9167   105    93611.0000   110340.5000 26830886   17.87%
 418374 254409   105028.5556   184    93611.0000   110339.5000 26853375   17.87%
 418674 254597   102745.6056   135    93611.0000   110338.1773 26873760   17.87%
 419074 254829    96456.3222   131    93611.0000   110336.5000 26901399   17.87%
 419450 254997    99976.3435   217    93611.0000   110333.9479 26932694   17.86%
 419720 255134   105796.1561   167    93611.0000   110332.9722 26954390   17.86%
 420074 255331   108031.8333   154    93611.0000   110331.3333 26978768   17.86%
 420574 255606   101101.1333    80    93611.0000   110328.5142 27017136   17.86%
Elapsed time = 696.62 sec. (1752100.11 ticks, tree = 597.65 MB, solutions = 8)
 420874 255770    98194.8560    82    93611.0000   110327.4716 27039793   17.86%
 421174 255921    96731.3015   107    93611.0000   110326.0800 27062628   17.86%
 421410 256058   108677.3700   119    93611.0000   110325.3333 27078341   17.86%
 421692 256188   109587.8750   173    93611.0000   110323.9064 27096128   17.85%
 422116 256451   107233.7045   110    93611.0000   110322.1840 27122259   17.85%
 422519 256665   109181.1119   173    93611.0000   110320.5000 27152242   17.85%
 422774 256796   104792.8012   158    93611.0000   110319.1667 27170906   17.85%
 423174 257019    95585.4918    95    93611.0000   110317.4743 27201816   17.85%
Advanced basis not built.

GUB cover cuts applied:  9
Clique cuts applied:  3
Cover cuts applied:  353
Implied bound cuts applied:  37
Flow cuts applied:  35
Mixed integer rounding cuts applied:  757
Zero-half cuts applied:  187
Lift and project cuts applied:  39
Gomory fractional cuts applied:  9

Root node processing (before b&c):
  Real time             =    0.21 sec. (419.75 ticks)
Sequential b&c:
  Real time             =  710.79 sec. (1786035.82 ticks)
                          ------------
Total (root+branch&cut) =  711.00 sec. (1786455.56 ticks)
[CPLEX] Status: time limit exceeded
[CPLEX] OPTIMAL OBJ: 93611.0
[CPLEX] Runtime: 711.006 sec
Vehicle 0: d → 16 → 30 → 20 → 12 → 6 → 0 → 15 → 29 → 25 → 13 → 26 → 19 → 4 → 24 → 9 → 14 → 21 → 8 → 17 → 7 → 27 → d, (requests = [5, 6, 7, 11, 12, 16])
Vehicle 1: d → 22 → 27 → 3 → 10 → 7 → 17 → 8 → 21 → 14 → 9 → 28 → 4 → 19 → 26 → 13 → 25 → 29 → 15 → 6 → 12 → 20 → 18 → d, (requests = [0, 1, 2, 3, 4, 8, 10, 13, 14, 17])
Vehicle 2: d → 4 → 19 → 26 → 13 → 25 → 15 → 11 → d, (requests = [15])
======== PPDSP OBJECTIVE ========
Profit    = 116616
Cost      = 23005
Objective = 93611
=================================
===== RAW XY MODEL =====
16 153 193 252 274 303 391 443 470 510 543 552 613 653 681 778 814 852 896 954 981 1009 1131 1172 1229 1266 1302 1341 1352 1429 1466 1482 1511 1577 1632 1659 1683 1711 1756 1854 1870 1892 1925 1968 2039 2340 2576 2634 2684 2827 3008 3038 3189 2050 2052 2054 2056 2058 2059 2061 2063 2066 3230 3232 3235 3239 3242 3246 3247 3251
  [Time Manager] Step 2 consumed 711.01s. Total Consumed: 753.93s.
  [Info] Saved 3252 core assumption literals to p1_A-n32-k5_r18v3k2.lp.asm

[3/6] Building & Solving: R=27, V=5, K=3
Default row names c1, c2 ... being created.
  [Info] Generating MIP Formulation...
  [Time Manager] Global Remaining Budget: 2846.07s | Future Weight Sum: 4.0
  [Time Manager] Recalibrated Budget for this step: 711.52s
[CPLEX] Setting time limit to 711 seconds
[CPLEX] Reading assumption from p1_A-n32-k5_r18v3k2.lp.asm ...
[CPLEX] Applying MIP Start with 3126 variables.
Version identifier: 22.1.1.0 | 2022-11-28 | 9160aff4d
CPXPARAM_Read_DataCheck                          1
CPXPARAM_Threads                                 1
CPXPARAM_TimeLimit                               711
1 of 1 MIP starts provided solutions.
MIP start 'm1' defined initial solution with objective 102630.0000.
Tried aggregator 1 time.
MIP Presolve eliminated 50 rows and 4265 columns.
MIP Presolve modified 2770 coefficients.
Reduced MIP has 2662 rows, 1305 columns, and 12325 nonzeros.
Reduced MIP has 995 binaries, 310 generals, 0 SOSs, and 0 indicators.
Presolve time = 0.00 sec. (7.54 ticks)
Probing time = 0.00 sec. (2.58 ticks)
Tried aggregator 1 time.
Detecting symmetries...
Reduced MIP has 2662 rows, 1305 columns, and 12325 nonzeros.
Reduced MIP has 995 binaries, 310 generals, 0 SOSs, and 0 indicators.
Presolve time = 0.00 sec. (7.94 ticks)
Probing time = 0.00 sec. (2.57 ticks)
Clique table members: 567.
MIP emphasis: balance optimality and feasibility.
MIP search method: dynamic search.
Parallel mode: none, using 1 thread.
Root relaxation solution time = 0.01 sec. (30.30 ticks)

        Nodes                                         Cuts/
   Node  Left     Objective  IInf  Best Integer    Best Bound    ItCnt     Gap

*     0+    0                       102630.0000   920485.0000           796.90%
      0     0   177457.3284   162   102630.0000   177457.3284      708   72.91%
      0     0   177088.8621   150   102630.0000     Cuts: 184      856   72.55%
      0     0   176932.0000   180   102630.0000     Cuts: 170     1017   72.40%
      0     0   176902.3136   253   102630.0000      Cuts: 36     1126   72.37%
      0     0   176886.5588   296   102630.0000      Cuts: 93     1227   72.35%
      0     0   176882.4252   310   102630.0000      Cuts: 74     1249   72.35%
      0     0   176794.0313   285   102630.0000      Cuts: 56     1429   72.26%
      0     0   176722.0702   261   102630.0000      Cuts: 79     1489   72.19%
      0     0   176552.4327   319   102630.0000      Cuts: 64     1677   72.03%
      0     0   176489.7500   203   102630.0000      Cuts: 84     1776   71.97%
      0     0   176453.5000    97   102630.0000      Cuts: 59     1826   71.93%
      0     0   176427.5000   119   102630.0000      Cuts: 68     1996   71.91%
      0     0   176417.2143   229   102630.0000      Cuts: 36     2082   71.90%
      0     2   176417.2143   229   102630.0000   176416.7500     2082   71.90%
Elapsed time = 0.41 sec. (901.36 ticks, tree = 0.01 MB, solutions = 1)
     15    17   175499.5144   107   102630.0000   176410.5714     4563   71.89%
     44    40   173895.1995    93   102630.0000   176410.5714     6920   71.89%
     80    72   174363.4927   166   102630.0000   176251.1304    10594   71.73%
    107    93   174300.6673   184   102630.0000   176251.1304    13103   71.73%
    149   128   165921.5409    85   102630.0000   176213.0780    16638   71.70%
    180   151   175981.9331   187   102630.0000   176166.6395    20346   71.65%
    197   164   173019.4041    80   102630.0000   176166.6395    23533   71.65%
    240   193   176065.2929   301   102630.0000   176155.2000    26873   71.64%
    284   229   175853.0013   217   102630.0000   176154.0000    30444   71.64%
    416   322    infeasible         102630.0000   176135.2000    43652   71.62%
Elapsed time = 1.72 sec. (4056.00 ticks, tree = 0.34 MB, solutions = 1)
    556   420   167127.5638    99   102630.0000   176098.3579    56861   71.59%
    720   557   175707.0934    95   102630.0000   176094.9782    68982   71.58%
    866   660   175420.5557   303   102630.0000   176071.8170    82747   71.56%

Performing restart 1

Repeating presolve.
Tried aggregator 1 time.
MIP Presolve modified 100 coefficients.
Reduced MIP has 2662 rows, 1305 columns, and 12325 nonzeros.
Reduced MIP has 995 binaries, 310 generals, 0 SOSs, and 0 indicators.
Presolve time = 0.00 sec. (6.48 ticks)
Tried aggregator 1 time.
Reduced MIP has 2662 rows, 1305 columns, and 12325 nonzeros.
Reduced MIP has 995 binaries, 310 generals, 0 SOSs, and 0 indicators.
Presolve time = 0.00 sec. (8.21 ticks)
Represolve time = 0.02 sec. (26.04 ticks)
   1022     0   176378.8864   112   102630.0000     Cuts: 195    98111   71.54%
   1022     0   176332.2000   198   102630.0000      Cuts: 75    98291   71.54%
   1022     0   176317.9174   238   102630.0000     Cuts: 195    98649   71.54%
   1022     0   176314.3333   292   102630.0000      Cuts: 75    98753   71.54%
   1022     0   176304.1426   396   102630.0000      Cuts: 73    98928   71.54%
   1022     0   176268.4166   446   102630.0000     Cuts: 178    99141   71.54%
   1022     0   176260.4270   335   102630.0000      Cuts: 51    99233   71.54%
   1022     0   176235.6897   436   102630.0000      Cuts: 60    99428   71.54%
*  1022+    0                       102736.0000   176056.6227            71.37%
   1022     0   176232.4578   449   102736.0000      Cuts: 99    99538   71.37%
   1022     2   176232.4578   437   102736.0000   176056.6227    99538   71.37%
   1025     5   176230.3954   313   102736.0000   176056.6227    99747   71.37%
   1028     8   176044.5346   139   102736.0000   176056.6227   100596   71.37%
   1031    10   175253.7482   332   102736.0000   176056.6227   101922   71.37%
   1034    12   172705.5511   334   102736.0000   176056.6227   102011   71.37%
   1038    16   172625.1419   226   102736.0000   176056.6227   102179   71.37%
   1041    19   171642.6667   182   102736.0000   176056.6227   103513   71.37%
Elapsed time = 6.91 sec. (18012.66 ticks, tree = 0.07 MB, solutions = 2)
   1046    22   171232.7907   211   102736.0000   176056.6227   104595   71.37%
   1055    25   170523.6656   243   102736.0000   176056.6227   106352   71.37%
   1065    28   175264.5769   141   102736.0000   176056.6227   109321   71.37%
   1074    36   173906.6202   169   102736.0000   176056.6227   111315   71.37%
   1080    36   175772.7659   443   102736.0000   176056.6227   114491   71.37%
   1087    43   174845.3536   276   102736.0000   176056.6227   116755   71.37%
   1107    59   174536.1695   137   102736.0000   176056.6227   120099   71.37%
   1114    66   174317.7521   428   102736.0000   176056.6227   121449   71.37%
   1129    81   174239.3995   314   102736.0000   176056.6227   122638   71.37%
   1158   110   167892.4169   265   102736.0000   176056.6227   126533   71.37%
Elapsed time = 10.48 sec. (28367.66 ticks, tree = 0.21 MB, solutions = 2)
   1201   150   153982.4763   181   102736.0000   176056.6227   131064   71.37%
   1291   240   145844.5854   160   102736.0000   176056.6227   133666   71.37%
   1342   281   175706.0000   160   102736.0000   176056.6227   139257   71.37%
   1385   314   175198.3638   209   102736.0000   176056.6227   147987   71.37%
   1438   362   164315.7166   233   102736.0000   176056.6227   154223   71.37%
   1486   397   175279.5484   187   102736.0000   176056.6227   164117   71.37%
   1542   445   174402.8505   182   102736.0000   176056.6227   174373   71.37%
   1596   483   172116.5085   368   102736.0000   176056.6227   185448   71.37%
   1698   556   175984.1580   146   102736.0000   176056.6227   193533   71.37%
   1727   573   174834.5890   183   102736.0000   176056.6227   203820   71.37%
Elapsed time = 14.16 sec. (38125.29 ticks, tree = 0.63 MB, solutions = 2)
   1797   615   175985.9394   128   102736.0000   176056.6227   216016   71.37%
   1827   631   174566.3778   232   102736.0000   176055.9561   227627   71.37%
   1898   681   171524.6689   327   102736.0000   176023.2256   239574   71.34%
   1959   726   175793.4215   163   102736.0000   176014.1277   250742   71.33%
   2009   762   173314.2686   235   102736.0000   176005.3272   261384   71.32%
   2116   855   172278.4453   332   102736.0000   176002.6250   271785   71.32%
   2207   934   175175.2616   313   102736.0000   175985.1327   283501   71.30%
   2287   996   174280.3739   168   102736.0000   175966.2719   295258   71.28%
   2323  1018   173344.4407   187   102736.0000   175933.3880   307184   71.25%
   2406  1086   175889.2470   204   102736.0000   175923.3767   318080   71.24%
Elapsed time = 17.93 sec. (48051.14 ticks, tree = 1.17 MB, solutions = 2)
   2488  1164   172154.2990   267   102736.0000   175923.3253   327416   71.24%
   2536  1198   173318.8095   332   102736.0000   175904.3459   337805   71.22%
   2622  1275   175364.2975   228   102736.0000   175902.1875   347442   71.22%
   2700  1332   175613.3166   279   102736.0000   175892.1370   358691   71.21%
   2784  1394   174850.1449   156   102736.0000   175876.3059   370910   71.19%
   2861  1459   174530.2069   247   102736.0000   175870.7250   381985   71.19%
   2913  1495   175048.3435   223   102736.0000   175863.8121   391350   71.18%
   2952  1512   174306.5102   195   102736.0000   175853.9206   401766   71.17%
   3006  1540   172429.9366   324   102736.0000   175840.0271   414177   71.16%
   3071  1582   174817.1376   129   102736.0000   175832.1780   425648   71.15%
Elapsed time = 21.67 sec. (57746.69 ticks, tree = 1.69 MB, solutions = 2)
   3166  1654   175494.4706   352   102736.0000   175825.0000   437724   71.14%
   3257  1732   174770.0751   195   102736.0000   175823.5208   449373   71.14%
   3315  1767    infeasible         102736.0000   175809.3850   461572   71.13%
   3379  1818   172784.9395   177   102736.0000   175800.8397   473815   71.12%
   3465  1878   174623.9011   213   102736.0000   175793.7384   485560   71.11%
   3547  1947   175297.8728   359   102736.0000   175792.7959   497165   71.11%
   3638  2017   172799.7452   156   102736.0000   175772.5767   509431   71.09%
   3752  2110   175471.5000   252   102736.0000   175768.2401   520896   71.09%
   3830  2164   174945.7459   183   102736.0000   175760.8883   532927   71.08%
   3913  2236   173262.2621   154   102736.0000   175755.1975   544885   71.07%
Elapsed time = 25.42 sec. (67459.75 ticks, tree = 2.38 MB, solutions = 2)
   3975  2282   168804.3881   172   102736.0000   175744.1516   557134   71.06%
   4078  2364   174990.8625   172   102736.0000   175729.4598   568862   71.05%
   4124  2390   175354.7358   133   102736.0000   175714.8463   579851   71.04%
   4194  2440   164182.9849   164   102736.0000   175705.3327   591516   71.03%
   4255  2489   171154.0480   246   102736.0000   175703.5556   602617   71.02%
   4335  2550    infeasible         102736.0000   175701.2203   615619   71.02%
   4383  2582    infeasible         102736.0000   175693.1464   627516   71.01%
   4481  2653   174782.1099   269   102736.0000   175679.0553   639517   71.00%
   4535  2685   174798.0645   262   102736.0000   175673.6407   651445   71.00%
   4605  2741   175246.5000   155   102736.0000   175672.0839   664073   70.99%
Elapsed time = 29.11 sec. (77161.59 ticks, tree = 2.87 MB, solutions = 2)
   4725  2844    infeasible         102736.0000   175668.8333   675917   70.99%
   4803  2908   169945.8787   164   102736.0000   175665.6303   688329   70.99%
   4857  2941   173956.3380   230   102736.0000   175657.5010   699328   70.98%
   4927  2999   171238.8300   178   102736.0000   175651.1166   711050   70.97%
   5049  3103   174710.8548   114   102736.0000   175649.7703   724732   70.97%
   5114  3154   174858.1064   286   102736.0000   175647.7525   736536   70.97%
   5225  3251   168786.9010   167   102736.0000   175646.2304   748230   70.97%
   5342  3343   175527.5852   229   102736.0000   175643.0402   759364   70.97%
   5397  3378   170011.7604   102   102736.0000   175640.1923   771400   70.96%
   5578  3537   174828.5305   323   102736.0000   175638.6733   782712   70.96%
Elapsed time = 32.88 sec. (86867.56 ticks, tree = 3.67 MB, solutions = 2)
   5630  3573   174105.9804   223   102736.0000   175632.0645   794965   70.95%
   5717  3635   169195.4312   210   102736.0000   175625.4041   806859   70.95%
   5785  3675   172002.6229   175   102736.0000   175618.7424   818765   70.94%
   5914  3770   175018.7942   273   102736.0000   175611.0429   831245   70.93%
   5993  3836   171818.2020   172   102736.0000   175606.4737   843175   70.93%
   6061  3894   173761.5102   248   102736.0000   175605.3940   854581   70.93%
   6143  3948   172490.5722   257   102736.0000   175597.1870   866797   70.92%
   6196  3981   171452.5390   225   102736.0000   175589.7768   878324   70.91%
   6273  4030    infeasible         102736.0000   175582.6933   890504   70.91%
   6522  4196   175380.0000   232   102736.0000   175566.7920   937585   70.89%
Elapsed time = 37.76 sec. (99426.82 ticks, tree = 4.46 MB, solutions = 2)
   6740  4326    infeasible         102736.0000   175555.1946   980659   70.88%
   7004  4527   173224.0074   159   102736.0000   175546.8535  1028109   70.87%
   7332  4773   156084.6667   137   102736.0000   175525.6116  1076361   70.85%
   7738  5075    infeasible         102736.0000   175509.4359  1125514   70.84%
   8100  5369   175008.9298   248   102736.0000   175494.0457  1174728   70.82%
   8470  5646   170342.3396   175   102736.0000   175489.1002  1223412   70.82%
   8730  5805   172640.4840   226   102736.0000   175473.1805  1271536   70.80%
   9031  6038   173203.4110   316   102736.0000   175457.9019  1321574   70.79%
   9295  6247   171457.1790   190   102736.0000   175453.0012  1371957   70.78%
   9659  6531   170697.9011   229   102736.0000   175441.2498  1420034   70.77%
Elapsed time = 52.50 sec. (137664.05 ticks, tree = 6.87 MB, solutions = 2)
   9978  6769   174089.4689   221   102736.0000   175422.6250  1469626   70.75%
  10305  7009   172287.5305   167   102736.0000   175410.8555  1518180   70.74%
  10645  7275   168645.5288   203   102736.0000   175398.1593  1567714   70.73%
  10910  7456   173405.5206   385   102736.0000   175379.6765  1615483   70.71%
  11155  7631   171236.7161   169   102736.0000   175363.1703  1661840   70.69%
* 11242+ 7696                       102912.0000   175360.0027            70.40%
* 11242+ 7696                       102954.0000   175360.0027            70.33%
* 11242+ 7696                       103120.0000   175360.0027            70.05%
* 11242+ 7696                       103162.0000   175360.0027            69.99%
* 11242+ 7696                       104759.0000   175360.0027            67.39%
* 11243+ 7697                       109520.0000   175360.0027            60.12%
* 11243+ 7697                       109652.0000   175360.0027            59.92%
* 11243+ 7697                       109959.0000   175360.0027            59.48%
* 11243+ 7697                       110001.0000   175360.0027            59.42%
* 11243+ 7697                       110103.0000   175360.0027            59.27%
* 11243+ 7697                       113812.0000   175360.0027            54.08%
* 11243+ 7697                       118531.0000   175360.0027            47.94%
* 11243+ 7697                       119008.0000   175360.0027            47.35%
* 11243+ 7697                       119286.0000   175360.0027            47.01%
  11243  7699   174345.5000   185   119286.0000   175359.9148  1675531   47.01%
* 11244+ 7698                       122265.0000   175359.9148            43.43%
* 11244+ 7698                       124909.0000   175359.9148            40.39%
* 11244+ 7698                       125109.0000   175359.9148            40.17%
* 11244+ 7698                       125146.0000   175359.9148            40.12%
  11244  7700   173116.5007   259   125146.0000   175358.4482  1676772   40.12%
  11486  7869   173808.9795   214   125146.0000   175347.6911  1721499   40.11%
  11818  8125   168541.9384   196   125146.0000   175334.8696  1766966   40.10%
  12113  8347   173668.8846   234   125146.0000   175324.8077  1813328   40.10%
Elapsed time = 70.05 sec. (180002.35 ticks, tree = 9.16 MB, solutions = 20)
  12492  8660   171651.4288   295   125146.0000   175319.0578  1863630   40.09%
  12784  8901   172824.5528   146   125146.0000   175312.3333  1912991   40.09%
  13071  9129   172333.9285   210   125146.0000   175303.1136  1958389   40.08%
  13374  9364   174594.1158   261   125146.0000   175291.1429  2004632   40.07%
  13678  9607   174391.5412   194   125146.0000   175281.0530  2052938   40.06%
  13973  9846   170117.1210   149   125146.0000   175271.5000  2100781   40.05%
  14252 10061   174190.7045   225   125146.0000   175260.7121  2149749   40.04%
  14598 10343   173088.5333   220   125146.0000   175251.3680  2197987   40.04%
  14904 10589   174769.2750   208   125146.0000   175241.7787  2242791   40.03%
  15171 10797   172520.5000   254   125146.0000   175234.8750  2285726   40.02%
Elapsed time = 85.44 sec. (218347.62 ticks, tree = 11.64 MB, solutions = 20)
  15407 10978   173666.0000   227   125146.0000   175225.1550  2330783   40.02%
  15699 11213   172444.7488   281   125146.0000   175213.5105  2375798   40.01%
  16001 11462   171331.3591   240   125146.0000   175209.9278  2425731   40.00%
  16346 11737   171925.7982   225   125146.0000   175202.1267  2473697   40.00%
  16648 11979   175100.5476   229   125146.0000   175193.3525  2521099   39.99%
  16974 12251   167309.3891   283   125146.0000   175181.8816  2569969   39.98%
  17285 12504   173904.0029   273   125146.0000   175175.1054  2614237   39.98%
  17510 12655   174227.5313   309   125146.0000   175168.3538  2661244   39.97%
  17822 12906   170778.8012   165   125146.0000   175161.9370  2709500   39.97%
  18099 13102   173128.6455   219   125146.0000   175149.9178  2758170   39.96%
Elapsed time = 101.88 sec. (256697.59 ticks, tree = 14.06 MB, solutions = 20)
  18413 13363   173451.4374   177   125146.0000   175145.2486  2806950   39.95%
  18713 13598   172646.3373   277   125146.0000   175137.8546  2855675   39.95%
  18958 13783   174889.7184   310   125146.0000   175131.5455  2903928   39.94%
  19278 14027   173843.0089   211   125146.0000   175122.3157  2950285   39.93%
  19574 14274   174287.7000   317   125146.0000   175116.2175  2996374   39.93%
  19881 14514   173353.3810   225   125146.0000   175110.0715  3040885   39.92%
  20221 14791   174517.9520   254   125146.0000   175103.5515  3088355   39.92%
  20544 15042   173914.8005   224   125146.0000   175095.9583  3135963   39.91%
  20854 15287   173816.9917   251   125146.0000   175091.5000  3182779   39.91%
  21119 15478   172654.2503   210   125146.0000   175075.2846  3228613   39.90%
Elapsed time = 116.79 sec. (295051.12 ticks, tree = 16.54 MB, solutions = 20)
  21398 15672    infeasible         125146.0000   175068.4764  3275730   39.89%

Performing restart 2

Repeating presolve.
Tried aggregator 1 time.
MIP Presolve modified 950 coefficients.
Reduced MIP has 2662 rows, 1305 columns, and 18050 nonzeros.
Reduced MIP has 995 binaries, 310 generals, 0 SOSs, and 0 indicators.
Presolve time = 0.01 sec. (11.99 ticks)
Tried aggregator 1 time.
Reduced MIP has 2662 rows, 1305 columns, and 18050 nonzeros.
Reduced MIP has 995 binaries, 310 generals, 0 SOSs, and 0 indicators.
Presolve time = 0.01 sec. (11.04 ticks)
Represolve time = 0.04 sec. (58.35 ticks)
  21686     0   176216.7197   374   125146.0000     Cuts: 157  3312259   39.89%
  21686     0   176197.2951   341   125146.0000      Cuts: 63  3312453   39.89%
  21686     0   176192.9130   356   125146.0000      Cuts: 87  3312504   39.89%
  21686     0   176191.5250   362   125146.0000      Cuts: 28  3312589   39.89%
  21686     0   176191.5250   365   125146.0000      Cuts: 37  3312612   39.89%
  21686     0   176191.5250   366   125146.0000      Cuts: 32  3312630   39.89%
  21686     0   176191.5250   368   125146.0000      Cuts: 22  3312652   39.89%
  21686     2   176191.5250   359   125146.0000   175062.1349  3312652   39.89%
  21694    10   174862.4932   290   125146.0000   175062.1349  3315096   39.89%
  21735    43   173593.9063   325   125146.0000   175062.1349  3326797   39.89%
  21821   115   173237.9160   264   125146.0000   175062.1349  3340594   39.89%
  22047   313   173899.0000   187   125146.0000   175062.1349  3368723   39.89%
  22307   535   175148.0145   198   125146.0000   175062.1349  3410322   39.89%
  22527   723   173881.6667   194   125146.0000   175062.1349  3447359   39.89%
  22827   971   169311.9927    96   125146.0000   175062.1349  3492029   39.89%
  23213  1298   175504.7445   178   125146.0000   175062.1349  3536717   39.89%
Elapsed time = 132.91 sec. (336904.54 ticks, tree = 1.75 MB, solutions = 20)
  23628  1666    infeasible         125146.0000   175062.1349  3582927   39.89%
  23936  1916   173680.1610   210   125146.0000   175062.1349  3632792   39.89%
  24265  2200    infeasible         125146.0000   175062.1349  3680436   39.89%
  24576  2477   170861.6971   100   125146.0000   175062.1349  3728722   39.89%
  24950  2807   170392.7742   220   125146.0000   175062.1349  3778443   39.89%
  25319  3122   167989.6587   188   125146.0000   175062.1349  3826084   39.89%
  25603  3364   161003.2078   205   125146.0000   175062.1349  3875350   39.89%
  25943  3645   173578.7985   141   125146.0000   175062.1349  3916820   39.89%
  26276  3915   174940.7000   182   125146.0000   175062.1349  3959887   39.89%
  26598  4199   168782.7855   108   125146.0000   175062.1349  4008478   39.89%
Elapsed time = 148.39 sec. (375166.24 ticks, tree = 4.90 MB, solutions = 20)
  26887  4435   174987.1681   289   125146.0000   175062.1349  4057656   39.89%
  27231  4725   174489.5575   192   125146.0000   175062.1349  4103109   39.89%
  27583  5020   174385.8192   329   125146.0000   175062.1349  4150847   39.89%
  27858  5245    infeasible         125146.0000   175062.1349  4194418   39.89%
  28194  5527   175051.6818   232   125146.0000   175062.1349  4240058   39.89%
  28454  5740   166472.6861   268   125146.0000   175062.1349  4285065   39.89%
  28796  6030   173837.4893   239   125146.0000   175062.1349  4331222   39.89%
  29141  6326   163527.4901   178   125146.0000   175062.1349  4376081   39.89%
  29389  6524   174624.3221   269   125146.0000   175062.1349  4422726   39.89%
  29710  6809   174099.9074   227   125146.0000   175062.1349  4466209   39.89%
Elapsed time = 163.81 sec. (413495.12 ticks, tree = 7.71 MB, solutions = 20)
  29986  7033    infeasible         125146.0000   175062.1349  4514373   39.89%
  30303  7307   162446.1947   181   125146.0000   175062.1349  4561934   39.89%
  30553  7516    infeasible         125146.0000   175062.1349  4609176   39.89%
  30883  7819   174562.8211   185   125146.0000   175062.1349  4655431   39.89%
  31123  8031   174676.8181   166   125146.0000   175062.1349  4699777   39.89%
  31494  8372   169027.1889   233   125146.0000   175062.1349  4745023   39.89%
  31796  8621   173264.0343   221   125146.0000   175062.1349  4791026   39.89%
  32029  8821   171829.8462   328   125146.0000   175062.1349  4840254   39.89%
  32378  9127   172435.7500   168   125146.0000   175062.1349  4884188   39.89%
  32760  9457   174417.5730   165   125146.0000   175062.1349  4932874   39.89%
Elapsed time = 179.00 sec. (451782.00 ticks, tree = 11.40 MB, solutions = 20)
  32983  9628   174242.1561   277   125146.0000   175062.1349  4980150   39.89%
  33366  9979   171578.4551   233   125146.0000   175062.1349  5027875   39.89%
  33691 10257   173485.9800   257   125146.0000   175062.1349  5073803   39.89%
  34044 10564   174176.2500   210   125146.0000   175062.1349  5116949   39.89%
  34394 10860   151705.4719   208   125146.0000   175059.6056  5162841   39.88%
  34625 11045   171978.7267   210   125146.0000   175043.4242  5207086   39.87%
  34955 11319   167306.5366   249   125146.0000   175035.1726  5251065   39.86%
  35280 11578   174348.2726   253   125146.0000   175020.5066  5296397   39.85%
  35597 11849   173509.2877   222   125146.0000   175007.9505  5341605   39.84%
  35895 12108   173596.9819   224   125146.0000   174999.9769  5386907   39.84%
Elapsed time = 194.55 sec. (490107.90 ticks, tree = 14.02 MB, solutions = 20)
  36171 12345   174216.9250   177   125146.0000   174996.0376  5429994   39.83%
  36468 12583   168309.0792   291   125146.0000   174985.3571  5475609   39.82%
  36764 12831   157096.3454   126   125146.0000   174974.1594  5521391   39.82%
  37030 13047   173316.2464   340   125146.0000   174966.8181  5567661   39.81%
  37393 13366   158377.5648   160   125146.0000   174959.8800  5615251   39.80%
  37724 13653    infeasible         125146.0000   174954.7823  5662114   39.80%
  37968 13854   172984.7015   193   125146.0000   174945.8244  5707553   39.79%
  38240 14074   172276.5243   318   125146.0000   174938.0156  5752521   39.79%
  38487 14267   173211.4498   212   125146.0000   174929.5139  5796296   39.78%
  38854 14589   173627.7750   218   125146.0000   174921.0700  5843010   39.77%
Elapsed time = 209.73 sec. (528356.78 ticks, tree = 16.74 MB, solutions = 20)
  39148 14843   154672.0995   183   125146.0000   174916.5671  5890300   39.77%
  39394 15025   174691.8014   257   125146.0000   174904.7607  5937386   39.76%
  39702 15288   174223.1358   393   125146.0000   174895.5000  5984341   39.75%
  40016 15546   169240.5101   304   125146.0000   174885.5244  6031061   39.75%
  40334 15802   168729.3636   281   125146.0000   174876.2258  6075234   39.74%
  40596 16014   173912.5287   219   125146.0000   174870.7486  6120013   39.73%
  40849 16205   172212.3848   142   125146.0000   174858.2083  6165724   39.72%
  41111 16411   171623.5000   207   125146.0000   174851.3658  6211079   39.72%
  41412 16663   171189.4937   203   125146.0000   174843.8493  6257769   39.71%
  41813 17012   172909.8864   168   125146.0000   174838.7931  6301228   39.71%
Elapsed time = 225.24 sec. (566741.88 ticks, tree = 19.95 MB, solutions = 20)
  42077 17238   169892.9746   222   125146.0000   174833.6667  6347377   39.70%
  42421 17548   164057.6560   129   125146.0000   174832.0810  6391667   39.70%
  42703 17772   171883.8621   304   125146.0000   174822.6432  6435942   39.69%
  42981 17993   173875.3105   329   125146.0000   174815.9388  6483917   39.69%
  43343 18299   172854.2713   200   125146.0000   174809.4726  6529820   39.68%
  43646 18550   172984.2000   295   125146.0000   174804.8201  6577089   39.68%
  43850 18687   172851.1678   235   125146.0000   174800.0926  6624757   39.68%
  44097 18890   164225.7195   311   125146.0000   174795.6250  6672860   39.67%
  44317 19061   173955.9433   240   125146.0000   174791.9904  6716510   39.67%
  44613 19315   173836.7662   198   125146.0000   174785.5630  6762539   39.67%
Elapsed time = 240.74 sec. (605451.97 ticks, tree = 22.31 MB, solutions = 20)
  44798 19458   173060.0607   196   125146.0000   174778.4778  6806822   39.66%
  45000 19605   170903.8623   160   125146.0000   174774.3611  6850885   39.66%
  45250 19789   173888.2831   210   125146.0000   174768.0357  6898248   39.65%
  45511 20004   167406.2898   257   125146.0000   174765.0539  6942495   39.65%
  45828 20276   169512.1922   201   125146.0000   174761.1633  6988889   39.65%
  46105 20503   167514.1962   256   125146.0000   174756.8600  7034567   39.64%
  46391 20740   168251.5846   240   125146.0000   174749.0000  7081252   39.64%
  46712 21014   171652.7006   269   125146.0000   174745.0555  7128205   39.63%
  47008 21242   171585.3048   218   125146.0000   174737.2927  7173487   39.63%
  47281 21468   166861.5661   273   125146.0000   174733.0879  7219100   39.62%
Elapsed time = 257.20 sec. (643685.69 ticks, tree = 24.55 MB, solutions = 20)
  47546 21674   171108.4880   238   125146.0000   174728.0000  7261195   39.62%
  47849 21924   172085.5823   266   125146.0000   174722.9841  7304792   39.62%
  48230 22265   174239.5065   374   125146.0000   174716.2875  7346561   39.61%
  48499 22487   174020.7500   231   125146.0000   174712.8900  7392325   39.61%
  48799 22744   171907.2855   216   125146.0000   174709.4398  7436435   39.60%
  49040 22921   164078.9224   369   125146.0000   174705.9632  7481974   39.60%
  49300 23101   156700.2851   271   125146.0000   174695.9009  7528261   39.59%
  49625 23371   162221.0958   282   125146.0000   174686.8871  7573509   39.59%
  49829 23479   169536.6528   234   125146.0000   174679.5502  7621706   39.58%
  50101 23697   173656.3448   284   125146.0000   174676.2613  7669188   39.58%
Elapsed time = 273.00 sec. (681983.16 ticks, tree = 26.93 MB, solutions = 20)
  50438 23994   168238.7045   281   125146.0000   174673.8889  7715020   39.58%
  50771 24293   170323.1728   221   125146.0000   174670.0572  7759350   39.57%
  51110 24588   172078.0531   420   125146.0000   174666.7500  7800576   39.57%
  51375 24815   171006.3430   370   125146.0000   174663.4749  7843938   39.57%
  51620 25016   173820.2966   196   125146.0000   174660.5000  7888776   39.57%
  51872 25214   172394.2218   269   125146.0000   174654.1667  7934824   39.56%
  52105 25401   170183.3697   201   125146.0000   174648.4861  7982980   39.56%
  52454 25704   170100.3667   240   125146.0000   174642.1000  8030325   39.55%
  52781 25973   174108.4370   332   125146.0000   174637.2689  8075469   39.55%
  53159 26305    infeasible         125146.0000   174633.3325  8121126   39.54%
Elapsed time = 288.83 sec. (720285.77 ticks, tree = 29.73 MB, solutions = 20)
  53422 26515   174331.8065   152   125146.0000   174626.2598  8166394   39.54%
  53674 26730   174327.7627   304   125146.0000   174624.0202  8210395   39.54%
  53887 26906   170031.8327   397   125146.0000   174622.1381  8254960   39.53%
  54100 27075   172535.0161   182   125146.0000   174616.9769  8300559   39.53%
  54378 27329   168450.3070   257   125146.0000   174615.0542  8345335   39.53%
  54689 27592   173938.0000   275   125146.0000   174612.0947  8389402   39.53%
  54995 27865   171457.3060   248   125146.0000   174610.2605  8434714   39.53%
  55250 28066   171390.5833   213   125146.0000   174607.7193  8481991   39.52%
  55521 28281   172345.6858   185   125146.0000   174602.7020  8527814   39.52%
  55815 28513   165419.3204   165   125146.0000   174593.6827  8572665   39.51%
Elapsed time = 304.85 sec. (758592.64 ticks, tree = 32.00 MB, solutions = 20)
  56092 28749   170758.2748   163   125146.0000   174591.9534  8618436   39.51%
  56441 29058   169364.4788   188   125146.0000   174588.8667  8665448   39.51%
  56684 29257   171526.0142   413   125146.0000   174583.4957  8712507   39.50%
  56903 29432   169480.1579   215   125146.0000   174580.9747  8759970   39.50%
  57212 29678   172651.2984   236   125146.0000   174576.1000  8807013   39.50%
  57429 29839   171504.6667   207   125146.0000   174570.7037  8855280   39.49%
  57722 30093   172411.8616   274   125146.0000   174568.3333  8900987   39.49%
  57987 30312   171256.9824   227   125146.0000   174564.3247  8948549   39.49%
  58320 30602   165415.2155   147   125146.0000   174558.3889  8994433   39.48%
  58647 30870   173197.2000   193   125146.0000   174555.8378  9042098   39.48%
Elapsed time = 320.75 sec. (796944.32 ticks, tree = 34.51 MB, solutions = 20)
  58946 31113   164297.7125   230   125146.0000   174548.8000  9088967   39.48%
  59203 31313   172764.2238   218   125146.0000   174541.6250  9136197   39.47%
  59470 31531   152657.4746   333   125146.0000   174538.2500  9182524   39.47%
  59790 31777   172176.5833   235   125146.0000   174535.1069  9229959   39.47%
  60047 31964   174403.3994   326   125146.0000   174527.4042  9276624   39.46%
  60350 32228   172967.8226   235   125146.0000   174525.0919  9320489   39.46%
  60646 32479   167660.7803   166   125146.0000   174522.1807  9366036   39.45%
  60887 32658   174359.7274   239   125146.0000   174517.0000  9413989   39.45%
  61169 32895   173450.9571   360   125146.0000   174511.0818  9458021   39.45%
  61436 33116   171819.7906   367   125146.0000   174507.5000  9503532   39.44%
Elapsed time = 336.50 sec. (835290.45 ticks, tree = 38.34 MB, solutions = 20)
  61686 33324   172126.7500   180   125146.0000   174503.7311  9547040   39.44%
  61930 33520   163604.3477   216   125146.0000   174500.6739  9594074   39.44%
  62187 33735   157220.1666   193   125146.0000   174498.0600  9639714   39.44%
  62416 33915   163724.8760   182   125146.0000   174495.5647  9685380   39.43%
  62683 34121   171161.1036   215   125146.0000   174493.3274  9733176   39.43%
  62951 34318   172791.1015   316   125146.0000   174488.0359  9781758   39.43%
  63222 34551   157240.8334   221   125146.0000   174485.5167  9827698   39.43%
  63534 34797   171425.8501   182   125146.0000   174480.7500  9874561   39.42%
  63817 35030   171883.3387   210   125146.0000   174477.9958  9920771   39.42%
  64139 35306   170048.6111   188   125146.0000   174474.2000  9965218   39.42%
Elapsed time = 352.10 sec. (873545.03 ticks, tree = 40.73 MB, solutions = 20)
  64437 35560   173150.2876   307   125146.0000   174472.1528 10011510   39.41%
  64769 35848   164760.6087   278   125146.0000   174470.3393 10056717   39.41%
  64999 36020   172524.6538   259   125146.0000   174467.0833 10100388   39.41%
  65300 36278   172438.5290   251   125146.0000   174463.2500 10141802   39.41%
  65611 36551   165485.1880   307   125146.0000   174460.9644 10186301   39.41%
  65933 36825    infeasible         125146.0000   174457.5219 10230189   39.40%
  66241 37079   173064.3459   407   125146.0000   174451.2772 10274340   39.40%
  66566 37355   173058.7679   229   125146.0000   174449.9636 10317294   39.40%
  66883 37617   171682.3145   152   125146.0000   174446.4368 10362953   39.39%
  67146 37818   171347.5967   166   125146.0000   174437.3003 10407966   39.39%
Elapsed time = 367.52 sec. (911847.82 ticks, tree = 43.44 MB, solutions = 20)
  67350 37966   171778.1250   253   125146.0000   174434.5104 10454370   39.38%
  67726 38293   173856.4537   428   125146.0000   174431.6715 10498202   39.38%
  68005 38509   170639.5000   227   125146.0000   174427.8849 10543825   39.38%
  68256 38700   173238.5914   282   125146.0000   174423.1471 10590217   39.38%
  68569 38963   170652.6310   235   125146.0000   174419.5483 10634244   39.37%
  68815 39144   172825.6667   194   125146.0000   174415.6964 10680971   39.37%
  69127 39392    infeasible         125146.0000   174410.4548 10728944   39.37%
  69450 39678   165898.4098   220   125146.0000   174407.3947 10774070   39.36%
  69705 39883   173886.4902   334   125146.0000   174404.5425 10820505   39.36%
  69956 40076   174114.8764   329   125146.0000   174401.6385 10868640   39.36%
Elapsed time = 382.87 sec. (950140.42 ticks, tree = 45.87 MB, solutions = 20)
  70232 40280    infeasible         125146.0000   174399.8078 10916195   39.36%
  70550 40570   165213.3847   238   125146.0000   174398.2500 10959440   39.36%
  70833 40809   170026.4599   138   125146.0000   174395.5312 11005827   39.35%
  71089 41006   173064.0000   309   125146.0000   174390.3481 11049266   39.35%
  71391 41270   170400.6591   256   125146.0000   174386.3126 11094162   39.35%
  71668 41489   168471.2156   256   125146.0000   174384.4503 11141078   39.34%
  71923 41686   172089.9205   263   125146.0000   174381.9688 11186224   39.34%
  72176 41892   170337.6534   292   125146.0000   174379.8421 11232468   39.34%
  72421 42085   173899.1082   430   125146.0000   174375.4435 11277480   39.34%
  72705 42313   169688.3886   243   125146.0000   174370.8056 11323107   39.33%
Elapsed time = 397.86 sec. (988363.04 ticks, tree = 48.76 MB, solutions = 20)
  72974 42524   171191.7765   225   125146.0000   174367.3635 11368319   39.33%
  73258 42766   164654.2603   203   125146.0000   174364.5142 11415423   39.33%
  73586 43052   171485.7207   308   125146.0000   174361.9198 11460747   39.33%
  73916 43340   170031.3142   341   125146.0000   174359.7692 11505003   39.33%
  74186 43560   173709.4744   350   125146.0000   174356.9875 11549353   39.32%
  74459 43777   171373.9947   307   125146.0000   174354.1875 11594120   39.32%
  74735 44004   173284.5211   283   125146.0000   174350.3125 11639725   39.32%
  75015 44211    infeasible         125146.0000   174342.6667 11677933   39.31%
  75335 44472   172671.7121   177   125146.0000   174339.7879 11723098   39.31%
  75627 44712   170281.5395   207   125146.0000   174335.8269 11767496   39.31%
Elapsed time = 413.02 sec. (1026635.73 ticks, tree = 53.99 MB, solutions = 20)
  75909 44944   172507.7500   246   125146.0000   174332.5099 11810681   39.30%
  76248 45229   167055.0566   176   125146.0000   174328.1667 11854678   39.30%
  76525 45462   171729.3979   477   125146.0000   174325.3213 11900646   39.30%
  76746 45645    infeasible         125146.0000   174323.6524 11946812   39.30%
  77093 45955   171784.8314   270   125146.0000   174320.6548 11988949   39.29%
  77356 46160   157565.3329   148   125146.0000   174318.8416 12034175   39.29%
  77640 46390   173804.2513   276   125146.0000   174316.8360 12079907   39.29%
  77909 46609   173899.3333   141   125146.0000   174315.0968 12124275   39.29%
  78152 46786    infeasible         125146.0000   174313.6392 12167370   39.29%
  78381 46977   160220.7190   216   125146.0000   174308.9843 12211753   39.28%
Elapsed time = 428.07 sec. (1064852.52 ticks, tree = 56.42 MB, solutions = 20)
  78585 47135   170794.6813   353   125146.0000   174306.1346 12254615   39.28%
  78825 47325   162418.6327   220   125146.0000   174304.7219 12298721   39.28%
  79101 47537   173561.8686   364   125146.0000   174301.2780 12345048   39.28%
  79357 47741   173210.2954   274   125146.0000   174299.2535 12385514   39.28%
  79628 47966   164809.2146   265   125146.0000   174296.4960 12428601   39.27%
  79926 48216   171695.0000   285   125146.0000   174294.8354 12473291   39.27%
  80162 48406   173409.3000   268   125146.0000   174291.8000 12516685   39.27%
  80407 48605   169505.4599   266   125146.0000   174290.4706 12561142   39.27%
  80666 48814   171143.1989   309   125146.0000   174288.3333 12604513   39.27%
  80965 49063   171909.8241   225   125146.0000   174286.3638 12648486   39.27%
Elapsed time = 443.87 sec. (1103183.17 ticks, tree = 58.73 MB, solutions = 20)
  81213 49265   173272.8148   203   125146.0000   174285.3000 12692571   39.27%
  81564 49578   173349.3158   193   125146.0000   174283.6673 12734382   39.26%
  81836 49806   171520.2414   466   125146.0000   174281.8411 12777712   39.26%
  82117 50045   170042.6603   283   125146.0000   174279.2254 12823697   39.26%
  82375 50242   172045.8188   214   125146.0000   174276.6521 12868687   39.26%
  82640 50467   170765.6333   270   125146.0000   174275.3645 12913097   39.26%
  82890 50671   172187.3086   186   125146.0000   174273.8546 12959558   39.26%
  83115 50846   169850.7296   272   125146.0000   174271.9808 13007037   39.25%
  83423 51120    infeasible         125146.0000   174270.7692 13048827   39.25%
  83699 51342    infeasible         125146.0000   174267.6250 13074873   39.25%
Elapsed time = 459.23 sec. (1141464.78 ticks, tree = 68.54 MB, solutions = 20)
  83951 51556   161903.2354   226   125146.0000   174265.7060 13100925   39.25%
  84294 51836   171230.2321   433   125146.0000   174261.4586 13125827   39.25%
  84528 52004    infeasible         125146.0000   174259.9296 13153219   39.25%
  84919 52346   170211.4558   392   125146.0000   174256.1598 13178571   39.24%
  85222 52618   172826.5223   325   125146.0000   174255.1591 13202915   39.24%
  85544 52897   171760.9130   244   125146.0000   174253.2684 13228300   39.24%
  85876 53157   173020.8863   236   125146.0000   174250.3724 13254001   39.24%
  86300 53546   135756.0526   214   125146.0000   174248.8681 13279036   39.24%
  86611 53811   173483.6171   288   125146.0000   174247.1313 13304746   39.24%
  86890 54039   173747.3529   231   125146.0000   174243.9220 13330515   39.23%
Elapsed time = 474.88 sec. (1179726.75 ticks, tree = 130.67 MB, solutions = 20)
  87157 54257   172106.1000   334   125146.0000   174242.6667 13356733   39.23%
  87458 54510   171746.0979   304   125146.0000   174239.3952 13382778   39.23%
  87714 54700   173522.9268   292   125146.0000   174235.4673 13408340   39.23%
  88038 54980   172255.3565   240   125146.0000   174232.9859 13433755   39.22%
  88378 55273   167967.6427   160   125146.0000   174229.9722 13458289   39.22%
  88564 55373   171927.0268   365   125146.0000   174225.8827 13487251   39.22%
  88806 55546   173344.3224   275   125146.0000   174222.8000 13514802   39.22%
  89203 55883   172265.2421   195   125146.0000   174220.4417 13539234   39.21%
  89436 56058   171594.1886   296   125146.0000   174218.2411 13567922   39.21%
  89672 56246   172146.7500   271   125146.0000   174215.5000 13595229   39.21%
Elapsed time = 490.94 sec. (1218185.48 ticks, tree = 174.00 MB, solutions = 20)
  89909 56433   173032.0507   320   125146.0000   174211.0729 13622200   39.21%
  90183 56639   173297.8596   294   125146.0000   174208.8142 13648695   39.20%
  90458 56864    infeasible         125146.0000   174207.5667 13674955   39.20%
  90736 57077   173162.3077   176   125146.0000   174206.2500 13701070   39.20%
  91048 57339   173180.8584   402   125146.0000   174204.9286 13727399   39.20%
  91289 57558   156950.7652   262   125146.0000   174203.7500 13752946   39.20%
  91672 57881    infeasible         125146.0000   174201.5000 13778291   39.20%
  91948 58123   168454.2926   183   125146.0000   174200.3250 13802108   39.20%
  92193 58314   170725.9627   281   125146.0000   174198.1667 13827826   39.20%
  92538 58595   139016.8706   135   125146.0000   174194.3670 13852778   39.19%
Elapsed time = 506.72 sec. (1256433.36 ticks, tree = 224.46 MB, solutions = 20)
  92787 58784    infeasible         125146.0000   174191.9703 13879001   39.19%
  93065 59000   153513.4661   186   125146.0000   174189.3300 13904197   39.19%
  93364 59250   173351.8748   382   125146.0000   174186.9618 13928785   39.19%
  93640 59478   165926.2680   298   125146.0000   174185.0658 13954144   39.19%
  93893 59683   172427.7500   198   125146.0000   174183.1861 13978504   39.18%
  94178 59894   167079.7304   237   125146.0000   174177.9267 14002814   39.18%
  94487 60154   170348.9545   133   125146.0000   174176.5359 14026942   39.18%
  94802 60409   169185.0691   270   125146.0000   174174.3598 14052580   39.18%
  95149 60716   166365.6372   320   125146.0000   174173.2709 14076662   39.18%
  95445 60954   172991.1749   517   125146.0000   174170.8035 14102130   39.17%
Elapsed time = 522.16 sec. (1294712.72 ticks, tree = 269.11 MB, solutions = 20)
  95791 61268    infeasible         125146.0000   174169.8879 14125601   39.17%
  96187 61623   171013.6093   206   125146.0000   174167.9340 14149226   39.17%
  96439 61823   172213.7500   286   125146.0000   174165.0497 14175456   39.17%
  96720 62059   173563.4044   272   125146.0000   174163.1568 14201389   39.17%
  97034 62315   170692.0000   185   125146.0000   174161.3000 14226963   39.17%
  97249 62470   167904.1778   199   125146.0000   174159.2738 14252138   39.16%
  97529 62670   173080.6426   321   125146.0000   174157.0644 14277517   39.16%
  97839 62922    infeasible         125146.0000   174154.8038 14302475   39.16%
  98100 63119   173708.7721   190   125146.0000   174151.4574 14328269   39.16%
  98285 63230   173343.0000   293   125146.0000   174149.2625 14354891   39.16%
Elapsed time = 537.45 sec. (1333039.47 ticks, tree = 310.09 MB, solutions = 20)
  98534 63415   170627.9692   457   125146.0000   174148.0326 14379347   39.16%
  98892 63728   164702.2000   188   125146.0000   174146.5861 14404536   39.15%
  99136 63915   169924.5000   193   125146.0000   174144.1250 14431466   39.15%
  99485 64208   164512.8582   270   125146.0000   174140.9838 14456054   39.15%
  99911 64580   173641.9692   327   125146.0000   174138.1815 14479165   39.15%
 100168 64765   170822.5934   257   125146.0000   174135.1433 14505459   39.15%
 100486 65029   171976.4111   348   125146.0000   174132.6873 14531186   39.14%
 100882 65372   169838.3987   141   125146.0000   174131.6053 14555384   39.14%
 101164 65600   171477.7778   215   125146.0000   174128.9706 14581018   39.14%
 101480 65865   167856.4865   125   125146.0000   174126.8000 14605382   39.14%
Elapsed time = 552.44 sec. (1371307.47 ticks, tree = 375.69 MB, solutions = 20)
 101802 66141   170746.3216   276   125146.0000   174123.9186 14629850   39.14%
 102004 66289    infeasible         125146.0000   174122.9435 14656660   39.14%
 102356 66605   170794.9906   456   125146.0000   174121.9636 14679500   39.14%
 102685 66899   171976.0000   256   125146.0000   174120.4215 14702795   39.13%
 102883 67047   163565.4926   272   125146.0000   174119.2167 14726911   39.13%
 103169 67274   173303.8333   241   125146.0000   174117.1953 14750995   39.13%
 103451 67517   167028.1806   323   125146.0000   174114.9002 14774431   39.13%
 103726 67731   173918.4222   234   125146.0000   174113.4078 14800248   39.13%
 104086 68041    infeasible         125146.0000   174111.4066 14824445   39.13%
 104429 68332   169775.6488   341   125146.0000   174109.5159 14848887   39.13%
Elapsed time = 567.64 sec. (1409563.57 ticks, tree = 433.14 MB, solutions = 20)
 104710 68560   172203.5000   270   125146.0000   174107.5000 14871492   39.12%
 105017 68819   169922.6859   263   125146.0000   174106.0433 14893824   39.12%
 105367 69127   172566.0278   446   125146.0000   174105.0374 14916914   39.12%
 105687 69415   172217.2674   364   125146.0000   174104.2371 14938853   39.12%
 105972 69653   154847.9310   194   125146.0000   174102.8478 14962665   39.12%
 106252 69891   171853.0000   244   125146.0000   174102.3333 14986499   39.12%
 106612 70204    infeasible         125146.0000   174100.9542 15009153   39.12%
 106906 70460    infeasible         125146.0000   174099.8053 15031573   39.12%
 107183 70707   173190.3402   497   125146.0000   174099.1667 15055231   39.12%
 107465 70947   171592.3905   225   125146.0000   174097.8628 15077598   39.12%
Elapsed time = 582.78 sec. (1447843.73 ticks, tree = 491.57 MB, solutions = 20)
 107731 71148    infeasible         125146.0000   174096.2500 15102660   39.11%
 107896 71257   173591.0996   276   125146.0000   174094.0439 15127513   39.11%
 108167 71472   173046.5698   303   125146.0000   174092.6377 15152849   39.11%
 108433 71694   167390.5000   277   125146.0000   174092.0335 15177087   39.11%
 108726 71947   170176.7611   309   125146.0000   174091.0135 15203149   39.11%
 109003 72178   171470.0960   359   125146.0000   174089.3423 15229156   39.11%
 109322 72449    infeasible         125146.0000   174088.2881 15253744   39.11%
 109562 72656   173839.5000   246   125146.0000   174086.2500 15278252   39.11%
 109842 72894   173653.2500   272   125146.0000   174085.3110 15301481   39.11%
 110086 73115   163824.6282   182   125146.0000   174084.2207 15325400   39.10%
Elapsed time = 598.13 sec. (1486173.59 ticks, tree = 547.53 MB, solutions = 20)
 110346 73340   171422.6000   302   125146.0000   174083.2582 15348878   39.10%
 110614 73554   169952.1586   291   125146.0000   174082.2000 15373697   39.10%
 110912 73805   171265.9077   328   125146.0000   174080.3163 15397282   39.10%
 111125 73976   166781.1657   384   125146.0000   174079.2113 15421684   39.10%
 111366 74163   167355.0872   234   125146.0000   174077.5893 15445332   39.10%
 111737 74484   172885.6887   307   125146.0000   174075.4968 15469071   39.10%
 112038 74745   173519.4286   184   125146.0000   174073.5833 15492237   39.10%
 112232 74875    infeasible         125146.0000   174072.2500 15516270   39.10%
 112520 75113   171618.9589   283   125146.0000   174070.3029 15540039   39.09%
 112764 75312   169704.1813   215   125146.0000   174069.4643 15564506   39.09%
Elapsed time = 613.64 sec. (1524510.09 ticks, tree = 606.35 MB, solutions = 20)
 112943 75434   173656.0000   151   125146.0000   174068.0000 15588737   39.09%
 113195 75631   173754.3333   257   125146.0000   174066.8851 15614078   39.09%
 113472 75869   168113.9394   312   125146.0000   174066.4167 15637777   39.09%
 113704 76047   172832.1349   353   125146.0000   174064.7993 15661774   39.09%
 113998 76282   155190.7786   228   125146.0000   174062.8485 15685861   39.09%
 114332 76562   170604.6721   331   125146.0000   174060.2820 15709466   39.09%
 114654 76838   173729.5000   257   125146.0000   174059.1223 15732843   39.08%
 114925 77068   170732.7296   278   125146.0000   174057.9920 15757198   39.08%
 115268 77365    infeasible         125146.0000   174055.6250 15782188   39.08%
 115569 77621   171684.4091   254   125146.0000   174054.5777 15806371   39.08%
Elapsed time = 629.25 sec. (1562817.20 ticks, tree = 665.26 MB, solutions = 20)
 115775 77773   171310.1968   240   125146.0000   174053.1032 15832071   39.08%
 116011 77965    infeasible         125146.0000   174050.7672 15856319   39.08%
 116278 78186   162296.0002   270   125146.0000   174050.0327 15879431   39.08%
 116528 78375   165311.7220   256   125146.0000   174048.7639 15902894   39.08%
 116820 78627   159033.9337   225   125146.0000   174048.0000 15928070   39.08%
 117102 78859   170258.6846   280   125146.0000   174047.1987 15953389   39.08%
 117382 79091   169907.4171   275   125146.0000   174045.7530 15978025   39.07%
 117678 79347   166447.9487   406   125146.0000   174044.4045 16002473   39.07%
 117947 79575   167108.1039   118   125146.0000   174043.1760 16027180   39.07%
*118086+79692                       129438.0000   174043.1111            34.46%
 118246 79814   172536.5084   356   129438.0000   174041.4916 16051339   34.46%
Elapsed time = 644.82 sec. (1601185.65 ticks, tree = 725.18 MB, solutions = 21)
 118585 80103    infeasible         129438.0000   174040.0554 16074496   34.46%
 118886 80372   173821.0095   216   129438.0000   174039.4296 16092642   34.46%
*118986+80388                       133011.0000   174039.2673            30.85%
*118986+80358                       135568.0000   174039.2673            28.38%
 119123 80471    infeasible         135568.0000   174038.8056 16116619   28.38%
 119353 80659   173293.2667   192   135568.0000   174038.0000 16134434   28.38%
 119437 80723   166024.1715   339   135568.0000   174037.7645 16147262   28.38%
 119637 80887    infeasible         135568.0000   174037.2914 16161601   28.38%
 119786 81010   151894.9636   203   135568.0000   174036.7779 16177647   28.38%
 119986 81166   171359.0000   161   135568.0000   174035.1439 16202076   28.37%
 120122 81291   169973.2695   222   135568.0000   174034.8833 16212922   28.37%
 120286 81417   171097.5000   194   135568.0000   174033.8705 16230268   28.37%
Elapsed time = 662.46 sec. (1644015.58 ticks, tree = 772.11 MB, solutions = 23)
 120446 81547   173525.1688   352   135568.0000   174033.2143 16247873   28.37%
 120665 81724   166187.8507   365   135568.0000   174032.3750 16270040   28.37%
 120831 81860   172193.4333   306   135568.0000   174031.4079 16284627   28.37%
 120918 81929   173815.7695   300   135568.0000   174030.9316 16297218   28.37%
*120986+81976                       135636.0000   174030.3467            28.31%
*120986+81971                       136156.0000   174030.3467            27.82%
 121071 82030   173395.6389   259   136156.0000   174029.3613 16317321   27.82%
*121186+82133                       136823.0000   174029.2222            27.19%
*121286+82219                       136852.0000   174028.7896            27.17%
 121286 82221   165748.6928   268   136852.0000   174028.7896 16331131   27.17%
*121486+82377                       136959.0000   174028.1667            27.07%
 121549 82430   172210.9700   362   136959.0000   174027.8342 16353717   27.07%
 121686 82555   168972.3077   461   136959.0000   174027.7053 16362824   27.07%
 121973 82814   171807.0909   354   136959.0000   174027.4478 16382107   27.07%
 122125 82950   168851.4643   301   136959.0000   174027.2854 16397394   27.07%
Elapsed time = 678.87 sec. (1683821.11 ticks, tree = 804.82 MB, solutions = 28)
 122331 83130   168801.4583   188   136959.0000   174026.9660 16418673   27.07%
 122486 83267   161963.4167   300   136959.0000   174026.2447 16429934   27.06%
*122586+83354                       137045.0000   174026.0417            26.98%
*122586+83354                       137113.0000   174026.0417            26.92%
 122723 83479   169790.8853   399   137113.0000   174025.7273 16445483   26.92%
 122827 83571   172985.1390   217   137113.0000   174025.3333 16456160   26.92%
 123035 83736   169691.8591   312   137113.0000   174024.6389 16474546   26.92%
 123286 83942   166411.7625   276   137113.0000   174023.9328 16496097   26.92%
 123411 84048   171249.1272   303   137113.0000   174023.2076 16511386   26.92%
 123586 84191   169870.3750   198   137113.0000   174022.8027 16524564   26.92%
 123792 84376   168818.3158   346   137113.0000   174022.3462 16542152   26.92%
 123914 84466   168116.4405   343   137113.0000   174021.5394 16554646   26.92%
Elapsed time = 695.76 sec. (1724703.27 ticks, tree = 844.91 MB, solutions = 30)
 124186 84710   167761.7282   235   137113.0000   174021.2775 16571748   26.92%
 124383 84864   172018.4929   315   137113.0000   174020.1579 16587471   26.92%
 124559 85019   173886.7503   200   137113.0000   174019.6848 16603818   26.92%
 124686 85118   171605.3969   435   137113.0000   174019.3232 16618101   26.92%
 124786 85200   171907.2316   256   137113.0000   174018.8269 16626226   26.92%
 124986 85370   170428.9000   288   137113.0000   174018.3750 16641943   26.92%
 125186 85554   165498.0917   259   137113.0000   174018.1819 16656875   26.92%
Advanced basis not built.

GUB cover cuts applied:  21
Clique cuts applied:  8
Cover cuts applied:  251
Implied bound cuts applied:  62
Flow cuts applied:  39
Mixed integer rounding cuts applied:  1364
Zero-half cuts applied:  143
Lift and project cuts applied:  14
Gomory fractional cuts applied:  12

Root node processing (before b&c):
  Real time             =    0.41 sec. (902.61 ticks)
Sequential b&c:
  Real time             =  710.59 sec. (1761336.35 ticks)
                          ------------
Total (root+branch&cut) =  711.00 sec. (1762238.96 ticks)
[CPLEX] Status: time limit exceeded
[CPLEX] OPTIMAL OBJ: 137113.0
[CPLEX] Runtime: 711.006 sec
Vehicle 0: d → 16 → 30 → 20 → 12 → 0 → 15 → 29 → 25 → 13 → 26 → 19 → 4 → 24 → 9 → 14 → 21 → 8 → 7 → 10 → 27 → d, (requests = [5, 6, 7, 11, 12, 16, 23])
Vehicle 1: d → 2 → 22 → 27 → 3 → 7 → 8 → 21 → 14 → 28 → 9 → 24 → 4 → 19 → 23 → 25 → 29 → 15 → 11 → 0 → 12 → 20 → 18 → d, (requests = [0, 2, 3, 4, 8, 10, 13, 17, 18, 19, 25])
Vehicle 2: d → 4 → 19 → 23 → 25 → 15 → 11 → d, (requests = [14, 15])
Vehicle 3: d → 23 → 19 → 4 → 28 → 14 → 21 → 17 → 27 → 22 → 1 → d, (requests = [22, 26])
Vehicle 4: d → 5 → 1 → 22 → 27 → 3 → 10 → 7 → 17 → 21 → d, (requests = [1, 21, 24])
======== PPDSP OBJECTIVE ========
Profit    = 172303
Cost      = 35190
Objective = 137113
=================================
===== RAW XY MODEL =====
16 153 235 264 303 348 385 443 470 510 543 613 653 681 778 814 852 896 954 981 1009 1037 1111 1128 1172 1257 1302 1337 1377 1429 1501 1516 1632 1656 1683 1711 1756 1786 1797 1854 1892 1930 1968 2019 2340 2576 2684 2824 2954 3008 3189 3379 3472 3785 3887 3928 4005 4021 4071 4202 4226 4331 4394 4446 4501 4581 4667 4905 5043 5071 5207 5337 2050 5367 2054 2056 2058 2059 2061 2063 2066 3230 3232 3235 3239 3243 3246 3247 3251 5401 5406 5419 5423 5425 5434 5436 5443
  [Time Manager] Step 3 consumed 711.01s. Total Consumed: 1464.94s.
  [Info] Saved 5444 core assumption literals to p1_A-n32-k5_r27v5k3.lp.asm

[4/6] Building & Solving: R=36, V=6, K=3
Default row names c1, c2 ... being created.
  [Info] Generating MIP Formulation...
  [Time Manager] Global Remaining Budget: 2135.06s | Future Weight Sum: 3.0
  [Time Manager] Recalibrated Budget for this step: 711.69s
[CPLEX] Setting time limit to 711 seconds
[CPLEX] Reading assumption from p1_A-n32-k5_r27v5k3.lp.asm ...
[CPLEX] Applying MIP Start with 5255 variables.
Version identifier: 22.1.1.0 | 2022-11-28 | 9160aff4d
CPXPARAM_Read_DataCheck                          1
CPXPARAM_Threads                                 1
CPXPARAM_TimeLimit                               711
1 of 1 MIP starts provided solutions.
MIP start 'm1' defined initial solution with objective 147764.0000.
Tried aggregator 1 time.
MIP Presolve eliminated 30 rows and 5118 columns.
MIP Presolve modified 3408 coefficients.
Reduced MIP has 3390 rows, 1620 columns, and 16584 nonzeros.
Reduced MIP has 1248 binaries, 372 generals, 0 SOSs, and 0 indicators.
Presolve time = 0.00 sec. (10.27 ticks)
Probing time = 0.00 sec. (2.74 ticks)
Tried aggregator 1 time.
Detecting symmetries...
Reduced MIP has 3390 rows, 1620 columns, and 16584 nonzeros.
Reduced MIP has 1248 binaries, 372 generals, 0 SOSs, and 0 indicators.
Presolve time = 0.01 sec. (10.72 ticks)
Probing time = 0.00 sec. (2.72 ticks)
Clique table members: 696.
MIP emphasis: balance optimality and feasibility.
MIP search method: dynamic search.
Parallel mode: none, using 1 thread.
Root relaxation solution time = 0.01 sec. (19.34 ticks)

        Nodes                                         Cuts/
   Node  Left     Objective  IInf  Best Integer    Best Bound    ItCnt     Gap

*     0+    0                       147764.0000  1512510.0000           923.60%
      0     0   245597.0000   141   147764.0000   245597.0000      659   66.21%
      0     0   245597.0000   197   147764.0000     Cuts: 214      737   66.21%
      0     0   245597.0000   198   147764.0000      Cuts: 48      740   66.21%
*     0+    0                       147846.0000   245597.0000            66.12%
      0     0        cutoff         147846.0000   245597.0000      740   66.12%
      0     2   245597.0000   198   147846.0000   245597.0000      740   66.12%
Elapsed time = 0.29 sec. (683.59 ticks, tree = 0.01 MB, solutions = 2)
      7     9   244115.6909   220   147846.0000   245430.5670     3175   66.00%
     20    22   243283.1371   262   147846.0000   245430.5670     5199   66.00%
     41    43   241680.3602   172   147846.0000   245430.5670     7570   66.00%
     97    83   244709.5081   213   147846.0000   245430.4910    10583   66.00%
    110    96   243396.5868    94   147846.0000   245430.4910    13367   66.00%
    126   106   244777.1656   231   147846.0000   245315.0286    16033   65.93%
    140   120   244113.2693   115   147846.0000   245315.0286    17576   65.93%
    175   149   243860.1628   214   147846.0000   245282.9495    20649   65.90%
    219   189   243318.0420   175   147846.0000   245121.8917    23548   65.80%
    337   288   243287.6978   195   147846.0000   245081.6062    35278   65.77%
Elapsed time = 1.67 sec. (4018.83 ticks, tree = 0.70 MB, solutions = 2)
    520   425   244205.9215   109   147846.0000   245016.3795    47338   65.72%
    658   527    infeasible         147846.0000   244999.8314    58553   65.71%
    793   643   243456.7788   243   147846.0000   244952.5915    70356   65.68%
    923   756   242614.4848   229   147846.0000   244918.8996    82671   65.66%

Performing restart 1

Repeating presolve.
Tried aggregator 1 time.
MIP Presolve modified 150 coefficients.
Reduced MIP has 3390 rows, 1620 columns, and 16584 nonzeros.
Reduced MIP has 1248 binaries, 372 generals, 0 SOSs, and 0 indicators.
Presolve time = 0.00 sec. (9.79 ticks)
Tried aggregator 1 time.
Reduced MIP has 3390 rows, 1620 columns, and 16584 nonzeros.
Reduced MIP has 1248 binaries, 372 generals, 0 SOSs, and 0 indicators.
Presolve time = 0.01 sec. (11.15 ticks)
Represolve time = 0.02 sec. (29.63 ticks)
   1008     0   245597.0000   202   147846.0000     Cuts: 102    89027   65.65%
   1008     0   245371.1667   209   147846.0000      Cuts: 72    89344   65.65%
   1008     0   245125.0018   178   147846.0000     Cuts: 217    89469   65.65%
   1008     0   244877.0000   196   147846.0000     Cuts: 161    89561   65.63%
   1008     0   244877.0000   197   147846.0000      Cuts: 87    89565   65.63%
   1008     0   244877.0000   198   147846.0000     Cuts: 103    89568   65.63%
   1008     0   244877.0000   200   147846.0000      Cuts: 87    89586   65.63%
   1008     0   244877.0000   209   147846.0000      Cuts: 97    89597   65.63%
   1008     2   244877.0000   209   147846.0000   244877.0000    89597   65.63%
   1009     3   244663.0789   242   147846.0000   244662.6175    90377   65.48%
   1012     6   244566.0000   198   147846.0000   244654.9779    90872   65.48%
   1015     9   244145.7126   174   147846.0000   244654.9779    91402   65.48%
   1018    12   243380.2083   324   147846.0000   244654.9779    93397   65.48%
   1020    14   242139.6857   324   147846.0000   244654.9779    94998   65.48%
Elapsed time = 6.43 sec. (16670.30 ticks, tree = 0.14 MB, solutions = 2)
   1024    18   241899.0660   331   147846.0000   244654.9779    96824   65.48%
   1029    23   243032.2066   113   147846.0000   244654.9779    97191   65.48%
   1037    30   242343.7889   215   147846.0000   244654.9779    97761   65.48%
   1048    40   239775.7785    84   147846.0000   244654.9779    98779   65.48%
   1067    52   243414.1243   309   147846.0000   244610.7279   100024   65.45%
   1072    57   242549.8611   269   147846.0000   244610.7279   101704   65.45%
   1077    62   242346.5122   208   147846.0000   244610.7279   103749   65.45%
   1105    88   238742.1905   191   147846.0000   244610.7279   105576   65.45%
   1129   103   242429.6715   343   147846.0000   244566.0000   107889   65.42%
   1153   124    infeasible         147846.0000   244566.0000   109717   65.42%
Elapsed time = 10.28 sec. (27127.23 ticks, tree = 2.59 MB, solutions = 2)
   1157   125   242640.6294   281   147846.0000   244566.0000   111709   65.42%
   1163   131   242487.2386   208   147846.0000   244566.0000   112282   65.42%
   1178   144   240668.7366   214   147846.0000   244566.0000   114943   65.42%
   1215   172   243845.3654   532   147846.0000   244363.7261   117639   65.28%
   1227   184   240554.0020   504   147846.0000   244363.7261   120207   65.28%
   1261   211   242759.5686   357   147846.0000   244358.2150   123203   65.28%
   1276   226   242224.0027   346   147846.0000   244358.2150   126931   65.28%
   1302   248   242260.9964   280   147846.0000   244358.1652   131980   65.28%
   1333   273   242460.4017   266   147846.0000   244310.4010   136202   65.25%
   1388   314   243988.3758   216   147846.0000   244298.5000   142315   65.24%
Elapsed time = 14.21 sec. (37805.29 ticks, tree = 6.93 MB, solutions = 2)
   1420   336    infeasible         147846.0000   244279.0000   149322   65.23%
   1461   368   243931.5131   158   147846.0000   244190.2339   153698   65.17%
   1484   387   241034.4366   313   147846.0000   244186.7945   157735   65.16%
   1520   417   242747.5127   240   147846.0000   244154.0000   161126   65.14%
   1557   450   243848.5911   257   147846.0000   244145.9375   163497   65.14%
   1587   480   240690.2654   214   147846.0000   244145.9375   166528   65.14%
   1626   511   233420.2526   212   147846.0000   244145.9375   168736   65.14%
   1649   530   237292.6797   445   147846.0000   244112.0321   173610   65.11%
   1714   583   243868.4658   246   147846.0000   244077.1443   179607   65.09%
   1748   617   238084.6644   282   147846.0000   244077.1443   184376   65.09%
Elapsed time = 17.67 sec. (47568.06 ticks, tree = 15.86 MB, solutions = 2)
   1799   664   240929.2518   203   147846.0000   244075.3115   188607   65.09%
   1844   700   241430.2500   176   147846.0000   244058.0000   193952   65.08%
   1889   741   242385.1219   222   147846.0000   244043.0247   198812   65.07%
   1916   767   230403.2659   287   147846.0000   244043.0247   201882   65.07%
   2025   867   243140.8125   368   147846.0000   244019.0699   206630   65.05%
   2106   933   239435.8997   332   147846.0000   244009.0842   212865   65.04%
   2186  1006   242524.0167   138   147846.0000   244008.1339   218782   65.04%
*  2208+ 1018                       147986.0000   244005.4920            64.88%
   2244  1052   240765.5860   241   147986.0000   244004.6971   224288   64.88%
   2304  1102   237068.6888   270   147986.0000   244002.1652   230529   64.88%
   2355  1146   242758.0202   261   147986.0000   243995.8608   236730   64.88%
Elapsed time = 21.23 sec. (57316.67 ticks, tree = 30.15 MB, solutions = 3)
   2404  1183    infeasible         147986.0000   243990.5331   243043   64.87%
   2427  1192    infeasible         147986.0000   243988.9116   249107   64.87%
   2465  1218    infeasible         147986.0000   243973.5211   255834   64.86%
   2492  1233   243066.3423   229   147986.0000   243939.4789   262301   64.84%
   2563  1300   243093.6667   165   147986.0000   243931.4914   267649   64.83%
   2608  1339   241694.3350   258   147986.0000   243897.4363   273403   64.81%
   2681  1401   232364.4412   191   147986.0000   243877.2466   278660   64.80%
   2734  1438   240533.6212   182   147986.0000   243866.4112   285112   64.79%
   2802  1495   235578.0012   263   147986.0000   243862.6508   292376   64.79%
   2833  1514   243499.0567   237   147986.0000   243845.1855   298268   64.78%
Elapsed time = 24.78 sec. (67092.13 ticks, tree = 41.40 MB, solutions = 3)
   2865  1542   243555.9712   222   147986.0000   243836.5644   304308   64.77%
   2898  1575   236103.1207   308   147986.0000   243836.5644   311160   64.77%
   2958  1625   237667.1256   194   147986.0000   243832.2012   318356   64.77%
*  3008+ 1665                       148673.0000   243830.4372            64.00%
   3013  1666   243074.1115   199   148673.0000   243819.8852   324621   64.00%
   3062  1713   234969.3332   279   148673.0000   243819.8852   331243   64.00%
   3136  1771   241824.1832   408   148673.0000   243815.9690   337268   63.99%
   3176  1811   225746.3719   239   148673.0000   243815.9690   342224   63.99%
   3241  1864   242698.3996   260   148673.0000   243808.8664   348537   63.99%
   3297  1912   239451.8439   239   148673.0000   243804.1347   355620   63.99%
   3374  1963    infeasible         148673.0000   243781.4377   362294   63.97%
Elapsed time = 28.28 sec. (76781.69 ticks, tree = 54.21 MB, solutions = 4)
   3431  2012   242370.7622   306   148673.0000   243777.5399   368137   63.97%
   3475  2044    infeasible         148673.0000   243766.3960   373282   63.96%
   3521  2074    infeasible         148673.0000   243761.3821   379834   63.96%
   3538  2079    infeasible         148673.0000   243754.2116   385998   63.95%
   3569  2100    infeasible         148673.0000   243744.3091   392398   63.95%
   3598  2119   242308.3507   348   148673.0000   243738.3877   399118   63.94%
   3657  2172    infeasible         148673.0000   243737.3071   405022   63.94%
   3697  2206   242342.5935   204   148673.0000   243732.8985   411680   63.94%
   3748  2237    infeasible         148673.0000   243724.5073   418591   63.93%
   3806  2283   239502.7903   228   148673.0000   243717.7211   425930   63.93%
Elapsed time = 31.84 sec. (86660.93 ticks, tree = 63.22 MB, solutions = 4)
   3841  2308    infeasible         148673.0000   243717.3157   434867   63.93%
   3893  2354   242016.3691   205   148673.0000   243702.0582   440150   63.92%
   3960  2408   237257.4912   315   148673.0000   243701.2543   446411   63.92%
   4050  2481   240254.0268   230   148673.0000   243698.6868   452005   63.92%
   4107  2526   242292.6750   282   148673.0000   243696.8678   458314   63.91%
   4165  2572   240012.8631   245   148673.0000   243689.8826   465229   63.91%
   4223  2622   242431.5782   270   148673.0000   243687.9876   470883   63.91%
   4262  2655   240200.1912   266   148673.0000   243686.8780   476961   63.91%
   4281  2660   241204.4892   158   148673.0000   243678.6400   483441   63.90%
   4531  2881   242871.1039   219   148673.0000   243672.4269   509341   63.90%
Elapsed time = 36.44 sec. (99251.07 ticks, tree = 80.19 MB, solutions = 4)
   4787  3099   237624.3288   231   148673.0000   243659.4926   536689   63.89%
   5033  3312   241752.8729   362   148673.0000   243649.3686   559265   63.88%
   5364  3601   242048.4901   163   148673.0000   243642.5127   583651   63.88%
   5566  3757   241818.7503   234   148673.0000   243626.9608   608855   63.87%
   5758  3896   243195.8700   125   148673.0000   243598.1995   634903   63.85%
   5963  4061   237272.2381   175   148673.0000   243570.7449   661596   63.83%
*  6008+ 4092                       149367.0000   243556.9384            63.06%
   6197  4245   243126.3006   365   149367.0000   243544.6753   688194   63.05%
   6397  4404   242690.2857   251   149367.0000   243526.1759   714774   63.04%
   6610  4567   239574.6583   157   149367.0000   243499.6157   740815   63.02%
   6898  4797    infeasible         149367.0000   243493.0306   768479   63.02%
Elapsed time = 50.29 sec. (137572.47 ticks, tree = 138.15 MB, solutions = 5)
   7115  4952   241353.7026   282   149367.0000   243485.9179   795318   63.01%
   7278  5063   242704.0225   413   149367.0000   243465.4089   822715   63.00%
   7466  5203    infeasible         149367.0000   243452.6901   850709   62.99%
   7703  5405   243097.9137    98   149367.0000   243436.3227   876993   62.98%
   7913  5568    infeasible         149367.0000   243422.0335   904496   62.97%
   8105  5703   238238.3105   324   149367.0000   243405.6839   932401   62.96%
   8348  5889   242960.8483   299   149367.0000   243397.8401   959712   62.95%
   8567  6066   240745.1890   279   149367.0000   243391.0185   987584   62.95%
   8772  6214   236561.9417   203   149367.0000   243385.4053  1015419   62.94%
   8973  6367   241473.6221   287   149367.0000   243370.1852  1041820   62.93%
Elapsed time = 64.18 sec. (175980.72 ticks, tree = 181.84 MB, solutions = 5)
   9218  6540   242856.4036   466   149367.0000   243361.9151  1069615   62.93%
   9457  6732    infeasible         149367.0000   243352.0987  1096534   62.92%
   9634  6857   240506.2952   196   149367.0000   243332.2267  1124682   62.91%
   9865  7039    infeasible         149367.0000   243322.4000  1154211   62.90%
  10101  7233   241764.1587   313   149367.0000   243313.6176  1182115   62.90%
  10393  7479    infeasible         149367.0000   243300.9151  1210291   62.89%
  10588  7619   240788.4544   296   149367.0000   243296.3225  1237006   62.88%
  10831  7828   237401.8934   198   149367.0000   243288.1238  1264390   62.88%
  11065  8027   233316.3249   244   149367.0000   243279.4108  1290961   62.87%
* 11088+ 8042                       149461.0000   243278.1559            62.77%
* 11088+ 8042                       149579.0000   243278.1559            62.64%
* 11088+ 8042                       154156.0000   243278.1559            57.81%
* 11088+ 8042                       154188.0000   243278.1559            57.78%
* 11089+ 8043                       155573.0000   243278.1559            56.38%
* 11089+ 8043                       155661.0000   243278.1559            56.29%
  11089  8045   243235.2192   174   155661.0000   243277.9092  1293076   56.29%
Elapsed time = 78.96 sec. (215053.90 ticks, tree = 234.14 MB, solutions = 11)
  11090  8046   242377.5786   276   155661.0000   243277.5810  1293291   56.29%
  11304  8212   241479.9913   244   155661.0000   243269.0649  1320998   56.28%
  11499  8358   237510.1143   214   155661.0000   243265.0877  1348932   56.28%
  11778  8613   239547.0356   252   155661.0000   243261.0928  1375462   56.28%
  11962  8737    infeasible         155661.0000   243251.8446  1403168   56.27%
  12202  8919   239304.3582   274   155661.0000   243244.3855  1430152   56.27%
  12406  9082   242362.2053   247   155661.0000   243234.9283  1456867   56.26%
  12622  9255   242912.8646   281   155661.0000   243231.0552  1483837   56.26%
  12827  9406   242736.4167   277   155661.0000   243227.1896  1511627   56.25%
  13052  9576   239495.7472   240   155661.0000   243221.5366  1537176   56.25%
Elapsed time = 97.02 sec. (262167.08 ticks, tree = 279.69 MB, solutions = 11)
  13252  9724   242672.0727   296   155661.0000   243215.3276  1564749   56.25%
  13450  9881   241127.8522   214   155661.0000   243209.8948  1591691   56.24%
  13649 10042    infeasible         155661.0000   243203.5362  1620897   56.24%
  13842 10186   242948.8474   209   155661.0000   243194.6200  1648167   56.23%
  14068 10358   241170.4107   234   155661.0000   243190.8364  1675457   56.23%
  14329 10565   241199.2091   159   155661.0000   243184.6233  1702042   56.23%
  14563 10742   240669.5882   263   155661.0000   243174.5018  1729814   56.22%
  14839 10962    infeasible         155661.0000   243166.3475  1756826   56.22%
  15045 11126   240370.9942   312   155661.0000   243162.6142  1784794   56.21%
  15236 11275   242428.2943   221   155661.0000   243159.2550  1811452   56.21%
Elapsed time = 110.99 sec. (300487.93 ticks, tree = 330.31 MB, solutions = 11)
  15538 11533   240829.6630   365   155661.0000   243156.6797  1838585   56.21%
  15746 11680   240492.9342   291   155661.0000   243149.2341  1866379   56.20%
  15951 11840   240161.8505   383   155661.0000   243142.8612  1893726   56.20%
  16179 12018   240351.9462   371   155661.0000   243138.7181  1919780   56.20%
  16557 12343   242952.4163   107   155661.0000   243132.2521  1946114   56.19%
  16718 12456   237053.4182   248   155661.0000   243125.6912  1974234   56.19%
  16919 12604   238391.4734   265   155661.0000   243119.6921  2001050   56.19%
  17146 12783   234166.8660   269   155661.0000   243112.4066  2028271   56.18%
  17423 13011   241072.7461   274   155661.0000   243104.9080  2055582   56.18%
  17692 13248   239584.6851   339   155661.0000   243102.9609  2081910   56.17%
Elapsed time = 125.00 sec. (338842.95 ticks, tree = 388.18 MB, solutions = 11)
  17978 13489   242790.5825   358   155661.0000   243096.9936  2109410   56.17%
  18244 13710   232499.9570   262   155661.0000   243089.5000  2136589   56.17%
  18447 13861   243066.5000   196   155661.0000   243083.5366  2163876   56.16%
  18746 14132   239956.4021   198   155661.0000   243081.0700  2190358   56.16%
  19014 14345    infeasible         155661.0000   243074.1626  2217771   56.16%
  19201 14484   239110.5130   267   155661.0000   243069.4200  2244098   56.15%
  19403 14650   241004.4581   175   155661.0000   243064.3541  2269899   56.15%
  19593 14797    infeasible         155661.0000   243059.0909  2296710   56.15%
  19953 15121   241579.6282   358   155661.0000   243057.1922  2322590   56.15%
  20216 15335   242543.0680   458   155661.0000   243049.3746  2349878   56.14%
Elapsed time = 138.94 sec. (377263.06 ticks, tree = 453.47 MB, solutions = 11)
  20462 15546    infeasible         155661.0000   243045.8721  2377360   56.14%
  20740 15779   242174.2986   399   155661.0000   243041.7084  2404862   56.14%
  21009 16011   239298.9443   281   155661.0000   243037.9302  2431643   56.13%
  21244 16207   236990.0135   412   155661.0000   243034.5667  2457618   56.13%

Performing restart 2

Repeating presolve.
Tried aggregator 1 time.
MIP Presolve modified 1416 coefficients.
Reduced MIP has 3390 rows, 1620 columns, and 24660 nonzeros.
Reduced MIP has 1248 binaries, 372 generals, 0 SOSs, and 0 indicators.
Presolve time = 0.01 sec. (16.40 ticks)
Tried aggregator 1 time.
Reduced MIP has 3390 rows, 1620 columns, and 24660 nonzeros.
Reduced MIP has 1248 binaries, 372 generals, 0 SOSs, and 0 indicators.
Presolve time = 0.01 sec. (15.26 ticks)
Represolve time = 0.05 sec. (68.87 ticks)
  21390     0   244646.0220   238   155661.0000      Cuts: 64  2476445   56.13%
  21390     0   244537.0691   249   155661.0000      Cuts: 98  2476559   56.13%
  21390     0   244498.7854   335   155661.0000     Cuts: 111  2476763   56.13%
  21390     0   244448.9141   243   155661.0000      Cuts: 97  2476893   56.13%
  21390     0   244396.6576   366   155661.0000     Cuts: 130  2477278   56.13%
  21390     0   244351.1013   249   155661.0000      Cuts: 65  2477383   56.13%
  21390     0   244284.6268   372   155661.0000     Cuts: 168  2477675   56.13%
  21390     0   244273.7597   443   155661.0000     Cuts: 128  2477840   56.13%
  21390     0   244262.4642   553   155661.0000     Cuts: 220  2478014   56.13%
  21390     2   244262.4642   553   155661.0000   243031.4419  2478014   56.13%
  21395     7   244205.5227   306   155661.0000   243031.4419  2480133   56.13%
  21402    14   243973.8659   127   155661.0000   243031.4419  2485922   56.13%
  21411    23   243513.9934   342   155661.0000   243031.4419  2490730   56.13%
  21426    34   241266.3967   172   155661.0000   243031.4419  2496521   56.13%
  21454    57   243968.9369   284   155661.0000   243031.4419  2502183   56.13%
Elapsed time = 154.14 sec. (420714.44 ticks, tree = 0.47 MB, solutions = 11)
  21468    67   239690.9568   276   155661.0000   243031.4419  2511023   56.13%
  21489    80   244120.7615   110   155661.0000   243031.4419  2516586   56.13%
  21545   125   241622.0504   251   155661.0000   243031.4419  2525856   56.13%
  21623   177   243730.1132   206   155661.0000   243031.4419  2540393   56.13%
  21740   275   242522.4645   262   155661.0000   243031.4419  2556886   56.13%
  21836   351   239970.9454   193   155661.0000   243031.4419  2572476   56.13%
  21945   436   239771.9027   213   155661.0000   243031.4419  2588139   56.13%
  22081   550   243409.7778   244   155661.0000   243031.4419  2607025   56.13%
  22187   644   239503.2738   249   155661.0000   243031.4419  2626012   56.13%
  22360   792   242835.5000   198   155661.0000   243031.4419  2647265   56.13%
Elapsed time = 167.85 sec. (459269.42 ticks, tree = 20.01 MB, solutions = 11)
  22487   899   241252.3383   309   155661.0000   243031.4419  2672439   56.13%
  22709  1095   241522.6097   197   155661.0000   243031.4419  2696426   56.13%
  22866  1216   237438.1997   243   155661.0000   243031.4419  2720804   56.13%
  23061  1375   205668.5225   297   155661.0000   243031.4419  2744987   56.13%
  23356  1648   237864.1635   275   155661.0000   243031.4419  2768643   56.13%
  23497  1757   240812.7318   270   155661.0000   243031.4419  2793389   56.13%
  23696  1922   242950.1885   360   155661.0000   243031.4419  2816917   56.13%
  23948  2148   241578.3334   386   155661.0000   243031.4419  2841920   56.13%
  24075  2257   240388.4577   259   155661.0000   243031.4419  2867471   56.13%
  24336  2496   241708.6783   292   155661.0000   243031.4419  2893134   56.13%
Elapsed time = 181.55 sec. (497535.85 ticks, tree = 56.67 MB, solutions = 11)
  24485  2617   234273.7144   378   155661.0000   243031.4419  2920182   56.13%
  24671  2781   241569.9971   443   155661.0000   243031.4419  2945745   56.13%
  24836  2900   243124.6801   526   155661.0000   243031.4419  2973095   56.13%
  25028  3059   240128.7115   314   155661.0000   243031.4419  2997852   56.13%
  25411  3416   238435.1488   166   155661.0000   243031.4419  3023662   56.13%
  25619  3584   242570.2565   326   155661.0000   243031.4419  3049935   56.13%
  25864  3805   242260.7418   236   155661.0000   243031.4419  3075798   56.13%
  26207  4118   242180.1323   396   155661.0000   243031.4419  3102578   56.13%
  26443  4320   234446.5689   290   155661.0000   243031.4419  3128741   56.13%
  26748  4593   239864.2859   422   155661.0000   243031.4419  3155707   56.13%
Elapsed time = 195.46 sec. (535820.08 ticks, tree = 112.69 MB, solutions = 11)
  27046  4861   240444.3897   277   155661.0000   243031.4419  3183308   56.13%
  27256  5039   240036.2500   178   155661.0000   243031.4419  3210244   56.13%
  27577  5335   238619.6212   244   155661.0000   243031.4419  3238128   56.13%
  27814  5534   238054.7974   262   155661.0000   243031.4419  3264836   56.13%
  28025  5705   241302.0403   143   155661.0000   243031.4419  3292582   56.13%
  28208  5860   240519.7363   385   155661.0000   243031.4419  3318837   56.13%
  28454  6081    infeasible         155661.0000   243031.4419  3345872   56.13%
  28662  6259   241171.8780   269   155661.0000   243031.4419  3372858   56.13%
  28930  6497    infeasible         155661.0000   243031.4419  3399717   56.13%
  29068  6599   233452.8835   295   155661.0000   243031.4419  3426560   56.13%
Elapsed time = 209.44 sec. (574180.80 ticks, tree = 165.58 MB, solutions = 11)
  29348  6843    infeasible         155661.0000   243031.4419  3453788   56.13%
  29582  7053    infeasible         155661.0000   243031.4419  3480680   56.13%
  29770  7203   239751.9968   352   155661.0000   243031.4419  3507863   56.13%
  30009  7409   240407.9759   237   155661.0000   243031.4419  3534964   56.13%
  30186  7548   231974.8845   242   155661.0000   243031.4419  3562816   56.13%
  30359  7679   241895.9570   190   155661.0000   243031.4419  3588905   56.13%
  30534  7821   238726.4162   253   155661.0000   243031.4419  3615124   56.13%
  30790  8040   242261.3750   218   155661.0000   243031.4419  3641673   56.13%
  31009  8227   236690.8369   199   155661.0000   243031.4419  3669110   56.13%
  31252  8426    infeasible         155661.0000   243031.4419  3695661   56.13%
Elapsed time = 223.35 sec. (612511.56 ticks, tree = 217.76 MB, solutions = 11)
  31514  8662   231976.0507   203   155661.0000   243031.4419  3721755   56.13%
  31784  8894   242594.8095   282   155661.0000   243031.4419  3748679   56.13%
  31953  9041   240265.1981   525   155661.0000   243031.4419  3775979   56.13%
  32213  9268   241706.9446   276   155661.0000   243031.4419  3802164   56.13%
  32458  9484   240146.6238   235   155661.0000   243031.4419  3829589   56.13%
  32677  9677   238105.9583   368   155661.0000   243031.4419  3856254   56.13%
  32892  9838   242583.0498   235   155661.0000   243031.4419  3884520   56.13%
  33078  9982   236934.8614   242   155661.0000   243031.4419  3910903   56.13%
  33261 10119    infeasible         155661.0000   243031.4419  3937644   56.13%
  33397 10217   240173.0830   258   155661.0000   243031.4419  3964593   56.13%
Elapsed time = 237.34 sec. (650845.87 ticks, tree = 271.04 MB, solutions = 11)
  33602 10370   242333.9993   187   155661.0000   243031.4419  3992775   56.13%
  33813 10535   237541.4580   332   155661.0000   243031.4419  4019288   56.13%
  34040 10736   240157.8004   407   155661.0000   243031.4419  4046572   56.13%
  34289 10949   239843.9352   281   155661.0000   243031.4419  4071722   56.13%
  34533 11159   241658.8537   329   155661.0000   243031.4419  4099460   56.13%
  34777 11362   242755.3253   325   155661.0000   243031.4419  4126539   56.13%
  34969 11513   237791.9887   378   155661.0000   243031.0081  4153926   56.13%
  35240 11747   240632.0185   430   155661.0000   243015.6923  4181428   56.12%
  35439 11908   238416.2923   287   155661.0000   243009.6051  4206558   56.11%
  35727 12154   242642.3267   241   155661.0000   243003.8579  4233988   56.11%
Elapsed time = 251.34 sec. (689132.69 ticks, tree = 327.74 MB, solutions = 11)
  35887 12271    infeasible         155661.0000   242998.9836  4261684   56.11%
  36173 12525   238918.2248   218   155661.0000   242991.6302  4289115   56.10%
  36370 12698   237544.0783   231   155661.0000   242984.5297  4317019   56.10%
  36614 12899   241476.6598   298   155661.0000   242976.1534  4342943   56.09%
  36844 13083   240893.6876   278   155661.0000   242967.3478  4371469   56.09%
  37018 13221   219302.1621   244   155661.0000   242962.2681  4398409   56.08%
  37260 13423   241265.5636   259   155661.0000   242958.8822  4426512   56.08%
  37460 13591   238426.1580   402   155661.0000   242952.6875  4453989   56.08%
  37834 13942   232644.7112   394   155661.0000   242947.8441  4480048   56.07%
  38040 14094   241065.0000   186   155661.0000   242939.4896  4507493   56.07%
Elapsed time = 265.39 sec. (727459.69 ticks, tree = 386.72 MB, solutions = 11)
  38268 14287   241182.2886   412   155661.0000   242930.2625  4537382   56.06%
  38458 14441   238043.0832   256   155661.0000   242925.9881  4564904   56.06%
  38702 14657   238803.4219   365   155661.0000   242920.9505  4591429   56.06%
  38901 14820   241056.1694   209   155661.0000   242914.0031  4619119   56.05%
  39161 15033   241654.9860   391   155661.0000   242909.7226  4644992   56.05%
  39359 15207   239091.9657   435   155661.0000   242908.6305  4671605   56.05%
  39581 15398   241894.6574   438   155661.0000   242905.4286  4698172   56.05%
  39774 15563   237429.6905   235   155661.0000   242902.1037  4725068   56.05%
  39970 15723   241036.6707   271   155661.0000   242898.0837  4751745   56.04%
  40138 15845   240752.5832   267   155661.0000   242894.2697  4778740   56.04%
Elapsed time = 279.16 sec. (765743.23 ticks, tree = 430.51 MB, solutions = 11)
  40431 16108   239680.7653   198   155661.0000   242893.1938  4805935   56.04%
  40701 16345   241207.4908   237   155661.0000   242890.4677  4831028   56.04%
  40954 16569    infeasible         155661.0000   242888.0119  4858735   56.04%
  41146 16720   242765.1210   183   155661.0000   242878.8479  4884953   56.03%
  41429 16968   240517.4017   287   155661.0000   242877.2968  4911827   56.03%
  41658 17159   239825.8131   392   155661.0000   242873.9286  4938083   56.03%
  41956 17415    infeasible         155661.0000   242868.9873  4964460   56.02%
  42175 17604   238168.8093   288   155661.0000   242864.9264  4990495   56.02%
  42431 17814   240378.4730   192   155661.0000   242858.2343  5017268   56.02%
  42767 18121   209851.2643   191   155661.0000   242856.5681  5045032   56.02%
Elapsed time = 293.01 sec. (804008.80 ticks, tree = 495.41 MB, solutions = 11)
  43053 18373   241804.1042   348   155661.0000   242852.9107  5072427   56.01%
  43274 18568   237879.8775   270   155661.0000   242851.8332  5099641   56.01%
  43465 18735   241953.8000   250   155661.0000   242849.9415  5126989   56.01%
  43648 18874    infeasible         155661.0000   242846.2207  5155248   56.01%
  43985 19180   242812.2980   351   155661.0000   242842.3089  5181685   56.01%
  44165 19320    infeasible         155661.0000   242836.6033  5208869   56.00%
  44332 19445    infeasible         155661.0000   242833.0357  5235109   56.00%
  44602 19687   242022.1150   388   155661.0000   242829.6869  5261807   56.00%
  44850 19894   242341.7898   348   155661.0000   242826.0625  5289266   56.00%
  45097 20109   241819.1557   234   155661.0000   242822.1108  5315018   55.99%
Elapsed time = 306.78 sec. (842383.32 ticks, tree = 554.23 MB, solutions = 11)
  45313 20295   242407.0939   309   155661.0000   242817.7061  5341533   55.99%
  45558 20506    infeasible         155661.0000   242813.5563  5367715   55.99%
  45825 20739   242220.3054   592   155661.0000   242808.8651  5394790   55.99%
  46030 20914   239599.9721   308   155661.0000   242806.5515  5421503   55.98%
  46267 21105   241718.8111   239   155661.0000   242802.4806  5449041   55.98%
  46583 21385    infeasible         155661.0000   242797.5887  5475550   55.98%
  46783 21539   239627.0801   288   155661.0000   242794.1971  5502686   55.98%
  47026 21738    infeasible         155661.0000   242789.4297  5530457   55.97%
  47243 21924   240359.0165   178   155661.0000   242785.2000  5557472   55.97%
  47493 22124   241283.7853   216   155661.0000   242782.3962  5584432   55.97%
Elapsed time = 320.63 sec. (880722.46 ticks, tree = 614.86 MB, solutions = 11)
  47703 22304   228262.4825   262   155661.0000   242779.7771  5611881   55.97%
  48009 22573   241254.7909   257   155661.0000   242770.6981  5639383   55.96%
  48187 22713   242248.7619   380   155661.0000   242766.4700  5666781   55.96%
  48447 22944   241454.4886   380   155661.0000   242765.5672  5694138   55.96%
  48730 23205   223538.0381   206   155661.0000   242764.2869  5720518   55.96%
  49039 23475   238112.1460   176   155661.0000   242761.6212  5746019   55.96%
  49254 23658   241300.6275   242   155661.0000   242758.6223  5773057   55.95%
  49475 23847   242374.7835   213   155661.0000   242753.2026  5799860   55.95%
  49677 24009   241364.7349   477   155661.0000   242749.5714  5826167   55.95%
  49988 24283   241519.3782   205   155661.0000   242745.4913  5852240   55.94%
Elapsed time = 334.58 sec. (918957.70 ticks, tree = 674.57 MB, solutions = 11)
  50274 24530   240617.2690   326   155661.0000   242743.3500  5879788   55.94%
  50496 24716   240108.7143   233   155661.0000   242739.6006  5906142   55.94%
  50709 24873    infeasible         155661.0000   242735.1667  5932445   55.94%
  50888 25017   232911.8954   325   155661.0000   242730.2881  5959786   55.94%
  51160 25255   241560.3128   288   155661.0000   242729.0811  5987107   55.93%
  51353 25398   241842.3696   234   155661.0000   242724.2257  6014684   55.93%
  51676 25683   242353.4369   374   155661.0000   242721.2291  6040220   55.93%
  51899 25870   241615.5338   258   155661.0000   242718.5091  6067057   55.93%
  52145 26082   241986.2376   313   155661.0000   242717.0692  6095183   55.93%
  52352 26245   242056.5372   406   155661.0000   242710.7222  6120885   55.92%
Elapsed time = 348.62 sec. (957479.45 ticks, tree = 734.80 MB, solutions = 11)
  52525 26384    infeasible         155661.0000   242709.3178  6146708   55.92%
  52723 26554   238577.8265   461   155661.0000   242707.8667  6173093   55.92%
  52934 26730    infeasible         155661.0000   242706.8750  6200059   55.92%
  53122 26879   242372.8301   301   155661.0000   242704.4102  6228203   55.92%
  53301 27025   242150.0450   174   155661.0000   242701.7844  6254580   55.92%
  53516 27204   242353.0677   304   155661.0000   242697.3046  6281660   55.91%
  53722 27371   239287.4482   395   155661.0000   242692.6578  6308807   55.91%
  53868 27473    infeasible         155661.0000   242690.3333  6336393   55.91%
  54092 27663   241346.5518   352   155661.0000   242688.2804  6363414   55.91%
  54266 27801   242482.0312   240   155661.0000   242686.3786  6389749   55.91%
Elapsed time = 362.50 sec. (995825.52 ticks, tree = 779.43 MB, solutions = 11)
  54475 27960   240848.4775   225   155661.0000   242683.0174  6416140   55.90%
  54669 28119   238482.7554   379   155661.0000   242680.4256  6442535   55.90%
  54848 28258   237663.4167   195   155661.0000   242677.2833  6470589   55.90%
  55020 28392   240574.0248   238   155661.0000   242675.7621  6497553   55.90%
  55188 28510   240676.2003   178   155661.0000   242671.6210  6523739   55.90%
  55361 28641    infeasible         155661.0000   242669.1447  6551129   55.90%
  55541 28774    infeasible         155661.0000   242663.7204  6577938   55.89%
  55734 28927   238775.5822   423   155661.0000   242659.9002  6604355   55.89%
  55960 29103   242323.2558   196   155661.0000   242654.0658  6630292   55.89%
  56200 29313   241674.9781   212   155661.0000   242652.7500  6657288   55.89%
Elapsed time = 376.49 sec. (1034284.27 ticks, tree = 821.87 MB, solutions = 11)
  56360 29433   241567.3000   268   155661.0000   242650.6957  6683335   55.88%
  56529 29560   241471.1110   304   155661.0000   242647.7463  6710433   55.88%
  56707 29704   242327.1981   360   155661.0000   242646.3959  6737934   55.88%
  56901 29863   242185.8189   368   155661.0000   242643.0261  6764281   55.88%
  57089 30008   239052.3672   197   155661.0000   242639.6822  6791196   55.88%
  57314 30201   241587.4181   251   155661.0000   242637.3333  6817890   55.88%
  57543 30396   235773.8593   272   155661.0000   242634.9701  6844052   55.87%
  57747 30546   232148.7500   192   155661.0000   242632.3710  6871226   55.87%
  57975 30726   239557.1764   152   155661.0000   242628.6486  6897728   55.87%
  58166 30877   229739.0492   272   155661.0000   242627.2500  6925279   55.87%
Elapsed time = 390.56 sec. (1072574.97 ticks, tree = 866.51 MB, solutions = 11)
  58406 31077   241768.2408   358   155661.0000   242624.9722  6951464   55.87%
  58580 31216    infeasible         155661.0000   242623.3340  6978485   55.87%
  58792 31380   231082.9823   359   155661.0000   242619.1824  7003555   55.86%
  59012 31566   241593.1129   311   155661.0000   242615.3167  7029897   55.86%
  59158 31666   241153.5755   407   155661.0000   242611.5000  7056668   55.86%
  59349 31817    infeasible         155661.0000   242609.5074  7083116   55.86%
  59593 32029    infeasible         155661.0000   242607.2803  7108155   55.86%
  59807 32197   241775.1730   478   155661.0000   242604.1739  7133594   55.85%
  59986 32332   242038.5353   277   155661.0000   242601.9664  7159775   55.85%
  60171 32489   238883.8173   295   155661.0000   242600.2264  7187215   55.85%
Elapsed time = 404.61 sec. (1110942.36 ticks, tree = 910.50 MB, solutions = 11)
  60397 32685   236496.2346   266   155661.0000   242596.4659  7213263   55.85%
  60669 32921   236793.1031   242   155661.0000   242594.7436  7240055   55.85%
  60892 33106   241184.8760   287   155661.0000   242593.1593  7267567   55.85%
  61116 33292   236378.4106   284   155661.0000   242591.7877  7293980   55.85%
  61348 33483   240425.0000   270   155661.0000   242589.2908  7320981   55.84%
  61499 33578   240213.5638   220   155661.0000   242585.9583  7348933   55.84%
  61779 33827   242454.9238   140   155661.0000   242583.4941  7375236   55.84%
  61951 33961   231316.5723   192   155661.0000   242580.2363  7401564   55.84%
  62190 34161   241268.5559   406   155661.0000   242578.3328  7428840   55.84%
  62390 34305    infeasible         155661.0000   242574.4540  7455153   55.84%
Elapsed time = 418.75 sec. (1149420.51 ticks, tree = 968.09 MB, solutions = 11)
  62564 34441   239814.6825   267   155661.0000   242572.3091  7481678   55.83%
  62792 34641    infeasible         155661.0000   242571.5850  7509104   55.83%
  63017 34846   211805.9515   196   155661.0000   242571.2521  7536838   55.83%
  63250 35023   241285.5118   331   155661.0000   242568.9301  7564871   55.83%
  63498 35239   240196.5092   349   155661.0000   242566.0806  7591810   55.83%
  63659 35354   239302.0117   284   155661.0000   242563.9562  7618267   55.83%
  63901 35554   238756.8979   384   155661.0000   242561.7258  7645122   55.83%
  64102 35721   241755.3229   188   155661.0000   242559.9880  7671293   55.83%
  64369 35952   241775.0101   245   155661.0000   242557.5000  7697362   55.82%
  64571 36108   232769.6985   339   155661.0000   242554.9890  7723501   55.82%
Elapsed time = 432.80 sec. (1187723.41 ticks, tree = 1017.80 MB, solutions = 11)
  64786 36276   242106.2555   304   155661.0000   242553.0182  7750113   55.82%
  64995 36451   240442.4982   409   155661.0000   242552.1752  7777174   55.82%
  65192 36613   239451.7454   297   155661.0000   242550.8032  7804318   55.82%
  65400 36786   237591.8589   333   155661.0000   242550.1749  7830833   55.82%
  65579 36927   239726.3870   195   155661.0000   242548.4938  7858526   55.82%
  65789 37103   239393.8430   436   155661.0000   242547.1746  7885049   55.82%
  65992 37269   233099.0373   336   155661.0000   242544.3989  7911895   55.82%
  66286 37525   240072.7318   282   155661.0000   242543.7562  7938907   55.82%
  66521 37716    infeasible         155661.0000   242542.1421  7965202   55.81%
  66719 37887   240168.7007   327   155661.0000   242539.5159  7991834   55.81%
Elapsed time = 446.84 sec. (1226010.09 ticks, tree = 1067.67 MB, solutions = 11)
  66953 38078    infeasible         155661.0000   242536.8746  8019135   55.81%
  67158 38249   236871.3991   199   155661.0000   242535.0724  8045902   55.81%
  67428 38495   188202.2396   196   155661.0000   242534.7131  8071892   55.81%
  67679 38709   236477.6057   375   155661.0000   242533.3333  8098983   55.81%
  67906 38898   239214.8939   493   155661.0000   242532.6831  8125435   55.81%
  68115 39067   241755.4762   224   155661.0000   242531.2729  8152355   55.81%
  68313 39227   240729.7570   327   155661.0000   242529.0833  8178560   55.81%
  68548 39418   239027.6996   256   155661.0000   242526.9352  8205250   55.80%
  68720 39550   239775.1478   176   155661.0000   242525.4197  8231503   55.80%
  68894 39678   241347.8333   172   155661.0000   242524.2061  8258203   55.80%
Elapsed time = 460.87 sec. (1264340.16 ticks, tree = 1120.82 MB, solutions = 11)
  69081 39823   238520.8701   274   155661.0000   242522.0239  8285398   55.80%
  69392 40100    infeasible         155661.0000   242519.2938  8311318   55.80%
  69727 40402   188945.1608   144   155661.0000   242518.0459  8338610   55.80%
  69958 40599   241482.5990   232   155661.0000   242516.6656  8363388   55.80%
  70190 40795   238133.6152   312   155661.0000   242516.0917  8389280   55.80%
  70436 40993    infeasible         155661.0000   242514.7970  8415864   55.80%
  70596 41113   241199.1573   341   155661.0000   242512.6944  8442414   55.80%
  70877 41366   241602.5561   361   155661.0000   242510.8571  8468609   55.79%
  71039 41488   241700.1127   497   155661.0000   242508.1762  8495477   55.79%
  71276 41695   233530.2294   223   155661.0000   242506.8783  8522199   55.79%
Elapsed time = 475.01 sec. (1302761.63 ticks, tree = 1184.10 MB, solutions = 11)
  71546 41927   233583.2418   257   155661.0000   242505.1923  8549014   55.79%
  71722 42063   241371.8923   212   155661.0000   242503.8611  8575126   55.79%
  71911 42206   239424.1877   301   155661.0000   242502.9771  8601520   55.79%
  72073 42324   241779.2451   350   155661.0000   242499.4212  8626956   55.79%
  72252 42457   239814.1905   247   155661.0000   242497.4355  8653389   55.79%
  72568 42735   241507.9260   366   155661.0000   242495.9365  8680199   55.78%
  72823 42960   242175.8667   218   155661.0000   242494.0952  8706702   55.78%
  73018 43125   234199.9618   320   155661.0000   242493.1058  8733049   55.78%
  73200 43257    infeasible         155661.0000   242490.8636  8760709   55.78%
  73427 43458    infeasible         155661.0000   242490.1390  8787810   55.78%
Elapsed time = 489.04 sec. (1341163.24 ticks, tree = 1238.02 MB, solutions = 11)
  73620 43603   239473.7189   278   155661.0000   242489.0990  8814749   55.78%
  73889 43838   240190.7217   307   155661.0000   242487.4528  8842361   55.78%
  74054 43967   241552.8462   189   155661.0000   242486.1881  8868241   55.78%
  74216 44075   241496.8826   316   155661.0000   242483.7509  8893562   55.78%
  74434 44269    infeasible         155661.0000   242482.9652  8919997   55.78%
  74616 44419   239507.5054   329   155661.0000   242481.1619  8946046   55.78%
  74813 44582   237793.9658   416   155661.0000   242479.7900  8971792   55.77%
  75030 44749   238020.7533   281   155661.0000   242478.2404  8997847   55.77%
  75239 44916   240412.3274   329   155661.0000   242476.4904  9024800   55.77%
  75478 45128   239308.4380   226   155661.0000   242475.7419  9051365   55.77%
Elapsed time = 502.89 sec. (1379484.92 ticks, tree = 1287.88 MB, solutions = 11)
  75761 45387   217375.2269   160   155661.0000   242475.2822  9076849   55.77%
  75931 45511   239195.0996   342   155661.0000   242472.7022  9103091   55.77%
  76197 45753   241129.7482   359   155661.0000   242471.3859  9128898   55.77%
  76368 45884    infeasible         155661.0000   242470.6950  9155736   55.77%
  76534 46024   237601.2583   432   155661.0000   242469.9894  9183036   55.77%
  76714 46160   238435.8962   343   155661.0000   242468.4050  9209428   55.77%
  76900 46304   240544.1278   260   155661.0000   242466.7666  9235442   55.77%
  77079 46437   240258.8514   284   155661.0000   242464.6733  9261804   55.76%
  77373 46709   240801.1863   168   155661.0000   242463.6966  9287700   55.76%
  77539 46843   238825.2307   237   155661.0000   242462.5743  9312032   55.76%
Elapsed time = 516.74 sec. (1417778.03 ticks, tree = 1326.79 MB, solutions = 11)
  77719 46985    infeasible         155661.0000   242460.1904  9337742   55.76%
  77920 47151   240872.2309   196   155661.0000   242458.4168  9364054   55.76%
  78139 47336   238666.8273   254   155661.0000   242456.8216  9390780   55.76%
  78395 47554   235146.8718   363   155661.0000   242455.9412  9416460   55.76%
  78594 47720   240726.5519   301   155661.0000   242454.7132  9442149   55.76%
  78830 47923   237942.5349   223   155661.0000   242452.9591  9468878   55.76%
  79163 48228   238328.4383   278   155661.0000   242452.1303  9494893   55.76%
  79362 48381    infeasible         155661.0000   242451.1890  9521620   55.76%
  79523 48496   241148.4658   350   155661.0000   242449.1000  9547636   55.75%
  79767 48712   238890.4583   296   155661.0000   242448.5333  9574343   55.75%
Elapsed time = 530.62 sec. (1456149.46 ticks, tree = 1381.67 MB, solutions = 11)
  80013 48912    infeasible         155661.0000   242447.5000  9601394   55.75%
  80208 49077   235953.0481   261   155661.0000   242445.5678  9625676   55.75%
  80428 49269   200947.9981   367   155661.0000   242445.0185  9652584   55.75%
  80653 49457   241530.2737   514   155661.0000   242443.9331  9678340   55.75%
  80863 49631   239983.9372   209   155661.0000   242442.3750  9705386   55.75%
  81126 49850   239498.5529   194   155661.0000   242441.6667  9732496   55.75%
  81351 50042   239856.5995   403   155661.0000   242438.4980  9758366   55.75%
  81587 50245   241394.7473   224   155661.0000   242437.3306  9784611   55.75%
  81826 50440    infeasible         155661.0000   242436.4963  9811527   55.75%
  82022 50608   241009.3255   149   155661.0000   242434.9000  9838304   55.75%
Elapsed time = 544.69 sec. (1494588.55 ticks, tree = 1438.67 MB, solutions = 11)
  82227 50775   239130.5153   326   155661.0000   242432.2691  9864953   55.74%
  82410 50922   241422.8773   497   155661.0000   242431.2205  9891909   55.74%
  82757 51231   240610.7205   253   155661.0000   242429.7473  9918903   55.74%
  83015 51451   236252.0544   211   155661.0000   242428.3341  9944943   55.74%
  83248 51646   241815.8634   241   155661.0000   242427.4393  9972124   55.74%
  83437 51803   230744.8226   207   155661.0000   242426.2989  9998821   55.74%
  83645 51978   241438.3552   246   155661.0000   242425.5134 10025852   55.74%
  83832 52125   237689.3418   211   155661.0000   242423.9549 10051736   55.74%
  84093 52359   238454.7814   285   155661.0000   242423.0385 10078837   55.74%
  84316 52536   238349.2704   320   155661.0000   242422.5085 10106149   55.74%
Elapsed time = 558.80 sec. (1532940.37 ticks, tree = 1495.60 MB, solutions = 11)
  84685 52875   237925.9297   278   155661.0000   242421.4194 10133239   55.74%
  85010 53164   238031.5499   212   155661.0000   242420.8906 10160437   55.74%
  85239 53359    infeasible         155661.0000   242420.3351 10187176   55.74%
  85468 53540   241290.7445   335   155661.0000   242418.6751 10212947   55.74%
  85668 53692    infeasible         155661.0000   242417.2869 10240117   55.73%
  85894 53880   237225.0694   206   155661.0000   242416.4063 10267012   55.73%
  86125 54067   237209.0892   306   155661.0000   242416.0386 10293935   55.73%
  86403 54311    infeasible         155661.0000   242415.3764 10320618   55.73%
  86610 54480   238934.3259   241   155661.0000   242413.6082 10346725   55.73%
  86871 54700   239258.0590   223   155661.0000   242412.2941 10374074   55.73%
Elapsed time = 572.86 sec. (1571347.47 ticks, tree = 1554.96 MB, solutions = 11)
  87115 54908   236177.0763   323   155661.0000   242411.6899 10400855   55.73%
  87362 55116   239989.3635   189   155661.0000   242410.9614 10427483   55.73%
  87597 55315   239778.3167   248   155661.0000   242409.7961 10454453   55.73%
  87839 55517   240878.3757   592   155661.0000   242408.2326 10480893   55.73%
  88032 55664   238361.6418   302   155661.0000   242406.8172 10506951   55.73%
  88290 55870   241155.6491   307   155661.0000   242405.0778 10533940   55.73%
  88460 55992   236398.2307   324   155661.0000   242403.8672 10560528   55.73%
  88682 56184    infeasible         155661.0000   242403.0147 10587698   55.72%
  88944 56410   236800.8975   355   155661.0000   242402.1318 10613494   55.72%
  89255 56688   240548.6647   248   155661.0000   242400.9630 10641194   55.72%
Elapsed time = 586.86 sec. (1609676.39 ticks, tree = 1614.29 MB, solutions = 11)
  89455 56844   232655.3283   178   155661.0000   242397.5625 10667993   55.72%
  89697 57046   239308.9111   227   155661.0000   242394.9784 10694804   55.72%
  89908 57227   242138.2907   307   155661.0000   242394.1187 10721838   55.72%
  90168 57451   241373.3333   236   155661.0000   242392.7351 10749491   55.72%
  90358 57599   240980.5419   364   155661.0000   242391.8710 10775509   55.72%
  90594 57797   228935.5678   235   155661.0000   242390.0750 10802060   55.72%
  90763 57926   233875.9352   268   155661.0000   242389.2703 10828432   55.72%
  90989 58128   239132.9212   263   155661.0000   242389.0823 10855565   55.72%
  91196 58299   231179.4817   271   155661.0000   242387.6122 10882754   55.72%
  91369 58432    infeasible         155661.0000   242386.6329 10910263   55.71%
Elapsed time = 601.01 sec. (1648128.72 ticks, tree = 1665.00 MB, solutions = 11)
  91522 58549   229455.1262   234   155661.0000   242385.0000 10936471   55.71%
  91738 58722    infeasible         155661.0000   242383.5469 10963455   55.71%
  91926 58862   239790.5780   293   155661.0000   242380.1801 10989704   55.71%
  92114 59010   239107.1836   475   155661.0000   242378.9328 11016373   55.71%
  92485 59348   241757.2095   268   155661.0000   242378.5000 11044230   55.71%
  92734 59568   236998.7597   253   155661.0000   242377.6394 11070756   55.71%
  92930 59717   240212.8925   265   155661.0000   242376.2593 11097496   55.71%
  93221 59960   241040.1709   255   155661.0000   242374.6691 11124447   55.71%
  93490 60201   222104.0457   191   155661.0000   242374.3451 11151444   55.71%
  93808 60484   241771.6539   257   155661.0000   242373.1228 11177819   55.71%
Elapsed time = 615.19 sec. (1686413.76 ticks, tree = 1717.88 MB, solutions = 11)
  94044 60685   240763.0639   385   155661.0000   242372.6176 11205478   55.71%
  94234 60835   235418.0992   317   155661.0000   242371.6450 11230880   55.70%
  94442 60997   241841.7542   195   155661.0000   242370.5971 11256873   55.70%
  94736 61252   241795.4341   225   155661.0000   242369.6549 11283520   55.70%
  94994 61459   237527.7191   212   155661.0000   242368.4809 11310251   55.70%
  95175 61598   238101.8038   259   155661.0000   242367.2869 11336764   55.70%
  95386 61759   239016.1378   255   155661.0000   242365.8561 11363902   55.70%
  95594 61923    infeasible         155661.0000   242364.5025 11390341   55.70%
  95856 62146   240164.7742   344   155661.0000   242363.2151 11416717   55.70%
  96079 62328   242010.1131   360   155661.0000   242362.5311 11443185   55.70%
Elapsed time = 629.25 sec. (1724700.78 ticks, tree = 1770.54 MB, solutions = 11)
  96301 62516   240772.6856   294   155661.0000   242361.4746 11468875   55.70%
  96553 62736   235456.5076   279   155661.0000   242360.9684 11494873   55.70%
  96783 62926   240259.1061   243   155661.0000   242359.9890 11520885   55.70%
  96993 63101   237441.1994   284   155661.0000   242359.6163 11547437   55.70%
  97152 63198   240912.7245   289   155661.0000   242357.5188 11573591   55.70%
  97343 63358   238590.7045   316   155661.0000   242356.6998 11598957   55.70%
  97598 63573   239334.3625   307   155661.0000   242355.8595 11625722   55.69%
  97863 63806    infeasible         155661.0000   242355.0817 11652816   55.69%
  98084 63977   237514.8626   295   155661.0000   242353.6210 11678979   55.69%
  98390 64253   225570.5528   204   155661.0000   242353.3031 11703746   55.69%
Elapsed time = 643.32 sec. (1762958.63 ticks, tree = 1827.78 MB, solutions = 11)
  98613 64436   240326.6273   417   155661.0000   242352.3243 11729618   55.69%
  98900 64691   241374.8126   282   155661.0000   242351.8784 11754708   55.69%
  99069 64830   239985.0382   323   155661.0000   242351.3333 11775296   55.69%
  99282 65005   241231.3211   226   155661.0000   242348.9124 11802596   55.69%
  99409 65114   238935.6741   297   155661.0000   242348.4768 11818158   55.69%
  99590 65268   241071.0568   239   155661.0000   242347.7098 11839668   55.69%
  99806 65458   237904.6874   212   155661.0000   242347.5100 11862260   55.69%
  99921 65557    infeasible         155661.0000   242347.1455 11873351   55.69%
 100050 65674   235837.3076   191   155661.0000   242346.8987 11886046   55.69%
 100190 65783   240911.2534   231   155661.0000   242345.6259 11905257   55.69%
Elapsed time = 658.94 sec. (1802845.33 ticks, tree = 1876.73 MB, solutions = 11)
 100367 65916   238354.3415   344   155661.0000   242344.9520 11930718   55.69%
 100490 66015   235019.6059   278   155661.0000   242344.3831 11945405   55.69%
 100690 66181   240648.8216   347   155661.0000   242343.7960 11967415   55.69%
 100890 66337    infeasible         155661.0000   242342.7500 11989114   55.69%
*100990+66404                       159738.0000   242342.1707            51.71%
*100990+66399                       159960.0000   242342.1707            51.50%
*101090+66485                       160064.0000   242342.0486            51.40%
 101112 66503    infeasible         160064.0000   242342.0486 12013012   51.40%
 101290 66661   241995.1776   339   160064.0000   242341.5146 12030336   51.40%
 101490 66835   233328.4773   296   160064.0000   242340.3625 12048892   51.40%
*101590+66922                       160270.0000   242339.9140            51.21%
*101590+66922                       160353.0000   242339.9140            51.13%
 101681 66999   237674.6083   262   160353.0000   242339.7553 12070326   51.13%
 101757 67063   232757.0535   375   160353.0000   242339.5539 12078594   51.13%
 101925 67189   241867.5294   342   160353.0000   242338.6492 12100662   51.13%
Elapsed time = 676.12 sec. (1846068.36 ticks, tree = 1918.50 MB, solutions = 16)
 102079 67313   238072.8148   324   160353.0000   242337.2763 12124129   51.13%
*102190+67401                       165193.0000   242336.8750            46.70%
 102284 67481   239681.2409   200   165193.0000   242336.6195 12146572   46.70%
 102339 67528   239830.2973   320   165193.0000   242336.3526 12152516   46.70%
 102444 67614    infeasible         165193.0000   242335.7612 12163933   46.70%
 102596 67736   239619.3249   399   165193.0000   242334.8046 12183864   46.70%
 102793 67911   240487.5090   353   165193.0000   242334.5909 12200994   46.70%
 103017 68091   240207.7135   272   165193.0000   242333.5481 12226813   46.70%
*103090+68138                       165269.0000   242333.1971            46.63%
 103141 68183   241532.6667   255   165269.0000   242332.7418 12243118   46.63%
 103355 68375   236924.7573   265   165269.0000   242332.1111 12263634   46.63%
*103490+68468                       174051.0000   242331.9828            39.23%
 103510 68484   241061.7379   234   174051.0000   242331.9778 12285447   39.23%
Elapsed time = 691.11 sec. (1884317.12 ticks, tree = 1958.87 MB, solutions = 19)
*103590+68551                       174371.0000   242331.5470            38.97%
*103690+68619                       174699.0000   242331.0652            38.71%
 103690 68619    infeasible         174699.0000   242331.0652 12304766   38.71%
*103790+68691                       178159.0000   242330.4184            36.02%
*103790+68691                       178308.0000   242330.4184            35.91%
 103817 68710   241463.3943   264   178308.0000   242330.2118 12320171   35.91%
 104029 68892   226187.9875   260   178308.0000   242329.0720 12345301   35.90%
 104092 68945   223699.0806   183   178308.0000   242328.4397 12351659   35.90%
*104190+69029                       178310.0000   242328.1542            35.90%
 104268 69089    infeasible         178310.0000   242327.7532 12372646   35.90%
 104390 69183   240158.4525   325   178310.0000   242327.2852 12389011   35.90%
 104524 69301   230456.0078   223   178310.0000   242327.1140 12402651   35.90%
 104601 69356   242207.4999   291   178310.0000   242326.5048 12415899   35.90%
 104749 69484   239574.3641   284   178310.0000   242326.1343 12433068   35.90%
 104911 69618   235317.3861   320   178310.0000   242325.6667 12453060   35.90%
Elapsed time = 706.57 sec. (1923716.00 ticks, tree = 1993.59 MB, solutions = 24)
 105103 69791   239886.7980   215   178310.0000   242325.3768 12469991   35.90%
 105216 69887   241031.5854   250   178310.0000   242325.0194 12481587   35.90%
 105431 70068   242236.7692   224   178310.0000   242324.2857 12506076   35.90%

GUB cover cuts applied:  1
Clique cuts applied:  16
Cover cuts applied:  156
Implied bound cuts applied:  32
Flow cuts applied:  17
Mixed integer rounding cuts applied:  300
Zero-half cuts applied:  110
Lift and project cuts applied:  1
Gomory fractional cuts applied:  14

Root node processing (before b&c):
  Real time             =    0.29 sec. (684.80 ticks)
Sequential b&c:
  Real time             =  710.71 sec. (1934792.50 ticks)
                          ------------
Total (root+branch&cut) =  711.00 sec. (1935477.29 ticks)
[CPLEX] Status: time limit exceeded
[CPLEX] OPTIMAL OBJ: 178310.0
[CPLEX] Runtime: 711.008 sec
Vehicle 0: d → 16 → 30 → 20 → 12 → 0 → 15 → 29 → 25 → 13 → 26 → 19 → 4 → 24 → 9 → 14 → 21 → 8 → 7 → 10 → 27 → d, (requests = [5, 6, 7, 11, 12, 16, 23])
Vehicle 1: d → 2 → 22 → 27 → 3 → 7 → 8 → 21 → 14 → 28 → 9 → 24 → 4 → 19 → 23 → 25 → 29 → 15 → 11 → 0 → 12 → 20 → 18 → d, (requests = [0, 1, 2, 3, 4, 8, 14, 18, 19, 25, 30])
Vehicle 2: d → 4 → 19 → 23 → 25 → 15 → 11 → d, (requests = [15])
Vehicle 3: d → 23 → 26 → 19 → 4 → 28 → 14 → 21 → 17 → 27 → 22 → 1 → d, (requests = [22, 26, 29])
Vehicle 4: d → 5 → 1 → 22 → 27 → 3 → 10 → 7 → 17 → 8 → 21 → 14 → 28 → 4 → 19 → 26 → 13 → 25 → 6 → 12 → 20 → 18 → d, (requests = [10, 13, 17, 21, 24, 28, 33])
Vehicle 5: d → 30 → 20 → 12 → 6 → 25 → 23 → 19 → 4 → 28 → 14 → 21 → 17 → 27 → 22 → 5 → d, (requests = [20, 31, 35])
======== PPDSP OBJECTIVE ========
Profit    = 224879
Cost      = 46569
Objective = 178310
=================================
===== RAW XY MODEL =====
16 153 235 264 303 348 385 443 470 510 543 613 653 681 778 814 852 896 954 981 1009 1037 1111 1128 1172 1257 1302 1337 1377 1429 1501 1516 1632 1656 1683 1711 1756 1786 1797 1854 1892 1930 1968 2019 2340 2576 2684 2824 2954 3008 3189 3379 3472 3785 3887 3928 4005 4021 4078 4167 4202 4226 4331 4394 4446 4487 4501 4544 4581 4617 4667 4744 4781 4816 4892 4947 4974 4998 5026 5071 5146 5185 5207 5240 5337 5727 5762 5788 5961 6040 6142 6183 6223 6260 6280 6326 6394 6457 6481 6551 6593 2050 2052 2054 2056 2058 2059 2061 2063 2066 5385 3232 3235 5391 3242 3246 3247 5399 5401 5406 6615 5419 5423 5425 5434 5436 5443 6632 6637 6641 6651 6662 6675
  [Time Manager] Step 4 consumed 711.01s. Total Consumed: 2175.95s.
  [Info] Saved 6675 core assumption literals to p1_A-n32-k5_r36v6k3.lp.asm

[5/6] Building & Solving: R=45, V=8, K=3
Default row names c1, c2 ... being created.
  [Info] Generating MIP Formulation...
  [Time Manager] Global Remaining Budget: 1424.05s | Future Weight Sum: 2.0
  [Time Manager] Recalibrated Budget for this step: 712.03s
[CPLEX] Setting time limit to 712 seconds
[CPLEX] Reading assumption from p1_A-n32-k5_r36v6k3.lp.asm ...
[CPLEX] Applying MIP Start with 6360 variables.
Version identifier: 22.1.1.0 | 2022-11-28 | 9160aff4d
CPXPARAM_Read_DataCheck                          1
CPXPARAM_Threads                                 1
CPXPARAM_TimeLimit                               712
1 of 1 MIP starts provided solutions.
MIP start 'm1' defined initial solution with objective 192532.0000.
Tried aggregator 1 time.
MIP Presolve eliminated 16 rows and 6824 columns.
MIP Presolve modified 4612 coefficients.
Reduced MIP has 4757 rows, 2232 columns, and 24520 nonzeros.
Reduced MIP has 1736 binaries, 496 generals, 0 SOSs, and 0 indicators.
Presolve time = 0.01 sec. (14.70 ticks)
Probing time = 0.00 sec. (3.00 ticks)
Tried aggregator 1 time.
Detecting symmetries...
Reduced MIP has 4757 rows, 2232 columns, and 24520 nonzeros.
Reduced MIP has 1736 binaries, 496 generals, 0 SOSs, and 0 indicators.
Presolve time = 0.01 sec. (16.13 ticks)
Probing time = 0.00 sec. (2.88 ticks)
Clique table members: 909.
MIP emphasis: balance optimality and feasibility.
MIP search method: dynamic search.
Parallel mode: none, using 1 thread.
Root relaxation solution time = 0.02 sec. (38.71 ticks)

        Nodes                                         Cuts/
   Node  Left     Objective  IInf  Best Integer    Best Bound    ItCnt     Gap

*     0+    0                       192532.0000  2611032.0000              --- 
      0     0   319891.0000   160   192532.0000   319891.0000     1017   66.15%
      0     0   319872.9366   227   192532.0000     Cuts: 217     1231   66.14%
      0     0   319808.8333   224   192532.0000      Cuts: 73     1374   66.11%
      0     0   319741.2603   223   192532.0000      Cuts: 75     1513   66.07%
      0     0   319602.4684   328   192532.0000      Cuts: 82     1807   66.00%
      0     0   319542.1525   353   192532.0000     Cuts: 158     1876   65.97%
      0     0   319215.1864   215   192532.0000      Cuts: 67     2109   65.80%
      0     0   319203.2500   302   192532.0000     Cuts: 137     2169   65.79%
      0     0   319171.0000   214   192532.0000  ZeroHalf: 27     2194   65.78%
      0     0   319171.0000   183   192532.0000      Cuts: 52     2197   65.78%
      0     0   319168.8889   242   192532.0000     Cuts: 119     2281   65.77%
*     0+    0                       194427.0000   319168.8889            64.16%
      0     0        cutoff         194427.0000   319168.8889     2281   64.16%
      0     2   319168.8889   236   194427.0000   319168.5854     2281   64.16%
Elapsed time = 0.83 sec. (1827.74 ticks, tree = 0.01 MB, solutions = 2)
      2     4   319043.7827   249   194427.0000   319043.7827     4091   64.09%
      4     6   318792.8695   486   194427.0000   319035.7488     5998   64.09%
      7     9   318879.2417   259   194427.0000   319035.7488     8205   64.09%
     10    12   318791.4529   262   194427.0000   319035.7488     9423   64.09%
     17    19   318651.6715   249   194427.0000   319035.7488    10855   64.09%
     21    23   318598.2458   451   194427.0000   319035.7488    12036   64.09%
     24    26   318362.5920   362   194427.0000   319035.7488    13374   64.09%
     31    33   318018.7705   131   194427.0000   319035.7488    14854   64.09%
     40    42   317541.5765   105   194427.0000   319035.7488    15685   64.09%
     71    73   314111.0365   194   194427.0000   319035.7488    21636   64.09%
Elapsed time = 2.37 sec. (5554.36 ticks, tree = 1.29 MB, solutions = 2)
     90    88   318604.5627   160   194427.0000   319032.6892    26421   64.09%
    140   127   317447.7735   330   194427.0000   318899.6302    30507   64.02%
    224   197   318364.1329   266   194427.0000   318880.2439    36098   64.01%
    265   232   317543.1629   185   194427.0000   318880.2439    40989   64.01%
    306   267   318707.6840   358   194427.0000   318873.4774    45973   64.01%
    387   333   318838.3762   266   194427.0000   318869.8329    50790   64.00%
    468   400   318704.4081   239   194427.0000   318842.1120    56265   63.99%
    511   443   314592.5892   181   194427.0000   318842.1120    61737   63.99%

Performing restart 1

Repeating presolve.
Tried aggregator 1 time.
MIP Presolve modified 200 coefficients.
Reduced MIP has 4757 rows, 2232 columns, and 24520 nonzeros.
Reduced MIP has 1736 binaries, 496 generals, 0 SOSs, and 0 indicators.
Presolve time = 0.01 sec. (14.44 ticks)
Tried aggregator 1 time.
Reduced MIP has 4757 rows, 2232 columns, and 24520 nonzeros.
Reduced MIP has 1736 binaries, 496 generals, 0 SOSs, and 0 indicators.
Presolve time = 0.01 sec. (17.03 ticks)
Represolve time = 0.03 sec. (47.67 ticks)
    518     0   319103.2554   263   194427.0000     Cuts: 153    63949   63.99%
    518     0   319024.3086   252   194427.0000      Cuts: 76    64089   63.99%
    518     0   318990.9610   370   194427.0000     Cuts: 176    64305   63.99%
    518     0   318945.3681   258   194427.0000      Cuts: 13    64596   63.99%
    518     0   318915.0906   279   194427.0000     Cuts: 140    64764   63.99%
    518     0   318887.4320   387   194427.0000     Cuts: 176    64914   63.99%
*   518+    0                       195891.0000   318842.1120            62.77%
    518     0        cutoff         195891.0000   318842.1120    64914   62.77%
    518     0   318805.8835   253   195891.0000      Cuts: 75    65131   62.75%
    518     0   318748.9571   346   195891.0000      Cuts: 75    65368   62.72%
    518     0   318684.3738   379   195891.0000     Cuts: 236    65520   62.68%
*   518+    0                       197988.0000   318684.3738            60.96%
    518     0        cutoff         197988.0000   318684.3738    65520   60.96%
    518     0   318652.0680   370   197988.0000     Cuts: 172    65712   60.95%
    518     0   318648.2631   503   197988.0000     Cuts: 105    65864   60.94%
    518     0   318631.1921   474   197988.0000      Cuts: 77    65997   60.93%
    518     0   318601.9822   390   197988.0000     Cuts: 294    66220   60.92%
    518     0   318467.0887   373   197988.0000     Cuts: 114    66453   60.85%
    518     0   318448.3146   346   197988.0000      Cuts: 60    66517   60.84%
    518     0   318448.2512   333   197988.0000      Cuts: 53    66544   60.84%
    518     0   318448.2171   350   197988.0000     Cuts: 252    66581   60.84%
    518     0   318443.2229   394   197988.0000  ZeroHalf: 86    66637   60.84%
    518     0   318426.3117   394   197988.0000     Cuts: 203    66683   60.83%
    518     2   318426.3117   386   197988.0000   318401.0262    66683   60.82%
    520     4   318253.5740   267   197988.0000   318253.5705    67930   60.74%
Elapsed time = 8.92 sec. (22296.15 ticks, tree = 0.01 MB, solutions = 4)
    522     6   317179.6663   245   197988.0000   318212.1607    69362   60.72%
    524     8   317082.1698   530   197988.0000   318212.1607    73359   60.72%
    526    10   316660.5179   394   197988.0000   318212.1607    76307   60.72%
    527    11   316312.8051   500   197988.0000   318212.1607    77962   60.72%
    529    13   316540.9343   362   197988.0000   318212.1607    79171   60.72%
    530    14   316531.3557   618   197988.0000   318212.1607    79926   60.72%
    531    15   316446.1483   609   197988.0000   318212.1607    80584   60.72%
    532    16   316441.2724   589   197988.0000   318212.1607    80677   60.72%
    533    17   316306.1029   508   197988.0000   318212.1607    82195   60.72%
    535    19   315261.4716   203   197988.0000   318212.1607    85470   60.72%
Elapsed time = 14.26 sec. (37671.13 ticks, tree = 0.15 MB, solutions = 4)
    537    21   315481.0317   664   197988.0000   318212.1607    85922   60.72%
    539    23   315462.8214   532   197988.0000   318212.1607    86976   60.72%
    542    26   315177.3553   529   197988.0000   318212.1607    88632   60.72%
    545    29   315043.3594   491   197988.0000   318212.1607    90371   60.72%
    548    32   314993.7122   495   197988.0000   318212.1607    91355   60.72%
    552    36   313890.4044   514   197988.0000   318212.1607    93494   60.72%
    556    40   313662.4601   462   197988.0000   318212.1607    95821   60.72%
    560    42   313549.9965   456   197988.0000   318212.1607    97135   60.72%
    563    45   313093.3625   459   197988.0000   318212.1607    99294   60.72%
    567    49   311907.2925   296   197988.0000   318212.1607   104536   60.72%
Elapsed time = 18.52 sec. (49969.51 ticks, tree = 0.44 MB, solutions = 4)
    572    54   310265.1288   231   197988.0000   318212.1607   106560   60.72%
    582    64   309673.4594   331   197988.0000   318212.1607   108605   60.72%
    594    74   309123.7786   265   197988.0000   318212.1607   111372   60.72%
    625    92   318018.2710   283   197988.0000   318174.0633   113560   60.70%
    629    96   317704.0627   382   197988.0000   318174.0633   114646   60.70%
    634   101   317216.1343   385   197988.0000   318174.0633   116096   60.70%
    639   106   315248.7049   254   197988.0000   318174.0633   118040   60.70%
    646   113   314454.3275   336   197988.0000   318174.0633   120889   60.70%
    650   117   312802.2287   390   197988.0000   318174.0633   123406   60.70%
    662   129   311704.9617   317   197988.0000   318174.0633   125056   60.70%
Elapsed time = 22.74 sec. (61059.45 ticks, tree = 2.63 MB, solutions = 4)
    674   137    infeasible         197988.0000   318174.0633   127405   60.70%
    680   141   317894.8980   409   197988.0000   318151.0304   128317   60.69%
    681   142   317881.6084   473   197988.0000   318151.0304   128578   60.69%
    684   145   317801.2911   475   197988.0000   318151.0304   129126   60.69%
    688   148   314286.1052   354   197988.0000   318151.0304   130145   60.69%
    694   154   313636.8368   581   197988.0000   318151.0304   131362   60.69%
    699   159   313345.0476   597   197988.0000   318151.0304   132666   60.69%
    705   165   312860.9052   427   197988.0000   318151.0304   134665   60.69%
    716   176   311924.2124   425   197988.0000   318151.0304   136499   60.69%
    729   186   317518.8920   483   197988.0000   318140.3793   138998   60.69%
Elapsed time = 26.53 sec. (71969.40 ticks, tree = 5.11 MB, solutions = 4)
    742   199   315262.9815   246   197988.0000   318140.3793   141233   60.69%
    773   228   312136.8243   453   197988.0000   318140.3793   145058   60.69%
    782   236   309839.8372   456   197988.0000   318140.3793   148091   60.69%
    802   254   308744.7947   449   197988.0000   318140.3793   151401   60.69%
    808   260   302648.2523   258   197988.0000   318140.3793   152271   60.69%
    823   272   298261.1918   362   197988.0000   318140.3793   155379   60.69%
    857   306   296129.9432   301   197988.0000   318140.3793   159251   60.69%
    889   330   317872.5342   265   197988.0000   318115.5962   161750   60.67%
    915   355   313278.8968   373   197988.0000   318115.5962   166611   60.67%
    957   395   311249.7259   324   197988.0000   318115.5962   170169   60.67%
Elapsed time = 30.13 sec. (81961.06 ticks, tree = 13.91 MB, solutions = 4)
   1000   433   315663.2740   364   197988.0000   318108.7033   175084   60.67%
   1009   442   314225.9245   319   197988.0000   318108.7033   176969   60.67%
   1018   451   312868.3397   302   197988.0000   318108.7033   180061   60.67%
   1046   475    infeasible         197988.0000   318108.7033   184645   60.67%
   1070   497   310937.6606   388   197988.0000   318107.3414   188815   60.67%
   1083   510   308521.4783   307   197988.0000   318107.3414   191155   60.67%
   1101   524   317386.6422   500   197988.0000   318103.1813   194795   60.67%
   1140   563   314347.6819   215   197988.0000   318103.1813   198912   60.67%
   1164   583   316222.4214   506   197988.0000   318100.6502   202965   60.67%
   1200   619   312496.5851   333   197988.0000   318100.6502   207836   60.67%
Elapsed time = 34.01 sec. (92610.90 ticks, tree = 21.16 MB, solutions = 4)
   1229   643   317573.0874   379   197988.0000   318071.3894   210640   60.65%
   1245   659   314864.9588   306   197988.0000   318071.3894   213867   60.65%
   1280   687   318000.6197   273   197988.0000   318018.2710   217539   60.63%
   1297   704   316971.2140   260   197988.0000   318018.2710   221472   60.63%
   1313   720   314782.4756   198   197988.0000   318018.2710   225681   60.63%
   1327   732   312608.4220   290   197988.0000   318018.2710   230552   60.63%
   1334   735   317290.9448   241   197988.0000   318005.9174   234751   60.62%
   1358   759   312216.4792   366   197988.0000   318005.9174   239065   60.62%
   1381   778   317262.5699   561   197988.0000   317981.7890   243413   60.61%
   1398   791   317414.9605   510   197988.0000   317976.6740   247316   60.60%
Elapsed time = 37.63 sec. (102594.08 ticks, tree = 27.38 MB, solutions = 4)
   1421   810   314192.9809   444   197988.0000   317976.6740   251701   60.60%
   1446   835   313407.4080   512   197988.0000   317976.6740   254953   60.60%
   1485   870   317542.3889   245   197988.0000   317975.3913   259666   60.60%
   1505   889   313271.5607   393   197988.0000   317975.3913   263981   60.60%
   1539   919    infeasible         197988.0000   317975.3913   269073   60.60%
   1553   933   317181.9431   568   197988.0000   317971.4563   273395   60.60%
   1568   946    infeasible         197988.0000   317971.4563   278514   60.60%
   1578   954   316562.7073   443   197988.0000   317917.9200   281663   60.57%
   1580   956   316469.5055   548   197988.0000   317917.9200   282138   60.57%
   1638  1005   298677.2785   449   197988.0000   317882.2030   291215   60.56%
Elapsed time = 42.48 sec. (116461.33 ticks, tree = 30.94 MB, solutions = 4)
   1780  1140   315874.2521   293   197988.0000   317882.1964   307896   60.56%
   1864  1209   310472.8496   329   197988.0000   317869.8494   326999   60.55%
   1923  1260   316241.8826   267   197988.0000   317832.6209   343717   60.53%
   2039  1372   311620.3372   425   197988.0000   317821.7096   359446   60.53%
   2152  1471   315070.2539   515   197988.0000   317794.8369   376137   60.51%
   2244  1548   311086.9634   527   197988.0000   317789.1231   392505   60.51%
   2358  1658   310253.2899   251   197988.0000   317786.6459   412157   60.51%
   2454  1744   308005.1445   209   197988.0000   317781.6273   429919   60.51%
   2536  1804    infeasible         197988.0000   317744.4632   448021   60.49%
   2656  1906   315741.9773   271   197988.0000   317739.8328   465811   60.48%
Elapsed time = 56.34 sec. (155029.36 ticks, tree = 66.83 MB, solutions = 4)
   2804  2046   314495.5000   352   197988.0000   317733.2958   486623   60.48%
   2888  2117   316069.7527   445   197988.0000   317724.9425   505850   60.48%
   3011  2234   302258.1969   254   197988.0000   317709.0356   520847   60.47%
   3121  2326   313677.7242   380   197988.0000   317691.2637   539018   60.46%
   3212  2406   316316.1949   366   197988.0000   317673.2614   562087   60.45%
   3387  2567   317140.6013   213   197988.0000   317670.6972   582039   60.45%
   3509  2675   314167.8146   423   197988.0000   317662.2193   601505   60.45%
   3585  2725   316551.7458   443   197988.0000   317635.0802   619980   60.43%
   3715  2844   314231.5852   485   197988.0000   317617.5993   640229   60.42%
   3864  2979   317102.7544   281   197988.0000   317613.7963   659576   60.42%
Elapsed time = 70.51 sec. (193453.59 ticks, tree = 98.77 MB, solutions = 4)
   3953  3049   316962.8148   387   197988.0000   317605.6511   678601   60.42%
   4037  3119   316131.2719   462   197988.0000   317568.3552   697293   60.40%
   4140  3210   308708.0722   400   197988.0000   317555.1363   717027   60.39%
   4318  3376   314915.4800   315   197988.0000   317546.1087   734102   60.39%
   4439  3483   313295.6181   400   197988.0000   317541.1271   755053   60.38%
   4542  3563   317146.9698   608   197988.0000   317532.8211   773884   60.38%
   4611  3617   314556.1891   342   197988.0000   317524.1781   792886   60.38%
   4701  3694   308756.7220   228   197988.0000   317507.4274   811977   60.37%
   4832  3817   311807.7190   421   197988.0000   317487.8879   830780   60.36%
   4962  3922   316145.0000   211   197988.0000   317471.7253   850423   60.35%
Elapsed time = 84.53 sec. (231953.59 ticks, tree = 131.74 MB, solutions = 4)
   5021  3967   314602.7998   360   197988.0000   317461.9975   868040   60.34%
   5115  4052   316854.8696   272   197988.0000   317459.1997   885462   60.34%
   5234  4143   308873.1683   257   197988.0000   317446.2998   905432   60.34%
   5327  4223   311581.8049   276   197988.0000   317442.5115   924950   60.33%
   5484  4362   305471.8279   291   197988.0000   317436.1225   944977   60.33%
   5619  4481   314188.1190   458   197988.0000   317418.0208   964197   60.32%
   5783  4627   315726.9516   272   197988.0000   317413.8901   983147   60.32%
   5896  4721   310277.2966   278   197988.0000   317409.6633  1003248   60.32%
   6031  4837   314704.4224   373   197988.0000   317405.8097  1023211   60.32%
   6118  4897    infeasible         197988.0000   317391.2474  1043327   60.31%
Elapsed time = 98.57 sec. (270500.01 ticks, tree = 171.11 MB, solutions = 4)
   6223  4986    infeasible         197988.0000   317387.1155  1064244   60.31%
   6323  5070   312156.0417   278   197988.0000   317380.4563  1082260   60.30%
   6494  5233   301668.0507   279   197988.0000   317376.0870  1102651   60.30%
   6602  5329   312012.4563   557   197988.0000   317374.7500  1122823   60.30%
   6746  5457   315388.7771   267   197988.0000   317363.7293  1143147   60.29%
   6849  5549    infeasible         197988.0000   317363.5622  1163142   60.29%
   6946  5624   316717.6701   416   197988.0000   317341.5189  1181913   60.28%
   7060  5727   312737.0411   256   197988.0000   317331.8466  1202600   60.28%
   7229  5881   315274.6268   369   197988.0000   317324.5587  1220799   60.27%
   7335  5970   310989.1387   253   197988.0000   317323.0234  1241105   60.27%
Elapsed time = 112.62 sec. (309092.07 ticks, tree = 217.01 MB, solutions = 4)
   7408  6029   316238.8034   582   197988.0000   317300.3467  1259522   60.26%
*  7518+ 6133                       198099.0000   317295.4175            60.17%
   7595  6211   290354.5903   275   198099.0000   317295.4175  1280659   60.17%
   7747  6350   311480.9350   328   198099.0000   317280.5020  1298102   60.16%
   7859  6448   313008.2241   180   198099.0000   317278.7524  1318457   60.16%
   8004  6578   308240.2360   335   198099.0000   317273.3418  1336898   60.16%
   8111  6665    infeasible         198099.0000   317262.6610  1356566   60.15%
   8207  6739   315498.5879   429   198099.0000   317253.7415  1376820   60.15%
   8355  6876   316092.3864   361   198099.0000   317252.8647  1396279   60.15%
   8464  6967        cutoff         198099.0000   317243.0482  1416890   60.14%
   8629  7120   314551.4833   448   198099.0000   317240.8890  1435736   60.14%
Elapsed time = 126.70 sec. (347540.92 ticks, tree = 254.94 MB, solutions = 5)
   8812  7280   316295.2916   514   198099.0000   317237.4745  1456144   60.14%
   8923  7371    infeasible         198099.0000   317232.6520  1475303   60.14%
   9073  7508   313764.4462   274   198099.0000   317230.8170  1495763   60.14%
   9163  7583    infeasible         198099.0000   317227.2226  1517285   60.14%
   9279  7689   312786.4333   352   198099.0000   317223.9023  1537726   60.13%
   9435  7834   316862.5409   433   198099.0000   317223.5463  1559813   60.13%
*  9518+ 7907                       198688.0000   317221.3567            59.66%
   9563  7948   312680.6773   235   198688.0000   317220.2669  1579379   59.66%
   9688  8065   309406.0082   289   198688.0000   317215.7936  1599411   59.66%
   9844  8204   315809.7047   431   198688.0000   317214.7944  1617138   59.65%
   9935  8281   313999.3350   524   198688.0000   317212.4861  1637820   59.65%
Elapsed time = 140.98 sec. (387023.64 ticks, tree = 292.26 MB, solutions = 6)
  10042  8378   313913.9625   543   198688.0000   317208.6342  1656957   59.65%
  10111  8433   313065.8402   402   198688.0000   317202.6144  1675866   59.65%
  10232  8544   301839.8296   298   198688.0000   317200.2380  1695609   59.65%
  10320  8618   313800.1746   294   198688.0000   317186.0671  1713811   59.64%
  10463  8747   310866.4941   346   198688.0000   317182.4191  1734117   59.64%
  10547  8819   316346.1197   276   198688.0000   317177.2194  1751160   59.64%
  10677  8943   313537.3163   474   198688.0000   317171.6175  1771246   59.63%
  10826  9065   315087.6636   276   198688.0000   317157.2812  1789983   59.63%
* 10878+ 9115                       198768.0000   317157.2812            59.56%
* 10878+ 9115                       198843.0000   317157.2812            59.50%
* 10878+ 9115                       198928.0000   317157.2812            59.43%
* 10878+ 9115                       199290.0000   317157.2812            59.14%
* 10878+ 9115                       199869.0000   317157.2812            58.68%
* 10878+ 9115                       200441.0000   317157.2812            58.23%
* 10878+ 9115                       201283.0000   317157.2812            57.57%
* 10878+ 9115                       204359.0000   317157.2812            55.20%
* 10878+ 9115                       208336.0000   317157.2812            52.23%
* 10878+ 9115                       209231.0000   317157.2812            51.58%
* 10879+ 9116                       209263.0000   317157.2812            51.56%
  10879  9118   316037.2743   379   209263.0000   317155.6462  1795401   51.56%
* 10880+ 9117                       209753.0000   317155.6462            51.20%
* 10880+ 9117                       211129.0000   317155.6462            50.22%
  10880  9119   316335.0185   299   211129.0000   317153.6477  1795827   50.22%
Elapsed time = 164.02 sec. (444081.63 ticks, tree = 328.06 MB, solutions = 19)
  10993  9214   316651.6059   358   211129.0000   317136.7634  1814763   50.21%
  11079  9285    infeasible         211129.0000   317134.4637  1834302   50.21%
  11198  9388   306657.3521   347   211129.0000   317129.7135  1853638   50.21%
  11342  9514   314497.6656   293   211129.0000   317122.5357  1873496   50.20%
  11465  9624   312872.2734   299   211129.0000   317118.0570  1893308   50.20%
  11585  9729   309845.7980   464   211129.0000   317116.4638  1915003   50.20%
  11710  9834   313546.0780   348   211129.0000   317110.4688  1935316   50.20%
  11858  9964   315161.7812   356   211129.0000   317109.1657  1956046   50.20%
  11970 10052    infeasible         211129.0000   317105.3493  1975476   50.20%
  12047 10113   310478.3824   324   211129.0000   317102.1306  1994714   50.19%
Elapsed time = 178.03 sec. (482651.50 ticks, tree = 367.69 MB, solutions = 19)
  12155 10211   313313.8764   308   211129.0000   317099.2443  2015872   50.19%
  12300 10340   314677.2812   298   211129.0000   317095.6587  2033426   50.19%
  12452 10476   316962.0241   412   211129.0000   317092.5433  2051643   50.19%
  12568 10575   313251.4626   294   211129.0000   317084.7801  2070777   50.19%
  12716 10715   314574.2286   470   211129.0000   317084.1784  2089866   50.19%
  12840 10822   313641.4016   308   211129.0000   317081.4931  2107612   50.18%
  12935 10907   311593.7275   327   211129.0000   317080.6045  2126787   50.18%
  13013 10967   314088.2901   479   211129.0000   317075.8295  2144984   50.18%
  13165 11104   309570.2320   381   211129.0000   317075.5130  2165422   50.18%
  13289 11208   313643.7440   408   211129.0000   317072.0751  2185231   50.18%
Elapsed time = 192.05 sec. (521232.36 ticks, tree = 414.82 MB, solutions = 19)
  13419 11314   316255.0726   256   211129.0000   317059.0009  2205765   50.17%
  13593 11469   310552.0897   320   211129.0000   317057.4948  2225657   50.17%
  13697 11549   315698.0903   307   211129.0000   317049.9361  2246298   50.17%
  13799 11638   312034.8687   294   211129.0000   317049.3449  2264427   50.17%
  13898 11713   315224.6346   487   211129.0000   317046.1869  2283683   50.17%
  13943 11746   296503.0833   351   211129.0000   317037.3430  2301873   50.16%
  14142 11921   316637.5268   582   211129.0000   317033.4020  2322436   50.16%
  14299 12058   310275.0279   327   211129.0000   317022.6613  2341056   50.16%
  14409 12140    infeasible         211129.0000   317019.1587  2360773   50.15%
  14522 12239   312545.0362   352   211129.0000   317015.4376  2380748   50.15%
Elapsed time = 206.65 sec. (560271.78 ticks, tree = 454.23 MB, solutions = 19)
  14618 12315   308655.7262   255   211129.0000   317007.8795  2399909   50.15%
  14835 12514   316698.9552   273   211129.0000   317004.9239  2420129   50.15%
  14951 12606   313431.4181   599   211129.0000   317000.7824  2439693   50.15%
  15053 12688    infeasible         211129.0000   316997.2500  2460163   50.14%
  15172 12795   311984.7091   305   211129.0000   316991.5000  2480708   50.14%
  15353 12954   312870.0370   283   211129.0000   316982.8061  2501371   50.14%
  15494 13083   309400.0599   268   211129.0000   316981.2710  2522210   50.14%
  15609 13186   315081.1750   313   211129.0000   316979.5188  2542910   50.14%
  15809 13376   309503.6381   313   211129.0000   316978.1389  2563889   50.13%
  15960 13507    infeasible         211129.0000   316974.5147  2584410   50.13%
Elapsed time = 220.90 sec. (598790.82 ticks, tree = 498.61 MB, solutions = 19)
  16076 13604   313957.9052   391   211129.0000   316970.3073  2604428   50.13%
  16254 13750    infeasible         211129.0000   316963.8017  2624907   50.13%
  16351 13819   306043.1008   299   211129.0000   316958.2331  2643313   50.13%
  16442 13889    infeasible         211129.0000   316953.2806  2664221   50.12%
  16508 13933   314804.7893   231   211129.0000   316950.5577  2681462   50.12%
  16590 13999   312538.9511   419   211129.0000   316947.0948  2699600   50.12%
  16724 14105    infeasible         211129.0000   316941.7719  2718508   50.12%
  16768 14141   312331.0259   386   211129.0000   316939.2507  2736979   50.12%
  16825 14179   316298.4027   362   211129.0000   316933.8177  2756056   50.11%
  16968 14307   308672.9825   367   211129.0000   316933.3065  2776427   50.11%
Elapsed time = 235.19 sec. (637667.83 ticks, tree = 531.04 MB, solutions = 19)
  17055 14364   315658.6412   414   211129.0000   316924.9561  2794213   50.11%
  17160 14449   308920.2984   306   211129.0000   316922.8768  2813311   50.11%
  17314 14581    infeasible         211129.0000   316918.4940  2832785   50.11%
  17423 14678   316505.1851   585   211129.0000   316913.6970  2852171   50.10%
  17521 14760   310036.9714   316   211129.0000   316909.3026  2871808   50.10%
  17649 14859    infeasible         211129.0000   316902.8478  2890349   50.10%
  17694 14887   312684.6745   285   211129.0000   316899.0130  2908769   50.10%
  17769 14949   312774.4536   204   211129.0000   316897.2707  2926739   50.10%
  17906 15070   314271.0050   454   211129.0000   316893.0371  2945954   50.09%
  18041 15188   316488.0923   577   211129.0000   316882.9342  2964996   50.09%
Elapsed time = 249.48 sec. (676309.59 ticks, tree = 568.75 MB, solutions = 19)
  18157 15296   312624.5570   346   211129.0000   316881.8410  2983987   50.09%
  18265 15382    infeasible         211129.0000   316878.7300  3004302   50.09%
  18387 15491   310840.9953   247   211129.0000   316874.1468  3023955   50.09%
  18499 15579   315644.2900   273   211129.0000   316871.1294  3044219   50.08%
  18561 15626   313683.9830   355   211129.0000   316867.8750  3062227   50.08%
  18677 15731   313028.9169   327   211129.0000   316866.7725  3081824   50.08%
  18835 15870   316515.0827   578   211129.0000   316860.8266  3101509   50.08%
  19011 16034   302536.2966   187   211129.0000   316857.0664  3119967   50.08%
  19087 16100   312698.7129   294   211129.0000   316853.5103  3140164   50.08%
  19196 16191    infeasible         211129.0000   316852.2255  3159385   50.08%
Elapsed time = 263.78 sec. (714853.36 ticks, tree = 612.11 MB, solutions = 19)
  19301 16273    infeasible         211129.0000   316850.5000  3179680   50.07%
  19381 16329   314111.6833   250   211129.0000   316844.4470  3198131   50.07%
  19469 16399   315410.1062   483   211129.0000   316840.4135  3218119   50.07%
  19609 16525   315539.3205   349   211129.0000   316834.6040  3236923   50.07%
  19722 16622   313817.6341   449   211129.0000   316830.9336  3254569   50.07%
  19868 16750   310265.5162   210   211129.0000   316827.5327  3274111   50.06%
  19970 16823   307107.5874   317   211129.0000   316818.0838  3293892   50.06%
  20101 16940   315242.2972   271   211129.0000   316814.8737  3314743   50.06%
  20202 17021   310078.7622   387   211129.0000   316808.7857  3334120   50.05%
  20303 17102   315703.9005   315   211129.0000   316795.6246  3352882   50.05%
Elapsed time = 278.17 sec. (753372.76 ticks, tree = 651.44 MB, solutions = 19)
  20421 17196   313942.4515   331   211129.0000   316793.3910  3372498   50.05%
  20518 17266   315552.3690   310   211129.0000   316784.0055  3391725   50.04%
  20628 17366   312905.6256   444   211129.0000   316783.2535  3411297   50.04%
  20752 17470   309595.4717   245   211129.0000   316773.8374  3430902   50.04%
  20917 17625   312351.0333   222   211129.0000   316771.0663  3449167   50.04%
  21072 17754   314655.1972   524   211129.0000   316758.4852  3469814   50.03%
  21242 17914   311171.6762   522   211129.0000   316752.0587  3489729   50.03%
  21359 18014   312480.2315   418   211129.0000   316745.6111  3508128   50.02%

Performing restart 2

Repeating presolve.
Tried aggregator 1 time.
MIP Presolve modified 2016 coefficients.
Reduced MIP has 4757 rows, 2232 columns, and 36016 nonzeros.
Reduced MIP has 1736 binaries, 496 generals, 0 SOSs, and 0 indicators.
Presolve time = 0.01 sec. (23.63 ticks)
Tried aggregator 1 time.
Reduced MIP has 4757 rows, 2232 columns, and 36016 nonzeros.
Reduced MIP has 1736 binaries, 496 generals, 0 SOSs, and 0 indicators.
Presolve time = 0.01 sec. (22.88 ticks)
Represolve time = 0.08 sec. (120.00 ticks)
  21462     0   318093.8750   245   211129.0000     Cuts: 111  3523494   50.02%
  21462     0   318061.4959   371   211129.0000     Cuts: 167  3523682   50.02%
  21462     0   318030.8366   285   211129.0000      Cuts: 23  3524039   50.02%
  21462     0   318030.3036   411   211129.0000      Cuts: 81  3524147   50.02%
  21462     0   317987.8906   342   211129.0000      Cuts: 49  3524430   50.02%
  21462     0   317960.6442   243   211129.0000     Cuts: 101  3524786   50.02%
  21462     0   317935.8890   627   211129.0000     Cuts: 151  3525163   50.02%
  21462     0   317883.6337   524   211129.0000      Cuts: 84  3525670   50.02%
  21462     0   317702.4645   222   211129.0000     Cuts: 172  3526141   50.02%
  21462     0   317621.7504   404   211129.0000     Cuts: 102  3527366   50.02%
  21462     0   317591.0970   413   211129.0000     Cuts: 163  3527709   50.02%
  21462     0   317591.0970   441   211129.0000      Cuts: 83  3527762   50.02%
  21462     2   317591.0970   441   211129.0000   316742.6987  3527762   50.02%
  21465     5   317489.8000   274   211129.0000   316742.6987  3528659   50.02%
Elapsed time = 295.48 sec. (800044.79 ticks, tree = 0.01 MB, solutions = 19)
  21467     7   317274.3291   271   211129.0000   316742.6987  3530695   50.02%
  21469     9   317165.0000   247   211129.0000   316742.6987  3532198   50.02%
  21472    12   316989.9800   610   211129.0000   316742.6987  3539027   50.02%
  21475    15   316175.8225   477   211129.0000   316742.6987  3543338   50.02%
  21480    20   314840.8393   438   211129.0000   316742.6987  3546346   50.02%
  21491    29   313374.7924   279   211129.0000   316742.6987  3553910   50.02%
  21505    37   316654.3274   245   211129.0000   316742.6987  3567265   50.02%
  21521    50   316175.0000   339   211129.0000   316742.6987  3579580   50.02%
  21529    58   315874.4602   245   211129.0000   316742.6987  3581090   50.02%
  21555    84   312448.3112   788   211129.0000   316742.6987  3589590   50.02%
Elapsed time = 309.82 sec. (843011.01 ticks, tree = 1.89 MB, solutions = 19)
  21588   117   308959.5976   465   211129.0000   316742.6987  3596506   50.02%
  21673   198   314750.7641   411   211129.0000   316742.6987  3604664   50.02%
  21797   320   303629.3310   236   211129.0000   316742.6987  3619792   50.02%
  21908   427   307930.1611   258   211129.0000   316742.6987  3635777   50.02%
  21981   496   312695.2608   309   211129.0000   316742.6987  3652060   50.02%
  22092   599   292530.8353   247   211129.0000   316742.6987  3670049   50.02%
  22173   666    infeasible         211129.0000   316742.6987  3686965   50.02%
  22259   746   297539.5423   218   211129.0000   316742.6987  3705241   50.02%
  22408   886   309311.4205   263   211129.0000   316742.6987  3720411   50.02%
  22483   949   313898.7606   384   211129.0000   316742.6987  3736962   50.02%
Elapsed time = 324.02 sec. (881850.30 ticks, tree = 24.62 MB, solutions = 19)
  22553  1003   313490.4814   485   211129.0000   316742.6987  3758270   50.02%
  22626  1066    infeasible         211129.0000   316742.6987  3779774   50.02%
  22696  1128   313495.5121   473   211129.0000   316742.6987  3797799   50.02%
  22809  1233   309042.6798   330   211129.0000   316742.6987  3816665   50.02%
  22913  1320    infeasible         211129.0000   316742.6987  3836377   50.02%
  22973  1366   315767.1564   271   211129.0000   316742.6987  3856554   50.02%
  23053  1438   308844.1655   473   211129.0000   316742.6987  3876111   50.02%
  23110  1467   312675.5745   285   211129.0000   316742.6987  3897278   50.02%
  23311  1662   314559.4425   233   211129.0000   316742.6987  3914424   50.02%
  23424  1768   312352.4810   315   211129.0000   316742.6987  3933159   50.02%
Elapsed time = 338.19 sec. (921220.28 ticks, tree = 48.35 MB, solutions = 19)
  23518  1857   309077.2265   393   211129.0000   316732.3660  3949418   50.02%
  23611  1940   316579.6981   432   211129.0000   316730.2348  3969559   50.02%
  23719  2041   314962.2422   413   211129.0000   316727.4806  3985621   50.02%
  23825  2124   315675.8667   228   211129.0000   316718.9326  4007723   50.01%
  23894  2177   313841.7604   354   211129.0000   316674.9657  4026305   49.99%
  23952  2227   309994.7702   220   211129.0000   316653.5877  4048984   49.98%
  24005  2258   314034.6421   332   211129.0000   316636.4060  4069214   49.97%
  24101  2342   313183.2737   516   211129.0000   316621.7245  4090017   49.97%
  24187  2416   298729.5628   337   211129.0000   316617.1905  4109228   49.96%
  24267  2479   315730.4000   241   211129.0000   316603.3683  4129147   49.96%
Elapsed time = 352.19 sec. (960461.46 ticks, tree = 76.59 MB, solutions = 19)
  24396  2598   315210.0480   591   211129.0000   316589.2696  4149556   49.95%
  24467  2655   314027.8750   269   211129.0000   316581.2088  4168904   49.95%
  24596  2770   311953.5797   201   211129.0000   316570.1902  4190478   49.94%
  24782  2950   314871.1231   469   211129.0000   316562.6122  4210395   49.94%
  24856  3020   311688.6059   328   211129.0000   316560.8528  4231342   49.94%
  24937  3082   313226.9982   341   211129.0000   316558.6306  4252243   49.94%
  25022  3160   314933.7360   381   211129.0000   316539.1944  4271350   49.93%
  25122  3249   314429.2397   254   211129.0000   316522.3624  4290243   49.92%
  25188  3299   315467.9786   378   211129.0000   316514.2019  4309818   49.92%
  25229  3326   314899.8472   644   211129.0000   316504.5051  4327461   49.91%
Elapsed time = 366.14 sec. (999187.21 ticks, tree = 98.02 MB, solutions = 19)
  25292  3376   311863.5673   365   211129.0000   316494.4478  4345493   49.91%
  25394  3466   311571.7199   279   211129.0000   316477.3426  4364817   49.90%
  25469  3532   309343.5436   306   211129.0000   316473.5531  4384578   49.90%
  25541  3594   311789.2378   426   211129.0000   316467.0081  4404458   49.89%
  25626  3669   313076.8406   343   211129.0000   316463.8631  4424314   49.89%
  25705  3744   311412.9943   559   211129.0000   316463.4444  4444798   49.89%
  25836  3867    infeasible         211129.0000   316463.4444  4464682   49.89%
  25933  3958   314109.8772   524   211129.0000   316453.7920  4484152   49.89%
  26054  4073   313128.8332   372   211129.0000   316452.8897  4503058   49.89%
  26135  4144   312513.8120   399   211129.0000   316447.9957  4521795   49.88%
Elapsed time = 380.04 sec. (1037713.68 ticks, tree = 123.19 MB, solutions = 19)
  26197  4189   314112.0041   576   211129.0000   316421.7515  4539614   49.87%
  26273  4255   315574.2787   253   211129.0000   316417.1383  4559318   49.87%
  26336  4310   309681.9000   283   211129.0000   316410.3839  4581686   49.87%
  26394  4346   313050.9107   216   211129.0000   316383.6020  4600961   49.85%
  26477  4421   313968.8621   392   211129.0000   316377.2269  4621869   49.85%
  26537  4471   306095.4217   272   211129.0000   316376.5625  4642629   49.85%
  26590  4515   300501.7189   413   211129.0000   316372.6777  4662435   49.85%
  26784  4697   310989.6667   416   211129.0000   316372.3695  4683744   49.85%
  26853  4747   312471.3790   229   211129.0000   316367.0781  4702885   49.85%
  26943  4829   313260.4693   334   211129.0000   316353.7639  4722649   49.84%
Elapsed time = 393.82 sec. (1076179.26 ticks, tree = 149.99 MB, solutions = 19)
  27012  4884   309083.7500   307   211129.0000   316340.4333  4743180   49.83%
  27096  4956   310120.6020   381   211129.0000   316336.9372  4763660   49.83%
  27206  5050    infeasible         211129.0000   316333.9881  4784937   49.83%
  27249  5079   310535.6139   345   211129.0000   316309.5672  4800636   49.82%
  27318  5130   316098.7308   258   211129.0000   316285.1958  4819299   49.81%
  27480  5288   316056.8836   256   211129.0000   316284.6873  4838969   49.81%
  27550  5350   306660.8996   272   211129.0000   316281.3704  4859472   49.80%
  27632  5420   312665.6364   410   211129.0000   316267.6963  4878564   49.80%
  27685  5453   313415.1667   348   211129.0000   316261.5000  4899299   49.80%
  27719  5469    infeasible         211129.0000   316239.2857  4916288   49.78%
Elapsed time = 407.82 sec. (1114796.27 ticks, tree = 175.68 MB, solutions = 19)
  27785  5523   305170.8985   395   211129.0000   316229.8447  4936322   49.78%
  27860  5594   311813.2475   365   211129.0000   316229.0756  4956690   49.78%
  27962  5691   296369.9263   396   211129.0000   316225.0528  4979321   49.78%
  28114  5839   304550.0933   339   211129.0000   316221.5031  4998946   49.78%
  28206  5913   312722.8255   432   211129.0000   316211.0064  5018687   49.77%
  28311  6010   297405.5590   267   211129.0000   316210.7917  5038483   49.77%
  28473  6164   315382.0228   455   211129.0000   316202.8269  5058740   49.77%
  28575  6260   312020.8228   369   211129.0000   316201.9458  5079276   49.77%
  28671  6346   315042.6022   274   211129.0000   316197.5436  5099687   49.77%
  28839  6508   314107.5213   276   211129.0000   316196.2720  5120407   49.76%
Elapsed time = 422.02 sec. (1153462.16 ticks, tree = 204.39 MB, solutions = 19)
  28895  6554   310875.8453   288   211129.0000   316192.9286  5139724   49.76%
  28976  6627   313107.6689   251   211129.0000   316180.4205  5160593   49.76%
  29062  6705   315203.0536   474   211129.0000   316174.8363  5179197   49.75%
  29141  6779   310567.6316   396   211129.0000   316172.8333  5200880   49.75%
  29199  6827   314619.6822   388   211129.0000   316171.7287  5220585   49.75%
  29301  6918    infeasible         211129.0000   316170.3918  5240760   49.75%
  29366  6973   315327.8027   591   211129.0000   316168.6167  5260447   49.75%
  29505  7106   301050.7102   222   211129.0000   316166.9340  5279496   49.75%
  29600  7183   313469.7892   361   211129.0000   316164.9697  5298848   49.75%
  29687  7256   311926.2232   433   211129.0000   316156.9118  5318448   49.75%
Elapsed time = 436.10 sec. (1191992.44 ticks, tree = 224.80 MB, solutions = 19)
  29736  7291   314986.2500   241   211129.0000   316152.5720  5337665   49.74%
  29800  7345   309772.3195   355   211129.0000   316145.5222  5357291   49.74%
  29878  7413    infeasible         211129.0000   316143.3222  5377216   49.74%
  29980  7505   304347.1939   323   211129.0000   316127.0333  5395878   49.73%
  30071  7584   313919.9279   292   211129.0000   316120.4464  5415827   49.73%
  30126  7620   306946.3357   310   211129.0000   316115.2755  5436603   49.73%
  30217  7699   305788.2778   308   211129.0000   316111.8072  5457050   49.72%
  30271  7743   311041.8854   410   211129.0000   316109.0000  5477817   49.72%
  30344  7798    infeasible         211129.0000   316106.4339  5498498   49.72%
  30453  7903   310122.7469   487   211129.0000   316100.9951  5516969   49.72%
Elapsed time = 450.25 sec. (1230528.80 ticks, tree = 247.94 MB, solutions = 19)
  30569  8005   312136.4639   390   211129.0000   316100.0870  5536660   49.72%
  30626  8052   311823.9031   309   211129.0000   316098.2692  5556149   49.72%
  30748  8169   301590.8519   209   211129.0000   316096.4735  5575293   49.72%
  30912  8327   301691.3221   345   211129.0000   316095.7588  5594398   49.72%
  31010  8411    infeasible         211129.0000   316090.9596  5614479   49.71%
  31159  8548   315179.4475   466   211129.0000   316080.0583  5635605   49.71%
  31258  8641   308991.5816   399   211129.0000   316074.3915  5655680   49.71%
  31342  8715   311951.6682   257   211129.0000   316063.2000  5675420   49.70%
  31398  8757   311298.3891   444   211129.0000   316055.7541  5695057   49.70%
  31454  8791   311619.6250   239   211129.0000   316051.1111  5713923   49.70%
Elapsed time = 464.33 sec. (1269068.19 ticks, tree = 282.52 MB, solutions = 19)
  31534  8853   310695.4146   241   211129.0000   316040.4828  5733866   49.69%
  31590  8897   312686.2500   229   211129.0000   316037.0840  5752527   49.69%
  31677  8972   306835.8210   286   211129.0000   316033.7273  5772188   49.69%
  31772  9055    infeasible         211129.0000   316027.2109  5792849   49.68%
  31820  9089   312082.5511   450   211129.0000   316011.8582  5810885   49.68%
  31905  9159   311542.0442   443   211129.0000   315991.2490  5829386   49.67%
  32001  9245   313331.5955   633   211129.0000   315989.6897  5849385   49.67%
  32092  9322    infeasible         211129.0000   315987.3299  5869548   49.67%
  32157  9378   311962.0841   346   211129.0000   315979.2008  5888530   49.66%
  32238  9446   312667.1005   386   211129.0000   315971.5917  5908374   49.66%
Elapsed time = 478.43 sec. (1307722.68 ticks, tree = 305.29 MB, solutions = 19)
  32292  9488   314491.9285   347   211129.0000   315968.8282  5926684   49.66%
  32388  9574   312645.3990   278   211129.0000   315965.1968  5946376   49.66%
  32484  9650   313254.2620   420   211129.0000   315957.0954  5966928   49.65%
  32569  9723    infeasible         211129.0000   315951.6415  5986139   49.65%
  32730  9870   302653.3395   225   211129.0000   315946.0655  6005670   49.65%
  32905 10026   313645.2297   415   211129.0000   315944.8152  6026957   49.65%
  33045 10155   311227.7062   452   211129.0000   315944.7875  6046538   49.65%
  33194 10292    infeasible         211129.0000   315944.7875  6063954   49.65%
  33226 10308   315216.9737   296   211129.0000   315940.6656  6083210   49.64%
  33272 10333   315484.9234   510   211129.0000   315932.9156  6102807   49.64%
Elapsed time = 492.59 sec. (1346535.52 ticks, tree = 337.90 MB, solutions = 19)
  33358 10411   314970.0000   463   211129.0000   315932.5717  6122670   49.64%
  33462 10507   293855.8613   318   211129.0000   315931.7353  6142511   49.64%
  33542 10566   311275.0767   684   211129.0000   315923.2694  6162845   49.64%
  33597 10609   315315.1000   317   211129.0000   315920.9195  6182642   49.63%
  33676 10682   313015.7635   233   211129.0000   315920.0900  6202595   49.63%
  33772 10762   313623.9827   261   211129.0000   315912.7406  6223073   49.63%
  33845 10819   303387.1284   354   211129.0000   315899.7410  6244577   49.62%
  33917 10877   314341.5556   261   211129.0000   315890.8822  6264641   49.62%
  34013 10967   309007.0320   258   211129.0000   315890.0362  6284157   49.62%
  34150 11094    infeasible         211129.0000   315885.1667  6304069   49.62%
Elapsed time = 506.75 sec. (1385496.10 ticks, tree = 370.26 MB, solutions = 19)
  34197 11125   314927.8000   240   211129.0000   315878.2973  6324258   49.61%
  34323 11240   314663.1743   481   211129.0000   315876.8455  6344529   49.61%
  34401 11299   314354.7569   369   211129.0000   315874.5772  6363608   49.61%
  34477 11365   313350.6071   678   211129.0000   315872.9855  6383732   49.61%
  34545 11429   306569.2037   401   211129.0000   315872.9855  6404229   49.61%
  34650 11520    infeasible         211129.0000   315871.1266  6425592   49.61%
  34721 11577    infeasible         211129.0000   315869.9234  6444790   49.61%
  34864 11706   314103.8948   291   211129.0000   315866.3919  6465009   49.61%
  34982 11816   312907.1075   360   211129.0000   315859.4375  6486391   49.60%
  35049 11867   310995.5450   318   211129.0000   315853.9250  6505606   49.60%
Elapsed time = 521.05 sec. (1424406.58 ticks, tree = 401.48 MB, solutions = 19)
  35117 11911   314013.4769   351   211129.0000   315851.0442  6523650   49.60%
  35178 11958   307508.8537   372   211129.0000   315849.8333  6543706   49.60%
  35296 12066   314617.9559   275   211129.0000   315846.6063  6563098   49.60%
  35385 12139    infeasible         211129.0000   315846.0808  6581995   49.60%
  35446 12180    infeasible         211129.0000   315839.2388  6599984   49.60%
  35532 12264   299707.2017   352   211129.0000   315838.1436  6620035   49.59%
  35722 12446   315552.4195   275   211129.0000   315835.8618  6638873   49.59%
  35872 12584   313059.7086   264   211129.0000   315833.6324  6658485   49.59%
  35965 12665   311077.6434   334   211129.0000   315830.6696  6677333   49.59%
  36093 12779   312054.5000   289   211129.0000   315827.3485  6696487   49.59%
Elapsed time = 535.36 sec. (1462876.07 ticks, tree = 442.45 MB, solutions = 19)
  36159 12839   314463.2886   605   211129.0000   315827.0669  6716197   49.59%
  36219 12893   310964.7105   367   211129.0000   315825.7848  6735228   49.59%
  36403 13069   313133.5877   344   211129.0000   315824.7562  6755347   49.59%
  36569 13231   297318.3401   367   211129.0000   315823.5438  6775334   49.59%
  36691 13343   313891.6010   346   211129.0000   315818.8689  6793486   49.59%
  36848 13481   315045.1888   538   211129.0000   315805.0000  6813042   49.58%
  36917 13534   309449.0445   349   211129.0000   315799.9138  6833099   49.58%
  36999 13608   313510.0000   289   211129.0000   315797.7381  6852288   49.58%
  37060 13655    infeasible         211129.0000   315797.5000  6869301   49.58%
  37137 13716   314517.1333   295   211129.0000   315790.8864  6886660   49.57%
Elapsed time = 549.74 sec. (1501570.25 ticks, tree = 482.75 MB, solutions = 19)
  37232 13805   302050.4060   362   211129.0000   315790.8864  6907113   49.57%
  37330 13885   311033.5382   403   211129.0000   315788.4444  6926269   49.57%
  37395 13936    infeasible         211129.0000   315785.1003  6946912   49.57%
  37445 13976   313376.8803   480   211129.0000   315784.0679  6966752   49.57%
  37522 14041    infeasible         211129.0000   315782.3333  6985349   49.57%
  37576 14089   306729.2116   239   211129.0000   315779.7000  7004366   49.57%
  37693 14197   313275.5000   206   211129.0000   315777.1451  7023794   49.57%
  37762 14248   310281.1562   265   211129.0000   315772.8006  7043039   49.56%
  37830 14302   313991.6487   615   211129.0000   315770.6667  7062529   49.56%
  37957 14419   310761.0033   314   211129.0000   315768.9980  7081513   49.56%
Elapsed time = 564.18 sec. (1540047.24 ticks, tree = 511.34 MB, solutions = 19)
  38105 14559   313121.4560   402   211129.0000   315768.3898  7100873   49.56%
  38169 14603   313094.0977   244   211129.0000   315767.0000  7118885   49.56%
  38223 14639    infeasible         211129.0000   315764.4067  7137993   49.56%
  38287 14688   314104.8013   290   211129.0000   315757.1688  7156407   49.56%
  38331 14716   314416.5000   349   211129.0000   315755.6790  7175156   49.56%
  38460 14839   314899.7409   361   211129.0000   315755.1765  7196547   49.56%
  38547 14906   314326.7460   286   211129.0000   315751.4651  7216444   49.55%
  38655 15006    infeasible         211129.0000   315747.8835  7239200   49.55%
  38697 15034   314969.5000   367   211129.0000   315744.2677  7257906   49.55%
  38768 15091   313591.4762   280   211129.0000   315738.8137  7278548   49.55%
Elapsed time = 578.72 sec. (1579278.97 ticks, tree = 540.74 MB, solutions = 19)
  38826 15139   306326.0431   210   211129.0000   315737.9240  7299441   49.55%
  38898 15197   309307.0000   297   211129.0000   315735.7377  7320222   49.55%
  38970 15255   314863.0917   337   211129.0000   315733.1613  7339901   49.55%
  39030 15293    infeasible         211129.0000   315730.8147  7359391   49.54%
  39197 15453   278891.3753   237   211129.0000   315730.3930  7378062   49.54%
  39275 15507   314461.1966   365   211129.0000   315720.4465  7397629   49.54%
  39360 15586   292935.3297   338   211129.0000   315720.1924  7416204   49.54%
  39446 15658   312464.6535   383   211129.0000   315719.8029  7435665   49.54%
  39517 15723   301317.9076   253   211129.0000   315719.4081  7455471   49.54%
  39642 15843   300315.2573   222   211129.0000   315718.9448  7475947   49.54%
Elapsed time = 592.93 sec. (1617807.51 ticks, tree = 574.45 MB, solutions = 19)
  39838 16021    infeasible         211129.0000   315718.6014  7495852   49.54%
  39924 16105   293843.4178   467   211129.0000   315716.2549  7514274   49.54%
  40033 16206   306274.5528   363   211129.0000   315715.7879  7534707   49.54%
  40119 16274   313748.4813   574   211129.0000   315714.9552  7554015   49.54%
  40223 16370   315412.1576   500   211129.0000   315711.9980  7575248   49.54%
  40317 16456   312943.1344   282   211129.0000   315711.5873  7595552   49.53%
  40412 16541    infeasible         211129.0000   315709.4455  7614415   49.53%
  40452 16565   310561.0008   214   211129.0000   315705.2679  7634044   49.53%
  40527 16620   313237.3178   430   211129.0000   315701.6667  7654165   49.53%
  40600 16679   307174.2130   285   211129.0000   315691.3155  7673634   49.53%
Elapsed time = 607.16 sec. (1656679.91 ticks, tree = 608.78 MB, solutions = 19)
  40698 16767   310501.6444   376   211129.0000   315686.6021  7691146   49.52%
  40780 16836   310372.5830   434   211129.0000   315685.4583  7710834   49.52%
  40896 16938   315500.7174   375   211129.0000   315679.6359  7729931   49.52%
  40967 16999   312218.4758   487   211129.0000   315677.3483  7748923   49.52%
  41078 17103   314614.3017   288   211129.0000   315668.7047  7769631   49.51%
  41137 17138   309054.4617   372   211129.0000   315662.8246  7788923   49.51%
  41341 17336   313439.2855   257   211129.0000   315662.0346  7809803   49.51%
  41445 17430   314074.6719   545   211129.0000   315654.6864  7829136   49.51%
  41537 17506   315146.2509   389   211129.0000   315654.3174  7849046   49.51%
  41598 17551   315205.9827   405   211129.0000   315648.1162  7867418   49.50%
Elapsed time = 621.36 sec. (1695079.06 ticks, tree = 649.35 MB, solutions = 19)
  41703 17639   311483.8750   227   211129.0000   315646.5634  7886731   49.50%
  41779 17707   305099.9509   433   211129.0000   315646.4062  7908190   49.50%
  41885 17803   305445.3000   242   211129.0000   315643.8121  7928629   49.50%
  41969 17877   313191.9500   372   211129.0000   315642.8237  7947895   49.50%
  42021 17919   313408.2096   332   211129.0000   315640.7095  7967031   49.50%
  42118 18010   297318.2654   338   211129.0000   315640.1175  7987158   49.50%
  42196 18080   313482.7929   408   211129.0000   315636.3175  8005788   49.50%
  42246 18112   314777.5000   213   211129.0000   315633.6548  8025227   49.50%
  42322 18178   312866.1533   462   211129.0000   315633.4740  8044397   49.50%
  42419 18261   311987.4878   331   211129.0000   315626.5000  8064069   49.49%
Elapsed time = 635.52 sec. (1733604.83 ticks, tree = 681.72 MB, solutions = 19)
  42485 18315   310860.8399   403   211129.0000   315625.1861  8084010   49.49%
  42574 18382   308412.0395   269   211129.0000   315620.8951  8103932   49.49%
  42668 18459   309747.9807   336   211129.0000   315619.2275  8123982   49.49%
  42718 18489   314894.4454   691   211129.0000   315615.5015  8143483   49.49%
  42779 18536   309692.2121   301   211129.0000   315609.1176  8161838   49.49%
  42897 18642   305064.3000   346   211129.0000   315609.0285  8182322   49.49%
  43044 18779   307992.0489   315   211129.0000   315608.5258  8202530   49.49%
  43143 18868   311559.6382   514   211129.0000   315608.3250  8221522   49.49%
  43264 18983   304889.5012   265   211129.0000   315607.8322  8240174   49.49%
  43352 19055   312852.5788   443   211129.0000   315605.7719  8259339   49.48%
Elapsed time = 649.89 sec. (1772414.93 ticks, tree = 713.96 MB, solutions = 19)
  43444 19139   309582.3441   208   211129.0000   315604.6605  8279415   49.48%
  43537 19226   300134.9445   277   211129.0000   315604.2948  8294108   49.48%
  43661 19338   309516.3801   371   211129.0000   315603.2599  8313148   49.48%
* 43662+19337                       217396.0000   315603.2599            45.17%
  43762 19425   313294.4058   329   217396.0000   315601.3157  8332277   45.17%
  43862 19515   314625.0738   258   217396.0000   315598.0979  8349433   45.17%
  43909 19550   311620.9844   345   217396.0000   315596.3664  8368168   45.17%
  43995 19620   313894.0692   344   217396.0000   315594.5591  8386941   45.17%
  44062 19677   308308.9911   363   217396.0000   315592.1154  8404490   45.17%
  44139 19744   310856.2235   292   217396.0000   315586.7882  8423822   45.17%
  44191 19793   307926.0642   468   217396.0000   315585.3649  8433675   45.17%
Elapsed time = 667.32 sec. (1817465.38 ticks, tree = 748.31 MB, solutions = 20)
  44281 19871   308064.8030   451   217396.0000   315582.6512  8452217   45.16%
  44362 19940   313672.2121   359   217396.0000   315581.7647  8468793   45.16%
  44439 20001   314478.4286   401   217396.0000   315579.6944  8487921   45.16%
  44477 20029    infeasible         217396.0000   315578.4904  8497564   45.16%
  44564 20108   307312.6760   231   217396.0000   315577.5120  8515250   45.16%
  44611 20145   310615.7938   326   217396.0000   315574.6098  8534085   45.16%
  44664 20190   312732.5000   242   217396.0000   315573.7500  8543707   45.16%
  44753 20265    infeasible         217396.0000   315570.6132  8563753   45.16%
* 44762+20270                       217502.0000   315570.4915            45.09%
* 44762+20270                       217642.0000   315570.4915            45.00%
* 44762+20270                       217905.0000   315570.4915            44.82%
  44802 20312   298405.9381   362   217905.0000   315570.4915  8582993   44.82%
  44863 20363   312946.4413   414   217905.0000   315569.2500  8597977   44.82%
Elapsed time = 682.02 sec. (1855905.57 ticks, tree = 773.98 MB, solutions = 23)
  44962 20454   312780.1622   564   217905.0000   315569.2500  8616707   44.82%
  45048 20530   310508.1713   455   217905.0000   315568.7882  8638177   44.82%
  45117 20583   313910.4664   354   217905.0000   315562.5240  8655550   44.82%
  45178 20636   307466.1815   367   217905.0000   315558.1667  8667227   44.81%
  45243 20683   314717.5350   294   217905.0000   315557.3996  8688460   44.81%
  45293 20721   312584.8091   379   217905.0000   315554.9193  8700413   44.81%
  45344 20756   313127.9583   301   217905.0000   315552.2623  8719308   44.81%
  45404 20808    infeasible         217905.0000   315550.8077  8731332   44.81%
  45467 20856   313413.3500   389   217905.0000   315549.2292  8746987   44.81%
  45542 20913   313449.0596   270   217905.0000   315545.9004  8767505   44.81%
Elapsed time = 698.14 sec. (1897628.39 ticks, tree = 793.15 MB, solutions = 23)
* 45562+20921                       221092.0000   315545.3333            42.72%
  45565 20926   312708.1110   374   221092.0000   315545.3333  8781231   42.72%
  45641 20990   311259.7263   620   221092.0000   315543.8200  8801840   42.72%
  45662 21003   314774.6071   336   221092.0000   315542.3209  8809183   42.72%
  45823 21145    infeasible         221092.0000   315541.7443  8827292   42.72%
  45873 21189   305397.1042   356   221092.0000   315541.5174  8840008   42.72%
  45945 21241   310400.5750   285   221092.0000   315541.1647  8859608   42.72%
  45987 21279   312178.6138   492   221092.0000   315541.0274  8869617   42.72%
  46042 21320   305938.2219   463   221092.0000   315537.7416  8889102   42.72%
  46162 21436   314961.0152   454   221092.0000   315537.5480  8905349   42.72%

GUB cover cuts applied:  1
Clique cuts applied:  15
Cover cuts applied:  95
Implied bound cuts applied:  28
Flow cuts applied:  35
Mixed integer rounding cuts applied:  719
Zero-half cuts applied:  222
Lift and project cuts applied:  3
Gomory fractional cuts applied:  12

Root node processing (before b&c):
  Real time             =    0.83 sec. (1826.00 ticks)
Sequential b&c:
  Real time             =  711.17 sec. (1931321.18 ticks)
                          ------------
Total (root+branch&cut) =  712.00 sec. (1933147.19 ticks)
[CPLEX] Status: time limit exceeded
[CPLEX] OPTIMAL OBJ: 221092.0
[CPLEX] Runtime: 712.010 sec
Vehicle 0: d → 16 → 30 → 20 → 12 → 0 → 15 → 29 → 25 → 13 → 23 → 26 → 19 → 4 → 24 → 9 → 14 → 21 → 8 → 17 → 7 → 10 → 27 → d, (requests = [5, 6, 7, 11, 12, 16, 23, 29, 35, 37])
Vehicle 1: d → 2 → 22 → 27 → 3 → 7 → 8 → 21 → 14 → 28 → 9 → 24 → 4 → 19 → 23 → 25 → 6 → 15 → 29 → 11 → 0 → 12 → 20 → d, (requests = [0, 1, 3, 4, 8, 18, 19, 25, 27, 36, 40])
Vehicle 2: d → 28 → 4 → 19 → 23 → 25 → 15 → 11 → d, (requests = [2, 14, 15])
Vehicle 3: d → 19 → 4 → 28 → 14 → 21 → 17 → d, (requests = [22])
Vehicle 4: d → 5 → 1 → 22 → 27 → 3 → 10 → 7 → 17 → 21 → 14 → 28 → 4 → 19 → 26 → 13 → 25 → 6 → 12 → 20 → 18 → d, (requests = [10, 13, 17, 21, 24, 28, 30, 43])
Vehicle 5: d → 18 → 20 → 12 → 6 → 25 → 23 → 19 → 4 → 28 → 14 → 21 → 7 → 27 → 22 → 1 → 2 → 5 → d, (requests = [20, 26, 34, 42, 44])
Vehicle 6: d → 3 → 7 → 21 → 14 → 28 → 4 → 19 → 23 → d, (requests = [41])
Vehicle 7: d, (requests = [])
======== PPDSP OBJECTIVE ========
Profit    = 273294
Cost      = 52202
Objective = 221092
=================================
===== RAW XY MODEL =====
16 153 235 274 303 348 385 440 470 510 543 552 613 653 681 763 778 814 852 896 954 981 1009 1037 1111 1128 1172 1232 1257 1302 1337 1377 1429 1501 1534 1656 1696 1711 1756 1786 1797 1831 1892 1930 1964 2019 2340 2576 2684 2824 2954 3008 3093 3213 3472 3785 3891 3928 4005 4226 4327 4394 4446 4487 4501 4544 4581 4667 4744 4781 4816 4905 4947 4974 4998 5026 5071 5146 5185 5207 5240 5337 5605 5640 5727 5762 5788 5822 5961 6040 6167 6183 6223 6250 6276 6326 6394 6457 6481 6581 6842 6886 6984 7215 7370 7425 7506 7639 7734 2050 2052 3219 2056 2058 2059 2061 2063 2066 5385 3232 3235 5391 3243 3246 3247 5399 5401 5406 6615 5419 5423 5425 5434 5436 6621 6623 6632 6634 6644 6669 6670 8860 8867 8892 8905 8912 8919 8928
  [Time Manager] Step 5 consumed 712.01s. Total Consumed: 2887.96s.
  [Info] Saved 8930 core assumption literals to p1_A-n32-k5_r45v8k3.lp.asm

[6/6] Building & Solving: R=54, V=9, K=4
Default row names c1, c2 ... being created.
  [Info] Generating MIP Formulation...
  [Time Manager] Global Remaining Budget: 712.04s | Future Weight Sum: 1.0
  [Time Manager] Recalibrated Budget for this step: 712.04s
[CPLEX] Setting time limit to 712 seconds
[CPLEX] Reading assumption from p1_A-n32-k5_r45v8k3.lp.asm ...
[CPLEX] Applying MIP Start with 8552 variables.
Version identifier: 22.1.1.0 | 2022-11-28 | 9160aff4d
CPXPARAM_Read_DataCheck                          1
CPXPARAM_Threads                                 1
CPXPARAM_TimeLimit                               712
1 of 1 MIP starts provided solutions.
MIP start 'm1' defined initial solution with objective 237087.0000.
Tried aggregator 1 time.
MIP Presolve eliminated 9 rows and 7389 columns.
MIP Presolve modified 6066 coefficients.
Reduced MIP has 6471 rows, 2880 columns, and 36846 nonzeros.
Reduced MIP has 2322 binaries, 558 generals, 0 SOSs, and 0 indicators.
Presolve time = 0.01 sec. (20.73 ticks)
Probing time = 0.00 sec. (3.46 ticks)
Tried aggregator 1 time.
Detecting symmetries...
Reduced MIP has 6471 rows, 2880 columns, and 36846 nonzeros.
Reduced MIP has 2322 binaries, 558 generals, 0 SOSs, and 0 indicators.
Presolve time = 0.01 sec. (23.49 ticks)
Probing time = 0.00 sec. (3.22 ticks)
Clique table members: 1188.
MIP emphasis: balance optimality and feasibility.
MIP search method: dynamic search.
Parallel mode: none, using 1 thread.
Root relaxation solution time = 0.05 sec. (62.62 ticks)

        Nodes                                         Cuts/
   Node  Left     Objective  IInf  Best Integer    Best Bound    ItCnt     Gap

*     0+    0                       237087.0000  3516228.0000              --- 
      0     0   384054.0000   171   237087.0000   384054.0000     1248   61.99%
      0     0   384054.0000   203   237087.0000     Cuts: 217     1301   61.99%
      0     0   384054.0000   233   237087.0000     Cuts: 147     1337   61.99%
      0     2   384054.0000   233   237087.0000   384054.0000     1337   61.99%
Elapsed time = 0.69 sec. (1600.35 ticks, tree = 0.01 MB, solutions = 1)
      2     4   383317.0000   170   237087.0000   383891.6412     3696   61.92%
      4     6   383291.7952   226   237087.0000   383891.6412     5018   61.92%
      6     8   383196.3561   229   237087.0000   383891.6412     7352   61.92%
      8    10   383093.4817   351   237087.0000   383891.6412     9055   61.92%
     10    12   383059.7795   258   237087.0000   383891.6412    10074   61.92%
     12    14   382615.2747   281   237087.0000   383891.6412    13167   61.92%
     17    19   382724.8675   256   237087.0000   383891.6412    14539   61.92%
     20    22   382072.2897   329   237087.0000   383891.6412    15800   61.92%
     25    27   381222.4273   208   237087.0000   383891.6412    17245   61.92%
     84    83   378207.8900   146   237087.0000   383891.6412    21655   61.92%
Elapsed time = 2.31 sec. (5655.03 ticks, tree = 3.58 MB, solutions = 1)
    116   105   383173.7485   271   237087.0000   383891.5091    25589   61.92%
    159   148   380919.4890   168   237087.0000   383891.5091    29303   61.92%
    224   207   375401.1724   273   237087.0000   383891.5091    34919   61.92%
    291   264   382654.7384   331   237087.0000   383523.6631    38911   61.76%
    326   294   382788.3108   358   237087.0000   383471.2148    43438   61.74%
    385   343   382810.6813   271   237087.0000   383466.8962    48083   61.74%
    455   397   382381.6735   267   237087.0000   383450.0638    53087   61.73%
    512   447   379308.9684   216   237087.0000   383450.0638    57949   61.73%
    568   496   380994.4687   223   237087.0000   383391.0256    62898   61.71%
    609   530   382278.2548   270   237087.0000   383388.7820    66462   61.71%
Elapsed time = 6.04 sec. (15403.42 ticks, tree = 20.41 MB, solutions = 1)
    653   568   380964.1868   289   237087.0000   383367.0585    71474   61.70%
    720   627   382225.6234   247   237087.0000   383358.4718    75784   61.70%
    807   694   383027.3946   417   237087.0000   383294.3323    80249   61.67%
    858   745   378000.8236   151   237087.0000   383294.3323    85369   61.67%
    895   773   381667.3202   206   237087.0000   383291.2461    89813   61.67%
    978   835   381952.0072   246   237087.0000   383285.7004    94905   61.66%

Performing restart 1

Repeating presolve.
Tried aggregator 1 time.
MIP Presolve modified 144 coefficients.
Reduced MIP has 6471 rows, 2880 columns, and 36846 nonzeros.
Reduced MIP has 2322 binaries, 558 generals, 0 SOSs, and 0 indicators.
Presolve time = 0.01 sec. (18.42 ticks)
Tried aggregator 1 time.
Reduced MIP has 6471 rows, 2880 columns, and 36846 nonzeros.
Reduced MIP has 2322 binaries, 558 generals, 0 SOSs, and 0 indicators.
Presolve time = 0.01 sec. (24.77 ticks)
Represolve time = 0.04 sec. (66.17 ticks)
   1000     0   384054.0000   352   237087.0000     Cuts: 103    98698   61.66%
   1000     0   384054.0000   237   237087.0000       Cuts: 4    98726   61.66%
   1000     0   384054.0000   233   237087.0000     Cuts: 124    98748   61.66%
   1000     0   384046.6327   247   237087.0000     Cuts: 102    98853   61.66%
   1000     0   384037.5000   244   237087.0000      Cuts: 98    98925   61.66%
   1000     0   383880.3621   277   237087.0000      Cuts: 88    99488   61.66%
   1000     0   383711.7508   251   237087.0000     Cuts: 234    99755   61.66%
   1000     0   383530.8246   285   237087.0000     Cuts: 120   100198   61.66%
   1000     0   383435.6224   361   237087.0000     Cuts: 163   100505   61.66%
   1000     0   383341.6667   254   237087.0000     Cuts: 127   100697   61.66%
   1000     0   383335.5000   337   237087.0000     Cuts: 132   100783   61.66%
   1000     0   383317.0000   226   237087.0000     Cuts: 202   100874   61.66%
   1000     0   383317.0000   221   237087.0000  ZeroHalf: 27   100909   61.66%
   1000     2   383317.0000   221   237087.0000   383285.7004   100909   61.66%
   1001     3   383109.8469   320   237087.0000   383109.7914   102163   61.59%
   1002     4   383097.8367   403   237087.0000   383108.7340   102926   61.59%
   1003     5   382414.5260   448   237087.0000   383097.1364   105103   61.59%
Elapsed time = 13.25 sec. (34169.68 ticks, tree = 0.01 MB, solutions = 1)
   1004     6   382351.9195   292   237087.0000   383097.1364   105624   61.59%
   1005     7   382323.5774   407   237087.0000   383097.1364   106669   61.59%
   1006     8   381988.6903   452   237087.0000   383097.1364   109013   61.59%
   1008    10   381895.0481   413   237087.0000   383097.1364   110771   61.59%
   1009    11   381367.3066   435   237087.0000   383097.1364   111842   61.59%
   1010    12   381818.0042   400   237087.0000   383097.1364   112105   61.59%
   1012    14   381752.6899   333   237087.0000   383097.1364   113371   61.59%
   1013    15   379427.0388   409   237087.0000   383097.1364   116554   61.59%
   1016    18   381219.1717   263   237087.0000   383097.1364   117762   61.59%
   1018    20   380578.0139   229   237087.0000   383097.1364   121469   61.59%
Elapsed time = 18.65 sec. (48450.47 ticks, tree = 0.58 MB, solutions = 1)
   1021    23   380440.5748   306   237087.0000   383097.1364   123943   61.59%
   1024    26   380387.3679   321   237087.0000   383097.1364   125346   61.59%
   1027    29   379982.8418   344   237087.0000   383097.1364   126013   61.59%
   1030    32   379509.3059   539   237087.0000   383097.1364   129028   61.59%
   1034    33   383006.0000   353   237087.0000   383095.6071   132548   61.58%
   1036    35   382771.0000   342   237087.0000   383095.6071   134756   61.58%
   1038    37   382654.7500   548   237087.0000   383095.6071   137929   61.58%
   1040    39   382652.3915   224   237087.0000   383095.6071   141314   61.58%
   1042    41   382300.6097   434   237087.0000   383095.6071   144141   61.58%
   1045    44   382187.8636   508   237087.0000   383095.6071   148681   61.58%
Elapsed time = 24.02 sec. (63277.74 ticks, tree = 1.21 MB, solutions = 1)
   1046    45   382164.1184   680   237087.0000   383095.6071   149074   61.58%
   1048    47   381252.9272   477   237087.0000   383095.6071   151283   61.58%
   1050    49   382025.1462   438   237087.0000   383095.6071   152078   61.58%
   1054    53   381682.1971   357   237087.0000   383095.6071   155025   61.58%
   1057    56   380633.2230   485   237087.0000   383095.6071   159632   61.58%
   1059    58   380891.0796   232   237087.0000   383095.6071   163923   61.58%
   1062    61   380039.8132   326   237087.0000   383095.6071   166320   61.58%
   1067    66   379824.7019   349   237087.0000   383095.6071   166965   61.58%
   1072    71   379720.5253   217   237087.0000   383095.6071   167539   61.58%
   1075    74   378066.4646   472   237087.0000   383095.6071   169451   61.58%
Elapsed time = 28.41 sec. (75598.65 ticks, tree = 2.07 MB, solutions = 1)
   1079    78   377990.8053   486   237087.0000   383095.6071   170104   61.58%
   1086    85   377642.5348   264   237087.0000   383095.6071   171493   61.58%
   1091    90   377599.3097   338   237087.0000   383095.6071   172950   61.58%
   1100    96   375518.7609   348   237087.0000   383095.6071   173470   61.58%
   1104    98   382869.0057   386   237087.0000   383035.3876   174647   61.56%
   1108   102   382768.3554   307   237087.0000   383035.3876   175866   61.56%
   1112   106   381577.8108   318   237087.0000   383035.3876   177721   61.56%
   1117   111   381463.7269   363   237087.0000   383035.3876   178134   61.56%
   1120   114   381381.2921   363   237087.0000   383035.3876   178785   61.56%
   1128   120   377678.0981   429   237087.0000   383035.3876   182428   61.56%
Elapsed time = 32.56 sec. (86790.38 ticks, tree = 3.44 MB, solutions = 1)
   1134   126   377506.0246   371   237087.0000   383035.3876   184236   61.56%
   1147   139   377457.4851   484   237087.0000   383035.3876   185507   61.56%
   1152   139   381970.2302   368   237087.0000   383006.0000   187182   61.55%
   1156   143   380909.6402   273   237087.0000   383006.0000   188444   61.55%
   1163   150   379107.6553   263   237087.0000   383006.0000   190611   61.55%
   1179   166   377752.4576   230   237087.0000   383006.0000   192447   61.55%
   1188   174   375957.5420   285   237087.0000   383006.0000   195281   61.55%
   1202   186   375654.1623   221   237087.0000   383006.0000   197204   61.55%
   1213   189    infeasible         237087.0000   383006.0000   201288   61.55%
   1215   191   382566.5753   486   237087.0000   382880.0142   203560   61.49%
Elapsed time = 36.57 sec. (97844.29 ticks, tree = 4.71 MB, solutions = 1)
   1220   196   381626.2908   342   237087.0000   382880.0142   205363   61.49%
   1224   200   380027.7511   452   237087.0000   382880.0142   208145   61.49%
   1226   202   379122.8348   603   237087.0000   382880.0142   209759   61.49%
   1229   205   378865.1997   342   237087.0000   382880.0142   210824   61.49%
   1233   209   378686.3034   471   237087.0000   382880.0142   212165   61.49%
   1247   223   378190.5040   373   237087.0000   382880.0142   214738   61.49%
   1260   236   377338.0700   365   237087.0000   382880.0142   216527   61.49%
   1268   242    infeasible         237087.0000   382880.0142   218228   61.49%
   1277   249   381788.3622   270   237087.0000   382877.3130   220603   61.49%
   1286   258   380820.8680   262   237087.0000   382877.3130   222873   61.49%
Elapsed time = 40.63 sec. (108773.86 ticks, tree = 5.15 MB, solutions = 1)
   1303   273   380073.0965   389   237087.0000   382877.3130   224346   61.49%
   1315   285   378796.4307   376   237087.0000   382877.3130   227473   61.49%
   1323   289    infeasible         237087.0000   382877.3130   230391   61.49%
   1336   300   381194.9970   256   237087.0000   382866.6010   233159   61.49%
   1352   316   380676.7582   299   237087.0000   382866.6010   235425   61.49%
   1361   325   380496.0018   442   237087.0000   382866.6010   236779   61.49%
   1368   329   378024.0174   294   237087.0000   382866.6010   240716   61.49%
   1383   343   374069.1907   327   237087.0000   382866.6010   244609   61.49%
   1394   350   382210.9484   554   237087.0000   382830.9378   247140   61.47%
   1445   399   375334.9177   313   237087.0000   382830.9378   253687   61.47%
Elapsed time = 45.33 sec. (121673.79 ticks, tree = 8.33 MB, solutions = 1)
   1476   424   382315.1286   341   237087.0000   382807.9755   269740   61.46%
   1512   454   382630.0914   278   237087.0000   382796.2967   276694   61.46%
   1536   477   379855.7338   572   237087.0000   382796.2967   283760   61.46%
   1581   516   382391.7500   351   237087.0000   382768.3554   296906   61.45%
   1623   558   377644.4128   344   237087.0000   382768.3554   310682   61.45%
   1680   610   381092.8283   462   237087.0000   382702.2174   321986   61.42%
   1719   645   380029.5014   364   237087.0000   382688.9764   334462   61.41%
   1784   709   373950.7622   385   237087.0000   382688.9764   346531   61.41%
   1842   759   377831.3715   618   237087.0000   382654.6250   360661   61.40%
   1870   783   380267.3194   375   237087.0000   382654.6082   373920   61.40%
Elapsed time = 59.34 sec. (160769.36 ticks, tree = 22.13 MB, solutions = 1)
   1919   827   381380.4662   595   237087.0000   382653.0446   388678   61.40%
   1935   843   378232.5096   553   237087.0000   382653.0446   401653   61.40%
   1977   883   374547.4160   256   237087.0000   382653.0446   416205   61.40%
   2026   926   378692.1457   673   237087.0000   382652.3835   430889   61.40%
   2059   955    infeasible         237087.0000   382652.3835   447009   61.40%
   2104   995   376504.6077   299   237087.0000   382652.3330   460184   61.40%
   2155  1037   378657.2193   300   237087.0000   382637.7871   473749   61.39%
   2196  1068    infeasible         237087.0000   382630.0914   488998   61.39%
   2254  1118    infeasible         237087.0000   382630.0914   501317   61.39%
   2325  1188   374857.8781   321   237087.0000   382618.4818   514529   61.38%
Elapsed time = 73.38 sec. (200655.95 ticks, tree = 43.38 MB, solutions = 1)
   2377  1232    infeasible         237087.0000   382601.7041   530006   61.38%
   2408  1257   382249.0970   369   237087.0000   382577.7918   545780   61.37%
   2445  1290    infeasible         237087.0000   382577.7918   560139   61.37%
   2491  1336   377612.4242   411   237087.0000   382577.0000   574864   61.37%
   2538  1371   382136.7362   241   237087.0000   382573.6732   588920   61.36%
   2589  1420   376919.1075   520   237087.0000   382573.6732   599827   61.36%
   2658  1489   375916.4979   614   237087.0000   382573.6732   608892   61.36%
   2792  1622   364008.2888   367   237087.0000   382573.6732   618548   61.36%
   2936  1750   379940.7539   550   237087.0000   382566.6994   631553   61.36%
   2980  1784   377750.9278   399   237087.0000   382562.7178   648102   61.36%
Elapsed time = 87.27 sec. (239621.72 ticks, tree = 61.57 MB, solutions = 1)
   3032  1826   381435.5061   244   237087.0000   382551.3341   664294   61.35%
   3115  1898   382406.9287   246   237087.0000   382550.3740   680173   61.35%
   3165  1942   381264.7276   301   237087.0000   382549.4561   696127   61.35%
   3197  1970   382036.5210   378   237087.0000   382542.9731   712113   61.35%
   3264  2034   373258.5195   466   237087.0000   382542.9731   727991   61.35%
   3324  2084    infeasible         237087.0000   382505.8765   744401   61.34%
   3367  2121   382115.9647   283   237087.0000   382487.1813   761492   61.33%
   3401  2149   380360.4174   686   237087.0000   382483.9214   778346   61.33%
   3453  2192   375762.3572   397   237087.0000   382479.0000   795008   61.32%
   3498  2229   381237.3453   488   237087.0000   382478.4615   810481   61.32%
Elapsed time = 101.33 sec. (279174.72 ticks, tree = 82.35 MB, solutions = 1)
   3550  2279   379573.1491   560   237087.0000   382478.4615   821151   61.32%
   3609  2333   381509.9373   467   237087.0000   382470.4924   833722   61.32%
   3684  2401   381631.0936   250   237087.0000   382457.6328   850438   61.32%
   3752  2465   375971.4187   309   237087.0000   382456.7272   866430   61.31%
   3819  2525   375950.1792   300   237087.0000   382455.1341   880908   61.31%
   3859  2559   379186.3334   405   237087.0000   382446.2211   896311   61.31%
   3925  2617   380435.2519   619   237087.0000   382445.6319   913083   61.31%
   3960  2648   376613.3012   332   237087.0000   382433.5566   928355   61.31%
   4025  2709   379921.9349   334   237087.0000   382429.7619   944365   61.30%
   4089  2768   380175.3143   359   237087.0000   382423.9388   959517   61.30%
Elapsed time = 115.14 sec. (317947.27 ticks, tree = 103.78 MB, solutions = 1)
   4124  2799    infeasible         237087.0000   382423.9388   976277   61.30%
   4165  2834   380231.9490   376   237087.0000   382415.0000   992049   61.30%
   4213  2878   380912.5528   277   237087.0000   382409.0522  1004542   61.29%
   4304  2961   381893.5931   457   237087.0000   382408.5167  1019714   61.29%
   4330  2983   378115.7881   577   237087.0000   382408.2500  1037509   61.29%
   4377  3026   381192.8023   557   237087.0000   382407.7769  1053378   61.29%
   4473  3121   372213.5639   382   237087.0000   382407.7769  1069521   61.29%
   4607  3251   382019.9679   239   237087.0000   382404.3453  1084623   61.29%
   4666  3303   375525.2848   281   237087.0000   382401.7716  1100703   61.29%
   4714  3341    infeasible         237087.0000   382400.8372  1118028   61.29%
Elapsed time = 129.10 sec. (357273.60 ticks, tree = 131.76 MB, solutions = 1)
   4759  3380   378600.4373   319   237087.0000   382391.2571  1133037   61.29%
   4827  3444   379656.1744   536   237087.0000   382386.6015  1148688   61.29%
   4921  3533   379706.0372   442   237087.0000   382384.2658  1164774   61.28%
   4977  3585   379107.2583   238   237087.0000   382377.0314  1180409   61.28%
   5021  3625   374683.6742   342   237087.0000   382375.2451  1198685   61.28%
   5081  3673   379896.3691   267   237087.0000   382374.5186  1215000   61.28%
   5132  3720   378613.9148   659   237087.0000   382372.5818  1231460   61.28%
   5194  3778   375057.5583   373   237087.0000   382372.0101  1247196   61.28%
   5251  3828   374955.3457   341   237087.0000   382371.1218  1263480   61.28%
   5289  3862   377073.1333   347   237087.0000   382365.9820  1281341   61.28%
Elapsed time = 143.01 sec. (396035.74 ticks, tree = 140.27 MB, solutions = 1)
   5344  3917   374972.9118   446   237087.0000   382365.9820  1296327   61.28%
   5441  4004    infeasible         237087.0000   382365.9820  1310657   61.28%
   5468  4027   381977.2043   456   237087.0000   382362.8450  1325022   61.28%
   5509  4064   381580.9919   356   237087.0000   382362.8220  1342610   61.28%
   5552  4107   372580.1367   396   237087.0000   382362.8220  1358764   61.28%
   5642  4191   381472.2528   487   237087.0000   382361.8568  1374364   61.27%
   5660  4209   376601.1074   513   237087.0000   382361.8568  1390128   61.27%
   5750  4285   380598.6322   604   237087.0000   382361.6118  1405823   61.27%
   5804  4335   374192.5173   294   237087.0000   382361.6118  1421105   61.27%
   5879  4400   375223.4910   448   237087.0000   382360.3050  1437238   61.27%
Elapsed time = 156.81 sec. (434736.18 ticks, tree = 161.19 MB, solutions = 1)
   5922  4437   378081.4328   360   237087.0000   382360.0380  1452611   61.27%
   5976  4486   371023.1654   317   237087.0000   382358.9848  1469195   61.27%
   6029  4531   380824.5680   520   237087.0000   382342.9643  1486661   61.27%
   6072  4571   375585.0517   364   237087.0000   382342.9643  1502587   61.27%
   6139  4627   377688.7388   618   237087.0000   382339.1577  1520050   61.27%
   6219  4701   381938.7102   545   237087.0000   382332.3444  1537873   61.26%
   6256  4731    infeasible         237087.0000   382332.3444  1555080   61.26%
   6281  4750    infeasible         237087.0000   382324.4757  1569435   61.26%
   6387  4848   382075.5528   387   237087.0000   382321.4834  1585775   61.26%
   6438  4891   377653.7483   362   237087.0000   382320.8413  1601958   61.26%
Elapsed time = 171.15 sec. (474229.30 ticks, tree = 181.04 MB, solutions = 1)
   6525  4970   381104.4021   562   237087.0000   382315.4927  1618010   61.26%
   6624  5057   380985.1171   288   237087.0000   382315.3675  1634965   61.26%
   6651  5080   380844.5989   615   237087.0000   382315.1286  1652639   61.26%
   6685  5104   377529.4493   389   237087.0000   382314.1522  1668777   61.25%
   6710  5122   376009.8980   542   237087.0000   382311.7467  1685861   61.25%
   6751  5153   380382.2153   433   237087.0000   382305.8214  1702481   61.25%
   6850  5252   370334.8160   284   237087.0000   382305.8214  1720293   61.25%
   6921  5317   380390.5577   530   237087.0000   382303.9311  1736490   61.25%
   6981  5375   369122.1055   326   237087.0000   382303.9311  1753325   61.25%
   7048  5427   378673.4046   383   237087.0000   382302.2373  1769535   61.25%
Elapsed time = 185.03 sec. (513196.39 ticks, tree = 210.49 MB, solutions = 1)
   7100  5475    infeasible         237087.0000   382302.2373  1786595   61.25%
   7131  5498   377489.2515   575   237087.0000   382300.3301  1802065   61.25%
   7167  5528   376736.8356   386   237087.0000   382300.2148  1818355   61.25%
   7208  5559   379764.9785   286   237087.0000   382299.5759  1836205   61.25%
   7286  5630    infeasible         237087.0000   382299.0590  1853530   61.25%
   7333  5670   376955.8180   290   237087.0000   382297.5483  1870216   61.25%
   7362  5691   381195.5926   481   237087.0000   382297.4065  1886797   61.25%
   7375  5698   382074.0258   546   237087.0000   382295.8669  1903595   61.25%
   7442  5757   377009.4780   581   237087.0000   382294.8596  1919439   61.25%
   7474  5783   378281.2272   283   237087.0000   382293.4450  1935487   61.25%
Elapsed time = 198.82 sec. (552285.57 ticks, tree = 226.63 MB, solutions = 1)
   7521  5826   373142.1136   368   237087.0000   382293.4015  1952891   61.25%
   7560  5853   380322.7256   453   237087.0000   382292.7284  1968122   61.25%
   7604  5893   379682.7483   454   237087.0000   382292.6561  1985761   61.25%
   7664  5952   357472.5611   339   237087.0000   382292.6561  2001937   61.25%
   7773  6055   381179.8698   234   237087.0000   382292.6096  2018864   61.25%
   7854  6129   380236.4159   337   237087.0000   382291.0909  2035237   61.25%
   7915  6186   380042.2605   312   237087.0000   382282.2644  2052644   61.24%
   7962  6227    infeasible         237087.0000   382282.2644  2068773   61.24%
*  8000+ 6255                       237213.0000   382260.1765            61.15%
   8004  6261   378777.3900   322   237213.0000   382260.1765  2084303   61.15%
   8046  6299   378026.6813   392   237213.0000   382259.5490  2097182   61.15%
Elapsed time = 212.94 sec. (590978.51 ticks, tree = 244.49 MB, solutions = 2)
   8126  6371   377753.4153   283   237213.0000   382258.1136  2114351   61.15%
   8161  6402   377421.2460   544   237213.0000   382258.0360  2127636   61.15%
   8229  6462   381165.6171   600   237213.0000   382257.6328  2144611   61.15%
   8307  6536   381605.2450   542   237213.0000   382256.3903  2160871   61.14%
   8330  6555   379755.1039   635   237213.0000   382255.5289  2176927   61.14%
   8402  6625   371877.8676   284   237213.0000   382255.5289  2192766   61.14%
   8479  6690   381344.1071   391   237213.0000   382253.9953  2208299   61.14%
   8534  6745   371414.5674   371   237213.0000   382253.9953  2224970   61.14%
   8581  6778   379672.7485   335   237213.0000   382249.0925  2242588   61.14%
   8613  6801   381433.1068   542   237213.0000   382238.1814  2256850   61.14%
Elapsed time = 226.99 sec. (629929.20 ticks, tree = 266.62 MB, solutions = 2)
   8652  6838   376924.8922   416   237213.0000   382238.1814  2272339   61.14%
   8692  6872   381021.3835   661   237213.0000   382236.0000  2288205   61.14%
   8748  6925   367337.9391   259   237213.0000   382236.0000  2304477   61.14%
   8814  6987   376683.9899   619   237213.0000   382235.0454  2320528   61.14%
   8906  7078   366657.2354   341   237213.0000   382235.0454  2335130   61.14%
   9004  7171   378119.9285   675   237213.0000   382232.6625  2347598   61.13%
   9066  7223   377346.0251   338   237213.0000   382232.6149  2365077   61.13%
   9097  7245   377127.0273   226   237213.0000   382231.7256  2381467   61.13%
   9165  7300   376453.3668   459   237213.0000   382231.0831  2398205   61.13%
   9222  7353   371695.4197   299   237213.0000   382230.8616  2415683   61.13%
Elapsed time = 240.80 sec. (668586.67 ticks, tree = 293.00 MB, solutions = 2)
   9270  7397   371957.7347   210   237213.0000   382230.7650  2431395   61.13%
   9327  7444   380424.9818   676   237213.0000   382225.9796  2448331   61.13%
   9395  7501   372725.1286   287   237213.0000   382219.2194  2464668   61.13%
   9456  7556   377747.9798   506   237213.0000   382214.3105  2480089   61.13%
   9519  7613   376556.3065   322   237213.0000   382213.7842  2496681   61.13%
   9565  7649   380234.5510   251   237213.0000   382209.8372  2513808   61.13%
   9621  7702   375018.2292   350   237213.0000   382209.4091  2530179   61.12%
   9681  7758   375094.1203   293   237213.0000   382209.3120  2549125   61.12%
   9763  7836   379530.8404   389   237213.0000   382209.0827  2565587   61.12%
   9832  7897   379970.1458   263   237213.0000   382208.1123  2582327   61.12%
Elapsed time = 254.88 sec. (707486.10 ticks, tree = 311.01 MB, solutions = 2)
   9903  7963   380889.2444   364   237213.0000   382206.8552  2599712   61.12%
   9950  8004   373607.0296   337   237213.0000   382206.8552  2616878   61.12%
  10004  8054   376006.9376   412   237213.0000   382206.4958  2633110   61.12%
  10137  8177   381839.5475   297   237213.0000   382205.9769  2650528   61.12%
  10183  8223   372802.7926   371   237213.0000   382205.9769  2666626   61.12%
  10254  8290   372923.4987   454   237213.0000   382205.7964  2683124   61.12%
  10325  8355   371372.8883   260   237213.0000   382205.7964  2700211   61.12%
  10360  8384   378175.3926   675   237213.0000   382205.5907  2720248   61.12%
  10408  8430   371764.7227   381   237213.0000   382205.5907  2737741   61.12%
  10458  8470   379360.5894   488   237213.0000   382205.2374  2754501   61.12%
Elapsed time = 269.15 sec. (746314.69 ticks, tree = 334.87 MB, solutions = 2)
  10505  8512   380035.2109   450   237213.0000   382204.3928  2770786   61.12%
  10568  8568   380487.6996   254   237213.0000   382203.8385  2786766   61.12%
  10714  8704   380976.7750   452   237213.0000   382202.3985  2802952   61.12%
  10809  8799   374754.7624   274   237213.0000   382202.3985  2818943   61.12%
  10863  8848   380392.0377   630   237213.0000   382202.3788  2833033   61.12%
  10919  8897   381088.3190   745   237213.0000   382202.0329  2848948   61.12%
  10984  8958   379489.6799   291   237213.0000   382195.3908  2864444   61.12%
* 11000+ 8972                       237249.0000   382195.3908            61.09%
* 11000+ 8972                       237267.0000   382195.3908            61.08%
* 11000+ 8972                       237758.0000   382195.3908            60.75%
* 11000+ 8972                       238086.0000   382195.3908            60.53%
* 11000+ 8972                       241136.0000   382195.3908            58.50%
* 11000+ 8972                       241143.0000   382195.3908            58.49%
  11000  8974   377183.1694   476   241143.0000   382195.3908  2869268   58.49%
* 11001+ 8973                       241150.0000   382195.3908            58.49%
* 11001+ 8973                       246535.0000   382195.3908            55.03%
* 11001+ 8973                       246540.0000   382195.3908            55.02%
  11001  8975   381364.8887   495   246540.0000   382194.1180  2871343   55.02%
* 11002+ 8974                       253331.0000   382194.1180            50.87%
* 11002+ 8974                       253498.0000   382194.1180            50.77%
* 11002+ 8974                       257745.0000   382194.1180            48.28%
* 11002+ 8974                       258233.0000   382194.1180            48.00%
* 11002+ 8974                       258335.0000   382194.1180            47.95%
* 11002+ 8974                       258354.0000   382194.1180            47.93%
* 11002+ 8974                       259431.0000   382194.1180            47.32%
* 11002+ 8974                       259475.0000   382194.1180            47.30%
* 11002+ 8974                       259532.0000   382194.1180            47.26%
  11002  8976   380830.3662   262   259532.0000   382191.9170  2872372   47.26%
Elapsed time = 290.91 sec. (801202.17 ticks, tree = 359.38 MB, solutions = 20)
  11033  8997   377510.1250   285   259532.0000   382191.2393  2889023   47.26%
  11088  9048   377590.5841   385   259532.0000   382190.9901  2905367   47.26%
  11170  9122   378901.6168   317   259532.0000   382190.1624  2920985   47.26%
  11215  9159    infeasible         259532.0000   382187.6312  2937021   47.26%
  11248  9192   376214.0468   507   259532.0000   382187.2466  2953524   47.26%
  11350  9288   380574.6564   474   259532.0000   382185.5762  2968039   47.26%
  11428  9358   373870.9997   266   259532.0000   382184.5913  2984304   47.26%
  11476  9398   379051.0571   372   259532.0000   382184.4121  3000692   47.26%
  11525  9441   378395.7718   426   259532.0000   382184.3507  3016821   47.26%
  11555  9463    infeasible         259532.0000   382184.3382  3033144   47.26%
Elapsed time = 304.76 sec. (840097.56 ticks, tree = 378.57 MB, solutions = 20)
  11638  9542   379109.7878   237   259532.0000   382181.7260  3049467   47.26%
  11684  9582   376223.5465   522   259532.0000   382181.7086  3065737   47.26%
  11747  9635   380992.4260   552   259532.0000   382180.5069  3082041   47.26%
  11769  9651   378079.0028   409   259532.0000   382180.0260  3098483   47.26%
  11818  9694    infeasible         259532.0000   382179.7960  3114702   47.26%
  11879  9749   379641.0146   442   259532.0000   382178.9494  3131195   47.26%
  11934  9795   374175.0777   369   259532.0000   382177.4948  3148693   47.26%
  11981  9832   381115.7837   331   259532.0000   382176.9155  3165485   47.26%
  12051  9897   378826.2895   482   259532.0000   382176.1536  3184494   47.26%
  12113  9955   375865.7818   484   259532.0000   382175.7241  3201299   47.26%
Elapsed time = 319.18 sec. (879507.65 ticks, tree = 395.90 MB, solutions = 20)
  12199 10034   379227.3723   339   259532.0000   382174.8818  3221003   47.26%
  12225 10050    infeasible         259532.0000   382174.1629  3237622   47.26%
  12278 10092   376780.0462   378   259532.0000   382168.6441  3254206   47.25%
  12321 10127   381152.7892   463   259532.0000   382167.9267  3270846   47.25%
  12374 10173   381004.1570   568   259532.0000   382166.2073  3288072   47.25%
  12442 10236   370219.6246   334   259532.0000   382166.2073  3304897   47.25%
  12493 10278   380996.6654   692   259532.0000   382162.8792  3321045   47.25%
  12565 10347   374441.3439   425   259532.0000   382162.8792  3336966   47.25%
  12660 10434   381228.8094   686   259532.0000   382161.9496  3352102   47.25%
  12702 10472   380689.6949   405   259532.0000   382160.4398  3368060   47.25%
Elapsed time = 333.51 sec. (918763.33 ticks, tree = 407.43 MB, solutions = 20)
  12787 10549   381354.1137   465   259532.0000   382157.9542  3384303   47.25%
  12857 10615   379777.7000   416   259532.0000   382157.0336  3400719   47.25%
  12930 10684   377271.0769   418   259532.0000   382156.0480  3417883   47.25%
  12999 10748   381657.6667   652   259532.0000   382155.5007  3433335   47.25%
  13060 10801   381475.6697   426   259532.0000   382155.1895  3450235   47.25%
  13080 10817   381049.8750   377   259532.0000   382155.1000  3466514   47.25%
  13147 10878   378024.7500   333   259532.0000   382154.6523  3482914   47.25%
  13204 10931   380270.7188   563   259532.0000   382154.1745  3498590   47.25%
  13275 11001   357439.7189   671   259532.0000   382154.1745  3514638   47.25%
  13404 11129   341380.2006   485   259532.0000   382154.1745  3533001   47.25%
Elapsed time = 347.73 sec. (958104.81 ticks, tree = 424.53 MB, solutions = 20)
  13477 11190    infeasible         259532.0000   382152.1446  3549888   47.25%
  13505 11218   373058.9818   331   259532.0000   382150.5717  3567217   47.25%
  13563 11268    infeasible         259532.0000   382147.9915  3583974   47.25%
  13678 11379   379844.1398   489   259532.0000   382141.2247  3600338   47.24%
  13724 11417   380052.4641   471   259532.0000   382138.6344  3617676   47.24%
  13758 11435   379441.2269   346   259532.0000   382136.6594  3632465   47.24%
  13819 11493   370856.7358   339   259532.0000   382136.6594  3648953   47.24%
  13871 11539   376989.7819   445   259532.0000   382134.8373  3661996   47.24%
  13981 11648   370537.0139   366   259532.0000   382134.8373  3676834   47.24%
  14028 11691   378766.3367   275   259532.0000   382134.6141  3693437   47.24%
Elapsed time = 361.95 sec. (997370.81 ticks, tree = 428.52 MB, solutions = 20)
  14070 11724   379694.9810   408   259532.0000   382133.8287  3708248   47.24%
  14116 11762   380734.4567   272   259532.0000   382124.4381  3724687   47.24%
  14172 11807   380430.8953   333   259532.0000   382119.9977  3741716   47.23%
  14212 11843   379047.1063   602   259532.0000   382119.4802  3757680   47.23%
  14237 11868   362656.9167   417   259532.0000   382119.4802  3773410   47.23%
  14331 11960   350415.6003   352   259532.0000   382119.4802  3791078   47.23%
  14441 12062   373926.5114   367   259532.0000   382118.1679  3807937   47.23%
  14520 12137   375644.0064   497   259532.0000   382116.5210  3822856   47.23%
  14552 12163   372379.9654   279   259532.0000   382116.4302  3840241   47.23%
  14601 12200   377384.3475   192   259532.0000   382113.7903  3856950   47.23%
Elapsed time = 376.19 sec. (1035875.59 ticks, tree = 451.48 MB, solutions = 20)
  14650 12245   375432.5066   365   259532.0000   382113.7903  3874530   47.23%
  14701 12287   376612.6726   390   259532.0000   382112.4635  3891903   47.23%
  14723 12301   377958.8691   432   259532.0000   382112.3303  3907577   47.23%
  14750 12320   381189.6984   543   259532.0000   382112.2613  3924533   47.23%
  14808 12374   376814.4292   475   259532.0000   382112.1753  3940879   47.23%
  14856 12413   372070.2566   338   259532.0000   382112.1144  3958231   47.23%
  14891 12440   381180.2383   330   259532.0000   382111.4513  3974701   47.23%
  14988 12531   375541.8258   250   259532.0000   382111.3402  3991168   47.23%
  15062 12599   377651.6970   354   259532.0000   382110.0810  4006815   47.23%
  15110 12642   375697.2231   253   259532.0000   382109.5294  4023406   47.23%
Elapsed time = 390.54 sec. (1075227.27 ticks, tree = 475.13 MB, solutions = 20)
  15146 12670   380793.9209   494   259532.0000   382109.1000  4039259   47.23%
  15178 12699   372186.4762   284   259532.0000   382109.1000  4055191   47.23%
  15224 12736   380224.0525   323   259532.0000   382108.4121  4071596   47.23%
  15308 12812   380789.8789   333   259532.0000   382108.0151  4088106   47.23%
  15366 12867   371925.1516   399   259532.0000   382108.0151  4104579   47.23%
  15406 12903   373547.4305   406   259532.0000   382107.8624  4120788   47.23%
  15449 12941   376611.2305   418   259532.0000   382106.7012  4136915   47.23%
  15504 12986   376656.8252   316   259532.0000   382106.0617  4153351   47.23%
  15537 13007   381543.2625   409   259532.0000   382104.0421  4169965   47.23%
  15570 13034   378580.5385   350   259532.0000   382103.9701  4186440   47.23%
Elapsed time = 404.33 sec. (1114026.90 ticks, tree = 495.78 MB, solutions = 20)
  15649 13113   367571.2307   484   259532.0000   382103.9701  4203258   47.23%
  15718 13175   377722.9079   303   259532.0000   382103.8050  4221203   47.23%
  15794 13246   380704.3456   497   259532.0000   382103.7314  4237547   47.23%
  15845 13289    infeasible         259532.0000   382103.0471  4253906   47.23%
  15907 13340   380938.8056   278   259532.0000   382101.7858  4271045   47.23%
  15953 13376   379780.0000   495   259532.0000   382100.8021  4286559   47.23%
  16011 13432   372272.2804   355   259532.0000   382100.8021  4302864   47.23%
  16075 13485    infeasible         259532.0000   382099.0957  4319187   47.23%
  16125 13535   375213.7598   404   259532.0000   382098.6228  4334505   47.23%
  16218 13618   380778.4074   358   259532.0000   382097.2823  4352956   47.23%
Elapsed time = 418.80 sec. (1153152.18 ticks, tree = 514.94 MB, solutions = 20)
  16275 13666   376402.1718   462   259532.0000   382096.8558  4369800   47.23%
  16333 13715   380193.1094   338   259532.0000   382093.0674  4385931   47.22%
  16408 13785   381588.1724   437   259532.0000   382091.2038  4402781   47.22%
  16466 13839   379385.8471   559   259532.0000   382090.7361  4417914   47.22%
  16529 13897   377976.1053   252   259532.0000   382090.0495  4434791   47.22%
  16569 13934   373814.6993   315   259532.0000   382090.0495  4450732   47.22%
  16634 13990    infeasible         259532.0000   382088.0098  4465828   47.22%
  16685 14038   381665.0792   429   259532.0000   382084.6231  4480891   47.22%
  16740 14083   380126.5631   473   259532.0000   382083.2305  4497528   47.22%
  16766 14101   380730.8889   384   259532.0000   382079.2245  4513325   47.22%
Elapsed time = 432.91 sec. (1192185.33 ticks, tree = 532.30 MB, solutions = 20)
  16836 14163   381227.0562   312   259532.0000   382078.2029  4529919   47.22%
  16888 14215   370585.0209   354   259532.0000   382078.2029  4546211   47.22%
  16926 14246   379413.8004   597   259532.0000   382075.5528  4562834   47.22%
  16983 14293   381553.2440   616   259532.0000   382074.4053  4579371   47.22%
  17044 14347   380941.8145   243   259532.0000   382073.6546  4595186   47.22%
  17114 14415   373128.0365   269   259532.0000   382073.6546  4611136   47.22%
  17182 14475   374030.0256   398   259532.0000   382073.6532  4627477   47.22%
  17252 14536   381852.2629   387   259532.0000   382070.6141  4643812   47.22%
  17280 14560   376520.7454   233   259532.0000   382070.6141  4660239   47.22%
  17368 14642   378371.7163   770   259532.0000   382069.3750  4677639   47.21%
Elapsed time = 447.26 sec. (1230888.18 ticks, tree = 562.26 MB, solutions = 20)
  17408 14682   375467.5254   404   259532.0000   382069.3750  4691764   47.21%
  17539 14806   380428.3197   640   259532.0000   382068.8200  4707686   47.21%
  17612 14874   378380.9666   393   259532.0000   382067.2762  4723271   47.21%
  17647 14901   376380.7297   256   259532.0000   382065.6685  4739459   47.21%
  17711 14961   378761.7041   600   259532.0000   382064.9399  4754850   47.21%
  17798 15040    infeasible         259532.0000   382064.9399  4772130   47.21%
  17828 15061   377298.0626   282   259532.0000   382062.3877  4786660   47.21%
  17888 15117   362582.7537   297   259532.0000   382062.1740  4803115   47.21%
  17914 15131    infeasible         259532.0000   382060.2188  4820052   47.21%
  17993 15206   377230.7139   431   259532.0000   382058.6798  4838151   47.21%
Elapsed time = 461.94 sec. (1269900.45 ticks, tree = 593.54 MB, solutions = 20)
  18066 15271   378268.1980   363   259532.0000   382057.4680  4855621   47.21%
  18108 15303   377030.8845   452   259532.0000   382057.1274  4873415   47.21%
  18154 15343   380700.2701   321   259532.0000   382055.7736  4890926   47.21%
  18214 15389   380487.8348   239   259532.0000   382054.1435  4906816   47.21%
  18295 15466   379992.0977   361   259532.0000   382051.7393  4922484   47.21%
  18383 15534   380986.0242   291   259532.0000   382049.8527  4938707   47.21%
  18441 15585   376442.3395   392   259532.0000   382048.3167  4955539   47.21%
  18543 15674   381217.4041   576   259532.0000   382046.5172  4973114   47.21%
  18599 15724   379644.3531   546   259532.0000   382046.5000  4990288   47.21%
  18643 15764   378369.9288   481   259532.0000   382045.1180  5006489   47.21%
Elapsed time = 477.13 sec. (1309355.34 ticks, tree = 625.03 MB, solutions = 20)
  18705 15822   381137.4143   244   259532.0000   382042.6500  5022153   47.20%
  18844 15955   381298.3193   461   259532.0000   382037.2500  5038832   47.20%
  18906 16013   372666.7520   497   259532.0000   382037.2500  5055295   47.20%
  18980 16075   381074.9919   267   259532.0000   382030.2501  5071960   47.20%
  19013 16102   374998.2345   222   259532.0000   382030.2501  5086865   47.20%
  19078 16157   373971.3982   266   259532.0000   382028.4873  5105520   47.20%
  19135 16208   373369.8347   353   259532.0000   382027.6126  5122759   47.20%
  19189 16256   360862.9665   367   259532.0000   382027.4321  5139889   47.20%
  19300 16365    infeasible         259532.0000   382027.4321  5158655   47.20%
  19337 16400   374501.3455   433   259532.0000   382026.4177  5174799   47.20%
Elapsed time = 492.20 sec. (1348190.15 ticks, tree = 661.88 MB, solutions = 20)
  19400 16448   381383.0303   281   259532.0000   382025.1210  5191448   47.20%
  19440 16485   378529.8686   589   259532.0000   382024.3230  5208072   47.20%
  19507 16542   375460.2058   262   259532.0000   382022.6289  5225620   47.20%
  19579 16606   381398.0916   566   259532.0000   382022.2809  5243254   47.20%
  19622 16649   374255.4312   387   259532.0000   382022.2809  5259362   47.20%
  19662 16679   376502.4740   538   259532.0000   382021.3449  5275193   47.20%
  19761 16774   349808.7863   327   259532.0000   382021.3449  5292866   47.20%
  19852 16853    infeasible         259532.0000   382019.8333  5311237   47.20%
  19912 16909   380850.0873   307   259532.0000   382018.0826  5327139   47.19%
  19984 16977   379980.0826   265   259532.0000   382017.1667  5344229   47.19%
Elapsed time = 507.38 sec. (1387460.53 ticks, tree = 687.97 MB, solutions = 20)
  20043 17032   377680.0844   593   259532.0000   382016.5207  5360145   47.19%
  20071 17054   374888.0245   498   259532.0000   382015.8901  5376888   47.19%
  20148 17125   373478.5084   316   259532.0000   382013.0826  5394584   47.19%
  20212 17180   381079.0588   432   259532.0000   382011.5025  5411262   47.19%
  20253 17221   376335.6115   472   259532.0000   382011.5025  5427294   47.19%
  20333 17298   372965.5109   324   259532.0000   382011.5025  5442387   47.19%
  20407 17368   372318.7318   526   259532.0000   382011.4810  5457975   47.19%
  20525 17485   349438.6762   463   259532.0000   382011.4810  5476407   47.19%
  20631 17587   379689.8114   235   259532.0000   382008.6760  5491298   47.19%
  20751 17698   376950.2239   473   259532.0000   382008.5049  5507867   47.19%
Elapsed time = 522.32 sec. (1426151.47 ticks, tree = 727.64 MB, solutions = 20)
  20832 17769   375999.5581   487   259532.0000   382008.2239  5525679   47.19%
  20868 17793    infeasible         259532.0000   382002.2872  5542615   47.19%
  20923 17836   380967.6580   348   259532.0000   382000.1791  5558326   47.19%
  20955 17866   375177.8558   692   259532.0000   382000.1791  5573863   47.19%
  20999 17904   374955.0167   242   259532.0000   382000.0581  5591524   47.19%
  21057 17956   374357.7745   230   259532.0000   382000.0224  5607770   47.19%
  21103 17993   381228.4216   369   259532.0000   381998.4032  5623215   47.19%
  21161 18043   380118.5890   423   259532.0000   381997.5671  5640720   47.19%

Performing restart 2

Repeating presolve.
Tried aggregator 1 time.
MIP Presolve modified 2826 coefficients.
Reduced MIP has 6471 rows, 2880 columns, and 58077 nonzeros.
Reduced MIP has 2322 binaries, 558 generals, 0 SOSs, and 0 indicators.
Presolve time = 0.01 sec. (37.35 ticks)
Tried aggregator 1 time.
Reduced MIP has 6471 rows, 2880 columns, and 58077 nonzeros.
Reduced MIP has 2322 binaries, 558 generals, 0 SOSs, and 0 indicators.
Presolve time = 0.02 sec. (35.69 ticks)
Represolve time = 0.11 sec. (172.45 ticks)
  21224     0   383310.2373   243   259532.0000     Cuts: 108  5654759   47.19%
  21224     0   383306.5000   234   259532.0000     Cuts: 156  5654777   47.19%
  21224     0   383282.6552   243   259532.0000      Cuts: 84  5654896   47.19%
  21224     0   383253.7990   237   259532.0000     Cuts: 159  5655175   47.19%
  21224     0   383202.2069   275   259532.0000      Cuts: 85  5655442   47.19%
  21224     0   383116.7500   255   259532.0000     Cuts: 166  5655700   47.19%
  21224     0   382968.8726   283   259532.0000     Cuts: 130  5655885   47.19%
  21224     0   382898.3604   266   259532.0000     Cuts: 219  5656187   47.19%
  21224     0   382843.3498   315   259532.0000     Cuts: 107  5656755   47.19%
  21224     0   382831.1291   413   259532.0000      Cuts: 55  5657025   47.19%
  21224     0   382827.9700   430   259532.0000     Cuts: 107  5657129   47.19%
  21224     2   382827.9700   423   259532.0000   381997.5671  5657129   47.19%
  21225     3   382617.6897   239   259532.0000   381997.5671  5659229   47.19%
Elapsed time = 543.24 sec. (1482827.96 ticks, tree = 0.01 MB, solutions = 20)
  21227     5   381249.4444   275   259532.0000   381997.5671  5661475   47.19%
  21228     6   381006.2020   291   259532.0000   381997.5671  5662384   47.19%
  21230     8   380995.1244   411   259532.0000   381997.5671  5665220   47.19%
  21232    10   380926.2086   263   259532.0000   381997.5671  5667497   47.19%
  21235    13   380829.0435   410   259532.0000   381997.5671  5671075   47.19%
  21237    15   380635.0196   603   259532.0000   381997.5671  5672911   47.19%
  21240    18   379804.3482   510   259532.0000   381997.5671  5677938   47.19%
  21245    23   379768.5574   458   259532.0000   381997.5671  5681220   47.19%
  21253    31   379392.4444   460   259532.0000   381997.5671  5688725   47.19%
  21265    43   378864.2737   265   259532.0000   381997.5671  5696506   47.19%
Elapsed time = 563.32 sec. (1539139.46 ticks, tree = 0.54 MB, solutions = 20)
  21284    60   376743.0204   349   259532.0000   381997.5671  5702382   47.19%
  21290    64   381986.7084   494   259532.0000   381997.5671  5707014   47.19%
  21311    83    infeasible         259532.0000   381997.5671  5715712   47.19%
  21317    89   377482.2164   260   259532.0000   381997.5671  5721364   47.19%
  21334   105   375264.1920   457   259532.0000   381997.5671  5729494   47.19%
  21359   124   382534.3070   306   259532.0000   381997.5671  5739628   47.19%
  21384   149   379742.9394   612   259532.0000   381997.5671  5746659   47.19%
  21411   172   381958.1667   297   259532.0000   381997.5671  5757605   47.19%
  21457   218   380833.0165   367   259532.0000   381997.5671  5764518   47.19%
  21486   247   377251.5792   327   259532.0000   381997.5671  5770816   47.19%
Elapsed time = 578.64 sec. (1580165.12 ticks, tree = 4.33 MB, solutions = 20)
  21510   267   382251.7622   456   259532.0000   381997.5671  5776793   47.19%
  21545   298   382435.8778   282   259532.0000   381997.5671  5786836   47.19%
  21573   326   381239.0326   721   259532.0000   381997.5671  5794810   47.19%
  21598   351   375723.0286   390   259532.0000   381997.5671  5802999   47.19%
  21650   403   374816.6398   290   259532.0000   381997.5671  5813662   47.19%
  21706   454   370560.9361   250   259532.0000   381997.5671  5819136   47.19%
  21744   490   378477.9522   385   259532.0000   381997.5671  5829493   47.19%
  21814   560   375066.7679   379   259532.0000   381997.5671  5839808   47.19%
  21911   655   345654.9580   342   259532.0000   381997.5671  5849842   47.19%
  21975   709   380735.6250   478   259532.0000   381997.5671  5863184   47.19%
Elapsed time = 593.57 sec. (1620144.20 ticks, tree = 19.29 MB, solutions = 20)
  22037   767    infeasible         259532.0000   381997.5671  5874650   47.19%
  22059   789   379504.8589   523   259532.0000   381997.5671  5890289   47.19%
  22141   870   371779.6660   315   259532.0000   381997.5671  5900350   47.19%
  22199   922   373644.2160   354   259532.0000   381997.5671  5912469   47.19%
  22262   981   379457.9811   358   259532.0000   381997.5671  5927781   47.19%
  22328  1047   374020.9578   259   259532.0000   381997.5671  5942897   47.19%
  22410  1121   381580.3333   571   259532.0000   381997.5671  5957866   47.19%
  22460  1171   377425.3720   550   259532.0000   381997.5671  5970899   47.19%
  22525  1232    infeasible         259532.0000   381997.5671  5985021   47.19%
  22599  1302   375633.8728   353   259532.0000   381997.5671  6000862   47.19%
Elapsed time = 608.15 sec. (1659437.52 ticks, tree = 44.94 MB, solutions = 20)
  22656  1355   378871.2170   563   259532.0000   381997.5671  6013058   47.19%
  22714  1407   377720.5345   261   259532.0000   381997.5671  6028098   47.19%
  22777  1467   380922.7157   359   259532.0000   381997.5671  6039128   47.19%
  22824  1514   378973.7270   338   259532.0000   381997.5671  6053816   47.19%
  22858  1540   380574.6271   507   259532.0000   381997.5671  6068280   47.19%
  22903  1581   370057.7260   503   259532.0000   381997.5671  6085019   47.19%
  22992  1664   382133.1667   291   259532.0000   381997.5671  6098939   47.19%
  23054  1726   376777.3880   397   259532.0000   381997.5671  6113914   47.19%
  23103  1771   379195.1050   722   259532.0000   381997.5671  6129671   47.19%
  23164  1832   371406.4972   298   259532.0000   381997.5671  6141155   47.19%
Elapsed time = 622.89 sec. (1699125.31 ticks, tree = 66.58 MB, solutions = 20)
  23254  1920   357900.1944   349   259532.0000   381997.5671  6151965   47.19%
  23334  1993   379856.3749   630   259532.0000   381997.5671  6167011   47.19%
  23429  2083   377177.0910   318   259532.0000   381997.5671  6178562   47.19%
  23547  2198   379648.9348   414   259532.0000   381997.5671  6193849   47.19%
  23606  2256   378098.0925   452   259532.0000   381997.5671  6206616   47.19%
  23677  2323   377123.7014   299   259532.0000   381997.5671  6220709   47.19%
  23818  2464   374225.4175   305   259532.0000   381997.5671  6233621   47.19%
  23912  2554   380148.8820   323   259532.0000   381997.5671  6247611   47.19%
  24004  2642   378682.8831   408   259532.0000   381997.5671  6261800   47.19%
  24059  2693   381541.0000   222   259532.0000   381997.5671  6275105   47.19%
Elapsed time = 637.16 sec. (1738220.18 ticks, tree = 98.47 MB, solutions = 20)
  24109  2743   375046.9069   387   259532.0000   381997.5671  6291338   47.19%
  24165  2795   379336.4488   232   259532.0000   381997.5671  6306763   47.19%
  24274  2899   381314.2500   225   259532.0000   381997.5671  6322340   47.19%
  24329  2954   377864.9066   328   259532.0000   381997.5671  6331871   47.19%
  24420  3041   378053.4343   565   259532.0000   381997.5671  6346602   47.19%
  24534  3150   381534.3015   246   259532.0000   381997.5671  6360548   47.19%
  24592  3208   378469.7684   617   259532.0000   381997.5671  6375618   47.19%
  24678  3293   371639.9731   252   259532.0000   381997.5671  6388923   47.19%
  24747  3357   381495.3494   381   259532.0000   381997.5671  6395652   47.19%
  24824  3432   372572.5310   230   259532.0000   381997.5671  6410478   47.19%
Elapsed time = 651.81 sec. (1777971.50 ticks, tree = 134.02 MB, solutions = 20)
  24865  3469   379221.5342   241   259532.0000   381997.5671  6426132   47.19%
  24921  3507   382070.6667   232   259532.0000   381997.5671  6444549   47.19%
* 24924+ 3508                       259736.0000   381997.5671            47.07%
* 24924+ 3508                       260985.0000   381997.5671            46.37%
* 24924+ 3508                       265178.0000   381997.5671            44.05%
* 24924+ 3508                       265419.0000   381997.5671            43.92%
* 24924+ 3508                       265455.0000   381997.5671            43.90%
  24947  3533   377887.1511   570   265455.0000   381997.5671  6456043   43.90%
  24990  3572   381480.4118   602   265455.0000   381997.5671  6472542   43.90%
  25036  3618   377311.4730   441   265455.0000   381997.5671  6483149   43.90%
  25117  3693   376666.4485   273   265455.0000   381997.5671  6498877   43.90%
  25173  3749   373648.0346   359   265455.0000   381997.5671  6508489   43.90%
  25224  3794   379853.6096   380   265455.0000   381997.5671  6521948   43.90%
  25258  3828   367984.4946   550   265455.0000   381997.5671  6537536   43.90%
  25331  3897   381677.6772   453   265455.0000   381997.5671  6551902   43.90%
Elapsed time = 666.71 sec. (1817464.78 ticks, tree = 154.76 MB, solutions = 25)
  25375  3941   375887.0423   269   265455.0000   381997.5671  6569661   43.90%
* 25424+ 3981                       265804.0000   381997.5671            43.71%
* 25424+ 3981                       265856.0000   381997.5671            43.69%
  25445  4004   381234.2515   518   265856.0000   381997.5671  6584879   43.69%
  25524  4083   378006.5126   541   265856.0000   381997.5671  6598529   43.69%
  25624  4183   376544.4489   247   265856.0000   381997.5671  6606602   43.69%
  25724  4279   376545.6974   666   265856.0000   381997.5671  6618155   43.69%
  25824  4379   365569.4760   220   265856.0000   381997.5671  6634140   43.69%
  25924  4474   377011.8051   320   265856.0000   381997.5671  6645899   43.69%
  26024  4567   381669.5000   315   265856.0000   381997.5671  6655200   43.69%
  26098  4635   382003.0877   339   265856.0000   381997.5671  6673449   43.69%
  26123  4660   377908.8755   330   265856.0000   381997.5671  6688487   43.69%
Elapsed time = 683.70 sec. (1860073.18 ticks, tree = 191.28 MB, solutions = 27)
  26160  4697   374571.0513   237   265856.0000   381997.5671  6698659   43.69%
* 26224+ 4759                       274438.0000   381997.5671            39.19%
  26256  4791   370340.4034   295   274438.0000   381997.5671  6714944   39.19%
* 26324+ 4853                       274440.0000   381997.5671            39.19%
  26324  4855   378676.2832   532   274440.0000   381997.5671  6727366   39.19%
  26424  4955   372837.2319   310   274440.0000   381997.5671  6739751   39.19%
  26524  5049   381362.8279   285   274440.0000   381997.5671  6748331   39.19%
  26616  5135    infeasible         274440.0000   381997.5671  6764720   39.19%
  26675  5192   375846.4011   418   274440.0000   381997.5671  6781613   39.19%
  26780  5291   360615.1003   234   274440.0000   381997.5671  6797550   39.19%
  26820  5325   377340.1878   561   274440.0000   381997.5671  6812093   39.19%
* 26824+ 5327                       274534.0000   381997.5671            39.14%
  26830  5331   381760.9195   338   274534.0000   381997.5671  6817909   39.14%
Elapsed time = 701.11 sec. (1904156.62 ticks, tree = 225.57 MB, solutions = 30)
  26886  5387   376602.9750   284   274534.0000   381997.5671  6833356   39.14%
* 26924+ 5419                       275668.0000   381997.5671            38.57%
* 26924+ 5419                       276703.0000   381997.5671            38.05%
  26924  5421   381701.1805   392   276703.0000   381997.5671  6845815   38.05%
  26996  5491   375953.4403   277   276703.0000   381997.5671  6861286   38.05%
  27069  5560   380556.1530   524   276703.0000   381997.5671  6873397   38.05%
* 27124+ 5609                       277367.0000   381997.5671            37.72%
  27124  5611   380698.0511   555   277367.0000   381997.5671  6882920   37.72%
* 27224+ 5705                       285765.0000   381997.5671            33.68%
* 27224+ 5705                       285880.0000   381997.5671            33.62%
  27224  5707   372138.2826   398   285880.0000   381997.5671  6897187   33.62%

GUB cover cuts applied:  2
Clique cuts applied:  13
Cover cuts applied:  27
Implied bound cuts applied:  23
Flow cuts applied:  5
Mixed integer rounding cuts applied:  100
Zero-half cuts applied:  125
Gomory fractional cuts applied:  19

Root node processing (before b&c):
  Real time             =    0.69 sec. (1602.95 ticks)
Sequential b&c:
  Real time             =  711.31 sec. (1931469.04 ticks)
                          ------------
Total (root+branch&cut) =  712.00 sec. (1933071.99 ticks)
[CPLEX] Status: time limit exceeded
[CPLEX] OPTIMAL OBJ: 285880.0
[CPLEX] Runtime: 712.013 sec
Vehicle 0: d → 20 → 30 → 16 → 12 → 0 → 29 → 25 → 13 → 23 → 26 → 19 → 4 → 9 → 14 → 8 → 17 → 7 → 3 → d, (requests = [5, 6, 11, 12, 29, 35, 37, 47, 51, 52])
Vehicle 1: d → 2 → 22 → 27 → 7 → 8 → 14 → 28 → 9 → 24 → 4 → 19 → 23 → 29 → 11 → 0 → 12 → 20 → d, (requests = [0, 3, 4, 8, 19, 25, 36, 40])
Vehicle 2: d, (requests = [])
Vehicle 3: d → 19 → 4 → 28 → 14 → 21 → 17 → 27 → 22 → 5 → 12 → 16 → d, (requests = [9, 22, 45])
Vehicle 4: d → 5 → 1 → 27 → 3 → 10 → 7 → 8 → 17 → 21 → 14 → 28 → 4 → 19 → 13 → 25 → 6 → 12 → 18 → d, (requests = [10, 13, 17, 21, 24, 30, 38, 53])
Vehicle 5: d → 18 → 20 → 12 → 6 → 25 → 23 → 19 → 4 → 28 → 14 → 21 → 7 → 27 → 22 → 1 → 2 → 5 → d, (requests = [20, 26, 34, 42, 44])
Vehicle 6: d → 3 → 7 → 21 → 14 → 28 → 4 → 19 → 23 → 25 → 11 → 0 → 6 → 12 → 5 → 2 → 27 → 17 → 8 → d, (requests = [1, 7, 14, 15, 18, 27, 41, 43, 46, 49, 50])
Vehicle 7: d → 8 → 17 → 27 → 1 → 5 → 12 → 0 → d, (requests = [33, 39])
Vehicle 8: d → 30 → 12 → 5 → 22 → 27 → d, (requests = [31])
======== PPDSP OBJECTIVE ========
Profit    = 351312
Cost      = 65432
Objective = 285880
=================================
===== RAW XY MODEL =====
30 128 138 228 274 303 385 440 457 525 552 613 671 763 814 852 954 977 1013 1037 1111 1172 1257 1295 1337 1377 1429 1501 1656 1696 1756 1790 1797 1896 1930 1964 2019 3472 3488 3716 3785 3859 3887 3928 4005 4025 4202 4226 4327 4399 4446 4487 4501 4544 4572 4613 4667 4742 4781 4816 4905 4947 4961 5026 5146 5207 5240 5337 5605 5640 5727 5762 5788 5822 5961 6040 6167 6183 6223 6250 6276 6326 6394 6457 6481 6581 6745 6830 6842 6886 6901 6943 6984 7026 7091 7128 7215 7291 7370 7425 7500 7550 7620 7639 7734 7794 7800 7935 8036 8147 8334 8628 8763 9239 9446 9788 9952 10029 10079 2050 8789 2056 2058 2059 2061 8801 2066 5382 5385 3232 3235 5391 8815 8817 5399 8823 5406 6615 5419 5423 5434 5436 6621 8841 6634 6644 10112 8854 6669 6670 8860 8867 8879 8890 8892 8905 8912 8921 8928 10129 10141 10144 10168 10177 10180 10189 10202
  [Time Manager] Step 6 consumed 712.02s. Total Consumed: 3599.98s.
  [Info] Saved 10206 core assumption literals to p1_A-n32-k5_r54v9k4.lp.asm

>>> ROLLING HORIZON COMPLETED SUCCESSFULLY <<<
