c Using COMiniSatPS SAT solver by Chanseok Oh (2016)
[UWrMaxSAT] meta file: p4_A-n32-k5_r4v2k2.meta
[UWrMaxSAT] meta loaded OK.
c Parsing MaxSAT file...
c Start timer (tic-tac ...)
c c Found solution: 51804
c ============================[  Problem Statistics ]============================
c |  Number of variables:          2162                                         |
c |  Number of clauses:            9410 (incl.          296 soft in queue)      |
c ===============================================================================
c [Elapsed time] 0.02 s
c Found solution: 47647
c [Elapsed time] 0.02 s
c Found solution: 43202
c [Elapsed time] 0.02 s
c Found solution: 42029
c [Elapsed time] 0.03 s
c Found solution: 35538
c [Elapsed time] 0.04 s
c Found solution: 35450
c [Elapsed time] 0.05 s
c Found solution: 35108
c [Elapsed time] 0.05 s
c Found solution: 34746
c [Elapsed time] 0.07 s
c Found solution: 34708
c [Elapsed time] 0.07 s
c Found solution: 34706
c [Elapsed time] 0.07 s
c Found solution: 34595
c [Elapsed time] 0.08 s
c Found solution: 34589
c [1mOptimal solution: 34589[0m
c _______________________________________________________________________________
c 
c restarts               : 673
c conflicts              : 3265           (38185 /sec)
c decisions              : 106230         (0.00 % random) (1242383 /sec)
c propagations           : 894700         (10463716 /sec)
c conflict literals      : 31102          (12.57 % deleted)
c =======================[ UWrMaxSat resources usage ]===========================
c Memory used            : 25.00 MB
c CPU time               : 0.085505 s
c OptExp Enc: Srt/BDD/Add: 27 0 0
c _______________________________________________________________________________
o 34589
s OPTIMUM FOUND
v 1131 1172 1229 1266 1341 1352 1429 1466 1482 1511 1590 1659 1696 1711 1840 1870 1925 2020 2050 2052 2054 2056
c Using COMiniSatPS SAT solver by Chanseok Oh (2016)
[UWrMaxSAT] meta file: p4_A-n32-k5_r5v2k2.meta
[UWrMaxSAT] meta loaded OK.
[UWrMaxSAT] Loaded 22 assumption literals from p4_A-n32-k5_r4v2k2.wcnf.asm
c Parsing MaxSAT file...
c Start timer (tic-tac ...)
c c Found solution: 53295
c ============================[  Problem Statistics ]============================
c |  Number of variables:          2163                                         |
c |  Number of clauses:            9480 (incl.          300 soft in queue)      |
c ===============================================================================
c [Elapsed time] 0.02 s
c Found solution: 53117
c [UWrMaxSAT] Timeout reached.
c [1mOptimal solution: 53117[0m
c _______________________________________________________________________________
c 
c restarts               : 57149799
c conflicts              : 183            (4 /sec)
c decisions              : 1863           (0.00 % random) (37 /sec)
c propagations           : 27783          (546 /sec)
c conflict literals      : 1305           (9.88 % deleted)
c =======================[ UWrMaxSat resources usage ]===========================
c Memory used            : 25.00 MB
c CPU time               : 50.9291 s
c _______________________________________________________________________________
o 53117
s OPTIMUM FOUND
v 7 148 205 317 353 405 442 458 492 608 635 659 687 830 846 901 944 1014 1131 1172 1229 1266 1341 1352 1429 1466 1482 1511 1590 1659 1696 1711 1840 1870 1925 2020 2050 2052 2054 2056 2078 2079 2080 2081 2082 2083 2084 2085 2086 2103 2104 2105 2106 2107 2108 2109 2110 2111 2112 2113 2114 2115 2116 2117 2135 2136 2137 2138 2139 2140 2141 2142 2143 2144 2145 2146 2147 2148 2165 2166 2167 2168 2169 2170 2171 2172 2173 2174 2175 2176 2177 2178 2179 2186 2187 2188 2189 2190 2191 2192 2193 2194 2195 2196 2197 2198 2199 2200 2201 2202 2203 2204 2205 2206 2207 2208 2209 2210 2228 2229 2230 2231 2232 2233 2234 2235 2236 2237 2238 2239 2240 2241 2265 2266 2267 2268 2269 2270 2271 2272 2289 2290 2291 2292 2293 2294 2295 2296 2297 2298 2299 2300 2301 2302 2303 2320 2321 2322 2323 2324 2325 2326 2327 2328 2329 2330 2331 2332 2333 2334 2339 2340 2341 2342 2343 2344 2345 2346 2347 2348 2349 2350 2351 2352 2353 2354 2355 2356 2357 2358 2359 2360 2361 2362 2363 2364 2365 2381 2382 2383 2384 2385 2386 2387 2388 2389 2390 2391 2392 2393 2394 2395 2396 2418 2419 2420 2421 2422 2423 2424 2425 2426 2427 2452 2453 2454 2455 2456 2457 2458 2468 2469 2470 2471 2472 2473 2474 2475 2476 2477 2478 2479 2480 2481 2482 2483 2484 2485 2486 2487 2488 2489 2493 2494 2495 2496 2497 2498 2499 2500 2501 2502 2503 2504 2505 2506 2507 2508 2509 2510 2511 2512 2513 2514 2515 2516 2517 2518 2519 2520 2541 2542 2543 2544 2545 2546 2547 2548 2549 2550 2551 2568 2569 2570 2571 2572 2573 2574 2575 2576 2577 2578 2579 2580 2581 2582 2599 2600 2601 2602 2603 2604 2605 2606 2607 2608 2609 2610 2611 2612 2613 2640 2641 2642 2643 2644 2652 2653 2654 2655 2656 2657 2658 2659 2660 2661 2662 2663 2664 2665 2666 2667 2668 2669 2670 2671 2672 2673 2674 2675 2701 2702 2703 2704 2705 2706 2709 2710 2711 2712 2713 2714 2715 2716 2717 2718 2719 2720 2721 2722 2723 2724 2725 2726 2727 2728 2729 2730 2731 2732 2733 2734 2735 2736 2737 2753 2754 2755 2756 2757 2758 2759 2760 2761 2762 2763 2764 2765 2766 2767 2768 2795 2796 2797 2798 2799 2816 2817 2818 2819 2820 2821 2822 2823 2824 2825 2826 2827 2828 2829 2830 2841 2842 2843 2844 2845 2846 2847 2848 2849 2850 2851 2852 2853 2854 2855 2856 2857 2858 2859 2860 2861 2870 2871 2872 2873 2874 2875 2876 2877 2878 2879 2880 2881 2882 2883 2884 2885 2886 2887 2888 2889 2890 2891 2892 2908 2909 2910 2911 2912 2913 2914 2915 2916 2917 2918 2919 2920 2921 2922 2923 2929 2930 2931 2932 2933 2934 2935 2936 2937 2938 2939 2940 2941 2942 2943 2944 2945 2946 2947 2948 2949 2950 2951 2952 2953 2954 2974 2975 2976 2977 2978 2979 2980 2981 2982 2983 2984 2985 2995 2996 2997 2998 2999 3000 3001 3002 3003 3004 3005 3006 3007 3008 3009 3010 3011 3012 3013 3014 3015 3016 3125 3126 3127 3128 3129 3130 3131 3132 3133 3134 3135 3136 3137 3138 3139 3140 3164 3165 3166 3167 3168 3169 3170 3171 3232 3233 3251 3252 3253 3254 3255 3256 3257 3258 3259 3260 3261 3262 3263 3264 3317 3318 3319 3320 3321 3322 3323 3324 3325 3326 3343 3344 3345 3346 3347 3348 3349 3350 3351 3352 3353 3354 3355 3356 3357 3419 3446 3447 3448 3449 3450 3471 3472 3473 3474 3475 3476 3477 3478 3479 3480 3481 3510 3511 3512 3562 3563 3564 3565 3566 3567 3568 3569 3570 3571 3572 3573 3574 3630 3631 3632 3633 3634 3635 3636 3687 3688 3689 3690 3691 3692 3693 3694 3695 3696 3697 3698 3819 3820 3821 3822 3848 3849 3850 3851 3852 3853 3907 3908 3909 3910 3911 3912 3913 3914 3915 3946 3979
c Using COMiniSatPS SAT solver by Chanseok Oh (2016)
[UWrMaxSAT] meta file: p4_A-n32-k5_r6v2k2.meta
[UWrMaxSAT] meta loaded OK.
[UWrMaxSAT] Loaded 679 assumption literals from p4_A-n32-k5_r5v2k2.wcnf.asm
c Parsing MaxSAT file...
c Start timer (tic-tac ...)
c c Found solution: 66175
c ============================[  Problem Statistics ]============================
c |  Number of variables:          2165                                         |
c |  Number of clauses:            9549 (incl.          302 soft in queue)      |
c ===============================================================================
c [UWrMaxSAT] Timeout reached inside slice loop. Stopping.
c *** Interrupted ***
c [1mSATISFIABLE: Best solution found: 66175[0m
v 7 148 205 317 353 405 442 458 492 608 635 659 687 830 846 901 944 1014 1131 1172 1229 1266 1341 1352 1429 1466 1482 1511 1590 1659 1696 1711 1840 1870 1925 2020 2050 2052 2054 2056 2078 2079 2080 2081 2082 2083 2084 2085 2086 2103 2104 2105 2106 2107 2108 2109 2110 2111 2112 2113 2114 2115 2116 2117 2135 2136 2137 2138 2139 2140 2141 2142 2143 2144 2145 2146 2147 2148 2165 2166 2167 2168 2169 2170 2171 2172 2173 2174 2175 2176 2177 2178 2179 2186 2187 2188 2189 2190 2191 2192 2193 2194 2195 2196 2197 2198 2199 2200 2201 2202 2203 2204 2205 2206 2207 2208 2209 2210 2228 2229 2230 2231 2232 2233 2234 2235 2236 2237 2238 2239 2240 2241 2265 2266 2267 2268 2269 2270 2271 2272 2289 2290 2291 2292 2293 2294 2295 2296 2297 2298 2299 2300 2301 2302 2303 2320 2321 2322 2323 2324 2325 2326 2327 2328 2329 2330 2331 2332 2333 2334 2339 2340 2341 2342 2343 2344 2345 2346 2347 2348 2349 2350 2351 2352 2353 2354 2355 2356 2357 2358 2359 2360 2361 2362 2363 2364 2365 2381 2382 2383 2384 2385 2386 2387 2388 2389 2390 2391 2392 2393 2394 2395 2396 2418 2419 2420 2421 2422 2423 2424 2425 2426 2427 2452 2453 2454 2455 2456 2457 2458 2468 2469 2470 2471 2472 2473 2474 2475 2476 2477 2478 2479 2480 2481 2482 2483 2484 2485 2486 2487 2488 2489 2493 2494 2495 2496 2497 2498 2499 2500 2501 2502 2503 2504 2505 2506 2507 2508 2509 2510 2511 2512 2513 2514 2515 2516 2517 2518 2519 2520 2541 2542 2543 2544 2545 2546 2547 2548 2549 2550 2551 2568 2569 2570 2571 2572 2573 2574 2575 2576 2577 2578 2579 2580 2581 2582 2599 2600 2601 2602 2603 2604 2605 2606 2607 2608 2609 2610 2611 2612 2613 2640 2641 2642 2643 2644 2652 2653 2654 2655 2656 2657 2658 2659 2660 2661 2662 2663 2664 2665 2666 2667 2668 2669 2670 2671 2672 2673 2674 2675 2701 2702 2703 2704 2705 2706 2709 2710 2711 2712 2713 2714 2715 2716 2717 2718 2719 2720 2721 2722 2723 2724 2725 2726 2727 2728 2729 2730 2731 2732 2733 2734 2735 2736 2737 2753 2754 2755 2756 2757 2758 2759 2760 2761 2762 2763 2764 2765 2766 2767 2768 2795 2796 2797 2798 2799 2816 2817 2818 2819 2820 2821 2822 2823 2824 2825 2826 2827 2828 2829 2830 2841 2842 2843 2844 2845 2846 2847 2848 2849 2850 2851 2852 2853 2854 2855 2856 2857 2858 2859 2860 2861 2870 2871 2872 2873 2874 2875 2876 2877 2878 2879 2880 2881 2882 2883 2884 2885 2886 2887 2888 2889 2890 2891 2892 2908 2909 2910 2911 2912 2913 2914 2915 2916 2917 2918 2919 2920 2921 2922 2923 2929 2930 2931 2932 2933 2934 2935 2936 2937 2938 2939 2940 2941 2942 2943 2944 2945 2946 2947 2948 2949 2950 2951 2952 2953 2954 2974 2975 2976 2977 2978 2979 2980 2981 2982 2983 2984 2985 2995 2996 2997 2998 2999 3000 3001 3002 3003 3004 3005 3006 3007 3008 3009 3010 3011 3012 3013 3014 3015 3016 3125 3126 3127 3128 3129 3130 3131 3132 3133 3134 3135 3136 3137 3138 3139 3140 3164 3165 3166 3167 3168 3169 3170 3171 3232 3233 3251 3252 3253 3254 3255 3256 3257 3258 3259 3260 3261 3262 3263 3264 3317 3318 3319 3320 3321 3322 3323 3324 3325 3326 3343 3344 3345 3346 3347 3348 3349 3350 3351 3352 3353 3354 3355 3356 3357 3419 3446 3447 3448 3449 3450 3471 3472 3473 3474 3475 3476 3477 3478 3479 3480 3481 3510 3511 3512 3562 3563 3564 3565 3566 3567 3568 3569 3570 3571 3572 3573 3574 3630 3631 3632 3633 3634 3635 3636 3687 3688 3689 3690 3691 3692 3693 3694 3695 3696 3697 3698 3819 3820 3821 3822 3848 3849 3850 3851 3852 3853 3907 3908 3909 3910 3911 3912 3913 3914 3915 3946 3979
c _______________________________________________________________________________
c 
c restarts               : 42046145
c conflicts              : 12             (0 /sec)
c decisions              : 580            (0.00 % random) (11 /sec)
c propagations           : 21418          (400 /sec)
c conflict literals      : 33             (0.00 % deleted)
c =======================[ UWrMaxSat resources usage ]===========================
c Memory used            : 26.00 MB
c CPU time               : 53.5177 s
c _______________________________________________________________________________
c SATISFIABLE

c Using COMiniSatPS SAT solver by Chanseok Oh (2016)
[UWrMaxSAT] meta file: p4_A-n32-k5_r7v2k2.meta
[UWrMaxSAT] meta loaded OK.
[UWrMaxSAT] Loaded 679 assumption literals from p4_A-n32-k5_r6v2k2.wcnf.asm
c Parsing MaxSAT file...
c Start timer (tic-tac ...)
c c Found solution: 82003
c ============================[  Problem Statistics ]============================
c |  Number of variables:          2167                                         |
c |  Number of clauses:            9618 (incl.          304 soft in queue)      |
c ===============================================================================
c [UWrMaxSAT] Timeout reached.
c [1mOptimal solution: 82003[0m
c _______________________________________________________________________________
c 
c restarts               : 42149039
c conflicts              : 23             (0 /sec)
c decisions              : 534            (0.00 % random) (10 /sec)
c propagations           : 37873          (714 /sec)
c conflict literals      : 10             (0.00 % deleted)
c =======================[ UWrMaxSat resources usage ]===========================
c Memory used            : 26.00 MB
c CPU time               : 53.0525 s
c _______________________________________________________________________________
o 82003
s OPTIMUM FOUND
v 7 148 205 317 353 405 442 458 492 608 635 659 687 830 846 901 944 1014 1131 1172 1229 1266 1341 1352 1429 1466 1482 1511 1590 1659 1696 1711 1840 1870 1925 2020 2050 2052 2054 2056 2078 2079 2080 2081 2082 2083 2084 2085 2086 2103 2104 2105 2106 2107 2108 2109 2110 2111 2112 2113 2114 2115 2116 2117 2135 2136 2137 2138 2139 2140 2141 2142 2143 2144 2145 2146 2147 2148 2165 2166 2167 2168 2169 2170 2171 2172 2173 2174 2175 2176 2177 2178 2179 2186 2187 2188 2189 2190 2191 2192 2193 2194 2195 2196 2197 2198 2199 2200 2201 2202 2203 2204 2205 2206 2207 2208 2209 2210 2228 2229 2230 2231 2232 2233 2234 2235 2236 2237 2238 2239 2240 2241 2265 2266 2267 2268 2269 2270 2271 2272 2289 2290 2291 2292 2293 2294 2295 2296 2297 2298 2299 2300 2301 2302 2303 2320 2321 2322 2323 2324 2325 2326 2327 2328 2329 2330 2331 2332 2333 2334 2339 2340 2341 2342 2343 2344 2345 2346 2347 2348 2349 2350 2351 2352 2353 2354 2355 2356 2357 2358 2359 2360 2361 2362 2363 2364 2365 2381 2382 2383 2384 2385 2386 2387 2388 2389 2390 2391 2392 2393 2394 2395 2396 2418 2419 2420 2421 2422 2423 2424 2425 2426 2427 2452 2453 2454 2455 2456 2457 2458 2468 2469 2470 2471 2472 2473 2474 2475 2476 2477 2478 2479 2480 2481 2482 2483 2484 2485 2486 2487 2488 2489 2493 2494 2495 2496 2497 2498 2499 2500 2501 2502 2503 2504 2505 2506 2507 2508 2509 2510 2511 2512 2513 2514 2515 2516 2517 2518 2519 2520 2541 2542 2543 2544 2545 2546 2547 2548 2549 2550 2551 2568 2569 2570 2571 2572 2573 2574 2575 2576 2577 2578 2579 2580 2581 2582 2599 2600 2601 2602 2603 2604 2605 2606 2607 2608 2609 2610 2611 2612 2613 2640 2641 2642 2643 2644 2652 2653 2654 2655 2656 2657 2658 2659 2660 2661 2662 2663 2664 2665 2666 2667 2668 2669 2670 2671 2672 2673 2674 2675 2701 2702 2703 2704 2705 2706 2709 2710 2711 2712 2713 2714 2715 2716 2717 2718 2719 2720 2721 2722 2723 2724 2725 2726 2727 2728 2729 2730 2731 2732 2733 2734 2735 2736 2737 2753 2754 2755 2756 2757 2758 2759 2760 2761 2762 2763 2764 2765 2766 2767 2768 2795 2796 2797 2798 2799 2816 2817 2818 2819 2820 2821 2822 2823 2824 2825 2826 2827 2828 2829 2830 2841 2842 2843 2844 2845 2846 2847 2848 2849 2850 2851 2852 2853 2854 2855 2856 2857 2858 2859 2860 2861 2870 2871 2872 2873 2874 2875 2876 2877 2878 2879 2880 2881 2882 2883 2884 2885 2886 2887 2888 2889 2890 2891 2892 2908 2909 2910 2911 2912 2913 2914 2915 2916 2917 2918 2919 2920 2921 2922 2923 2929 2930 2931 2932 2933 2934 2935 2936 2937 2938 2939 2940 2941 2942 2943 2944 2945 2946 2947 2948 2949 2950 2951 2952 2953 2954 2974 2975 2976 2977 2978 2979 2980 2981 2982 2983 2984 2985 2995 2996 2997 2998 2999 3000 3001 3002 3003 3004 3005 3006 3007 3008 3009 3010 3011 3012 3013 3014 3015 3016 3125 3126 3127 3128 3129 3130 3131 3132 3133 3134 3135 3136 3137 3138 3139 3140 3164 3165 3166 3167 3168 3169 3170 3171 3232 3233 3251 3252 3253 3254 3255 3256 3257 3258 3259 3260 3261 3262 3263 3264 3317 3318 3319 3320 3321 3322 3323 3324 3325 3326 3343 3344 3345 3346 3347 3348 3349 3350 3351 3352 3353 3354 3355 3356 3357 3419 3446 3447 3448 3449 3450 3471 3472 3473 3474 3475 3476 3477 3478 3479 3480 3481 3510 3511 3512 3562 3563 3564 3565 3566 3567 3568 3569 3570 3571 3572 3573 3574 3630 3631 3632 3633 3634 3635 3636 3687 3688 3689 3690 3691 3692 3693 3694 3695 3696 3697 3698 3819 3820 3821 3822 3848 3849 3850 3851 3852 3853 3907 3908 3909 3910 3911 3912 3913 3914 3915 3946 3979
c Using COMiniSatPS SAT solver by Chanseok Oh (2016)
[UWrMaxSAT] meta file: p4_A-n32-k5_r8v2k2.meta
[UWrMaxSAT] meta loaded OK.
[UWrMaxSAT] Loaded 679 assumption literals from p4_A-n32-k5_r7v2k2.wcnf.asm
c Parsing MaxSAT file...
c Start timer (tic-tac ...)
c c Found solution: 93175
c ============================[  Problem Statistics ]============================
c |  Number of variables:          2169                                         |
c |  Number of clauses:            9687 (incl.          306 soft in queue)      |
c ===============================================================================
c [UWrMaxSAT] Timeout reached.
c [1mOptimal solution: 93175[0m
c _______________________________________________________________________________
c 
c restarts               : 42473128
c conflicts              : 77             (1 /sec)
c decisions              : 1074           (0.00 % random) (20 /sec)
c propagations           : 66710          (1247 /sec)
c conflict literals      : 263            (1.13 % deleted)
c =======================[ UWrMaxSat resources usage ]===========================
c Memory used            : 26.00 MB
c CPU time               : 53.4814 s
c _______________________________________________________________________________
o 93175
s OPTIMUM FOUND
v 7 148 205 317 353 405 442 458 492 608 635 659 687 830 846 901 944 1014 1131 1172 1229 1266 1341 1352 1429 1466 1482 1511 1590 1659 1696 1711 1840 1870 1925 2020 2050 2052 2054 2056 2078 2079 2080 2081 2082 2083 2084 2085 2086 2103 2104 2105 2106 2107 2108 2109 2110 2111 2112 2113 2114 2115 2116 2117 2135 2136 2137 2138 2139 2140 2141 2142 2143 2144 2145 2146 2147 2148 2165 2166 2167 2168 2169 2170 2171 2172 2173 2174 2175 2176 2177 2178 2179 2186 2187 2188 2189 2190 2191 2192 2193 2194 2195 2196 2197 2198 2199 2200 2201 2202 2203 2204 2205 2206 2207 2208 2209 2210 2228 2229 2230 2231 2232 2233 2234 2235 2236 2237 2238 2239 2240 2241 2265 2266 2267 2268 2269 2270 2271 2272 2289 2290 2291 2292 2293 2294 2295 2296 2297 2298 2299 2300 2301 2302 2303 2320 2321 2322 2323 2324 2325 2326 2327 2328 2329 2330 2331 2332 2333 2334 2339 2340 2341 2342 2343 2344 2345 2346 2347 2348 2349 2350 2351 2352 2353 2354 2355 2356 2357 2358 2359 2360 2361 2362 2363 2364 2365 2381 2382 2383 2384 2385 2386 2387 2388 2389 2390 2391 2392 2393 2394 2395 2396 2418 2419 2420 2421 2422 2423 2424 2425 2426 2427 2452 2453 2454 2455 2456 2457 2458 2468 2469 2470 2471 2472 2473 2474 2475 2476 2477 2478 2479 2480 2481 2482 2483 2484 2485 2486 2487 2488 2489 2493 2494 2495 2496 2497 2498 2499 2500 2501 2502 2503 2504 2505 2506 2507 2508 2509 2510 2511 2512 2513 2514 2515 2516 2517 2518 2519 2520 2541 2542 2543 2544 2545 2546 2547 2548 2549 2550 2551 2568 2569 2570 2571 2572 2573 2574 2575 2576 2577 2578 2579 2580 2581 2582 2599 2600 2601 2602 2603 2604 2605 2606 2607 2608 2609 2610 2611 2612 2613 2640 2641 2642 2643 2644 2652 2653 2654 2655 2656 2657 2658 2659 2660 2661 2662 2663 2664 2665 2666 2667 2668 2669 2670 2671 2672 2673 2674 2675 2701 2702 2703 2704 2705 2706 2709 2710 2711 2712 2713 2714 2715 2716 2717 2718 2719 2720 2721 2722 2723 2724 2725 2726 2727 2728 2729 2730 2731 2732 2733 2734 2735 2736 2737 2753 2754 2755 2756 2757 2758 2759 2760 2761 2762 2763 2764 2765 2766 2767 2768 2795 2796 2797 2798 2799 2816 2817 2818 2819 2820 2821 2822 2823 2824 2825 2826 2827 2828 2829 2830 2841 2842 2843 2844 2845 2846 2847 2848 2849 2850 2851 2852 2853 2854 2855 2856 2857 2858 2859 2860 2861 2870 2871 2872 2873 2874 2875 2876 2877 2878 2879 2880 2881 2882 2883 2884 2885 2886 2887 2888 2889 2890 2891 2892 2908 2909 2910 2911 2912 2913 2914 2915 2916 2917 2918 2919 2920 2921 2922 2923 2929 2930 2931 2932 2933 2934 2935 2936 2937 2938 2939 2940 2941 2942 2943 2944 2945 2946 2947 2948 2949 2950 2951 2952 2953 2954 2974 2975 2976 2977 2978 2979 2980 2981 2982 2983 2984 2985 2995 2996 2997 2998 2999 3000 3001 3002 3003 3004 3005 3006 3007 3008 3009 3010 3011 3012 3013 3014 3015 3016 3125 3126 3127 3128 3129 3130 3131 3132 3133 3134 3135 3136 3137 3138 3139 3140 3164 3165 3166 3167 3168 3169 3170 3171 3232 3233 3251 3252 3253 3254 3255 3256 3257 3258 3259 3260 3261 3262 3263 3264 3317 3318 3319 3320 3321 3322 3323 3324 3325 3326 3343 3344 3345 3346 3347 3348 3349 3350 3351 3352 3353 3354 3355 3356 3357 3419 3446 3447 3448 3449 3450 3471 3472 3473 3474 3475 3476 3477 3478 3479 3480 3481 3510 3511 3512 3562 3563 3564 3565 3566 3567 3568 3569 3570 3571 3572 3573 3574 3630 3631 3632 3633 3634 3635 3636 3687 3688 3689 3690 3691 3692 3693 3694 3695 3696 3697 3698 3819 3820 3821 3822 3848 3849 3850 3851 3852 3853 3907 3908 3909 3910 3911 3912 3913 3914 3915 3946 3979
c Using COMiniSatPS SAT solver by Chanseok Oh (2016)
[UWrMaxSAT] meta file: p4_A-n32-k5_r9v2k2.meta
[UWrMaxSAT] meta loaded OK.
[UWrMaxSAT] Loaded 679 assumption literals from p4_A-n32-k5_r8v2k2.wcnf.asm
c Parsing MaxSAT file...
c Start timer (tic-tac ...)
c c Found solution: 103245
c ============================[  Problem Statistics ]============================
c |  Number of variables:          2171                                         |
c |  Number of clauses:            9756 (incl.          308 soft in queue)      |
c ===============================================================================
c [UWrMaxSAT] Timeout reached.
c [1mOptimal solution: 103245[0m
c _______________________________________________________________________________
c 
c restarts               : 42365196
c conflicts              : 86             (2 /sec)
c decisions              : 1141           (0.00 % random) (21 /sec)
c propagations           : 75237          (1407 /sec)
c conflict literals      : 253            (1.56 % deleted)
c =======================[ UWrMaxSat resources usage ]===========================
c Memory used            : 26.00 MB
c CPU time               : 53.4682 s
c _______________________________________________________________________________
o 103245
s OPTIMUM FOUND
v 7 148 205 317 353 405 442 458 492 608 635 659 687 830 846 901 944 1014 1131 1172 1229 1266 1341 1352 1429 1466 1482 1511 1590 1659 1696 1711 1840 1870 1925 2020 2050 2052 2054 2056 2078 2079 2080 2081 2082 2083 2084 2085 2086 2103 2104 2105 2106 2107 2108 2109 2110 2111 2112 2113 2114 2115 2116 2117 2135 2136 2137 2138 2139 2140 2141 2142 2143 2144 2145 2146 2147 2148 2165 2166 2167 2168 2169 2170 2171 2172 2173 2174 2175 2176 2177 2178 2179 2186 2187 2188 2189 2190 2191 2192 2193 2194 2195 2196 2197 2198 2199 2200 2201 2202 2203 2204 2205 2206 2207 2208 2209 2210 2228 2229 2230 2231 2232 2233 2234 2235 2236 2237 2238 2239 2240 2241 2265 2266 2267 2268 2269 2270 2271 2272 2289 2290 2291 2292 2293 2294 2295 2296 2297 2298 2299 2300 2301 2302 2303 2320 2321 2322 2323 2324 2325 2326 2327 2328 2329 2330 2331 2332 2333 2334 2339 2340 2341 2342 2343 2344 2345 2346 2347 2348 2349 2350 2351 2352 2353 2354 2355 2356 2357 2358 2359 2360 2361 2362 2363 2364 2365 2381 2382 2383 2384 2385 2386 2387 2388 2389 2390 2391 2392 2393 2394 2395 2396 2418 2419 2420 2421 2422 2423 2424 2425 2426 2427 2452 2453 2454 2455 2456 2457 2458 2468 2469 2470 2471 2472 2473 2474 2475 2476 2477 2478 2479 2480 2481 2482 2483 2484 2485 2486 2487 2488 2489 2493 2494 2495 2496 2497 2498 2499 2500 2501 2502 2503 2504 2505 2506 2507 2508 2509 2510 2511 2512 2513 2514 2515 2516 2517 2518 2519 2520 2541 2542 2543 2544 2545 2546 2547 2548 2549 2550 2551 2568 2569 2570 2571 2572 2573 2574 2575 2576 2577 2578 2579 2580 2581 2582 2599 2600 2601 2602 2603 2604 2605 2606 2607 2608 2609 2610 2611 2612 2613 2640 2641 2642 2643 2644 2652 2653 2654 2655 2656 2657 2658 2659 2660 2661 2662 2663 2664 2665 2666 2667 2668 2669 2670 2671 2672 2673 2674 2675 2701 2702 2703 2704 2705 2706 2709 2710 2711 2712 2713 2714 2715 2716 2717 2718 2719 2720 2721 2722 2723 2724 2725 2726 2727 2728 2729 2730 2731 2732 2733 2734 2735 2736 2737 2753 2754 2755 2756 2757 2758 2759 2760 2761 2762 2763 2764 2765 2766 2767 2768 2795 2796 2797 2798 2799 2816 2817 2818 2819 2820 2821 2822 2823 2824 2825 2826 2827 2828 2829 2830 2841 2842 2843 2844 2845 2846 2847 2848 2849 2850 2851 2852 2853 2854 2855 2856 2857 2858 2859 2860 2861 2870 2871 2872 2873 2874 2875 2876 2877 2878 2879 2880 2881 2882 2883 2884 2885 2886 2887 2888 2889 2890 2891 2892 2908 2909 2910 2911 2912 2913 2914 2915 2916 2917 2918 2919 2920 2921 2922 2923 2929 2930 2931 2932 2933 2934 2935 2936 2937 2938 2939 2940 2941 2942 2943 2944 2945 2946 2947 2948 2949 2950 2951 2952 2953 2954 2974 2975 2976 2977 2978 2979 2980 2981 2982 2983 2984 2985 2995 2996 2997 2998 2999 3000 3001 3002 3003 3004 3005 3006 3007 3008 3009 3010 3011 3012 3013 3014 3015 3016 3125 3126 3127 3128 3129 3130 3131 3132 3133 3134 3135 3136 3137 3138 3139 3140 3164 3165 3166 3167 3168 3169 3170 3171 3232 3233 3251 3252 3253 3254 3255 3256 3257 3258 3259 3260 3261 3262 3263 3264 3317 3318 3319 3320 3321 3322 3323 3324 3325 3326 3343 3344 3345 3346 3347 3348 3349 3350 3351 3352 3353 3354 3355 3356 3357 3419 3446 3447 3448 3449 3450 3471 3472 3473 3474 3475 3476 3477 3478 3479 3480 3481 3510 3511 3512 3562 3563 3564 3565 3566 3567 3568 3569 3570 3571 3572 3573 3574 3630 3631 3632 3633 3634 3635 3636 3687 3688 3689 3690 3691 3692 3693 3694 3695 3696 3697 3698 3819 3820 3821 3822 3848 3849 3850 3851 3852 3853 3907 3908 3909 3910 3911 3912 3913 3914 3915 3946 3979
======================================================================
>>> MULTI-DIMENSIONAL ROLLING HORIZON (MAXSAT) <<<
Instance: A-n32-k5 | Method: p4 | Strategy: UNI
Master Bounds Required -> Requests: 54, Vehicles: 9
Incremental Sequence (R,V,K): [('4', '2', '2'), ('5', '2', '2'), ('6', '2', '2'), ('7', '2', '2'), ('8', '2', '2'), ('9', '2', '2'), ('10', '2', '2'), ('11', '2', '2'), ('11', '3', '2'), ('12', '3', '2'), ('13', '3', '2'), ('14', '3', '2'), ('15', '3', '2'), ('16', '3', '2'), ('17', '3', '2'), ('18', '3', '2'), ('18', '4', '2'), ('19', '4', '2'), ('20', '4', '2'), ('21', '4', '2'), ('22', '4', '2'), ('23', '4', '2'), ('24', '4', '2'), ('24', '5', '2'), ('24', '5', '3'), ('25', '5', '3'), ('26', '5', '3'), ('27', '5', '3'), ('28', '5', '3'), ('29', '5', '3'), ('30', '5', '3'), ('30', '6', '3'), ('31', '6', '3'), ('32', '6', '3'), ('33', '6', '3'), ('34', '6', '3'), ('35', '6', '3'), ('36', '6', '3'), ('36', '7', '3'), ('37', '7', '3'), ('38', '7', '3'), ('39', '7', '3'), ('40', '7', '3'), ('41', '7', '3'), ('42', '7', '3'), ('42', '8', '3'), ('43', '8', '3'), ('44', '8', '3'), ('45', '8', '3'), ('46', '8', '3'), ('47', '8', '3'), ('48', '8', '3'), ('48', '9', '3'), ('49', '9', '3'), ('50', '9', '3'), ('51', '9', '3'), ('52', '9', '3'), ('53', '9', '3'), ('53', '9', '4'), ('54', '9', '4')]
======================================================================
  [Time Manager] Strategy: Uniform Recalibration (-Uni)
  [Time Manager] Global Budget: 3600.0s | Steps: 60 | Map Nodes |V|: 32

[1/60] Building & Solving: R=4, V=2, K=2
  [Info] Generating MaxSAT Formulation...
[SBC] Added 0 clauses.
[rc2] Generating instance: p4_A-n32-k5_r4v2k2.wcnf ...
[UWrMaxSAT] meta exported to p4_A-n32-k5_r4v2k2.meta
  [Time Manager] Global Remaining Budget: 3600.00s | Future Weight Sum: 60.0
  [Time Manager] Recalibrated Budget for this step: 60.00s
[UWrMaxSAT] Running command:
  stdbuf -oL uwrmaxsat -no-bin -no-sat -no-par -no-scip -ppdsp-time=60 -ppdsp-lastY=2056 -ppdsp=p4_A-n32-k5_r4v2k2.meta p4_A-n32-k5_r4v2k2.wcnf | tee p4_A-n32-k5_r4v2k2.wcnf.out
Vehicle 0: d, (requests = [])
Vehicle 1: d → 3 → 10 → 7 → 17 → 21 → 14 → 9 → 28 → 4 → 19 → 26 → 13 → 25 → 15 → 6 → 12 → 20 → d, (requests = [0, 1, 2, 3])
======== PPDSP OBJECTIVE ========
Profit    = 25902
Cost      = 8687
Objective = 17215
=================================
  [Time Manager] Step 1 consumed 0.10s. Total Consumed: 0.10s.
  [Info] Saved 22 core assumption literals to p4_A-n32-k5_r4v2k2.wcnf.asm

[2/60] Building & Solving: R=5, V=2, K=2
  [Info] Generating MaxSAT Formulation...
[SBC] Added 0 clauses.
[rc2] Generating instance: p4_A-n32-k5_r5v2k2.wcnf ...
[UWrMaxSAT] meta exported to p4_A-n32-k5_r5v2k2.meta
  [Time Manager] Global Remaining Budget: 3599.90s | Future Weight Sum: 59.0
  [Time Manager] Recalibrated Budget for this step: 61.02s
  [Info] Injected Assumption file: p4_A-n32-k5_r4v2k2.wcnf.asm
[UWrMaxSAT] Running command:
  stdbuf -oL uwrmaxsat -no-bin -no-sat -no-par -no-scip -ppdsp-time=61 -ppdsp-lastY=3980 -ppdsp=p4_A-n32-k5_r5v2k2.meta -ppdsp-assume=p4_A-n32-k5_r4v2k2.wcnf.asm p4_A-n32-k5_r5v2k2.wcnf | tee p4_A-n32-k5_r5v2k2.wcnf.out
Vehicle 0: d → 21 → 14 → 9 → 28 → 4 → 19 → 26 → 13 → 25 → 29 → 15 → 11 → 0 → 6 → 12 → 20 → 18 → d, (requests = [4])
Vehicle 1: d → 3 → 10 → 7 → 17 → 21 → 14 → 9 → 28 → 4 → 19 → 26 → 13 → 25 → 15 → 6 → 12 → 20 → d, (requests = [0, 1, 2, 3])
======== PPDSP OBJECTIVE ========
Profit    = 35255
Cost      = 17862
Objective = 17393
=================================
  [Time Manager] Step 2 consumed 61.04s. Total Consumed: 61.14s.
  [Info] Saved 679 core assumption literals to p4_A-n32-k5_r5v2k2.wcnf.asm

[3/60] Building & Solving: R=6, V=2, K=2
  [Info] Generating MaxSAT Formulation...
[SBC] Added 0 clauses.
[rc2] Generating instance: p4_A-n32-k5_r6v2k2.wcnf ...
[UWrMaxSAT] meta exported to p4_A-n32-k5_r6v2k2.meta
  [Time Manager] Global Remaining Budget: 3538.86s | Future Weight Sum: 58.0
  [Time Manager] Recalibrated Budget for this step: 61.01s
  [Info] Injected Assumption file: p4_A-n32-k5_r5v2k2.wcnf.asm
[UWrMaxSAT] Running command:
  stdbuf -oL uwrmaxsat -no-bin -no-sat -no-par -no-scip -ppdsp-time=61 -ppdsp-lastY=3982 -ppdsp=p4_A-n32-k5_r6v2k2.meta -ppdsp-assume=p4_A-n32-k5_r5v2k2.wcnf.asm p4_A-n32-k5_r6v2k2.wcnf | tee p4_A-n32-k5_r6v2k2.wcnf.out
Vehicle 0: d → 21 → 14 → 9 → 28 → 4 → 19 → 26 → 13 → 25 → 29 → 15 → 11 → 0 → 6 → 12 → 20 → 18 → d, (requests = [4])
Vehicle 1: d → 3 → 10 → 7 → 17 → 21 → 14 → 9 → 28 → 4 → 19 → 26 → 13 → 25 → 15 → 6 → 12 → 20 → d, (requests = [0, 1, 2, 3])
======== PPDSP OBJECTIVE ========
Profit    = 35255
Cost      = 17862
Objective = 17393
=================================
  [Time Manager] Step 3 consumed 61.07s. Total Consumed: 122.21s.
  [Info] Saved 679 core assumption literals to p4_A-n32-k5_r6v2k2.wcnf.asm

[4/60] Building & Solving: R=7, V=2, K=2
  [Info] Generating MaxSAT Formulation...
[SBC] Added 0 clauses.
[rc2] Generating instance: p4_A-n32-k5_r7v2k2.wcnf ...
[UWrMaxSAT] meta exported to p4_A-n32-k5_r7v2k2.meta
  [Time Manager] Global Remaining Budget: 3477.79s | Future Weight Sum: 57.0
  [Time Manager] Recalibrated Budget for this step: 61.01s
  [Info] Injected Assumption file: p4_A-n32-k5_r6v2k2.wcnf.asm
[UWrMaxSAT] Running command:
  stdbuf -oL uwrmaxsat -no-bin -no-sat -no-par -no-scip -ppdsp-time=61 -ppdsp-lastY=3984 -ppdsp=p4_A-n32-k5_r7v2k2.meta -ppdsp-assume=p4_A-n32-k5_r6v2k2.wcnf.asm p4_A-n32-k5_r7v2k2.wcnf | tee p4_A-n32-k5_r7v2k2.wcnf.out
Vehicle 0: d → 21 → 14 → 9 → 28 → 4 → 19 → 26 → 13 → 25 → 29 → 15 → 11 → 0 → 6 → 12 → 20 → 18 → d, (requests = [4])
Vehicle 1: d → 3 → 10 → 7 → 17 → 21 → 14 → 9 → 28 → 4 → 19 → 26 → 13 → 25 → 15 → 6 → 12 → 20 → d, (requests = [0, 1, 2, 3])
======== PPDSP OBJECTIVE ========
Profit    = 35255
Cost      = 17862
Objective = 17393
=================================
  [Time Manager] Step 4 consumed 61.06s. Total Consumed: 183.27s.
  [Info] Saved 679 core assumption literals to p4_A-n32-k5_r7v2k2.wcnf.asm

[5/60] Building & Solving: R=8, V=2, K=2
  [Info] Generating MaxSAT Formulation...
[SBC] Added 0 clauses.
[rc2] Generating instance: p4_A-n32-k5_r8v2k2.wcnf ...
[UWrMaxSAT] meta exported to p4_A-n32-k5_r8v2k2.meta
  [Time Manager] Global Remaining Budget: 3416.73s | Future Weight Sum: 56.0
  [Time Manager] Recalibrated Budget for this step: 61.01s
  [Info] Injected Assumption file: p4_A-n32-k5_r7v2k2.wcnf.asm
[UWrMaxSAT] Running command:
  stdbuf -oL uwrmaxsat -no-bin -no-sat -no-par -no-scip -ppdsp-time=61 -ppdsp-lastY=3986 -ppdsp=p4_A-n32-k5_r8v2k2.meta -ppdsp-assume=p4_A-n32-k5_r7v2k2.wcnf.asm p4_A-n32-k5_r8v2k2.wcnf | tee p4_A-n32-k5_r8v2k2.wcnf.out
Vehicle 0: d → 21 → 14 → 9 → 28 → 4 → 19 → 26 → 13 → 25 → 29 → 15 → 11 → 0 → 6 → 12 → 20 → 18 → d, (requests = [4])
Vehicle 1: d → 3 → 10 → 7 → 17 → 21 → 14 → 9 → 28 → 4 → 19 → 26 → 13 → 25 → 15 → 6 → 12 → 20 → d, (requests = [0, 1, 2, 3])
======== PPDSP OBJECTIVE ========
Profit    = 35255
Cost      = 17862
Objective = 17393
=================================
  [Time Manager] Step 5 consumed 61.00s. Total Consumed: 244.27s.
  [Info] Saved 679 core assumption literals to p4_A-n32-k5_r8v2k2.wcnf.asm

[6/60] Building & Solving: R=9, V=2, K=2
  [Info] Generating MaxSAT Formulation...
[SBC] Added 0 clauses.
[rc2] Generating instance: p4_A-n32-k5_r9v2k2.wcnf ...
[UWrMaxSAT] meta exported to p4_A-n32-k5_r9v2k2.meta
  [Time Manager] Global Remaining Budget: 3355.73s | Future Weight Sum: 55.0
  [Time Manager] Recalibrated Budget for this step: 61.01s
  [Info] Injected Assumption file: p4_A-n32-k5_r8v2k2.wcnf.asm
[UWrMaxSAT] Running command:
  stdbuf -oL uwrmaxsat -no-bin -no-sat -no-par -no-scip -ppdsp-time=61 -ppdsp-lastY=3988 -ppdsp=p4_A-n32-k5_r9v2k2.meta -ppdsp-assume=p4_A-n32-k5_r8v2k2.wcnf.asm p4_A-n32-k5_r9v2k2.wcnf | tee p4_A-n32-k5_r9v2k2.wcnf.out
c Using COMiniSatPS SAT solver by Chanseok Oh (2016)
[UWrMaxSAT] meta file: p4_A-n32-k5_r10v2k2.meta
[UWrMaxSAT] meta loaded OK.
[UWrMaxSAT] Loaded 679 assumption literals from p4_A-n32-k5_r9v2k2.wcnf.asm
c Parsing MaxSAT file...
c Start timer (tic-tac ...)
c c Found solution: 118389
c ============================[  Problem Statistics ]============================
c |  Number of variables:          2173                                         |
c |  Number of clauses:            9825 (incl.          310 soft in queue)      |
c ===============================================================================
c [UWrMaxSAT] Timeout reached.
c [1mOptimal solution: 118389[0m
c _______________________________________________________________________________
c 
c restarts               : 42304145
c conflicts              : 113            (2 /sec)
c decisions              : 1335           (0.00 % random) (25 /sec)
c propagations           : 85919          (1613 /sec)
c conflict literals      : 382            (3.78 % deleted)
c =======================[ UWrMaxSat resources usage ]===========================
c Memory used            : 26.00 MB
c CPU time               : 53.2761 s
c _______________________________________________________________________________
o 118389
s OPTIMUM FOUND
v 7 148 205 317 353 405 442 458 492 608 635 659 687 830 846 901 944 1014 1131 1172 1229 1266 1341 1352 1429 1466 1482 1511 1590 1659 1696 1711 1840 1870 1925 2020 2050 2052 2054 2056 2078 2079 2080 2081 2082 2083 2084 2085 2086 2103 2104 2105 2106 2107 2108 2109 2110 2111 2112 2113 2114 2115 2116 2117 2135 2136 2137 2138 2139 2140 2141 2142 2143 2144 2145 2146 2147 2148 2165 2166 2167 2168 2169 2170 2171 2172 2173 2174 2175 2176 2177 2178 2179 2186 2187 2188 2189 2190 2191 2192 2193 2194 2195 2196 2197 2198 2199 2200 2201 2202 2203 2204 2205 2206 2207 2208 2209 2210 2228 2229 2230 2231 2232 2233 2234 2235 2236 2237 2238 2239 2240 2241 2265 2266 2267 2268 2269 2270 2271 2272 2289 2290 2291 2292 2293 2294 2295 2296 2297 2298 2299 2300 2301 2302 2303 2320 2321 2322 2323 2324 2325 2326 2327 2328 2329 2330 2331 2332 2333 2334 2339 2340 2341 2342 2343 2344 2345 2346 2347 2348 2349 2350 2351 2352 2353 2354 2355 2356 2357 2358 2359 2360 2361 2362 2363 2364 2365 2381 2382 2383 2384 2385 2386 2387 2388 2389 2390 2391 2392 2393 2394 2395 2396 2418 2419 2420 2421 2422 2423 2424 2425 2426 2427 2452 2453 2454 2455 2456 2457 2458 2468 2469 2470 2471 2472 2473 2474 2475 2476 2477 2478 2479 2480 2481 2482 2483 2484 2485 2486 2487 2488 2489 2493 2494 2495 2496 2497 2498 2499 2500 2501 2502 2503 2504 2505 2506 2507 2508 2509 2510 2511 2512 2513 2514 2515 2516 2517 2518 2519 2520 2541 2542 2543 2544 2545 2546 2547 2548 2549 2550 2551 2568 2569 2570 2571 2572 2573 2574 2575 2576 2577 2578 2579 2580 2581 2582 2599 2600 2601 2602 2603 2604 2605 2606 2607 2608 2609 2610 2611 2612 2613 2640 2641 2642 2643 2644 2652 2653 2654 2655 2656 2657 2658 2659 2660 2661 2662 2663 2664 2665 2666 2667 2668 2669 2670 2671 2672 2673 2674 2675 2701 2702 2703 2704 2705 2706 2709 2710 2711 2712 2713 2714 2715 2716 2717 2718 2719 2720 2721 2722 2723 2724 2725 2726 2727 2728 2729 2730 2731 2732 2733 2734 2735 2736 2737 2753 2754 2755 2756 2757 2758 2759 2760 2761 2762 2763 2764 2765 2766 2767 2768 2795 2796 2797 2798 2799 2816 2817 2818 2819 2820 2821 2822 2823 2824 2825 2826 2827 2828 2829 2830 2841 2842 2843 2844 2845 2846 2847 2848 2849 2850 2851 2852 2853 2854 2855 2856 2857 2858 2859 2860 2861 2870 2871 2872 2873 2874 2875 2876 2877 2878 2879 2880 2881 2882 2883 2884 2885 2886 2887 2888 2889 2890 2891 2892 2908 2909 2910 2911 2912 2913 2914 2915 2916 2917 2918 2919 2920 2921 2922 2923 2929 2930 2931 2932 2933 2934 2935 2936 2937 2938 2939 2940 2941 2942 2943 2944 2945 2946 2947 2948 2949 2950 2951 2952 2953 2954 2974 2975 2976 2977 2978 2979 2980 2981 2982 2983 2984 2985 2995 2996 2997 2998 2999 3000 3001 3002 3003 3004 3005 3006 3007 3008 3009 3010 3011 3012 3013 3014 3015 3016 3125 3126 3127 3128 3129 3130 3131 3132 3133 3134 3135 3136 3137 3138 3139 3140 3164 3165 3166 3167 3168 3169 3170 3171 3232 3233 3251 3252 3253 3254 3255 3256 3257 3258 3259 3260 3261 3262 3263 3264 3317 3318 3319 3320 3321 3322 3323 3324 3325 3326 3343 3344 3345 3346 3347 3348 3349 3350 3351 3352 3353 3354 3355 3356 3357 3419 3446 3447 3448 3449 3450 3471 3472 3473 3474 3475 3476 3477 3478 3479 3480 3481 3510 3511 3512 3562 3563 3564 3565 3566 3567 3568 3569 3570 3571 3572 3573 3574 3630 3631 3632 3633 3634 3635 3636 3687 3688 3689 3690 3691 3692 3693 3694 3695 3696 3697 3698 3819 3820 3821 3822 3848 3849 3850 3851 3852 3853 3907 3908 3909 3910 3911 3912 3913 3914 3915 3946 3979
c Using COMiniSatPS SAT solver by Chanseok Oh (2016)
[UWrMaxSAT] meta file: p4_A-n32-k5_r11v2k2.meta
[UWrMaxSAT] meta loaded OK.
[UWrMaxSAT] Loaded 679 assumption literals from p4_A-n32-k5_r10v2k2.wcnf.asm
c Parsing MaxSAT file...
c Start timer (tic-tac ...)
c c Found solution: 129125
c ============================[  Problem Statistics ]============================
c |  Number of variables:          2175                                         |
c |  Number of clauses:            9894 (incl.          312 soft in queue)      |
c ===============================================================================
c [UWrMaxSAT] Timeout reached.
c [1mOptimal solution: 129125[0m
c _______________________________________________________________________________
c 
c restarts               : 42747907
c conflicts              : 149            (3 /sec)
c decisions              : 1272           (0.00 % random) (24 /sec)
c propagations           : 102989         (1939 /sec)
c conflict literals      : 559            (3.12 % deleted)
c =======================[ UWrMaxSat resources usage ]===========================
c Memory used            : 26.00 MB
c CPU time               : 53.1073 s
c _______________________________________________________________________________
o 129125
s OPTIMUM FOUND
v 7 148 205 317 353 405 442 458 492 608 635 659 687 830 846 901 944 1014 1131 1172 1229 1266 1341 1352 1429 1466 1482 1511 1590 1659 1696 1711 1840 1870 1925 2020 2050 2052 2054 2056 2078 2079 2080 2081 2082 2083 2084 2085 2086 2103 2104 2105 2106 2107 2108 2109 2110 2111 2112 2113 2114 2115 2116 2117 2135 2136 2137 2138 2139 2140 2141 2142 2143 2144 2145 2146 2147 2148 2165 2166 2167 2168 2169 2170 2171 2172 2173 2174 2175 2176 2177 2178 2179 2186 2187 2188 2189 2190 2191 2192 2193 2194 2195 2196 2197 2198 2199 2200 2201 2202 2203 2204 2205 2206 2207 2208 2209 2210 2228 2229 2230 2231 2232 2233 2234 2235 2236 2237 2238 2239 2240 2241 2265 2266 2267 2268 2269 2270 2271 2272 2289 2290 2291 2292 2293 2294 2295 2296 2297 2298 2299 2300 2301 2302 2303 2320 2321 2322 2323 2324 2325 2326 2327 2328 2329 2330 2331 2332 2333 2334 2339 2340 2341 2342 2343 2344 2345 2346 2347 2348 2349 2350 2351 2352 2353 2354 2355 2356 2357 2358 2359 2360 2361 2362 2363 2364 2365 2381 2382 2383 2384 2385 2386 2387 2388 2389 2390 2391 2392 2393 2394 2395 2396 2418 2419 2420 2421 2422 2423 2424 2425 2426 2427 2452 2453 2454 2455 2456 2457 2458 2468 2469 2470 2471 2472 2473 2474 2475 2476 2477 2478 2479 2480 2481 2482 2483 2484 2485 2486 2487 2488 2489 2493 2494 2495 2496 2497 2498 2499 2500 2501 2502 2503 2504 2505 2506 2507 2508 2509 2510 2511 2512 2513 2514 2515 2516 2517 2518 2519 2520 2541 2542 2543 2544 2545 2546 2547 2548 2549 2550 2551 2568 2569 2570 2571 2572 2573 2574 2575 2576 2577 2578 2579 2580 2581 2582 2599 2600 2601 2602 2603 2604 2605 2606 2607 2608 2609 2610 2611 2612 2613 2640 2641 2642 2643 2644 2652 2653 2654 2655 2656 2657 2658 2659 2660 2661 2662 2663 2664 2665 2666 2667 2668 2669 2670 2671 2672 2673 2674 2675 2701 2702 2703 2704 2705 2706 2709 2710 2711 2712 2713 2714 2715 2716 2717 2718 2719 2720 2721 2722 2723 2724 2725 2726 2727 2728 2729 2730 2731 2732 2733 2734 2735 2736 2737 2753 2754 2755 2756 2757 2758 2759 2760 2761 2762 2763 2764 2765 2766 2767 2768 2795 2796 2797 2798 2799 2816 2817 2818 2819 2820 2821 2822 2823 2824 2825 2826 2827 2828 2829 2830 2841 2842 2843 2844 2845 2846 2847 2848 2849 2850 2851 2852 2853 2854 2855 2856 2857 2858 2859 2860 2861 2870 2871 2872 2873 2874 2875 2876 2877 2878 2879 2880 2881 2882 2883 2884 2885 2886 2887 2888 2889 2890 2891 2892 2908 2909 2910 2911 2912 2913 2914 2915 2916 2917 2918 2919 2920 2921 2922 2923 2929 2930 2931 2932 2933 2934 2935 2936 2937 2938 2939 2940 2941 2942 2943 2944 2945 2946 2947 2948 2949 2950 2951 2952 2953 2954 2974 2975 2976 2977 2978 2979 2980 2981 2982 2983 2984 2985 2995 2996 2997 2998 2999 3000 3001 3002 3003 3004 3005 3006 3007 3008 3009 3010 3011 3012 3013 3014 3015 3016 3125 3126 3127 3128 3129 3130 3131 3132 3133 3134 3135 3136 3137 3138 3139 3140 3164 3165 3166 3167 3168 3169 3170 3171 3232 3233 3251 3252 3253 3254 3255 3256 3257 3258 3259 3260 3261 3262 3263 3264 3317 3318 3319 3320 3321 3322 3323 3324 3325 3326 3343 3344 3345 3346 3347 3348 3349 3350 3351 3352 3353 3354 3355 3356 3357 3419 3446 3447 3448 3449 3450 3471 3472 3473 3474 3475 3476 3477 3478 3479 3480 3481 3510 3511 3512 3562 3563 3564 3565 3566 3567 3568 3569 3570 3571 3572 3573 3574 3630 3631 3632 3633 3634 3635 3636 3687 3688 3689 3690 3691 3692 3693 3694 3695 3696 3697 3698 3819 3820 3821 3822 3848 3849 3850 3851 3852 3853 3907 3908 3909 3910 3911 3912 3913 3914 3915 3946 3979
c Using COMiniSatPS SAT solver by Chanseok Oh (2016)
[UWrMaxSAT] meta file: p4_A-n32-k5_r11v3k2.meta
[UWrMaxSAT] meta loaded OK.
[UWrMaxSAT] Loaded 679 assumption literals from p4_A-n32-k5_r11v2k2.wcnf.asm
c Parsing MaxSAT file...
c Start timer (tic-tac ...)
c c Found solution: 202384
c ============================[  Problem Statistics ]============================
c |  Number of variables:          3262                                         |
c |  Number of clauses:           14857 (incl.          468 soft in queue)      |
c ===============================================================================
c [Elapsed time] 0.02 s
c Found solution: 196207
c [Elapsed time] 0.02 s
c Found solution: 191308
c [UWrMaxSAT] Timeout reached.
c [1mOptimal solution: 191308[0m
c _______________________________________________________________________________
c 
c restarts               : 39782880
c conflicts              : 1415           (26 /sec)
c decisions              : 8034           (0.00 % random) (149 /sec)
c propagations           : 296211         (5484 /sec)
c conflict literals      : 11466          (18.80 % deleted)
c =======================[ UWrMaxSat resources usage ]===========================
c Memory used            : 28.00 MB
c CPU time               : 54.0134 s
c OptExp Enc: Srt/BDD/Add: 3 0 0
c _______________________________________________________________________________
o 191308
s OPTIMUM FOUND
v 7 148 205 317 353 405 442 458 492 608 635 659 687 830 846 901 944 1014 1131 1172 1229 1266 1341 1352 1429 1466 1482 1511 1590 1659 1696 1711 1840 1870 1925 2020 2050 2052 2054 2056 2070 2071 2072 2073 2074 2075 2076 2077 2078 2079 2080 2081 2082 2083 2084 2085 2086 2095 2096 2097 2098 2099 2100 2101 2102 2103 2104 2105 2106 2107 2108 2109 2110 2111 2112 2113 2114 2115 2116 2117 2127 2128 2129 2130 2131 2132 2133 2134 2135 2136 2137 2138 2139 2140 2141 2142 2143 2144 2145 2146 2147 2148 2157 2158 2159 2160 2161 2162 2163 2164 2165 2166 2167 2168 2169 2170 2171 2172 2173 2174 2175 2176 2177 2178 2179 2186 2187 2188 2189 2190 2191 2192 2193 2194 2195 2196 2197 2198 2199 2200 2201 2202 2203 2204 2205 2206 2207 2208 2209 2210 2220 2221 2222 2223 2224 2225 2226 2227 2228 2229 2230 2231 2232 2233 2234 2235 2236 2237 2238 2239 2240 2241 2265 2266 2267 2268 2269 2270 2271 2272 2281 2282 2283 2284 2285 2286 2287 2288 2289 2290 2291 2292 2293 2294 2295 2296 2297 2298 2299 2300 2301 2302 2303 2312 2313 2314 2315 2316 2317 2318 2319 2320 2321 2322 2323 2324 2325 2326 2327 2328 2329 2330 2331 2332 2333 2334 2339 2340 2341 2342 2343 2344 2345 2346 2347 2348 2349 2350 2351 2352 2353 2354 2355 2356 2357 2358 2359 2360 2361 2362 2363 2364 2365 2375 2376 2377 2378 2379 2380 2381 2382 2383 2384 2385 2386 2387 2388 2389 2390 2391 2392 2393 2394 2395 2396 2410 2411 2412 2413 2414 2415 2416 2417 2418 2419 2420 2421 2422 2423 2424 2425 2426 2427 2452 2453 2454 2455 2456 2457 2458 2468 2469 2470 2471 2472 2473 2474 2475 2476 2477 2478 2479 2480 2481 2482 2483 2484 2485 2486 2487 2488 2489 2493 2494 2495 2496 2497 2498 2499 2500 2501 2502 2503 2504 2505 2506 2507 2508 2509 2510 2511 2512 2513 2514 2515 2516 2517 2518 2519 2520 2533 2534 2535 2536 2537 2538 2539 2540 2541 2542 2543 2544 2545 2546 2547 2548 2549 2550 2551 2558 2559 2560 2561 2562 2563 2564 2565 2566 2567 2568 2569 2570 2571 2572 2573 2574 2575 2576 2577 2578 2579 2580 2581 2582 2592 2593 2594 2595 2596 2597 2598 2599 2600 2601 2602 2603 2604 2605 2606 2607 2608 2609 2610 2611 2612 2613 2640 2641 2642 2643 2644 2652 2653 2654 2655 2656 2657 2658 2659 2660 2661 2662 2663 2664 2665 2666 2667 2668 2669 2670 2671 2672 2673 2674 2675 2701 2702 2703 2704 2705 2706 2709 2710 2711 2712 2713 2714 2715 2716 2717 2718 2719 2720 2721 2722 2723 2724 2725 2726 2727 2728 2729 2730 2731 2732 2733 2734 2735 2736 2737 2753 2754 2755 2756 2757 2758 2759 2760 2761 2762 2763 2764 2765 2766 2767 2768 2795 2796 2797 2798 2799 2816 2817 2818 2819 2820 2821 2822 2823 2824 2825 2826 2827 2828 2829 2830 2841 2842 2843 2844 2845 2846 2847 2848 2849 2850 2851 2852 2853 2854 2855 2856 2857 2858 2859 2860 2861 2870 2871 2872 2873 2874 2875 2876 2877 2878 2879 2880 2881 2882 2883 2884 2885 2886 2887 2888 2889 2890 2891 2892 2900 2901 2902 2903 2904 2905 2906 2907 2908 2909 2910 2911 2912 2913 2914 2915 2916 2917 2918 2919 2920 2921 2922 2923 2929 2930 2931 2932 2933 2934 2935 2936 2937 2938 2939 2940 2941 2942 2943 2944 2945 2946 2947 2948 2949 2950 2951 2952 2953 2954 2966 2967 2968 2969 2970 2971 2972 2973 2974 2975 2976 2977 2978 2979 2980 2981 2982 2983 2984 2985 2991 2992 2993 2994 2995 2996 2997 2998 2999 3000 3001 3002 3003 3004 3005 3006 3007 3008 3009 3010 3011 3012 3013 3014 3015 3016 3035 3036 3037 3038 3039 3040 3041 3042 3043 3044 3045 3046 3047 3063 3064 3065 3066 3067 3068 3069 3070 3071 3072 3073 3074 3075 3076 3077 3078 3095 3096 3097 3098 3099 3100 3101 3102 3103 3104 3105 3106 3107 3108 3109 3125 3126 3127 3128 3129 3130 3131 3132 3133 3134 3135 3136 3137 3138 3139 3140 3164 3165 3166 3167 3168 3169 3170 3171 3188 3189 3190 3191 3192 3193 3194 3195 3196 3197 3198 3199 3200 3201 3202 3232 3233 3251 3252 3253 3254 3255 3256 3257 3258 3259 3260 3261 3262 3263 3264 3317 3318 3319 3320 3321 3322 3323 3324 3325 3326 3343 3344 3345 3346 3347 3348 3349 3350 3351 3352 3353 3354 3355 3356 3357 3377 3378 3379 3380 3381 3382 3383 3384 3385 3386 3387 3388 3419 3446 3447 3448 3449 3450 3471 3472 3473 3474 3475 3476 3477 3478 3479 3480 3481 3510 3511 3512 3562 3563 3564 3565 3566 3567 3568 3569 3570 3571 3572 3573 3574 3630 3631 3632 3633 3634 3635 3636 3687 3688 3689 3690 3691 3692 3693 3694 3695 3696 3697 3698 3727 3728 3729 3819 3820 3821 3822 3848 3849 3850 3851 3852 3853 3875 3876 3877 3878 3879 3880 3881 3882 3883 3884 3907 3908 3909 3910 3911 3912 3913 3914 3915 3946 3977 3979 4008 4116 4145 4185 4227 4266 4295 4316 4383 4435 4462 4502 4535 4544 4585 4605 4645 4673 4728 4770 4806 4844 4879 4946 4973 5003 5022 5023 5024
c Using COMiniSatPS SAT solver by Chanseok Oh (2016)
[UWrMaxSAT] meta file: p4_A-n32-k5_r12v3k2.meta
[UWrMaxSAT] meta loaded OK.
[UWrMaxSAT] Loaded 908 assumption literals from p4_A-n32-k5_r11v3k2.wcnf.asm
c Parsing MaxSAT file...
c Start timer (tic-tac ...)
c c Found solution: 212056
c ============================[  Problem Statistics ]============================
c |  Number of variables:          3265                                         |
c |  Number of clauses:           14962 (incl.          471 soft in queue)      |
c ===============================================================================
c [Elapsed time] 0.02 s
c Found solution: 205140
c [UWrMaxSAT] Timeout reached.
c [1mOptimal solution: 205140[0m
c _______________________________________________________________________________
c 
c restarts               : 38009707
c conflicts              : 148            (3 /sec)
c decisions              : 1319           (0.00 % random) (24 /sec)
c propagations           : 229393         (4244 /sec)
c conflict literals      : 318            (5.92 % deleted)
c =======================[ UWrMaxSat resources usage ]===========================
c Memory used            : 28.00 MB
c CPU time               : 54.0509 s
c _______________________________________________________________________________
o 205140
s OPTIMUM FOUND
v 7 148 205 317 353 405 442 458 492 608 635 659 687 830 846 901 944 1014 1131 1172 1229 1266 1341 1352 1429 1466 1482 1511 1590 1659 1696 1711 1840 1870 1925 2020 2050 2052 2054 2056 2070 2071 2072 2073 2074 2075 2076 2077 2078 2079 2080 2081 2082 2083 2084 2085 2086 2095 2096 2097 2098 2099 2100 2101 2102 2103 2104 2105 2106 2107 2108 2109 2110 2111 2112 2113 2114 2115 2116 2117 2127 2128 2129 2130 2131 2132 2133 2134 2135 2136 2137 2138 2139 2140 2141 2142 2143 2144 2145 2146 2147 2148 2153 2154 2155 2156 2157 2158 2159 2160 2161 2162 2163 2164 2165 2166 2167 2168 2169 2170 2171 2172 2173 2174 2175 2176 2177 2178 2179 2186 2187 2188 2189 2190 2191 2192 2193 2194 2195 2196 2197 2198 2199 2200 2201 2202 2203 2204 2205 2206 2207 2208 2209 2210 2220 2221 2222 2223 2224 2225 2226 2227 2228 2229 2230 2231 2232 2233 2234 2235 2236 2237 2238 2239 2240 2241 2265 2266 2267 2268 2269 2270 2271 2272 2277 2278 2279 2280 2281 2282 2283 2284 2285 2286 2287 2288 2289 2290 2291 2292 2293 2294 2295 2296 2297 2298 2299 2300 2301 2302 2303 2308 2309 2310 2311 2312 2313 2314 2315 2316 2317 2318 2319 2320 2321 2322 2323 2324 2325 2326 2327 2328 2329 2330 2331 2332 2333 2334 2339 2340 2341 2342 2343 2344 2345 2346 2347 2348 2349 2350 2351 2352 2353 2354 2355 2356 2357 2358 2359 2360 2361 2362 2363 2364 2365 2369 2370 2371 2372 2373 2374 2375 2376 2377 2378 2379 2380 2381 2382 2383 2384 2385 2386 2387 2388 2389 2390 2391 2392 2393 2394 2395 2396 2410 2411 2412 2413 2414 2415 2416 2417 2418 2419 2420 2421 2422 2423 2424 2425 2426 2427 2452 2453 2454 2455 2456 2457 2458 2468 2469 2470 2471 2472 2473 2474 2475 2476 2477 2478 2479 2480 2481 2482 2483 2484 2485 2486 2487 2488 2489 2493 2494 2495 2496 2497 2498 2499 2500 2501 2502 2503 2504 2505 2506 2507 2508 2509 2510 2511 2512 2513 2514 2515 2516 2517 2518 2519 2520 2533 2534 2535 2536 2537 2538 2539 2540 2541 2542 2543 2544 2545 2546 2547 2548 2549 2550 2551 2558 2559 2560 2561 2562 2563 2564 2565 2566 2567 2568 2569 2570 2571 2572 2573 2574 2575 2576 2577 2578 2579 2580 2581 2582 2588 2589 2590 2591 2592 2593 2594 2595 2596 2597 2598 2599 2600 2601 2602 2603 2604 2605 2606 2607 2608 2609 2610 2611 2612 2613 2640 2641 2642 2643 2644 2652 2653 2654 2655 2656 2657 2658 2659 2660 2661 2662 2663 2664 2665 2666 2667 2668 2669 2670 2671 2672 2673 2674 2675 2701 2702 2703 2704 2705 2706 2709 2710 2711 2712 2713 2714 2715 2716 2717 2718 2719 2720 2721 2722 2723 2724 2725 2726 2727 2728 2729 2730 2731 2732 2733 2734 2735 2736 2737 2743 2744 2745 2746 2747 2748 2749 2750 2751 2752 2753 2754 2755 2756 2757 2758 2759 2760 2761 2762 2763 2764 2765 2766 2767 2768 2795 2796 2797 2798 2799 2816 2817 2818 2819 2820 2821 2822 2823 2824 2825 2826 2827 2828 2829 2830 2841 2842 2843 2844 2845 2846 2847 2848 2849 2850 2851 2852 2853 2854 2855 2856 2857 2858 2859 2860 2861 2870 2871 2872 2873 2874 2875 2876 2877 2878 2879 2880 2881 2882 2883 2884 2885 2886 2887 2888 2889 2890 2891 2892 2899 2900 2901 2902 2903 2904 2905 2906 2907 2908 2909 2910 2911 2912 2913 2914 2915 2916 2917 2918 2919 2920 2921 2922 2923 2929 2930 2931 2932 2933 2934 2935 2936 2937 2938 2939 2940 2941 2942 2943 2944 2945 2946 2947 2948 2949 2950 2951 2952 2953 2954 2966 2967 2968 2969 2970 2971 2972 2973 2974 2975 2976 2977 2978 2979 2980 2981 2982 2983 2984 2985 2991 2992 2993 2994 2995 2996 2997 2998 2999 3000 3001 3002 3003 3004 3005 3006 3007 3008 3009 3010 3011 3012 3013 3014 3015 3016 3035 3036 3037 3038 3039 3040 3041 3042 3043 3044 3045 3046 3047 3056 3057 3058 3059 3060 3061 3062 3063 3064 3065 3066 3067 3068 3069 3070 3071 3072 3073 3074 3075 3076 3077 3078 3086 3087 3088 3089 3090 3091 3092 3093 3094 3095 3096 3097 3098 3099 3100 3101 3102 3103 3104 3105 3106 3107 3108 3109 3125 3126 3127 3128 3129 3130 3131 3132 3133 3134 3135 3136 3137 3138 3139 3140 3164 3165 3166 3167 3168 3169 3170 3171 3179 3180 3181 3182 3183 3184 3185 3186 3187 3188 3189 3190 3191 3192 3193 3194 3195 3196 3197 3198 3199 3200 3201 3202 3232 3233 3251 3252 3253 3254 3255 3256 3257 3258 3259 3260 3261 3262 3263 3264 3317 3318 3319 3320 3321 3322 3323 3324 3325 3326 3343 3344 3345 3346 3347 3348 3349 3350 3351 3352 3353 3354 3355 3356 3357 3377 3378 3379 3380 3381 3382 3383 3384 3385 3386 3387 3388 3419 3446 3447 3448 3449 3450 3471 3472 3473 3474 3475 3476 3477 3478 3479 3480 3481 3510 3511 3512 3562 3563 3564 3565 3566 3567 3568 3569 3570 3571 3572 3573 3574 3591 3592 3593 3594 3595 3596 3597 3598 3599 3600 3601 3602 3603 3604 3605 3630 3631 3632 3633 3634 3635 3636 3687 3688 3689 3690 3691 3692 3693 3694 3695 3696 3697 3698 3707 3708 3709 3710 3711 3712 3713 3714 3715 3716 3717 3718 3719 3720 3721 3722 3723 3724 3725 3726 3727 3728 3729 3819 3820 3821 3822 3848 3849 3850 3851 3852 3853 3862 3863 3864 3865 3866 3867 3868 3869 3870 3871 3872 3873 3874 3875 3876 3877 3878 3879 3880 3881 3882 3883 3884 3907 3908 3909 3910 3911 3912 3913 3914 3915 3946 3977 3979 4008 4116 4145 4185 4227 4266 4295 4316 4383 4435 4462 4502 4535 4544 4585 4605 4645 4673 4728 4770 4806 4844 4879 4946 4973 5003 5022 5023 5024 5040 5041 5042 5043 5044 5045 5046 5047 5048 5049 5050 5051 5052 5053 5054 5055 5056 5057 5149 5150 5171 5172 5173 5174 5175 5176 5177 5178 5179 5180 5181 5225 5226 5227 5228 5229 5230 5231 5232 5233 5234 5235 5236 5237 5238 5239 5240 5241 5242 5243 5271 5272 5273 5274 5300 5301 5302 5303 5304 5305 5328 5329 5330 5331 5332 5333 5334 5335 5336 5365 5366 5367 5410 5411 5412 5413 5414 5415 5416 5417 5418 5419 5420 5421 5422 5423 5424 5425 5426 5427 5428 5429 5447 5448 5449 5450 5451 5452 5453 5454 5455 5456 5457 5458 5459 5460 5484 5485 5486 5487 5488 5489 5490 5491 5506 5507 5508 5509 5510 5511 5512 5513 5514 5515 5516 5517 5518 5519 5520 5521 5522 5531 5532 5533 5534 5535 5536 5537 5538 5539 5540 5541 5542 5543 5544 5545 5546 5547 5548 5549 5550 5551 5552 5553 5580 5581 5582 5583 5584 5592 5593 5594 5595 5596 5597 5598 5599 5600 5601 5602 5603 5604 5605 5606 5607 5608 5609 5610 5611 5612 5613 5614 5615 5635 5636 5637 5638 5639 5640 5641 5642 5643 5644 5645 5646 5657 5658 5659 5660 5661 5662 5663 5664 5665 5666 5667 5668 5669 5670 5671 5672 5673 5674 5675 5676 5677 5702 5703 5704 5705 5706 5707 5708 5792 5793 5794 5795 5796 5797 5798 5799 5800 5801 5818 5819 5820 5821 5822 5823 5824 5825 5826 5827 5828 5829 5830 5831 5832 5851 5852 5853 5854 5855 5856 5857 5858 5859 5860 5861 5862 5863 5894 5941 5942 5943 5944 5945 5946 5947 5948 5949 5950 5951 5952 5953 5954 5955 5956 5966 5967 5968 5969 5970 5971 5972 5973 5974 5975 5976 5977 5978 5979 5980 5981 5982 5983 5984 5985 5986 5987 5991
c Using COMiniSatPS SAT solver by Chanseok Oh (2016)
[UWrMaxSAT] meta file: p4_A-n32-k5_r13v3k2.meta
[UWrMaxSAT] meta loaded OK.
[UWrMaxSAT] Loaded 1315 assumption literals from p4_A-n32-k5_r12v3k2.wcnf.asm
c Parsing MaxSAT file...
c Start timer (tic-tac ...)
c c Found solution: 222963
c ============================[  Problem Statistics ]============================
c |  Number of variables:          3268                                         |
c |  Number of clauses:           15067 (incl.          474 soft in queue)      |
c ===============================================================================
c [UWrMaxSAT] Timeout reached.
c [1mOptimal solution: 222963[0m
c _______________________________________________________________________________
c 
c restarts               : 30436538
c conflicts              : 163            (3 /sec)
c decisions              : 1402           (0.00 % random) (25 /sec)
c propagations           : 245500         (4438 /sec)
c conflict literals      : 439            (6.60 % deleted)
c =======================[ UWrMaxSat resources usage ]===========================
c Memory used            : 28.00 MB
c CPU time               : 55.3135 s
c _______________________________________________________________________________
o 222963
s OPTIMUM FOUND
v 7 148 205 317 353 405 442 458 492 608 635 659 687 830 846 901 944 1014 1131 1172 1229 1266 1341 1352 1429 1466 1482 1511 1590 1659 1696 1711 1840 1870 1925 2020 2050 2052 2054 2056 2070 2071 2072 2073 2074 2075 2076 2077 2078 2079 2080 2081 2082 2083 2084 2085 2086 2095 2096 2097 2098 2099 2100 2101 2102 2103 2104 2105 2106 2107 2108 2109 2110 2111 2112 2113 2114 2115 2116 2117 2127 2128 2129 2130 2131 2132 2133 2134 2135 2136 2137 2138 2139 2140 2141 2142 2143 2144 2145 2146 2147 2148 2153 2154 2155 2156 2157 2158 2159 2160 2161 2162 2163 2164 2165 2166 2167 2168 2169 2170 2171 2172 2173 2174 2175 2176 2177 2178 2179 2186 2187 2188 2189 2190 2191 2192 2193 2194 2195 2196 2197 2198 2199 2200 2201 2202 2203 2204 2205 2206 2207 2208 2209 2210 2220 2221 2222 2223 2224 2225 2226 2227 2228 2229 2230 2231 2232 2233 2234 2235 2236 2237 2238 2239 2240 2241 2265 2266 2267 2268 2269 2270 2271 2272 2277 2278 2279 2280 2281 2282 2283 2284 2285 2286 2287 2288 2289 2290 2291 2292 2293 2294 2295 2296 2297 2298 2299 2300 2301 2302 2303 2308 2309 2310 2311 2312 2313 2314 2315 2316 2317 2318 2319 2320 2321 2322 2323 2324 2325 2326 2327 2328 2329 2330 2331 2332 2333 2334 2339 2340 2341 2342 2343 2344 2345 2346 2347 2348 2349 2350 2351 2352 2353 2354 2355 2356 2357 2358 2359 2360 2361 2362 2363 2364 2365 2369 2370 2371 2372 2373 2374 2375 2376 2377 2378 2379 2380 2381 2382 2383 2384 2385 2386 2387 2388 2389 2390 2391 2392 2393 2394 2395 2396 2410 2411 2412 2413 2414 2415 2416 2417 2418 2419 2420 2421 2422 2423 2424 2425 2426 2427 2452 2453 2454 2455 2456 2457 2458 2468 2469 2470 2471 2472 2473 2474 2475 2476 2477 2478 2479 2480 2481 2482 2483 2484 2485 2486 2487 2488 2489 2493 2494 2495 2496 2497 2498 2499 2500 2501 2502 2503 2504 2505 2506 2507 2508 2509 2510 2511 2512 2513 2514 2515 2516 2517 2518 2519 2520 2533 2534 2535 2536 2537 2538 2539 2540 2541 2542 2543 2544 2545 2546 2547 2548 2549 2550 2551 2558 2559 2560 2561 2562 2563 2564 2565 2566 2567 2568 2569 2570 2571 2572 2573 2574 2575 2576 2577 2578 2579 2580 2581 2582 2588 2589 2590 2591 2592 2593 2594 2595 2596 2597 2598 2599 2600 2601 2602 2603 2604 2605 2606 2607 2608 2609 2610 2611 2612 2613 2640 2641 2642 2643 2644 2652 2653 2654 2655 2656 2657 2658 2659 2660 2661 2662 2663 2664 2665 2666 2667 2668 2669 2670 2671 2672 2673 2674 2675 2701 2702 2703 2704 2705 2706 2709 2710 2711 2712 2713 2714 2715 2716 2717 2718 2719 2720 2721 2722 2723 2724 2725 2726 2727 2728 2729 2730 2731 2732 2733 2734 2735 2736 2737 2743 2744 2745 2746 2747 2748 2749 2750 2751 2752 2753 2754 2755 2756 2757 2758 2759 2760 2761 2762 2763 2764 2765 2766 2767 2768 2795 2796 2797 2798 2799 2816 2817 2818 2819 2820 2821 2822 2823 2824 2825 2826 2827 2828 2829 2830 2841 2842 2843 2844 2845 2846 2847 2848 2849 2850 2851 2852 2853 2854 2855 2856 2857 2858 2859 2860 2861 2870 2871 2872 2873 2874 2875 2876 2877 2878 2879 2880 2881 2882 2883 2884 2885 2886 2887 2888 2889 2890 2891 2892 2899 2900 2901 2902 2903 2904 2905 2906 2907 2908 2909 2910 2911 2912 2913 2914 2915 2916 2917 2918 2919 2920 2921 2922 2923 2929 2930 2931 2932 2933 2934 2935 2936 2937 2938 2939 2940 2941 2942 2943 2944 2945 2946 2947 2948 2949 2950 2951 2952 2953 2954 2966 2967 2968 2969 2970 2971 2972 2973 2974 2975 2976 2977 2978 2979 2980 2981 2982 2983 2984 2985 2991 2992 2993 2994 2995 2996 2997 2998 2999 3000 3001 3002 3003 3004 3005 3006 3007 3008 3009 3010 3011 3012 3013 3014 3015 3016 3035 3036 3037 3038 3039 3040 3041 3042 3043 3044 3045 3046 3047 3056 3057 3058 3059 3060 3061 3062 3063 3064 3065 3066 3067 3068 3069 3070 3071 3072 3073 3074 3075 3076 3077 3078 3086 3087 3088 3089 3090 3091 3092 3093 3094 3095 3096 3097 3098 3099 3100 3101 3102 3103 3104 3105 3106 3107 3108 3109 3125 3126 3127 3128 3129 3130 3131 3132 3133 3134 3135 3136 3137 3138 3139 3140 3164 3165 3166 3167 3168 3169 3170 3171 3179 3180 3181 3182 3183 3184 3185 3186 3187 3188 3189 3190 3191 3192 3193 3194 3195 3196 3197 3198 3199 3200 3201 3202 3232 3233 3251 3252 3253 3254 3255 3256 3257 3258 3259 3260 3261 3262 3263 3264 3317 3318 3319 3320 3321 3322 3323 3324 3325 3326 3343 3344 3345 3346 3347 3348 3349 3350 3351 3352 3353 3354 3355 3356 3357 3377 3378 3379 3380 3381 3382 3383 3384 3385 3386 3387 3388 3419 3446 3447 3448 3449 3450 3471 3472 3473 3474 3475 3476 3477 3478 3479 3480 3481 3510 3511 3512 3562 3563 3564 3565 3566 3567 3568 3569 3570 3571 3572 3573 3574 3591 3592 3593 3594 3595 3596 3597 3598 3599 3600 3601 3602 3603 3604 3605 3630 3631 3632 3633 3634 3635 3636 3687 3688 3689 3690 3691 3692 3693 3694 3695 3696 3697 3698 3707 3708 3709 3710 3711 3712 3713 3714 3715 3716 3717 3718 3719 3720 3721 3722 3723 3724 3725 3726 3727 3728 3729 3819 3820 3821 3822 3848 3849 3850 3851 3852 3853 3862 3863 3864 3865 3866 3867 3868 3869 3870 3871 3872 3873 3874 3875 3876 3877 3878 3879 3880 3881 3882 3883 3884 3907 3908 3909 3910 3911 3912 3913 3914 3915 3946 3977 3979 4008 4116 4145 4185 4227 4266 4295 4316 4383 4435 4462 4502 4535 4544 4585 4605 4645 4673 4728 4770 4806 4844 4879 4946 4973 5003 5022 5023 5024 5040 5041 5042 5043 5044 5045 5046 5047 5048 5049 5050 5051 5052 5053 5054 5055 5056 5057 5149 5150 5171 5172 5173 5174 5175 5176 5177 5178 5179 5180 5181 5225 5226 5227 5228 5229 5230 5231 5232 5233 5234 5235 5236 5237 5238 5239 5240 5241 5242 5243 5271 5272 5273 5274 5300 5301 5302 5303 5304 5305 5328 5329 5330 5331 5332 5333 5334 5335 5336 5365 5366 5367 5410 5411 5412 5413 5414 5415 5416 5417 5418 5419 5420 5421 5422 5423 5424 5425 5426 5427 5428 5429 5447 5448 5449 5450 5451 5452 5453 5454 5455 5456 5457 5458 5459 5460 5484 5485 5486 5487 5488 5489 5490 5491 5506 5507 5508 5509 5510 5511 5512 5513 5514 5515 5516 5517 5518 5519 5520 5521 5522 5531 5532 5533 5534 5535 5536 5537 5538 5539 5540 5541 5542 5543 5544 5545 5546 5547 5548 5549 5550 5551 5552 5553 5580 5581 5582 5583 5584 5592 5593 5594 5595 5596 5597 5598 5599 5600 5601 5602 5603 5604 5605 5606 5607 5608 5609 5610 5611 5612 5613 5614 5615 5635 5636 5637 5638 5639 5640 5641 5642 5643 5644 5645 5646 5657 5658 5659 5660 5661 5662 5663 5664 5665 5666 5667 5668 5669 5670 5671 5672 5673 5674 5675 5676 5677 5702 5703 5704 5705 5706 5707 5708 5792 5793 5794 5795 5796 5797 5798 5799 5800 5801 5818 5819 5820 5821 5822 5823 5824 5825 5826 5827 5828 5829 5830 5831 5832 5851 5852 5853 5854 5855 5856 5857 5858 5859 5860 5861 5862 5863 5894 5941 5942 5943 5944 5945 5946 5947 5948 5949 5950 5951 5952 5953 5954 5955 5956 5966 5967 5968 5969 5970 5971 5972 5973 5974 5975 5976 5977 5978 5979 5980 5981 5982 5983 5984 5985 5986 5987 5991
c Using COMiniSatPS SAT solver by Chanseok Oh (2016)
[UWrMaxSAT] meta file: p4_A-n32-k5_r14v3k2.meta
[UWrMaxSAT] meta loaded OK.
[UWrMaxSAT] Loaded 1315 assumption literals from p4_A-n32-k5_r13v3k2.wcnf.asm
c Parsing MaxSAT file...
c Start timer (tic-tac ...)
c c Found solution: 248481
c ============================[  Problem Statistics ]============================
c |  Number of variables:          3272                                         |
c |  Number of clauses:           15170 (incl.          474 soft in queue)      |
c ===============================================================================
c [UWrMaxSAT] Timeout reached inside slice loop. Stopping.
c *** Interrupted ***
c [1mSATISFIABLE: Best solution found: 248481[0m
v 7 148 205 317 353 405 442 458 492 608 635 659 687 830 846 901 944 1014 1131 1172 1229 1266 1341 1352 1429 1466 1482 1511 1590 1659 1696 1711 1840 1870 1925 2020 2050 2052 2054 2056 2070 2071 2072 2073 2074 2075 2076 2077 2078 2079 2080 2081 2082 2083 2084 2085 2086 2095 2096 2097 2098 2099 2100 2101 2102 2103 2104 2105 2106 2107 2108 2109 2110 2111 2112 2113 2114 2115 2116 2117 2127 2128 2129 2130 2131 2132 2133 2134 2135 2136 2137 2138 2139 2140 2141 2142 2143 2144 2145 2146 2147 2148 2153 2154 2155 2156 2157 2158 2159 2160 2161 2162 2163 2164 2165 2166 2167 2168 2169 2170 2171 2172 2173 2174 2175 2176 2177 2178 2179 2186 2187 2188 2189 2190 2191 2192 2193 2194 2195 2196 2197 2198 2199 2200 2201 2202 2203 2204 2205 2206 2207 2208 2209 2210 2220 2221 2222 2223 2224 2225 2226 2227 2228 2229 2230 2231 2232 2233 2234 2235 2236 2237 2238 2239 2240 2241 2265 2266 2267 2268 2269 2270 2271 2272 2277 2278 2279 2280 2281 2282 2283 2284 2285 2286 2287 2288 2289 2290 2291 2292 2293 2294 2295 2296 2297 2298 2299 2300 2301 2302 2303 2308 2309 2310 2311 2312 2313 2314 2315 2316 2317 2318 2319 2320 2321 2322 2323 2324 2325 2326 2327 2328 2329 2330 2331 2332 2333 2334 2339 2340 2341 2342 2343 2344 2345 2346 2347 2348 2349 2350 2351 2352 2353 2354 2355 2356 2357 2358 2359 2360 2361 2362 2363 2364 2365 2369 2370 2371 2372 2373 2374 2375 2376 2377 2378 2379 2380 2381 2382 2383 2384 2385 2386 2387 2388 2389 2390 2391 2392 2393 2394 2395 2396 2410 2411 2412 2413 2414 2415 2416 2417 2418 2419 2420 2421 2422 2423 2424 2425 2426 2427 2452 2453 2454 2455 2456 2457 2458 2468 2469 2470 2471 2472 2473 2474 2475 2476 2477 2478 2479 2480 2481 2482 2483 2484 2485 2486 2487 2488 2489 2493 2494 2495 2496 2497 2498 2499 2500 2501 2502 2503 2504 2505 2506 2507 2508 2509 2510 2511 2512 2513 2514 2515 2516 2517 2518 2519 2520 2533 2534 2535 2536 2537 2538 2539 2540 2541 2542 2543 2544 2545 2546 2547 2548 2549 2550 2551 2558 2559 2560 2561 2562 2563 2564 2565 2566 2567 2568 2569 2570 2571 2572 2573 2574 2575 2576 2577 2578 2579 2580 2581 2582 2588 2589 2590 2591 2592 2593 2594 2595 2596 2597 2598 2599 2600 2601 2602 2603 2604 2605 2606 2607 2608 2609 2610 2611 2612 2613 2640 2641 2642 2643 2644 2652 2653 2654 2655 2656 2657 2658 2659 2660 2661 2662 2663 2664 2665 2666 2667 2668 2669 2670 2671 2672 2673 2674 2675 2701 2702 2703 2704 2705 2706 2709 2710 2711 2712 2713 2714 2715 2716 2717 2718 2719 2720 2721 2722 2723 2724 2725 2726 2727 2728 2729 2730 2731 2732 2733 2734 2735 2736 2737 2743 2744 2745 2746 2747 2748 2749 2750 2751 2752 2753 2754 2755 2756 2757 2758 2759 2760 2761 2762 2763 2764 2765 2766 2767 2768 2795 2796 2797 2798 2799 2816 2817 2818 2819 2820 2821 2822 2823 2824 2825 2826 2827 2828 2829 2830 2841 2842 2843 2844 2845 2846 2847 2848 2849 2850 2851 2852 2853 2854 2855 2856 2857 2858 2859 2860 2861 2870 2871 2872 2873 2874 2875 2876 2877 2878 2879 2880 2881 2882 2883 2884 2885 2886 2887 2888 2889 2890 2891 2892 2899 2900 2901 2902 2903 2904 2905 2906 2907 2908 2909 2910 2911 2912 2913 2914 2915 2916 2917 2918 2919 2920 2921 2922 2923 2929 2930 2931 2932 2933 2934 2935 2936 2937 2938 2939 2940 2941 2942 2943 2944 2945 2946 2947 2948 2949 2950 2951 2952 2953 2954 2966 2967 2968 2969 2970 2971 2972 2973 2974 2975 2976 2977 2978 2979 2980 2981 2982 2983 2984 2985 2991 2992 2993 2994 2995 2996 2997 2998 2999 3000 3001 3002 3003 3004 3005 3006 3007 3008 3009 3010 3011 3012 3013 3014 3015 3016 3035 3036 3037 3038 3039 3040 3041 3042 3043 3044 3045 3046 3047 3056 3057 3058 3059 3060 3061 3062 3063 3064 3065 3066 3067 3068 3069 3070 3071 3072 3073 3074 3075 3076 3077 3078 3086 3087 3088 3089 3090 3091 3092 3093 3094 3095 3096 3097 3098 3099 3100 3101 3102 3103 3104 3105 3106 3107 3108 3109 3125 3126 3127 3128 3129 3130 3131 3132 3133 3134 3135 3136 3137 3138 3139 3140 3164 3165 3166 3167 3168 3169 3170 3171 3179 3180 3181 3182 3183 3184 3185 3186 3187 3188 3189 3190 3191 3192 3193 3194 3195 3196 3197 3198 3199 3200 3201 3202 3232 3233 3251 3252 3253 3254 3255 3256 3257 3258 3259 3260 3261 3262 3263 3264 3317 3318 3319 3320 3321 3322 3323 3324 3325 3326 3343 3344 3345 3346 3347 3348 3349 3350 3351 3352 3353 3354 3355 3356 3357 3377 3378 3379 3380 3381 3382 3383 3384 3385 3386 3387 3388 3419 3446 3447 3448 3449 3450 3471 3472 3473 3474 3475 3476 3477 3478 3479 3480 3481 3510 3511 3512 3562 3563 3564 3565 3566 3567 3568 3569 3570 3571 3572 3573 3574 3591 3592 3593 3594 3595 3596 3597 3598 3599 3600 3601 3602 3603 3604 3605 3630 3631 3632 3633 3634 3635 3636 3687 3688 3689 3690 3691 3692 3693 3694 3695 3696 3697 3698 3707 3708 3709 3710 3711 3712 3713 3714 3715 3716 3717 3718 3719 3720 3721 3722 3723 3724 3725 3726 3727 3728 3729 3819 3820 3821 3822 3848 3849 3850 3851 3852 3853 3862 3863 3864 3865 3866 3867 3868 3869 3870 3871 3872 3873 3874 3875 3876 3877 3878 3879 3880 3881 3882 3883 3884 3907 3908 3909 3910 3911 3912 3913 3914 3915 3946 3977 3979 4008 4116 4145 4185 4227 4266 4295 4316 4383 4435 4462 4502 4535 4544 4585 4605 4645 4673 4728 4770 4806 4844 4879 4946 4973 5003 5022 5023 5024 5040 5041 5042 5043 5044 5045 5046 5047 5048 5049 5050 5051 5052 5053 5054 5055 5056 5057 5149 5150 5171 5172 5173 5174 5175 5176 5177 5178 5179 5180 5181 5225 5226 5227 5228 5229 5230 5231 5232 5233 5234 5235 5236 5237 5238 5239 5240 5241 5242 5243 5271 5272 5273 5274 5300 5301 5302 5303 5304 5305 5328 5329 5330 5331 5332 5333 5334 5335 5336 5365 5366 5367 5410 5411 5412 5413 5414 5415 5416 5417 5418 5419 5420 5421 5422 5423 5424 5425 5426 5427 5428 5429 5447 5448 5449 5450 5451 5452 5453 5454 5455 5456 5457 5458 5459 5460 5484 5485 5486 5487 5488 5489 5490 5491 5506 5507 5508 5509 5510 5511 5512 5513 5514 5515 5516 5517 5518 5519 5520 5521 5522 5531 5532 5533 5534 5535 5536 5537 5538 5539 5540 5541 5542 5543 5544 5545 5546 5547 5548 5549 5550 5551 5552 5553 5580 5581 5582 5583 5584 5592 5593 5594 5595 5596 5597 5598 5599 5600 5601 5602 5603 5604 5605 5606 5607 5608 5609 5610 5611 5612 5613 5614 5615 5635 5636 5637 5638 5639 5640 5641 5642 5643 5644 5645 5646 5657 5658 5659 5660 5661 5662 5663 5664 5665 5666 5667 5668 5669 5670 5671 5672 5673 5674 5675 5676 5677 5702 5703 5704 5705 5706 5707 5708 5792 5793 5794 5795 5796 5797 5798 5799 5800 5801 5818 5819 5820 5821 5822 5823 5824 5825 5826 5827 5828 5829 5830 5831 5832 5851 5852 5853 5854 5855 5856 5857 5858 5859 5860 5861 5862 5863 5894 5941 5942 5943 5944 5945 5946 5947 5948 5949 5950 5951 5952 5953 5954 5955 5956 5966 5967 5968 5969 5970 5971 5972 5973 5974 5975 5976 5977 5978 5979 5980 5981 5982 5983 5984 5985 5986 5987 5991
c _______________________________________________________________________________
c 
c restarts               : 32009740
c conflicts              : 188            (3 /sec)
c decisions              : 1515           (0.00 % random) (27 /sec)
c propagations           : 250590         (4546 /sec)
c conflict literals      : 595            (4.49 % deleted)
c =======================[ UWrMaxSat resources usage ]===========================
c Memory used            : 28.00 MB
c CPU time               : 55.1181 s
c _______________________________________________________________________________
c SATISFIABLE

Vehicle 0: d → 21 → 14 → 9 → 28 → 4 → 19 → 26 → 13 → 25 → 29 → 15 → 11 → 0 → 6 → 12 → 20 → 18 → d, (requests = [4])
Vehicle 1: d → 3 → 10 → 7 → 17 → 21 → 14 → 9 → 28 → 4 → 19 → 26 → 13 → 25 → 15 → 6 → 12 → 20 → d, (requests = [0, 1, 2, 3])
======== PPDSP OBJECTIVE ========
Profit    = 35255
Cost      = 17862
Objective = 17393
=================================
  [Time Manager] Step 6 consumed 61.06s. Total Consumed: 305.33s.
  [Info] Saved 679 core assumption literals to p4_A-n32-k5_r9v2k2.wcnf.asm

[7/60] Building & Solving: R=10, V=2, K=2
  [Info] Generating MaxSAT Formulation...
[SBC] Added 0 clauses.
[rc2] Generating instance: p4_A-n32-k5_r10v2k2.wcnf ...
[UWrMaxSAT] meta exported to p4_A-n32-k5_r10v2k2.meta
  [Time Manager] Global Remaining Budget: 3294.67s | Future Weight Sum: 54.0
  [Time Manager] Recalibrated Budget for this step: 61.01s
  [Info] Injected Assumption file: p4_A-n32-k5_r9v2k2.wcnf.asm
[UWrMaxSAT] Running command:
  stdbuf -oL uwrmaxsat -no-bin -no-sat -no-par -no-scip -ppdsp-time=61 -ppdsp-lastY=3990 -ppdsp=p4_A-n32-k5_r10v2k2.meta -ppdsp-assume=p4_A-n32-k5_r9v2k2.wcnf.asm p4_A-n32-k5_r10v2k2.wcnf | tee p4_A-n32-k5_r10v2k2.wcnf.out
Vehicle 0: d → 21 → 14 → 9 → 28 → 4 → 19 → 26 → 13 → 25 → 29 → 15 → 11 → 0 → 6 → 12 → 20 → 18 → d, (requests = [4])
Vehicle 1: d → 3 → 10 → 7 → 17 → 21 → 14 → 9 → 28 → 4 → 19 → 26 → 13 → 25 → 15 → 6 → 12 → 20 → d, (requests = [0, 1, 2, 3])
======== PPDSP OBJECTIVE ========
Profit    = 35255
Cost      = 17862
Objective = 17393
=================================
  [Time Manager] Step 7 consumed 61.24s. Total Consumed: 366.57s.
  [Info] Saved 679 core assumption literals to p4_A-n32-k5_r10v2k2.wcnf.asm

[8/60] Building & Solving: R=11, V=2, K=2
  [Info] Generating MaxSAT Formulation...
[SBC] Added 0 clauses.
[rc2] Generating instance: p4_A-n32-k5_r11v2k2.wcnf ...
[UWrMaxSAT] meta exported to p4_A-n32-k5_r11v2k2.meta
  [Time Manager] Global Remaining Budget: 3233.43s | Future Weight Sum: 53.0
  [Time Manager] Recalibrated Budget for this step: 61.01s
  [Info] Injected Assumption file: p4_A-n32-k5_r10v2k2.wcnf.asm
[UWrMaxSAT] Running command:
  stdbuf -oL uwrmaxsat -no-bin -no-sat -no-par -no-scip -ppdsp-time=61 -ppdsp-lastY=3992 -ppdsp=p4_A-n32-k5_r11v2k2.meta -ppdsp-assume=p4_A-n32-k5_r10v2k2.wcnf.asm p4_A-n32-k5_r11v2k2.wcnf | tee p4_A-n32-k5_r11v2k2.wcnf.out
Vehicle 0: d → 21 → 14 → 9 → 28 → 4 → 19 → 26 → 13 → 25 → 29 → 15 → 11 → 0 → 6 → 12 → 20 → 18 → d, (requests = [4])
Vehicle 1: d → 3 → 10 → 7 → 17 → 21 → 14 → 9 → 28 → 4 → 19 → 26 → 13 → 25 → 15 → 6 → 12 → 20 → d, (requests = [0, 1, 2, 3])
======== PPDSP OBJECTIVE ========
Profit    = 35255
Cost      = 17862
Objective = 17393
=================================
  [Time Manager] Step 8 consumed 60.99s. Total Consumed: 427.55s.
  [Info] Saved 679 core assumption literals to p4_A-n32-k5_r11v2k2.wcnf.asm

[9/60] Building & Solving: R=11, V=3, K=2
  [Info] Generating MaxSAT Formulation...
[SBC] Added 0 clauses.
[rc2] Generating instance: p4_A-n32-k5_r11v3k2.wcnf ...
[UWrMaxSAT] meta exported to p4_A-n32-k5_r11v3k2.meta
  [Time Manager] Global Remaining Budget: 3172.45s | Future Weight Sum: 52.0
  [Time Manager] Recalibrated Budget for this step: 61.01s
  [Info] Injected Assumption file: p4_A-n32-k5_r11v2k2.wcnf.asm
[UWrMaxSAT] Running command:
  stdbuf -oL uwrmaxsat -no-bin -no-sat -no-par -no-scip -ppdsp-time=61 -ppdsp-lastY=5027 -ppdsp=p4_A-n32-k5_r11v3k2.meta -ppdsp-assume=p4_A-n32-k5_r11v2k2.wcnf.asm p4_A-n32-k5_r11v3k2.wcnf | tee p4_A-n32-k5_r11v3k2.wcnf.out
Vehicle 0: d → 21 → 14 → 9 → 28 → 4 → 19 → 26 → 13 → 25 → 29 → 15 → 11 → 0 → 6 → 12 → 20 → 18 → d, (requests = [4])
Vehicle 1: d → 3 → 10 → 7 → 17 → 21 → 14 → 9 → 28 → 4 → 19 → 26 → 13 → 25 → 15 → 6 → 12 → 20 → d, (requests = [0, 1, 2, 3])
Vehicle 2: d → 18 → 16 → 30 → 20 → 12 → 6 → 0 → 15 → 29 → 25 → 13 → 26 → 19 → 4 → 24 → 9 → 14 → 21 → 8 → 17 → 7 → 10 → 3 → 27 → 22 → d, (requests = [5, 6, 7])
======== PPDSP OBJECTIVE ========
Profit    = 55284
Cost      = 26815
Objective = 28469
=================================
  [Time Manager] Step 9 consumed 61.08s. Total Consumed: 488.64s.
  [Info] Saved 908 core assumption literals to p4_A-n32-k5_r11v3k2.wcnf.asm

[10/60] Building & Solving: R=12, V=3, K=2
  [Info] Generating MaxSAT Formulation...
[SBC] Added 0 clauses.
[rc2] Generating instance: p4_A-n32-k5_r12v3k2.wcnf ...
[UWrMaxSAT] meta exported to p4_A-n32-k5_r12v3k2.meta
  [Time Manager] Global Remaining Budget: 3111.36s | Future Weight Sum: 51.0
  [Time Manager] Recalibrated Budget for this step: 61.01s
  [Info] Injected Assumption file: p4_A-n32-k5_r11v3k2.wcnf.asm
[UWrMaxSAT] Running command:
  stdbuf -oL uwrmaxsat -no-bin -no-sat -no-par -no-scip -ppdsp-time=61 -ppdsp-lastY=5991 -ppdsp=p4_A-n32-k5_r12v3k2.meta -ppdsp-assume=p4_A-n32-k5_r11v3k2.wcnf.asm p4_A-n32-k5_r12v3k2.wcnf | tee p4_A-n32-k5_r12v3k2.wcnf.out
Vehicle 0: d → 21 → 14 → 9 → 28 → 4 → 19 → 26 → 13 → 25 → 29 → 15 → 11 → 0 → 6 → 12 → 20 → 18 → d, (requests = [4])
Vehicle 1: d → 3 → 10 → 7 → 17 → 21 → 14 → 9 → 28 → 4 → 19 → 26 → 13 → 25 → 15 → 6 → 12 → 20 → d, (requests = [0, 1, 2, 3])
Vehicle 2: d → 18 → 16 → 30 → 20 → 12 → 6 → 0 → 15 → 29 → 25 → 13 → 26 → 19 → 4 → 24 → 9 → 14 → 21 → 8 → 17 → 7 → 10 → 3 → 27 → 22 → d, (requests = [5, 6, 7, 11])
======== PPDSP OBJECTIVE ========
Profit    = 62200
Cost      = 26815
Objective = 35385
=================================
  [Time Manager] Step 10 consumed 61.14s. Total Consumed: 549.78s.
  [Info] Saved 1315 core assumption literals to p4_A-n32-k5_r12v3k2.wcnf.asm

[11/60] Building & Solving: R=13, V=3, K=2
  [Info] Generating MaxSAT Formulation...
[SBC] Added 0 clauses.
[rc2] Generating instance: p4_A-n32-k5_r13v3k2.wcnf ...
[UWrMaxSAT] meta exported to p4_A-n32-k5_r13v3k2.meta
  [Time Manager] Global Remaining Budget: 3050.22s | Future Weight Sum: 50.0
  [Time Manager] Recalibrated Budget for this step: 61.00s
  [Info] Injected Assumption file: p4_A-n32-k5_r12v3k2.wcnf.asm
[UWrMaxSAT] Running command:
  stdbuf -oL uwrmaxsat -no-bin -no-sat -no-par -no-scip -ppdsp-time=61 -ppdsp-lastY=5994 -ppdsp=p4_A-n32-k5_r13v3k2.meta -ppdsp-assume=p4_A-n32-k5_r12v3k2.wcnf.asm p4_A-n32-k5_r13v3k2.wcnf | tee p4_A-n32-k5_r13v3k2.wcnf.out
Vehicle 0: d → 21 → 14 → 9 → 28 → 4 → 19 → 26 → 13 → 25 → 29 → 15 → 11 → 0 → 6 → 12 → 20 → 18 → d, (requests = [4])
Vehicle 1: d → 3 → 10 → 7 → 17 → 21 → 14 → 9 → 28 → 4 → 19 → 26 → 13 → 25 → 15 → 6 → 12 → 20 → d, (requests = [0, 1, 2, 3])
Vehicle 2: d → 18 → 16 → 30 → 20 → 12 → 6 → 0 → 15 → 29 → 25 → 13 → 26 → 19 → 4 → 24 → 9 → 14 → 21 → 8 → 17 → 7 → 10 → 3 → 27 → 22 → d, (requests = [5, 6, 7, 11])
======== PPDSP OBJECTIVE ========
Profit    = 62200
Cost      = 26815
Objective = 35385
=================================
  [Time Manager] Step 11 consumed 61.12s. Total Consumed: 610.89s.
  [Info] Saved 1315 core assumption literals to p4_A-n32-k5_r13v3k2.wcnf.asm

[12/60] Building & Solving: R=14, V=3, K=2
  [Info] Generating MaxSAT Formulation...
[SBC] Added 0 clauses.
[rc2] Generating instance: p4_A-n32-k5_r14v3k2.wcnf ...
[UWrMaxSAT] meta exported to p4_A-n32-k5_r14v3k2.meta
  [Time Manager] Global Remaining Budget: 2989.11s | Future Weight Sum: 49.0
  [Time Manager] Recalibrated Budget for this step: 61.00s
  [Info] Injected Assumption file: p4_A-n32-k5_r13v3k2.wcnf.asm
[UWrMaxSAT] Running command:
  stdbuf -oL uwrmaxsat -no-bin -no-sat -no-par -no-scip -ppdsp-time=61 -ppdsp-lastY=5997 -ppdsp=p4_A-n32-k5_r14v3k2.meta -ppdsp-assume=p4_A-n32-k5_r13v3k2.wcnf.asm p4_A-n32-k5_r14v3k2.wcnf | tee p4_A-n32-k5_r14v3k2.wcnf.out
c Using COMiniSatPS SAT solver by Chanseok Oh (2016)
[UWrMaxSAT] meta file: p4_A-n32-k5_r15v3k2.meta
[UWrMaxSAT] meta loaded OK.
[UWrMaxSAT] Loaded 1315 assumption literals from p4_A-n32-k5_r14v3k2.wcnf.asm
c Parsing MaxSAT file...
c Start timer (tic-tac ...)
c c Found solution: 265335
c ============================[  Problem Statistics ]============================
c |  Number of variables:          3275                                         |
c |  Number of clauses:           15275 (incl.          477 soft in queue)      |
c ===============================================================================
c [Elapsed time] 0.02 s
c Found solution: 259717
c [UWrMaxSAT] Timeout reached.
c [1mOptimal solution: 259717[0m
c _______________________________________________________________________________
c 
c restarts               : 32432132
c conflicts              : 154            (3 /sec)
c decisions              : 1371           (0.00 % random) (25 /sec)
c propagations           : 266582         (4924 /sec)
c conflict literals      : 288            (3.03 % deleted)
c =======================[ UWrMaxSat resources usage ]===========================
c Memory used            : 28.00 MB
c CPU time               : 54.1379 s
c _______________________________________________________________________________
o 259717
s OPTIMUM FOUND
v 7 148 205 317 353 405 442 458 492 608 635 659 687 830 846 901 944 1014 1131 1172 1229 1266 1341 1352 1429 1466 1482 1511 1590 1659 1696 1711 1840 1870 1925 2020 2050 2052 2054 2056 2070 2071 2072 2073 2074 2075 2076 2077 2078 2079 2080 2081 2082 2083 2084 2085 2086 2088 2089 2090 2091 2092 2093 2094 2095 2096 2097 2098 2099 2100 2101 2102 2103 2104 2105 2106 2107 2108 2109 2110 2111 2112 2113 2114 2115 2116 2117 2119 2120 2121 2122 2123 2124 2125 2126 2127 2128 2129 2130 2131 2132 2133 2134 2135 2136 2137 2138 2139 2140 2141 2142 2143 2144 2145 2146 2147 2148 2151 2152 2153 2154 2155 2156 2157 2158 2159 2160 2161 2162 2163 2164 2165 2166 2167 2168 2169 2170 2171 2172 2173 2174 2175 2176 2177 2178 2179 2186 2187 2188 2189 2190 2191 2192 2193 2194 2195 2196 2197 2198 2199 2200 2201 2202 2203 2204 2205 2206 2207 2208 2209 2210 2220 2221 2222 2223 2224 2225 2226 2227 2228 2229 2230 2231 2232 2233 2234 2235 2236 2237 2238 2239 2240 2241 2265 2266 2267 2268 2269 2270 2271 2272 2277 2278 2279 2280 2281 2282 2283 2284 2285 2286 2287 2288 2289 2290 2291 2292 2293 2294 2295 2296 2297 2298 2299 2300 2301 2302 2303 2308 2309 2310 2311 2312 2313 2314 2315 2316 2317 2318 2319 2320 2321 2322 2323 2324 2325 2326 2327 2328 2329 2330 2331 2332 2333 2334 2339 2340 2341 2342 2343 2344 2345 2346 2347 2348 2349 2350 2351 2352 2353 2354 2355 2356 2357 2358 2359 2360 2361 2362 2363 2364 2365 2369 2370 2371 2372 2373 2374 2375 2376 2377 2378 2379 2380 2381 2382 2383 2384 2385 2386 2387 2388 2389 2390 2391 2392 2393 2394 2395 2396 2410 2411 2412 2413 2414 2415 2416 2417 2418 2419 2420 2421 2422 2423 2424 2425 2426 2427 2452 2453 2454 2455 2456 2457 2458 2468 2469 2470 2471 2472 2473 2474 2475 2476 2477 2478 2479 2480 2481 2482 2483 2484 2485 2486 2487 2488 2489 2493 2494 2495 2496 2497 2498 2499 2500 2501 2502 2503 2504 2505 2506 2507 2508 2509 2510 2511 2512 2513 2514 2515 2516 2517 2518 2519 2520 2533 2534 2535 2536 2537 2538 2539 2540 2541 2542 2543 2544 2545 2546 2547 2548 2549 2550 2551 2556 2557 2558 2559 2560 2561 2562 2563 2564 2565 2566 2567 2568 2569 2570 2571 2572 2573 2574 2575 2576 2577 2578 2579 2580 2581 2582 2586 2587 2588 2589 2590 2591 2592 2593 2594 2595 2596 2597 2598 2599 2600 2601 2602 2603 2604 2605 2606 2607 2608 2609 2610 2611 2612 2613 2640 2641 2642 2643 2644 2652 2653 2654 2655 2656 2657 2658 2659 2660 2661 2662 2663 2664 2665 2666 2667 2668 2669 2670 2671 2672 2673 2674 2675 2701 2702 2703 2704 2705 2706 2709 2710 2711 2712 2713 2714 2715 2716 2717 2718 2719 2720 2721 2722 2723 2724 2725 2726 2727 2728 2729 2730 2731 2732 2733 2734 2735 2736 2737 2740 2741 2742 2743 2744 2745 2746 2747 2748 2749 2750 2751 2752 2753 2754 2755 2756 2757 2758 2759 2760 2761 2762 2763 2764 2765 2766 2767 2768 2795 2796 2797 2798 2799 2816 2817 2818 2819 2820 2821 2822 2823 2824 2825 2826 2827 2828 2829 2830 2841 2842 2843 2844 2845 2846 2847 2848 2849 2850 2851 2852 2853 2854 2855 2856 2857 2858 2859 2860 2861 2870 2871 2872 2873 2874 2875 2876 2877 2878 2879 2880 2881 2882 2883 2884 2885 2886 2887 2888 2889 2890 2891 2892 2896 2897 2898 2899 2900 2901 2902 2903 2904 2905 2906 2907 2908 2909 2910 2911 2912 2913 2914 2915 2916 2917 2918 2919 2920 2921 2922 2923 2929 2930 2931 2932 2933 2934 2935 2936 2937 2938 2939 2940 2941 2942 2943 2944 2945 2946 2947 2948 2949 2950 2951 2952 2953 2954 2966 2967 2968 2969 2970 2971 2972 2973 2974 2975 2976 2977 2978 2979 2980 2981 2982 2983 2984 2985 2989 2990 2991 2992 2993 2994 2995 2996 2997 2998 2999 3000 3001 3002 3003 3004 3005 3006 3007 3008 3009 3010 3011 3012 3013 3014 3015 3016 3035 3036 3037 3038 3039 3040 3041 3042 3043 3044 3045 3046 3047 3052 3053 3054 3055 3056 3057 3058 3059 3060 3061 3062 3063 3064 3065 3066 3067 3068 3069 3070 3071 3072 3073 3074 3075 3076 3077 3078 3083 3084 3085 3086 3087 3088 3089 3090 3091 3092 3093 3094 3095 3096 3097 3098 3099 3100 3101 3102 3103 3104 3105 3106 3107 3108 3109 3111 3112 3113 3114 3115 3116 3117 3118 3119 3120 3121 3122 3123 3124 3125 3126 3127 3128 3129 3130 3131 3132 3133 3134 3135 3136 3137 3138 3139 3140 3164 3165 3166 3167 3168 3169 3170 3171 3177 3178 3179 3180 3181 3182 3183 3184 3185 3186 3187 3188 3189 3190 3191 3192 3193 3194 3195 3196 3197 3198 3199 3200 3201 3202 3232 3233 3240 3241 3242 3243 3244 3245 3246 3247 3248 3249 3250 3251 3252 3253 3254 3255 3256 3257 3258 3259 3260 3261 3262 3263 3264 3317 3318 3319 3320 3321 3322 3323 3324 3325 3326 3329 3330 3331 3332 3333 3334 3335 3336 3337 3338 3339 3340 3341 3342 3343 3344 3345 3346 3347 3348 3349 3350 3351 3352 3353 3354 3355 3356 3357 3377 3378 3379 3380 3381 3382 3383 3384 3385 3386 3387 3388 3419 3446 3447 3448 3449 3450 3471 3472 3473 3474 3475 3476 3477 3478 3479 3480 3481 3510 3511 3512 3529 3530 3531 3532 3533 3534 3535 3536 3537 3538 3539 3540 3541 3542 3543 3562 3563 3564 3565 3566 3567 3568 3569 3570 3571 3572 3573 3574 3579 3580 3581 3582 3583 3584 3585 3586 3587 3588 3589 3590 3591 3592 3593 3594 3595 3596 3597 3598 3599 3600 3601 3602 3603 3604 3605 3630 3631 3632 3633 3634 3635 3636 3687 3688 3689 3690 3691 3692 3693 3694 3695 3696 3697 3698 3704 3705 3706 3707 3708 3709 3710 3711 3712 3713 3714 3715 3716 3717 3718 3719 3720 3721 3722 3723 3724 3725 3726 3727 3728 3729 3819 3820 3821 3822 3848 3849 3850 3851 3852 3853 3858 3859 3860 3861 3862 3863 3864 3865 3866 3867 3868 3869 3870 3871 3872 3873 3874 3875 3876 3877 3878 3879 3880 3881 3882 3883 3884 3907 3908 3909 3910 3911 3912 3913 3914 3915 3946 3963 3964 3965 3966 3967 3968 3969 3970 3971 3972 3973 3974 3975 3976 3977 3979 4008 4116 4145 4185 4227 4266 4295 4316 4383 4435 4462 4502 4535 4544 4585 4605 4645 4673 4728 4770 4806 4844 4879 4946 4973 5003 5022 5023 5024 5035 5036 5037 5038 5039 5040 5041 5042 5043 5044 5045 5046 5047 5048 5049 5050 5051 5052 5053 5054 5055 5056 5057 5149 5150 5166 5167 5168 5169 5170 5171 5172 5173 5174 5175 5176 5177 5178 5179 5180 5181 5220 5221 5222 5223 5224 5225 5226 5227 5228 5229 5230 5231 5232 5233 5234 5235 5236 5237 5238 5239 5240 5241 5242 5243 5271 5272 5273 5274 5300 5301 5302 5303 5304 5305 5328 5329 5330 5331 5332 5333 5334 5335 5336 5365 5366 5367 5405 5406 5407 5408 5409 5410 5411 5412 5413 5414 5415 5416 5417 5418 5419 5420 5421 5422 5423 5424 5425 5426 5427 5428 5429 5442 5443 5444 5445 5446 5447 5448 5449 5450 5451 5452 5453 5454 5455 5456 5457 5458 5459 5460 5484 5485 5486 5487 5488 5489 5490 5491 5501 5502 5503 5504 5505 5506 5507 5508 5509 5510 5511 5512 5513 5514 5515 5516 5517 5518 5519 5520 5521 5522 5526 5527 5528 5529 5530 5531 5532 5533 5534 5535 5536 5537 5538 5539 5540 5541 5542 5543 5544 5545 5546 5547 5548 5549 5550 5551 5552 5553 5580 5581 5582 5583 5584 5587 5588 5589 5590 5591 5592 5593 5594 5595 5596 5597 5598 5599 5600 5601 5602 5603 5604 5605 5606 5607 5608 5609 5610 5611 5612 5613 5614 5615 5630 5631 5632 5633 5634 5635 5636 5637 5638 5639 5640 5641 5642 5643 5644 5645 5646 5652 5653 5654 5655 5656 5657 5658 5659 5660 5661 5662 5663 5664 5665 5666 5667 5668 5669 5670 5671 5672 5673 5674 5675 5676 5677 5702 5703 5704 5705 5706 5707 5708 5792 5793 5794 5795 5796 5797 5798 5799 5800 5801 5813 5814 5815 5816 5817 5818 5819 5820 5821 5822 5823 5824 5825 5826 5827 5828 5829 5830 5831 5832 5846 5847 5848 5849 5850 5851 5852 5853 5854 5855 5856 5857 5858 5859 5860 5861 5862 5863 5894 5925 5936 5937 5938 5939 5940 5941 5942 5943 5944 5945 5946 5947 5948 5949 5950 5951 5952 5953 5954 5955 5956 5961 5962 5963 5964 5965 5966 5967 5968 5969 5970 5971 5972 5973 5974 5975 5976 5977 5978 5979 5980 5981 5982 5983 5984 5985 5986 5987 5991 5999
c Using COMiniSatPS SAT solver by Chanseok Oh (2016)
[UWrMaxSAT] meta file: p4_A-n32-k5_r16v3k2.meta
[UWrMaxSAT] meta loaded OK.
[UWrMaxSAT] Loaded 1512 assumption literals from p4_A-n32-k5_r15v3k2.wcnf.asm
c Parsing MaxSAT file...
c Start timer (tic-tac ...)
c c Found solution: 294289
c ============================[  Problem Statistics ]============================
c |  Number of variables:          3277                                         |
c |  Number of clauses:           15382 (incl.          483 soft in queue)      |
c ===============================================================================
c [Elapsed time] 0.02 s
c Found solution: 282765
c [UWrMaxSAT] Timeout reached.
c [1mOptimal solution: 282765[0m
c _______________________________________________________________________________
c 
c restarts               : 29904316
c conflicts              : 127            (2 /sec)
c decisions              : 1469           (0.00 % random) (27 /sec)
c propagations           : 250060         (4521 /sec)
c conflict literals      : 219            (3.52 % deleted)
c =======================[ UWrMaxSat resources usage ]===========================
c Memory used            : 28.00 MB
c CPU time               : 55.3125 s
c _______________________________________________________________________________
o 282765
s OPTIMUM FOUND
v 7 148 205 317 353 405 442 458 492 608 635 659 687 830 846 901 944 1014 1131 1172 1229 1266 1341 1352 1429 1466 1482 1511 1590 1659 1696 1711 1840 1870 1925 2020 2050 2052 2054 2056 2070 2071 2072 2073 2074 2075 2076 2077 2078 2079 2080 2081 2082 2083 2084 2085 2086 2088 2089 2090 2091 2092 2093 2094 2095 2096 2097 2098 2099 2100 2101 2102 2103 2104 2105 2106 2107 2108 2109 2110 2111 2112 2113 2114 2115 2116 2117 2119 2120 2121 2122 2123 2124 2125 2126 2127 2128 2129 2130 2131 2132 2133 2134 2135 2136 2137 2138 2139 2140 2141 2142 2143 2144 2145 2146 2147 2148 2151 2152 2153 2154 2155 2156 2157 2158 2159 2160 2161 2162 2163 2164 2165 2166 2167 2168 2169 2170 2171 2172 2173 2174 2175 2176 2177 2178 2179 2186 2187 2188 2189 2190 2191 2192 2193 2194 2195 2196 2197 2198 2199 2200 2201 2202 2203 2204 2205 2206 2207 2208 2209 2210 2220 2221 2222 2223 2224 2225 2226 2227 2228 2229 2230 2231 2232 2233 2234 2235 2236 2237 2238 2239 2240 2241 2265 2266 2267 2268 2269 2270 2271 2272 2277 2278 2279 2280 2281 2282 2283 2284 2285 2286 2287 2288 2289 2290 2291 2292 2293 2294 2295 2296 2297 2298 2299 2300 2301 2302 2303 2308 2309 2310 2311 2312 2313 2314 2315 2316 2317 2318 2319 2320 2321 2322 2323 2324 2325 2326 2327 2328 2329 2330 2331 2332 2333 2334 2339 2340 2341 2342 2343 2344 2345 2346 2347 2348 2349 2350 2351 2352 2353 2354 2355 2356 2357 2358 2359 2360 2361 2362 2363 2364 2365 2369 2370 2371 2372 2373 2374 2375 2376 2377 2378 2379 2380 2381 2382 2383 2384 2385 2386 2387 2388 2389 2390 2391 2392 2393 2394 2395 2396 2410 2411 2412 2413 2414 2415 2416 2417 2418 2419 2420 2421 2422 2423 2424 2425 2426 2427 2452 2453 2454 2455 2456 2457 2458 2468 2469 2470 2471 2472 2473 2474 2475 2476 2477 2478 2479 2480 2481 2482 2483 2484 2485 2486 2487 2488 2489 2493 2494 2495 2496 2497 2498 2499 2500 2501 2502 2503 2504 2505 2506 2507 2508 2509 2510 2511 2512 2513 2514 2515 2516 2517 2518 2519 2520 2533 2534 2535 2536 2537 2538 2539 2540 2541 2542 2543 2544 2545 2546 2547 2548 2549 2550 2551 2556 2557 2558 2559 2560 2561 2562 2563 2564 2565 2566 2567 2568 2569 2570 2571 2572 2573 2574 2575 2576 2577 2578 2579 2580 2581 2582 2586 2587 2588 2589 2590 2591 2592 2593 2594 2595 2596 2597 2598 2599 2600 2601 2602 2603 2604 2605 2606 2607 2608 2609 2610 2611 2612 2613 2640 2641 2642 2643 2644 2652 2653 2654 2655 2656 2657 2658 2659 2660 2661 2662 2663 2664 2665 2666 2667 2668 2669 2670 2671 2672 2673 2674 2675 2701 2702 2703 2704 2705 2706 2709 2710 2711 2712 2713 2714 2715 2716 2717 2718 2719 2720 2721 2722 2723 2724 2725 2726 2727 2728 2729 2730 2731 2732 2733 2734 2735 2736 2737 2740 2741 2742 2743 2744 2745 2746 2747 2748 2749 2750 2751 2752 2753 2754 2755 2756 2757 2758 2759 2760 2761 2762 2763 2764 2765 2766 2767 2768 2795 2796 2797 2798 2799 2816 2817 2818 2819 2820 2821 2822 2823 2824 2825 2826 2827 2828 2829 2830 2841 2842 2843 2844 2845 2846 2847 2848 2849 2850 2851 2852 2853 2854 2855 2856 2857 2858 2859 2860 2861 2870 2871 2872 2873 2874 2875 2876 2877 2878 2879 2880 2881 2882 2883 2884 2885 2886 2887 2888 2889 2890 2891 2892 2894 2895 2896 2897 2898 2899 2900 2901 2902 2903 2904 2905 2906 2907 2908 2909 2910 2911 2912 2913 2914 2915 2916 2917 2918 2919 2920 2921 2922 2923 2929 2930 2931 2932 2933 2934 2935 2936 2937 2938 2939 2940 2941 2942 2943 2944 2945 2946 2947 2948 2949 2950 2951 2952 2953 2954 2966 2967 2968 2969 2970 2971 2972 2973 2974 2975 2976 2977 2978 2979 2980 2981 2982 2983 2984 2985 2989 2990 2991 2992 2993 2994 2995 2996 2997 2998 2999 3000 3001 3002 3003 3004 3005 3006 3007 3008 3009 3010 3011 3012 3013 3014 3015 3016 3031 3032 3033 3034 3035 3036 3037 3038 3039 3040 3041 3042 3043 3044 3045 3046 3047 3050 3051 3052 3053 3054 3055 3056 3057 3058 3059 3060 3061 3062 3063 3064 3065 3066 3067 3068 3069 3070 3071 3072 3073 3074 3075 3076 3077 3078 3081 3082 3083 3084 3085 3086 3087 3088 3089 3090 3091 3092 3093 3094 3095 3096 3097 3098 3099 3100 3101 3102 3103 3104 3105 3106 3107 3108 3109 3111 3112 3113 3114 3115 3116 3117 3118 3119 3120 3121 3122 3123 3124 3125 3126 3127 3128 3129 3130 3131 3132 3133 3134 3135 3136 3137 3138 3139 3140 3157 3158 3159 3160 3161 3162 3163 3164 3165 3166 3167 3168 3169 3170 3171 3175 3176 3177 3178 3179 3180 3181 3182 3183 3184 3185 3186 3187 3188 3189 3190 3191 3192 3193 3194 3195 3196 3197 3198 3199 3200 3201 3202 3232 3233 3240 3241 3242 3243 3244 3245 3246 3247 3248 3249 3250 3251 3252 3253 3254 3255 3256 3257 3258 3259 3260 3261 3262 3263 3264 3310 3311 3312 3313 3314 3315 3316 3317 3318 3319 3320 3321 3322 3323 3324 3325 3326 3329 3330 3331 3332 3333 3334 3335 3336 3337 3338 3339 3340 3341 3342 3343 3344 3345 3346 3347 3348 3349 3350 3351 3352 3353 3354 3355 3356 3357 3373 3374 3375 3376 3377 3378 3379 3380 3381 3382 3383 3384 3385 3386 3387 3388 3419 3446 3447 3448 3449 3450 3464 3465 3466 3467 3468 3469 3470 3471 3472 3473 3474 3475 3476 3477 3478 3479 3480 3481 3510 3511 3512 3529 3530 3531 3532 3533 3534 3535 3536 3537 3538 3539 3540 3541 3542 3543 3555 3556 3557 3558 3559 3560 3561 3562 3563 3564 3565 3566 3567 3568 3569 3570 3571 3572 3573 3574 3579 3580 3581 3582 3583 3584 3585 3586 3587 3588 3589 3590 3591 3592 3593 3594 3595 3596 3597 3598 3599 3600 3601 3602 3603 3604 3605 3630 3631 3632 3633 3634 3635 3636 3680 3681 3682 3683 3684 3685 3686 3687 3688 3689 3690 3691 3692 3693 3694 3695 3696 3697 3698 3702 3703 3704 3705 3706 3707 3708 3709 3710 3711 3712 3713 3714 3715 3716 3717 3718 3719 3720 3721 3722 3723 3724 3725 3726 3727 3728 3729 3819 3820 3821 3822 3848 3849 3850 3851 3852 3853 3857 3858 3859 3860 3861 3862 3863 3864 3865 3866 3867 3868 3869 3870 3871 3872 3873 3874 3875 3876 3877 3878 3879 3880 3881 3882 3883 3884 3900 3901 3902 3903 3904 3905 3906 3907 3908 3909 3910 3911 3912 3913 3914 3915 3946 3962 3963 3964 3965 3966 3967 3968 3969 3970 3971 3972 3973 3974 3975 3976 3977 3979 4008 4116 4145 4185 4227 4266 4295 4316 4383 4435 4462 4502 4535 4544 4585 4605 4645 4673 4728 4770 4806 4844 4879 4946 4973 5003 5022 5023 5024 5035 5036 5037 5038 5039 5040 5041 5042 5043 5044 5045 5046 5047 5048 5049 5050 5051 5052 5053 5054 5055 5056 5057 5149 5150 5166 5167 5168 5169 5170 5171 5172 5173 5174 5175 5176 5177 5178 5179 5180 5181 5220 5221 5222 5223 5224 5225 5226 5227 5228 5229 5230 5231 5232 5233 5234 5235 5236 5237 5238 5239 5240 5241 5242 5243 5271 5272 5273 5274 5300 5301 5302 5303 5304 5305 5328 5329 5330 5331 5332 5333 5334 5335 5336 5365 5366 5367 5405 5406 5407 5408 5409 5410 5411 5412 5413 5414 5415 5416 5417 5418 5419 5420 5421 5422 5423 5424 5425 5426 5427 5428 5429 5442 5443 5444 5445 5446 5447 5448 5449 5450 5451 5452 5453 5454 5455 5456 5457 5458 5459 5460 5484 5485 5486 5487 5488 5489 5490 5491 5501 5502 5503 5504 5505 5506 5507 5508 5509 5510 5511 5512 5513 5514 5515 5516 5517 5518 5519 5520 5521 5522 5526 5527 5528 5529 5530 5531 5532 5533 5534 5535 5536 5537 5538 5539 5540 5541 5542 5543 5544 5545 5546 5547 5548 5549 5550 5551 5552 5553 5580 5581 5582 5583 5584 5587 5588 5589 5590 5591 5592 5593 5594 5595 5596 5597 5598 5599 5600 5601 5602 5603 5604 5605 5606 5607 5608 5609 5610 5611 5612 5613 5614 5615 5630 5631 5632 5633 5634 5635 5636 5637 5638 5639 5640 5641 5642 5643 5644 5645 5646 5652 5653 5654 5655 5656 5657 5658 5659 5660 5661 5662 5663 5664 5665 5666 5667 5668 5669 5670 5671 5672 5673 5674 5675 5676 5677 5702 5703 5704 5705 5706 5707 5708 5792 5793 5794 5795 5796 5797 5798 5799 5800 5801 5813 5814 5815 5816 5817 5818 5819 5820 5821 5822 5823 5824 5825 5826 5827 5828 5829 5830 5831 5832 5846 5847 5848 5849 5850 5851 5852 5853 5854 5855 5856 5857 5858 5859 5860 5861 5862 5863 5894 5925 5936 5937 5938 5939 5940 5941 5942 5943 5944 5945 5946 5947 5948 5949 5950 5951 5952 5953 5954 5955 5956 5961 5962 5963 5964 5965 5966 5967 5968 5969 5970 5971 5972 5973 5974 5975 5976 5977 5978 5979 5980 5981 5982 5983 5984 5985 5986 5987 5991 5999 6001
c Using COMiniSatPS SAT solver by Chanseok Oh (2016)
[UWrMaxSAT] meta file: p4_A-n32-k5_r17v3k2.meta
[UWrMaxSAT] meta loaded OK.
[UWrMaxSAT] Loaded 1575 assumption literals from p4_A-n32-k5_r16v3k2.wcnf.asm
c Parsing MaxSAT file...
c Start timer (tic-tac ...)
c c Found solution: 304032
c ============================[  Problem Statistics ]============================
c |  Number of variables:          3280                                         |
c |  Number of clauses:           15487 (incl.          486 soft in queue)      |
c ===============================================================================
c [Elapsed time] 0.03 s
c Found solution: 296943
c [UWrMaxSAT] Timeout reached.
c [1mOptimal solution: 296943[0m
c _______________________________________________________________________________
c 
c restarts               : 29706841
c conflicts              : 104            (2 /sec)
c decisions              : 1138           (0.00 % random) (20 /sec)
c propagations           : 236015         (4232 /sec)
c conflict literals      : 115            (1.71 % deleted)
c =======================[ UWrMaxSat resources usage ]===========================
c Memory used            : 28.00 MB
c CPU time               : 55.766 s
c _______________________________________________________________________________
o 296943
s OPTIMUM FOUND
v 7 148 205 317 353 405 442 458 492 608 635 659 687 830 846 901 944 1014 1131 1172 1229 1266 1341 1352 1429 1466 1482 1511 1590 1659 1696 1711 1840 1870 1925 2020 2050 2052 2054 2056 2070 2071 2072 2073 2074 2075 2076 2077 2078 2079 2080 2081 2082 2083 2084 2085 2086 2088 2089 2090 2091 2092 2093 2094 2095 2096 2097 2098 2099 2100 2101 2102 2103 2104 2105 2106 2107 2108 2109 2110 2111 2112 2113 2114 2115 2116 2117 2119 2120 2121 2122 2123 2124 2125 2126 2127 2128 2129 2130 2131 2132 2133 2134 2135 2136 2137 2138 2139 2140 2141 2142 2143 2144 2145 2146 2147 2148 2151 2152 2153 2154 2155 2156 2157 2158 2159 2160 2161 2162 2163 2164 2165 2166 2167 2168 2169 2170 2171 2172 2173 2174 2175 2176 2177 2178 2179 2186 2187 2188 2189 2190 2191 2192 2193 2194 2195 2196 2197 2198 2199 2200 2201 2202 2203 2204 2205 2206 2207 2208 2209 2210 2220 2221 2222 2223 2224 2225 2226 2227 2228 2229 2230 2231 2232 2233 2234 2235 2236 2237 2238 2239 2240 2241 2265 2266 2267 2268 2269 2270 2271 2272 2277 2278 2279 2280 2281 2282 2283 2284 2285 2286 2287 2288 2289 2290 2291 2292 2293 2294 2295 2296 2297 2298 2299 2300 2301 2302 2303 2308 2309 2310 2311 2312 2313 2314 2315 2316 2317 2318 2319 2320 2321 2322 2323 2324 2325 2326 2327 2328 2329 2330 2331 2332 2333 2334 2339 2340 2341 2342 2343 2344 2345 2346 2347 2348 2349 2350 2351 2352 2353 2354 2355 2356 2357 2358 2359 2360 2361 2362 2363 2364 2365 2369 2370 2371 2372 2373 2374 2375 2376 2377 2378 2379 2380 2381 2382 2383 2384 2385 2386 2387 2388 2389 2390 2391 2392 2393 2394 2395 2396 2410 2411 2412 2413 2414 2415 2416 2417 2418 2419 2420 2421 2422 2423 2424 2425 2426 2427 2452 2453 2454 2455 2456 2457 2458 2468 2469 2470 2471 2472 2473 2474 2475 2476 2477 2478 2479 2480 2481 2482 2483 2484 2485 2486 2487 2488 2489 2493 2494 2495 2496 2497 2498 2499 2500 2501 2502 2503 2504 2505 2506 2507 2508 2509 2510 2511 2512 2513 2514 2515 2516 2517 2518 2519 2520 2533 2534 2535 2536 2537 2538 2539 2540 2541 2542 2543 2544 2545 2546 2547 2548 2549 2550 2551 2556 2557 2558 2559 2560 2561 2562 2563 2564 2565 2566 2567 2568 2569 2570 2571 2572 2573 2574 2575 2576 2577 2578 2579 2580 2581 2582 2586 2587 2588 2589 2590 2591 2592 2593 2594 2595 2596 2597 2598 2599 2600 2601 2602 2603 2604 2605 2606 2607 2608 2609 2610 2611 2612 2613 2640 2641 2642 2643 2644 2652 2653 2654 2655 2656 2657 2658 2659 2660 2661 2662 2663 2664 2665 2666 2667 2668 2669 2670 2671 2672 2673 2674 2675 2701 2702 2703 2704 2705 2706 2709 2710 2711 2712 2713 2714 2715 2716 2717 2718 2719 2720 2721 2722 2723 2724 2725 2726 2727 2728 2729 2730 2731 2732 2733 2734 2735 2736 2737 2740 2741 2742 2743 2744 2745 2746 2747 2748 2749 2750 2751 2752 2753 2754 2755 2756 2757 2758 2759 2760 2761 2762 2763 2764 2765 2766 2767 2768 2795 2796 2797 2798 2799 2816 2817 2818 2819 2820 2821 2822 2823 2824 2825 2826 2827 2828 2829 2830 2841 2842 2843 2844 2845 2846 2847 2848 2849 2850 2851 2852 2853 2854 2855 2856 2857 2858 2859 2860 2861 2870 2871 2872 2873 2874 2875 2876 2877 2878 2879 2880 2881 2882 2883 2884 2885 2886 2887 2888 2889 2890 2891 2892 2894 2895 2896 2897 2898 2899 2900 2901 2902 2903 2904 2905 2906 2907 2908 2909 2910 2911 2912 2913 2914 2915 2916 2917 2918 2919 2920 2921 2922 2923 2929 2930 2931 2932 2933 2934 2935 2936 2937 2938 2939 2940 2941 2942 2943 2944 2945 2946 2947 2948 2949 2950 2951 2952 2953 2954 2966 2967 2968 2969 2970 2971 2972 2973 2974 2975 2976 2977 2978 2979 2980 2981 2982 2983 2984 2985 2989 2990 2991 2992 2993 2994 2995 2996 2997 2998 2999 3000 3001 3002 3003 3004 3005 3006 3007 3008 3009 3010 3011 3012 3013 3014 3015 3016 3031 3032 3033 3034 3035 3036 3037 3038 3039 3040 3041 3042 3043 3044 3045 3046 3047 3050 3051 3052 3053 3054 3055 3056 3057 3058 3059 3060 3061 3062 3063 3064 3065 3066 3067 3068 3069 3070 3071 3072 3073 3074 3075 3076 3077 3078 3081 3082 3083 3084 3085 3086 3087 3088 3089 3090 3091 3092 3093 3094 3095 3096 3097 3098 3099 3100 3101 3102 3103 3104 3105 3106 3107 3108 3109 3111 3112 3113 3114 3115 3116 3117 3118 3119 3120 3121 3122 3123 3124 3125 3126 3127 3128 3129 3130 3131 3132 3133 3134 3135 3136 3137 3138 3139 3140 3157 3158 3159 3160 3161 3162 3163 3164 3165 3166 3167 3168 3169 3170 3171 3175 3176 3177 3178 3179 3180 3181 3182 3183 3184 3185 3186 3187 3188 3189 3190 3191 3192 3193 3194 3195 3196 3197 3198 3199 3200 3201 3202 3232 3233 3237 3238 3239 3240 3241 3242 3243 3244 3245 3246 3247 3248 3249 3250 3251 3252 3253 3254 3255 3256 3257 3258 3259 3260 3261 3262 3263 3264 3310 3311 3312 3313 3314 3315 3316 3317 3318 3319 3320 3321 3322 3323 3324 3325 3326 3329 3330 3331 3332 3333 3334 3335 3336 3337 3338 3339 3340 3341 3342 3343 3344 3345 3346 3347 3348 3349 3350 3351 3352 3353 3354 3355 3356 3357 3373 3374 3375 3376 3377 3378 3379 3380 3381 3382 3383 3384 3385 3386 3387 3388 3419 3446 3447 3448 3449 3450 3464 3465 3466 3467 3468 3469 3470 3471 3472 3473 3474 3475 3476 3477 3478 3479 3480 3481 3510 3511 3512 3521 3522 3523 3524 3525 3526 3527 3528 3529 3530 3531 3532 3533 3534 3535 3536 3537 3538 3539 3540 3541 3542 3543 3555 3556 3557 3558 3559 3560 3561 3562 3563 3564 3565 3566 3567 3568 3569 3570 3571 3572 3573 3574 3578 3579 3580 3581 3582 3583 3584 3585 3586 3587 3588 3589 3590 3591 3592 3593 3594 3595 3596 3597 3598 3599 3600 3601 3602 3603 3604 3605 3630 3631 3632 3633 3634 3635 3636 3680 3681 3682 3683 3684 3685 3686 3687 3688 3689 3690 3691 3692 3693 3694 3695 3696 3697 3698 3700 3701 3702 3703 3704 3705 3706 3707 3708 3709 3710 3711 3712 3713 3714 3715 3716 3717 3718 3719 3720 3721 3722 3723 3724 3725 3726 3727 3728 3729 3819 3820 3821 3822 3848 3849 3850 3851 3852 3853 3856 3857 3858 3859 3860 3861 3862 3863 3864 3865 3866 3867 3868 3869 3870 3871 3872 3873 3874 3875 3876 3877 3878 3879 3880 3881 3882 3883 3884 3900 3901 3902 3903 3904 3905 3906 3907 3908 3909 3910 3911 3912 3913 3914 3915 3946 3956 3957 3958 3959 3960 3961 3962 3963 3964 3965 3966 3967 3968 3969 3970 3971 3972 3973 3974 3975 3976 3977 3979 4008 4116 4145 4185 4227 4266 4295 4316 4383 4435 4462 4502 4535 4544 4585 4605 4645 4673 4728 4770 4806 4844 4879 4946 4973 5003 5022 5023 5024 5035 5036 5037 5038 5039 5040 5041 5042 5043 5044 5045 5046 5047 5048 5049 5050 5051 5052 5053 5054 5055 5056 5057 5149 5150 5166 5167 5168 5169 5170 5171 5172 5173 5174 5175 5176 5177 5178 5179 5180 5181 5220 5221 5222 5223 5224 5225 5226 5227 5228 5229 5230 5231 5232 5233 5234 5235 5236 5237 5238 5239 5240 5241 5242 5243 5271 5272 5273 5274 5300 5301 5302 5303 5304 5305 5328 5329 5330 5331 5332 5333 5334 5335 5336 5365 5366 5367 5405 5406 5407 5408 5409 5410 5411 5412 5413 5414 5415 5416 5417 5418 5419 5420 5421 5422 5423 5424 5425 5426 5427 5428 5429 5442 5443 5444 5445 5446 5447 5448 5449 5450 5451 5452 5453 5454 5455 5456 5457 5458 5459 5460 5484 5485 5486 5487 5488 5489 5490 5491 5501 5502 5503 5504 5505 5506 5507 5508 5509 5510 5511 5512 5513 5514 5515 5516 5517 5518 5519 5520 5521 5522 5526 5527 5528 5529 5530 5531 5532 5533 5534 5535 5536 5537 5538 5539 5540 5541 5542 5543 5544 5545 5546 5547 5548 5549 5550 5551 5552 5553 5580 5581 5582 5583 5584 5587 5588 5589 5590 5591 5592 5593 5594 5595 5596 5597 5598 5599 5600 5601 5602 5603 5604 5605 5606 5607 5608 5609 5610 5611 5612 5613 5614 5615 5630 5631 5632 5633 5634 5635 5636 5637 5638 5639 5640 5641 5642 5643 5644 5645 5646 5652 5653 5654 5655 5656 5657 5658 5659 5660 5661 5662 5663 5664 5665 5666 5667 5668 5669 5670 5671 5672 5673 5674 5675 5676 5677 5702 5703 5704 5705 5706 5707 5708 5792 5793 5794 5795 5796 5797 5798 5799 5800 5801 5813 5814 5815 5816 5817 5818 5819 5820 5821 5822 5823 5824 5825 5826 5827 5828 5829 5830 5831 5832 5846 5847 5848 5849 5850 5851 5852 5853 5854 5855 5856 5857 5858 5859 5860 5861 5862 5863 5894 5925 5936 5937 5938 5939 5940 5941 5942 5943 5944 5945 5946 5947 5948 5949 5950 5951 5952 5953 5954 5955 5956 5961 5962 5963 5964 5965 5966 5967 5968 5969 5970 5971 5972 5973 5974 5975 5976 5977 5978 5979 5980 5981 5982 5983 5984 5985 5986 5987 5991 5999 6001 6006
c Using COMiniSatPS SAT solver by Chanseok Oh (2016)
[UWrMaxSAT] meta file: p4_A-n32-k5_r18v3k2.meta
[UWrMaxSAT] meta loaded OK.
[UWrMaxSAT] Loaded 1597 assumption literals from p4_A-n32-k5_r17v3k2.wcnf.asm
c Parsing MaxSAT file...
c Start timer (tic-tac ...)
c c Found solution: 312948
c ============================[  Problem Statistics ]============================
c |  Number of variables:          3283                                         |
c |  Number of clauses:           15592 (incl.          489 soft in queue)      |
c ===============================================================================
c [UWrMaxSAT] Timeout reached.
c [1mOptimal solution: 312948[0m
c _______________________________________________________________________________
c 
c restarts               : 29339529
c conflicts              : 106            (2 /sec)
c decisions              : 1008           (0.00 % random) (18 /sec)
c propagations           : 239911         (4301 /sec)
c conflict literals      : 118            (1.67 % deleted)
c =======================[ UWrMaxSat resources usage ]===========================
c Memory used            : 28.00 MB
c CPU time               : 55.7762 s
c _______________________________________________________________________________
o 312948
s OPTIMUM FOUND
v 7 148 205 317 353 405 442 458 492 608 635 659 687 830 846 901 944 1014 1131 1172 1229 1266 1341 1352 1429 1466 1482 1511 1590 1659 1696 1711 1840 1870 1925 2020 2050 2052 2054 2056 2070 2071 2072 2073 2074 2075 2076 2077 2078 2079 2080 2081 2082 2083 2084 2085 2086 2088 2089 2090 2091 2092 2093 2094 2095 2096 2097 2098 2099 2100 2101 2102 2103 2104 2105 2106 2107 2108 2109 2110 2111 2112 2113 2114 2115 2116 2117 2119 2120 2121 2122 2123 2124 2125 2126 2127 2128 2129 2130 2131 2132 2133 2134 2135 2136 2137 2138 2139 2140 2141 2142 2143 2144 2145 2146 2147 2148 2151 2152 2153 2154 2155 2156 2157 2158 2159 2160 2161 2162 2163 2164 2165 2166 2167 2168 2169 2170 2171 2172 2173 2174 2175 2176 2177 2178 2179 2186 2187 2188 2189 2190 2191 2192 2193 2194 2195 2196 2197 2198 2199 2200 2201 2202 2203 2204 2205 2206 2207 2208 2209 2210 2220 2221 2222 2223 2224 2225 2226 2227 2228 2229 2230 2231 2232 2233 2234 2235 2236 2237 2238 2239 2240 2241 2265 2266 2267 2268 2269 2270 2271 2272 2277 2278 2279 2280 2281 2282 2283 2284 2285 2286 2287 2288 2289 2290 2291 2292 2293 2294 2295 2296 2297 2298 2299 2300 2301 2302 2303 2308 2309 2310 2311 2312 2313 2314 2315 2316 2317 2318 2319 2320 2321 2322 2323 2324 2325 2326 2327 2328 2329 2330 2331 2332 2333 2334 2339 2340 2341 2342 2343 2344 2345 2346 2347 2348 2349 2350 2351 2352 2353 2354 2355 2356 2357 2358 2359 2360 2361 2362 2363 2364 2365 2369 2370 2371 2372 2373 2374 2375 2376 2377 2378 2379 2380 2381 2382 2383 2384 2385 2386 2387 2388 2389 2390 2391 2392 2393 2394 2395 2396 2410 2411 2412 2413 2414 2415 2416 2417 2418 2419 2420 2421 2422 2423 2424 2425 2426 2427 2452 2453 2454 2455 2456 2457 2458 2468 2469 2470 2471 2472 2473 2474 2475 2476 2477 2478 2479 2480 2481 2482 2483 2484 2485 2486 2487 2488 2489 2493 2494 2495 2496 2497 2498 2499 2500 2501 2502 2503 2504 2505 2506 2507 2508 2509 2510 2511 2512 2513 2514 2515 2516 2517 2518 2519 2520 2533 2534 2535 2536 2537 2538 2539 2540 2541 2542 2543 2544 2545 2546 2547 2548 2549 2550 2551 2556 2557 2558 2559 2560 2561 2562 2563 2564 2565 2566 2567 2568 2569 2570 2571 2572 2573 2574 2575 2576 2577 2578 2579 2580 2581 2582 2586 2587 2588 2589 2590 2591 2592 2593 2594 2595 2596 2597 2598 2599 2600 2601 2602 2603 2604 2605 2606 2607 2608 2609 2610 2611 2612 2613 2640 2641 2642 2643 2644 2652 2653 2654 2655 2656 2657 2658 2659 2660 2661 2662 2663 2664 2665 2666 2667 2668 2669 2670 2671 2672 2673 2674 2675 2701 2702 2703 2704 2705 2706 2709 2710 2711 2712 2713 2714 2715 2716 2717 2718 2719 2720 2721 2722 2723 2724 2725 2726 2727 2728 2729 2730 2731 2732 2733 2734 2735 2736 2737 2740 2741 2742 2743 2744 2745 2746 2747 2748 2749 2750 2751 2752 2753 2754 2755 2756 2757 2758 2759 2760 2761 2762 2763 2764 2765 2766 2767 2768 2795 2796 2797 2798 2799 2816 2817 2818 2819 2820 2821 2822 2823 2824 2825 2826 2827 2828 2829 2830 2841 2842 2843 2844 2845 2846 2847 2848 2849 2850 2851 2852 2853 2854 2855 2856 2857 2858 2859 2860 2861 2870 2871 2872 2873 2874 2875 2876 2877 2878 2879 2880 2881 2882 2883 2884 2885 2886 2887 2888 2889 2890 2891 2892 2894 2895 2896 2897 2898 2899 2900 2901 2902 2903 2904 2905 2906 2907 2908 2909 2910 2911 2912 2913 2914 2915 2916 2917 2918 2919 2920 2921 2922 2923 2929 2930 2931 2932 2933 2934 2935 2936 2937 2938 2939 2940 2941 2942 2943 2944 2945 2946 2947 2948 2949 2950 2951 2952 2953 2954 2966 2967 2968 2969 2970 2971 2972 2973 2974 2975 2976 2977 2978 2979 2980 2981 2982 2983 2984 2985 2989 2990 2991 2992 2993 2994 2995 2996 2997 2998 2999 3000 3001 3002 3003 3004 3005 3006 3007 3008 3009 3010 3011 3012 3013 3014 3015 3016 3031 3032 3033 3034 3035 3036 3037 3038 3039 3040 3041 3042 3043 3044 3045 3046 3047 3050 3051 3052 3053 3054 3055 3056 3057 3058 3059 3060 3061 3062 3063 3064 3065 3066 3067 3068 3069 3070 3071 3072 3073 3074 3075 3076 3077 3078 3081 3082 3083 3084 3085 3086 3087 3088 3089 3090 3091 3092 3093 3094 3095 3096 3097 3098 3099 3100 3101 3102 3103 3104 3105 3106 3107 3108 3109 3111 3112 3113 3114 3115 3116 3117 3118 3119 3120 3121 3122 3123 3124 3125 3126 3127 3128 3129 3130 3131 3132 3133 3134 3135 3136 3137 3138 3139 3140 3157 3158 3159 3160 3161 3162 3163 3164 3165 3166 3167 3168 3169 3170 3171 3175 3176 3177 3178 3179 3180 3181 3182 3183 3184 3185 3186 3187 3188 3189 3190 3191 3192 3193 3194 3195 3196 3197 3198 3199 3200 3201 3202 3232 3233 3237 3238 3239 3240 3241 3242 3243 3244 3245 3246 3247 3248 3249 3250 3251 3252 3253 3254 3255 3256 3257 3258 3259 3260 3261 3262 3263 3264 3310 3311 3312 3313 3314 3315 3316 3317 3318 3319 3320 3321 3322 3323 3324 3325 3326 3329 3330 3331 3332 3333 3334 3335 3336 3337 3338 3339 3340 3341 3342 3343 3344 3345 3346 3347 3348 3349 3350 3351 3352 3353 3354 3355 3356 3357 3373 3374 3375 3376 3377 3378 3379 3380 3381 3382 3383 3384 3385 3386 3387 3388 3419 3446 3447 3448 3449 3450 3464 3465 3466 3467 3468 3469 3470 3471 3472 3473 3474 3475 3476 3477 3478 3479 3480 3481 3510 3511 3512 3521 3522 3523 3524 3525 3526 3527 3528 3529 3530 3531 3532 3533 3534 3535 3536 3537 3538 3539 3540 3541 3542 3543 3555 3556 3557 3558 3559 3560 3561 3562 3563 3564 3565 3566 3567 3568 3569 3570 3571 3572 3573 3574 3578 3579 3580 3581 3582 3583 3584 3585 3586 3587 3588 3589 3590 3591 3592 3593 3594 3595 3596 3597 3598 3599 3600 3601 3602 3603 3604 3605 3630 3631 3632 3633 3634 3635 3636 3680 3681 3682 3683 3684 3685 3686 3687 3688 3689 3690 3691 3692 3693 3694 3695 3696 3697 3698 3700 3701 3702 3703 3704 3705 3706 3707 3708 3709 3710 3711 3712 3713 3714 3715 3716 3717 3718 3719 3720 3721 3722 3723 3724 3725 3726 3727 3728 3729 3819 3820 3821 3822 3848 3849 3850 3851 3852 3853 3856 3857 3858 3859 3860 3861 3862 3863 3864 3865 3866 3867 3868 3869 3870 3871 3872 3873 3874 3875 3876 3877 3878 3879 3880 3881 3882 3883 3884 3900 3901 3902 3903 3904 3905 3906 3907 3908 3909 3910 3911 3912 3913 3914 3915 3946 3956 3957 3958 3959 3960 3961 3962 3963 3964 3965 3966 3967 3968 3969 3970 3971 3972 3973 3974 3975 3976 3977 3979 4008 4116 4145 4185 4227 4266 4295 4316 4383 4435 4462 4502 4535 4544 4585 4605 4645 4673 4728 4770 4806 4844 4879 4946 4973 5003 5022 5023 5024 5035 5036 5037 5038 5039 5040 5041 5042 5043 5044 5045 5046 5047 5048 5049 5050 5051 5052 5053 5054 5055 5056 5057 5149 5150 5166 5167 5168 5169 5170 5171 5172 5173 5174 5175 5176 5177 5178 5179 5180 5181 5220 5221 5222 5223 5224 5225 5226 5227 5228 5229 5230 5231 5232 5233 5234 5235 5236 5237 5238 5239 5240 5241 5242 5243 5271 5272 5273 5274 5300 5301 5302 5303 5304 5305 5328 5329 5330 5331 5332 5333 5334 5335 5336 5365 5366 5367 5405 5406 5407 5408 5409 5410 5411 5412 5413 5414 5415 5416 5417 5418 5419 5420 5421 5422 5423 5424 5425 5426 5427 5428 5429 5442 5443 5444 5445 5446 5447 5448 5449 5450 5451 5452 5453 5454 5455 5456 5457 5458 5459 5460 5484 5485 5486 5487 5488 5489 5490 5491 5501 5502 5503 5504 5505 5506 5507 5508 5509 5510 5511 5512 5513 5514 5515 5516 5517 5518 5519 5520 5521 5522 5526 5527 5528 5529 5530 5531 5532 5533 5534 5535 5536 5537 5538 5539 5540 5541 5542 5543 5544 5545 5546 5547 5548 5549 5550 5551 5552 5553 5580 5581 5582 5583 5584 5587 5588 5589 5590 5591 5592 5593 5594 5595 5596 5597 5598 5599 5600 5601 5602 5603 5604 5605 5606 5607 5608 5609 5610 5611 5612 5613 5614 5615 5630 5631 5632 5633 5634 5635 5636 5637 5638 5639 5640 5641 5642 5643 5644 5645 5646 5652 5653 5654 5655 5656 5657 5658 5659 5660 5661 5662 5663 5664 5665 5666 5667 5668 5669 5670 5671 5672 5673 5674 5675 5676 5677 5702 5703 5704 5705 5706 5707 5708 5792 5793 5794 5795 5796 5797 5798 5799 5800 5801 5813 5814 5815 5816 5817 5818 5819 5820 5821 5822 5823 5824 5825 5826 5827 5828 5829 5830 5831 5832 5846 5847 5848 5849 5850 5851 5852 5853 5854 5855 5856 5857 5858 5859 5860 5861 5862 5863 5894 5925 5936 5937 5938 5939 5940 5941 5942 5943 5944 5945 5946 5947 5948 5949 5950 5951 5952 5953 5954 5955 5956 5961 5962 5963 5964 5965 5966 5967 5968 5969 5970 5971 5972 5973 5974 5975 5976 5977 5978 5979 5980 5981 5982 5983 5984 5985 5986 5987 5991 5999 6001 6006
c Using COMiniSatPS SAT solver by Chanseok Oh (2016)
[UWrMaxSAT] meta file: p4_A-n32-k5_r18v4k2.meta
[UWrMaxSAT] meta loaded OK.
[UWrMaxSAT] Loaded 1597 assumption literals from p4_A-n32-k5_r18v3k2.wcnf.asm
c Parsing MaxSAT file...
c Start timer (tic-tac ...)
c c Found solution: 437136
c ============================[  Problem Statistics ]============================
c |  Number of variables:          4376                                         |
c |  Number of clauses:           20805 (incl.          651 soft in queue)      |
c ===============================================================================
c [Elapsed time] 0.04 s
c Found solution: 432165
c [Elapsed time] 0.04 s
c Found solution: 421441
c [Elapsed time] 0.04 s
c Found solution: 416529
c [UWrMaxSAT] Timeout reached.
c [1mOptimal solution: 416529[0m
c _______________________________________________________________________________
c 
c restarts               : 26077315
c conflicts              : 1168           (21 /sec)
c decisions              : 5797           (0.00 % random) (104 /sec)
c propagations           : 317888         (5696 /sec)
c conflict literals      : 10495          (19.47 % deleted)
c =======================[ UWrMaxSat resources usage ]===========================
c Memory used            : 29.00 MB
c CPU time               : 55.8053 s
c OptExp Enc: Srt/BDD/Add: 1 0 0
c _______________________________________________________________________________
o 416529
s OPTIMUM FOUND
v 7 148 205 317 353 405 442 458 492 608 635 659 687 830 846 901 944 1014 1131 1172 1229 1266 1341 1352 1429 1466 1482 1511 1590 1659 1696 1711 1840 1870 1925 2020 2050 2052 2054 2056 2070 2071 2072 2073 2074 2075 2076 2077 2078 2079 2080 2081 2082 2083 2084 2085 2086 2088 2089 2090 2091 2092 2093 2094 2095 2096 2097 2098 2099 2100 2101 2102 2103 2104 2105 2106 2107 2108 2109 2110 2111 2112 2113 2114 2115 2116 2117 2119 2120 2121 2122 2123 2124 2125 2126 2127 2128 2129 2130 2131 2132 2133 2134 2135 2136 2137 2138 2139 2140 2141 2142 2143 2144 2145 2146 2147 2148 2151 2152 2153 2154 2155 2156 2157 2158 2159 2160 2161 2162 2163 2164 2165 2166 2167 2168 2169 2170 2171 2172 2173 2174 2175 2176 2177 2178 2179 2186 2187 2188 2189 2190 2191 2192 2193 2194 2195 2196 2197 2198 2199 2200 2201 2202 2203 2204 2205 2206 2207 2208 2209 2210 2220 2221 2222 2223 2224 2225 2226 2227 2228 2229 2230 2231 2232 2233 2234 2235 2236 2237 2238 2239 2240 2241 2265 2266 2267 2268 2269 2270 2271 2272 2275 2276 2277 2278 2279 2280 2281 2282 2283 2284 2285 2286 2287 2288 2289 2290 2291 2292 2293 2294 2295 2296 2297 2298 2299 2300 2301 2302 2303 2307 2308 2309 2310 2311 2312 2313 2314 2315 2316 2317 2318 2319 2320 2321 2322 2323 2324 2325 2326 2327 2328 2329 2330 2331 2332 2333 2334 2339 2340 2341 2342 2343 2344 2345 2346 2347 2348 2349 2350 2351 2352 2353 2354 2355 2356 2357 2358 2359 2360 2361 2362 2363 2364 2365 2367 2368 2369 2370 2371 2372 2373 2374 2375 2376 2377 2378 2379 2380 2381 2382 2383 2384 2385 2386 2387 2388 2389 2390 2391 2392 2393 2394 2395 2396 2410 2411 2412 2413 2414 2415 2416 2417 2418 2419 2420 2421 2422 2423 2424 2425 2426 2427 2452 2453 2454 2455 2456 2457 2458 2468 2469 2470 2471 2472 2473 2474 2475 2476 2477 2478 2479 2480 2481 2482 2483 2484 2485 2486 2487 2488 2489 2493 2494 2495 2496 2497 2498 2499 2500 2501 2502 2503 2504 2505 2506 2507 2508 2509 2510 2511 2512 2513 2514 2515 2516 2517 2518 2519 2520 2533 2534 2535 2536 2537 2538 2539 2540 2541 2542 2543 2544 2545 2546 2547 2548 2549 2550 2551 2554 2555 2556 2557 2558 2559 2560 2561 2562 2563 2564 2565 2566 2567 2568 2569 2570 2571 2572 2573 2574 2575 2576 2577 2578 2579 2580 2581 2582 2586 2587 2588 2589 2590 2591 2592 2593 2594 2595 2596 2597 2598 2599 2600 2601 2602 2603 2604 2605 2606 2607 2608 2609 2610 2611 2612 2613 2640 2641 2642 2643 2644 2652 2653 2654 2655 2656 2657 2658 2659 2660 2661 2662 2663 2664 2665 2666 2667 2668 2669 2670 2671 2672 2673 2674 2675 2701 2702 2703 2704 2705 2706 2709 2710 2711 2712 2713 2714 2715 2716 2717 2718 2719 2720 2721 2722 2723 2724 2725 2726 2727 2728 2729 2730 2731 2732 2733 2734 2735 2736 2737 2740 2741 2742 2743 2744 2745 2746 2747 2748 2749 2750 2751 2752 2753 2754 2755 2756 2757 2758 2759 2760 2761 2762 2763 2764 2765 2766 2767 2768 2795 2796 2797 2798 2799 2816 2817 2818 2819 2820 2821 2822 2823 2824 2825 2826 2827 2828 2829 2830 2841 2842 2843 2844 2845 2846 2847 2848 2849 2850 2851 2852 2853 2854 2855 2856 2857 2858 2859 2860 2861 2870 2871 2872 2873 2874 2875 2876 2877 2878 2879 2880 2881 2882 2883 2884 2885 2886 2887 2888 2889 2890 2891 2892 2894 2895 2896 2897 2898 2899 2900 2901 2902 2903 2904 2905 2906 2907 2908 2909 2910 2911 2912 2913 2914 2915 2916 2917 2918 2919 2920 2921 2922 2923 2929 2930 2931 2932 2933 2934 2935 2936 2937 2938 2939 2940 2941 2942 2943 2944 2945 2946 2947 2948 2949 2950 2951 2952 2953 2954 2966 2967 2968 2969 2970 2971 2972 2973 2974 2975 2976 2977 2978 2979 2980 2981 2982 2983 2984 2985 2989 2990 2991 2992 2993 2994 2995 2996 2997 2998 2999 3000 3001 3002 3003 3004 3005 3006 3007 3008 3009 3010 3011 3012 3013 3014 3015 3016 3031 3032 3033 3034 3035 3036 3037 3038 3039 3040 3041 3042 3043 3044 3045 3046 3047 3050 3051 3052 3053 3054 3055 3056 3057 3058 3059 3060 3061 3062 3063 3064 3065 3066 3067 3068 3069 3070 3071 3072 3073 3074 3075 3076 3077 3078 3081 3082 3083 3084 3085 3086 3087 3088 3089 3090 3091 3092 3093 3094 3095 3096 3097 3098 3099 3100 3101 3102 3103 3104 3105 3106 3107 3108 3109 3111 3112 3113 3114 3115 3116 3117 3118 3119 3120 3121 3122 3123 3124 3125 3126 3127 3128 3129 3130 3131 3132 3133 3134 3135 3136 3137 3138 3139 3140 3157 3158 3159 3160 3161 3162 3163 3164 3165 3166 3167 3168 3169 3170 3171 3175 3176 3177 3178 3179 3180 3181 3182 3183 3184 3185 3186 3187 3188 3189 3190 3191 3192 3193 3194 3195 3196 3197 3198 3199 3200 3201 3202 3232 3233 3237 3238 3239 3240 3241 3242 3243 3244 3245 3246 3247 3248 3249 3250 3251 3252 3253 3254 3255 3256 3257 3258 3259 3260 3261 3262 3263 3264 3310 3311 3312 3313 3314 3315 3316 3317 3318 3319 3320 3321 3322 3323 3324 3325 3326 3329 3330 3331 3332 3333 3334 3335 3336 3337 3338 3339 3340 3341 3342 3343 3344 3345 3346 3347 3348 3349 3350 3351 3352 3353 3354 3355 3356 3357 3373 3374 3375 3376 3377 3378 3379 3380 3381 3382 3383 3384 3385 3386 3387 3388 3419 3446 3447 3448 3449 3450 3464 3465 3466 3467 3468 3469 3470 3471 3472 3473 3474 3475 3476 3477 3478 3479 3480 3481 3510 3511 3512 3517 3518 3519 3520 3521 3522 3523 3524 3525 3526 3527 3528 3529 3530 3531 3532 3533 3534 3535 3536 3537 3538 3539 3540 3541 3542 3543 3555 3556 3557 3558 3559 3560 3561 3562 3563 3564 3565 3566 3567 3568 3569 3570 3571 3572 3573 3574 3578 3579 3580 3581 3582 3583 3584 3585 3586 3587 3588 3589 3590 3591 3592 3593 3594 3595 3596 3597 3598 3599 3600 3601 3602 3603 3604 3605 3630 3631 3632 3633 3634 3635 3636 3680 3681 3682 3683 3684 3685 3686 3687 3688 3689 3690 3691 3692 3693 3694 3695 3696 3697 3698 3700 3701 3702 3703 3704 3705 3706 3707 3708 3709 3710 3711 3712 3713 3714 3715 3716 3717 3718 3719 3720 3721 3722 3723 3724 3725 3726 3727 3728 3729 3819 3820 3821 3822 3848 3849 3850 3851 3852 3853 3856 3857 3858 3859 3860 3861 3862 3863 3864 3865 3866 3867 3868 3869 3870 3871 3872 3873 3874 3875 3876 3877 3878 3879 3880 3881 3882 3883 3884 3900 3901 3902 3903 3904 3905 3906 3907 3908 3909 3910 3911 3912 3913 3914 3915 3946 3952 3953 3954 3955 3956 3957 3958 3959 3960 3961 3962 3963 3964 3965 3966 3967 3968 3969 3970 3971 3972 3973 3974 3975 3976 3977 3979 4008 4116 4145 4185 4227 4266 4295 4316 4383 4435 4462 4502 4535 4544 4585 4605 4645 4673 4728 4770 4806 4844 4879 4946 4973 5003 5022 5023 5024 5035 5036 5037 5038 5039 5040 5041 5042 5043 5044 5045 5046 5047 5048 5049 5050 5051 5052 5053 5054 5055 5056 5057 5148 5149 5150 5166 5167 5168 5169 5170 5171 5172 5173 5174 5175 5176 5177 5178 5179 5180 5181 5220 5221 5222 5223 5224 5225 5226 5227 5228 5229 5230 5231 5232 5233 5234 5235 5236 5237 5238 5239 5240 5241 5242 5243 5270 5271 5272 5273 5274 5299 5300 5301 5302 5303 5304 5305 5327 5328 5329 5330 5331 5332 5333 5334 5335 5336 5364 5365 5366 5367 5405 5406 5407 5408 5409 5410 5411 5412 5413 5414 5415 5416 5417 5418 5419 5420 5421 5422 5423 5424 5425 5426 5427 5428 5429 5442 5443 5444 5445 5446 5447 5448 5449 5450 5451 5452 5453 5454 5455 5456 5457 5458 5459 5460 5483 5484 5485 5486 5487 5488 5489 5490 5491 5501 5502 5503 5504 5505 5506 5507 5508 5509 5510 5511 5512 5513 5514 5515 5516 5517 5518 5519 5520 5521 5522 5526 5527 5528 5529 5530 5531 5532 5533 5534 5535 5536 5537 5538 5539 5540 5541 5542 5543 5544 5545 5546 5547 5548 5549 5550 5551 5552 5553 5579 5580 5581 5582 5583 5584 5587 5588 5589 5590 5591 5592 5593 5594 5595 5596 5597 5598 5599 5600 5601 5602 5603 5604 5605 5606 5607 5608 5609 5610 5611 5612 5613 5614 5615 5630 5631 5632 5633 5634 5635 5636 5637 5638 5639 5640 5641 5642 5643 5644 5645 5646 5652 5653 5654 5655 5656 5657 5658 5659 5660 5661 5662 5663 5664 5665 5666 5667 5668 5669 5670 5671 5672 5673 5674 5675 5676 5677 5701 5702 5703 5704 5705 5706 5707 5708 5739 5791 5792 5793 5794 5795 5796 5797 5798 5799 5800 5801 5813 5814 5815 5816 5817 5818 5819 5820 5821 5822 5823 5824 5825 5826 5827 5828 5829 5830 5831 5832 5846 5847 5848 5849 5850 5851 5852 5853 5854 5855 5856 5857 5858 5859 5860 5861 5862 5863 5893 5894 5925 5936 5937 5938 5939 5940 5941 5942 5943 5944 5945 5946 5947 5948 5949 5950 5951 5952 5953 5954 5955 5956 5961 5962 5963 5964 5965 5966 5967 5968 5969 5970 5971 5972 5973 5974 5975 5976 5977 5978 5979 5980 5981 5982 5983 5984 5985 5986 5987 5991 5999 6001 6006 6016 6116 6157 6214 6251 6287 6326 6337 6362 6414 6451 6467 6501 6540 6562 6617 6644 6680 6696 6741 6839 6855 6877 6910 6953 6986 7024 7042 7043 7044 7047 7051
Vehicle 0: d → 21 → 14 → 9 → 28 → 4 → 19 → 26 → 13 → 25 → 29 → 15 → 11 → 0 → 6 → 12 → 20 → 18 → d, (requests = [4])
Vehicle 1: d → 3 → 10 → 7 → 17 → 21 → 14 → 9 → 28 → 4 → 19 → 26 → 13 → 25 → 15 → 6 → 12 → 20 → d, (requests = [0, 1, 2, 3])
Vehicle 2: d → 18 → 16 → 30 → 20 → 12 → 6 → 0 → 15 → 29 → 25 → 13 → 26 → 19 → 4 → 24 → 9 → 14 → 21 → 8 → 17 → 7 → 10 → 3 → 27 → 22 → d, (requests = [5, 6, 7, 11])
======== PPDSP OBJECTIVE ========
Profit    = 62200
Cost      = 26815
Objective = 35385
=================================
  [Time Manager] Step 12 consumed 61.16s. Total Consumed: 672.06s.
  [Info] Saved 1315 core assumption literals to p4_A-n32-k5_r14v3k2.wcnf.asm

[13/60] Building & Solving: R=15, V=3, K=2
  [Info] Generating MaxSAT Formulation...
[SBC] Added 0 clauses.
[rc2] Generating instance: p4_A-n32-k5_r15v3k2.wcnf ...
[UWrMaxSAT] meta exported to p4_A-n32-k5_r15v3k2.meta
  [Time Manager] Global Remaining Budget: 2927.94s | Future Weight Sum: 48.0
  [Time Manager] Recalibrated Budget for this step: 61.00s
  [Info] Injected Assumption file: p4_A-n32-k5_r14v3k2.wcnf.asm
[UWrMaxSAT] Running command:
  stdbuf -oL uwrmaxsat -no-bin -no-sat -no-par -no-scip -ppdsp-time=60 -ppdsp-lastY=6000 -ppdsp=p4_A-n32-k5_r15v3k2.meta -ppdsp-assume=p4_A-n32-k5_r14v3k2.wcnf.asm p4_A-n32-k5_r15v3k2.wcnf | tee p4_A-n32-k5_r15v3k2.wcnf.out
Vehicle 0: d → 21 → 14 → 9 → 28 → 4 → 19 → 26 → 13 → 25 → 29 → 15 → 11 → 0 → 6 → 12 → 20 → 18 → d, (requests = [4])
Vehicle 1: d → 3 → 10 → 7 → 17 → 21 → 14 → 9 → 28 → 4 → 19 → 26 → 13 → 25 → 15 → 6 → 12 → 20 → d, (requests = [0, 1, 2, 3, 14])
Vehicle 2: d → 18 → 16 → 30 → 20 → 12 → 6 → 0 → 15 → 29 → 25 → 13 → 26 → 19 → 4 → 24 → 9 → 14 → 21 → 8 → 17 → 7 → 10 → 3 → 27 → 22 → d, (requests = [5, 6, 7, 11])
======== PPDSP OBJECTIVE ========
Profit    = 67818
Cost      = 26815
Objective = 41003
=================================
  [Time Manager] Step 13 consumed 60.22s. Total Consumed: 732.28s.
  [Info] Saved 1512 core assumption literals to p4_A-n32-k5_r15v3k2.wcnf.asm

[14/60] Building & Solving: R=16, V=3, K=2
  [Info] Generating MaxSAT Formulation...
[SBC] Added 0 clauses.
[rc2] Generating instance: p4_A-n32-k5_r16v3k2.wcnf ...
[UWrMaxSAT] meta exported to p4_A-n32-k5_r16v3k2.meta
  [Time Manager] Global Remaining Budget: 2867.72s | Future Weight Sum: 47.0
  [Time Manager] Recalibrated Budget for this step: 61.02s
  [Info] Injected Assumption file: p4_A-n32-k5_r15v3k2.wcnf.asm
[UWrMaxSAT] Running command:
  stdbuf -oL uwrmaxsat -no-bin -no-sat -no-par -no-scip -ppdsp-time=61 -ppdsp-lastY=6003 -ppdsp=p4_A-n32-k5_r16v3k2.meta -ppdsp-assume=p4_A-n32-k5_r15v3k2.wcnf.asm p4_A-n32-k5_r16v3k2.wcnf | tee p4_A-n32-k5_r16v3k2.wcnf.out
Vehicle 0: d → 21 → 14 → 9 → 28 → 4 → 19 → 26 → 13 → 25 → 29 → 15 → 11 → 0 → 6 → 12 → 20 → 18 → d, (requests = [4, 15])
Vehicle 1: d → 3 → 10 → 7 → 17 → 21 → 14 → 9 → 28 → 4 → 19 → 26 → 13 → 25 → 15 → 6 → 12 → 20 → d, (requests = [0, 1, 2, 3, 14])
Vehicle 2: d → 18 → 16 → 30 → 20 → 12 → 6 → 0 → 15 → 29 → 25 → 13 → 26 → 19 → 4 → 24 → 9 → 14 → 21 → 8 → 17 → 7 → 10 → 3 → 27 → 22 → d, (requests = [5, 6, 7, 11])
======== PPDSP OBJECTIVE ========
Profit    = 79342
Cost      = 26815
Objective = 52527
=================================
  [Time Manager] Step 14 consumed 61.17s. Total Consumed: 793.45s.
  [Info] Saved 1575 core assumption literals to p4_A-n32-k5_r16v3k2.wcnf.asm

[15/60] Building & Solving: R=17, V=3, K=2
  [Info] Generating MaxSAT Formulation...
[SBC] Added 0 clauses.
[rc2] Generating instance: p4_A-n32-k5_r17v3k2.wcnf ...
[UWrMaxSAT] meta exported to p4_A-n32-k5_r17v3k2.meta
  [Time Manager] Global Remaining Budget: 2806.55s | Future Weight Sum: 46.0
  [Time Manager] Recalibrated Budget for this step: 61.01s
  [Info] Injected Assumption file: p4_A-n32-k5_r16v3k2.wcnf.asm
[UWrMaxSAT] Running command:
  stdbuf -oL uwrmaxsat -no-bin -no-sat -no-par -no-scip -ppdsp-time=61 -ppdsp-lastY=6006 -ppdsp=p4_A-n32-k5_r17v3k2.meta -ppdsp-assume=p4_A-n32-k5_r16v3k2.wcnf.asm p4_A-n32-k5_r17v3k2.wcnf | tee p4_A-n32-k5_r17v3k2.wcnf.out
Vehicle 0: d → 21 → 14 → 9 → 28 → 4 → 19 → 26 → 13 → 25 → 29 → 15 → 11 → 0 → 6 → 12 → 20 → 18 → d, (requests = [4, 15])
Vehicle 1: d → 3 → 10 → 7 → 17 → 21 → 14 → 9 → 28 → 4 → 19 → 26 → 13 → 25 → 15 → 6 → 12 → 20 → d, (requests = [0, 1, 2, 3, 14])
Vehicle 2: d → 18 → 16 → 30 → 20 → 12 → 6 → 0 → 15 → 29 → 25 → 13 → 26 → 19 → 4 → 24 → 9 → 14 → 21 → 8 → 17 → 7 → 10 → 3 → 27 → 22 → d, (requests = [5, 6, 7, 11, 16])
======== PPDSP OBJECTIVE ========
Profit    = 86431
Cost      = 26815
Objective = 59616
=================================
  [Time Manager] Step 15 consumed 61.19s. Total Consumed: 854.64s.
  [Info] Saved 1597 core assumption literals to p4_A-n32-k5_r17v3k2.wcnf.asm

[16/60] Building & Solving: R=18, V=3, K=2
  [Info] Generating MaxSAT Formulation...
[SBC] Added 0 clauses.
[rc2] Generating instance: p4_A-n32-k5_r18v3k2.wcnf ...
[UWrMaxSAT] meta exported to p4_A-n32-k5_r18v3k2.meta
  [Time Manager] Global Remaining Budget: 2745.36s | Future Weight Sum: 45.0
  [Time Manager] Recalibrated Budget for this step: 61.01s
  [Info] Injected Assumption file: p4_A-n32-k5_r17v3k2.wcnf.asm
[UWrMaxSAT] Running command:
  stdbuf -oL uwrmaxsat -no-bin -no-sat -no-par -no-scip -ppdsp-time=61 -ppdsp-lastY=6009 -ppdsp=p4_A-n32-k5_r18v3k2.meta -ppdsp-assume=p4_A-n32-k5_r17v3k2.wcnf.asm p4_A-n32-k5_r18v3k2.wcnf | tee p4_A-n32-k5_r18v3k2.wcnf.out
Vehicle 0: d → 21 → 14 → 9 → 28 → 4 → 19 → 26 → 13 → 25 → 29 → 15 → 11 → 0 → 6 → 12 → 20 → 18 → d, (requests = [4, 15])
Vehicle 1: d → 3 → 10 → 7 → 17 → 21 → 14 → 9 → 28 → 4 → 19 → 26 → 13 → 25 → 15 → 6 → 12 → 20 → d, (requests = [0, 1, 2, 3, 14])
Vehicle 2: d → 18 → 16 → 30 → 20 → 12 → 6 → 0 → 15 → 29 → 25 → 13 → 26 → 19 → 4 → 24 → 9 → 14 → 21 → 8 → 17 → 7 → 10 → 3 → 27 → 22 → d, (requests = [5, 6, 7, 11, 16])
======== PPDSP OBJECTIVE ========
Profit    = 86431
Cost      = 26815
Objective = 59616
=================================
  [Time Manager] Step 16 consumed 61.17s. Total Consumed: 915.82s.
  [Info] Saved 1597 core assumption literals to p4_A-n32-k5_r18v3k2.wcnf.asm

[17/60] Building & Solving: R=18, V=4, K=2
  [Info] Generating MaxSAT Formulation...
[SBC] Added 18 clauses.
[rc2] Generating instance: p4_A-n32-k5_r18v4k2.wcnf ...
[UWrMaxSAT] meta exported to p4_A-n32-k5_r18v4k2.meta
  [Time Manager] Global Remaining Budget: 2684.18s | Future Weight Sum: 44.0
  [Time Manager] Recalibrated Budget for this step: 61.00s
  [Info] Injected Assumption file: p4_A-n32-k5_r18v3k2.wcnf.asm
[UWrMaxSAT] Running command:
  stdbuf -oL uwrmaxsat -no-bin -no-sat -no-par -no-scip -ppdsp-time=61 -ppdsp-lastY=7051 -ppdsp=p4_A-n32-k5_r18v4k2.meta -ppdsp-assume=p4_A-n32-k5_r18v3k2.wcnf.asm p4_A-n32-k5_r18v4k2.wcnf | tee p4_A-n32-k5_r18v4k2.wcnf.out
Vehicle 0: d → 21 → 14 → 9 → 28 → 4 → 19 → 26 → 13 → 25 → 29 → 15 → 11 → 0 → 6 → 12 → 20 → 18 → d, (requests = [4, 15])
Vehicle 1: d → 3 → 10 → 7 → 17 → 21 → 14 → 9 → 28 → 4 → 19 → 26 → 13 → 25 → 15 → 6 → 12 → 20 → d, (requests = [0, 1, 2, 3, 14])
Vehicle 2: d → 18 → 16 → 30 → 20 → 12 → 6 → 0 → 15 → 29 → 25 → 13 → 26 → 19 → 4 → 24 → 9 → 14 → 21 → 8 → 17 → 7 → 10 → 3 → 27 → 22 → d, (requests = [5, 6, 7, 11, 16])
Vehicle 3: d → 22 → 27 → 3 → 10 → 7 → 17 → 8 → 21 → 14 → 9 → 28 → 4 → 19 → 26 → 13 → 25 → 29 → 15 → 11 → 0 → 6 → 12 → 20 → 30 → 16 → 18 → d, (requests = [8, 9, 10, 13, 17])
======== PPDSP OBJECTIVE ========
Profit    = 118247
c Using COMiniSatPS SAT solver by Chanseok Oh (2016)
[UWrMaxSAT] meta file: p4_A-n32-k5_r19v4k2.meta
[UWrMaxSAT] meta loaded OK.
[UWrMaxSAT] Loaded 1655 assumption literals from p4_A-n32-k5_r18v4k2.wcnf.asm
c Parsing MaxSAT file...
c Start timer (tic-tac ...)
c c Found solution: 438649
c ============================[  Problem Statistics ]============================
c |  Number of variables:          4380                                         |
c |  Number of clauses:           20948 (incl.          655 soft in queue)      |
c ===============================================================================
c [Elapsed time] 0.03 s
c Found solution: 433119
c [UWrMaxSAT] Timeout reached.
c [1mOptimal solution: 433119[0m
c _______________________________________________________________________________
c 
c restarts               : 26825310
c conflicts              : 41             (1 /sec)
c decisions              : 716            (0.00 % random) (13 /sec)
c propagations           : 47977          (869 /sec)
c conflict literals      : 47             (0.00 % deleted)
c =======================[ UWrMaxSat resources usage ]===========================
c Memory used            : 29.00 MB
c CPU time               : 55.1897 s
c _______________________________________________________________________________
o 433119
s OPTIMUM FOUND
v 7 148 205 317 353 405 442 458 492 608 635 659 687 830 846 901 944 1014 1131 1172 1229 1266 1341 1352 1429 1466 1482 1511 1590 1659 1696 1711 1840 1870 1925 2020 2050 2052 2054 2056 2070 2071 2072 2073 2074 2075 2076 2077 2078 2079 2080 2081 2082 2083 2084 2085 2086 2088 2089 2090 2091 2092 2093 2094 2095 2096 2097 2098 2099 2100 2101 2102 2103 2104 2105 2106 2107 2108 2109 2110 2111 2112 2113 2114 2115 2116 2117 2119 2120 2121 2122 2123 2124 2125 2126 2127 2128 2129 2130 2131 2132 2133 2134 2135 2136 2137 2138 2139 2140 2141 2142 2143 2144 2145 2146 2147 2148 2151 2152 2153 2154 2155 2156 2157 2158 2159 2160 2161 2162 2163 2164 2165 2166 2167 2168 2169 2170 2171 2172 2173 2174 2175 2176 2177 2178 2179 2186 2187 2188 2189 2190 2191 2192 2193 2194 2195 2196 2197 2198 2199 2200 2201 2202 2203 2204 2205 2206 2207 2208 2209 2210 2220 2221 2222 2223 2224 2225 2226 2227 2228 2229 2230 2231 2232 2233 2234 2235 2236 2237 2238 2239 2240 2241 2265 2266 2267 2268 2269 2270 2271 2272 2275 2276 2277 2278 2279 2280 2281 2282 2283 2284 2285 2286 2287 2288 2289 2290 2291 2292 2293 2294 2295 2296 2297 2298 2299 2300 2301 2302 2303 2307 2308 2309 2310 2311 2312 2313 2314 2315 2316 2317 2318 2319 2320 2321 2322 2323 2324 2325 2326 2327 2328 2329 2330 2331 2332 2333 2334 2339 2340 2341 2342 2343 2344 2345 2346 2347 2348 2349 2350 2351 2352 2353 2354 2355 2356 2357 2358 2359 2360 2361 2362 2363 2364 2365 2367 2368 2369 2370 2371 2372 2373 2374 2375 2376 2377 2378 2379 2380 2381 2382 2383 2384 2385 2386 2387 2388 2389 2390 2391 2392 2393 2394 2395 2396 2410 2411 2412 2413 2414 2415 2416 2417 2418 2419 2420 2421 2422 2423 2424 2425 2426 2427 2452 2453 2454 2455 2456 2457 2458 2468 2469 2470 2471 2472 2473 2474 2475 2476 2477 2478 2479 2480 2481 2482 2483 2484 2485 2486 2487 2488 2489 2493 2494 2495 2496 2497 2498 2499 2500 2501 2502 2503 2504 2505 2506 2507 2508 2509 2510 2511 2512 2513 2514 2515 2516 2517 2518 2519 2520 2533 2534 2535 2536 2537 2538 2539 2540 2541 2542 2543 2544 2545 2546 2547 2548 2549 2550 2551 2554 2555 2556 2557 2558 2559 2560 2561 2562 2563 2564 2565 2566 2567 2568 2569 2570 2571 2572 2573 2574 2575 2576 2577 2578 2579 2580 2581 2582 2586 2587 2588 2589 2590 2591 2592 2593 2594 2595 2596 2597 2598 2599 2600 2601 2602 2603 2604 2605 2606 2607 2608 2609 2610 2611 2612 2613 2640 2641 2642 2643 2644 2652 2653 2654 2655 2656 2657 2658 2659 2660 2661 2662 2663 2664 2665 2666 2667 2668 2669 2670 2671 2672 2673 2674 2675 2701 2702 2703 2704 2705 2706 2709 2710 2711 2712 2713 2714 2715 2716 2717 2718 2719 2720 2721 2722 2723 2724 2725 2726 2727 2728 2729 2730 2731 2732 2733 2734 2735 2736 2737 2740 2741 2742 2743 2744 2745 2746 2747 2748 2749 2750 2751 2752 2753 2754 2755 2756 2757 2758 2759 2760 2761 2762 2763 2764 2765 2766 2767 2768 2795 2796 2797 2798 2799 2816 2817 2818 2819 2820 2821 2822 2823 2824 2825 2826 2827 2828 2829 2830 2841 2842 2843 2844 2845 2846 2847 2848 2849 2850 2851 2852 2853 2854 2855 2856 2857 2858 2859 2860 2861 2870 2871 2872 2873 2874 2875 2876 2877 2878 2879 2880 2881 2882 2883 2884 2885 2886 2887 2888 2889 2890 2891 2892 2894 2895 2896 2897 2898 2899 2900 2901 2902 2903 2904 2905 2906 2907 2908 2909 2910 2911 2912 2913 2914 2915 2916 2917 2918 2919 2920 2921 2922 2923 2929 2930 2931 2932 2933 2934 2935 2936 2937 2938 2939 2940 2941 2942 2943 2944 2945 2946 2947 2948 2949 2950 2951 2952 2953 2954 2966 2967 2968 2969 2970 2971 2972 2973 2974 2975 2976 2977 2978 2979 2980 2981 2982 2983 2984 2985 2989 2990 2991 2992 2993 2994 2995 2996 2997 2998 2999 3000 3001 3002 3003 3004 3005 3006 3007 3008 3009 3010 3011 3012 3013 3014 3015 3016 3031 3032 3033 3034 3035 3036 3037 3038 3039 3040 3041 3042 3043 3044 3045 3046 3047 3050 3051 3052 3053 3054 3055 3056 3057 3058 3059 3060 3061 3062 3063 3064 3065 3066 3067 3068 3069 3070 3071 3072 3073 3074 3075 3076 3077 3078 3081 3082 3083 3084 3085 3086 3087 3088 3089 3090 3091 3092 3093 3094 3095 3096 3097 3098 3099 3100 3101 3102 3103 3104 3105 3106 3107 3108 3109 3111 3112 3113 3114 3115 3116 3117 3118 3119 3120 3121 3122 3123 3124 3125 3126 3127 3128 3129 3130 3131 3132 3133 3134 3135 3136 3137 3138 3139 3140 3157 3158 3159 3160 3161 3162 3163 3164 3165 3166 3167 3168 3169 3170 3171 3175 3176 3177 3178 3179 3180 3181 3182 3183 3184 3185 3186 3187 3188 3189 3190 3191 3192 3193 3194 3195 3196 3197 3198 3199 3200 3201 3202 3232 3233 3237 3238 3239 3240 3241 3242 3243 3244 3245 3246 3247 3248 3249 3250 3251 3252 3253 3254 3255 3256 3257 3258 3259 3260 3261 3262 3263 3264 3310 3311 3312 3313 3314 3315 3316 3317 3318 3319 3320 3321 3322 3323 3324 3325 3326 3329 3330 3331 3332 3333 3334 3335 3336 3337 3338 3339 3340 3341 3342 3343 3344 3345 3346 3347 3348 3349 3350 3351 3352 3353 3354 3355 3356 3357 3373 3374 3375 3376 3377 3378 3379 3380 3381 3382 3383 3384 3385 3386 3387 3388 3419 3446 3447 3448 3449 3450 3464 3465 3466 3467 3468 3469 3470 3471 3472 3473 3474 3475 3476 3477 3478 3479 3480 3481 3510 3511 3512 3517 3518 3519 3520 3521 3522 3523 3524 3525 3526 3527 3528 3529 3530 3531 3532 3533 3534 3535 3536 3537 3538 3539 3540 3541 3542 3543 3555 3556 3557 3558 3559 3560 3561 3562 3563 3564 3565 3566 3567 3568 3569 3570 3571 3572 3573 3574 3578 3579 3580 3581 3582 3583 3584 3585 3586 3587 3588 3589 3590 3591 3592 3593 3594 3595 3596 3597 3598 3599 3600 3601 3602 3603 3604 3605 3630 3631 3632 3633 3634 3635 3636 3680 3681 3682 3683 3684 3685 3686 3687 3688 3689 3690 3691 3692 3693 3694 3695 3696 3697 3698 3700 3701 3702 3703 3704 3705 3706 3707 3708 3709 3710 3711 3712 3713 3714 3715 3716 3717 3718 3719 3720 3721 3722 3723 3724 3725 3726 3727 3728 3729 3819 3820 3821 3822 3848 3849 3850 3851 3852 3853 3856 3857 3858 3859 3860 3861 3862 3863 3864 3865 3866 3867 3868 3869 3870 3871 3872 3873 3874 3875 3876 3877 3878 3879 3880 3881 3882 3883 3884 3900 3901 3902 3903 3904 3905 3906 3907 3908 3909 3910 3911 3912 3913 3914 3915 3946 3952 3953 3954 3955 3956 3957 3958 3959 3960 3961 3962 3963 3964 3965 3966 3967 3968 3969 3970 3971 3972 3973 3974 3975 3976 3977 3979 4008 4116 4145 4185 4227 4266 4295 4316 4383 4435 4462 4502 4535 4544 4585 4605 4645 4673 4728 4770 4806 4844 4879 4946 4973 5003 5022 5023 5024 5035 5036 5037 5038 5039 5040 5041 5042 5043 5044 5045 5046 5047 5048 5049 5050 5051 5052 5053 5054 5055 5056 5057 5148 5149 5150 5166 5167 5168 5169 5170 5171 5172 5173 5174 5175 5176 5177 5178 5179 5180 5181 5220 5221 5222 5223 5224 5225 5226 5227 5228 5229 5230 5231 5232 5233 5234 5235 5236 5237 5238 5239 5240 5241 5242 5243 5270 5271 5272 5273 5274 5299 5300 5301 5302 5303 5304 5305 5327 5328 5329 5330 5331 5332 5333 5334 5335 5336 5364 5365 5366 5367 5405 5406 5407 5408 5409 5410 5411 5412 5413 5414 5415 5416 5417 5418 5419 5420 5421 5422 5423 5424 5425 5426 5427 5428 5429 5442 5443 5444 5445 5446 5447 5448 5449 5450 5451 5452 5453 5454 5455 5456 5457 5458 5459 5460 5483 5484 5485 5486 5487 5488 5489 5490 5491 5501 5502 5503 5504 5505 5506 5507 5508 5509 5510 5511 5512 5513 5514 5515 5516 5517 5518 5519 5520 5521 5522 5526 5527 5528 5529 5530 5531 5532 5533 5534 5535 5536 5537 5538 5539 5540 5541 5542 5543 5544 5545 5546 5547 5548 5549 5550 5551 5552 5553 5579 5580 5581 5582 5583 5584 5587 5588 5589 5590 5591 5592 5593 5594 5595 5596 5597 5598 5599 5600 5601 5602 5603 5604 5605 5606 5607 5608 5609 5610 5611 5612 5613 5614 5615 5630 5631 5632 5633 5634 5635 5636 5637 5638 5639 5640 5641 5642 5643 5644 5645 5646 5652 5653 5654 5655 5656 5657 5658 5659 5660 5661 5662 5663 5664 5665 5666 5667 5668 5669 5670 5671 5672 5673 5674 5675 5676 5677 5701 5702 5703 5704 5705 5706 5707 5708 5739 5791 5792 5793 5794 5795 5796 5797 5798 5799 5800 5801 5813 5814 5815 5816 5817 5818 5819 5820 5821 5822 5823 5824 5825 5826 5827 5828 5829 5830 5831 5832 5846 5847 5848 5849 5850 5851 5852 5853 5854 5855 5856 5857 5858 5859 5860 5861 5862 5863 5893 5894 5925 5936 5937 5938 5939 5940 5941 5942 5943 5944 5945 5946 5947 5948 5949 5950 5951 5952 5953 5954 5955 5956 5961 5962 5963 5964 5965 5966 5967 5968 5969 5970 5971 5972 5973 5974 5975 5976 5977 5978 5979 5980 5981 5982 5983 5984 5985 5986 5987 5991 5999 6001 6006 6016 6116 6157 6214 6251 6287 6326 6337 6362 6414 6451 6467 6501 6540 6562 6617 6644 6680 6696 6741 6839 6855 6877 6910 6953 6986 7024 7042 7043 7044 7047 7051 7076 7077 7078 7079 7080 7081 7152 7153 7154 7155 7156 7157 7158 7159 7160 7161 7162 7163 7164 7165 7166 7167 7168 7169 7170 7171 7172 7173 7174 7192 7193 7194 7195 7196 7197 7198 7199 7200 7201 7202 7203 7204 7205 7263 7264 7265 7266 7267 7278 7279 7280 7281 7282 7283 7284 7285 7286 7287 7288 7289 7290 7291 7292 7293 7294 7295 7296 7297 7298 7311 7312 7313 7314 7315 7316 7317 7318 7319 7320 7321 7322 7323 7324 7325 7326 7327 7328 7329 7345 7346 7347 7348 7349 7350 7351 7352 7353 7354 7355 7356 7357 7358 7359 7360 7370 7371 7372 7373 7374 7375 7376 7377 7378 7379 7380 7381 7382 7383 7384 7385 7386 7387 7388 7389 7390 7391 7416 7417 7418 7419 7420 7421 7422 7450 7451 7452 7453 7474 7475 7476 7477 7478 7479 7480 7481 7482 7483 7484 7499 7500 7501 7502 7503 7504 7505 7506 7507 7508 7509 7510 7511 7512 7513 7514 7515 7539 7540 7541 7542 7543 7544 7545 7546 7577 7589 7590 7591 7592 7593 7594 7595 7596 7597 7598 7599 7600 7601 7602 7603 7604 7605 7606 7607 7608 7658 7659 7660 7661 7662 7663 7664 7665 7666 7667 7668 7669 7670 7699 7700 7701 7715 7716 7717 7718 7719 7720 7721 7722 7723 7724 7725 7726 7727 7728 7729 7730 7731 7732 7739 7740 7741 7742 7743 7744 7745 7746 7747 7748 7749 7750 7751 7752 7753 7754 7755 7756 7757 7758 7759 7760 7761 7762 7763 7847 7848 7849 7850 7851 7852 7853 7854 7855 7856 7876 7877 7878 7879 7880 7881 7882 7883 7884 7885 7886 7887 7895 7896 7897 7898 7899 7900 7901 7902 7903 7904 7905 7906 7907 7908 7909 7910 7911 7912 7913 7914 7915 7916 7917 7918 7935 7936 7937 7938 7939 7940 7941 7942 7943 7944 7945 7946 7947 7948 7949 7972 7973 7974 7975 7976 7977 7978 7979 7980 8010 8011 8016
c Using COMiniSatPS SAT solver by Chanseok Oh (2016)
[UWrMaxSAT] meta file: p4_A-n32-k5_r20v4k2.meta
[UWrMaxSAT] meta loaded OK.
[UWrMaxSAT] Loaded 1981 assumption literals from p4_A-n32-k5_r19v4k2.wcnf.asm
c Parsing MaxSAT file...
c Start timer (tic-tac ...)
c c Found solution: 459639
c ============================[  Problem Statistics ]============================
c |  Number of variables:          4384                                         |
c |  Number of clauses:           21091 (incl.          659 soft in queue)      |
c ===============================================================================
c [UWrMaxSAT] Timeout reached inside slice loop. Stopping.
c *** Interrupted ***
c [1mSATISFIABLE: Best solution found: 459639[0m
v 7 148 205 317 353 405 442 458 492 608 635 659 687 830 846 901 944 1014 1131 1172 1229 1266 1341 1352 1429 1466 1482 1511 1590 1659 1696 1711 1840 1870 1925 2020 2050 2052 2054 2056 2070 2071 2072 2073 2074 2075 2076 2077 2078 2079 2080 2081 2082 2083 2084 2085 2086 2088 2089 2090 2091 2092 2093 2094 2095 2096 2097 2098 2099 2100 2101 2102 2103 2104 2105 2106 2107 2108 2109 2110 2111 2112 2113 2114 2115 2116 2117 2119 2120 2121 2122 2123 2124 2125 2126 2127 2128 2129 2130 2131 2132 2133 2134 2135 2136 2137 2138 2139 2140 2141 2142 2143 2144 2145 2146 2147 2148 2151 2152 2153 2154 2155 2156 2157 2158 2159 2160 2161 2162 2163 2164 2165 2166 2167 2168 2169 2170 2171 2172 2173 2174 2175 2176 2177 2178 2179 2186 2187 2188 2189 2190 2191 2192 2193 2194 2195 2196 2197 2198 2199 2200 2201 2202 2203 2204 2205 2206 2207 2208 2209 2210 2220 2221 2222 2223 2224 2225 2226 2227 2228 2229 2230 2231 2232 2233 2234 2235 2236 2237 2238 2239 2240 2241 2265 2266 2267 2268 2269 2270 2271 2272 2275 2276 2277 2278 2279 2280 2281 2282 2283 2284 2285 2286 2287 2288 2289 2290 2291 2292 2293 2294 2295 2296 2297 2298 2299 2300 2301 2302 2303 2307 2308 2309 2310 2311 2312 2313 2314 2315 2316 2317 2318 2319 2320 2321 2322 2323 2324 2325 2326 2327 2328 2329 2330 2331 2332 2333 2334 2339 2340 2341 2342 2343 2344 2345 2346 2347 2348 2349 2350 2351 2352 2353 2354 2355 2356 2357 2358 2359 2360 2361 2362 2363 2364 2365 2367 2368 2369 2370 2371 2372 2373 2374 2375 2376 2377 2378 2379 2380 2381 2382 2383 2384 2385 2386 2387 2388 2389 2390 2391 2392 2393 2394 2395 2396 2410 2411 2412 2413 2414 2415 2416 2417 2418 2419 2420 2421 2422 2423 2424 2425 2426 2427 2452 2453 2454 2455 2456 2457 2458 2468 2469 2470 2471 2472 2473 2474 2475 2476 2477 2478 2479 2480 2481 2482 2483 2484 2485 2486 2487 2488 2489 2493 2494 2495 2496 2497 2498 2499 2500 2501 2502 2503 2504 2505 2506 2507 2508 2509 2510 2511 2512 2513 2514 2515 2516 2517 2518 2519 2520 2533 2534 2535 2536 2537 2538 2539 2540 2541 2542 2543 2544 2545 2546 2547 2548 2549 2550 2551 2554 2555 2556 2557 2558 2559 2560 2561 2562 2563 2564 2565 2566 2567 2568 2569 2570 2571 2572 2573 2574 2575 2576 2577 2578 2579 2580 2581 2582 2586 2587 2588 2589 2590 2591 2592 2593 2594 2595 2596 2597 2598 2599 2600 2601 2602 2603 2604 2605 2606 2607 2608 2609 2610 2611 2612 2613 2640 2641 2642 2643 2644 2652 2653 2654 2655 2656 2657 2658 2659 2660 2661 2662 2663 2664 2665 2666 2667 2668 2669 2670 2671 2672 2673 2674 2675 2701 2702 2703 2704 2705 2706 2709 2710 2711 2712 2713 2714 2715 2716 2717 2718 2719 2720 2721 2722 2723 2724 2725 2726 2727 2728 2729 2730 2731 2732 2733 2734 2735 2736 2737 2740 2741 2742 2743 2744 2745 2746 2747 2748 2749 2750 2751 2752 2753 2754 2755 2756 2757 2758 2759 2760 2761 2762 2763 2764 2765 2766 2767 2768 2795 2796 2797 2798 2799 2816 2817 2818 2819 2820 2821 2822 2823 2824 2825 2826 2827 2828 2829 2830 2841 2842 2843 2844 2845 2846 2847 2848 2849 2850 2851 2852 2853 2854 2855 2856 2857 2858 2859 2860 2861 2870 2871 2872 2873 2874 2875 2876 2877 2878 2879 2880 2881 2882 2883 2884 2885 2886 2887 2888 2889 2890 2891 2892 2894 2895 2896 2897 2898 2899 2900 2901 2902 2903 2904 2905 2906 2907 2908 2909 2910 2911 2912 2913 2914 2915 2916 2917 2918 2919 2920 2921 2922 2923 2929 2930 2931 2932 2933 2934 2935 2936 2937 2938 2939 2940 2941 2942 2943 2944 2945 2946 2947 2948 2949 2950 2951 2952 2953 2954 2966 2967 2968 2969 2970 2971 2972 2973 2974 2975 2976 2977 2978 2979 2980 2981 2982 2983 2984 2985 2989 2990 2991 2992 2993 2994 2995 2996 2997 2998 2999 3000 3001 3002 3003 3004 3005 3006 3007 3008 3009 3010 3011 3012 3013 3014 3015 3016 3031 3032 3033 3034 3035 3036 3037 3038 3039 3040 3041 3042 3043 3044 3045 3046 3047 3050 3051 3052 3053 3054 3055 3056 3057 3058 3059 3060 3061 3062 3063 3064 3065 3066 3067 3068 3069 3070 3071 3072 3073 3074 3075 3076 3077 3078 3081 3082 3083 3084 3085 3086 3087 3088 3089 3090 3091 3092 3093 3094 3095 3096 3097 3098 3099 3100 3101 3102 3103 3104 3105 3106 3107 3108 3109 3111 3112 3113 3114 3115 3116 3117 3118 3119 3120 3121 3122 3123 3124 3125 3126 3127 3128 3129 3130 3131 3132 3133 3134 3135 3136 3137 3138 3139 3140 3157 3158 3159 3160 3161 3162 3163 3164 3165 3166 3167 3168 3169 3170 3171 3175 3176 3177 3178 3179 3180 3181 3182 3183 3184 3185 3186 3187 3188 3189 3190 3191 3192 3193 3194 3195 3196 3197 3198 3199 3200 3201 3202 3232 3233 3237 3238 3239 3240 3241 3242 3243 3244 3245 3246 3247 3248 3249 3250 3251 3252 3253 3254 3255 3256 3257 3258 3259 3260 3261 3262 3263 3264 3310 3311 3312 3313 3314 3315 3316 3317 3318 3319 3320 3321 3322 3323 3324 3325 3326 3329 3330 3331 3332 3333 3334 3335 3336 3337 3338 3339 3340 3341 3342 3343 3344 3345 3346 3347 3348 3349 3350 3351 3352 3353 3354 3355 3356 3357 3373 3374 3375 3376 3377 3378 3379 3380 3381 3382 3383 3384 3385 3386 3387 3388 3419 3446 3447 3448 3449 3450 3464 3465 3466 3467 3468 3469 3470 3471 3472 3473 3474 3475 3476 3477 3478 3479 3480 3481 3510 3511 3512 3517 3518 3519 3520 3521 3522 3523 3524 3525 3526 3527 3528 3529 3530 3531 3532 3533 3534 3535 3536 3537 3538 3539 3540 3541 3542 3543 3555 3556 3557 3558 3559 3560 3561 3562 3563 3564 3565 3566 3567 3568 3569 3570 3571 3572 3573 3574 3578 3579 3580 3581 3582 3583 3584 3585 3586 3587 3588 3589 3590 3591 3592 3593 3594 3595 3596 3597 3598 3599 3600 3601 3602 3603 3604 3605 3630 3631 3632 3633 3634 3635 3636 3680 3681 3682 3683 3684 3685 3686 3687 3688 3689 3690 3691 3692 3693 3694 3695 3696 3697 3698 3700 3701 3702 3703 3704 3705 3706 3707 3708 3709 3710 3711 3712 3713 3714 3715 3716 3717 3718 3719 3720 3721 3722 3723 3724 3725 3726 3727 3728 3729 3819 3820 3821 3822 3848 3849 3850 3851 3852 3853 3856 3857 3858 3859 3860 3861 3862 3863 3864 3865 3866 3867 3868 3869 3870 3871 3872 3873 3874 3875 3876 3877 3878 3879 3880 3881 3882 3883 3884 3900 3901 3902 3903 3904 3905 3906 3907 3908 3909 3910 3911 3912 3913 3914 3915 3946 3952 3953 3954 3955 3956 3957 3958 3959 3960 3961 3962 3963 3964 3965 3966 3967 3968 3969 3970 3971 3972 3973 3974 3975 3976 3977 3979 4008 4116 4145 4185 4227 4266 4295 4316 4383 4435 4462 4502 4535 4544 4585 4605 4645 4673 4728 4770 4806 4844 4879 4946 4973 5003 5022 5023 5024 5035 5036 5037 5038 5039 5040 5041 5042 5043 5044 5045 5046 5047 5048 5049 5050 5051 5052 5053 5054 5055 5056 5057 5148 5149 5150 5166 5167 5168 5169 5170 5171 5172 5173 5174 5175 5176 5177 5178 5179 5180 5181 5220 5221 5222 5223 5224 5225 5226 5227 5228 5229 5230 5231 5232 5233 5234 5235 5236 5237 5238 5239 5240 5241 5242 5243 5270 5271 5272 5273 5274 5299 5300 5301 5302 5303 5304 5305 5327 5328 5329 5330 5331 5332 5333 5334 5335 5336 5364 5365 5366 5367 5405 5406 5407 5408 5409 5410 5411 5412 5413 5414 5415 5416 5417 5418 5419 5420 5421 5422 5423 5424 5425 5426 5427 5428 5429 5442 5443 5444 5445 5446 5447 5448 5449 5450 5451 5452 5453 5454 5455 5456 5457 5458 5459 5460 5483 5484 5485 5486 5487 5488 5489 5490 5491 5501 5502 5503 5504 5505 5506 5507 5508 5509 5510 5511 5512 5513 5514 5515 5516 5517 5518 5519 5520 5521 5522 5526 5527 5528 5529 5530 5531 5532 5533 5534 5535 5536 5537 5538 5539 5540 5541 5542 5543 5544 5545 5546 5547 5548 5549 5550 5551 5552 5553 5579 5580 5581 5582 5583 5584 5587 5588 5589 5590 5591 5592 5593 5594 5595 5596 5597 5598 5599 5600 5601 5602 5603 5604 5605 5606 5607 5608 5609 5610 5611 5612 5613 5614 5615 5630 5631 5632 5633 5634 5635 5636 5637 5638 5639 5640 5641 5642 5643 5644 5645 5646 5652 5653 5654 5655 5656 5657 5658 5659 5660 5661 5662 5663 5664 5665 5666 5667 5668 5669 5670 5671 5672 5673 5674 5675 5676 5677 5701 5702 5703 5704 5705 5706 5707 5708 5739 5791 5792 5793 5794 5795 5796 5797 5798 5799 5800 5801 5813 5814 5815 5816 5817 5818 5819 5820 5821 5822 5823 5824 5825 5826 5827 5828 5829 5830 5831 5832 5846 5847 5848 5849 5850 5851 5852 5853 5854 5855 5856 5857 5858 5859 5860 5861 5862 5863 5893 5894 5925 5936 5937 5938 5939 5940 5941 5942 5943 5944 5945 5946 5947 5948 5949 5950 5951 5952 5953 5954 5955 5956 5961 5962 5963 5964 5965 5966 5967 5968 5969 5970 5971 5972 5973 5974 5975 5976 5977 5978 5979 5980 5981 5982 5983 5984 5985 5986 5987 5991 5999 6001 6006 6016 6116 6157 6214 6251 6287 6326 6337 6362 6414 6451 6467 6501 6540 6562 6617 6644 6680 6696 6741 6839 6855 6877 6910 6953 6986 7024 7042 7043 7044 7047 7051 7076 7077 7078 7079 7080 7081 7152 7153 7154 7155 7156 7157 7158 7159 7160 7161 7162 7163 7164 7165 7166 7167 7168 7169 7170 7171 7172 7173 7174 7192 7193 7194 7195 7196 7197 7198 7199 7200 7201 7202 7203 7204 7205 7263 7264 7265 7266 7267 7278 7279 7280 7281 7282 7283 7284 7285 7286 7287 7288 7289 7290 7291 7292 7293 7294 7295 7296 7297 7298 7311 7312 7313 7314 7315 7316 7317 7318 7319 7320 7321 7322 7323 7324 7325 7326 7327 7328 7329 7345 7346 7347 7348 7349 7350 7351 7352 7353 7354 7355 7356 7357 7358 7359 7360 7370 7371 7372 7373 7374 7375 7376 7377 7378 7379 7380 7381 7382 7383 7384 7385 7386 7387 7388 7389 7390 7391 7416 7417 7418 7419 7420 7421 7422 7450 7451 7452 7453 7474 7475 7476 7477 7478 7479 7480 7481 7482 7483 7484 7499 7500 7501 7502 7503 7504 7505 7506 7507 7508 7509 7510 7511 7512 7513 7514 7515 7539 7540 7541 7542 7543 7544 7545 7546 7577 7589 7590 7591 7592 7593 7594 7595 7596 7597 7598 7599 7600 7601 7602 7603 7604 7605 7606 7607 7608 7658 7659 7660 7661 7662 7663 7664 7665 7666 7667 7668 7669 7670 7699 7700 7701 7715 7716 7717 7718 7719 7720 7721 7722 7723 7724 7725 7726 7727 7728 7729 7730 7731 7732 7739 7740 7741 7742 7743 7744 7745 7746 7747 7748 7749 7750 7751 7752 7753 7754 7755 7756 7757 7758 7759 7760 7761 7762 7763 7847 7848 7849 7850 7851 7852 7853 7854 7855 7856 7876 7877 7878 7879 7880 7881 7882 7883 7884 7885 7886 7887 7895 7896 7897 7898 7899 7900 7901 7902 7903 7904 7905 7906 7907 7908 7909 7910 7911 7912 7913 7914 7915 7916 7917 7918 7935 7936 7937 7938 7939 7940 7941 7942 7943 7944 7945 7946 7947 7948 7949 7972 7973 7974 7975 7976 7977 7978 7979 7980 8010 8011 8016
c _______________________________________________________________________________
c 
c restarts               : 24052089
c conflicts              : 60             (1 /sec)
c decisions              : 1103           (0.00 % random) (20 /sec)
c propagations           : 188779         (3346 /sec)
c conflict literals      : 90             (1.10 % deleted)
c =======================[ UWrMaxSat resources usage ]===========================
c Memory used            : 29.00 MB
c CPU time               : 56.4241 s
c _______________________________________________________________________________
c SATISFIABLE

c Using COMiniSatPS SAT solver by Chanseok Oh (2016)
[UWrMaxSAT] meta file: p4_A-n32-k5_r21v4k2.meta
[UWrMaxSAT] meta loaded OK.
[UWrMaxSAT] Loaded 1981 assumption literals from p4_A-n32-k5_r20v4k2.wcnf.asm
c Parsing MaxSAT file...
c Start timer (tic-tac ...)
c c Found solution: 476527
c ============================[  Problem Statistics ]============================
c |  Number of variables:          4388                                         |
c |  Number of clauses:           21234 (incl.          663 soft in queue)      |
c ===============================================================================
c [UWrMaxSAT] Timeout reached.
c [1mOptimal solution: 476527[0m
c _______________________________________________________________________________
c 
c restarts               : 22556606
c conflicts              : 114            (2 /sec)
c decisions              : 1406           (0.00 % random) (25 /sec)
c propagations           : 310640         (5499 /sec)
c conflict literals      : 244            (3.56 % deleted)
c =======================[ UWrMaxSat resources usage ]===========================
c Memory used            : 29.00 MB
c CPU time               : 56.4926 s
c _______________________________________________________________________________
o 476527
s OPTIMUM FOUND
v 7 148 205 317 353 405 442 458 492 608 635 659 687 830 846 901 944 1014 1131 1172 1229 1266 1341 1352 1429 1466 1482 1511 1590 1659 1696 1711 1840 1870 1925 2020 2050 2052 2054 2056 2070 2071 2072 2073 2074 2075 2076 2077 2078 2079 2080 2081 2082 2083 2084 2085 2086 2088 2089 2090 2091 2092 2093 2094 2095 2096 2097 2098 2099 2100 2101 2102 2103 2104 2105 2106 2107 2108 2109 2110 2111 2112 2113 2114 2115 2116 2117 2119 2120 2121 2122 2123 2124 2125 2126 2127 2128 2129 2130 2131 2132 2133 2134 2135 2136 2137 2138 2139 2140 2141 2142 2143 2144 2145 2146 2147 2148 2151 2152 2153 2154 2155 2156 2157 2158 2159 2160 2161 2162 2163 2164 2165 2166 2167 2168 2169 2170 2171 2172 2173 2174 2175 2176 2177 2178 2179 2186 2187 2188 2189 2190 2191 2192 2193 2194 2195 2196 2197 2198 2199 2200 2201 2202 2203 2204 2205 2206 2207 2208 2209 2210 2220 2221 2222 2223 2224 2225 2226 2227 2228 2229 2230 2231 2232 2233 2234 2235 2236 2237 2238 2239 2240 2241 2265 2266 2267 2268 2269 2270 2271 2272 2275 2276 2277 2278 2279 2280 2281 2282 2283 2284 2285 2286 2287 2288 2289 2290 2291 2292 2293 2294 2295 2296 2297 2298 2299 2300 2301 2302 2303 2307 2308 2309 2310 2311 2312 2313 2314 2315 2316 2317 2318 2319 2320 2321 2322 2323 2324 2325 2326 2327 2328 2329 2330 2331 2332 2333 2334 2339 2340 2341 2342 2343 2344 2345 2346 2347 2348 2349 2350 2351 2352 2353 2354 2355 2356 2357 2358 2359 2360 2361 2362 2363 2364 2365 2367 2368 2369 2370 2371 2372 2373 2374 2375 2376 2377 2378 2379 2380 2381 2382 2383 2384 2385 2386 2387 2388 2389 2390 2391 2392 2393 2394 2395 2396 2410 2411 2412 2413 2414 2415 2416 2417 2418 2419 2420 2421 2422 2423 2424 2425 2426 2427 2452 2453 2454 2455 2456 2457 2458 2468 2469 2470 2471 2472 2473 2474 2475 2476 2477 2478 2479 2480 2481 2482 2483 2484 2485 2486 2487 2488 2489 2493 2494 2495 2496 2497 2498 2499 2500 2501 2502 2503 2504 2505 2506 2507 2508 2509 2510 2511 2512 2513 2514 2515 2516 2517 2518 2519 2520 2533 2534 2535 2536 2537 2538 2539 2540 2541 2542 2543 2544 2545 2546 2547 2548 2549 2550 2551 2554 2555 2556 2557 2558 2559 2560 2561 2562 2563 2564 2565 2566 2567 2568 2569 2570 2571 2572 2573 2574 2575 2576 2577 2578 2579 2580 2581 2582 2586 2587 2588 2589 2590 2591 2592 2593 2594 2595 2596 2597 2598 2599 2600 2601 2602 2603 2604 2605 2606 2607 2608 2609 2610 2611 2612 2613 2640 2641 2642 2643 2644 2652 2653 2654 2655 2656 2657 2658 2659 2660 2661 2662 2663 2664 2665 2666 2667 2668 2669 2670 2671 2672 2673 2674 2675 2701 2702 2703 2704 2705 2706 2709 2710 2711 2712 2713 2714 2715 2716 2717 2718 2719 2720 2721 2722 2723 2724 2725 2726 2727 2728 2729 2730 2731 2732 2733 2734 2735 2736 2737 2740 2741 2742 2743 2744 2745 2746 2747 2748 2749 2750 2751 2752 2753 2754 2755 2756 2757 2758 2759 2760 2761 2762 2763 2764 2765 2766 2767 2768 2795 2796 2797 2798 2799 2816 2817 2818 2819 2820 2821 2822 2823 2824 2825 2826 2827 2828 2829 2830 2841 2842 2843 2844 2845 2846 2847 2848 2849 2850 2851 2852 2853 2854 2855 2856 2857 2858 2859 2860 2861 2870 2871 2872 2873 2874 2875 2876 2877 2878 2879 2880 2881 2882 2883 2884 2885 2886 2887 2888 2889 2890 2891 2892 2894 2895 2896 2897 2898 2899 2900 2901 2902 2903 2904 2905 2906 2907 2908 2909 2910 2911 2912 2913 2914 2915 2916 2917 2918 2919 2920 2921 2922 2923 2929 2930 2931 2932 2933 2934 2935 2936 2937 2938 2939 2940 2941 2942 2943 2944 2945 2946 2947 2948 2949 2950 2951 2952 2953 2954 2966 2967 2968 2969 2970 2971 2972 2973 2974 2975 2976 2977 2978 2979 2980 2981 2982 2983 2984 2985 2989 2990 2991 2992 2993 2994 2995 2996 2997 2998 2999 3000 3001 3002 3003 3004 3005 3006 3007 3008 3009 3010 3011 3012 3013 3014 3015 3016 3031 3032 3033 3034 3035 3036 3037 3038 3039 3040 3041 3042 3043 3044 3045 3046 3047 3050 3051 3052 3053 3054 3055 3056 3057 3058 3059 3060 3061 3062 3063 3064 3065 3066 3067 3068 3069 3070 3071 3072 3073 3074 3075 3076 3077 3078 3081 3082 3083 3084 3085 3086 3087 3088 3089 3090 3091 3092 3093 3094 3095 3096 3097 3098 3099 3100 3101 3102 3103 3104 3105 3106 3107 3108 3109 3111 3112 3113 3114 3115 3116 3117 3118 3119 3120 3121 3122 3123 3124 3125 3126 3127 3128 3129 3130 3131 3132 3133 3134 3135 3136 3137 3138 3139 3140 3157 3158 3159 3160 3161 3162 3163 3164 3165 3166 3167 3168 3169 3170 3171 3175 3176 3177 3178 3179 3180 3181 3182 3183 3184 3185 3186 3187 3188 3189 3190 3191 3192 3193 3194 3195 3196 3197 3198 3199 3200 3201 3202 3232 3233 3237 3238 3239 3240 3241 3242 3243 3244 3245 3246 3247 3248 3249 3250 3251 3252 3253 3254 3255 3256 3257 3258 3259 3260 3261 3262 3263 3264 3310 3311 3312 3313 3314 3315 3316 3317 3318 3319 3320 3321 3322 3323 3324 3325 3326 3329 3330 3331 3332 3333 3334 3335 3336 3337 3338 3339 3340 3341 3342 3343 3344 3345 3346 3347 3348 3349 3350 3351 3352 3353 3354 3355 3356 3357 3373 3374 3375 3376 3377 3378 3379 3380 3381 3382 3383 3384 3385 3386 3387 3388 3419 3446 3447 3448 3449 3450 3464 3465 3466 3467 3468 3469 3470 3471 3472 3473 3474 3475 3476 3477 3478 3479 3480 3481 3510 3511 3512 3517 3518 3519 3520 3521 3522 3523 3524 3525 3526 3527 3528 3529 3530 3531 3532 3533 3534 3535 3536 3537 3538 3539 3540 3541 3542 3543 3555 3556 3557 3558 3559 3560 3561 3562 3563 3564 3565 3566 3567 3568 3569 3570 3571 3572 3573 3574 3578 3579 3580 3581 3582 3583 3584 3585 3586 3587 3588 3589 3590 3591 3592 3593 3594 3595 3596 3597 3598 3599 3600 3601 3602 3603 3604 3605 3630 3631 3632 3633 3634 3635 3636 3680 3681 3682 3683 3684 3685 3686 3687 3688 3689 3690 3691 3692 3693 3694 3695 3696 3697 3698 3700 3701 3702 3703 3704 3705 3706 3707 3708 3709 3710 3711 3712 3713 3714 3715 3716 3717 3718 3719 3720 3721 3722 3723 3724 3725 3726 3727 3728 3729 3819 3820 3821 3822 3848 3849 3850 3851 3852 3853 3856 3857 3858 3859 3860 3861 3862 3863 3864 3865 3866 3867 3868 3869 3870 3871 3872 3873 3874 3875 3876 3877 3878 3879 3880 3881 3882 3883 3884 3900 3901 3902 3903 3904 3905 3906 3907 3908 3909 3910 3911 3912 3913 3914 3915 3946 3952 3953 3954 3955 3956 3957 3958 3959 3960 3961 3962 3963 3964 3965 3966 3967 3968 3969 3970 3971 3972 3973 3974 3975 3976 3977 3979 4008 4116 4145 4185 4227 4266 4295 4316 4383 4435 4462 4502 4535 4544 4585 4605 4645 4673 4728 4770 4806 4844 4879 4946 4973 5003 5022 5023 5024 5035 5036 5037 5038 5039 5040 5041 5042 5043 5044 5045 5046 5047 5048 5049 5050 5051 5052 5053 5054 5055 5056 5057 5148 5149 5150 5166 5167 5168 5169 5170 5171 5172 5173 5174 5175 5176 5177 5178 5179 5180 5181 5220 5221 5222 5223 5224 5225 5226 5227 5228 5229 5230 5231 5232 5233 5234 5235 5236 5237 5238 5239 5240 5241 5242 5243 5270 5271 5272 5273 5274 5299 5300 5301 5302 5303 5304 5305 5327 5328 5329 5330 5331 5332 5333 5334 5335 5336 5364 5365 5366 5367 5405 5406 5407 5408 5409 5410 5411 5412 5413 5414 5415 5416 5417 5418 5419 5420 5421 5422 5423 5424 5425 5426 5427 5428 5429 5442 5443 5444 5445 5446 5447 5448 5449 5450 5451 5452 5453 5454 5455 5456 5457 5458 5459 5460 5483 5484 5485 5486 5487 5488 5489 5490 5491 5501 5502 5503 5504 5505 5506 5507 5508 5509 5510 5511 5512 5513 5514 5515 5516 5517 5518 5519 5520 5521 5522 5526 5527 5528 5529 5530 5531 5532 5533 5534 5535 5536 5537 5538 5539 5540 5541 5542 5543 5544 5545 5546 5547 5548 5549 5550 5551 5552 5553 5579 5580 5581 5582 5583 5584 5587 5588 5589 5590 5591 5592 5593 5594 5595 5596 5597 5598 5599 5600 5601 5602 5603 5604 5605 5606 5607 5608 5609 5610 5611 5612 5613 5614 5615 5630 5631 5632 5633 5634 5635 5636 5637 5638 5639 5640 5641 5642 5643 5644 5645 5646 5652 5653 5654 5655 5656 5657 5658 5659 5660 5661 5662 5663 5664 5665 5666 5667 5668 5669 5670 5671 5672 5673 5674 5675 5676 5677 5701 5702 5703 5704 5705 5706 5707 5708 5739 5791 5792 5793 5794 5795 5796 5797 5798 5799 5800 5801 5813 5814 5815 5816 5817 5818 5819 5820 5821 5822 5823 5824 5825 5826 5827 5828 5829 5830 5831 5832 5846 5847 5848 5849 5850 5851 5852 5853 5854 5855 5856 5857 5858 5859 5860 5861 5862 5863 5893 5894 5925 5936 5937 5938 5939 5940 5941 5942 5943 5944 5945 5946 5947 5948 5949 5950 5951 5952 5953 5954 5955 5956 5961 5962 5963 5964 5965 5966 5967 5968 5969 5970 5971 5972 5973 5974 5975 5976 5977 5978 5979 5980 5981 5982 5983 5984 5985 5986 5987 5991 5999 6001 6006 6016 6116 6157 6214 6251 6287 6326 6337 6362 6414 6451 6467 6501 6540 6562 6617 6644 6680 6696 6741 6839 6855 6877 6910 6953 6986 7024 7042 7043 7044 7047 7051 7076 7077 7078 7079 7080 7081 7152 7153 7154 7155 7156 7157 7158 7159 7160 7161 7162 7163 7164 7165 7166 7167 7168 7169 7170 7171 7172 7173 7174 7192 7193 7194 7195 7196 7197 7198 7199 7200 7201 7202 7203 7204 7205 7263 7264 7265 7266 7267 7278 7279 7280 7281 7282 7283 7284 7285 7286 7287 7288 7289 7290 7291 7292 7293 7294 7295 7296 7297 7298 7311 7312 7313 7314 7315 7316 7317 7318 7319 7320 7321 7322 7323 7324 7325 7326 7327 7328 7329 7345 7346 7347 7348 7349 7350 7351 7352 7353 7354 7355 7356 7357 7358 7359 7360 7370 7371 7372 7373 7374 7375 7376 7377 7378 7379 7380 7381 7382 7383 7384 7385 7386 7387 7388 7389 7390 7391 7416 7417 7418 7419 7420 7421 7422 7450 7451 7452 7453 7474 7475 7476 7477 7478 7479 7480 7481 7482 7483 7484 7499 7500 7501 7502 7503 7504 7505 7506 7507 7508 7509 7510 7511 7512 7513 7514 7515 7539 7540 7541 7542 7543 7544 7545 7546 7577 7589 7590 7591 7592 7593 7594 7595 7596 7597 7598 7599 7600 7601 7602 7603 7604 7605 7606 7607 7608 7658 7659 7660 7661 7662 7663 7664 7665 7666 7667 7668 7669 7670 7699 7700 7701 7715 7716 7717 7718 7719 7720 7721 7722 7723 7724 7725 7726 7727 7728 7729 7730 7731 7732 7739 7740 7741 7742 7743 7744 7745 7746 7747 7748 7749 7750 7751 7752 7753 7754 7755 7756 7757 7758 7759 7760 7761 7762 7763 7847 7848 7849 7850 7851 7852 7853 7854 7855 7856 7876 7877 7878 7879 7880 7881 7882 7883 7884 7885 7886 7887 7895 7896 7897 7898 7899 7900 7901 7902 7903 7904 7905 7906 7907 7908 7909 7910 7911 7912 7913 7914 7915 7916 7917 7918 7935 7936 7937 7938 7939 7940 7941 7942 7943 7944 7945 7946 7947 7948 7949 7972 7973 7974 7975 7976 7977 7978 7979 7980 8010 8011 8016
c Using COMiniSatPS SAT solver by Chanseok Oh (2016)
[UWrMaxSAT] meta file: p4_A-n32-k5_r22v4k2.meta
[UWrMaxSAT] meta loaded OK.
[UWrMaxSAT] Loaded 1981 assumption literals from p4_A-n32-k5_r21v4k2.wcnf.asm
c Parsing MaxSAT file...
c Start timer (tic-tac ...)
c c Found solution: 498631
c ============================[  Problem Statistics ]============================
c |  Number of variables:          4392                                         |
c |  Number of clauses:           21377 (incl.          667 soft in queue)      |
c ===============================================================================
c [UWrMaxSAT] Timeout reached.
c [1mOptimal solution: 498631[0m
c _______________________________________________________________________________
c 
c restarts               : 24056584
c conflicts              : 130            (2 /sec)
c decisions              : 1747           (0.00 % random) (31 /sec)
c propagations           : 360748         (6390 /sec)
c conflict literals      : 236            (3.28 % deleted)
c =======================[ UWrMaxSat resources usage ]===========================
c Memory used            : 29.00 MB
c CPU time               : 56.4509 s
c _______________________________________________________________________________
o 498631
s OPTIMUM FOUND
v 7 148 205 317 353 405 442 458 492 608 635 659 687 830 846 901 944 1014 1131 1172 1229 1266 1341 1352 1429 1466 1482 1511 1590 1659 1696 1711 1840 1870 1925 2020 2050 2052 2054 2056 2070 2071 2072 2073 2074 2075 2076 2077 2078 2079 2080 2081 2082 2083 2084 2085 2086 2088 2089 2090 2091 2092 2093 2094 2095 2096 2097 2098 2099 2100 2101 2102 2103 2104 2105 2106 2107 2108 2109 2110 2111 2112 2113 2114 2115 2116 2117 2119 2120 2121 2122 2123 2124 2125 2126 2127 2128 2129 2130 2131 2132 2133 2134 2135 2136 2137 2138 2139 2140 2141 2142 2143 2144 2145 2146 2147 2148 2151 2152 2153 2154 2155 2156 2157 2158 2159 2160 2161 2162 2163 2164 2165 2166 2167 2168 2169 2170 2171 2172 2173 2174 2175 2176 2177 2178 2179 2186 2187 2188 2189 2190 2191 2192 2193 2194 2195 2196 2197 2198 2199 2200 2201 2202 2203 2204 2205 2206 2207 2208 2209 2210 2220 2221 2222 2223 2224 2225 2226 2227 2228 2229 2230 2231 2232 2233 2234 2235 2236 2237 2238 2239 2240 2241 2265 2266 2267 2268 2269 2270 2271 2272 2275 2276 2277 2278 2279 2280 2281 2282 2283 2284 2285 2286 2287 2288 2289 2290 2291 2292 2293 2294 2295 2296 2297 2298 2299 2300 2301 2302 2303 2307 2308 2309 2310 2311 2312 2313 2314 2315 2316 2317 2318 2319 2320 2321 2322 2323 2324 2325 2326 2327 2328 2329 2330 2331 2332 2333 2334 2339 2340 2341 2342 2343 2344 2345 2346 2347 2348 2349 2350 2351 2352 2353 2354 2355 2356 2357 2358 2359 2360 2361 2362 2363 2364 2365 2367 2368 2369 2370 2371 2372 2373 2374 2375 2376 2377 2378 2379 2380 2381 2382 2383 2384 2385 2386 2387 2388 2389 2390 2391 2392 2393 2394 2395 2396 2410 2411 2412 2413 2414 2415 2416 2417 2418 2419 2420 2421 2422 2423 2424 2425 2426 2427 2452 2453 2454 2455 2456 2457 2458 2468 2469 2470 2471 2472 2473 2474 2475 2476 2477 2478 2479 2480 2481 2482 2483 2484 2485 2486 2487 2488 2489 2493 2494 2495 2496 2497 2498 2499 2500 2501 2502 2503 2504 2505 2506 2507 2508 2509 2510 2511 2512 2513 2514 2515 2516 2517 2518 2519 2520 2533 2534 2535 2536 2537 2538 2539 2540 2541 2542 2543 2544 2545 2546 2547 2548 2549 2550 2551 2554 2555 2556 2557 2558 2559 2560 2561 2562 2563 2564 2565 2566 2567 2568 2569 2570 2571 2572 2573 2574 2575 2576 2577 2578 2579 2580 2581 2582 2586 2587 2588 2589 2590 2591 2592 2593 2594 2595 2596 2597 2598 2599 2600 2601 2602 2603 2604 2605 2606 2607 2608 2609 2610 2611 2612 2613 2640 2641 2642 2643 2644 2652 2653 2654 2655 2656 2657 2658 2659 2660 2661 2662 2663 2664 2665 2666 2667 2668 2669 2670 2671 2672 2673 2674 2675 2701 2702 2703 2704 2705 2706 2709 2710 2711 2712 2713 2714 2715 2716 2717 2718 2719 2720 2721 2722 2723 2724 2725 2726 2727 2728 2729 2730 2731 2732 2733 2734 2735 2736 2737 2740 2741 2742 2743 2744 2745 2746 2747 2748 2749 2750 2751 2752 2753 2754 2755 2756 2757 2758 2759 2760 2761 2762 2763 2764 2765 2766 2767 2768 2795 2796 2797 2798 2799 2816 2817 2818 2819 2820 2821 2822 2823 2824 2825 2826 2827 2828 2829 2830 2841 2842 2843 2844 2845 2846 2847 2848 2849 2850 2851 2852 2853 2854 2855 2856 2857 2858 2859 2860 2861 2870 2871 2872 2873 2874 2875 2876 2877 2878 2879 2880 2881 2882 2883 2884 2885 2886 2887 2888 2889 2890 2891 2892 2894 2895 2896 2897 2898 2899 2900 2901 2902 2903 2904 2905 2906 2907 2908 2909 2910 2911 2912 2913 2914 2915 2916 2917 2918 2919 2920 2921 2922 2923 2929 2930 2931 2932 2933 2934 2935 2936 2937 2938 2939 2940 2941 2942 2943 2944 2945 2946 2947 2948 2949 2950 2951 2952 2953 2954 2966 2967 2968 2969 2970 2971 2972 2973 2974 2975 2976 2977 2978 2979 2980 2981 2982 2983 2984 2985 2989 2990 2991 2992 2993 2994 2995 2996 2997 2998 2999 3000 3001 3002 3003 3004 3005 3006 3007 3008 3009 3010 3011 3012 3013 3014 3015 3016 3031 3032 3033 3034 3035 3036 3037 3038 3039 3040 3041 3042 3043 3044 3045 3046 3047 3050 3051 3052 3053 3054 3055 3056 3057 3058 3059 3060 3061 3062 3063 3064 3065 3066 3067 3068 3069 3070 3071 3072 3073 3074 3075 3076 3077 3078 3081 3082 3083 3084 3085 3086 3087 3088 3089 3090 3091 3092 3093 3094 3095 3096 3097 3098 3099 3100 3101 3102 3103 3104 3105 3106 3107 3108 3109 3111 3112 3113 3114 3115 3116 3117 3118 3119 3120 3121 3122 3123 3124 3125 3126 3127 3128 3129 3130 3131 3132 3133 3134 3135 3136 3137 3138 3139 3140 3157 3158 3159 3160 3161 3162 3163 3164 3165 3166 3167 3168 3169 3170 3171 3175 3176 3177 3178 3179 3180 3181 3182 3183 3184 3185 3186 3187 3188 3189 3190 3191 3192 3193 3194 3195 3196 3197 3198 3199 3200 3201 3202 3232 3233 3237 3238 3239 3240 3241 3242 3243 3244 3245 3246 3247 3248 3249 3250 3251 3252 3253 3254 3255 3256 3257 3258 3259 3260 3261 3262 3263 3264 3310 3311 3312 3313 3314 3315 3316 3317 3318 3319 3320 3321 3322 3323 3324 3325 3326 3329 3330 3331 3332 3333 3334 3335 3336 3337 3338 3339 3340 3341 3342 3343 3344 3345 3346 3347 3348 3349 3350 3351 3352 3353 3354 3355 3356 3357 3373 3374 3375 3376 3377 3378 3379 3380 3381 3382 3383 3384 3385 3386 3387 3388 3419 3446 3447 3448 3449 3450 3464 3465 3466 3467 3468 3469 3470 3471 3472 3473 3474 3475 3476 3477 3478 3479 3480 3481 3510 3511 3512 3517 3518 3519 3520 3521 3522 3523 3524 3525 3526 3527 3528 3529 3530 3531 3532 3533 3534 3535 3536 3537 3538 3539 3540 3541 3542 3543 3555 3556 3557 3558 3559 3560 3561 3562 3563 3564 3565 3566 3567 3568 3569 3570 3571 3572 3573 3574 3578 3579 3580 3581 3582 3583 3584 3585 3586 3587 3588 3589 3590 3591 3592 3593 3594 3595 3596 3597 3598 3599 3600 3601 3602 3603 3604 3605 3630 3631 3632 3633 3634 3635 3636 3680 3681 3682 3683 3684 3685 3686 3687 3688 3689 3690 3691 3692 3693 3694 3695 3696 3697 3698 3700 3701 3702 3703 3704 3705 3706 3707 3708 3709 3710 3711 3712 3713 3714 3715 3716 3717 3718 3719 3720 3721 3722 3723 3724 3725 3726 3727 3728 3729 3819 3820 3821 3822 3848 3849 3850 3851 3852 3853 3856 3857 3858 3859 3860 3861 3862 3863 3864 3865 3866 3867 3868 3869 3870 3871 3872 3873 3874 3875 3876 3877 3878 3879 3880 3881 3882 3883 3884 3900 3901 3902 3903 3904 3905 3906 3907 3908 3909 3910 3911 3912 3913 3914 3915 3946 3952 3953 3954 3955 3956 3957 3958 3959 3960 3961 3962 3963 3964 3965 3966 3967 3968 3969 3970 3971 3972 3973 3974 3975 3976 3977 3979 4008 4116 4145 4185 4227 4266 4295 4316 4383 4435 4462 4502 4535 4544 4585 4605 4645 4673 4728 4770 4806 4844 4879 4946 4973 5003 5022 5023 5024 5035 5036 5037 5038 5039 5040 5041 5042 5043 5044 5045 5046 5047 5048 5049 5050 5051 5052 5053 5054 5055 5056 5057 5148 5149 5150 5166 5167 5168 5169 5170 5171 5172 5173 5174 5175 5176 5177 5178 5179 5180 5181 5220 5221 5222 5223 5224 5225 5226 5227 5228 5229 5230 5231 5232 5233 5234 5235 5236 5237 5238 5239 5240 5241 5242 5243 5270 5271 5272 5273 5274 5299 5300 5301 5302 5303 5304 5305 5327 5328 5329 5330 5331 5332 5333 5334 5335 5336 5364 5365 5366 5367 5405 5406 5407 5408 5409 5410 5411 5412 5413 5414 5415 5416 5417 5418 5419 5420 5421 5422 5423 5424 5425 5426 5427 5428 5429 5442 5443 5444 5445 5446 5447 5448 5449 5450 5451 5452 5453 5454 5455 5456 5457 5458 5459 5460 5483 5484 5485 5486 5487 5488 5489 5490 5491 5501 5502 5503 5504 5505 5506 5507 5508 5509 5510 5511 5512 5513 5514 5515 5516 5517 5518 5519 5520 5521 5522 5526 5527 5528 5529 5530 5531 5532 5533 5534 5535 5536 5537 5538 5539 5540 5541 5542 5543 5544 5545 5546 5547 5548 5549 5550 5551 5552 5553 5579 5580 5581 5582 5583 5584 5587 5588 5589 5590 5591 5592 5593 5594 5595 5596 5597 5598 5599 5600 5601 5602 5603 5604 5605 5606 5607 5608 5609 5610 5611 5612 5613 5614 5615 5630 5631 5632 5633 5634 5635 5636 5637 5638 5639 5640 5641 5642 5643 5644 5645 5646 5652 5653 5654 5655 5656 5657 5658 5659 5660 5661 5662 5663 5664 5665 5666 5667 5668 5669 5670 5671 5672 5673 5674 5675 5676 5677 5701 5702 5703 5704 5705 5706 5707 5708 5739 5791 5792 5793 5794 5795 5796 5797 5798 5799 5800 5801 5813 5814 5815 5816 5817 5818 5819 5820 5821 5822 5823 5824 5825 5826 5827 5828 5829 5830 5831 5832 5846 5847 5848 5849 5850 5851 5852 5853 5854 5855 5856 5857 5858 5859 5860 5861 5862 5863 5893 5894 5925 5936 5937 5938 5939 5940 5941 5942 5943 5944 5945 5946 5947 5948 5949 5950 5951 5952 5953 5954 5955 5956 5961 5962 5963 5964 5965 5966 5967 5968 5969 5970 5971 5972 5973 5974 5975 5976 5977 5978 5979 5980 5981 5982 5983 5984 5985 5986 5987 5991 5999 6001 6006 6016 6116 6157 6214 6251 6287 6326 6337 6362 6414 6451 6467 6501 6540 6562 6617 6644 6680 6696 6741 6839 6855 6877 6910 6953 6986 7024 7042 7043 7044 7047 7051 7076 7077 7078 7079 7080 7081 7152 7153 7154 7155 7156 7157 7158 7159 7160 7161 7162 7163 7164 7165 7166 7167 7168 7169 7170 7171 7172 7173 7174 7192 7193 7194 7195 7196 7197 7198 7199 7200 7201 7202 7203 7204 7205 7263 7264 7265 7266 7267 7278 7279 7280 7281 7282 7283 7284 7285 7286 7287 7288 7289 7290 7291 7292 7293 7294 7295 7296 7297 7298 7311 7312 7313 7314 7315 7316 7317 7318 7319 7320 7321 7322 7323 7324 7325 7326 7327 7328 7329 7345 7346 7347 7348 7349 7350 7351 7352 7353 7354 7355 7356 7357 7358 7359 7360 7370 7371 7372 7373 7374 7375 7376 7377 7378 7379 7380 7381 7382 7383 7384 7385 7386 7387 7388 7389 7390 7391 7416 7417 7418 7419 7420 7421 7422 7450 7451 7452 7453 7474 7475 7476 7477 7478 7479 7480 7481 7482 7483 7484 7499 7500 7501 7502 7503 7504 7505 7506 7507 7508 7509 7510 7511 7512 7513 7514 7515 7539 7540 7541 7542 7543 7544 7545 7546 7577 7589 7590 7591 7592 7593 7594 7595 7596 7597 7598 7599 7600 7601 7602 7603 7604 7605 7606 7607 7608 7658 7659 7660 7661 7662 7663 7664 7665 7666 7667 7668 7669 7670 7699 7700 7701 7715 7716 7717 7718 7719 7720 7721 7722 7723 7724 7725 7726 7727 7728 7729 7730 7731 7732 7739 7740 7741 7742 7743 7744 7745 7746 7747 7748 7749 7750 7751 7752 7753 7754 7755 7756 7757 7758 7759 7760 7761 7762 7763 7847 7848 7849 7850 7851 7852 7853 7854 7855 7856 7876 7877 7878 7879 7880 7881 7882 7883 7884 7885 7886 7887 7895 7896 7897 7898 7899 7900 7901 7902 7903 7904 7905 7906 7907 7908 7909 7910 7911 7912 7913 7914 7915 7916 7917 7918 7935 7936 7937 7938 7939 7940 7941 7942 7943 7944 7945 7946 7947 7948 7949 7972 7973 7974 7975 7976 7977 7978 7979 7980 8010 8011 8016
c Using COMiniSatPS SAT solver by Chanseok Oh (2016)
[UWrMaxSAT] meta file: p4_A-n32-k5_r23v4k2.meta
[UWrMaxSAT] meta loaded OK.
[UWrMaxSAT] Loaded 1981 assumption literals from p4_A-n32-k5_r22v4k2.wcnf.asm
c Parsing MaxSAT file...
c Start timer (tic-tac ...)
c c Found solution: 534707
c ============================[  Problem Statistics ]============================
c |  Number of variables:          4396                                         |
c |  Number of clauses:           21520 (incl.          671 soft in queue)      |
c ===============================================================================
c [UWrMaxSAT] Timeout reached inside slice loop. Stopping.
c *** Interrupted ***
c [1mSATISFIABLE: Best solution found: 534707[0m
v 7 148 205 317 353 405 442 458 492 608 635 659 687 830 846 901 944 1014 1131 1172 1229 1266 1341 1352 1429 1466 1482 1511 1590 1659 1696 1711 1840 1870 1925 2020 2050 2052 2054 2056 2070 2071 2072 2073 2074 2075 2076 2077 2078 2079 2080 2081 2082 2083 2084 2085 2086 2088 2089 2090 2091 2092 2093 2094 2095 2096 2097 2098 2099 2100 2101 2102 2103 2104 2105 2106 2107 2108 2109 2110 2111 2112 2113 2114 2115 2116 2117 2119 2120 2121 2122 2123 2124 2125 2126 2127 2128 2129 2130 2131 2132 2133 2134 2135 2136 2137 2138 2139 2140 2141 2142 2143 2144 2145 2146 2147 2148 2151 2152 2153 2154 2155 2156 2157 2158 2159 2160 2161 2162 2163 2164 2165 2166 2167 2168 2169 2170 2171 2172 2173 2174 2175 2176 2177 2178 2179 2186 2187 2188 2189 2190 2191 2192 2193 2194 2195 2196 2197 2198 2199 2200 2201 2202 2203 2204 2205 2206 2207 2208 2209 2210 2220 2221 2222 2223 2224 2225 2226 2227 2228 2229 2230 2231 2232 2233 2234 2235 2236 2237 2238 2239 2240 2241 2265 2266 2267 2268 2269 2270 2271 2272 2275 2276 2277 2278 2279 2280 2281 2282 2283 2284 2285 2286 2287 2288 2289 2290 2291 2292 2293 2294 2295 2296 2297 2298 2299 2300 2301 2302 2303 2307 2308 2309 2310 2311 2312 2313 2314 2315 2316 2317 2318 2319 2320 2321 2322 2323 2324 2325 2326 2327 2328 2329 2330 2331 2332 2333 2334 2339 2340 2341 2342 2343 2344 2345 2346 2347 2348 2349 2350 2351 2352 2353 2354 2355 2356 2357 2358 2359 2360 2361 2362 2363 2364 2365 2367 2368 2369 2370 2371 2372 2373 2374 2375 2376 2377 2378 2379 2380 2381 2382 2383 2384 2385 2386 2387 2388 2389 2390 2391 2392 2393 2394 2395 2396 2410 2411 2412 2413 2414 2415 2416 2417 2418 2419 2420 2421 2422 2423 2424 2425 2426 2427 2452 2453 2454 2455 2456 2457 2458 2468 2469 2470 2471 2472 2473 2474 2475 2476 2477 2478 2479 2480 2481 2482 2483 2484 2485 2486 2487 2488 2489 2493 2494 2495 2496 2497 2498 2499 2500 2501 2502 2503 2504 2505 2506 2507 2508 2509 2510 2511 2512 2513 2514 2515 2516 2517 2518 2519 2520 2533 2534 2535 2536 2537 2538 2539 2540 2541 2542 2543 2544 2545 2546 2547 2548 2549 2550 2551 2554 2555 2556 2557 2558 2559 2560 2561 2562 2563 2564 2565 2566 2567 2568 2569 2570 2571 2572 2573 2574 2575 2576 2577 2578 2579 2580 2581 2582 2586 2587 2588 2589 2590 2591 2592 2593 2594 2595 2596 2597 2598 2599 2600 2601 2602 2603 2604 2605 2606 2607 2608 2609 2610 2611 2612 2613 2640 2641 2642 2643 2644 2652 2653 2654 2655 2656 2657 2658 2659 2660 2661 2662 2663 2664 2665 2666 2667 2668 2669 2670 2671 2672 2673 2674 2675 2701 2702 2703 2704 2705 2706 2709 2710 2711 2712 2713 2714 2715 2716 2717 2718 2719 2720 2721 2722 2723 2724 2725 2726 2727 2728 2729 2730 2731 2732 2733 2734 2735 2736 2737 2740 2741 2742 2743 2744 2745 2746 2747 2748 2749 2750 2751 2752 2753 2754 2755 2756 2757 2758 2759 2760 2761 2762 2763 2764 2765 2766 2767 2768 2795 2796 2797 2798 2799 2816 2817 2818 2819 2820 2821 2822 2823 2824 2825 2826 2827 2828 2829 2830 2841 2842 2843 2844 2845 2846 2847 2848 2849 2850 2851 2852 2853 2854 2855 2856 2857 2858 2859 2860 2861 2870 2871 2872 2873 2874 2875 2876 2877 2878 2879 2880 2881 2882 2883 2884 2885 2886 2887 2888 2889 2890 2891 2892 2894 2895 2896 2897 2898 2899 2900 2901 2902 2903 2904 2905 2906 2907 2908 2909 2910 2911 2912 2913 2914 2915 2916 2917 2918 2919 2920 2921 2922 2923 2929 2930 2931 2932 2933 2934 2935 2936 2937 2938 2939 2940 2941 2942 2943 2944 2945 2946 2947 2948 2949 2950 2951 2952 2953 2954 2966 2967 2968 2969 2970 2971 2972 2973 2974 2975 2976 2977 2978 2979 2980 2981 2982 2983 2984 2985 2989 2990 2991 2992 2993 2994 2995 2996 2997 2998 2999 3000 3001 3002 3003 3004 3005 3006 3007 3008 3009 3010 3011 3012 3013 3014 3015 3016 3031 3032 3033 3034 3035 3036 3037 3038 3039 3040 3041 3042 3043 3044 3045 3046 3047 3050 3051 3052 3053 3054 3055 3056 3057 3058 3059 3060 3061 3062 3063 3064 3065 3066 3067 3068 3069 3070 3071 3072 3073 3074 3075 3076 3077 3078 3081 3082 3083 3084 3085 3086 3087 3088 3089 3090 3091 3092 3093 3094 3095 3096 3097 3098 3099 3100 3101 3102 3103 3104 3105 3106 3107 3108 3109 3111 3112 3113 3114 3115 3116 3117 3118 3119 3120 3121 3122 3123 3124 3125 3126 3127 3128 3129 3130 3131 3132 3133 3134 3135 3136 3137 3138 3139 3140 3157 3158 3159 3160 3161 3162 3163 3164 3165 3166 3167 3168 3169 3170 3171 3175 3176 3177 3178 3179 3180 3181 3182 3183 3184 3185 3186 3187 3188 3189 3190 3191 3192 3193 3194 3195 3196 3197 3198 3199 3200 3201 3202 3232 3233 3237 3238 3239 3240 3241 3242 3243 3244 3245 3246 3247 3248 3249 3250 3251 3252 3253 3254 3255 3256 3257 3258 3259 3260 3261 3262 3263 3264 3310 3311 3312 3313 3314 3315 3316 3317 3318 3319 3320 3321 3322 3323 3324 3325 3326 3329 3330 3331 3332 3333 3334 3335 3336 3337 3338 3339 3340 3341 3342 3343 3344 3345 3346 3347 3348 3349 3350 3351 3352 3353 3354 3355 3356 3357 3373 3374 3375 3376 3377 3378 3379 3380 3381 3382 3383 3384 3385 3386 3387 3388 3419 3446 3447 3448 3449 3450 3464 3465 3466 3467 3468 3469 3470 3471 3472 3473 3474 3475 3476 3477 3478 3479 3480 3481 3510 3511 3512 3517 3518 3519 3520 3521 3522 3523 3524 3525 3526 3527 3528 3529 3530 3531 3532 3533 3534 3535 3536 3537 3538 3539 3540 3541 3542 3543 3555 3556 3557 3558 3559 3560 3561 3562 3563 3564 3565 3566 3567 3568 3569 3570 3571 3572 3573 3574 3578 3579 3580 3581 3582 3583 3584 3585 3586 3587 3588 3589 3590 3591 3592 3593 3594 3595 3596 3597 3598 3599 3600 3601 3602 3603 3604 3605 3630 3631 3632 3633 3634 3635 3636 3680 3681 3682 3683 3684 3685 3686 3687 3688 3689 3690 3691 3692 3693 3694 3695 3696 3697 3698 3700 3701 3702 3703 3704 3705 3706 3707 3708 3709 3710 3711 3712 3713 3714 3715 3716 3717 3718 3719 3720 3721 3722 3723 3724 3725 3726 3727 3728 3729 3819 3820 3821 3822 3848 3849 3850 3851 3852 3853 3856 3857 3858 3859 3860 3861 3862 3863 3864 3865 3866 3867 3868 3869 3870 3871 3872 3873 3874 3875 3876 3877 3878 3879 3880 3881 3882 3883 3884 3900 3901 3902 3903 3904 3905 3906 3907 3908 3909 3910 3911 3912 3913 3914 3915 3946 3952 3953 3954 3955 3956 3957 3958 3959 3960 3961 3962 3963 3964 3965 3966 3967 3968 3969 3970 3971 3972 3973 3974 3975 3976 3977 3979 4008 4116 4145 4185 4227 4266 4295 4316 4383 4435 4462 4502 4535 4544 4585 4605 4645 4673 4728 4770 4806 4844 4879 4946 4973 5003 5022 5023 5024 5035 5036 5037 5038 5039 5040 5041 5042 5043 5044 5045 5046 5047 5048 5049 5050 5051 5052 5053 5054 5055 5056 5057 5148 5149 5150 5166 5167 5168 5169 5170 5171 5172 5173 5174 5175 5176 5177 5178 5179 5180 5181 5220 5221 5222 5223 5224 5225 5226 5227 5228 5229 5230 5231 5232 5233 5234 5235 5236 5237 5238 5239 5240 5241 5242 5243 5270 5271 5272 5273 5274 5299 5300 5301 5302 5303 5304 5305 5327 5328 5329 5330 5331 5332 5333 5334 5335 5336 5364 5365 5366 5367 5405 5406 5407 5408 5409 5410 5411 5412 5413 5414 5415 5416 5417 5418 5419 5420 5421 5422 5423 5424 5425 5426 5427 5428 5429 5442 5443 5444 5445 5446 5447 5448 5449 5450 5451 5452 5453 5454 5455 5456 5457 5458 5459 5460 5483 5484 5485 5486 5487 5488 5489 5490 5491 5501 5502 5503 5504 5505 5506 5507 5508 5509 5510 5511 5512 5513 5514 5515 5516 5517 5518 5519 5520 5521 5522 5526 5527 5528 5529 5530 5531 5532 5533 5534 5535 5536 5537 5538 5539 5540 5541 5542 5543 5544 5545 5546 5547 5548 5549 5550 5551 5552 5553 5579 5580 5581 5582 5583 5584 5587 5588 5589 5590 5591 5592 5593 5594 5595 5596 5597 5598 5599 5600 5601 5602 5603 5604 5605 5606 5607 5608 5609 5610 5611 5612 5613 5614 5615 5630 5631 5632 5633 5634 5635 5636 5637 5638 5639 5640 5641 5642 5643 5644 5645 5646 5652 5653 5654 5655 5656 5657 5658 5659 5660 5661 5662 5663 5664 5665 5666 5667 5668 5669 5670 5671 5672 5673 5674 5675 5676 5677 5701 5702 5703 5704 5705 5706 5707 5708 5739 5791 5792 5793 5794 5795 5796 5797 5798 5799 5800 5801 5813 5814 5815 5816 5817 5818 5819 5820 5821 5822 5823 5824 5825 5826 5827 5828 5829 5830 5831 5832 5846 5847 5848 5849 5850 5851 5852 5853 5854 5855 5856 5857 5858 5859 5860 5861 5862 5863 5893 5894 5925 5936 5937 5938 5939 5940 5941 5942 5943 5944 5945 5946 5947 5948 5949 5950 5951 5952 5953 5954 5955 5956 5961 5962 5963 5964 5965 5966 5967 5968 5969 5970 5971 5972 5973 5974 5975 5976 5977 5978 5979 5980 5981 5982 5983 5984 5985 5986 5987 5991 5999 6001 6006 6016 6116 6157 6214 6251 6287 6326 6337 6362 6414 6451 6467 6501 6540 6562 6617 6644 6680 6696 6741 6839 6855 6877 6910 6953 6986 7024 7042 7043 7044 7047 7051 7076 7077 7078 7079 7080 7081 7152 7153 7154 7155 7156 7157 7158 7159 7160 7161 7162 7163 7164 7165 7166 7167 7168 7169 7170 7171 7172 7173 7174 7192 7193 7194 7195 7196 7197 7198 7199 7200 7201 7202 7203 7204 7205 7263 7264 7265 7266 7267 7278 7279 7280 7281 7282 7283 7284 7285 7286 7287 7288 7289 7290 7291 7292 7293 7294 7295 7296 7297 7298 7311 7312 7313 7314 7315 7316 7317 7318 7319 7320 7321 7322 7323 7324 7325 7326 7327 7328 7329 7345 7346 7347 7348 7349 7350 7351 7352 7353 7354 7355 7356 7357 7358 7359 7360 7370 7371 7372 7373 7374 7375 7376 7377 7378 7379 7380 7381 7382 7383 7384 7385 7386 7387 7388 7389 7390 7391 7416 7417 7418 7419 7420 7421 7422 7450 7451 7452 7453 7474 7475 7476 7477 7478 7479 7480 7481 7482 7483 7484 7499 7500 7501 7502 7503 7504 7505 7506 7507 7508 7509 7510 7511 7512 7513 7514 7515 7539 7540 7541 7542 7543 7544 7545 7546 7577 7589 7590 7591 7592 7593 7594 7595 7596 7597 7598 7599 7600 7601 7602 7603 7604 7605 7606 7607 7608 7658 7659 7660 7661 7662 7663 7664 7665 7666 7667 7668 7669 7670 7699 7700 7701 7715 7716 7717 7718 7719 7720 7721 7722 7723 7724 7725 7726 7727 7728 7729 7730 7731 7732 7739 7740 7741 7742 7743 7744 7745 7746 7747 7748 7749 7750 7751 7752 7753 7754 7755 7756 7757 7758 7759 7760 7761 7762 7763 7847 7848 7849 7850 7851 7852 7853 7854 7855 7856 7876 7877 7878 7879 7880 7881 7882 7883 7884 7885 7886 7887 7895 7896 7897 7898 7899 7900 7901 7902 7903 7904 7905 7906 7907 7908 7909 7910 7911 7912 7913 7914 7915 7916 7917 7918 7935 7936 7937 7938 7939 7940 7941 7942 7943 7944 7945 7946 7947 7948 7949 7972 7973 7974 7975 7976 7977 7978 7979 7980 8010 8011 8016
c _______________________________________________________________________________
c 
c restarts               : 23776856
c conflicts              : 154            (3 /sec)
c decisions              : 1871           (0.00 % random) (34 /sec)
c propagations           : 450419         (8165 /sec)
c conflict literals      : 211            (2.76 % deleted)
c =======================[ UWrMaxSat resources usage ]===========================
c Memory used            : 29.00 MB
c CPU time               : 55.1647 s
c _______________________________________________________________________________
c SATISFIABLE

Cost      = 38024
Objective = 80223
=================================
  [Time Manager] Step 17 consumed 61.25s. Total Consumed: 977.07s.
  [Info] Saved 1655 core assumption literals to p4_A-n32-k5_r18v4k2.wcnf.asm

[18/60] Building & Solving: R=19, V=4, K=2
  [Info] Generating MaxSAT Formulation...
[SBC] Added 19 clauses.
[rc2] Generating instance: p4_A-n32-k5_r19v4k2.wcnf ...
[UWrMaxSAT] meta exported to p4_A-n32-k5_r19v4k2.meta
  [Time Manager] Global Remaining Budget: 2622.93s | Future Weight Sum: 43.0
  [Time Manager] Recalibrated Budget for this step: 61.00s
  [Info] Injected Assumption file: p4_A-n32-k5_r18v4k2.wcnf.asm
[UWrMaxSAT] Running command:
  stdbuf -oL uwrmaxsat -no-bin -no-sat -no-par -no-scip -ppdsp-time=60 -ppdsp-lastY=8016 -ppdsp=p4_A-n32-k5_r19v4k2.meta -ppdsp-assume=p4_A-n32-k5_r18v4k2.wcnf.asm p4_A-n32-k5_r19v4k2.wcnf | tee p4_A-n32-k5_r19v4k2.wcnf.out
Vehicle 0: d → 21 → 14 → 9 → 28 → 4 → 19 → 26 → 13 → 25 → 29 → 15 → 11 → 0 → 6 → 12 → 20 → 18 → d, (requests = [4, 15])
Vehicle 1: d → 3 → 10 → 7 → 17 → 21 → 14 → 9 → 28 → 4 → 19 → 26 → 13 → 25 → 15 → 6 → 12 → 20 → d, (requests = [0, 1, 2, 3, 14])
Vehicle 2: d → 18 → 16 → 30 → 20 → 12 → 6 → 0 → 15 → 29 → 25 → 13 → 26 → 19 → 4 → 24 → 9 → 14 → 21 → 8 → 17 → 7 → 10 → 3 → 27 → 22 → d, (requests = [5, 6, 7, 11, 16])
Vehicle 3: d → 22 → 27 → 3 → 10 → 7 → 17 → 8 → 21 → 14 → 9 → 28 → 4 → 19 → 26 → 13 → 25 → 29 → 15 → 11 → 0 → 6 → 12 → 20 → 30 → 16 → 18 → d, (requests = [8, 9, 10, 13, 17, 18])
======== PPDSP OBJECTIVE ========
Profit    = 123777
Cost      = 38024
Objective = 85753
=================================
  [Time Manager] Step 18 consumed 60.19s. Total Consumed: 1037.26s.
  [Info] Saved 1981 core assumption literals to p4_A-n32-k5_r19v4k2.wcnf.asm

[19/60] Building & Solving: R=20, V=4, K=2
  [Info] Generating MaxSAT Formulation...
[SBC] Added 20 clauses.
[rc2] Generating instance: p4_A-n32-k5_r20v4k2.wcnf ...
[UWrMaxSAT] meta exported to p4_A-n32-k5_r20v4k2.meta
  [Time Manager] Global Remaining Budget: 2562.74s | Future Weight Sum: 42.0
  [Time Manager] Recalibrated Budget for this step: 61.02s
  [Info] Injected Assumption file: p4_A-n32-k5_r19v4k2.wcnf.asm
[UWrMaxSAT] Running command:
  stdbuf -oL uwrmaxsat -no-bin -no-sat -no-par -no-scip -ppdsp-time=61 -ppdsp-lastY=8020 -ppdsp=p4_A-n32-k5_r20v4k2.meta -ppdsp-assume=p4_A-n32-k5_r19v4k2.wcnf.asm p4_A-n32-k5_r20v4k2.wcnf | tee p4_A-n32-k5_r20v4k2.wcnf.out
Vehicle 0: d → 21 → 14 → 9 → 28 → 4 → 19 → 26 → 13 → 25 → 29 → 15 → 11 → 0 → 6 → 12 → 20 → 18 → d, (requests = [4, 15])
Vehicle 1: d → 3 → 10 → 7 → 17 → 21 → 14 → 9 → 28 → 4 → 19 → 26 → 13 → 25 → 15 → 6 → 12 → 20 → d, (requests = [0, 1, 2, 3, 14])
Vehicle 2: d → 18 → 16 → 30 → 20 → 12 → 6 → 0 → 15 → 29 → 25 → 13 → 26 → 19 → 4 → 24 → 9 → 14 → 21 → 8 → 17 → 7 → 10 → 3 → 27 → 22 → d, (requests = [5, 6, 7, 11, 16])
Vehicle 3: d → 22 → 27 → 3 → 10 → 7 → 17 → 8 → 21 → 14 → 9 → 28 → 4 → 19 → 26 → 13 → 25 → 29 → 15 → 11 → 0 → 6 → 12 → 20 → 30 → 16 → 18 → d, (requests = [8, 9, 10, 13, 17, 18])
======== PPDSP OBJECTIVE ========
Profit    = 123777
Cost      = 38024
Objective = 85753
=================================
  [Time Manager] Step 19 consumed 61.32s. Total Consumed: 1098.58s.
  [Info] Saved 1981 core assumption literals to p4_A-n32-k5_r20v4k2.wcnf.asm

[20/60] Building & Solving: R=21, V=4, K=2
  [Info] Generating MaxSAT Formulation...
[SBC] Added 21 clauses.
[rc2] Generating instance: p4_A-n32-k5_r21v4k2.wcnf ...
[UWrMaxSAT] meta exported to p4_A-n32-k5_r21v4k2.meta
  [Time Manager] Global Remaining Budget: 2501.42s | Future Weight Sum: 41.0
  [Time Manager] Recalibrated Budget for this step: 61.01s
  [Info] Injected Assumption file: p4_A-n32-k5_r20v4k2.wcnf.asm
[UWrMaxSAT] Running command:
  stdbuf -oL uwrmaxsat -no-bin -no-sat -no-par -no-scip -ppdsp-time=61 -ppdsp-lastY=8024 -ppdsp=p4_A-n32-k5_r21v4k2.meta -ppdsp-assume=p4_A-n32-k5_r20v4k2.wcnf.asm p4_A-n32-k5_r21v4k2.wcnf | tee p4_A-n32-k5_r21v4k2.wcnf.out
Vehicle 0: d → 21 → 14 → 9 → 28 → 4 → 19 → 26 → 13 → 25 → 29 → 15 → 11 → 0 → 6 → 12 → 20 → 18 → d, (requests = [4, 15])
Vehicle 1: d → 3 → 10 → 7 → 17 → 21 → 14 → 9 → 28 → 4 → 19 → 26 → 13 → 25 → 15 → 6 → 12 → 20 → d, (requests = [0, 1, 2, 3, 14])
Vehicle 2: d → 18 → 16 → 30 → 20 → 12 → 6 → 0 → 15 → 29 → 25 → 13 → 26 → 19 → 4 → 24 → 9 → 14 → 21 → 8 → 17 → 7 → 10 → 3 → 27 → 22 → d, (requests = [5, 6, 7, 11, 16])
Vehicle 3: d → 22 → 27 → 3 → 10 → 7 → 17 → 8 → 21 → 14 → 9 → 28 → 4 → 19 → 26 → 13 → 25 → 29 → 15 → 11 → 0 → 6 → 12 → 20 → 30 → 16 → 18 → d, (requests = [8, 9, 10, 13, 17, 18])
======== PPDSP OBJECTIVE ========
Profit    = 123777
Cost      = 38024
Objective = 85753
=================================
  [Time Manager] Step 20 consumed 61.39s. Total Consumed: 1159.97s.
  [Info] Saved 1981 core assumption literals to p4_A-n32-k5_r21v4k2.wcnf.asm

[21/60] Building & Solving: R=22, V=4, K=2
  [Info] Generating MaxSAT Formulation...
[SBC] Added 22 clauses.
[rc2] Generating instance: p4_A-n32-k5_r22v4k2.wcnf ...
[UWrMaxSAT] meta exported to p4_A-n32-k5_r22v4k2.meta
  [Time Manager] Global Remaining Budget: 2440.03s | Future Weight Sum: 40.0
  [Time Manager] Recalibrated Budget for this step: 61.00s
  [Info] Injected Assumption file: p4_A-n32-k5_r21v4k2.wcnf.asm
[UWrMaxSAT] Running command:
  stdbuf -oL uwrmaxsat -no-bin -no-sat -no-par -no-scip -ppdsp-time=61 -ppdsp-lastY=8028 -ppdsp=p4_A-n32-k5_r22v4k2.meta -ppdsp-assume=p4_A-n32-k5_r21v4k2.wcnf.asm p4_A-n32-k5_r22v4k2.wcnf | tee p4_A-n32-k5_r22v4k2.wcnf.out
Vehicle 0: d → 21 → 14 → 9 → 28 → 4 → 19 → 26 → 13 → 25 → 29 → 15 → 11 → 0 → 6 → 12 → 20 → 18 → d, (requests = [4, 15])
Vehicle 1: d → 3 → 10 → 7 → 17 → 21 → 14 → 9 → 28 → 4 → 19 → 26 → 13 → 25 → 15 → 6 → 12 → 20 → d, (requests = [0, 1, 2, 3, 14])
Vehicle 2: d → 18 → 16 → 30 → 20 → 12 → 6 → 0 → 15 → 29 → 25 → 13 → 26 → 19 → 4 → 24 → 9 → 14 → 21 → 8 → 17 → 7 → 10 → 3 → 27 → 22 → d, (requests = [5, 6, 7, 11, 16])
Vehicle 3: d → 22 → 27 → 3 → 10 → 7 → 17 → 8 → 21 → 14 → 9 → 28 → 4 → 19 → 26 → 13 → 25 → 29 → 15 → 11 → 0 → 6 → 12 → 20 → 30 → 16 → 18 → d, (requests = [8, 9, 10, 13, 17, 18])
======== PPDSP OBJECTIVE ========
Profit    = 123777
Cost      = 38024
Objective = 85753
=================================
  [Time Manager] Step 21 consumed 61.15s. Total Consumed: 1221.12s.
  [Info] Saved 1981 core assumption literals to p4_A-n32-k5_r22v4k2.wcnf.asm

[22/60] Building & Solving: R=23, V=4, K=2
  [Info] Generating MaxSAT Formulation...
[SBC] Added 23 clauses.
[rc2] Generating instance: p4_A-n32-k5_r23v4k2.wcnf ...
[UWrMaxSAT] meta exported to p4_A-n32-k5_r23v4k2.meta
  [Time Manager] Global Remaining Budget: 2378.88s | Future Weight Sum: 39.0
  [Time Manager] Recalibrated Budget for this step: 61.00s
  [Info] Injected Assumption file: p4_A-n32-k5_r22v4k2.wcnf.asm
[UWrMaxSAT] Running command:
  stdbuf -oL uwrmaxsat -no-bin -no-sat -no-par -no-scip -ppdsp-time=60 -ppdsp-lastY=8032 -ppdsp=p4_A-n32-k5_r23v4k2.meta -ppdsp-assume=p4_A-n32-k5_r22v4k2.wcnf.asm p4_A-n32-k5_r23v4k2.wcnf | tee p4_A-n32-k5_r23v4k2.wcnf.out
Vehicle 0: d → 21 → 14 → 9 → 28 → 4 → 19 → 26 → 13 → 25 → 29 → 15 → 11 → 0 → 6 → 12 → 20 → 18 → d, (requests = [4, 15])
Vehicle 1: d → 3 → 10 → 7 → 17 → 21 → 14 → 9 → 28 → 4 → 19 → 26 → 13 → 25 → 15 → 6 → 12 → 20 → d, (requests = [0, 1, 2, 3, 14])
c Using COMiniSatPS SAT solver by Chanseok Oh (2016)
[UWrMaxSAT] meta file: p4_A-n32-k5_r24v4k2.meta
[UWrMaxSAT] meta loaded OK.
[UWrMaxSAT] Loaded 1981 assumption literals from p4_A-n32-k5_r23v4k2.wcnf.asm
c Parsing MaxSAT file...
c Start timer (tic-tac ...)
c c Found solution: 560619
c ============================[  Problem Statistics ]============================
c |  Number of variables:          4400                                         |
c |  Number of clauses:           21663 (incl.          675 soft in queue)      |
c ===============================================================================
c [UWrMaxSAT] Timeout reached.
c [1mOptimal solution: 560619[0m
c _______________________________________________________________________________
c 
c restarts               : 23575744
c conflicts              : 191            (3 /sec)
c decisions              : 1972           (0.00 % random) (35 /sec)
c propagations           : 511803         (8993 /sec)
c conflict literals      : 357            (2.72 % deleted)
c =======================[ UWrMaxSat resources usage ]===========================
c Memory used            : 29.00 MB
c CPU time               : 56.9117 s
c _______________________________________________________________________________
o 560619
s OPTIMUM FOUND
v 7 148 205 317 353 405 442 458 492 608 635 659 687 830 846 901 944 1014 1131 1172 1229 1266 1341 1352 1429 1466 1482 1511 1590 1659 1696 1711 1840 1870 1925 2020 2050 2052 2054 2056 2070 2071 2072 2073 2074 2075 2076 2077 2078 2079 2080 2081 2082 2083 2084 2085 2086 2088 2089 2090 2091 2092 2093 2094 2095 2096 2097 2098 2099 2100 2101 2102 2103 2104 2105 2106 2107 2108 2109 2110 2111 2112 2113 2114 2115 2116 2117 2119 2120 2121 2122 2123 2124 2125 2126 2127 2128 2129 2130 2131 2132 2133 2134 2135 2136 2137 2138 2139 2140 2141 2142 2143 2144 2145 2146 2147 2148 2151 2152 2153 2154 2155 2156 2157 2158 2159 2160 2161 2162 2163 2164 2165 2166 2167 2168 2169 2170 2171 2172 2173 2174 2175 2176 2177 2178 2179 2186 2187 2188 2189 2190 2191 2192 2193 2194 2195 2196 2197 2198 2199 2200 2201 2202 2203 2204 2205 2206 2207 2208 2209 2210 2220 2221 2222 2223 2224 2225 2226 2227 2228 2229 2230 2231 2232 2233 2234 2235 2236 2237 2238 2239 2240 2241 2265 2266 2267 2268 2269 2270 2271 2272 2275 2276 2277 2278 2279 2280 2281 2282 2283 2284 2285 2286 2287 2288 2289 2290 2291 2292 2293 2294 2295 2296 2297 2298 2299 2300 2301 2302 2303 2307 2308 2309 2310 2311 2312 2313 2314 2315 2316 2317 2318 2319 2320 2321 2322 2323 2324 2325 2326 2327 2328 2329 2330 2331 2332 2333 2334 2339 2340 2341 2342 2343 2344 2345 2346 2347 2348 2349 2350 2351 2352 2353 2354 2355 2356 2357 2358 2359 2360 2361 2362 2363 2364 2365 2367 2368 2369 2370 2371 2372 2373 2374 2375 2376 2377 2378 2379 2380 2381 2382 2383 2384 2385 2386 2387 2388 2389 2390 2391 2392 2393 2394 2395 2396 2410 2411 2412 2413 2414 2415 2416 2417 2418 2419 2420 2421 2422 2423 2424 2425 2426 2427 2452 2453 2454 2455 2456 2457 2458 2468 2469 2470 2471 2472 2473 2474 2475 2476 2477 2478 2479 2480 2481 2482 2483 2484 2485 2486 2487 2488 2489 2493 2494 2495 2496 2497 2498 2499 2500 2501 2502 2503 2504 2505 2506 2507 2508 2509 2510 2511 2512 2513 2514 2515 2516 2517 2518 2519 2520 2533 2534 2535 2536 2537 2538 2539 2540 2541 2542 2543 2544 2545 2546 2547 2548 2549 2550 2551 2554 2555 2556 2557 2558 2559 2560 2561 2562 2563 2564 2565 2566 2567 2568 2569 2570 2571 2572 2573 2574 2575 2576 2577 2578 2579 2580 2581 2582 2586 2587 2588 2589 2590 2591 2592 2593 2594 2595 2596 2597 2598 2599 2600 2601 2602 2603 2604 2605 2606 2607 2608 2609 2610 2611 2612 2613 2640 2641 2642 2643 2644 2652 2653 2654 2655 2656 2657 2658 2659 2660 2661 2662 2663 2664 2665 2666 2667 2668 2669 2670 2671 2672 2673 2674 2675 2701 2702 2703 2704 2705 2706 2709 2710 2711 2712 2713 2714 2715 2716 2717 2718 2719 2720 2721 2722 2723 2724 2725 2726 2727 2728 2729 2730 2731 2732 2733 2734 2735 2736 2737 2740 2741 2742 2743 2744 2745 2746 2747 2748 2749 2750 2751 2752 2753 2754 2755 2756 2757 2758 2759 2760 2761 2762 2763 2764 2765 2766 2767 2768 2795 2796 2797 2798 2799 2816 2817 2818 2819 2820 2821 2822 2823 2824 2825 2826 2827 2828 2829 2830 2841 2842 2843 2844 2845 2846 2847 2848 2849 2850 2851 2852 2853 2854 2855 2856 2857 2858 2859 2860 2861 2870 2871 2872 2873 2874 2875 2876 2877 2878 2879 2880 2881 2882 2883 2884 2885 2886 2887 2888 2889 2890 2891 2892 2894 2895 2896 2897 2898 2899 2900 2901 2902 2903 2904 2905 2906 2907 2908 2909 2910 2911 2912 2913 2914 2915 2916 2917 2918 2919 2920 2921 2922 2923 2929 2930 2931 2932 2933 2934 2935 2936 2937 2938 2939 2940 2941 2942 2943 2944 2945 2946 2947 2948 2949 2950 2951 2952 2953 2954 2966 2967 2968 2969 2970 2971 2972 2973 2974 2975 2976 2977 2978 2979 2980 2981 2982 2983 2984 2985 2989 2990 2991 2992 2993 2994 2995 2996 2997 2998 2999 3000 3001 3002 3003 3004 3005 3006 3007 3008 3009 3010 3011 3012 3013 3014 3015 3016 3031 3032 3033 3034 3035 3036 3037 3038 3039 3040 3041 3042 3043 3044 3045 3046 3047 3050 3051 3052 3053 3054 3055 3056 3057 3058 3059 3060 3061 3062 3063 3064 3065 3066 3067 3068 3069 3070 3071 3072 3073 3074 3075 3076 3077 3078 3081 3082 3083 3084 3085 3086 3087 3088 3089 3090 3091 3092 3093 3094 3095 3096 3097 3098 3099 3100 3101 3102 3103 3104 3105 3106 3107 3108 3109 3111 3112 3113 3114 3115 3116 3117 3118 3119 3120 3121 3122 3123 3124 3125 3126 3127 3128 3129 3130 3131 3132 3133 3134 3135 3136 3137 3138 3139 3140 3157 3158 3159 3160 3161 3162 3163 3164 3165 3166 3167 3168 3169 3170 3171 3175 3176 3177 3178 3179 3180 3181 3182 3183 3184 3185 3186 3187 3188 3189 3190 3191 3192 3193 3194 3195 3196 3197 3198 3199 3200 3201 3202 3232 3233 3237 3238 3239 3240 3241 3242 3243 3244 3245 3246 3247 3248 3249 3250 3251 3252 3253 3254 3255 3256 3257 3258 3259 3260 3261 3262 3263 3264 3310 3311 3312 3313 3314 3315 3316 3317 3318 3319 3320 3321 3322 3323 3324 3325 3326 3329 3330 3331 3332 3333 3334 3335 3336 3337 3338 3339 3340 3341 3342 3343 3344 3345 3346 3347 3348 3349 3350 3351 3352 3353 3354 3355 3356 3357 3373 3374 3375 3376 3377 3378 3379 3380 3381 3382 3383 3384 3385 3386 3387 3388 3419 3446 3447 3448 3449 3450 3464 3465 3466 3467 3468 3469 3470 3471 3472 3473 3474 3475 3476 3477 3478 3479 3480 3481 3510 3511 3512 3517 3518 3519 3520 3521 3522 3523 3524 3525 3526 3527 3528 3529 3530 3531 3532 3533 3534 3535 3536 3537 3538 3539 3540 3541 3542 3543 3555 3556 3557 3558 3559 3560 3561 3562 3563 3564 3565 3566 3567 3568 3569 3570 3571 3572 3573 3574 3578 3579 3580 3581 3582 3583 3584 3585 3586 3587 3588 3589 3590 3591 3592 3593 3594 3595 3596 3597 3598 3599 3600 3601 3602 3603 3604 3605 3630 3631 3632 3633 3634 3635 3636 3680 3681 3682 3683 3684 3685 3686 3687 3688 3689 3690 3691 3692 3693 3694 3695 3696 3697 3698 3700 3701 3702 3703 3704 3705 3706 3707 3708 3709 3710 3711 3712 3713 3714 3715 3716 3717 3718 3719 3720 3721 3722 3723 3724 3725 3726 3727 3728 3729 3819 3820 3821 3822 3848 3849 3850 3851 3852 3853 3856 3857 3858 3859 3860 3861 3862 3863 3864 3865 3866 3867 3868 3869 3870 3871 3872 3873 3874 3875 3876 3877 3878 3879 3880 3881 3882 3883 3884 3900 3901 3902 3903 3904 3905 3906 3907 3908 3909 3910 3911 3912 3913 3914 3915 3946 3952 3953 3954 3955 3956 3957 3958 3959 3960 3961 3962 3963 3964 3965 3966 3967 3968 3969 3970 3971 3972 3973 3974 3975 3976 3977 3979 4008 4116 4145 4185 4227 4266 4295 4316 4383 4435 4462 4502 4535 4544 4585 4605 4645 4673 4728 4770 4806 4844 4879 4946 4973 5003 5022 5023 5024 5035 5036 5037 5038 5039 5040 5041 5042 5043 5044 5045 5046 5047 5048 5049 5050 5051 5052 5053 5054 5055 5056 5057 5148 5149 5150 5166 5167 5168 5169 5170 5171 5172 5173 5174 5175 5176 5177 5178 5179 5180 5181 5220 5221 5222 5223 5224 5225 5226 5227 5228 5229 5230 5231 5232 5233 5234 5235 5236 5237 5238 5239 5240 5241 5242 5243 5270 5271 5272 5273 5274 5299 5300 5301 5302 5303 5304 5305 5327 5328 5329 5330 5331 5332 5333 5334 5335 5336 5364 5365 5366 5367 5405 5406 5407 5408 5409 5410 5411 5412 5413 5414 5415 5416 5417 5418 5419 5420 5421 5422 5423 5424 5425 5426 5427 5428 5429 5442 5443 5444 5445 5446 5447 5448 5449 5450 5451 5452 5453 5454 5455 5456 5457 5458 5459 5460 5483 5484 5485 5486 5487 5488 5489 5490 5491 5501 5502 5503 5504 5505 5506 5507 5508 5509 5510 5511 5512 5513 5514 5515 5516 5517 5518 5519 5520 5521 5522 5526 5527 5528 5529 5530 5531 5532 5533 5534 5535 5536 5537 5538 5539 5540 5541 5542 5543 5544 5545 5546 5547 5548 5549 5550 5551 5552 5553 5579 5580 5581 5582 5583 5584 5587 5588 5589 5590 5591 5592 5593 5594 5595 5596 5597 5598 5599 5600 5601 5602 5603 5604 5605 5606 5607 5608 5609 5610 5611 5612 5613 5614 5615 5630 5631 5632 5633 5634 5635 5636 5637 5638 5639 5640 5641 5642 5643 5644 5645 5646 5652 5653 5654 5655 5656 5657 5658 5659 5660 5661 5662 5663 5664 5665 5666 5667 5668 5669 5670 5671 5672 5673 5674 5675 5676 5677 5701 5702 5703 5704 5705 5706 5707 5708 5739 5791 5792 5793 5794 5795 5796 5797 5798 5799 5800 5801 5813 5814 5815 5816 5817 5818 5819 5820 5821 5822 5823 5824 5825 5826 5827 5828 5829 5830 5831 5832 5846 5847 5848 5849 5850 5851 5852 5853 5854 5855 5856 5857 5858 5859 5860 5861 5862 5863 5893 5894 5925 5936 5937 5938 5939 5940 5941 5942 5943 5944 5945 5946 5947 5948 5949 5950 5951 5952 5953 5954 5955 5956 5961 5962 5963 5964 5965 5966 5967 5968 5969 5970 5971 5972 5973 5974 5975 5976 5977 5978 5979 5980 5981 5982 5983 5984 5985 5986 5987 5991 5999 6001 6006 6016 6116 6157 6214 6251 6287 6326 6337 6362 6414 6451 6467 6501 6540 6562 6617 6644 6680 6696 6741 6839 6855 6877 6910 6953 6986 7024 7042 7043 7044 7047 7051 7076 7077 7078 7079 7080 7081 7152 7153 7154 7155 7156 7157 7158 7159 7160 7161 7162 7163 7164 7165 7166 7167 7168 7169 7170 7171 7172 7173 7174 7192 7193 7194 7195 7196 7197 7198 7199 7200 7201 7202 7203 7204 7205 7263 7264 7265 7266 7267 7278 7279 7280 7281 7282 7283 7284 7285 7286 7287 7288 7289 7290 7291 7292 7293 7294 7295 7296 7297 7298 7311 7312 7313 7314 7315 7316 7317 7318 7319 7320 7321 7322 7323 7324 7325 7326 7327 7328 7329 7345 7346 7347 7348 7349 7350 7351 7352 7353 7354 7355 7356 7357 7358 7359 7360 7370 7371 7372 7373 7374 7375 7376 7377 7378 7379 7380 7381 7382 7383 7384 7385 7386 7387 7388 7389 7390 7391 7416 7417 7418 7419 7420 7421 7422 7450 7451 7452 7453 7474 7475 7476 7477 7478 7479 7480 7481 7482 7483 7484 7499 7500 7501 7502 7503 7504 7505 7506 7507 7508 7509 7510 7511 7512 7513 7514 7515 7539 7540 7541 7542 7543 7544 7545 7546 7577 7589 7590 7591 7592 7593 7594 7595 7596 7597 7598 7599 7600 7601 7602 7603 7604 7605 7606 7607 7608 7658 7659 7660 7661 7662 7663 7664 7665 7666 7667 7668 7669 7670 7699 7700 7701 7715 7716 7717 7718 7719 7720 7721 7722 7723 7724 7725 7726 7727 7728 7729 7730 7731 7732 7739 7740 7741 7742 7743 7744 7745 7746 7747 7748 7749 7750 7751 7752 7753 7754 7755 7756 7757 7758 7759 7760 7761 7762 7763 7847 7848 7849 7850 7851 7852 7853 7854 7855 7856 7876 7877 7878 7879 7880 7881 7882 7883 7884 7885 7886 7887 7895 7896 7897 7898 7899 7900 7901 7902 7903 7904 7905 7906 7907 7908 7909 7910 7911 7912 7913 7914 7915 7916 7917 7918 7935 7936 7937 7938 7939 7940 7941 7942 7943 7944 7945 7946 7947 7948 7949 7972 7973 7974 7975 7976 7977 7978 7979 7980 8010 8011 8016
c Using COMiniSatPS SAT solver by Chanseok Oh (2016)
[UWrMaxSAT] meta file: p4_A-n32-k5_r24v5k2.meta
[UWrMaxSAT] meta loaded OK.
[UWrMaxSAT] Loaded 1981 assumption literals from p4_A-n32-k5_r24v4k2.wcnf.asm
c Parsing MaxSAT file...
c Start timer (tic-tac ...)
c c Found solution: 722212
c ============================[  Problem Statistics ]============================
c |  Number of variables:          5499                                         |
c |  Number of clauses:           27127 (incl.          843 soft in queue)      |
c ===============================================================================
c [Elapsed time] 0.04 s
c Found solution: 720627
c [Elapsed time] 0.05 s
c Found solution: 713082
c [Elapsed time] 0.05 s
c Found solution: 710053
c [Elapsed time] 0.05 s
c Found solution: 706017
c [UWrMaxSAT] Timeout reached.
c [1mOptimal solution: 706017[0m
c _______________________________________________________________________________
c 
c restarts               : 22883316
c conflicts              : 1388           (25 /sec)
c decisions              : 10035          (0.00 % random) (177 /sec)
c propagations           : 524802         (9270 /sec)
c conflict literals      : 10635          (17.47 % deleted)
c =======================[ UWrMaxSat resources usage ]===========================
c Memory used            : 32.00 MB
c CPU time               : 56.6106 s
c OptExp Enc: Srt/BDD/Add: 2 0 0
c _______________________________________________________________________________
o 706017
s OPTIMUM FOUND
v 7 148 205 317 353 405 442 458 492 608 635 659 687 830 846 901 944 1014 1131 1172 1229 1266 1341 1352 1429 1466 1482 1511 1590 1659 1696 1711 1840 1870 1925 2020 2050 2052 2054 2056 2070 2071 2072 2073 2074 2075 2076 2077 2078 2079 2080 2081 2082 2083 2084 2085 2086 2088 2089 2090 2091 2092 2093 2094 2095 2096 2097 2098 2099 2100 2101 2102 2103 2104 2105 2106 2107 2108 2109 2110 2111 2112 2113 2114 2115 2116 2117 2119 2120 2121 2122 2123 2124 2125 2126 2127 2128 2129 2130 2131 2132 2133 2134 2135 2136 2137 2138 2139 2140 2141 2142 2143 2144 2145 2146 2147 2148 2151 2152 2153 2154 2155 2156 2157 2158 2159 2160 2161 2162 2163 2164 2165 2166 2167 2168 2169 2170 2171 2172 2173 2174 2175 2176 2177 2178 2179 2186 2187 2188 2189 2190 2191 2192 2193 2194 2195 2196 2197 2198 2199 2200 2201 2202 2203 2204 2205 2206 2207 2208 2209 2210 2220 2221 2222 2223 2224 2225 2226 2227 2228 2229 2230 2231 2232 2233 2234 2235 2236 2237 2238 2239 2240 2241 2265 2266 2267 2268 2269 2270 2271 2272 2275 2276 2277 2278 2279 2280 2281 2282 2283 2284 2285 2286 2287 2288 2289 2290 2291 2292 2293 2294 2295 2296 2297 2298 2299 2300 2301 2302 2303 2307 2308 2309 2310 2311 2312 2313 2314 2315 2316 2317 2318 2319 2320 2321 2322 2323 2324 2325 2326 2327 2328 2329 2330 2331 2332 2333 2334 2339 2340 2341 2342 2343 2344 2345 2346 2347 2348 2349 2350 2351 2352 2353 2354 2355 2356 2357 2358 2359 2360 2361 2362 2363 2364 2365 2367 2368 2369 2370 2371 2372 2373 2374 2375 2376 2377 2378 2379 2380 2381 2382 2383 2384 2385 2386 2387 2388 2389 2390 2391 2392 2393 2394 2395 2396 2410 2411 2412 2413 2414 2415 2416 2417 2418 2419 2420 2421 2422 2423 2424 2425 2426 2427 2452 2453 2454 2455 2456 2457 2458 2468 2469 2470 2471 2472 2473 2474 2475 2476 2477 2478 2479 2480 2481 2482 2483 2484 2485 2486 2487 2488 2489 2493 2494 2495 2496 2497 2498 2499 2500 2501 2502 2503 2504 2505 2506 2507 2508 2509 2510 2511 2512 2513 2514 2515 2516 2517 2518 2519 2520 2533 2534 2535 2536 2537 2538 2539 2540 2541 2542 2543 2544 2545 2546 2547 2548 2549 2550 2551 2554 2555 2556 2557 2558 2559 2560 2561 2562 2563 2564 2565 2566 2567 2568 2569 2570 2571 2572 2573 2574 2575 2576 2577 2578 2579 2580 2581 2582 2586 2587 2588 2589 2590 2591 2592 2593 2594 2595 2596 2597 2598 2599 2600 2601 2602 2603 2604 2605 2606 2607 2608 2609 2610 2611 2612 2613 2640 2641 2642 2643 2644 2652 2653 2654 2655 2656 2657 2658 2659 2660 2661 2662 2663 2664 2665 2666 2667 2668 2669 2670 2671 2672 2673 2674 2675 2701 2702 2703 2704 2705 2706 2709 2710 2711 2712 2713 2714 2715 2716 2717 2718 2719 2720 2721 2722 2723 2724 2725 2726 2727 2728 2729 2730 2731 2732 2733 2734 2735 2736 2737 2740 2741 2742 2743 2744 2745 2746 2747 2748 2749 2750 2751 2752 2753 2754 2755 2756 2757 2758 2759 2760 2761 2762 2763 2764 2765 2766 2767 2768 2795 2796 2797 2798 2799 2816 2817 2818 2819 2820 2821 2822 2823 2824 2825 2826 2827 2828 2829 2830 2841 2842 2843 2844 2845 2846 2847 2848 2849 2850 2851 2852 2853 2854 2855 2856 2857 2858 2859 2860 2861 2870 2871 2872 2873 2874 2875 2876 2877 2878 2879 2880 2881 2882 2883 2884 2885 2886 2887 2888 2889 2890 2891 2892 2894 2895 2896 2897 2898 2899 2900 2901 2902 2903 2904 2905 2906 2907 2908 2909 2910 2911 2912 2913 2914 2915 2916 2917 2918 2919 2920 2921 2922 2923 2929 2930 2931 2932 2933 2934 2935 2936 2937 2938 2939 2940 2941 2942 2943 2944 2945 2946 2947 2948 2949 2950 2951 2952 2953 2954 2966 2967 2968 2969 2970 2971 2972 2973 2974 2975 2976 2977 2978 2979 2980 2981 2982 2983 2984 2985 2987 2988 2989 2990 2991 2992 2993 2994 2995 2996 2997 2998 2999 3000 3001 3002 3003 3004 3005 3006 3007 3008 3009 3010 3011 3012 3013 3014 3015 3016 3031 3032 3033 3034 3035 3036 3037 3038 3039 3040 3041 3042 3043 3044 3045 3046 3047 3050 3051 3052 3053 3054 3055 3056 3057 3058 3059 3060 3061 3062 3063 3064 3065 3066 3067 3068 3069 3070 3071 3072 3073 3074 3075 3076 3077 3078 3080 3081 3082 3083 3084 3085 3086 3087 3088 3089 3090 3091 3092 3093 3094 3095 3096 3097 3098 3099 3100 3101 3102 3103 3104 3105 3106 3107 3108 3109 3111 3112 3113 3114 3115 3116 3117 3118 3119 3120 3121 3122 3123 3124 3125 3126 3127 3128 3129 3130 3131 3132 3133 3134 3135 3136 3137 3138 3139 3140 3156 3157 3158 3159 3160 3161 3162 3163 3164 3165 3166 3167 3168 3169 3170 3171 3175 3176 3177 3178 3179 3180 3181 3182 3183 3184 3185 3186 3187 3188 3189 3190 3191 3192 3193 3194 3195 3196 3197 3198 3199 3200 3201 3202 3232 3233 3237 3238 3239 3240 3241 3242 3243 3244 3245 3246 3247 3248 3249 3250 3251 3252 3253 3254 3255 3256 3257 3258 3259 3260 3261 3262 3263 3264 3309 3310 3311 3312 3313 3314 3315 3316 3317 3318 3319 3320 3321 3322 3323 3324 3325 3326 3329 3330 3331 3332 3333 3334 3335 3336 3337 3338 3339 3340 3341 3342 3343 3344 3345 3346 3347 3348 3349 3350 3351 3352 3353 3354 3355 3356 3357 3373 3374 3375 3376 3377 3378 3379 3380 3381 3382 3383 3384 3385 3386 3387 3388 3419 3446 3447 3448 3449 3450 3463 3464 3465 3466 3467 3468 3469 3470 3471 3472 3473 3474 3475 3476 3477 3478 3479 3480 3481 3510 3511 3512 3517 3518 3519 3520 3521 3522 3523 3524 3525 3526 3527 3528 3529 3530 3531 3532 3533 3534 3535 3536 3537 3538 3539 3540 3541 3542 3543 3554 3555 3556 3557 3558 3559 3560 3561 3562 3563 3564 3565 3566 3567 3568 3569 3570 3571 3572 3573 3574 3578 3579 3580 3581 3582 3583 3584 3585 3586 3587 3588 3589 3590 3591 3592 3593 3594 3595 3596 3597 3598 3599 3600 3601 3602 3603 3604 3605 3622 3623 3624 3625 3626 3627 3628 3629 3630 3631 3632 3633 3634 3635 3636 3679 3680 3681 3682 3683 3684 3685 3686 3687 3688 3689 3690 3691 3692 3693 3694 3695 3696 3697 3698 3700 3701 3702 3703 3704 3705 3706 3707 3708 3709 3710 3711 3712 3713 3714 3715 3716 3717 3718 3719 3720 3721 3722 3723 3724 3725 3726 3727 3728 3729 3819 3820 3821 3822 3848 3849 3850 3851 3852 3853 3856 3857 3858 3859 3860 3861 3862 3863 3864 3865 3866 3867 3868 3869 3870 3871 3872 3873 3874 3875 3876 3877 3878 3879 3880 3881 3882 3883 3884 3899 3900 3901 3902 3903 3904 3905 3906 3907 3908 3909 3910 3911 3912 3913 3914 3915 3946 3948 3949 3950 3951 3952 3953 3954 3955 3956 3957 3958 3959 3960 3961 3962 3963 3964 3965 3966 3967 3968 3969 3970 3971 3972 3973 3974 3975 3976 3977 3979 4008 4116 4145 4185 4227 4266 4295 4316 4383 4435 4462 4502 4535 4544 4585 4605 4645 4673 4728 4770 4806 4844 4879 4946 4973 5003 5022 5023 5024 5035 5036 5037 5038 5039 5040 5041 5042 5043 5044 5045 5046 5047 5048 5049 5050 5051 5052 5053 5054 5055 5056 5057 5081 5082 5083 5084 5085 5086 5087 5088 5113 5114 5115 5116 5117 5118 5119 5148 5149 5150 5166 5167 5168 5169 5170 5171 5172 5173 5174 5175 5176 5177 5178 5179 5180 5181 5206 5207 5208 5209 5210 5211 5212 5220 5221 5222 5223 5224 5225 5226 5227 5228 5229 5230 5231 5232 5233 5234 5235 5236 5237 5238 5239 5240 5241 5242 5243 5270 5271 5272 5273 5274 5299 5300 5301 5302 5303 5304 5305 5327 5328 5329 5330 5331 5332 5333 5334 5335 5336 5364 5365 5366 5367 5398 5405 5406 5407 5408 5409 5410 5411 5412 5413 5414 5415 5416 5417 5418 5419 5420 5421 5422 5423 5424 5425 5426 5427 5428 5429 5442 5443 5444 5445 5446 5447 5448 5449 5450 5451 5452 5453 5454 5455 5456 5457 5458 5459 5460 5483 5484 5485 5486 5487 5488 5489 5490 5491 5501 5502 5503 5504 5505 5506 5507 5508 5509 5510 5511 5512 5513 5514 5515 5516 5517 5518 5519 5520 5521 5522 5526 5527 5528 5529 5530 5531 5532 5533 5534 5535 5536 5537 5538 5539 5540 5541 5542 5543 5544 5545 5546 5547 5548 5549 5550 5551 5552 5553 5579 5580 5581 5582 5583 5584 5587 5588 5589 5590 5591 5592 5593 5594 5595 5596 5597 5598 5599 5600 5601 5602 5603 5604 5605 5606 5607 5608 5609 5610 5611 5612 5613 5614 5615 5630 5631 5632 5633 5634 5635 5636 5637 5638 5639 5640 5641 5642 5643 5644 5645 5646 5652 5653 5654 5655 5656 5657 5658 5659 5660 5661 5662 5663 5664 5665 5666 5667 5668 5669 5670 5671 5672 5673 5674 5675 5676 5677 5701 5702 5703 5704 5705 5706 5707 5708 5739 5791 5792 5793 5794 5795 5796 5797 5798 5799 5800 5801 5813 5814 5815 5816 5817 5818 5819 5820 5821 5822 5823 5824 5825 5826 5827 5828 5829 5830 5831 5832 5846 5847 5848 5849 5850 5851 5852 5853 5854 5855 5856 5857 5858 5859 5860 5861 5862 5863 5893 5894 5925 5936 5937 5938 5939 5940 5941 5942 5943 5944 5945 5946 5947 5948 5949 5950 5951 5952 5953 5954 5955 5956 5961 5962 5963 5964 5965 5966 5967 5968 5969 5970 5971 5972 5973 5974 5975 5976 5977 5978 5979 5980 5981 5982 5983 5984 5985 5986 5987 5991 5999 6001 6006 6016 6116 6157 6214 6251 6287 6326 6337 6362 6414 6451 6467 6501 6540 6562 6617 6644 6680 6696 6741 6839 6855 6877 6910 6953 6986 7024 7042 7043 7044 7047 7051 7076 7077 7078 7079 7080 7081 7097 7098 7099 7100 7101 7102 7103 7104 7105 7106 7107 7108 7109 7110 7111 7112 7127 7128 7129 7130 7131 7132 7133 7134 7135 7136 7137 7138 7139 7140 7141 7142 7143 7152 7153 7154 7155 7156 7157 7158 7159 7160 7161 7162 7163 7164 7165 7166 7167 7168 7169 7170 7171 7172 7173 7174 7192 7193 7194 7195 7196 7197 7198 7199 7200 7201 7202 7203 7204 7205 7222 7223 7224 7225 7226 7227 7228 7229 7230 7231 7232 7233 7234 7235 7236 7263 7264 7265 7266 7267 7278 7279 7280 7281 7282 7283 7284 7285 7286 7287 7288 7289 7290 7291 7292 7293 7294 7295 7296 7297 7298 7311 7312 7313 7314 7315 7316 7317 7318 7319 7320 7321 7322 7323 7324 7325 7326 7327 7328 7329 7345 7346 7347 7348 7349 7350 7351 7352 7353 7354 7355 7356 7357 7358 7359 7360 7370 7371 7372 7373 7374 7375 7376 7377 7378 7379 7380 7381 7382 7383 7384 7385 7386 7387 7388 7389 7390 7391 7416 7417 7418 7419 7420 7421 7422 7450 7451 7452 7453 7474 7475 7476 7477 7478 7479 7480 7481 7482 7483 7484 7499 7500 7501 7502 7503 7504 7505 7506 7507 7508 7509 7510 7511 7512 7513 7514 7515 7539 7540 7541 7542 7543 7544 7545 7546 7577 7589 7590 7591 7592 7593 7594 7595 7596 7597 7598 7599 7600 7601 7602 7603 7604 7605 7606 7607 7608 7658 7659 7660 7661 7662 7663 7664 7665 7666 7667 7668 7669 7670 7699 7700 7701 7715 7716 7717 7718 7719 7720 7721 7722 7723 7724 7725 7726 7727 7728 7729 7730 7731 7732 7739 7740 7741 7742 7743 7744 7745 7746 7747 7748 7749 7750 7751 7752 7753 7754 7755 7756 7757 7758 7759 7760 7761 7762 7763 7847 7848 7849 7850 7851 7852 7853 7854 7855 7856 7876 7877 7878 7879 7880 7881 7882 7883 7884 7885 7886 7887 7895 7896 7897 7898 7899 7900 7901 7902 7903 7904 7905 7906 7907 7908 7909 7910 7911 7912 7913 7914 7915 7916 7917 7918 7935 7936 7937 7938 7939 7940 7941 7942 7943 7944 7945 7946 7947 7948 7949 7972 7973 7974 7975 7976 7977 7978 7979 7980 8010 8011 8016 8074 8160 8193 8228 8244 8271 8310 8360 8427 8479 8506 8542 8579 8588 8629 8649 8689 8717 8742 8850 8888 8923 8947 9017 9047 9073 9081 9083 9084
c Using COMiniSatPS SAT solver by Chanseok Oh (2016)
[UWrMaxSAT] meta file: p4_A-n32-k5_r24v5k3.meta
[UWrMaxSAT] meta loaded OK.
[UWrMaxSAT] Loaded 2102 assumption literals from p4_A-n32-k5_r24v5k2.wcnf.asm
c Parsing MaxSAT file...
c Start timer (tic-tac ...)
c c Found solution: 706017
c ============================[  Problem Statistics ]============================
c |  Number of variables:          5629                                         |
c |  Number of clauses:           32037 (incl.          973 soft in queue)      |
c ===============================================================================
c [UWrMaxSAT] Timeout reached.
c [1mOptimal solution: 706017[0m
c _______________________________________________________________________________
c 
c restarts               : 21570557
c conflicts              : 83             (1 /sec)
c decisions              : 1461           (0.00 % random) (26 /sec)
c propagations           : 310021         (5526 /sec)
c conflict literals      : 162            (3.57 % deleted)
c =======================[ UWrMaxSat resources usage ]===========================
c Memory used            : 32.00 MB
c CPU time               : 56.0978 s
c _______________________________________________________________________________
o 706017
s OPTIMUM FOUND
v 7 148 205 317 353 405 442 458 492 608 635 659 687 830 846 901 944 1014 1131 1172 1229 1266 1341 1352 1429 1466 1482 1511 1590 1659 1696 1711 1840 1870 1925 2020 2050 2052 2054 2056 2070 2071 2072 2073 2074 2075 2076 2077 2078 2079 2080 2081 2082 2083 2084 2085 2086 2088 2089 2090 2091 2092 2093 2094 2095 2096 2097 2098 2099 2100 2101 2102 2103 2104 2105 2106 2107 2108 2109 2110 2111 2112 2113 2114 2115 2116 2117 2119 2120 2121 2122 2123 2124 2125 2126 2127 2128 2129 2130 2131 2132 2133 2134 2135 2136 2137 2138 2139 2140 2141 2142 2143 2144 2145 2146 2147 2148 2151 2152 2153 2154 2155 2156 2157 2158 2159 2160 2161 2162 2163 2164 2165 2166 2167 2168 2169 2170 2171 2172 2173 2174 2175 2176 2177 2178 2179 2186 2187 2188 2189 2190 2191 2192 2193 2194 2195 2196 2197 2198 2199 2200 2201 2202 2203 2204 2205 2206 2207 2208 2209 2210 2220 2221 2222 2223 2224 2225 2226 2227 2228 2229 2230 2231 2232 2233 2234 2235 2236 2237 2238 2239 2240 2241 2265 2266 2267 2268 2269 2270 2271 2272 2275 2276 2277 2278 2279 2280 2281 2282 2283 2284 2285 2286 2287 2288 2289 2290 2291 2292 2293 2294 2295 2296 2297 2298 2299 2300 2301 2302 2303 2307 2308 2309 2310 2311 2312 2313 2314 2315 2316 2317 2318 2319 2320 2321 2322 2323 2324 2325 2326 2327 2328 2329 2330 2331 2332 2333 2334 2339 2340 2341 2342 2343 2344 2345 2346 2347 2348 2349 2350 2351 2352 2353 2354 2355 2356 2357 2358 2359 2360 2361 2362 2363 2364 2365 2367 2368 2369 2370 2371 2372 2373 2374 2375 2376 2377 2378 2379 2380 2381 2382 2383 2384 2385 2386 2387 2388 2389 2390 2391 2392 2393 2394 2395 2396 2410 2411 2412 2413 2414 2415 2416 2417 2418 2419 2420 2421 2422 2423 2424 2425 2426 2427 2452 2453 2454 2455 2456 2457 2458 2468 2469 2470 2471 2472 2473 2474 2475 2476 2477 2478 2479 2480 2481 2482 2483 2484 2485 2486 2487 2488 2489 2493 2494 2495 2496 2497 2498 2499 2500 2501 2502 2503 2504 2505 2506 2507 2508 2509 2510 2511 2512 2513 2514 2515 2516 2517 2518 2519 2520 2533 2534 2535 2536 2537 2538 2539 2540 2541 2542 2543 2544 2545 2546 2547 2548 2549 2550 2551 2554 2555 2556 2557 2558 2559 2560 2561 2562 2563 2564 2565 2566 2567 2568 2569 2570 2571 2572 2573 2574 2575 2576 2577 2578 2579 2580 2581 2582 2586 2587 2588 2589 2590 2591 2592 2593 2594 2595 2596 2597 2598 2599 2600 2601 2602 2603 2604 2605 2606 2607 2608 2609 2610 2611 2612 2613 2640 2641 2642 2643 2644 2652 2653 2654 2655 2656 2657 2658 2659 2660 2661 2662 2663 2664 2665 2666 2667 2668 2669 2670 2671 2672 2673 2674 2675 2701 2702 2703 2704 2705 2706 2709 2710 2711 2712 2713 2714 2715 2716 2717 2718 2719 2720 2721 2722 2723 2724 2725 2726 2727 2728 2729 2730 2731 2732 2733 2734 2735 2736 2737 2740 2741 2742 2743 2744 2745 2746 2747 2748 2749 2750 2751 2752 2753 2754 2755 2756 2757 2758 2759 2760 2761 2762 2763 2764 2765 2766 2767 2768 2795 2796 2797 2798 2799 2816 2817 2818 2819 2820 2821 2822 2823 2824 2825 2826 2827 2828 2829 2830 2841 2842 2843 2844 2845 2846 2847 2848 2849 2850 2851 2852 2853 2854 2855 2856 2857 2858 2859 2860 2861 2870 2871 2872 2873 2874 2875 2876 2877 2878 2879 2880 2881 2882 2883 2884 2885 2886 2887 2888 2889 2890 2891 2892 2894 2895 2896 2897 2898 2899 2900 2901 2902 2903 2904 2905 2906 2907 2908 2909 2910 2911 2912 2913 2914 2915 2916 2917 2918 2919 2920 2921 2922 2923 2929 2930 2931 2932 2933 2934 2935 2936 2937 2938 2939 2940 2941 2942 2943 2944 2945 2946 2947 2948 2949 2950 2951 2952 2953 2954 2966 2967 2968 2969 2970 2971 2972 2973 2974 2975 2976 2977 2978 2979 2980 2981 2982 2983 2984 2985 2987 2988 2989 2990 2991 2992 2993 2994 2995 2996 2997 2998 2999 3000 3001 3002 3003 3004 3005 3006 3007 3008 3009 3010 3011 3012 3013 3014 3015 3016 3031 3032 3033 3034 3035 3036 3037 3038 3039 3040 3041 3042 3043 3044 3045 3046 3047 3050 3051 3052 3053 3054 3055 3056 3057 3058 3059 3060 3061 3062 3063 3064 3065 3066 3067 3068 3069 3070 3071 3072 3073 3074 3075 3076 3077 3078 3080 3081 3082 3083 3084 3085 3086 3087 3088 3089 3090 3091 3092 3093 3094 3095 3096 3097 3098 3099 3100 3101 3102 3103 3104 3105 3106 3107 3108 3109 3111 3112 3113 3114 3115 3116 3117 3118 3119 3120 3121 3122 3123 3124 3125 3126 3127 3128 3129 3130 3131 3132 3133 3134 3135 3136 3137 3138 3139 3140 3156 3157 3158 3159 3160 3161 3162 3163 3164 3165 3166 3167 3168 3169 3170 3171 3175 3176 3177 3178 3179 3180 3181 3182 3183 3184 3185 3186 3187 3188 3189 3190 3191 3192 3193 3194 3195 3196 3197 3198 3199 3200 3201 3202 3232 3233 3237 3238 3239 3240 3241 3242 3243 3244 3245 3246 3247 3248 3249 3250 3251 3252 3253 3254 3255 3256 3257 3258 3259 3260 3261 3262 3263 3264 3309 3310 3311 3312 3313 3314 3315 3316 3317 3318 3319 3320 3321 3322 3323 3324 3325 3326 3329 3330 3331 3332 3333 3334 3335 3336 3337 3338 3339 3340 3341 3342 3343 3344 3345 3346 3347 3348 3349 3350 3351 3352 3353 3354 3355 3356 3357 3373 3374 3375 3376 3377 3378 3379 3380 3381 3382 3383 3384 3385 3386 3387 3388 3419 3446 3447 3448 3449 3450 3463 3464 3465 3466 3467 3468 3469 3470 3471 3472 3473 3474 3475 3476 3477 3478 3479 3480 3481 3510 3511 3512 3517 3518 3519 3520 3521 3522 3523 3524 3525 3526 3527 3528 3529 3530 3531 3532 3533 3534 3535 3536 3537 3538 3539 3540 3541 3542 3543 3554 3555 3556 3557 3558 3559 3560 3561 3562 3563 3564 3565 3566 3567 3568 3569 3570 3571 3572 3573 3574 3578 3579 3580 3581 3582 3583 3584 3585 3586 3587 3588 3589 3590 3591 3592 3593 3594 3595 3596 3597 3598 3599 3600 3601 3602 3603 3604 3605 3622 3623 3624 3625 3626 3627 3628 3629 3630 3631 3632 3633 3634 3635 3636 3679 3680 3681 3682 3683 3684 3685 3686 3687 3688 3689 3690 3691 3692 3693 3694 3695 3696 3697 3698 3700 3701 3702 3703 3704 3705 3706 3707 3708 3709 3710 3711 3712 3713 3714 3715 3716 3717 3718 3719 3720 3721 3722 3723 3724 3725 3726 3727 3728 3729 3819 3820 3821 3822 3848 3849 3850 3851 3852 3853 3856 3857 3858 3859 3860 3861 3862 3863 3864 3865 3866 3867 3868 3869 3870 3871 3872 3873 3874 3875 3876 3877 3878 3879 3880 3881 3882 3883 3884 3899 3900 3901 3902 3903 3904 3905 3906 3907 3908 3909 3910 3911 3912 3913 3914 3915 3946 3948 3949 3950 3951 3952 3953 3954 3955 3956 3957 3958 3959 3960 3961 3962 3963 3964 3965 3966 3967 3968 3969 3970 3971 3972 3973 3974 3975 3976 3977 3979 4008 4116 4145 4185 4227 4266 4295 4316 4383 4435 4462 4502 4535 4544 4585 4605 4645 4673 4728 4770 4806 4844 4879 4946 4973 5003 5022 5023 5024 5035 5036 5037 5038 5039 5040 5041 5042 5043 5044 5045 5046 5047 5048 5049 5050 5051 5052 5053 5054 5055 5056 5057 5081 5082 5083 5084 5085 5086 5087 5088 5113 5114 5115 5116 5117 5118 5119 5148 5149 5150 5166 5167 5168 5169 5170 5171 5172 5173 5174 5175 5176 5177 5178 5179 5180 5181 5206 5207 5208 5209 5210 5211 5212 5220 5221 5222 5223 5224 5225 5226 5227 5228 5229 5230 5231 5232 5233 5234 5235 5236 5237 5238 5239 5240 5241 5242 5243 5270 5271 5272 5273 5274 5299 5300 5301 5302 5303 5304 5305 5327 5328 5329 5330 5331 5332 5333 5334 5335 5336 5364 5365 5366 5367 5398 5405 5406 5407 5408 5409 5410 5411 5412 5413 5414 5415 5416 5417 5418 5419 5420 5421 5422 5423 5424 5425 5426 5427 5428 5429 5442 5443 5444 5445 5446 5447 5448 5449 5450 5451 5452 5453 5454 5455 5456 5457 5458 5459 5460 5483 5484 5485 5486 5487 5488 5489 5490 5491 5501 5502 5503 5504 5505 5506 5507 5508 5509 5510 5511 5512 5513 5514 5515 5516 5517 5518 5519 5520 5521 5522 5526 5527 5528 5529 5530 5531 5532 5533 5534 5535 5536 5537 5538 5539 5540 5541 5542 5543 5544 5545 5546 5547 5548 5549 5550 5551 5552 5553 5579 5580 5581 5582 5583 5584 5587 5588 5589 5590 5591 5592 5593 5594 5595 5596 5597 5598 5599 5600 5601 5602 5603 5604 5605 5606 5607 5608 5609 5610 5611 5612 5613 5614 5615 5630 5631 5632 5633 5634 5635 5636 5637 5638 5639 5640 5641 5642 5643 5644 5645 5646 5652 5653 5654 5655 5656 5657 5658 5659 5660 5661 5662 5663 5664 5665 5666 5667 5668 5669 5670 5671 5672 5673 5674 5675 5676 5677 5701 5702 5703 5704 5705 5706 5707 5708 5739 5791 5792 5793 5794 5795 5796 5797 5798 5799 5800 5801 5813 5814 5815 5816 5817 5818 5819 5820 5821 5822 5823 5824 5825 5826 5827 5828 5829 5830 5831 5832 5846 5847 5848 5849 5850 5851 5852 5853 5854 5855 5856 5857 5858 5859 5860 5861 5862 5863 5893 5894 5925 5936 5937 5938 5939 5940 5941 5942 5943 5944 5945 5946 5947 5948 5949 5950 5951 5952 5953 5954 5955 5956 5961 5962 5963 5964 5965 5966 5967 5968 5969 5970 5971 5972 5973 5974 5975 5976 5977 5978 5979 5980 5981 5982 5983 5984 5985 5986 5987 5991 5999 6001 6006 6016 6116 6157 6214 6251 6287 6326 6337 6362 6414 6451 6467 6501 6540 6562 6617 6644 6680 6696 6741 6839 6855 6877 6910 6953 6986 7024 7042 7043 7044 7047 7051 7076 7077 7078 7079 7080 7081 7097 7098 7099 7100 7101 7102 7103 7104 7105 7106 7107 7108 7109 7110 7111 7112 7127 7128 7129 7130 7131 7132 7133 7134 7135 7136 7137 7138 7139 7140 7141 7142 7143 7152 7153 7154 7155 7156 7157 7158 7159 7160 7161 7162 7163 7164 7165 7166 7167 7168 7169 7170 7171 7172 7173 7174 7192 7193 7194 7195 7196 7197 7198 7199 7200 7201 7202 7203 7204 7205 7222 7223 7224 7225 7226 7227 7228 7229 7230 7231 7232 7233 7234 7235 7236 7263 7264 7265 7266 7267 7278 7279 7280 7281 7282 7283 7284 7285 7286 7287 7288 7289 7290 7291 7292 7293 7294 7295 7296 7297 7298 7311 7312 7313 7314 7315 7316 7317 7318 7319 7320 7321 7322 7323 7324 7325 7326 7327 7328 7329 7345 7346 7347 7348 7349 7350 7351 7352 7353 7354 7355 7356 7357 7358 7359 7360 7370 7371 7372 7373 7374 7375 7376 7377 7378 7379 7380 7381 7382 7383 7384 7385 7386 7387 7388 7389 7390 7391 7416 7417 7418 7419 7420 7421 7422 7450 7451 7452 7453 7474 7475 7476 7477 7478 7479 7480 7481 7482 7483 7484 7499 7500 7501 7502 7503 7504 7505 7506 7507 7508 7509 7510 7511 7512 7513 7514 7515 7539 7540 7541 7542 7543 7544 7545 7546 7577 7589 7590 7591 7592 7593 7594 7595 7596 7597 7598 7599 7600 7601 7602 7603 7604 7605 7606 7607 7608 7658 7659 7660 7661 7662 7663 7664 7665 7666 7667 7668 7669 7670 7699 7700 7701 7715 7716 7717 7718 7719 7720 7721 7722 7723 7724 7725 7726 7727 7728 7729 7730 7731 7732 7739 7740 7741 7742 7743 7744 7745 7746 7747 7748 7749 7750 7751 7752 7753 7754 7755 7756 7757 7758 7759 7760 7761 7762 7763 7847 7848 7849 7850 7851 7852 7853 7854 7855 7856 7876 7877 7878 7879 7880 7881 7882 7883 7884 7885 7886 7887 7895 7896 7897 7898 7899 7900 7901 7902 7903 7904 7905 7906 7907 7908 7909 7910 7911 7912 7913 7914 7915 7916 7917 7918 7935 7936 7937 7938 7939 7940 7941 7942 7943 7944 7945 7946 7947 7948 7949 7972 7973 7974 7975 7976 7977 7978 7979 7980 8010 8011 8016 8074 8160 8193 8228 8244 8271 8310 8360 8427 8479 8506 8542 8579 8588 8629 8649 8689 8717 8742 8850 8888 8923 8947 9017 9047 9073 9081 9083 9084
c Using COMiniSatPS SAT solver by Chanseok Oh (2016)
[UWrMaxSAT] meta file: p4_A-n32-k5_r25v5k3.meta
[UWrMaxSAT] meta loaded OK.
[UWrMaxSAT] Loaded 2102 assumption literals from p4_A-n32-k5_r24v5k3.wcnf.asm
c Parsing MaxSAT file...
c Start timer (tic-tac ...)
c c Found solution: 730637
c ============================[  Problem Statistics ]============================
c |  Number of variables:          5634                                         |
c |  Number of clauses:           32219 (incl.          978 soft in queue)      |
c ===============================================================================
c [UWrMaxSAT] Timeout reached inside slice loop. Stopping.
c *** Interrupted ***
c [1mSATISFIABLE: Best solution found: 730637[0m
v 7 148 205 317 353 405 442 458 492 608 635 659 687 830 846 901 944 1014 1131 1172 1229 1266 1341 1352 1429 1466 1482 1511 1590 1659 1696 1711 1840 1870 1925 2020 2050 2052 2054 2056 2070 2071 2072 2073 2074 2075 2076 2077 2078 2079 2080 2081 2082 2083 2084 2085 2086 2088 2089 2090 2091 2092 2093 2094 2095 2096 2097 2098 2099 2100 2101 2102 2103 2104 2105 2106 2107 2108 2109 2110 2111 2112 2113 2114 2115 2116 2117 2119 2120 2121 2122 2123 2124 2125 2126 2127 2128 2129 2130 2131 2132 2133 2134 2135 2136 2137 2138 2139 2140 2141 2142 2143 2144 2145 2146 2147 2148 2151 2152 2153 2154 2155 2156 2157 2158 2159 2160 2161 2162 2163 2164 2165 2166 2167 2168 2169 2170 2171 2172 2173 2174 2175 2176 2177 2178 2179 2186 2187 2188 2189 2190 2191 2192 2193 2194 2195 2196 2197 2198 2199 2200 2201 2202 2203 2204 2205 2206 2207 2208 2209 2210 2220 2221 2222 2223 2224 2225 2226 2227 2228 2229 2230 2231 2232 2233 2234 2235 2236 2237 2238 2239 2240 2241 2265 2266 2267 2268 2269 2270 2271 2272 2275 2276 2277 2278 2279 2280 2281 2282 2283 2284 2285 2286 2287 2288 2289 2290 2291 2292 2293 2294 2295 2296 2297 2298 2299 2300 2301 2302 2303 2307 2308 2309 2310 2311 2312 2313 2314 2315 2316 2317 2318 2319 2320 2321 2322 2323 2324 2325 2326 2327 2328 2329 2330 2331 2332 2333 2334 2339 2340 2341 2342 2343 2344 2345 2346 2347 2348 2349 2350 2351 2352 2353 2354 2355 2356 2357 2358 2359 2360 2361 2362 2363 2364 2365 2367 2368 2369 2370 2371 2372 2373 2374 2375 2376 2377 2378 2379 2380 2381 2382 2383 2384 2385 2386 2387 2388 2389 2390 2391 2392 2393 2394 2395 2396 2410 2411 2412 2413 2414 2415 2416 2417 2418 2419 2420 2421 2422 2423 2424 2425 2426 2427 2452 2453 2454 2455 2456 2457 2458 2468 2469 2470 2471 2472 2473 2474 2475 2476 2477 2478 2479 2480 2481 2482 2483 2484 2485 2486 2487 2488 2489 2493 2494 2495 2496 2497 2498 2499 2500 2501 2502 2503 2504 2505 2506 2507 2508 2509 2510 2511 2512 2513 2514 2515 2516 2517 2518 2519 2520 2533 2534 2535 2536 2537 2538 2539 2540 2541 2542 2543 2544 2545 2546 2547 2548 2549 2550 2551 2554 2555 2556 2557 2558 2559 2560 2561 2562 2563 2564 2565 2566 2567 2568 2569 2570 2571 2572 2573 2574 2575 2576 2577 2578 2579 2580 2581 2582 2586 2587 2588 2589 2590 2591 2592 2593 2594 2595 2596 2597 2598 2599 2600 2601 2602 2603 2604 2605 2606 2607 2608 2609 2610 2611 2612 2613 2640 2641 2642 2643 2644 2652 2653 2654 2655 2656 2657 2658 2659 2660 2661 2662 2663 2664 2665 2666 2667 2668 2669 2670 2671 2672 2673 2674 2675 2701 2702 2703 2704 2705 2706 2709 2710 2711 2712 2713 2714 2715 2716 2717 2718 2719 2720 2721 2722 2723 2724 2725 2726 2727 2728 2729 2730 2731 2732 2733 2734 2735 2736 2737 2740 2741 2742 2743 2744 2745 2746 2747 2748 2749 2750 2751 2752 2753 2754 2755 2756 2757 2758 2759 2760 2761 2762 2763 2764 2765 2766 2767 2768 2795 2796 2797 2798 2799 2816 2817 2818 2819 2820 2821 2822 2823 2824 2825 2826 2827 2828 2829 2830 2841 2842 2843 2844 2845 2846 2847 2848 2849 2850 2851 2852 2853 2854 2855 2856 2857 2858 2859 2860 2861 2870 2871 2872 2873 2874 2875 2876 2877 2878 2879 2880 2881 2882 2883 2884 2885 2886 2887 2888 2889 2890 2891 2892 2894 2895 2896 2897 2898 2899 2900 2901 2902 2903 2904 2905 2906 2907 2908 2909 2910 2911 2912 2913 2914 2915 2916 2917 2918 2919 2920 2921 2922 2923 2929 2930 2931 2932 2933 2934 2935 2936 2937 2938 2939 2940 2941 2942 2943 2944 2945 2946 2947 2948 2949 2950 2951 2952 2953 2954 2966 2967 2968 2969 2970 2971 2972 2973 2974 2975 2976 2977 2978 2979 2980 2981 2982 2983 2984 2985 2987 2988 2989 2990 2991 2992 2993 2994 2995 2996 2997 2998 2999 3000 3001 3002 3003 3004 3005 3006 3007 3008 3009 3010 3011 3012 3013 3014 3015 3016 3031 3032 3033 3034 3035 3036 3037 3038 3039 3040 3041 3042 3043 3044 3045 3046 3047 3050 3051 3052 3053 3054 3055 3056 3057 3058 3059 3060 3061 3062 3063 3064 3065 3066 3067 3068 3069 3070 3071 3072 3073 3074 3075 3076 3077 3078 3080 3081 3082 3083 3084 3085 3086 3087 3088 3089 3090 3091 3092 3093 3094 3095 3096 3097 3098 3099 3100 3101 3102 3103 3104 3105 3106 3107 3108 3109 3111 3112 3113 3114 3115 3116 3117 3118 3119 3120 3121 3122 3123 3124 3125 3126 3127 3128 3129 3130 3131 3132 3133 3134 3135 3136 3137 3138 3139 3140 3156 3157 3158 3159 3160 3161 3162 3163 3164 3165 3166 3167 3168 3169 3170 3171 3175 3176 3177 3178 3179 3180 3181 3182 3183 3184 3185 3186 3187 3188 3189 3190 3191 3192 3193 3194 3195 3196 3197 3198 3199 3200 3201 3202 3232 3233 3237 3238 3239 3240 3241 3242 3243 3244 3245 3246 3247 3248 3249 3250 3251 3252 3253 3254 3255 3256 3257 3258 3259 3260 3261 3262 3263 3264 3309 3310 3311 3312 3313 3314 3315 3316 3317 3318 3319 3320 3321 3322 3323 3324 3325 3326 3329 3330 3331 3332 3333 3334 3335 3336 3337 3338 3339 3340 3341 3342 3343 3344 3345 3346 3347 3348 3349 3350 3351 3352 3353 3354 3355 3356 3357 3373 3374 3375 3376 3377 3378 3379 3380 3381 3382 3383 3384 3385 3386 3387 3388 3419 3446 3447 3448 3449 3450 3463 3464 3465 3466 3467 3468 3469 3470 3471 3472 3473 3474 3475 3476 3477 3478 3479 3480 3481 3510 3511 3512 3517 3518 3519 3520 3521 3522 3523 3524 3525 3526 3527 3528 3529 3530 3531 3532 3533 3534 3535 3536 3537 3538 3539 3540 3541 3542 3543 3554 3555 3556 3557 3558 3559 3560 3561 3562 3563 3564 3565 3566 3567 3568 3569 3570 3571 3572 3573 3574 3578 3579 3580 3581 3582 3583 3584 3585 3586 3587 3588 3589 3590 3591 3592 3593 3594 3595 3596 3597 3598 3599 3600 3601 3602 3603 3604 3605 3622 3623 3624 3625 3626 3627 3628 3629 3630 3631 3632 3633 3634 3635 3636 3679 3680 3681 3682 3683 3684 3685 3686 3687 3688 3689 3690 3691 3692 3693 3694 3695 3696 3697 3698 3700 3701 3702 3703 3704 3705 3706 3707 3708 3709 3710 3711 3712 3713 3714 3715 3716 3717 3718 3719 3720 3721 3722 3723 3724 3725 3726 3727 3728 3729 3819 3820 3821 3822 3848 3849 3850 3851 3852 3853 3856 3857 3858 3859 3860 3861 3862 3863 3864 3865 3866 3867 3868 3869 3870 3871 3872 3873 3874 3875 3876 3877 3878 3879 3880 3881 3882 3883 3884 3899 3900 3901 3902 3903 3904 3905 3906 3907 3908 3909 3910 3911 3912 3913 3914 3915 3946 3948 3949 3950 3951 3952 3953 3954 3955 3956 3957 3958 3959 3960 3961 3962 3963 3964 3965 3966 3967 3968 3969 3970 3971 3972 3973 3974 3975 3976 3977 3979 4008 4116 4145 4185 4227 4266 4295 4316 4383 4435 4462 4502 4535 4544 4585 4605 4645 4673 4728 4770 4806 4844 4879 4946 4973 5003 5022 5023 5024 5035 5036 5037 5038 5039 5040 5041 5042 5043 5044 5045 5046 5047 5048 5049 5050 5051 5052 5053 5054 5055 5056 5057 5081 5082 5083 5084 5085 5086 5087 5088 5113 5114 5115 5116 5117 5118 5119 5148 5149 5150 5166 5167 5168 5169 5170 5171 5172 5173 5174 5175 5176 5177 5178 5179 5180 5181 5206 5207 5208 5209 5210 5211 5212 5220 5221 5222 5223 5224 5225 5226 5227 5228 5229 5230 5231 5232 5233 5234 5235 5236 5237 5238 5239 5240 5241 5242 5243 5270 5271 5272 5273 5274 5299 5300 5301 5302 5303 5304 5305 5327 5328 5329 5330 5331 5332 5333 5334 5335 5336 5364 5365 5366 5367 5398 5405 5406 5407 5408 5409 5410 5411 5412 5413 5414 5415 5416 5417 5418 5419 5420 5421 5422 5423 5424 5425 5426 5427 5428 5429 5442 5443 5444 5445 5446 5447 5448 5449 5450 5451 5452 5453 5454 5455 5456 5457 5458 5459 5460 5483 5484 5485 5486 5487 5488 5489 5490 5491 5501 5502 5503 5504 5505 5506 5507 5508 5509 5510 5511 5512 5513 5514 5515 5516 5517 5518 5519 5520 5521 5522 5526 5527 5528 5529 5530 5531 5532 5533 5534 5535 5536 5537 5538 5539 5540 5541 5542 5543 5544 5545 5546 5547 5548 5549 5550 5551 5552 5553 5579 5580 5581 5582 5583 5584 5587 5588 5589 5590 5591 5592 5593 5594 5595 5596 5597 5598 5599 5600 5601 5602 5603 5604 5605 5606 5607 5608 5609 5610 5611 5612 5613 5614 5615 5630 5631 5632 5633 5634 5635 5636 5637 5638 5639 5640 5641 5642 5643 5644 5645 5646 5652 5653 5654 5655 5656 5657 5658 5659 5660 5661 5662 5663 5664 5665 5666 5667 5668 5669 5670 5671 5672 5673 5674 5675 5676 5677 5701 5702 5703 5704 5705 5706 5707 5708 5739 5791 5792 5793 5794 5795 5796 5797 5798 5799 5800 5801 5813 5814 5815 5816 5817 5818 5819 5820 5821 5822 5823 5824 5825 5826 5827 5828 5829 5830 5831 5832 5846 5847 5848 5849 5850 5851 5852 5853 5854 5855 5856 5857 5858 5859 5860 5861 5862 5863 5893 5894 5925 5936 5937 5938 5939 5940 5941 5942 5943 5944 5945 5946 5947 5948 5949 5950 5951 5952 5953 5954 5955 5956 5961 5962 5963 5964 5965 5966 5967 5968 5969 5970 5971 5972 5973 5974 5975 5976 5977 5978 5979 5980 5981 5982 5983 5984 5985 5986 5987 5991 5999 6001 6006 6016 6116 6157 6214 6251 6287 6326 6337 6362 6414 6451 6467 6501 6540 6562 6617 6644 6680 6696 6741 6839 6855 6877 6910 6953 6986 7024 7042 7043 7044 7047 7051 7076 7077 7078 7079 7080 7081 7097 7098 7099 7100 7101 7102 7103 7104 7105 7106 7107 7108 7109 7110 7111 7112 7127 7128 7129 7130 7131 7132 7133 7134 7135 7136 7137 7138 7139 7140 7141 7142 7143 7152 7153 7154 7155 7156 7157 7158 7159 7160 7161 7162 7163 7164 7165 7166 7167 7168 7169 7170 7171 7172 7173 7174 7192 7193 7194 7195 7196 7197 7198 7199 7200 7201 7202 7203 7204 7205 7222 7223 7224 7225 7226 7227 7228 7229 7230 7231 7232 7233 7234 7235 7236 7263 7264 7265 7266 7267 7278 7279 7280 7281 7282 7283 7284 7285 7286 7287 7288 7289 7290 7291 7292 7293 7294 7295 7296 7297 7298 7311 7312 7313 7314 7315 7316 7317 7318 7319 7320 7321 7322 7323 7324 7325 7326 7327 7328 7329 7345 7346 7347 7348 7349 7350 7351 7352 7353 7354 7355 7356 7357 7358 7359 7360 7370 7371 7372 7373 7374 7375 7376 7377 7378 7379 7380 7381 7382 7383 7384 7385 7386 7387 7388 7389 7390 7391 7416 7417 7418 7419 7420 7421 7422 7450 7451 7452 7453 7474 7475 7476 7477 7478 7479 7480 7481 7482 7483 7484 7499 7500 7501 7502 7503 7504 7505 7506 7507 7508 7509 7510 7511 7512 7513 7514 7515 7539 7540 7541 7542 7543 7544 7545 7546 7577 7589 7590 7591 7592 7593 7594 7595 7596 7597 7598 7599 7600 7601 7602 7603 7604 7605 7606 7607 7608 7658 7659 7660 7661 7662 7663 7664 7665 7666 7667 7668 7669 7670 7699 7700 7701 7715 7716 7717 7718 7719 7720 7721 7722 7723 7724 7725 7726 7727 7728 7729 7730 7731 7732 7739 7740 7741 7742 7743 7744 7745 7746 7747 7748 7749 7750 7751 7752 7753 7754 7755 7756 7757 7758 7759 7760 7761 7762 7763 7847 7848 7849 7850 7851 7852 7853 7854 7855 7856 7876 7877 7878 7879 7880 7881 7882 7883 7884 7885 7886 7887 7895 7896 7897 7898 7899 7900 7901 7902 7903 7904 7905 7906 7907 7908 7909 7910 7911 7912 7913 7914 7915 7916 7917 7918 7935 7936 7937 7938 7939 7940 7941 7942 7943 7944 7945 7946 7947 7948 7949 7972 7973 7974 7975 7976 7977 7978 7979 7980 8010 8011 8016 8074 8160 8193 8228 8244 8271 8310 8360 8427 8479 8506 8542 8579 8588 8629 8649 8689 8717 8742 8850 8888 8923 8947 9017 9047 9073 9081 9083 9084 9145 9204 9205 9206 9207 9227 9228 9229 9230 9231 9232 9233 9234 9235 9236 9237 9238 9283 9284 9285 9286 9287 9288 9289 9290 9291 9292 9293 9294 9295 9296 9297 9298 9299 9300 9326 9327 9328 9329 9330 9331 9355 9356 9357 9358 9359 9360 9361 9362 9420 9421 9422 9423 9424 9468 9469 9470 9471 9472 9473 9474 9475 9476 9477 9478 9479 9480 9481 9482 9483 9484 9485 9486 9503 9504 9505 9506 9507 9508 9509 9510 9511 9512 9513 9514 9515 9516 9517 9539 9540 9541 9542 9543 9544 9545 9546 9547 9548 9563 9564 9565 9566 9567 9568 9569 9570 9571 9572 9573 9574 9575 9576 9577 9578 9579 9589 9590 9591 9592 9593 9594 9595 9596 9597 9598 9599 9600 9601 9602 9603 9604 9605 9606 9607 9608 9609 9610 9635 9636 9637 9638 9639 9640 9641 9650 9651 9652 9653 9654 9655 9656 9657 9658 9659 9660 9661 9662 9663 9664 9665 9666 9667 9668 9669 9670 9671 9672 9691 9692 9693 9694 9695 9696 9697 9698 9699 9700 9701 9702 9703 9715 9716 9717 9718 9719 9720 9721 9722 9723 9724 9725 9726 9727 9728 9729 9730 9731 9732 9733 9734 9757 9758 9759 9760 9761 9762 9763 9764 9765 9795 9796 9874 9875 9876 9877 9878 9879 9880 9881 9882 9883 9884 9885 9886 9887 9888 9889 9907 9908 9909 9910 9911 9912 9913 9914 9915 9916 9917 9918 9919 9920 9949 9950 9951 9972 9973 9974 9975 9976 9977 9978 9979 9980 9981 9982 10024 10025 10026 10027 10028 10029 10030 10031 10032 10033 10034 10035 10036 10037 10038 10039 10040 10041 10042 10043 10044
c _______________________________________________________________________________
c 
c restarts               : 22067501
c conflicts              : 124            (2 /sec)
c decisions              : 1500           (0.00 % random) (26 /sec)
c propagations           : 469242         (8265 /sec)
c conflict literals      : 198            (1.98 % deleted)
c =======================[ UWrMaxSat resources usage ]===========================
c Memory used            : 32.00 MB
c CPU time               : 56.7764 s
c _______________________________________________________________________________
c SATISFIABLE

Vehicle 2: d → 18 → 16 → 30 → 20 → 12 → 6 → 0 → 15 → 29 → 25 → 13 → 26 → 19 → 4 → 24 → 9 → 14 → 21 → 8 → 17 → 7 → 10 → 3 → 27 → 22 → d, (requests = [5, 6, 7, 11, 16])
Vehicle 3: d → 22 → 27 → 3 → 10 → 7 → 17 → 8 → 21 → 14 → 9 → 28 → 4 → 19 → 26 → 13 → 25 → 29 → 15 → 11 → 0 → 6 → 12 → 20 → 30 → 16 → 18 → d, (requests = [8, 9, 10, 13, 17, 18])
======== PPDSP OBJECTIVE ========
Profit    = 123777
Cost      = 38024
Objective = 85753
=================================
  [Time Manager] Step 22 consumed 60.45s. Total Consumed: 1281.57s.
  [Info] Saved 1981 core assumption literals to p4_A-n32-k5_r23v4k2.wcnf.asm

[23/60] Building & Solving: R=24, V=4, K=2
  [Info] Generating MaxSAT Formulation...
[SBC] Added 24 clauses.
[rc2] Generating instance: p4_A-n32-k5_r24v4k2.wcnf ...
[UWrMaxSAT] meta exported to p4_A-n32-k5_r24v4k2.meta
  [Time Manager] Global Remaining Budget: 2318.43s | Future Weight Sum: 38.0
  [Time Manager] Recalibrated Budget for this step: 61.01s
  [Info] Injected Assumption file: p4_A-n32-k5_r23v4k2.wcnf.asm
[UWrMaxSAT] Running command:
  stdbuf -oL uwrmaxsat -no-bin -no-sat -no-par -no-scip -ppdsp-time=61 -ppdsp-lastY=8036 -ppdsp=p4_A-n32-k5_r24v4k2.meta -ppdsp-assume=p4_A-n32-k5_r23v4k2.wcnf.asm p4_A-n32-k5_r24v4k2.wcnf | tee p4_A-n32-k5_r24v4k2.wcnf.out
Vehicle 0: d → 21 → 14 → 9 → 28 → 4 → 19 → 26 → 13 → 25 → 29 → 15 → 11 → 0 → 6 → 12 → 20 → 18 → d, (requests = [4, 15])
Vehicle 1: d → 3 → 10 → 7 → 17 → 21 → 14 → 9 → 28 → 4 → 19 → 26 → 13 → 25 → 15 → 6 → 12 → 20 → d, (requests = [0, 1, 2, 3, 14])
Vehicle 2: d → 18 → 16 → 30 → 20 → 12 → 6 → 0 → 15 → 29 → 25 → 13 → 26 → 19 → 4 → 24 → 9 → 14 → 21 → 8 → 17 → 7 → 10 → 3 → 27 → 22 → d, (requests = [5, 6, 7, 11, 16])
Vehicle 3: d → 22 → 27 → 3 → 10 → 7 → 17 → 8 → 21 → 14 → 9 → 28 → 4 → 19 → 26 → 13 → 25 → 29 → 15 → 11 → 0 → 6 → 12 → 20 → 30 → 16 → 18 → d, (requests = [8, 9, 10, 13, 17, 18])
======== PPDSP OBJECTIVE ========
Profit    = 123777
Cost      = 38024
Objective = 85753
=================================
  [Time Manager] Step 23 consumed 61.30s. Total Consumed: 1342.87s.
  [Info] Saved 1981 core assumption literals to p4_A-n32-k5_r24v4k2.wcnf.asm

[24/60] Building & Solving: R=24, V=5, K=2
  [Info] Generating MaxSAT Formulation...
[SBC] Added 48 clauses.
[rc2] Generating instance: p4_A-n32-k5_r24v5k2.wcnf ...
[UWrMaxSAT] meta exported to p4_A-n32-k5_r24v5k2.meta
  [Time Manager] Global Remaining Budget: 2257.13s | Future Weight Sum: 37.0
  [Time Manager] Recalibrated Budget for this step: 61.00s
  [Info] Injected Assumption file: p4_A-n32-k5_r24v4k2.wcnf.asm
[UWrMaxSAT] Running command:
  stdbuf -oL uwrmaxsat -no-bin -no-sat -no-par -no-scip -ppdsp-time=61 -ppdsp-lastY=9084 -ppdsp=p4_A-n32-k5_r24v5k2.meta -ppdsp-assume=p4_A-n32-k5_r24v4k2.wcnf.asm p4_A-n32-k5_r24v5k2.wcnf | tee p4_A-n32-k5_r24v5k2.wcnf.out
Vehicle 0: d → 21 → 14 → 9 → 28 → 4 → 19 → 26 → 13 → 25 → 29 → 15 → 11 → 0 → 6 → 12 → 20 → 18 → d, (requests = [4, 15])
Vehicle 1: d → 3 → 10 → 7 → 17 → 21 → 14 → 9 → 28 → 4 → 19 → 26 → 13 → 25 → 15 → 6 → 12 → 20 → d, (requests = [0, 1, 2, 3, 14])
Vehicle 2: d → 18 → 16 → 30 → 20 → 12 → 6 → 0 → 15 → 29 → 25 → 13 → 26 → 19 → 4 → 24 → 9 → 14 → 21 → 8 → 17 → 7 → 10 → 3 → 27 → 22 → d, (requests = [5, 6, 7, 11, 16])
Vehicle 3: d → 22 → 27 → 3 → 10 → 7 → 17 → 8 → 21 → 14 → 9 → 28 → 4 → 19 → 26 → 13 → 25 → 29 → 15 → 11 → 0 → 6 → 12 → 20 → 30 → 16 → 18 → d, (requests = [8, 9, 10, 13, 17, 18])
Vehicle 4: d → 18 → 16 → 30 → 20 → 12 → 6 → 15 → 25 → 13 → 26 → 19 → 4 → 28 → 14 → 21 → 8 → 17 → 7 → 10 → 3 → 27 → 22 → 1 → 5 → d, (requests = [12, 20, 22, 23])
======== PPDSP OBJECTIVE ========
Profit    = 149437
Cost      = 47489
Objective = 101948
=================================
  [Time Manager] Step 24 consumed 61.40s. Total Consumed: 1404.28s.
  [Info] Saved 2102 core assumption literals to p4_A-n32-k5_r24v5k2.wcnf.asm

[25/60] Building & Solving: R=24, V=5, K=3
  [Info] Generating MaxSAT Formulation...
[SBC] Added 48 clauses.
[rc2] Generating instance: p4_A-n32-k5_r24v5k3.wcnf ...
[UWrMaxSAT] meta exported to p4_A-n32-k5_r24v5k3.meta
  [Time Manager] Global Remaining Budget: 2195.72s | Future Weight Sum: 36.0
  [Time Manager] Recalibrated Budget for this step: 60.99s
  [Info] Injected Assumption file: p4_A-n32-k5_r24v5k2.wcnf.asm
[UWrMaxSAT] Running command:
  stdbuf -oL uwrmaxsat -no-bin -no-sat -no-par -no-scip -ppdsp-time=60 -ppdsp-lastY=9084 -ppdsp=p4_A-n32-k5_r24v5k3.meta -ppdsp-assume=p4_A-n32-k5_r24v5k2.wcnf.asm p4_A-n32-k5_r24v5k3.wcnf | tee p4_A-n32-k5_r24v5k3.wcnf.out
Vehicle 0: d → 21 → 14 → 9 → 28 → 4 → 19 → 26 → 13 → 25 → 29 → 15 → 11 → 0 → 6 → 12 → 20 → 18 → d, (requests = [4, 15])
Vehicle 1: d → 3 → 10 → 7 → 17 → 21 → 14 → 9 → 28 → 4 → 19 → 26 → 13 → 25 → 15 → 6 → 12 → 20 → d, (requests = [0, 1, 2, 3, 14])
Vehicle 2: d → 18 → 16 → 30 → 20 → 12 → 6 → 0 → 15 → 29 → 25 → 13 → 26 → 19 → 4 → 24 → 9 → 14 → 21 → 8 → 17 → 7 → 10 → 3 → 27 → 22 → d, (requests = [5, 6, 7, 11, 16])
Vehicle 3: d → 22 → 27 → 3 → 10 → 7 → 17 → 8 → 21 → 14 → 9 → 28 → 4 → 19 → 26 → 13 → 25 → 29 → 15 → 11 → 0 → 6 → 12 → 20 → 30 → 16 → 18 → d, (requests = [8, 9, 10, 13, 17, 18])
Vehicle 4: d → 18 → 16 → 30 → 20 → 12 → 6 → 15 → 25 → 13 → 26 → 19 → 4 → 28 → 14 → 21 → 8 → 17 → 7 → 10 → 3 → 27 → 22 → 1 → 5 → d, (requests = [12, 20, 22, 23])
======== PPDSP OBJECTIVE ========
Profit    = 149437
Cost      = 47489
Objective = 101948
=================================
  [Time Manager] Step 25 consumed 60.37s. Total Consumed: 1464.65s.
  [Info] Saved 2102 core assumption literals to p4_A-n32-k5_r24v5k3.wcnf.asm

[26/60] Building & Solving: R=25, V=5, K=3
  [Info] Generating MaxSAT Formulation...
[SBC] Added 50 clauses.
[rc2] Generating instance: p4_A-n32-k5_r25v5k3.wcnf ...
[UWrMaxSAT] meta exported to p4_A-n32-k5_r25v5k3.meta
  [Time Manager] Global Remaining Budget: 2135.35s | Future Weight Sum: 35.0
  [Time Manager] Recalibrated Budget for this step: 61.01s
  [Info] Injected Assumption file: p4_A-n32-k5_r24v5k3.wcnf.asm
[UWrMaxSAT] Running command:
  stdbuf -oL uwrmaxsat -no-bin -no-sat -no-par -no-scip -ppdsp-time=61 -ppdsp-lastY=10050 -ppdsp=p4_A-n32-k5_r25v5k3.meta -ppdsp-assume=p4_A-n32-k5_r24v5k3.wcnf.asm p4_A-n32-k5_r25v5k3.wcnf | tee p4_A-n32-k5_r25v5k3.wcnf.out
Vehicle 0: d → 21 → 14 → 9 → 28 → 4 → 19 → 26 → 13 → 25 → 29 → 15 → 11 → 0 → 6 → 12 → 20 → 18 → d, (requests = [4, 15])
Vehicle 1: d → 3 → 10 → 7 → 17 → 21 → 14 → 9 → 28 → 4 → 19 → 26 → 13 → 25 → 15 → 6 → 12 → 20 → d, (requests = [0, 1, 2, 3, 14])
Vehicle 2: d → 18 → 16 → 30 → 20 → 12 → 6 → 0 → 15 → 29 → 25 → 13 → 26 → 19 → 4 → 24 → 9 → 14 → 21 → 8 → 17 → 7 → 10 → 3 → 27 → 22 → d, (requests = [5, 6, 7, 11, 16])
Vehicle 3: d → 22 → 27 → 3 → 10 → 7 → 17 → 8 → 21 → 14 → 9 → 28 → 4 → 19 → 26 → 13 → 25 → 29 → 15 → 11 → 0 → 6 → 12 → 20 → 30 → 16 → 18 → d, (requests = [8, 9, 10, 13, 17, 18])
Vehicle 4: d → 18 → 16 → 30 → 20 → 12 → 6 → 15 → 25 → 13 → 26 → 19 → 4 → 28 → 14 → 21 → 8 → 17 → 7 → 10 → 3 → 27 → 22 → 1 → 5 → d, (requests = [12, 20, 22, 23])
======== PPDSP OBJECTIVE ========
Profit    = 149437
Cost      = 47489
Objective = 101948
=================================
  [Time Manager] Step 26 consumed 61.40s. Total Consumed: 1526.05s.
c Using COMiniSatPS SAT solver by Chanseok Oh (2016)
[UWrMaxSAT] meta file: p4_A-n32-k5_r26v5k3.meta
[UWrMaxSAT] meta loaded OK.
[UWrMaxSAT] Loaded 2378 assumption literals from p4_A-n32-k5_r25v5k3.wcnf.asm
c Parsing MaxSAT file...
c Start timer (tic-tac ...)
c c Found solution: 780672
c ============================[  Problem Statistics ]============================
c |  Number of variables:          5639                                         |
c |  Number of clauses:           32401 (incl.          983 soft in queue)      |
c ===============================================================================
c [UWrMaxSAT] Timeout reached.
c [1mOptimal solution: 780672[0m
c _______________________________________________________________________________
c 
c restarts               : 20097414
c conflicts              : 142            (3 /sec)
c decisions              : 1475           (0.00 % random) (26 /sec)
c propagations           : 533692         (9479 /sec)
c conflict literals      : 185            (3.65 % deleted)
c =======================[ UWrMaxSat resources usage ]===========================
c Memory used            : 32.00 MB
c CPU time               : 56.3045 s
c _______________________________________________________________________________
o 780672
s OPTIMUM FOUND
v 7 148 205 317 353 405 442 458 492 608 635 659 687 830 846 901 944 1014 1131 1172 1229 1266 1341 1352 1429 1466 1482 1511 1590 1659 1696 1711 1840 1870 1925 2020 2050 2052 2054 2056 2070 2071 2072 2073 2074 2075 2076 2077 2078 2079 2080 2081 2082 2083 2084 2085 2086 2088 2089 2090 2091 2092 2093 2094 2095 2096 2097 2098 2099 2100 2101 2102 2103 2104 2105 2106 2107 2108 2109 2110 2111 2112 2113 2114 2115 2116 2117 2119 2120 2121 2122 2123 2124 2125 2126 2127 2128 2129 2130 2131 2132 2133 2134 2135 2136 2137 2138 2139 2140 2141 2142 2143 2144 2145 2146 2147 2148 2151 2152 2153 2154 2155 2156 2157 2158 2159 2160 2161 2162 2163 2164 2165 2166 2167 2168 2169 2170 2171 2172 2173 2174 2175 2176 2177 2178 2179 2186 2187 2188 2189 2190 2191 2192 2193 2194 2195 2196 2197 2198 2199 2200 2201 2202 2203 2204 2205 2206 2207 2208 2209 2210 2220 2221 2222 2223 2224 2225 2226 2227 2228 2229 2230 2231 2232 2233 2234 2235 2236 2237 2238 2239 2240 2241 2265 2266 2267 2268 2269 2270 2271 2272 2275 2276 2277 2278 2279 2280 2281 2282 2283 2284 2285 2286 2287 2288 2289 2290 2291 2292 2293 2294 2295 2296 2297 2298 2299 2300 2301 2302 2303 2307 2308 2309 2310 2311 2312 2313 2314 2315 2316 2317 2318 2319 2320 2321 2322 2323 2324 2325 2326 2327 2328 2329 2330 2331 2332 2333 2334 2339 2340 2341 2342 2343 2344 2345 2346 2347 2348 2349 2350 2351 2352 2353 2354 2355 2356 2357 2358 2359 2360 2361 2362 2363 2364 2365 2367 2368 2369 2370 2371 2372 2373 2374 2375 2376 2377 2378 2379 2380 2381 2382 2383 2384 2385 2386 2387 2388 2389 2390 2391 2392 2393 2394 2395 2396 2410 2411 2412 2413 2414 2415 2416 2417 2418 2419 2420 2421 2422 2423 2424 2425 2426 2427 2452 2453 2454 2455 2456 2457 2458 2468 2469 2470 2471 2472 2473 2474 2475 2476 2477 2478 2479 2480 2481 2482 2483 2484 2485 2486 2487 2488 2489 2493 2494 2495 2496 2497 2498 2499 2500 2501 2502 2503 2504 2505 2506 2507 2508 2509 2510 2511 2512 2513 2514 2515 2516 2517 2518 2519 2520 2533 2534 2535 2536 2537 2538 2539 2540 2541 2542 2543 2544 2545 2546 2547 2548 2549 2550 2551 2554 2555 2556 2557 2558 2559 2560 2561 2562 2563 2564 2565 2566 2567 2568 2569 2570 2571 2572 2573 2574 2575 2576 2577 2578 2579 2580 2581 2582 2586 2587 2588 2589 2590 2591 2592 2593 2594 2595 2596 2597 2598 2599 2600 2601 2602 2603 2604 2605 2606 2607 2608 2609 2610 2611 2612 2613 2640 2641 2642 2643 2644 2652 2653 2654 2655 2656 2657 2658 2659 2660 2661 2662 2663 2664 2665 2666 2667 2668 2669 2670 2671 2672 2673 2674 2675 2701 2702 2703 2704 2705 2706 2709 2710 2711 2712 2713 2714 2715 2716 2717 2718 2719 2720 2721 2722 2723 2724 2725 2726 2727 2728 2729 2730 2731 2732 2733 2734 2735 2736 2737 2740 2741 2742 2743 2744 2745 2746 2747 2748 2749 2750 2751 2752 2753 2754 2755 2756 2757 2758 2759 2760 2761 2762 2763 2764 2765 2766 2767 2768 2795 2796 2797 2798 2799 2816 2817 2818 2819 2820 2821 2822 2823 2824 2825 2826 2827 2828 2829 2830 2841 2842 2843 2844 2845 2846 2847 2848 2849 2850 2851 2852 2853 2854 2855 2856 2857 2858 2859 2860 2861 2870 2871 2872 2873 2874 2875 2876 2877 2878 2879 2880 2881 2882 2883 2884 2885 2886 2887 2888 2889 2890 2891 2892 2894 2895 2896 2897 2898 2899 2900 2901 2902 2903 2904 2905 2906 2907 2908 2909 2910 2911 2912 2913 2914 2915 2916 2917 2918 2919 2920 2921 2922 2923 2929 2930 2931 2932 2933 2934 2935 2936 2937 2938 2939 2940 2941 2942 2943 2944 2945 2946 2947 2948 2949 2950 2951 2952 2953 2954 2966 2967 2968 2969 2970 2971 2972 2973 2974 2975 2976 2977 2978 2979 2980 2981 2982 2983 2984 2985 2987 2988 2989 2990 2991 2992 2993 2994 2995 2996 2997 2998 2999 3000 3001 3002 3003 3004 3005 3006 3007 3008 3009 3010 3011 3012 3013 3014 3015 3016 3031 3032 3033 3034 3035 3036 3037 3038 3039 3040 3041 3042 3043 3044 3045 3046 3047 3050 3051 3052 3053 3054 3055 3056 3057 3058 3059 3060 3061 3062 3063 3064 3065 3066 3067 3068 3069 3070 3071 3072 3073 3074 3075 3076 3077 3078 3080 3081 3082 3083 3084 3085 3086 3087 3088 3089 3090 3091 3092 3093 3094 3095 3096 3097 3098 3099 3100 3101 3102 3103 3104 3105 3106 3107 3108 3109 3111 3112 3113 3114 3115 3116 3117 3118 3119 3120 3121 3122 3123 3124 3125 3126 3127 3128 3129 3130 3131 3132 3133 3134 3135 3136 3137 3138 3139 3140 3156 3157 3158 3159 3160 3161 3162 3163 3164 3165 3166 3167 3168 3169 3170 3171 3175 3176 3177 3178 3179 3180 3181 3182 3183 3184 3185 3186 3187 3188 3189 3190 3191 3192 3193 3194 3195 3196 3197 3198 3199 3200 3201 3202 3232 3233 3237 3238 3239 3240 3241 3242 3243 3244 3245 3246 3247 3248 3249 3250 3251 3252 3253 3254 3255 3256 3257 3258 3259 3260 3261 3262 3263 3264 3309 3310 3311 3312 3313 3314 3315 3316 3317 3318 3319 3320 3321 3322 3323 3324 3325 3326 3329 3330 3331 3332 3333 3334 3335 3336 3337 3338 3339 3340 3341 3342 3343 3344 3345 3346 3347 3348 3349 3350 3351 3352 3353 3354 3355 3356 3357 3373 3374 3375 3376 3377 3378 3379 3380 3381 3382 3383 3384 3385 3386 3387 3388 3419 3446 3447 3448 3449 3450 3463 3464 3465 3466 3467 3468 3469 3470 3471 3472 3473 3474 3475 3476 3477 3478 3479 3480 3481 3510 3511 3512 3517 3518 3519 3520 3521 3522 3523 3524 3525 3526 3527 3528 3529 3530 3531 3532 3533 3534 3535 3536 3537 3538 3539 3540 3541 3542 3543 3554 3555 3556 3557 3558 3559 3560 3561 3562 3563 3564 3565 3566 3567 3568 3569 3570 3571 3572 3573 3574 3578 3579 3580 3581 3582 3583 3584 3585 3586 3587 3588 3589 3590 3591 3592 3593 3594 3595 3596 3597 3598 3599 3600 3601 3602 3603 3604 3605 3622 3623 3624 3625 3626 3627 3628 3629 3630 3631 3632 3633 3634 3635 3636 3679 3680 3681 3682 3683 3684 3685 3686 3687 3688 3689 3690 3691 3692 3693 3694 3695 3696 3697 3698 3700 3701 3702 3703 3704 3705 3706 3707 3708 3709 3710 3711 3712 3713 3714 3715 3716 3717 3718 3719 3720 3721 3722 3723 3724 3725 3726 3727 3728 3729 3819 3820 3821 3822 3848 3849 3850 3851 3852 3853 3856 3857 3858 3859 3860 3861 3862 3863 3864 3865 3866 3867 3868 3869 3870 3871 3872 3873 3874 3875 3876 3877 3878 3879 3880 3881 3882 3883 3884 3899 3900 3901 3902 3903 3904 3905 3906 3907 3908 3909 3910 3911 3912 3913 3914 3915 3946 3948 3949 3950 3951 3952 3953 3954 3955 3956 3957 3958 3959 3960 3961 3962 3963 3964 3965 3966 3967 3968 3969 3970 3971 3972 3973 3974 3975 3976 3977 3979 4008 4116 4145 4185 4227 4266 4295 4316 4383 4435 4462 4502 4535 4544 4585 4605 4645 4673 4728 4770 4806 4844 4879 4946 4973 5003 5022 5023 5024 5035 5036 5037 5038 5039 5040 5041 5042 5043 5044 5045 5046 5047 5048 5049 5050 5051 5052 5053 5054 5055 5056 5057 5081 5082 5083 5084 5085 5086 5087 5088 5113 5114 5115 5116 5117 5118 5119 5148 5149 5150 5166 5167 5168 5169 5170 5171 5172 5173 5174 5175 5176 5177 5178 5179 5180 5181 5206 5207 5208 5209 5210 5211 5212 5220 5221 5222 5223 5224 5225 5226 5227 5228 5229 5230 5231 5232 5233 5234 5235 5236 5237 5238 5239 5240 5241 5242 5243 5270 5271 5272 5273 5274 5299 5300 5301 5302 5303 5304 5305 5327 5328 5329 5330 5331 5332 5333 5334 5335 5336 5364 5365 5366 5367 5398 5405 5406 5407 5408 5409 5410 5411 5412 5413 5414 5415 5416 5417 5418 5419 5420 5421 5422 5423 5424 5425 5426 5427 5428 5429 5442 5443 5444 5445 5446 5447 5448 5449 5450 5451 5452 5453 5454 5455 5456 5457 5458 5459 5460 5483 5484 5485 5486 5487 5488 5489 5490 5491 5501 5502 5503 5504 5505 5506 5507 5508 5509 5510 5511 5512 5513 5514 5515 5516 5517 5518 5519 5520 5521 5522 5526 5527 5528 5529 5530 5531 5532 5533 5534 5535 5536 5537 5538 5539 5540 5541 5542 5543 5544 5545 5546 5547 5548 5549 5550 5551 5552 5553 5579 5580 5581 5582 5583 5584 5587 5588 5589 5590 5591 5592 5593 5594 5595 5596 5597 5598 5599 5600 5601 5602 5603 5604 5605 5606 5607 5608 5609 5610 5611 5612 5613 5614 5615 5630 5631 5632 5633 5634 5635 5636 5637 5638 5639 5640 5641 5642 5643 5644 5645 5646 5652 5653 5654 5655 5656 5657 5658 5659 5660 5661 5662 5663 5664 5665 5666 5667 5668 5669 5670 5671 5672 5673 5674 5675 5676 5677 5701 5702 5703 5704 5705 5706 5707 5708 5739 5791 5792 5793 5794 5795 5796 5797 5798 5799 5800 5801 5813 5814 5815 5816 5817 5818 5819 5820 5821 5822 5823 5824 5825 5826 5827 5828 5829 5830 5831 5832 5846 5847 5848 5849 5850 5851 5852 5853 5854 5855 5856 5857 5858 5859 5860 5861 5862 5863 5893 5894 5925 5936 5937 5938 5939 5940 5941 5942 5943 5944 5945 5946 5947 5948 5949 5950 5951 5952 5953 5954 5955 5956 5961 5962 5963 5964 5965 5966 5967 5968 5969 5970 5971 5972 5973 5974 5975 5976 5977 5978 5979 5980 5981 5982 5983 5984 5985 5986 5987 5991 5999 6001 6006 6016 6116 6157 6214 6251 6287 6326 6337 6362 6414 6451 6467 6501 6540 6562 6617 6644 6680 6696 6741 6839 6855 6877 6910 6953 6986 7024 7042 7043 7044 7047 7051 7076 7077 7078 7079 7080 7081 7097 7098 7099 7100 7101 7102 7103 7104 7105 7106 7107 7108 7109 7110 7111 7112 7127 7128 7129 7130 7131 7132 7133 7134 7135 7136 7137 7138 7139 7140 7141 7142 7143 7152 7153 7154 7155 7156 7157 7158 7159 7160 7161 7162 7163 7164 7165 7166 7167 7168 7169 7170 7171 7172 7173 7174 7192 7193 7194 7195 7196 7197 7198 7199 7200 7201 7202 7203 7204 7205 7222 7223 7224 7225 7226 7227 7228 7229 7230 7231 7232 7233 7234 7235 7236 7263 7264 7265 7266 7267 7278 7279 7280 7281 7282 7283 7284 7285 7286 7287 7288 7289 7290 7291 7292 7293 7294 7295 7296 7297 7298 7311 7312 7313 7314 7315 7316 7317 7318 7319 7320 7321 7322 7323 7324 7325 7326 7327 7328 7329 7345 7346 7347 7348 7349 7350 7351 7352 7353 7354 7355 7356 7357 7358 7359 7360 7370 7371 7372 7373 7374 7375 7376 7377 7378 7379 7380 7381 7382 7383 7384 7385 7386 7387 7388 7389 7390 7391 7416 7417 7418 7419 7420 7421 7422 7450 7451 7452 7453 7474 7475 7476 7477 7478 7479 7480 7481 7482 7483 7484 7499 7500 7501 7502 7503 7504 7505 7506 7507 7508 7509 7510 7511 7512 7513 7514 7515 7539 7540 7541 7542 7543 7544 7545 7546 7577 7589 7590 7591 7592 7593 7594 7595 7596 7597 7598 7599 7600 7601 7602 7603 7604 7605 7606 7607 7608 7658 7659 7660 7661 7662 7663 7664 7665 7666 7667 7668 7669 7670 7699 7700 7701 7715 7716 7717 7718 7719 7720 7721 7722 7723 7724 7725 7726 7727 7728 7729 7730 7731 7732 7739 7740 7741 7742 7743 7744 7745 7746 7747 7748 7749 7750 7751 7752 7753 7754 7755 7756 7757 7758 7759 7760 7761 7762 7763 7847 7848 7849 7850 7851 7852 7853 7854 7855 7856 7876 7877 7878 7879 7880 7881 7882 7883 7884 7885 7886 7887 7895 7896 7897 7898 7899 7900 7901 7902 7903 7904 7905 7906 7907 7908 7909 7910 7911 7912 7913 7914 7915 7916 7917 7918 7935 7936 7937 7938 7939 7940 7941 7942 7943 7944 7945 7946 7947 7948 7949 7972 7973 7974 7975 7976 7977 7978 7979 7980 8010 8011 8016 8074 8160 8193 8228 8244 8271 8310 8360 8427 8479 8506 8542 8579 8588 8629 8649 8689 8717 8742 8850 8888 8923 8947 9017 9047 9073 9081 9083 9084 9145 9204 9205 9206 9207 9227 9228 9229 9230 9231 9232 9233 9234 9235 9236 9237 9238 9283 9284 9285 9286 9287 9288 9289 9290 9291 9292 9293 9294 9295 9296 9297 9298 9299 9300 9326 9327 9328 9329 9330 9331 9355 9356 9357 9358 9359 9360 9361 9362 9420 9421 9422 9423 9424 9468 9469 9470 9471 9472 9473 9474 9475 9476 9477 9478 9479 9480 9481 9482 9483 9484 9485 9486 9503 9504 9505 9506 9507 9508 9509 9510 9511 9512 9513 9514 9515 9516 9517 9539 9540 9541 9542 9543 9544 9545 9546 9547 9548 9563 9564 9565 9566 9567 9568 9569 9570 9571 9572 9573 9574 9575 9576 9577 9578 9579 9589 9590 9591 9592 9593 9594 9595 9596 9597 9598 9599 9600 9601 9602 9603 9604 9605 9606 9607 9608 9609 9610 9635 9636 9637 9638 9639 9640 9641 9650 9651 9652 9653 9654 9655 9656 9657 9658 9659 9660 9661 9662 9663 9664 9665 9666 9667 9668 9669 9670 9671 9672 9691 9692 9693 9694 9695 9696 9697 9698 9699 9700 9701 9702 9703 9715 9716 9717 9718 9719 9720 9721 9722 9723 9724 9725 9726 9727 9728 9729 9730 9731 9732 9733 9734 9757 9758 9759 9760 9761 9762 9763 9764 9765 9795 9796 9874 9875 9876 9877 9878 9879 9880 9881 9882 9883 9884 9885 9886 9887 9888 9889 9907 9908 9909 9910 9911 9912 9913 9914 9915 9916 9917 9918 9919 9920 9949 9950 9951 9972 9973 9974 9975 9976 9977 9978 9979 9980 9981 9982 10024 10025 10026 10027 10028 10029 10030 10031 10032 10033 10034 10035 10036 10037 10038 10039 10040 10041 10042 10043 10044
c Using COMiniSatPS SAT solver by Chanseok Oh (2016)
[UWrMaxSAT] meta file: p4_A-n32-k5_r27v5k3.meta
[UWrMaxSAT] meta loaded OK.
[UWrMaxSAT] Loaded 2378 assumption literals from p4_A-n32-k5_r26v5k3.wcnf.asm
c Parsing MaxSAT file...
c Start timer (tic-tac ...)
c c Found solution: 818537
c ============================[  Problem Statistics ]============================
c |  Number of variables:          5644                                         |
c |  Number of clauses:           32583 (incl.          988 soft in queue)      |
c ===============================================================================
c [UWrMaxSAT] Timeout reached.
c [1mOptimal solution: 818537[0m
c _______________________________________________________________________________
c 
c restarts               : 20380254
c conflicts              : 160            (3 /sec)
c decisions              : 1490           (0.00 % random) (26 /sec)
c propagations           : 598467         (10514 /sec)
c conflict literals      : 174            (2.79 % deleted)
c =======================[ UWrMaxSat resources usage ]===========================
c Memory used            : 32.00 MB
c CPU time               : 56.9185 s
c _______________________________________________________________________________
o 818537
s OPTIMUM FOUND
v 7 148 205 317 353 405 442 458 492 608 635 659 687 830 846 901 944 1014 1131 1172 1229 1266 1341 1352 1429 1466 1482 1511 1590 1659 1696 1711 1840 1870 1925 2020 2050 2052 2054 2056 2070 2071 2072 2073 2074 2075 2076 2077 2078 2079 2080 2081 2082 2083 2084 2085 2086 2088 2089 2090 2091 2092 2093 2094 2095 2096 2097 2098 2099 2100 2101 2102 2103 2104 2105 2106 2107 2108 2109 2110 2111 2112 2113 2114 2115 2116 2117 2119 2120 2121 2122 2123 2124 2125 2126 2127 2128 2129 2130 2131 2132 2133 2134 2135 2136 2137 2138 2139 2140 2141 2142 2143 2144 2145 2146 2147 2148 2151 2152 2153 2154 2155 2156 2157 2158 2159 2160 2161 2162 2163 2164 2165 2166 2167 2168 2169 2170 2171 2172 2173 2174 2175 2176 2177 2178 2179 2186 2187 2188 2189 2190 2191 2192 2193 2194 2195 2196 2197 2198 2199 2200 2201 2202 2203 2204 2205 2206 2207 2208 2209 2210 2220 2221 2222 2223 2224 2225 2226 2227 2228 2229 2230 2231 2232 2233 2234 2235 2236 2237 2238 2239 2240 2241 2265 2266 2267 2268 2269 2270 2271 2272 2275 2276 2277 2278 2279 2280 2281 2282 2283 2284 2285 2286 2287 2288 2289 2290 2291 2292 2293 2294 2295 2296 2297 2298 2299 2300 2301 2302 2303 2307 2308 2309 2310 2311 2312 2313 2314 2315 2316 2317 2318 2319 2320 2321 2322 2323 2324 2325 2326 2327 2328 2329 2330 2331 2332 2333 2334 2339 2340 2341 2342 2343 2344 2345 2346 2347 2348 2349 2350 2351 2352 2353 2354 2355 2356 2357 2358 2359 2360 2361 2362 2363 2364 2365 2367 2368 2369 2370 2371 2372 2373 2374 2375 2376 2377 2378 2379 2380 2381 2382 2383 2384 2385 2386 2387 2388 2389 2390 2391 2392 2393 2394 2395 2396 2410 2411 2412 2413 2414 2415 2416 2417 2418 2419 2420 2421 2422 2423 2424 2425 2426 2427 2452 2453 2454 2455 2456 2457 2458 2468 2469 2470 2471 2472 2473 2474 2475 2476 2477 2478 2479 2480 2481 2482 2483 2484 2485 2486 2487 2488 2489 2493 2494 2495 2496 2497 2498 2499 2500 2501 2502 2503 2504 2505 2506 2507 2508 2509 2510 2511 2512 2513 2514 2515 2516 2517 2518 2519 2520 2533 2534 2535 2536 2537 2538 2539 2540 2541 2542 2543 2544 2545 2546 2547 2548 2549 2550 2551 2554 2555 2556 2557 2558 2559 2560 2561 2562 2563 2564 2565 2566 2567 2568 2569 2570 2571 2572 2573 2574 2575 2576 2577 2578 2579 2580 2581 2582 2586 2587 2588 2589 2590 2591 2592 2593 2594 2595 2596 2597 2598 2599 2600 2601 2602 2603 2604 2605 2606 2607 2608 2609 2610 2611 2612 2613 2640 2641 2642 2643 2644 2652 2653 2654 2655 2656 2657 2658 2659 2660 2661 2662 2663 2664 2665 2666 2667 2668 2669 2670 2671 2672 2673 2674 2675 2701 2702 2703 2704 2705 2706 2709 2710 2711 2712 2713 2714 2715 2716 2717 2718 2719 2720 2721 2722 2723 2724 2725 2726 2727 2728 2729 2730 2731 2732 2733 2734 2735 2736 2737 2740 2741 2742 2743 2744 2745 2746 2747 2748 2749 2750 2751 2752 2753 2754 2755 2756 2757 2758 2759 2760 2761 2762 2763 2764 2765 2766 2767 2768 2795 2796 2797 2798 2799 2816 2817 2818 2819 2820 2821 2822 2823 2824 2825 2826 2827 2828 2829 2830 2841 2842 2843 2844 2845 2846 2847 2848 2849 2850 2851 2852 2853 2854 2855 2856 2857 2858 2859 2860 2861 2870 2871 2872 2873 2874 2875 2876 2877 2878 2879 2880 2881 2882 2883 2884 2885 2886 2887 2888 2889 2890 2891 2892 2894 2895 2896 2897 2898 2899 2900 2901 2902 2903 2904 2905 2906 2907 2908 2909 2910 2911 2912 2913 2914 2915 2916 2917 2918 2919 2920 2921 2922 2923 2929 2930 2931 2932 2933 2934 2935 2936 2937 2938 2939 2940 2941 2942 2943 2944 2945 2946 2947 2948 2949 2950 2951 2952 2953 2954 2966 2967 2968 2969 2970 2971 2972 2973 2974 2975 2976 2977 2978 2979 2980 2981 2982 2983 2984 2985 2987 2988 2989 2990 2991 2992 2993 2994 2995 2996 2997 2998 2999 3000 3001 3002 3003 3004 3005 3006 3007 3008 3009 3010 3011 3012 3013 3014 3015 3016 3031 3032 3033 3034 3035 3036 3037 3038 3039 3040 3041 3042 3043 3044 3045 3046 3047 3050 3051 3052 3053 3054 3055 3056 3057 3058 3059 3060 3061 3062 3063 3064 3065 3066 3067 3068 3069 3070 3071 3072 3073 3074 3075 3076 3077 3078 3080 3081 3082 3083 3084 3085 3086 3087 3088 3089 3090 3091 3092 3093 3094 3095 3096 3097 3098 3099 3100 3101 3102 3103 3104 3105 3106 3107 3108 3109 3111 3112 3113 3114 3115 3116 3117 3118 3119 3120 3121 3122 3123 3124 3125 3126 3127 3128 3129 3130 3131 3132 3133 3134 3135 3136 3137 3138 3139 3140 3156 3157 3158 3159 3160 3161 3162 3163 3164 3165 3166 3167 3168 3169 3170 3171 3175 3176 3177 3178 3179 3180 3181 3182 3183 3184 3185 3186 3187 3188 3189 3190 3191 3192 3193 3194 3195 3196 3197 3198 3199 3200 3201 3202 3232 3233 3237 3238 3239 3240 3241 3242 3243 3244 3245 3246 3247 3248 3249 3250 3251 3252 3253 3254 3255 3256 3257 3258 3259 3260 3261 3262 3263 3264 3309 3310 3311 3312 3313 3314 3315 3316 3317 3318 3319 3320 3321 3322 3323 3324 3325 3326 3329 3330 3331 3332 3333 3334 3335 3336 3337 3338 3339 3340 3341 3342 3343 3344 3345 3346 3347 3348 3349 3350 3351 3352 3353 3354 3355 3356 3357 3373 3374 3375 3376 3377 3378 3379 3380 3381 3382 3383 3384 3385 3386 3387 3388 3419 3446 3447 3448 3449 3450 3463 3464 3465 3466 3467 3468 3469 3470 3471 3472 3473 3474 3475 3476 3477 3478 3479 3480 3481 3510 3511 3512 3517 3518 3519 3520 3521 3522 3523 3524 3525 3526 3527 3528 3529 3530 3531 3532 3533 3534 3535 3536 3537 3538 3539 3540 3541 3542 3543 3554 3555 3556 3557 3558 3559 3560 3561 3562 3563 3564 3565 3566 3567 3568 3569 3570 3571 3572 3573 3574 3578 3579 3580 3581 3582 3583 3584 3585 3586 3587 3588 3589 3590 3591 3592 3593 3594 3595 3596 3597 3598 3599 3600 3601 3602 3603 3604 3605 3622 3623 3624 3625 3626 3627 3628 3629 3630 3631 3632 3633 3634 3635 3636 3679 3680 3681 3682 3683 3684 3685 3686 3687 3688 3689 3690 3691 3692 3693 3694 3695 3696 3697 3698 3700 3701 3702 3703 3704 3705 3706 3707 3708 3709 3710 3711 3712 3713 3714 3715 3716 3717 3718 3719 3720 3721 3722 3723 3724 3725 3726 3727 3728 3729 3819 3820 3821 3822 3848 3849 3850 3851 3852 3853 3856 3857 3858 3859 3860 3861 3862 3863 3864 3865 3866 3867 3868 3869 3870 3871 3872 3873 3874 3875 3876 3877 3878 3879 3880 3881 3882 3883 3884 3899 3900 3901 3902 3903 3904 3905 3906 3907 3908 3909 3910 3911 3912 3913 3914 3915 3946 3948 3949 3950 3951 3952 3953 3954 3955 3956 3957 3958 3959 3960 3961 3962 3963 3964 3965 3966 3967 3968 3969 3970 3971 3972 3973 3974 3975 3976 3977 3979 4008 4116 4145 4185 4227 4266 4295 4316 4383 4435 4462 4502 4535 4544 4585 4605 4645 4673 4728 4770 4806 4844 4879 4946 4973 5003 5022 5023 5024 5035 5036 5037 5038 5039 5040 5041 5042 5043 5044 5045 5046 5047 5048 5049 5050 5051 5052 5053 5054 5055 5056 5057 5081 5082 5083 5084 5085 5086 5087 5088 5113 5114 5115 5116 5117 5118 5119 5148 5149 5150 5166 5167 5168 5169 5170 5171 5172 5173 5174 5175 5176 5177 5178 5179 5180 5181 5206 5207 5208 5209 5210 5211 5212 5220 5221 5222 5223 5224 5225 5226 5227 5228 5229 5230 5231 5232 5233 5234 5235 5236 5237 5238 5239 5240 5241 5242 5243 5270 5271 5272 5273 5274 5299 5300 5301 5302 5303 5304 5305 5327 5328 5329 5330 5331 5332 5333 5334 5335 5336 5364 5365 5366 5367 5398 5405 5406 5407 5408 5409 5410 5411 5412 5413 5414 5415 5416 5417 5418 5419 5420 5421 5422 5423 5424 5425 5426 5427 5428 5429 5442 5443 5444 5445 5446 5447 5448 5449 5450 5451 5452 5453 5454 5455 5456 5457 5458 5459 5460 5483 5484 5485 5486 5487 5488 5489 5490 5491 5501 5502 5503 5504 5505 5506 5507 5508 5509 5510 5511 5512 5513 5514 5515 5516 5517 5518 5519 5520 5521 5522 5526 5527 5528 5529 5530 5531 5532 5533 5534 5535 5536 5537 5538 5539 5540 5541 5542 5543 5544 5545 5546 5547 5548 5549 5550 5551 5552 5553 5579 5580 5581 5582 5583 5584 5587 5588 5589 5590 5591 5592 5593 5594 5595 5596 5597 5598 5599 5600 5601 5602 5603 5604 5605 5606 5607 5608 5609 5610 5611 5612 5613 5614 5615 5630 5631 5632 5633 5634 5635 5636 5637 5638 5639 5640 5641 5642 5643 5644 5645 5646 5652 5653 5654 5655 5656 5657 5658 5659 5660 5661 5662 5663 5664 5665 5666 5667 5668 5669 5670 5671 5672 5673 5674 5675 5676 5677 5701 5702 5703 5704 5705 5706 5707 5708 5739 5791 5792 5793 5794 5795 5796 5797 5798 5799 5800 5801 5813 5814 5815 5816 5817 5818 5819 5820 5821 5822 5823 5824 5825 5826 5827 5828 5829 5830 5831 5832 5846 5847 5848 5849 5850 5851 5852 5853 5854 5855 5856 5857 5858 5859 5860 5861 5862 5863 5893 5894 5925 5936 5937 5938 5939 5940 5941 5942 5943 5944 5945 5946 5947 5948 5949 5950 5951 5952 5953 5954 5955 5956 5961 5962 5963 5964 5965 5966 5967 5968 5969 5970 5971 5972 5973 5974 5975 5976 5977 5978 5979 5980 5981 5982 5983 5984 5985 5986 5987 5991 5999 6001 6006 6016 6116 6157 6214 6251 6287 6326 6337 6362 6414 6451 6467 6501 6540 6562 6617 6644 6680 6696 6741 6839 6855 6877 6910 6953 6986 7024 7042 7043 7044 7047 7051 7076 7077 7078 7079 7080 7081 7097 7098 7099 7100 7101 7102 7103 7104 7105 7106 7107 7108 7109 7110 7111 7112 7127 7128 7129 7130 7131 7132 7133 7134 7135 7136 7137 7138 7139 7140 7141 7142 7143 7152 7153 7154 7155 7156 7157 7158 7159 7160 7161 7162 7163 7164 7165 7166 7167 7168 7169 7170 7171 7172 7173 7174 7192 7193 7194 7195 7196 7197 7198 7199 7200 7201 7202 7203 7204 7205 7222 7223 7224 7225 7226 7227 7228 7229 7230 7231 7232 7233 7234 7235 7236 7263 7264 7265 7266 7267 7278 7279 7280 7281 7282 7283 7284 7285 7286 7287 7288 7289 7290 7291 7292 7293 7294 7295 7296 7297 7298 7311 7312 7313 7314 7315 7316 7317 7318 7319 7320 7321 7322 7323 7324 7325 7326 7327 7328 7329 7345 7346 7347 7348 7349 7350 7351 7352 7353 7354 7355 7356 7357 7358 7359 7360 7370 7371 7372 7373 7374 7375 7376 7377 7378 7379 7380 7381 7382 7383 7384 7385 7386 7387 7388 7389 7390 7391 7416 7417 7418 7419 7420 7421 7422 7450 7451 7452 7453 7474 7475 7476 7477 7478 7479 7480 7481 7482 7483 7484 7499 7500 7501 7502 7503 7504 7505 7506 7507 7508 7509 7510 7511 7512 7513 7514 7515 7539 7540 7541 7542 7543 7544 7545 7546 7577 7589 7590 7591 7592 7593 7594 7595 7596 7597 7598 7599 7600 7601 7602 7603 7604 7605 7606 7607 7608 7658 7659 7660 7661 7662 7663 7664 7665 7666 7667 7668 7669 7670 7699 7700 7701 7715 7716 7717 7718 7719 7720 7721 7722 7723 7724 7725 7726 7727 7728 7729 7730 7731 7732 7739 7740 7741 7742 7743 7744 7745 7746 7747 7748 7749 7750 7751 7752 7753 7754 7755 7756 7757 7758 7759 7760 7761 7762 7763 7847 7848 7849 7850 7851 7852 7853 7854 7855 7856 7876 7877 7878 7879 7880 7881 7882 7883 7884 7885 7886 7887 7895 7896 7897 7898 7899 7900 7901 7902 7903 7904 7905 7906 7907 7908 7909 7910 7911 7912 7913 7914 7915 7916 7917 7918 7935 7936 7937 7938 7939 7940 7941 7942 7943 7944 7945 7946 7947 7948 7949 7972 7973 7974 7975 7976 7977 7978 7979 7980 8010 8011 8016 8074 8160 8193 8228 8244 8271 8310 8360 8427 8479 8506 8542 8579 8588 8629 8649 8689 8717 8742 8850 8888 8923 8947 9017 9047 9073 9081 9083 9084 9145 9204 9205 9206 9207 9227 9228 9229 9230 9231 9232 9233 9234 9235 9236 9237 9238 9283 9284 9285 9286 9287 9288 9289 9290 9291 9292 9293 9294 9295 9296 9297 9298 9299 9300 9326 9327 9328 9329 9330 9331 9355 9356 9357 9358 9359 9360 9361 9362 9420 9421 9422 9423 9424 9468 9469 9470 9471 9472 9473 9474 9475 9476 9477 9478 9479 9480 9481 9482 9483 9484 9485 9486 9503 9504 9505 9506 9507 9508 9509 9510 9511 9512 9513 9514 9515 9516 9517 9539 9540 9541 9542 9543 9544 9545 9546 9547 9548 9563 9564 9565 9566 9567 9568 9569 9570 9571 9572 9573 9574 9575 9576 9577 9578 9579 9589 9590 9591 9592 9593 9594 9595 9596 9597 9598 9599 9600 9601 9602 9603 9604 9605 9606 9607 9608 9609 9610 9635 9636 9637 9638 9639 9640 9641 9650 9651 9652 9653 9654 9655 9656 9657 9658 9659 9660 9661 9662 9663 9664 9665 9666 9667 9668 9669 9670 9671 9672 9691 9692 9693 9694 9695 9696 9697 9698 9699 9700 9701 9702 9703 9715 9716 9717 9718 9719 9720 9721 9722 9723 9724 9725 9726 9727 9728 9729 9730 9731 9732 9733 9734 9757 9758 9759 9760 9761 9762 9763 9764 9765 9795 9796 9874 9875 9876 9877 9878 9879 9880 9881 9882 9883 9884 9885 9886 9887 9888 9889 9907 9908 9909 9910 9911 9912 9913 9914 9915 9916 9917 9918 9919 9920 9949 9950 9951 9972 9973 9974 9975 9976 9977 9978 9979 9980 9981 9982 10024 10025 10026 10027 10028 10029 10030 10031 10032 10033 10034 10035 10036 10037 10038 10039 10040 10041 10042 10043 10044
c Using COMiniSatPS SAT solver by Chanseok Oh (2016)
[UWrMaxSAT] meta file: p4_A-n32-k5_r28v5k3.meta
[UWrMaxSAT] meta loaded OK.
[UWrMaxSAT] Loaded 2378 assumption literals from p4_A-n32-k5_r27v5k3.wcnf.asm
c Parsing MaxSAT file...
c Start timer (tic-tac ...)
c c Found solution: 853002
c ============================[  Problem Statistics ]============================
c |  Number of variables:          5649                                         |
c |  Number of clauses:           32765 (incl.          993 soft in queue)      |
c ===============================================================================
c [UWrMaxSAT] Timeout reached.
c [1mOptimal solution: 853002[0m
c _______________________________________________________________________________
c 
c restarts               : 20305433
c conflicts              : 194            (3 /sec)
c decisions              : 1517           (0.00 % random) (27 /sec)
c propagations           : 640575         (11196 /sec)
c conflict literals      : 321            (3.89 % deleted)
c =======================[ UWrMaxSat resources usage ]===========================
c Memory used            : 32.00 MB
c CPU time               : 57.2142 s
c _______________________________________________________________________________
o 853002
s OPTIMUM FOUND
v 7 148 205 317 353 405 442 458 492 608 635 659 687 830 846 901 944 1014 1131 1172 1229 1266 1341 1352 1429 1466 1482 1511 1590 1659 1696 1711 1840 1870 1925 2020 2050 2052 2054 2056 2070 2071 2072 2073 2074 2075 2076 2077 2078 2079 2080 2081 2082 2083 2084 2085 2086 2088 2089 2090 2091 2092 2093 2094 2095 2096 2097 2098 2099 2100 2101 2102 2103 2104 2105 2106 2107 2108 2109 2110 2111 2112 2113 2114 2115 2116 2117 2119 2120 2121 2122 2123 2124 2125 2126 2127 2128 2129 2130 2131 2132 2133 2134 2135 2136 2137 2138 2139 2140 2141 2142 2143 2144 2145 2146 2147 2148 2151 2152 2153 2154 2155 2156 2157 2158 2159 2160 2161 2162 2163 2164 2165 2166 2167 2168 2169 2170 2171 2172 2173 2174 2175 2176 2177 2178 2179 2186 2187 2188 2189 2190 2191 2192 2193 2194 2195 2196 2197 2198 2199 2200 2201 2202 2203 2204 2205 2206 2207 2208 2209 2210 2220 2221 2222 2223 2224 2225 2226 2227 2228 2229 2230 2231 2232 2233 2234 2235 2236 2237 2238 2239 2240 2241 2265 2266 2267 2268 2269 2270 2271 2272 2275 2276 2277 2278 2279 2280 2281 2282 2283 2284 2285 2286 2287 2288 2289 2290 2291 2292 2293 2294 2295 2296 2297 2298 2299 2300 2301 2302 2303 2307 2308 2309 2310 2311 2312 2313 2314 2315 2316 2317 2318 2319 2320 2321 2322 2323 2324 2325 2326 2327 2328 2329 2330 2331 2332 2333 2334 2339 2340 2341 2342 2343 2344 2345 2346 2347 2348 2349 2350 2351 2352 2353 2354 2355 2356 2357 2358 2359 2360 2361 2362 2363 2364 2365 2367 2368 2369 2370 2371 2372 2373 2374 2375 2376 2377 2378 2379 2380 2381 2382 2383 2384 2385 2386 2387 2388 2389 2390 2391 2392 2393 2394 2395 2396 2410 2411 2412 2413 2414 2415 2416 2417 2418 2419 2420 2421 2422 2423 2424 2425 2426 2427 2452 2453 2454 2455 2456 2457 2458 2468 2469 2470 2471 2472 2473 2474 2475 2476 2477 2478 2479 2480 2481 2482 2483 2484 2485 2486 2487 2488 2489 2493 2494 2495 2496 2497 2498 2499 2500 2501 2502 2503 2504 2505 2506 2507 2508 2509 2510 2511 2512 2513 2514 2515 2516 2517 2518 2519 2520 2533 2534 2535 2536 2537 2538 2539 2540 2541 2542 2543 2544 2545 2546 2547 2548 2549 2550 2551 2554 2555 2556 2557 2558 2559 2560 2561 2562 2563 2564 2565 2566 2567 2568 2569 2570 2571 2572 2573 2574 2575 2576 2577 2578 2579 2580 2581 2582 2586 2587 2588 2589 2590 2591 2592 2593 2594 2595 2596 2597 2598 2599 2600 2601 2602 2603 2604 2605 2606 2607 2608 2609 2610 2611 2612 2613 2640 2641 2642 2643 2644 2652 2653 2654 2655 2656 2657 2658 2659 2660 2661 2662 2663 2664 2665 2666 2667 2668 2669 2670 2671 2672 2673 2674 2675 2701 2702 2703 2704 2705 2706 2709 2710 2711 2712 2713 2714 2715 2716 2717 2718 2719 2720 2721 2722 2723 2724 2725 2726 2727 2728 2729 2730 2731 2732 2733 2734 2735 2736 2737 2740 2741 2742 2743 2744 2745 2746 2747 2748 2749 2750 2751 2752 2753 2754 2755 2756 2757 2758 2759 2760 2761 2762 2763 2764 2765 2766 2767 2768 2795 2796 2797 2798 2799 2816 2817 2818 2819 2820 2821 2822 2823 2824 2825 2826 2827 2828 2829 2830 2841 2842 2843 2844 2845 2846 2847 2848 2849 2850 2851 2852 2853 2854 2855 2856 2857 2858 2859 2860 2861 2870 2871 2872 2873 2874 2875 2876 2877 2878 2879 2880 2881 2882 2883 2884 2885 2886 2887 2888 2889 2890 2891 2892 2894 2895 2896 2897 2898 2899 2900 2901 2902 2903 2904 2905 2906 2907 2908 2909 2910 2911 2912 2913 2914 2915 2916 2917 2918 2919 2920 2921 2922 2923 2929 2930 2931 2932 2933 2934 2935 2936 2937 2938 2939 2940 2941 2942 2943 2944 2945 2946 2947 2948 2949 2950 2951 2952 2953 2954 2966 2967 2968 2969 2970 2971 2972 2973 2974 2975 2976 2977 2978 2979 2980 2981 2982 2983 2984 2985 2987 2988 2989 2990 2991 2992 2993 2994 2995 2996 2997 2998 2999 3000 3001 3002 3003 3004 3005 3006 3007 3008 3009 3010 3011 3012 3013 3014 3015 3016 3031 3032 3033 3034 3035 3036 3037 3038 3039 3040 3041 3042 3043 3044 3045 3046 3047 3050 3051 3052 3053 3054 3055 3056 3057 3058 3059 3060 3061 3062 3063 3064 3065 3066 3067 3068 3069 3070 3071 3072 3073 3074 3075 3076 3077 3078 3080 3081 3082 3083 3084 3085 3086 3087 3088 3089 3090 3091 3092 3093 3094 3095 3096 3097 3098 3099 3100 3101 3102 3103 3104 3105 3106 3107 3108 3109 3111 3112 3113 3114 3115 3116 3117 3118 3119 3120 3121 3122 3123 3124 3125 3126 3127 3128 3129 3130 3131 3132 3133 3134 3135 3136 3137 3138 3139 3140 3156 3157 3158 3159 3160 3161 3162 3163 3164 3165 3166 3167 3168 3169 3170 3171 3175 3176 3177 3178 3179 3180 3181 3182 3183 3184 3185 3186 3187 3188 3189 3190 3191 3192 3193 3194 3195 3196 3197 3198 3199 3200 3201 3202 3232 3233 3237 3238 3239 3240 3241 3242 3243 3244 3245 3246 3247 3248 3249 3250 3251 3252 3253 3254 3255 3256 3257 3258 3259 3260 3261 3262 3263 3264 3309 3310 3311 3312 3313 3314 3315 3316 3317 3318 3319 3320 3321 3322 3323 3324 3325 3326 3329 3330 3331 3332 3333 3334 3335 3336 3337 3338 3339 3340 3341 3342 3343 3344 3345 3346 3347 3348 3349 3350 3351 3352 3353 3354 3355 3356 3357 3373 3374 3375 3376 3377 3378 3379 3380 3381 3382 3383 3384 3385 3386 3387 3388 3419 3446 3447 3448 3449 3450 3463 3464 3465 3466 3467 3468 3469 3470 3471 3472 3473 3474 3475 3476 3477 3478 3479 3480 3481 3510 3511 3512 3517 3518 3519 3520 3521 3522 3523 3524 3525 3526 3527 3528 3529 3530 3531 3532 3533 3534 3535 3536 3537 3538 3539 3540 3541 3542 3543 3554 3555 3556 3557 3558 3559 3560 3561 3562 3563 3564 3565 3566 3567 3568 3569 3570 3571 3572 3573 3574 3578 3579 3580 3581 3582 3583 3584 3585 3586 3587 3588 3589 3590 3591 3592 3593 3594 3595 3596 3597 3598 3599 3600 3601 3602 3603 3604 3605 3622 3623 3624 3625 3626 3627 3628 3629 3630 3631 3632 3633 3634 3635 3636 3679 3680 3681 3682 3683 3684 3685 3686 3687 3688 3689 3690 3691 3692 3693 3694 3695 3696 3697 3698 3700 3701 3702 3703 3704 3705 3706 3707 3708 3709 3710 3711 3712 3713 3714 3715 3716 3717 3718 3719 3720 3721 3722 3723 3724 3725 3726 3727 3728 3729 3819 3820 3821 3822 3848 3849 3850 3851 3852 3853 3856 3857 3858 3859 3860 3861 3862 3863 3864 3865 3866 3867 3868 3869 3870 3871 3872 3873 3874 3875 3876 3877 3878 3879 3880 3881 3882 3883 3884 3899 3900 3901 3902 3903 3904 3905 3906 3907 3908 3909 3910 3911 3912 3913 3914 3915 3946 3948 3949 3950 3951 3952 3953 3954 3955 3956 3957 3958 3959 3960 3961 3962 3963 3964 3965 3966 3967 3968 3969 3970 3971 3972 3973 3974 3975 3976 3977 3979 4008 4116 4145 4185 4227 4266 4295 4316 4383 4435 4462 4502 4535 4544 4585 4605 4645 4673 4728 4770 4806 4844 4879 4946 4973 5003 5022 5023 5024 5035 5036 5037 5038 5039 5040 5041 5042 5043 5044 5045 5046 5047 5048 5049 5050 5051 5052 5053 5054 5055 5056 5057 5081 5082 5083 5084 5085 5086 5087 5088 5113 5114 5115 5116 5117 5118 5119 5148 5149 5150 5166 5167 5168 5169 5170 5171 5172 5173 5174 5175 5176 5177 5178 5179 5180 5181 5206 5207 5208 5209 5210 5211 5212 5220 5221 5222 5223 5224 5225 5226 5227 5228 5229 5230 5231 5232 5233 5234 5235 5236 5237 5238 5239 5240 5241 5242 5243 5270 5271 5272 5273 5274 5299 5300 5301 5302 5303 5304 5305 5327 5328 5329 5330 5331 5332 5333 5334 5335 5336 5364 5365 5366 5367 5398 5405 5406 5407 5408 5409 5410 5411 5412 5413 5414 5415 5416 5417 5418 5419 5420 5421 5422 5423 5424 5425 5426 5427 5428 5429 5442 5443 5444 5445 5446 5447 5448 5449 5450 5451 5452 5453 5454 5455 5456 5457 5458 5459 5460 5483 5484 5485 5486 5487 5488 5489 5490 5491 5501 5502 5503 5504 5505 5506 5507 5508 5509 5510 5511 5512 5513 5514 5515 5516 5517 5518 5519 5520 5521 5522 5526 5527 5528 5529 5530 5531 5532 5533 5534 5535 5536 5537 5538 5539 5540 5541 5542 5543 5544 5545 5546 5547 5548 5549 5550 5551 5552 5553 5579 5580 5581 5582 5583 5584 5587 5588 5589 5590 5591 5592 5593 5594 5595 5596 5597 5598 5599 5600 5601 5602 5603 5604 5605 5606 5607 5608 5609 5610 5611 5612 5613 5614 5615 5630 5631 5632 5633 5634 5635 5636 5637 5638 5639 5640 5641 5642 5643 5644 5645 5646 5652 5653 5654 5655 5656 5657 5658 5659 5660 5661 5662 5663 5664 5665 5666 5667 5668 5669 5670 5671 5672 5673 5674 5675 5676 5677 5701 5702 5703 5704 5705 5706 5707 5708 5739 5791 5792 5793 5794 5795 5796 5797 5798 5799 5800 5801 5813 5814 5815 5816 5817 5818 5819 5820 5821 5822 5823 5824 5825 5826 5827 5828 5829 5830 5831 5832 5846 5847 5848 5849 5850 5851 5852 5853 5854 5855 5856 5857 5858 5859 5860 5861 5862 5863 5893 5894 5925 5936 5937 5938 5939 5940 5941 5942 5943 5944 5945 5946 5947 5948 5949 5950 5951 5952 5953 5954 5955 5956 5961 5962 5963 5964 5965 5966 5967 5968 5969 5970 5971 5972 5973 5974 5975 5976 5977 5978 5979 5980 5981 5982 5983 5984 5985 5986 5987 5991 5999 6001 6006 6016 6116 6157 6214 6251 6287 6326 6337 6362 6414 6451 6467 6501 6540 6562 6617 6644 6680 6696 6741 6839 6855 6877 6910 6953 6986 7024 7042 7043 7044 7047 7051 7076 7077 7078 7079 7080 7081 7097 7098 7099 7100 7101 7102 7103 7104 7105 7106 7107 7108 7109 7110 7111 7112 7127 7128 7129 7130 7131 7132 7133 7134 7135 7136 7137 7138 7139 7140 7141 7142 7143 7152 7153 7154 7155 7156 7157 7158 7159 7160 7161 7162 7163 7164 7165 7166 7167 7168 7169 7170 7171 7172 7173 7174 7192 7193 7194 7195 7196 7197 7198 7199 7200 7201 7202 7203 7204 7205 7222 7223 7224 7225 7226 7227 7228 7229 7230 7231 7232 7233 7234 7235 7236 7263 7264 7265 7266 7267 7278 7279 7280 7281 7282 7283 7284 7285 7286 7287 7288 7289 7290 7291 7292 7293 7294 7295 7296 7297 7298 7311 7312 7313 7314 7315 7316 7317 7318 7319 7320 7321 7322 7323 7324 7325 7326 7327 7328 7329 7345 7346 7347 7348 7349 7350 7351 7352 7353 7354 7355 7356 7357 7358 7359 7360 7370 7371 7372 7373 7374 7375 7376 7377 7378 7379 7380 7381 7382 7383 7384 7385 7386 7387 7388 7389 7390 7391 7416 7417 7418 7419 7420 7421 7422 7450 7451 7452 7453 7474 7475 7476 7477 7478 7479 7480 7481 7482 7483 7484 7499 7500 7501 7502 7503 7504 7505 7506 7507 7508 7509 7510 7511 7512 7513 7514 7515 7539 7540 7541 7542 7543 7544 7545 7546 7577 7589 7590 7591 7592 7593 7594 7595 7596 7597 7598 7599 7600 7601 7602 7603 7604 7605 7606 7607 7608 7658 7659 7660 7661 7662 7663 7664 7665 7666 7667 7668 7669 7670 7699 7700 7701 7715 7716 7717 7718 7719 7720 7721 7722 7723 7724 7725 7726 7727 7728 7729 7730 7731 7732 7739 7740 7741 7742 7743 7744 7745 7746 7747 7748 7749 7750 7751 7752 7753 7754 7755 7756 7757 7758 7759 7760 7761 7762 7763 7847 7848 7849 7850 7851 7852 7853 7854 7855 7856 7876 7877 7878 7879 7880 7881 7882 7883 7884 7885 7886 7887 7895 7896 7897 7898 7899 7900 7901 7902 7903 7904 7905 7906 7907 7908 7909 7910 7911 7912 7913 7914 7915 7916 7917 7918 7935 7936 7937 7938 7939 7940 7941 7942 7943 7944 7945 7946 7947 7948 7949 7972 7973 7974 7975 7976 7977 7978 7979 7980 8010 8011 8016 8074 8160 8193 8228 8244 8271 8310 8360 8427 8479 8506 8542 8579 8588 8629 8649 8689 8717 8742 8850 8888 8923 8947 9017 9047 9073 9081 9083 9084 9145 9204 9205 9206 9207 9227 9228 9229 9230 9231 9232 9233 9234 9235 9236 9237 9238 9283 9284 9285 9286 9287 9288 9289 9290 9291 9292 9293 9294 9295 9296 9297 9298 9299 9300 9326 9327 9328 9329 9330 9331 9355 9356 9357 9358 9359 9360 9361 9362 9420 9421 9422 9423 9424 9468 9469 9470 9471 9472 9473 9474 9475 9476 9477 9478 9479 9480 9481 9482 9483 9484 9485 9486 9503 9504 9505 9506 9507 9508 9509 9510 9511 9512 9513 9514 9515 9516 9517 9539 9540 9541 9542 9543 9544 9545 9546 9547 9548 9563 9564 9565 9566 9567 9568 9569 9570 9571 9572 9573 9574 9575 9576 9577 9578 9579 9589 9590 9591 9592 9593 9594 9595 9596 9597 9598 9599 9600 9601 9602 9603 9604 9605 9606 9607 9608 9609 9610 9635 9636 9637 9638 9639 9640 9641 9650 9651 9652 9653 9654 9655 9656 9657 9658 9659 9660 9661 9662 9663 9664 9665 9666 9667 9668 9669 9670 9671 9672 9691 9692 9693 9694 9695 9696 9697 9698 9699 9700 9701 9702 9703 9715 9716 9717 9718 9719 9720 9721 9722 9723 9724 9725 9726 9727 9728 9729 9730 9731 9732 9733 9734 9757 9758 9759 9760 9761 9762 9763 9764 9765 9795 9796 9874 9875 9876 9877 9878 9879 9880 9881 9882 9883 9884 9885 9886 9887 9888 9889 9907 9908 9909 9910 9911 9912 9913 9914 9915 9916 9917 9918 9919 9920 9949 9950 9951 9972 9973 9974 9975 9976 9977 9978 9979 9980 9981 9982 10024 10025 10026 10027 10028 10029 10030 10031 10032 10033 10034 10035 10036 10037 10038 10039 10040 10041 10042 10043 10044
c Using COMiniSatPS SAT solver by Chanseok Oh (2016)
[UWrMaxSAT] meta file: p4_A-n32-k5_r29v5k3.meta
[UWrMaxSAT] meta loaded OK.
[UWrMaxSAT] Loaded 2378 assumption literals from p4_A-n32-k5_r28v5k3.wcnf.asm
c Parsing MaxSAT file...
c Start timer (tic-tac ...)
c c Found solution: 877802
c ============================[  Problem Statistics ]============================
c |  Number of variables:          5654                                         |
c |  Number of clauses:           32947 (incl.          998 soft in queue)      |
c ===============================================================================
c [Elapsed time] 0.05 s
c Found solution: 872842
c [UWrMaxSAT] Timeout reached.
c [1mOptimal solution: 872842[0m
c _______________________________________________________________________________
c 
c restarts               : 19951163
c conflicts              : 184            (3 /sec)
c decisions              : 1623           (0.00 % random) (29 /sec)
c propagations           : 649101         (11531 /sec)
c conflict literals      : 211            (3.21 % deleted)
c =======================[ UWrMaxSat resources usage ]===========================
c Memory used            : 32.00 MB
c CPU time               : 56.2914 s
c _______________________________________________________________________________
o 872842
s OPTIMUM FOUND
v 7 148 205 317 353 405 442 458 492 608 635 659 687 830 846 901 944 1014 1131 1172 1229 1266 1341 1352 1429 1466 1482 1511 1590 1659 1696 1711 1840 1870 1925 2020 2050 2052 2054 2056 2070 2071 2072 2073 2074 2075 2076 2077 2078 2079 2080 2081 2082 2083 2084 2085 2086 2088 2089 2090 2091 2092 2093 2094 2095 2096 2097 2098 2099 2100 2101 2102 2103 2104 2105 2106 2107 2108 2109 2110 2111 2112 2113 2114 2115 2116 2117 2119 2120 2121 2122 2123 2124 2125 2126 2127 2128 2129 2130 2131 2132 2133 2134 2135 2136 2137 2138 2139 2140 2141 2142 2143 2144 2145 2146 2147 2148 2151 2152 2153 2154 2155 2156 2157 2158 2159 2160 2161 2162 2163 2164 2165 2166 2167 2168 2169 2170 2171 2172 2173 2174 2175 2176 2177 2178 2179 2186 2187 2188 2189 2190 2191 2192 2193 2194 2195 2196 2197 2198 2199 2200 2201 2202 2203 2204 2205 2206 2207 2208 2209 2210 2213 2214 2215 2216 2217 2218 2219 2220 2221 2222 2223 2224 2225 2226 2227 2228 2229 2230 2231 2232 2233 2234 2235 2236 2237 2238 2239 2240 2241 2265 2266 2267 2268 2269 2270 2271 2272 2275 2276 2277 2278 2279 2280 2281 2282 2283 2284 2285 2286 2287 2288 2289 2290 2291 2292 2293 2294 2295 2296 2297 2298 2299 2300 2301 2302 2303 2307 2308 2309 2310 2311 2312 2313 2314 2315 2316 2317 2318 2319 2320 2321 2322 2323 2324 2325 2326 2327 2328 2329 2330 2331 2332 2333 2334 2339 2340 2341 2342 2343 2344 2345 2346 2347 2348 2349 2350 2351 2352 2353 2354 2355 2356 2357 2358 2359 2360 2361 2362 2363 2364 2365 2367 2368 2369 2370 2371 2372 2373 2374 2375 2376 2377 2378 2379 2380 2381 2382 2383 2384 2385 2386 2387 2388 2389 2390 2391 2392 2393 2394 2395 2396 2410 2411 2412 2413 2414 2415 2416 2417 2418 2419 2420 2421 2422 2423 2424 2425 2426 2427 2452 2453 2454 2455 2456 2457 2458 2468 2469 2470 2471 2472 2473 2474 2475 2476 2477 2478 2479 2480 2481 2482 2483 2484 2485 2486 2487 2488 2489 2493 2494 2495 2496 2497 2498 2499 2500 2501 2502 2503 2504 2505 2506 2507 2508 2509 2510 2511 2512 2513 2514 2515 2516 2517 2518 2519 2520 2533 2534 2535 2536 2537 2538 2539 2540 2541 2542 2543 2544 2545 2546 2547 2548 2549 2550 2551 2554 2555 2556 2557 2558 2559 2560 2561 2562 2563 2564 2565 2566 2567 2568 2569 2570 2571 2572 2573 2574 2575 2576 2577 2578 2579 2580 2581 2582 2586 2587 2588 2589 2590 2591 2592 2593 2594 2595 2596 2597 2598 2599 2600 2601 2602 2603 2604 2605 2606 2607 2608 2609 2610 2611 2612 2613 2640 2641 2642 2643 2644 2652 2653 2654 2655 2656 2657 2658 2659 2660 2661 2662 2663 2664 2665 2666 2667 2668 2669 2670 2671 2672 2673 2674 2675 2701 2702 2703 2704 2705 2706 2709 2710 2711 2712 2713 2714 2715 2716 2717 2718 2719 2720 2721 2722 2723 2724 2725 2726 2727 2728 2729 2730 2731 2732 2733 2734 2735 2736 2737 2739 2740 2741 2742 2743 2744 2745 2746 2747 2748 2749 2750 2751 2752 2753 2754 2755 2756 2757 2758 2759 2760 2761 2762 2763 2764 2765 2766 2767 2768 2795 2796 2797 2798 2799 2816 2817 2818 2819 2820 2821 2822 2823 2824 2825 2826 2827 2828 2829 2830 2841 2842 2843 2844 2845 2846 2847 2848 2849 2850 2851 2852 2853 2854 2855 2856 2857 2858 2859 2860 2861 2870 2871 2872 2873 2874 2875 2876 2877 2878 2879 2880 2881 2882 2883 2884 2885 2886 2887 2888 2889 2890 2891 2892 2894 2895 2896 2897 2898 2899 2900 2901 2902 2903 2904 2905 2906 2907 2908 2909 2910 2911 2912 2913 2914 2915 2916 2917 2918 2919 2920 2921 2922 2923 2929 2930 2931 2932 2933 2934 2935 2936 2937 2938 2939 2940 2941 2942 2943 2944 2945 2946 2947 2948 2949 2950 2951 2952 2953 2954 2966 2967 2968 2969 2970 2971 2972 2973 2974 2975 2976 2977 2978 2979 2980 2981 2982 2983 2984 2985 2987 2988 2989 2990 2991 2992 2993 2994 2995 2996 2997 2998 2999 3000 3001 3002 3003 3004 3005 3006 3007 3008 3009 3010 3011 3012 3013 3014 3015 3016 3031 3032 3033 3034 3035 3036 3037 3038 3039 3040 3041 3042 3043 3044 3045 3046 3047 3050 3051 3052 3053 3054 3055 3056 3057 3058 3059 3060 3061 3062 3063 3064 3065 3066 3067 3068 3069 3070 3071 3072 3073 3074 3075 3076 3077 3078 3080 3081 3082 3083 3084 3085 3086 3087 3088 3089 3090 3091 3092 3093 3094 3095 3096 3097 3098 3099 3100 3101 3102 3103 3104 3105 3106 3107 3108 3109 3111 3112 3113 3114 3115 3116 3117 3118 3119 3120 3121 3122 3123 3124 3125 3126 3127 3128 3129 3130 3131 3132 3133 3134 3135 3136 3137 3138 3139 3140 3156 3157 3158 3159 3160 3161 3162 3163 3164 3165 3166 3167 3168 3169 3170 3171 3175 3176 3177 3178 3179 3180 3181 3182 3183 3184 3185 3186 3187 3188 3189 3190 3191 3192 3193 3194 3195 3196 3197 3198 3199 3200 3201 3202 3232 3233 3237 3238 3239 3240 3241 3242 3243 3244 3245 3246 3247 3248 3249 3250 3251 3252 3253 3254 3255 3256 3257 3258 3259 3260 3261 3262 3263 3264 3309 3310 3311 3312 3313 3314 3315 3316 3317 3318 3319 3320 3321 3322 3323 3324 3325 3326 3329 3330 3331 3332 3333 3334 3335 3336 3337 3338 3339 3340 3341 3342 3343 3344 3345 3346 3347 3348 3349 3350 3351 3352 3353 3354 3355 3356 3357 3373 3374 3375 3376 3377 3378 3379 3380 3381 3382 3383 3384 3385 3386 3387 3388 3419 3446 3447 3448 3449 3450 3463 3464 3465 3466 3467 3468 3469 3470 3471 3472 3473 3474 3475 3476 3477 3478 3479 3480 3481 3510 3511 3512 3517 3518 3519 3520 3521 3522 3523 3524 3525 3526 3527 3528 3529 3530 3531 3532 3533 3534 3535 3536 3537 3538 3539 3540 3541 3542 3543 3554 3555 3556 3557 3558 3559 3560 3561 3562 3563 3564 3565 3566 3567 3568 3569 3570 3571 3572 3573 3574 3578 3579 3580 3581 3582 3583 3584 3585 3586 3587 3588 3589 3590 3591 3592 3593 3594 3595 3596 3597 3598 3599 3600 3601 3602 3603 3604 3605 3622 3623 3624 3625 3626 3627 3628 3629 3630 3631 3632 3633 3634 3635 3636 3679 3680 3681 3682 3683 3684 3685 3686 3687 3688 3689 3690 3691 3692 3693 3694 3695 3696 3697 3698 3700 3701 3702 3703 3704 3705 3706 3707 3708 3709 3710 3711 3712 3713 3714 3715 3716 3717 3718 3719 3720 3721 3722 3723 3724 3725 3726 3727 3728 3729 3760 3819 3820 3821 3822 3848 3849 3850 3851 3852 3853 3856 3857 3858 3859 3860 3861 3862 3863 3864 3865 3866 3867 3868 3869 3870 3871 3872 3873 3874 3875 3876 3877 3878 3879 3880 3881 3882 3883 3884 3899 3900 3901 3902 3903 3904 3905 3906 3907 3908 3909 3910 3911 3912 3913 3914 3915 3946 3948 3949 3950 3951 3952 3953 3954 3955 3956 3957 3958 3959 3960 3961 3962 3963 3964 3965 3966 3967 3968 3969 3970 3971 3972 3973 3974 3975 3976 3977 3979 4008 4116 4145 4185 4227 4266 4295 4316 4383 4435 4462 4502 4535 4544 4585 4605 4645 4673 4728 4770 4806 4844 4879 4946 4973 5003 5022 5023 5024 5035 5036 5037 5038 5039 5040 5041 5042 5043 5044 5045 5046 5047 5048 5049 5050 5051 5052 5053 5054 5055 5056 5057 5076 5077 5078 5079 5080 5081 5082 5083 5084 5085 5086 5087 5088 5109 5110 5111 5112 5113 5114 5115 5116 5117 5118 5119 5148 5149 5150 5166 5167 5168 5169 5170 5171 5172 5173 5174 5175 5176 5177 5178 5179 5180 5181 5203 5204 5205 5206 5207 5208 5209 5210 5211 5212 5220 5221 5222 5223 5224 5225 5226 5227 5228 5229 5230 5231 5232 5233 5234 5235 5236 5237 5238 5239 5240 5241 5242 5243 5270 5271 5272 5273 5274 5299 5300 5301 5302 5303 5304 5305 5327 5328 5329 5330 5331 5332 5333 5334 5335 5336 5364 5365 5366 5367 5398 5405 5406 5407 5408 5409 5410 5411 5412 5413 5414 5415 5416 5417 5418 5419 5420 5421 5422 5423 5424 5425 5426 5427 5428 5429 5442 5443 5444 5445 5446 5447 5448 5449 5450 5451 5452 5453 5454 5455 5456 5457 5458 5459 5460 5483 5484 5485 5486 5487 5488 5489 5490 5491 5501 5502 5503 5504 5505 5506 5507 5508 5509 5510 5511 5512 5513 5514 5515 5516 5517 5518 5519 5520 5521 5522 5526 5527 5528 5529 5530 5531 5532 5533 5534 5535 5536 5537 5538 5539 5540 5541 5542 5543 5544 5545 5546 5547 5548 5549 5550 5551 5552 5553 5579 5580 5581 5582 5583 5584 5587 5588 5589 5590 5591 5592 5593 5594 5595 5596 5597 5598 5599 5600 5601 5602 5603 5604 5605 5606 5607 5608 5609 5610 5611 5612 5613 5614 5615 5630 5631 5632 5633 5634 5635 5636 5637 5638 5639 5640 5641 5642 5643 5644 5645 5646 5652 5653 5654 5655 5656 5657 5658 5659 5660 5661 5662 5663 5664 5665 5666 5667 5668 5669 5670 5671 5672 5673 5674 5675 5676 5677 5701 5702 5703 5704 5705 5706 5707 5708 5739 5770 5791 5792 5793 5794 5795 5796 5797 5798 5799 5800 5801 5813 5814 5815 5816 5817 5818 5819 5820 5821 5822 5823 5824 5825 5826 5827 5828 5829 5830 5831 5832 5846 5847 5848 5849 5850 5851 5852 5853 5854 5855 5856 5857 5858 5859 5860 5861 5862 5863 5893 5894 5925 5936 5937 5938 5939 5940 5941 5942 5943 5944 5945 5946 5947 5948 5949 5950 5951 5952 5953 5954 5955 5956 5961 5962 5963 5964 5965 5966 5967 5968 5969 5970 5971 5972 5973 5974 5975 5976 5977 5978 5979 5980 5981 5982 5983 5984 5985 5986 5987 5991 5999 6001 6006 6016 6116 6157 6214 6251 6287 6326 6337 6362 6414 6451 6467 6501 6540 6562 6617 6644 6680 6696 6741 6839 6855 6877 6910 6953 6986 7024 7042 7043 7044 7047 7051 7076 7077 7078 7079 7080 7081 7094 7095 7096 7097 7098 7099 7100 7101 7102 7103 7104 7105 7106 7107 7108 7109 7110 7111 7112 7121 7122 7123 7124 7125 7126 7127 7128 7129 7130 7131 7132 7133 7134 7135 7136 7137 7138 7139 7140 7141 7142 7143 7152 7153 7154 7155 7156 7157 7158 7159 7160 7161 7162 7163 7164 7165 7166 7167 7168 7169 7170 7171 7172 7173 7174 7192 7193 7194 7195 7196 7197 7198 7199 7200 7201 7202 7203 7204 7205 7217 7218 7219 7220 7221 7222 7223 7224 7225 7226 7227 7228 7229 7230 7231 7232 7233 7234 7235 7236 7263 7264 7265 7266 7267 7278 7279 7280 7281 7282 7283 7284 7285 7286 7287 7288 7289 7290 7291 7292 7293 7294 7295 7296 7297 7298 7311 7312 7313 7314 7315 7316 7317 7318 7319 7320 7321 7322 7323 7324 7325 7326 7327 7328 7329 7345 7346 7347 7348 7349 7350 7351 7352 7353 7354 7355 7356 7357 7358 7359 7360 7370 7371 7372 7373 7374 7375 7376 7377 7378 7379 7380 7381 7382 7383 7384 7385 7386 7387 7388 7389 7390 7391 7416 7417 7418 7419 7420 7421 7422 7450 7451 7452 7453 7474 7475 7476 7477 7478 7479 7480 7481 7482 7483 7484 7499 7500 7501 7502 7503 7504 7505 7506 7507 7508 7509 7510 7511 7512 7513 7514 7515 7539 7540 7541 7542 7543 7544 7545 7546 7577 7589 7590 7591 7592 7593 7594 7595 7596 7597 7598 7599 7600 7601 7602 7603 7604 7605 7606 7607 7608 7658 7659 7660 7661 7662 7663 7664 7665 7666 7667 7668 7669 7670 7699 7700 7701 7715 7716 7717 7718 7719 7720 7721 7722 7723 7724 7725 7726 7727 7728 7729 7730 7731 7732 7739 7740 7741 7742 7743 7744 7745 7746 7747 7748 7749 7750 7751 7752 7753 7754 7755 7756 7757 7758 7759 7760 7761 7762 7763 7794 7847 7848 7849 7850 7851 7852 7853 7854 7855 7856 7876 7877 7878 7879 7880 7881 7882 7883 7884 7885 7886 7887 7895 7896 7897 7898 7899 7900 7901 7902 7903 7904 7905 7906 7907 7908 7909 7910 7911 7912 7913 7914 7915 7916 7917 7918 7935 7936 7937 7938 7939 7940 7941 7942 7943 7944 7945 7946 7947 7948 7949 7972 7973 7974 7975 7976 7977 7978 7979 7980 8010 8011 8016 8074 8160 8193 8228 8244 8271 8310 8360 8427 8479 8506 8542 8579 8588 8629 8649 8689 8717 8742 8850 8888 8923 8947 9017 9047 9073 9081 9083 9084 9114 9138 9139 9140 9141 9142 9143 9144 9145 9176 9197 9198 9199 9200 9201 9202 9203 9204 9205 9206 9207 9220 9221 9222 9223 9224 9225 9226 9227 9228 9229 9230 9231 9232 9233 9234 9235 9236 9237 9238 9276 9277 9278 9279 9280 9281 9282 9283 9284 9285 9286 9287 9288 9289 9290 9291 9292 9293 9294 9295 9296 9297 9298 9299 9300 9319 9320 9321 9322 9323 9324 9325 9326 9327 9328 9329 9330 9331 9348 9349 9350 9351 9352 9353 9354 9355 9356 9357 9358 9359 9360 9361 9362 9393 9413 9414 9415 9416 9417 9418 9419 9420 9421 9422 9423 9424 9455 9461 9462 9463 9464 9465 9466 9467 9468 9469 9470 9471 9472 9473 9474 9475 9476 9477 9478 9479 9480 9481 9482 9483 9484 9485 9486 9496 9497 9498 9499 9500 9501 9502 9503 9504 9505 9506 9507 9508 9509 9510 9511 9512 9513 9514 9515 9516 9517 9532 9533 9534 9535 9536 9537 9538 9539 9540 9541 9542 9543 9544 9545 9546 9547 9548 9556 9557 9558 9559 9560 9561 9562 9563 9564 9565 9566 9567 9568 9569 9570 9571 9572 9573 9574 9575 9576 9577 9578 9579 9582 9583 9584 9585 9586 9587 9588 9589 9590 9591 9592 9593 9594 9595 9596 9597 9598 9599 9600 9601 9602 9603 9604 9605 9606 9607 9608 9609 9610 9628 9629 9630 9631 9632 9633 9634 9635 9636 9637 9638 9639 9640 9641 9643 9644 9645 9646 9647 9648 9649 9650 9651 9652 9653 9654 9655 9656 9657 9658 9659 9660 9661 9662 9663 9664 9665 9666 9667 9668 9669 9670 9671 9672 9684 9685 9686 9687 9688 9689 9690 9691 9692 9693 9694 9695 9696 9697 9698 9699 9700 9701 9702 9703 9708 9709 9710 9711 9712 9713 9714 9715 9716 9717 9718 9719 9720 9721 9722 9723 9724 9725 9726 9727 9728 9729 9730 9731 9732 9733 9734 9750 9751 9752 9753 9754 9755 9756 9757 9758 9759 9760 9761 9762 9763 9764 9765 9788 9789 9790 9791 9792 9793 9794 9795 9796 9827 9867 9868 9869 9870 9871 9872 9873 9874 9875 9876 9877 9878 9879 9880 9881 9882 9883 9884 9885 9886 9887 9888 9889 9900 9901 9902 9903 9904 9905 9906 9907 9908 9909 9910 9911 9912 9913 9914 9915 9916 9917 9918 9919 9920 9942 9943 9944 9945 9946 9947 9948 9949 9950 9951 9965 9966 9967 9968 9969 9970 9971 9972 9973 9974 9975 9976 9977 9978 9979 9980 9981 9982 10013 10017 10018 10019 10020 10021 10022 10023 10024 10025 10026 10027 10028 10029 10030 10031 10032 10033 10034 10035 10036 10037 10038 10039 10040 10041 10042 10043 10044 10066
  [Info] Saved 2378 core assumption literals to p4_A-n32-k5_r25v5k3.wcnf.asm

[27/60] Building & Solving: R=26, V=5, K=3
  [Info] Generating MaxSAT Formulation...
[SBC] Added 52 clauses.
[rc2] Generating instance: p4_A-n32-k5_r26v5k3.wcnf ...
[UWrMaxSAT] meta exported to p4_A-n32-k5_r26v5k3.meta
  [Time Manager] Global Remaining Budget: 2073.95s | Future Weight Sum: 34.0
  [Time Manager] Recalibrated Budget for this step: 61.00s
  [Info] Injected Assumption file: p4_A-n32-k5_r25v5k3.wcnf.asm
[UWrMaxSAT] Running command:
  stdbuf -oL uwrmaxsat -no-bin -no-sat -no-par -no-scip -ppdsp-time=60 -ppdsp-lastY=10055 -ppdsp=p4_A-n32-k5_r26v5k3.meta -ppdsp-assume=p4_A-n32-k5_r25v5k3.wcnf.asm p4_A-n32-k5_r26v5k3.wcnf | tee p4_A-n32-k5_r26v5k3.wcnf.out
Vehicle 0: d → 21 → 14 → 9 → 28 → 4 → 19 → 26 → 13 → 25 → 29 → 15 → 11 → 0 → 6 → 12 → 20 → 18 → d, (requests = [4, 15])
Vehicle 1: d → 3 → 10 → 7 → 17 → 21 → 14 → 9 → 28 → 4 → 19 → 26 → 13 → 25 → 15 → 6 → 12 → 20 → d, (requests = [0, 1, 2, 3, 14])
Vehicle 2: d → 18 → 16 → 30 → 20 → 12 → 6 → 0 → 15 → 29 → 25 → 13 → 26 → 19 → 4 → 24 → 9 → 14 → 21 → 8 → 17 → 7 → 10 → 3 → 27 → 22 → d, (requests = [5, 6, 7, 11, 16])
Vehicle 3: d → 22 → 27 → 3 → 10 → 7 → 17 → 8 → 21 → 14 → 9 → 28 → 4 → 19 → 26 → 13 → 25 → 29 → 15 → 11 → 0 → 6 → 12 → 20 → 30 → 16 → 18 → d, (requests = [8, 9, 10, 13, 17, 18])
Vehicle 4: d → 18 → 16 → 30 → 20 → 12 → 6 → 15 → 25 → 13 → 26 → 19 → 4 → 28 → 14 → 21 → 8 → 17 → 7 → 10 → 3 → 27 → 22 → 1 → 5 → d, (requests = [12, 20, 22, 23])
======== PPDSP OBJECTIVE ========
Profit    = 149437
Cost      = 47489
Objective = 101948
=================================
  [Time Manager] Step 27 consumed 60.33s. Total Consumed: 1586.38s.
  [Info] Saved 2378 core assumption literals to p4_A-n32-k5_r26v5k3.wcnf.asm

[28/60] Building & Solving: R=27, V=5, K=3
  [Info] Generating MaxSAT Formulation...
[SBC] Added 54 clauses.
[rc2] Generating instance: p4_A-n32-k5_r27v5k3.wcnf ...
[UWrMaxSAT] meta exported to p4_A-n32-k5_r27v5k3.meta
  [Time Manager] Global Remaining Budget: 2013.62s | Future Weight Sum: 33.0
  [Time Manager] Recalibrated Budget for this step: 61.02s
  [Info] Injected Assumption file: p4_A-n32-k5_r26v5k3.wcnf.asm
[UWrMaxSAT] Running command:
  stdbuf -oL uwrmaxsat -no-bin -no-sat -no-par -no-scip -ppdsp-time=61 -ppdsp-lastY=10060 -ppdsp=p4_A-n32-k5_r27v5k3.meta -ppdsp-assume=p4_A-n32-k5_r26v5k3.wcnf.asm p4_A-n32-k5_r27v5k3.wcnf | tee p4_A-n32-k5_r27v5k3.wcnf.out
Vehicle 0: d → 21 → 14 → 9 → 28 → 4 → 19 → 26 → 13 → 25 → 29 → 15 → 11 → 0 → 6 → 12 → 20 → 18 → d, (requests = [4, 15])
Vehicle 1: d → 3 → 10 → 7 → 17 → 21 → 14 → 9 → 28 → 4 → 19 → 26 → 13 → 25 → 15 → 6 → 12 → 20 → d, (requests = [0, 1, 2, 3, 14])
Vehicle 2: d → 18 → 16 → 30 → 20 → 12 → 6 → 0 → 15 → 29 → 25 → 13 → 26 → 19 → 4 → 24 → 9 → 14 → 21 → 8 → 17 → 7 → 10 → 3 → 27 → 22 → d, (requests = [5, 6, 7, 11, 16])
Vehicle 3: d → 22 → 27 → 3 → 10 → 7 → 17 → 8 → 21 → 14 → 9 → 28 → 4 → 19 → 26 → 13 → 25 → 29 → 15 → 11 → 0 → 6 → 12 → 20 → 30 → 16 → 18 → d, (requests = [8, 9, 10, 13, 17, 18])
Vehicle 4: d → 18 → 16 → 30 → 20 → 12 → 6 → 15 → 25 → 13 → 26 → 19 → 4 → 28 → 14 → 21 → 8 → 17 → 7 → 10 → 3 → 27 → 22 → 1 → 5 → d, (requests = [12, 20, 22, 23])
======== PPDSP OBJECTIVE ========
Profit    = 149437
Cost      = 47489
Objective = 101948
=================================
  [Time Manager] Step 28 consumed 61.50s. Total Consumed: 1647.88s.
  [Info] Saved 2378 core assumption literals to p4_A-n32-k5_r27v5k3.wcnf.asm

[29/60] Building & Solving: R=28, V=5, K=3
  [Info] Generating MaxSAT Formulation...
[SBC] Added 56 clauses.
[rc2] Generating instance: p4_A-n32-k5_r28v5k3.wcnf ...
[UWrMaxSAT] meta exported to p4_A-n32-k5_r28v5k3.meta
  [Time Manager] Global Remaining Budget: 1952.12s | Future Weight Sum: 32.0
  [Time Manager] Recalibrated Budget for this step: 61.00s
  [Info] Injected Assumption file: p4_A-n32-k5_r27v5k3.wcnf.asm
[UWrMaxSAT] Running command:
  stdbuf -oL uwrmaxsat -no-bin -no-sat -no-par -no-scip -ppdsp-time=61 -ppdsp-lastY=10065 -ppdsp=p4_A-n32-k5_r28v5k3.meta -ppdsp-assume=p4_A-n32-k5_r27v5k3.wcnf.asm p4_A-n32-k5_r28v5k3.wcnf | tee p4_A-n32-k5_r28v5k3.wcnf.out
Vehicle 0: d → 21 → 14 → 9 → 28 → 4 → 19 → 26 → 13 → 25 → 29 → 15 → 11 → 0 → 6 → 12 → 20 → 18 → d, (requests = [4, 15])
Vehicle 1: d → 3 → 10 → 7 → 17 → 21 → 14 → 9 → 28 → 4 → 19 → 26 → 13 → 25 → 15 → 6 → 12 → 20 → d, (requests = [0, 1, 2, 3, 14])
Vehicle 2: d → 18 → 16 → 30 → 20 → 12 → 6 → 0 → 15 → 29 → 25 → 13 → 26 → 19 → 4 → 24 → 9 → 14 → 21 → 8 → 17 → 7 → 10 → 3 → 27 → 22 → d, (requests = [5, 6, 7, 11, 16])
Vehicle 3: d → 22 → 27 → 3 → 10 → 7 → 17 → 8 → 21 → 14 → 9 → 28 → 4 → 19 → 26 → 13 → 25 → 29 → 15 → 11 → 0 → 6 → 12 → 20 → 30 → 16 → 18 → d, (requests = [8, 9, 10, 13, 17, 18])
Vehicle 4: d → 18 → 16 → 30 → 20 → 12 → 6 → 15 → 25 → 13 → 26 → 19 → 4 → 28 → 14 → 21 → 8 → 17 → 7 → 10 → 3 → 27 → 22 → 1 → 5 → d, (requests = [12, 20, 22, 23])
======== PPDSP OBJECTIVE ========
Profit    = 149437
Cost      = 47489
Objective = 101948
=================================
  [Time Manager] Step 29 consumed 61.43s. Total Consumed: 1709.30s.
  [Info] Saved 2378 core assumption literals to p4_A-n32-k5_r28v5k3.wcnf.asm

[30/60] Building & Solving: R=29, V=5, K=3
  [Info] Generating MaxSAT Formulation...
[SBC] Added 58 clauses.
[rc2] Generating instance: p4_A-n32-k5_r29v5k3.wcnf ...
[UWrMaxSAT] meta exported to p4_A-n32-k5_r29v5k3.meta
  [Time Manager] Global Remaining Budget: 1890.70s | Future Weight Sum: 31.0
  [Time Manager] Recalibrated Budget for this step: 60.99s
  [Info] Injected Assumption file: p4_A-n32-k5_r28v5k3.wcnf.asm
[UWrMaxSAT] Running command:
  stdbuf -oL uwrmaxsat -no-bin -no-sat -no-par -no-scip -ppdsp-time=60 -ppdsp-lastY=10070 -ppdsp=p4_A-n32-k5_r29v5k3.meta -ppdsp-assume=p4_A-n32-k5_r28v5k3.wcnf.asm p4_A-n32-k5_r29v5k3.wcnf | tee p4_A-n32-k5_r29v5k3.wcnf.out
Vehicle 0: d → 21 → 14 → 9 → 28 → 4 → 19 → 26 → 13 → 25 → 29 → 15 → 11 → 0 → 6 → 12 → 20 → 18 → d, (requests = [4, 15, 28])
Vehicle 1: d → 3 → 10 → 7 → 17 → 21 → 14 → 9 → 28 → 4 → 19 → 26 → 13 → 25 → 15 → 6 → 12 → 20 → d, (requests = [0, 1, 2, 3, 14])
Vehicle 2: d → 18 → 16 → 30 → 20 → 12 → 6 → 0 → 15 → 29 → 25 → 13 → 26 → 19 → 4 → 24 → 9 → 14 → 21 → 8 → 17 → 7 → 10 → 3 → 27 → 22 → d, (requests = [5, 6, 7, 11, 16])
Vehicle 3: d → 22 → 27 → 3 → 10 → 7 → 17 → 8 → 21 → 14 → 9 → 28 → 4 → 19 → 26 → 13 → 25 → 29 → 15 → 11 → 0 → 6 → 12 → 20 → 30 → 16 → 18 → d, (requests = [8, 9, 10, 13, 17, 18])
Vehicle 4: d → 18 → 16 → 30 → 20 → 12 → 6 → 15 → 25 → 13 → 26 → 19 → 4 → 28 → 14 → 21 → 8 → 17 → 7 → 10 → 3 → 27 → 22 → 1 → 5 → d, (requests = [12, 20, 22, 23])
======== PPDSP OBJECTIVE ========
Profit    = 154397
Cost      = 47489
Objective = 106908
=================================
  [Time Manager] Step 30 consumed 60.48s. Total Consumed: 1769.79s.
  [Info] Saved 2583 core assumption literals to p4_A-n32-k5_r29v5k3.wcnf.asm

[31/60] Building & Solving: R=30, V=5, K=3
  [Info] Generating MaxSAT Formulation...
[SBC] Added 60 clauses.
[rc2] Generating instance: p4_A-n32-k5_r30v5k3.wcnf ...
[UWrMaxSAT] meta exported to p4_A-n32-k5_r30v5k3.meta
  [Time Manager] Global Remaining Budget: 1830.21s | Future Weight Sum: 30.0
  [Time Manager] Recalibrated Budget for this step: 61.01s
c Using COMiniSatPS SAT solver by Chanseok Oh (2016)
[UWrMaxSAT] meta file: p4_A-n32-k5_r30v5k3.meta
[UWrMaxSAT] meta loaded OK.
[UWrMaxSAT] Loaded 2583 assumption literals from p4_A-n32-k5_r29v5k3.wcnf.asm
c Parsing MaxSAT file...
c Start timer (tic-tac ...)
c c Found solution: 895752
c ============================[  Problem Statistics ]============================
c |  Number of variables:          5659                                         |
c |  Number of clauses:           33129 (incl.         1003 soft in queue)      |
c ===============================================================================
c [UWrMaxSAT] Timeout reached inside slice loop. Stopping.
c *** Interrupted ***
c [1mSATISFIABLE: Best solution found: 895752[0m
v 7 148 205 317 353 405 442 458 492 608 635 659 687 830 846 901 944 1014 1131 1172 1229 1266 1341 1352 1429 1466 1482 1511 1590 1659 1696 1711 1840 1870 1925 2020 2050 2052 2054 2056 2070 2071 2072 2073 2074 2075 2076 2077 2078 2079 2080 2081 2082 2083 2084 2085 2086 2088 2089 2090 2091 2092 2093 2094 2095 2096 2097 2098 2099 2100 2101 2102 2103 2104 2105 2106 2107 2108 2109 2110 2111 2112 2113 2114 2115 2116 2117 2119 2120 2121 2122 2123 2124 2125 2126 2127 2128 2129 2130 2131 2132 2133 2134 2135 2136 2137 2138 2139 2140 2141 2142 2143 2144 2145 2146 2147 2148 2151 2152 2153 2154 2155 2156 2157 2158 2159 2160 2161 2162 2163 2164 2165 2166 2167 2168 2169 2170 2171 2172 2173 2174 2175 2176 2177 2178 2179 2186 2187 2188 2189 2190 2191 2192 2193 2194 2195 2196 2197 2198 2199 2200 2201 2202 2203 2204 2205 2206 2207 2208 2209 2210 2213 2214 2215 2216 2217 2218 2219 2220 2221 2222 2223 2224 2225 2226 2227 2228 2229 2230 2231 2232 2233 2234 2235 2236 2237 2238 2239 2240 2241 2265 2266 2267 2268 2269 2270 2271 2272 2275 2276 2277 2278 2279 2280 2281 2282 2283 2284 2285 2286 2287 2288 2289 2290 2291 2292 2293 2294 2295 2296 2297 2298 2299 2300 2301 2302 2303 2307 2308 2309 2310 2311 2312 2313 2314 2315 2316 2317 2318 2319 2320 2321 2322 2323 2324 2325 2326 2327 2328 2329 2330 2331 2332 2333 2334 2339 2340 2341 2342 2343 2344 2345 2346 2347 2348 2349 2350 2351 2352 2353 2354 2355 2356 2357 2358 2359 2360 2361 2362 2363 2364 2365 2367 2368 2369 2370 2371 2372 2373 2374 2375 2376 2377 2378 2379 2380 2381 2382 2383 2384 2385 2386 2387 2388 2389 2390 2391 2392 2393 2394 2395 2396 2410 2411 2412 2413 2414 2415 2416 2417 2418 2419 2420 2421 2422 2423 2424 2425 2426 2427 2452 2453 2454 2455 2456 2457 2458 2468 2469 2470 2471 2472 2473 2474 2475 2476 2477 2478 2479 2480 2481 2482 2483 2484 2485 2486 2487 2488 2489 2493 2494 2495 2496 2497 2498 2499 2500 2501 2502 2503 2504 2505 2506 2507 2508 2509 2510 2511 2512 2513 2514 2515 2516 2517 2518 2519 2520 2533 2534 2535 2536 2537 2538 2539 2540 2541 2542 2543 2544 2545 2546 2547 2548 2549 2550 2551 2554 2555 2556 2557 2558 2559 2560 2561 2562 2563 2564 2565 2566 2567 2568 2569 2570 2571 2572 2573 2574 2575 2576 2577 2578 2579 2580 2581 2582 2586 2587 2588 2589 2590 2591 2592 2593 2594 2595 2596 2597 2598 2599 2600 2601 2602 2603 2604 2605 2606 2607 2608 2609 2610 2611 2612 2613 2640 2641 2642 2643 2644 2652 2653 2654 2655 2656 2657 2658 2659 2660 2661 2662 2663 2664 2665 2666 2667 2668 2669 2670 2671 2672 2673 2674 2675 2701 2702 2703 2704 2705 2706 2709 2710 2711 2712 2713 2714 2715 2716 2717 2718 2719 2720 2721 2722 2723 2724 2725 2726 2727 2728 2729 2730 2731 2732 2733 2734 2735 2736 2737 2739 2740 2741 2742 2743 2744 2745 2746 2747 2748 2749 2750 2751 2752 2753 2754 2755 2756 2757 2758 2759 2760 2761 2762 2763 2764 2765 2766 2767 2768 2795 2796 2797 2798 2799 2816 2817 2818 2819 2820 2821 2822 2823 2824 2825 2826 2827 2828 2829 2830 2841 2842 2843 2844 2845 2846 2847 2848 2849 2850 2851 2852 2853 2854 2855 2856 2857 2858 2859 2860 2861 2870 2871 2872 2873 2874 2875 2876 2877 2878 2879 2880 2881 2882 2883 2884 2885 2886 2887 2888 2889 2890 2891 2892 2894 2895 2896 2897 2898 2899 2900 2901 2902 2903 2904 2905 2906 2907 2908 2909 2910 2911 2912 2913 2914 2915 2916 2917 2918 2919 2920 2921 2922 2923 2929 2930 2931 2932 2933 2934 2935 2936 2937 2938 2939 2940 2941 2942 2943 2944 2945 2946 2947 2948 2949 2950 2951 2952 2953 2954 2966 2967 2968 2969 2970 2971 2972 2973 2974 2975 2976 2977 2978 2979 2980 2981 2982 2983 2984 2985 2987 2988 2989 2990 2991 2992 2993 2994 2995 2996 2997 2998 2999 3000 3001 3002 3003 3004 3005 3006 3007 3008 3009 3010 3011 3012 3013 3014 3015 3016 3031 3032 3033 3034 3035 3036 3037 3038 3039 3040 3041 3042 3043 3044 3045 3046 3047 3050 3051 3052 3053 3054 3055 3056 3057 3058 3059 3060 3061 3062 3063 3064 3065 3066 3067 3068 3069 3070 3071 3072 3073 3074 3075 3076 3077 3078 3080 3081 3082 3083 3084 3085 3086 3087 3088 3089 3090 3091 3092 3093 3094 3095 3096 3097 3098 3099 3100 3101 3102 3103 3104 3105 3106 3107 3108 3109 3111 3112 3113 3114 3115 3116 3117 3118 3119 3120 3121 3122 3123 3124 3125 3126 3127 3128 3129 3130 3131 3132 3133 3134 3135 3136 3137 3138 3139 3140 3156 3157 3158 3159 3160 3161 3162 3163 3164 3165 3166 3167 3168 3169 3170 3171 3175 3176 3177 3178 3179 3180 3181 3182 3183 3184 3185 3186 3187 3188 3189 3190 3191 3192 3193 3194 3195 3196 3197 3198 3199 3200 3201 3202 3232 3233 3237 3238 3239 3240 3241 3242 3243 3244 3245 3246 3247 3248 3249 3250 3251 3252 3253 3254 3255 3256 3257 3258 3259 3260 3261 3262 3263 3264 3309 3310 3311 3312 3313 3314 3315 3316 3317 3318 3319 3320 3321 3322 3323 3324 3325 3326 3329 3330 3331 3332 3333 3334 3335 3336 3337 3338 3339 3340 3341 3342 3343 3344 3345 3346 3347 3348 3349 3350 3351 3352 3353 3354 3355 3356 3357 3373 3374 3375 3376 3377 3378 3379 3380 3381 3382 3383 3384 3385 3386 3387 3388 3419 3446 3447 3448 3449 3450 3463 3464 3465 3466 3467 3468 3469 3470 3471 3472 3473 3474 3475 3476 3477 3478 3479 3480 3481 3510 3511 3512 3517 3518 3519 3520 3521 3522 3523 3524 3525 3526 3527 3528 3529 3530 3531 3532 3533 3534 3535 3536 3537 3538 3539 3540 3541 3542 3543 3554 3555 3556 3557 3558 3559 3560 3561 3562 3563 3564 3565 3566 3567 3568 3569 3570 3571 3572 3573 3574 3578 3579 3580 3581 3582 3583 3584 3585 3586 3587 3588 3589 3590 3591 3592 3593 3594 3595 3596 3597 3598 3599 3600 3601 3602 3603 3604 3605 3622 3623 3624 3625 3626 3627 3628 3629 3630 3631 3632 3633 3634 3635 3636 3679 3680 3681 3682 3683 3684 3685 3686 3687 3688 3689 3690 3691 3692 3693 3694 3695 3696 3697 3698 3700 3701 3702 3703 3704 3705 3706 3707 3708 3709 3710 3711 3712 3713 3714 3715 3716 3717 3718 3719 3720 3721 3722 3723 3724 3725 3726 3727 3728 3729 3760 3819 3820 3821 3822 3848 3849 3850 3851 3852 3853 3856 3857 3858 3859 3860 3861 3862 3863 3864 3865 3866 3867 3868 3869 3870 3871 3872 3873 3874 3875 3876 3877 3878 3879 3880 3881 3882 3883 3884 3899 3900 3901 3902 3903 3904 3905 3906 3907 3908 3909 3910 3911 3912 3913 3914 3915 3946 3948 3949 3950 3951 3952 3953 3954 3955 3956 3957 3958 3959 3960 3961 3962 3963 3964 3965 3966 3967 3968 3969 3970 3971 3972 3973 3974 3975 3976 3977 3979 4008 4116 4145 4185 4227 4266 4295 4316 4383 4435 4462 4502 4535 4544 4585 4605 4645 4673 4728 4770 4806 4844 4879 4946 4973 5003 5022 5023 5024 5035 5036 5037 5038 5039 5040 5041 5042 5043 5044 5045 5046 5047 5048 5049 5050 5051 5052 5053 5054 5055 5056 5057 5076 5077 5078 5079 5080 5081 5082 5083 5084 5085 5086 5087 5088 5109 5110 5111 5112 5113 5114 5115 5116 5117 5118 5119 5148 5149 5150 5166 5167 5168 5169 5170 5171 5172 5173 5174 5175 5176 5177 5178 5179 5180 5181 5203 5204 5205 5206 5207 5208 5209 5210 5211 5212 5220 5221 5222 5223 5224 5225 5226 5227 5228 5229 5230 5231 5232 5233 5234 5235 5236 5237 5238 5239 5240 5241 5242 5243 5270 5271 5272 5273 5274 5299 5300 5301 5302 5303 5304 5305 5327 5328 5329 5330 5331 5332 5333 5334 5335 5336 5364 5365 5366 5367 5398 5405 5406 5407 5408 5409 5410 5411 5412 5413 5414 5415 5416 5417 5418 5419 5420 5421 5422 5423 5424 5425 5426 5427 5428 5429 5442 5443 5444 5445 5446 5447 5448 5449 5450 5451 5452 5453 5454 5455 5456 5457 5458 5459 5460 5483 5484 5485 5486 5487 5488 5489 5490 5491 5501 5502 5503 5504 5505 5506 5507 5508 5509 5510 5511 5512 5513 5514 5515 5516 5517 5518 5519 5520 5521 5522 5526 5527 5528 5529 5530 5531 5532 5533 5534 5535 5536 5537 5538 5539 5540 5541 5542 5543 5544 5545 5546 5547 5548 5549 5550 5551 5552 5553 5579 5580 5581 5582 5583 5584 5587 5588 5589 5590 5591 5592 5593 5594 5595 5596 5597 5598 5599 5600 5601 5602 5603 5604 5605 5606 5607 5608 5609 5610 5611 5612 5613 5614 5615 5630 5631 5632 5633 5634 5635 5636 5637 5638 5639 5640 5641 5642 5643 5644 5645 5646 5652 5653 5654 5655 5656 5657 5658 5659 5660 5661 5662 5663 5664 5665 5666 5667 5668 5669 5670 5671 5672 5673 5674 5675 5676 5677 5701 5702 5703 5704 5705 5706 5707 5708 5739 5770 5791 5792 5793 5794 5795 5796 5797 5798 5799 5800 5801 5813 5814 5815 5816 5817 5818 5819 5820 5821 5822 5823 5824 5825 5826 5827 5828 5829 5830 5831 5832 5846 5847 5848 5849 5850 5851 5852 5853 5854 5855 5856 5857 5858 5859 5860 5861 5862 5863 5893 5894 5925 5936 5937 5938 5939 5940 5941 5942 5943 5944 5945 5946 5947 5948 5949 5950 5951 5952 5953 5954 5955 5956 5961 5962 5963 5964 5965 5966 5967 5968 5969 5970 5971 5972 5973 5974 5975 5976 5977 5978 5979 5980 5981 5982 5983 5984 5985 5986 5987 5991 5999 6001 6006 6016 6116 6157 6214 6251 6287 6326 6337 6362 6414 6451 6467 6501 6540 6562 6617 6644 6680 6696 6741 6839 6855 6877 6910 6953 6986 7024 7042 7043 7044 7047 7051 7076 7077 7078 7079 7080 7081 7094 7095 7096 7097 7098 7099 7100 7101 7102 7103 7104 7105 7106 7107 7108 7109 7110 7111 7112 7121 7122 7123 7124 7125 7126 7127 7128 7129 7130 7131 7132 7133 7134 7135 7136 7137 7138 7139 7140 7141 7142 7143 7152 7153 7154 7155 7156 7157 7158 7159 7160 7161 7162 7163 7164 7165 7166 7167 7168 7169 7170 7171 7172 7173 7174 7192 7193 7194 7195 7196 7197 7198 7199 7200 7201 7202 7203 7204 7205 7217 7218 7219 7220 7221 7222 7223 7224 7225 7226 7227 7228 7229 7230 7231 7232 7233 7234 7235 7236 7263 7264 7265 7266 7267 7278 7279 7280 7281 7282 7283 7284 7285 7286 7287 7288 7289 7290 7291 7292 7293 7294 7295 7296 7297 7298 7311 7312 7313 7314 7315 7316 7317 7318 7319 7320 7321 7322 7323 7324 7325 7326 7327 7328 7329 7345 7346 7347 7348 7349 7350 7351 7352 7353 7354 7355 7356 7357 7358 7359 7360 7370 7371 7372 7373 7374 7375 7376 7377 7378 7379 7380 7381 7382 7383 7384 7385 7386 7387 7388 7389 7390 7391 7416 7417 7418 7419 7420 7421 7422 7450 7451 7452 7453 7474 7475 7476 7477 7478 7479 7480 7481 7482 7483 7484 7499 7500 7501 7502 7503 7504 7505 7506 7507 7508 7509 7510 7511 7512 7513 7514 7515 7539 7540 7541 7542 7543 7544 7545 7546 7577 7589 7590 7591 7592 7593 7594 7595 7596 7597 7598 7599 7600 7601 7602 7603 7604 7605 7606 7607 7608 7658 7659 7660 7661 7662 7663 7664 7665 7666 7667 7668 7669 7670 7699 7700 7701 7715 7716 7717 7718 7719 7720 7721 7722 7723 7724 7725 7726 7727 7728 7729 7730 7731 7732 7739 7740 7741 7742 7743 7744 7745 7746 7747 7748 7749 7750 7751 7752 7753 7754 7755 7756 7757 7758 7759 7760 7761 7762 7763 7794 7847 7848 7849 7850 7851 7852 7853 7854 7855 7856 7876 7877 7878 7879 7880 7881 7882 7883 7884 7885 7886 7887 7895 7896 7897 7898 7899 7900 7901 7902 7903 7904 7905 7906 7907 7908 7909 7910 7911 7912 7913 7914 7915 7916 7917 7918 7935 7936 7937 7938 7939 7940 7941 7942 7943 7944 7945 7946 7947 7948 7949 7972 7973 7974 7975 7976 7977 7978 7979 7980 8010 8011 8016 8074 8160 8193 8228 8244 8271 8310 8360 8427 8479 8506 8542 8579 8588 8629 8649 8689 8717 8742 8850 8888 8923 8947 9017 9047 9073 9081 9083 9084 9114 9138 9139 9140 9141 9142 9143 9144 9145 9176 9197 9198 9199 9200 9201 9202 9203 9204 9205 9206 9207 9220 9221 9222 9223 9224 9225 9226 9227 9228 9229 9230 9231 9232 9233 9234 9235 9236 9237 9238 9276 9277 9278 9279 9280 9281 9282 9283 9284 9285 9286 9287 9288 9289 9290 9291 9292 9293 9294 9295 9296 9297 9298 9299 9300 9319 9320 9321 9322 9323 9324 9325 9326 9327 9328 9329 9330 9331 9348 9349 9350 9351 9352 9353 9354 9355 9356 9357 9358 9359 9360 9361 9362 9393 9413 9414 9415 9416 9417 9418 9419 9420 9421 9422 9423 9424 9455 9461 9462 9463 9464 9465 9466 9467 9468 9469 9470 9471 9472 9473 9474 9475 9476 9477 9478 9479 9480 9481 9482 9483 9484 9485 9486 9496 9497 9498 9499 9500 9501 9502 9503 9504 9505 9506 9507 9508 9509 9510 9511 9512 9513 9514 9515 9516 9517 9532 9533 9534 9535 9536 9537 9538 9539 9540 9541 9542 9543 9544 9545 9546 9547 9548 9556 9557 9558 9559 9560 9561 9562 9563 9564 9565 9566 9567 9568 9569 9570 9571 9572 9573 9574 9575 9576 9577 9578 9579 9582 9583 9584 9585 9586 9587 9588 9589 9590 9591 9592 9593 9594 9595 9596 9597 9598 9599 9600 9601 9602 9603 9604 9605 9606 9607 9608 9609 9610 9628 9629 9630 9631 9632 9633 9634 9635 9636 9637 9638 9639 9640 9641 9643 9644 9645 9646 9647 9648 9649 9650 9651 9652 9653 9654 9655 9656 9657 9658 9659 9660 9661 9662 9663 9664 9665 9666 9667 9668 9669 9670 9671 9672 9684 9685 9686 9687 9688 9689 9690 9691 9692 9693 9694 9695 9696 9697 9698 9699 9700 9701 9702 9703 9708 9709 9710 9711 9712 9713 9714 9715 9716 9717 9718 9719 9720 9721 9722 9723 9724 9725 9726 9727 9728 9729 9730 9731 9732 9733 9734 9750 9751 9752 9753 9754 9755 9756 9757 9758 9759 9760 9761 9762 9763 9764 9765 9788 9789 9790 9791 9792 9793 9794 9795 9796 9827 9867 9868 9869 9870 9871 9872 9873 9874 9875 9876 9877 9878 9879 9880 9881 9882 9883 9884 9885 9886 9887 9888 9889 9900 9901 9902 9903 9904 9905 9906 9907 9908 9909 9910 9911 9912 9913 9914 9915 9916 9917 9918 9919 9920 9942 9943 9944 9945 9946 9947 9948 9949 9950 9951 9965 9966 9967 9968 9969 9970 9971 9972 9973 9974 9975 9976 9977 9978 9979 9980 9981 9982 10013 10017 10018 10019 10020 10021 10022 10023 10024 10025 10026 10027 10028 10029 10030 10031 10032 10033 10034 10035 10036 10037 10038 10039 10040 10041 10042 10043 10044 10066
c _______________________________________________________________________________
c 
c restarts               : 19049172
c conflicts              : 200            (3 /sec)
c decisions              : 1267           (0.00 % random) (22 /sec)
c propagations           : 739432         (12901 /sec)
c conflict literals      : 212            (0.93 % deleted)
c =======================[ UWrMaxSat resources usage ]===========================
c Memory used            : 32.00 MB
c CPU time               : 57.3156 s
c _______________________________________________________________________________
c SATISFIABLE

c Using COMiniSatPS SAT solver by Chanseok Oh (2016)
[UWrMaxSAT] meta file: p4_A-n32-k5_r30v6k3.meta
[UWrMaxSAT] meta loaded OK.
[UWrMaxSAT] Loaded 2583 assumption literals from p4_A-n32-k5_r30v5k3.wcnf.asm
c Parsing MaxSAT file...
c Start timer (tic-tac ...)
c c Found solution: 1096284
c ============================[  Problem Statistics ]============================
c |  Number of variables:          6790                                         |
c |  Number of clauses:           39838 (incl.         1203 soft in queue)      |
c ===============================================================================
c [Elapsed time] 0.06 s
c Found solution: 1091278
c [Elapsed time] 0.08 s
c Found solution: 1080604
c [Elapsed time] 0.08 s
c Found solution: 1075203
c [Elapsed time] 0.08 s
c Found solution: 1071398
c [UWrMaxSAT] Timeout reached.
c [1mOptimal solution: 1071398[0m
c _______________________________________________________________________________
c 
c restarts               : 18149098
c conflicts              : 3221           (57 /sec)
c decisions              : 13471          (0.00 % random) (238 /sec)
c propagations           : 991919         (17539 /sec)
c conflict literals      : 42145          (25.66 % deleted)
c =======================[ UWrMaxSat resources usage ]===========================
c Memory used            : 34.00 MB
c CPU time               : 56.5539 s
c OptExp Enc: Srt/BDD/Add: 2 0 0
c _______________________________________________________________________________
o 1071398
s OPTIMUM FOUND
v 7 148 205 317 353 405 442 458 492 608 635 659 687 830 846 901 944 1014 1131 1172 1229 1266 1341 1352 1429 1466 1482 1511 1590 1659 1696 1711 1840 1870 1925 2020 2050 2052 2054 2056 2070 2071 2072 2073 2074 2075 2076 2077 2078 2079 2080 2081 2082 2083 2084 2085 2086 2088 2089 2090 2091 2092 2093 2094 2095 2096 2097 2098 2099 2100 2101 2102 2103 2104 2105 2106 2107 2108 2109 2110 2111 2112 2113 2114 2115 2116 2117 2119 2120 2121 2122 2123 2124 2125 2126 2127 2128 2129 2130 2131 2132 2133 2134 2135 2136 2137 2138 2139 2140 2141 2142 2143 2144 2145 2146 2147 2148 2151 2152 2153 2154 2155 2156 2157 2158 2159 2160 2161 2162 2163 2164 2165 2166 2167 2168 2169 2170 2171 2172 2173 2174 2175 2176 2177 2178 2179 2186 2187 2188 2189 2190 2191 2192 2193 2194 2195 2196 2197 2198 2199 2200 2201 2202 2203 2204 2205 2206 2207 2208 2209 2210 2213 2214 2215 2216 2217 2218 2219 2220 2221 2222 2223 2224 2225 2226 2227 2228 2229 2230 2231 2232 2233 2234 2235 2236 2237 2238 2239 2240 2241 2265 2266 2267 2268 2269 2270 2271 2272 2275 2276 2277 2278 2279 2280 2281 2282 2283 2284 2285 2286 2287 2288 2289 2290 2291 2292 2293 2294 2295 2296 2297 2298 2299 2300 2301 2302 2303 2307 2308 2309 2310 2311 2312 2313 2314 2315 2316 2317 2318 2319 2320 2321 2322 2323 2324 2325 2326 2327 2328 2329 2330 2331 2332 2333 2334 2339 2340 2341 2342 2343 2344 2345 2346 2347 2348 2349 2350 2351 2352 2353 2354 2355 2356 2357 2358 2359 2360 2361 2362 2363 2364 2365 2367 2368 2369 2370 2371 2372 2373 2374 2375 2376 2377 2378 2379 2380 2381 2382 2383 2384 2385 2386 2387 2388 2389 2390 2391 2392 2393 2394 2395 2396 2410 2411 2412 2413 2414 2415 2416 2417 2418 2419 2420 2421 2422 2423 2424 2425 2426 2427 2452 2453 2454 2455 2456 2457 2458 2468 2469 2470 2471 2472 2473 2474 2475 2476 2477 2478 2479 2480 2481 2482 2483 2484 2485 2486 2487 2488 2489 2493 2494 2495 2496 2497 2498 2499 2500 2501 2502 2503 2504 2505 2506 2507 2508 2509 2510 2511 2512 2513 2514 2515 2516 2517 2518 2519 2520 2533 2534 2535 2536 2537 2538 2539 2540 2541 2542 2543 2544 2545 2546 2547 2548 2549 2550 2551 2554 2555 2556 2557 2558 2559 2560 2561 2562 2563 2564 2565 2566 2567 2568 2569 2570 2571 2572 2573 2574 2575 2576 2577 2578 2579 2580 2581 2582 2586 2587 2588 2589 2590 2591 2592 2593 2594 2595 2596 2597 2598 2599 2600 2601 2602 2603 2604 2605 2606 2607 2608 2609 2610 2611 2612 2613 2640 2641 2642 2643 2644 2652 2653 2654 2655 2656 2657 2658 2659 2660 2661 2662 2663 2664 2665 2666 2667 2668 2669 2670 2671 2672 2673 2674 2675 2701 2702 2703 2704 2705 2706 2709 2710 2711 2712 2713 2714 2715 2716 2717 2718 2719 2720 2721 2722 2723 2724 2725 2726 2727 2728 2729 2730 2731 2732 2733 2734 2735 2736 2737 2739 2740 2741 2742 2743 2744 2745 2746 2747 2748 2749 2750 2751 2752 2753 2754 2755 2756 2757 2758 2759 2760 2761 2762 2763 2764 2765 2766 2767 2768 2795 2796 2797 2798 2799 2816 2817 2818 2819 2820 2821 2822 2823 2824 2825 2826 2827 2828 2829 2830 2841 2842 2843 2844 2845 2846 2847 2848 2849 2850 2851 2852 2853 2854 2855 2856 2857 2858 2859 2860 2861 2870 2871 2872 2873 2874 2875 2876 2877 2878 2879 2880 2881 2882 2883 2884 2885 2886 2887 2888 2889 2890 2891 2892 2894 2895 2896 2897 2898 2899 2900 2901 2902 2903 2904 2905 2906 2907 2908 2909 2910 2911 2912 2913 2914 2915 2916 2917 2918 2919 2920 2921 2922 2923 2929 2930 2931 2932 2933 2934 2935 2936 2937 2938 2939 2940 2941 2942 2943 2944 2945 2946 2947 2948 2949 2950 2951 2952 2953 2954 2966 2967 2968 2969 2970 2971 2972 2973 2974 2975 2976 2977 2978 2979 2980 2981 2982 2983 2984 2985 2987 2988 2989 2990 2991 2992 2993 2994 2995 2996 2997 2998 2999 3000 3001 3002 3003 3004 3005 3006 3007 3008 3009 3010 3011 3012 3013 3014 3015 3016 3031 3032 3033 3034 3035 3036 3037 3038 3039 3040 3041 3042 3043 3044 3045 3046 3047 3050 3051 3052 3053 3054 3055 3056 3057 3058 3059 3060 3061 3062 3063 3064 3065 3066 3067 3068 3069 3070 3071 3072 3073 3074 3075 3076 3077 3078 3080 3081 3082 3083 3084 3085 3086 3087 3088 3089 3090 3091 3092 3093 3094 3095 3096 3097 3098 3099 3100 3101 3102 3103 3104 3105 3106 3107 3108 3109 3111 3112 3113 3114 3115 3116 3117 3118 3119 3120 3121 3122 3123 3124 3125 3126 3127 3128 3129 3130 3131 3132 3133 3134 3135 3136 3137 3138 3139 3140 3156 3157 3158 3159 3160 3161 3162 3163 3164 3165 3166 3167 3168 3169 3170 3171 3175 3176 3177 3178 3179 3180 3181 3182 3183 3184 3185 3186 3187 3188 3189 3190 3191 3192 3193 3194 3195 3196 3197 3198 3199 3200 3201 3202 3232 3233 3237 3238 3239 3240 3241 3242 3243 3244 3245 3246 3247 3248 3249 3250 3251 3252 3253 3254 3255 3256 3257 3258 3259 3260 3261 3262 3263 3264 3309 3310 3311 3312 3313 3314 3315 3316 3317 3318 3319 3320 3321 3322 3323 3324 3325 3326 3329 3330 3331 3332 3333 3334 3335 3336 3337 3338 3339 3340 3341 3342 3343 3344 3345 3346 3347 3348 3349 3350 3351 3352 3353 3354 3355 3356 3357 3373 3374 3375 3376 3377 3378 3379 3380 3381 3382 3383 3384 3385 3386 3387 3388 3419 3446 3447 3448 3449 3450 3463 3464 3465 3466 3467 3468 3469 3470 3471 3472 3473 3474 3475 3476 3477 3478 3479 3480 3481 3510 3511 3512 3517 3518 3519 3520 3521 3522 3523 3524 3525 3526 3527 3528 3529 3530 3531 3532 3533 3534 3535 3536 3537 3538 3539 3540 3541 3542 3543 3554 3555 3556 3557 3558 3559 3560 3561 3562 3563 3564 3565 3566 3567 3568 3569 3570 3571 3572 3573 3574 3578 3579 3580 3581 3582 3583 3584 3585 3586 3587 3588 3589 3590 3591 3592 3593 3594 3595 3596 3597 3598 3599 3600 3601 3602 3603 3604 3605 3622 3623 3624 3625 3626 3627 3628 3629 3630 3631 3632 3633 3634 3635 3636 3679 3680 3681 3682 3683 3684 3685 3686 3687 3688 3689 3690 3691 3692 3693 3694 3695 3696 3697 3698 3700 3701 3702 3703 3704 3705 3706 3707 3708 3709 3710 3711 3712 3713 3714 3715 3716 3717 3718 3719 3720 3721 3722 3723 3724 3725 3726 3727 3728 3729 3760 3819 3820 3821 3822 3848 3849 3850 3851 3852 3853 3856 3857 3858 3859 3860 3861 3862 3863 3864 3865 3866 3867 3868 3869 3870 3871 3872 3873 3874 3875 3876 3877 3878 3879 3880 3881 3882 3883 3884 3899 3900 3901 3902 3903 3904 3905 3906 3907 3908 3909 3910 3911 3912 3913 3914 3915 3946 3948 3949 3950 3951 3952 3953 3954 3955 3956 3957 3958 3959 3960 3961 3962 3963 3964 3965 3966 3967 3968 3969 3970 3971 3972 3973 3974 3975 3976 3977 3979 4008 4116 4145 4185 4227 4266 4295 4316 4383 4435 4462 4502 4535 4544 4585 4605 4645 4673 4728 4770 4806 4844 4879 4946 4973 5003 5022 5023 5024 5035 5036 5037 5038 5039 5040 5041 5042 5043 5044 5045 5046 5047 5048 5049 5050 5051 5052 5053 5054 5055 5056 5057 5068 5069 5070 5071 5072 5073 5074 5075 5076 5077 5078 5079 5080 5081 5082 5083 5084 5085 5086 5087 5088 5099 5100 5101 5102 5103 5104 5105 5106 5107 5108 5109 5110 5111 5112 5113 5114 5115 5116 5117 5118 5119 5148 5149 5150 5166 5167 5168 5169 5170 5171 5172 5173 5174 5175 5176 5177 5178 5179 5180 5181 5193 5194 5195 5196 5197 5198 5199 5200 5201 5202 5203 5204 5205 5206 5207 5208 5209 5210 5211 5212 5220 5221 5222 5223 5224 5225 5226 5227 5228 5229 5230 5231 5232 5233 5234 5235 5236 5237 5238 5239 5240 5241 5242 5243 5270 5271 5272 5273 5274 5299 5300 5301 5302 5303 5304 5305 5327 5328 5329 5330 5331 5332 5333 5334 5335 5336 5364 5365 5366 5367 5398 5405 5406 5407 5408 5409 5410 5411 5412 5413 5414 5415 5416 5417 5418 5419 5420 5421 5422 5423 5424 5425 5426 5427 5428 5429 5442 5443 5444 5445 5446 5447 5448 5449 5450 5451 5452 5453 5454 5455 5456 5457 5458 5459 5460 5483 5484 5485 5486 5487 5488 5489 5490 5491 5501 5502 5503 5504 5505 5506 5507 5508 5509 5510 5511 5512 5513 5514 5515 5516 5517 5518 5519 5520 5521 5522 5526 5527 5528 5529 5530 5531 5532 5533 5534 5535 5536 5537 5538 5539 5540 5541 5542 5543 5544 5545 5546 5547 5548 5549 5550 5551 5552 5553 5579 5580 5581 5582 5583 5584 5587 5588 5589 5590 5591 5592 5593 5594 5595 5596 5597 5598 5599 5600 5601 5602 5603 5604 5605 5606 5607 5608 5609 5610 5611 5612 5613 5614 5615 5630 5631 5632 5633 5634 5635 5636 5637 5638 5639 5640 5641 5642 5643 5644 5645 5646 5652 5653 5654 5655 5656 5657 5658 5659 5660 5661 5662 5663 5664 5665 5666 5667 5668 5669 5670 5671 5672 5673 5674 5675 5676 5677 5701 5702 5703 5704 5705 5706 5707 5708 5739 5770 5791 5792 5793 5794 5795 5796 5797 5798 5799 5800 5801 5813 5814 5815 5816 5817 5818 5819 5820 5821 5822 5823 5824 5825 5826 5827 5828 5829 5830 5831 5832 5846 5847 5848 5849 5850 5851 5852 5853 5854 5855 5856 5857 5858 5859 5860 5861 5862 5863 5893 5894 5925 5936 5937 5938 5939 5940 5941 5942 5943 5944 5945 5946 5947 5948 5949 5950 5951 5952 5953 5954 5955 5956 5961 5962 5963 5964 5965 5966 5967 5968 5969 5970 5971 5972 5973 5974 5975 5976 5977 5978 5979 5980 5981 5982 5983 5984 5985 5986 5987 5991 5999 6001 6006 6016 6116 6157 6214 6251 6287 6326 6337 6362 6414 6451 6467 6501 6540 6562 6617 6644 6680 6696 6741 6839 6855 6877 6910 6953 6986 7024 7042 7043 7044 7047 7051 7076 7077 7078 7079 7080 7081 7087 7088 7089 7090 7091 7092 7093 7094 7095 7096 7097 7098 7099 7100 7101 7102 7103 7104 7105 7106 7107 7108 7109 7110 7111 7112 7118 7119 7120 7121 7122 7123 7124 7125 7126 7127 7128 7129 7130 7131 7132 7133 7134 7135 7136 7137 7138 7139 7140 7141 7142 7143 7152 7153 7154 7155 7156 7157 7158 7159 7160 7161 7162 7163 7164 7165 7166 7167 7168 7169 7170 7171 7172 7173 7174 7192 7193 7194 7195 7196 7197 7198 7199 7200 7201 7202 7203 7204 7205 7217 7218 7219 7220 7221 7222 7223 7224 7225 7226 7227 7228 7229 7230 7231 7232 7233 7234 7235 7236 7263 7264 7265 7266 7267 7278 7279 7280 7281 7282 7283 7284 7285 7286 7287 7288 7289 7290 7291 7292 7293 7294 7295 7296 7297 7298 7311 7312 7313 7314 7315 7316 7317 7318 7319 7320 7321 7322 7323 7324 7325 7326 7327 7328 7329 7345 7346 7347 7348 7349 7350 7351 7352 7353 7354 7355 7356 7357 7358 7359 7360 7370 7371 7372 7373 7374 7375 7376 7377 7378 7379 7380 7381 7382 7383 7384 7385 7386 7387 7388 7389 7390 7391 7416 7417 7418 7419 7420 7421 7422 7450 7451 7452 7453 7474 7475 7476 7477 7478 7479 7480 7481 7482 7483 7484 7499 7500 7501 7502 7503 7504 7505 7506 7507 7508 7509 7510 7511 7512 7513 7514 7515 7539 7540 7541 7542 7543 7544 7545 7546 7577 7589 7590 7591 7592 7593 7594 7595 7596 7597 7598 7599 7600 7601 7602 7603 7604 7605 7606 7607 7608 7658 7659 7660 7661 7662 7663 7664 7665 7666 7667 7668 7669 7670 7699 7700 7701 7715 7716 7717 7718 7719 7720 7721 7722 7723 7724 7725 7726 7727 7728 7729 7730 7731 7732 7739 7740 7741 7742 7743 7744 7745 7746 7747 7748 7749 7750 7751 7752 7753 7754 7755 7756 7757 7758 7759 7760 7761 7762 7763 7794 7847 7848 7849 7850 7851 7852 7853 7854 7855 7856 7876 7877 7878 7879 7880 7881 7882 7883 7884 7885 7886 7887 7895 7896 7897 7898 7899 7900 7901 7902 7903 7904 7905 7906 7907 7908 7909 7910 7911 7912 7913 7914 7915 7916 7917 7918 7935 7936 7937 7938 7939 7940 7941 7942 7943 7944 7945 7946 7947 7948 7949 7972 7973 7974 7975 7976 7977 7978 7979 7980 8010 8011 8016 8074 8160 8193 8228 8244 8271 8310 8360 8427 8479 8506 8542 8579 8588 8629 8649 8689 8717 8742 8850 8888 8923 8947 9017 9047 9073 9081 9083 9084 9114 9138 9139 9140 9141 9142 9143 9144 9145 9176 9197 9198 9199 9200 9201 9202 9203 9204 9205 9206 9207 9220 9221 9222 9223 9224 9225 9226 9227 9228 9229 9230 9231 9232 9233 9234 9235 9236 9237 9238 9269 9276 9277 9278 9279 9280 9281 9282 9283 9284 9285 9286 9287 9288 9289 9290 9291 9292 9293 9294 9295 9296 9297 9298 9299 9300 9319 9320 9321 9322 9323 9324 9325 9326 9327 9328 9329 9330 9331 9348 9349 9350 9351 9352 9353 9354 9355 9356 9357 9358 9359 9360 9361 9362 9393 9413 9414 9415 9416 9417 9418 9419 9420 9421 9422 9423 9424 9455 9461 9462 9463 9464 9465 9466 9467 9468 9469 9470 9471 9472 9473 9474 9475 9476 9477 9478 9479 9480 9481 9482 9483 9484 9485 9486 9496 9497 9498 9499 9500 9501 9502 9503 9504 9505 9506 9507 9508 9509 9510 9511 9512 9513 9514 9515 9516 9517 9532 9533 9534 9535 9536 9537 9538 9539 9540 9541 9542 9543 9544 9545 9546 9547 9548 9556 9557 9558 9559 9560 9561 9562 9563 9564 9565 9566 9567 9568 9569 9570 9571 9572 9573 9574 9575 9576 9577 9578 9579 9582 9583 9584 9585 9586 9587 9588 9589 9590 9591 9592 9593 9594 9595 9596 9597 9598 9599 9600 9601 9602 9603 9604 9605 9606 9607 9608 9609 9610 9628 9629 9630 9631 9632 9633 9634 9635 9636 9637 9638 9639 9640 9641 9643 9644 9645 9646 9647 9648 9649 9650 9651 9652 9653 9654 9655 9656 9657 9658 9659 9660 9661 9662 9663 9664 9665 9666 9667 9668 9669 9670 9671 9672 9684 9685 9686 9687 9688 9689 9690 9691 9692 9693 9694 9695 9696 9697 9698 9699 9700 9701 9702 9703 9708 9709 9710 9711 9712 9713 9714 9715 9716 9717 9718 9719 9720 9721 9722 9723 9724 9725 9726 9727 9728 9729 9730 9731 9732 9733 9734 9750 9751 9752 9753 9754 9755 9756 9757 9758 9759 9760 9761 9762 9763 9764 9765 9788 9789 9790 9791 9792 9793 9794 9795 9796 9827 9867 9868 9869 9870 9871 9872 9873 9874 9875 9876 9877 9878 9879 9880 9881 9882 9883 9884 9885 9886 9887 9888 9889 9900 9901 9902 9903 9904 9905 9906 9907 9908 9909 9910 9911 9912 9913 9914 9915 9916 9917 9918 9919 9920 9942 9943 9944 9945 9946 9947 9948 9949 9950 9951 9965 9966 9967 9968 9969 9970 9971 9972 9973 9974 9975 9976 9977 9978 9979 9980 9981 9982 10013 10017 10018 10019 10020 10021 10022 10023 10024 10025 10026 10027 10028 10029 10030 10031 10032 10033 10034 10035 10036 10037 10038 10039 10040 10041 10042 10043 10044 10066 10088 10113 10162 10223 10238 10299 10428 10466 10517 10552 10567 10641 10707 10762 10807 10838 10848 10891 10921 10957 10996 11069 11119 11121 11125 11127 11129
c Using COMiniSatPS SAT solver by Chanseok Oh (2016)
[UWrMaxSAT] meta file: p4_A-n32-k5_r31v6k3.meta
[UWrMaxSAT] meta loaded OK.
[UWrMaxSAT] Loaded 2649 assumption literals from p4_A-n32-k5_r30v6k3.wcnf.asm
c Parsing MaxSAT file...
c Start timer (tic-tac ...)
c c Found solution: 1140860
c ============================[  Problem Statistics ]============================
c |  Number of variables:          6797                                         |
c |  Number of clauses:           40055 (incl.         1203 soft in queue)      |
c ===============================================================================
c [Elapsed time] 0.06 s
c Found solution: 1129283
c [UWrMaxSAT] Timeout reached inside slice loop. Stopping.
c *** Interrupted ***
c [1mSATISFIABLE: Best solution found: 1129283[0m
v 7 148 205 317 353 405 442 458 492 608 635 659 687 830 846 901 944 1014 1131 1172 1229 1266 1341 1352 1429 1466 1482 1511 1590 1659 1696 1711 1840 1870 1925 2020 2050 2052 2054 2056 2070 2071 2072 2073 2074 2075 2076 2077 2078 2079 2080 2081 2082 2083 2084 2085 2086 2088 2089 2090 2091 2092 2093 2094 2095 2096 2097 2098 2099 2100 2101 2102 2103 2104 2105 2106 2107 2108 2109 2110 2111 2112 2113 2114 2115 2116 2117 2119 2120 2121 2122 2123 2124 2125 2126 2127 2128 2129 2130 2131 2132 2133 2134 2135 2136 2137 2138 2139 2140 2141 2142 2143 2144 2145 2146 2147 2148 2151 2152 2153 2154 2155 2156 2157 2158 2159 2160 2161 2162 2163 2164 2165 2166 2167 2168 2169 2170 2171 2172 2173 2174 2175 2176 2177 2178 2179 2186 2187 2188 2189 2190 2191 2192 2193 2194 2195 2196 2197 2198 2199 2200 2201 2202 2203 2204 2205 2206 2207 2208 2209 2210 2213 2214 2215 2216 2217 2218 2219 2220 2221 2222 2223 2224 2225 2226 2227 2228 2229 2230 2231 2232 2233 2234 2235 2236 2237 2238 2239 2240 2241 2265 2266 2267 2268 2269 2270 2271 2272 2275 2276 2277 2278 2279 2280 2281 2282 2283 2284 2285 2286 2287 2288 2289 2290 2291 2292 2293 2294 2295 2296 2297 2298 2299 2300 2301 2302 2303 2307 2308 2309 2310 2311 2312 2313 2314 2315 2316 2317 2318 2319 2320 2321 2322 2323 2324 2325 2326 2327 2328 2329 2330 2331 2332 2333 2334 2339 2340 2341 2342 2343 2344 2345 2346 2347 2348 2349 2350 2351 2352 2353 2354 2355 2356 2357 2358 2359 2360 2361 2362 2363 2364 2365 2367 2368 2369 2370 2371 2372 2373 2374 2375 2376 2377 2378 2379 2380 2381 2382 2383 2384 2385 2386 2387 2388 2389 2390 2391 2392 2393 2394 2395 2396 2410 2411 2412 2413 2414 2415 2416 2417 2418 2419 2420 2421 2422 2423 2424 2425 2426 2427 2452 2453 2454 2455 2456 2457 2458 2468 2469 2470 2471 2472 2473 2474 2475 2476 2477 2478 2479 2480 2481 2482 2483 2484 2485 2486 2487 2488 2489 2493 2494 2495 2496 2497 2498 2499 2500 2501 2502 2503 2504 2505 2506 2507 2508 2509 2510 2511 2512 2513 2514 2515 2516 2517 2518 2519 2520 2533 2534 2535 2536 2537 2538 2539 2540 2541 2542 2543 2544 2545 2546 2547 2548 2549 2550 2551 2554 2555 2556 2557 2558 2559 2560 2561 2562 2563 2564 2565 2566 2567 2568 2569 2570 2571 2572 2573 2574 2575 2576 2577 2578 2579 2580 2581 2582 2586 2587 2588 2589 2590 2591 2592 2593 2594 2595 2596 2597 2598 2599 2600 2601 2602 2603 2604 2605 2606 2607 2608 2609 2610 2611 2612 2613 2640 2641 2642 2643 2644 2652 2653 2654 2655 2656 2657 2658 2659 2660 2661 2662 2663 2664 2665 2666 2667 2668 2669 2670 2671 2672 2673 2674 2675 2701 2702 2703 2704 2705 2706 2709 2710 2711 2712 2713 2714 2715 2716 2717 2718 2719 2720 2721 2722 2723 2724 2725 2726 2727 2728 2729 2730 2731 2732 2733 2734 2735 2736 2737 2739 2740 2741 2742 2743 2744 2745 2746 2747 2748 2749 2750 2751 2752 2753 2754 2755 2756 2757 2758 2759 2760 2761 2762 2763 2764 2765 2766 2767 2768 2795 2796 2797 2798 2799 2816 2817 2818 2819 2820 2821 2822 2823 2824 2825 2826 2827 2828 2829 2830 2841 2842 2843 2844 2845 2846 2847 2848 2849 2850 2851 2852 2853 2854 2855 2856 2857 2858 2859 2860 2861 2870 2871 2872 2873 2874 2875 2876 2877 2878 2879 2880 2881 2882 2883 2884 2885 2886 2887 2888 2889 2890 2891 2892 2894 2895 2896 2897 2898 2899 2900 2901 2902 2903 2904 2905 2906 2907 2908 2909 2910 2911 2912 2913 2914 2915 2916 2917 2918 2919 2920 2921 2922 2923 2929 2930 2931 2932 2933 2934 2935 2936 2937 2938 2939 2940 2941 2942 2943 2944 2945 2946 2947 2948 2949 2950 2951 2952 2953 2954 2966 2967 2968 2969 2970 2971 2972 2973 2974 2975 2976 2977 2978 2979 2980 2981 2982 2983 2984 2985 2987 2988 2989 2990 2991 2992 2993 2994 2995 2996 2997 2998 2999 3000 3001 3002 3003 3004 3005 3006 3007 3008 3009 3010 3011 3012 3013 3014 3015 3016 3031 3032 3033 3034 3035 3036 3037 3038 3039 3040 3041 3042 3043 3044 3045 3046 3047 3050 3051 3052 3053 3054 3055 3056 3057 3058 3059 3060 3061 3062 3063 3064 3065 3066 3067 3068 3069 3070 3071 3072 3073 3074 3075 3076 3077 3078 3080 3081 3082 3083 3084 3085 3086 3087 3088 3089 3090 3091 3092 3093 3094 3095 3096 3097 3098 3099 3100 3101 3102 3103 3104 3105 3106 3107 3108 3109 3111 3112 3113 3114 3115 3116 3117 3118 3119 3120 3121 3122 3123 3124 3125 3126 3127 3128 3129 3130 3131 3132 3133 3134 3135 3136 3137 3138 3139 3140 3156 3157 3158 3159 3160 3161 3162 3163 3164 3165 3166 3167 3168 3169 3170 3171 3175 3176 3177 3178 3179 3180 3181 3182 3183 3184 3185 3186 3187 3188 3189 3190 3191 3192 3193 3194 3195 3196 3197 3198 3199 3200 3201 3202 3232 3233 3237 3238 3239 3240 3241 3242 3243 3244 3245 3246 3247 3248 3249 3250 3251 3252 3253 3254 3255 3256 3257 3258 3259 3260 3261 3262 3263 3264 3309 3310 3311 3312 3313 3314 3315 3316 3317 3318 3319 3320 3321 3322 3323 3324 3325 3326 3329 3330 3331 3332 3333 3334 3335 3336 3337 3338 3339 3340 3341 3342 3343 3344 3345 3346 3347 3348 3349 3350 3351 3352 3353 3354 3355 3356 3357 3373 3374 3375 3376 3377 3378 3379 3380 3381 3382 3383 3384 3385 3386 3387 3388 3419 3446 3447 3448 3449 3450 3463 3464 3465 3466 3467 3468 3469 3470 3471 3472 3473 3474 3475 3476 3477 3478 3479 3480 3481 3510 3511 3512 3517 3518 3519 3520 3521 3522 3523 3524 3525 3526 3527 3528 3529 3530 3531 3532 3533 3534 3535 3536 3537 3538 3539 3540 3541 3542 3543 3554 3555 3556 3557 3558 3559 3560 3561 3562 3563 3564 3565 3566 3567 3568 3569 3570 3571 3572 3573 3574 3578 3579 3580 3581 3582 3583 3584 3585 3586 3587 3588 3589 3590 3591 3592 3593 3594 3595 3596 3597 3598 3599 3600 3601 3602 3603 3604 3605 3622 3623 3624 3625 3626 3627 3628 3629 3630 3631 3632 3633 3634 3635 3636 3679 3680 3681 3682 3683 3684 3685 3686 3687 3688 3689 3690 3691 3692 3693 3694 3695 3696 3697 3698 3700 3701 3702 3703 3704 3705 3706 3707 3708 3709 3710 3711 3712 3713 3714 3715 3716 3717 3718 3719 3720 3721 3722 3723 3724 3725 3726 3727 3728 3729 3760 3819 3820 3821 3822 3848 3849 3850 3851 3852 3853 3856 3857 3858 3859 3860 3861 3862 3863 3864 3865 3866 3867 3868 3869 3870 3871 3872 3873 3874 3875 3876 3877 3878 3879 3880 3881 3882 3883 3884 3899 3900 3901 3902 3903 3904 3905 3906 3907 3908 3909 3910 3911 3912 3913 3914 3915 3946 3948 3949 3950 3951 3952 3953 3954 3955 3956 3957 3958 3959 3960 3961 3962 3963 3964 3965 3966 3967 3968 3969 3970 3971 3972 3973 3974 3975 3976 3977 3979 4008 4116 4145 4185 4227 4266 4295 4316 4383 4435 4462 4502 4535 4544 4585 4605 4645 4673 4728 4770 4806 4844 4879 4946 4973 5003 5022 5023 5024 5035 5036 5037 5038 5039 5040 5041 5042 5043 5044 5045 5046 5047 5048 5049 5050 5051 5052 5053 5054 5055 5056 5057 5065 5066 5067 5068 5069 5070 5071 5072 5073 5074 5075 5076 5077 5078 5079 5080 5081 5082 5083 5084 5085 5086 5087 5088 5095 5096 5097 5098 5099 5100 5101 5102 5103 5104 5105 5106 5107 5108 5109 5110 5111 5112 5113 5114 5115 5116 5117 5118 5119 5148 5149 5150 5166 5167 5168 5169 5170 5171 5172 5173 5174 5175 5176 5177 5178 5179 5180 5181 5189 5190 5191 5192 5193 5194 5195 5196 5197 5198 5199 5200 5201 5202 5203 5204 5205 5206 5207 5208 5209 5210 5211 5212 5220 5221 5222 5223 5224 5225 5226 5227 5228 5229 5230 5231 5232 5233 5234 5235 5236 5237 5238 5239 5240 5241 5242 5243 5270 5271 5272 5273 5274 5299 5300 5301 5302 5303 5304 5305 5327 5328 5329 5330 5331 5332 5333 5334 5335 5336 5364 5365 5366 5367 5398 5405 5406 5407 5408 5409 5410 5411 5412 5413 5414 5415 5416 5417 5418 5419 5420 5421 5422 5423 5424 5425 5426 5427 5428 5429 5442 5443 5444 5445 5446 5447 5448 5449 5450 5451 5452 5453 5454 5455 5456 5457 5458 5459 5460 5483 5484 5485 5486 5487 5488 5489 5490 5491 5501 5502 5503 5504 5505 5506 5507 5508 5509 5510 5511 5512 5513 5514 5515 5516 5517 5518 5519 5520 5521 5522 5526 5527 5528 5529 5530 5531 5532 5533 5534 5535 5536 5537 5538 5539 5540 5541 5542 5543 5544 5545 5546 5547 5548 5549 5550 5551 5552 5553 5579 5580 5581 5582 5583 5584 5587 5588 5589 5590 5591 5592 5593 5594 5595 5596 5597 5598 5599 5600 5601 5602 5603 5604 5605 5606 5607 5608 5609 5610 5611 5612 5613 5614 5615 5630 5631 5632 5633 5634 5635 5636 5637 5638 5639 5640 5641 5642 5643 5644 5645 5646 5652 5653 5654 5655 5656 5657 5658 5659 5660 5661 5662 5663 5664 5665 5666 5667 5668 5669 5670 5671 5672 5673 5674 5675 5676 5677 5701 5702 5703 5704 5705 5706 5707 5708 5739 5770 5791 5792 5793 5794 5795 5796 5797 5798 5799 5800 5801 5813 5814 5815 5816 5817 5818 5819 5820 5821 5822 5823 5824 5825 5826 5827 5828 5829 5830 5831 5832 5846 5847 5848 5849 5850 5851 5852 5853 5854 5855 5856 5857 5858 5859 5860 5861 5862 5863 5893 5894 5925 5936 5937 5938 5939 5940 5941 5942 5943 5944 5945 5946 5947 5948 5949 5950 5951 5952 5953 5954 5955 5956 5961 5962 5963 5964 5965 5966 5967 5968 5969 5970 5971 5972 5973 5974 5975 5976 5977 5978 5979 5980 5981 5982 5983 5984 5985 5986 5987 5991 5999 6001 6006 6016 6116 6157 6214 6251 6287 6326 6337 6362 6414 6451 6467 6501 6540 6562 6617 6644 6680 6696 6741 6839 6855 6877 6910 6953 6986 7024 7042 7043 7044 7047 7051 7076 7077 7078 7079 7080 7081 7087 7088 7089 7090 7091 7092 7093 7094 7095 7096 7097 7098 7099 7100 7101 7102 7103 7104 7105 7106 7107 7108 7109 7110 7111 7112 7118 7119 7120 7121 7122 7123 7124 7125 7126 7127 7128 7129 7130 7131 7132 7133 7134 7135 7136 7137 7138 7139 7140 7141 7142 7143 7152 7153 7154 7155 7156 7157 7158 7159 7160 7161 7162 7163 7164 7165 7166 7167 7168 7169 7170 7171 7172 7173 7174 7192 7193 7194 7195 7196 7197 7198 7199 7200 7201 7202 7203 7204 7205 7217 7218 7219 7220 7221 7222 7223 7224 7225 7226 7227 7228 7229 7230 7231 7232 7233 7234 7235 7236 7263 7264 7265 7266 7267 7278 7279 7280 7281 7282 7283 7284 7285 7286 7287 7288 7289 7290 7291 7292 7293 7294 7295 7296 7297 7298 7311 7312 7313 7314 7315 7316 7317 7318 7319 7320 7321 7322 7323 7324 7325 7326 7327 7328 7329 7345 7346 7347 7348 7349 7350 7351 7352 7353 7354 7355 7356 7357 7358 7359 7360 7370 7371 7372 7373 7374 7375 7376 7377 7378 7379 7380 7381 7382 7383 7384 7385 7386 7387 7388 7389 7390 7391 7416 7417 7418 7419 7420 7421 7422 7450 7451 7452 7453 7474 7475 7476 7477 7478 7479 7480 7481 7482 7483 7484 7499 7500 7501 7502 7503 7504 7505 7506 7507 7508 7509 7510 7511 7512 7513 7514 7515 7539 7540 7541 7542 7543 7544 7545 7546 7577 7589 7590 7591 7592 7593 7594 7595 7596 7597 7598 7599 7600 7601 7602 7603 7604 7605 7606 7607 7608 7658 7659 7660 7661 7662 7663 7664 7665 7666 7667 7668 7669 7670 7699 7700 7701 7715 7716 7717 7718 7719 7720 7721 7722 7723 7724 7725 7726 7727 7728 7729 7730 7731 7732 7739 7740 7741 7742 7743 7744 7745 7746 7747 7748 7749 7750 7751 7752 7753 7754 7755 7756 7757 7758 7759 7760 7761 7762 7763 7794 7847 7848 7849 7850 7851 7852 7853 7854 7855 7856 7876 7877 7878 7879 7880 7881 7882 7883 7884 7885 7886 7887 7895 7896 7897 7898 7899 7900 7901 7902 7903 7904 7905 7906 7907 7908 7909 7910 7911 7912 7913 7914 7915 7916 7917 7918 7935 7936 7937 7938 7939 7940 7941 7942 7943 7944 7945 7946 7947 7948 7949 7972 7973 7974 7975 7976 7977 7978 7979 7980 8010 8011 8016 8074 8160 8193 8228 8244 8271 8310 8360 8427 8479 8506 8542 8579 8588 8629 8649 8689 8717 8742 8850 8888 8923 8947 9017 9047 9073 9081 9083 9084 9114 9138 9139 9140 9141 9142 9143 9144 9145 9176 9197 9198 9199 9200 9201 9202 9203 9204 9205 9206 9207 9220 9221 9222 9223 9224 9225 9226 9227 9228 9229 9230 9231 9232 9233 9234 9235 9236 9237 9238 9269 9276 9277 9278 9279 9280 9281 9282 9283 9284 9285 9286 9287 9288 9289 9290 9291 9292 9293 9294 9295 9296 9297 9298 9299 9300 9319 9320 9321 9322 9323 9324 9325 9326 9327 9328 9329 9330 9331 9348 9349 9350 9351 9352 9353 9354 9355 9356 9357 9358 9359 9360 9361 9362 9393 9413 9414 9415 9416 9417 9418 9419 9420 9421 9422 9423 9424 9455 9461 9462 9463 9464 9465 9466 9467 9468 9469 9470 9471 9472 9473 9474 9475 9476 9477 9478 9479 9480 9481 9482 9483 9484 9485 9486 9496 9497 9498 9499 9500 9501 9502 9503 9504 9505 9506 9507 9508 9509 9510 9511 9512 9513 9514 9515 9516 9517 9532 9533 9534 9535 9536 9537 9538 9539 9540 9541 9542 9543 9544 9545 9546 9547 9548 9556 9557 9558 9559 9560 9561 9562 9563 9564 9565 9566 9567 9568 9569 9570 9571 9572 9573 9574 9575 9576 9577 9578 9579 9582 9583 9584 9585 9586 9587 9588 9589 9590 9591 9592 9593 9594 9595 9596 9597 9598 9599 9600 9601 9602 9603 9604 9605 9606 9607 9608 9609 9610 9628 9629 9630 9631 9632 9633 9634 9635 9636 9637 9638 9639 9640 9641 9643 9644 9645 9646 9647 9648 9649 9650 9651 9652 9653 9654 9655 9656 9657 9658 9659 9660 9661 9662 9663 9664 9665 9666 9667 9668 9669 9670 9671 9672 9684 9685 9686 9687 9688 9689 9690 9691 9692 9693 9694 9695 9696 9697 9698 9699 9700 9701 9702 9703 9708 9709 9710 9711 9712 9713 9714 9715 9716 9717 9718 9719 9720 9721 9722 9723 9724 9725 9726 9727 9728 9729 9730 9731 9732 9733 9734 9750 9751 9752 9753 9754 9755 9756 9757 9758 9759 9760 9761 9762 9763 9764 9765 9788 9789 9790 9791 9792 9793 9794 9795 9796 9827 9867 9868 9869 9870 9871 9872 9873 9874 9875 9876 9877 9878 9879 9880 9881 9882 9883 9884 9885 9886 9887 9888 9889 9900 9901 9902 9903 9904 9905 9906 9907 9908 9909 9910 9911 9912 9913 9914 9915 9916 9917 9918 9919 9920 9942 9943 9944 9945 9946 9947 9948 9949 9950 9951 9965 9966 9967 9968 9969 9970 9971 9972 9973 9974 9975 9976 9977 9978 9979 9980 9981 9982 10013 10017 10018 10019 10020 10021 10022 10023 10024 10025 10026 10027 10028 10029 10030 10031 10032 10033 10034 10035 10036 10037 10038 10039 10040 10041 10042 10043 10044 10066 10088 10113 10162 10223 10238 10299 10428 10466 10517 10552 10567 10641 10707 10762 10807 10838 10848 10891 10921 10957 10996 11069 11119 11121 11125 11127 11129 11158 11159 11170 11171 11172 11173 11174 11175 11176 11177 11178 11179 11180 11181 11182 11183 11184 11185 11186 11187 11188 11189 11190 11203 11204 11205 11206 11207 11208 11209 11210 11211 11212 11213 11214 11215 11216 11217 11218 11219 11220 11221 11274 11275 11276 11277 11278 11279 11280 11281 11282 11283 11295 11296 11297 11298 11299 11300 11301 11302 11303 11304 11305 11306 11307 11308 11309 11310 11311 11312 11313 11314 11498 11499 11500 11531 11557 11558 11559 11560 11561 11562 11580 11581 11582 11583 11584 11585 11586 11587 11588 11589 11590 11591 11592 11593 11621 11622 11623 11624 11641 11642 11643 11644 11645 11646 11647 11648 11649 11650 11651 11652 11653 11654 11655 11671 11672 11673 11674 11675 11676 11677 11678 11679 11680 11681 11682 11683 11684 11685 11686 11694 11695 11696 11697 11698 11699 11700 11701 11702 11703 11704 11705 11706 11707 11708 11709 11710 11711 11712 11713 11714 11715 11716 11717 11740 11741 11742 11743 11744 11745 11746 11747 11748 11765 11766 11767 11768 11769 11770 11771 11772 11773 11774 11775 11776 11777 11778 11779 11796 11797 11798 11799 11800 11801 11802 11803 11804 11805 11806 11807 11808 11809 11810 11824 11825 11826 11827 11828 11829 11830 11831 11832 11833 11834 11835 11836 11837 11838 11839 11840 11841 11865 11866 11867 11868 11869 11870 11871 11872 11893 11894 11895 11896 11897 11898 11899 11900 11901 11902 11903 11930 11931 11932 11933 11934 11959 11960 11961 11962 11963 11964 11965 11980 11981 11982 11983 11984 11985 11986 11987 11988 11989 11990 11991 11992 11993 11994 11995 11996 12016 12017 12018 12019 12020 12021 12022 12023 12024 12025 12026 12027 12075 12076 12077 12078 12079 12080 12081 12082 12083 12084 12085 12086 12087 12088 12089 12091
c _______________________________________________________________________________
c 
c restarts               : 18660945
c conflicts              : 143            (2 /sec)
c decisions              : 2093           (0.00 % random) (36 /sec)
c propagations           : 362396         (6299 /sec)
c conflict literals      : 604            (6.93 % deleted)
c =======================[ UWrMaxSat resources usage ]===========================
c Memory used            : 34.00 MB
c CPU time               : 57.5303 s
c _______________________________________________________________________________
c SATISFIABLE

c Using COMiniSatPS SAT solver by Chanseok Oh (2016)
[UWrMaxSAT] meta file: p4_A-n32-k5_r32v6k3.meta
[UWrMaxSAT] meta loaded OK.
[UWrMaxSAT] Loaded 2948 assumption literals from p4_A-n32-k5_r31v6k3.wcnf.asm
c Parsing MaxSAT file...
c Start timer (tic-tac ...)
c c Found solution: 1190195
c ============================[  Problem Statistics ]============================
c |  Number of variables:          6804                                         |
c |  Number of clauses:           40272 (incl.         1203 soft in queue)      |
c ===============================================================================
c [UWrMaxSAT] Timeout reached inside slice loop. Stopping.
c *** Interrupted ***
c [1mSATISFIABLE: Best solution found: 1190195[0m
v 7 148 205 317 353 405 442 458 492 608 635 659 687 830 846 901 944 1014 1131 1172 1229 1266 1341 1352 1429 1466 1482 1511 1590 1659 1696 1711 1840 1870 1925 2020 2050 2052 2054 2056 2070 2071 2072 2073 2074 2075 2076 2077 2078 2079 2080 2081 2082 2083 2084 2085 2086 2088 2089 2090 2091 2092 2093 2094 2095 2096 2097 2098 2099 2100 2101 2102 2103 2104 2105 2106 2107 2108 2109 2110 2111 2112 2113 2114 2115 2116 2117 2119 2120 2121 2122 2123 2124 2125 2126 2127 2128 2129 2130 2131 2132 2133 2134 2135 2136 2137 2138 2139 2140 2141 2142 2143 2144 2145 2146 2147 2148 2151 2152 2153 2154 2155 2156 2157 2158 2159 2160 2161 2162 2163 2164 2165 2166 2167 2168 2169 2170 2171 2172 2173 2174 2175 2176 2177 2178 2179 2186 2187 2188 2189 2190 2191 2192 2193 2194 2195 2196 2197 2198 2199 2200 2201 2202 2203 2204 2205 2206 2207 2208 2209 2210 2213 2214 2215 2216 2217 2218 2219 2220 2221 2222 2223 2224 2225 2226 2227 2228 2229 2230 2231 2232 2233 2234 2235 2236 2237 2238 2239 2240 2241 2265 2266 2267 2268 2269 2270 2271 2272 2275 2276 2277 2278 2279 2280 2281 2282 2283 2284 2285 2286 2287 2288 2289 2290 2291 2292 2293 2294 2295 2296 2297 2298 2299 2300 2301 2302 2303 2307 2308 2309 2310 2311 2312 2313 2314 2315 2316 2317 2318 2319 2320 2321 2322 2323 2324 2325 2326 2327 2328 2329 2330 2331 2332 2333 2334 2339 2340 2341 2342 2343 2344 2345 2346 2347 2348 2349 2350 2351 2352 2353 2354 2355 2356 2357 2358 2359 2360 2361 2362 2363 2364 2365 2367 2368 2369 2370 2371 2372 2373 2374 2375 2376 2377 2378 2379 2380 2381 2382 2383 2384 2385 2386 2387 2388 2389 2390 2391 2392 2393 2394 2395 2396 2410 2411 2412 2413 2414 2415 2416 2417 2418 2419 2420 2421 2422 2423 2424 2425 2426 2427 2452 2453 2454 2455 2456 2457 2458 2468 2469 2470 2471 2472 2473 2474 2475 2476 2477 2478 2479 2480 2481 2482 2483 2484 2485 2486 2487 2488 2489 2493 2494 2495 2496 2497 2498 2499 2500 2501 2502 2503 2504 2505 2506 2507 2508 2509 2510 2511 2512 2513 2514 2515 2516 2517 2518 2519 2520 2533 2534 2535 2536 2537 2538 2539 2540 2541 2542 2543 2544 2545 2546 2547 2548 2549 2550 2551 2554 2555 2556 2557 2558 2559 2560 2561 2562 2563 2564 2565 2566 2567 2568 2569 2570 2571 2572 2573 2574 2575 2576 2577 2578 2579 2580 2581 2582 2586 2587 2588 2589 2590 2591 2592 2593 2594 2595 2596 2597 2598 2599 2600 2601 2602 2603 2604 2605 2606 2607 2608 2609 2610 2611 2612 2613 2640 2641 2642 2643 2644 2652 2653 2654 2655 2656 2657 2658 2659 2660 2661 2662 2663 2664 2665 2666 2667 2668 2669 2670 2671 2672 2673 2674 2675 2701 2702 2703 2704 2705 2706 2709 2710 2711 2712 2713 2714 2715 2716 2717 2718 2719 2720 2721 2722 2723 2724 2725 2726 2727 2728 2729 2730 2731 2732 2733 2734 2735 2736 2737 2739 2740 2741 2742 2743 2744 2745 2746 2747 2748 2749 2750 2751 2752 2753 2754 2755 2756 2757 2758 2759 2760 2761 2762 2763 2764 2765 2766 2767 2768 2795 2796 2797 2798 2799 2816 2817 2818 2819 2820 2821 2822 2823 2824 2825 2826 2827 2828 2829 2830 2841 2842 2843 2844 2845 2846 2847 2848 2849 2850 2851 2852 2853 2854 2855 2856 2857 2858 2859 2860 2861 2870 2871 2872 2873 2874 2875 2876 2877 2878 2879 2880 2881 2882 2883 2884 2885 2886 2887 2888 2889 2890 2891 2892 2894 2895 2896 2897 2898 2899 2900 2901 2902 2903 2904 2905 2906 2907 2908 2909 2910 2911 2912 2913 2914 2915 2916 2917 2918 2919 2920 2921 2922 2923 2929 2930 2931 2932 2933 2934 2935 2936 2937 2938 2939 2940 2941 2942 2943 2944 2945 2946 2947 2948 2949 2950 2951 2952 2953 2954 2966 2967 2968 2969 2970 2971 2972 2973 2974 2975 2976 2977 2978 2979 2980 2981 2982 2983 2984 2985 2987 2988 2989 2990 2991 2992 2993 2994 2995 2996 2997 2998 2999 3000 3001 3002 3003 3004 3005 3006 3007 3008 3009 3010 3011 3012 3013 3014 3015 3016 3031 3032 3033 3034 3035 3036 3037 3038 3039 3040 3041 3042 3043 3044 3045 3046 3047 3050 3051 3052 3053 3054 3055 3056 3057 3058 3059 3060 3061 3062 3063 3064 3065 3066 3067 3068 3069 3070 3071 3072 3073 3074 3075 3076 3077 3078 3080 3081 3082 3083 3084 3085 3086 3087 3088 3089 3090 3091 3092 3093 3094 3095 3096 3097 3098 3099 3100 3101 3102 3103 3104 3105 3106 3107 3108 3109 3111 3112 3113 3114 3115 3116 3117 3118 3119 3120 3121 3122 3123 3124 3125 3126 3127 3128 3129 3130 3131 3132 3133 3134 3135 3136 3137 3138 3139 3140 3156 3157 3158 3159 3160 3161 3162 3163 3164 3165 3166 3167 3168 3169 3170 3171 3175 3176 3177 3178 3179 3180 3181 3182 3183 3184 3185 3186 3187 3188 3189 3190 3191 3192 3193 3194 3195 3196 3197 3198 3199 3200 3201 3202 3232 3233 3237 3238 3239 3240 3241 3242 3243 3244 3245 3246 3247 3248 3249 3250 3251 3252 3253 3254 3255 3256 3257 3258 3259 3260 3261 3262 3263 3264 3309 3310 3311 3312 3313 3314 3315 3316 3317 3318 3319 3320 3321 3322 3323 3324 3325 3326 3329 3330 3331 3332 3333 3334 3335 3336 3337 3338 3339 3340 3341 3342 3343 3344 3345 3346 3347 3348 3349 3350 3351 3352 3353 3354 3355 3356 3357 3373 3374 3375 3376 3377 3378 3379 3380 3381 3382 3383 3384 3385 3386 3387 3388 3419 3446 3447 3448 3449 3450 3463 3464 3465 3466 3467 3468 3469 3470 3471 3472 3473 3474 3475 3476 3477 3478 3479 3480 3481 3510 3511 3512 3517 3518 3519 3520 3521 3522 3523 3524 3525 3526 3527 3528 3529 3530 3531 3532 3533 3534 3535 3536 3537 3538 3539 3540 3541 3542 3543 3554 3555 3556 3557 3558 3559 3560 3561 3562 3563 3564 3565 3566 3567 3568 3569 3570 3571 3572 3573 3574 3578 3579 3580 3581 3582 3583 3584 3585 3586 3587 3588 3589 3590 3591 3592 3593 3594 3595 3596 3597 3598 3599 3600 3601 3602 3603 3604 3605 3622 3623 3624 3625 3626 3627 3628 3629 3630 3631 3632 3633 3634 3635 3636 3679 3680 3681 3682 3683 3684 3685 3686 3687 3688 3689 3690 3691 3692 3693 3694 3695 3696 3697 3698 3700 3701 3702 3703 3704 3705 3706 3707 3708 3709 3710 3711 3712 3713 3714 3715 3716 3717 3718 3719 3720 3721 3722 3723 3724 3725 3726 3727 3728 3729 3760 3819 3820 3821 3822 3848 3849 3850 3851 3852 3853 3856 3857 3858 3859 3860 3861 3862 3863 3864 3865 3866 3867 3868 3869 3870 3871 3872 3873 3874 3875 3876 3877 3878 3879 3880 3881 3882 3883 3884 3899 3900 3901 3902 3903 3904 3905 3906 3907 3908 3909 3910 3911 3912 3913 3914 3915 3946 3948 3949 3950 3951 3952 3953 3954 3955 3956 3957 3958 3959 3960 3961 3962 3963 3964 3965 3966 3967 3968 3969 3970 3971 3972 3973 3974 3975 3976 3977 3979 4008 4116 4145 4185 4227 4266 4295 4316 4383 4435 4462 4502 4535 4544 4585 4605 4645 4673 4728 4770 4806 4844 4879 4946 4973 5003 5022 5023 5024 5035 5036 5037 5038 5039 5040 5041 5042 5043 5044 5045 5046 5047 5048 5049 5050 5051 5052 5053 5054 5055 5056 5057 5065 5066 5067 5068 5069 5070 5071 5072 5073 5074 5075 5076 5077 5078 5079 5080 5081 5082 5083 5084 5085 5086 5087 5088 5095 5096 5097 5098 5099 5100 5101 5102 5103 5104 5105 5106 5107 5108 5109 5110 5111 5112 5113 5114 5115 5116 5117 5118 5119 5148 5149 5150 5166 5167 5168 5169 5170 5171 5172 5173 5174 5175 5176 5177 5178 5179 5180 5181 5189 5190 5191 5192 5193 5194 5195 5196 5197 5198 5199 5200 5201 5202 5203 5204 5205 5206 5207 5208 5209 5210 5211 5212 5220 5221 5222 5223 5224 5225 5226 5227 5228 5229 5230 5231 5232 5233 5234 5235 5236 5237 5238 5239 5240 5241 5242 5243 5270 5271 5272 5273 5274 5299 5300 5301 5302 5303 5304 5305 5327 5328 5329 5330 5331 5332 5333 5334 5335 5336 5364 5365 5366 5367 5398 5405 5406 5407 5408 5409 5410 5411 5412 5413 5414 5415 5416 5417 5418 5419 5420 5421 5422 5423 5424 5425 5426 5427 5428 5429 5442 5443 5444 5445 5446 5447 5448 5449 5450 5451 5452 5453 5454 5455 5456 5457 5458 5459 5460 5483 5484 5485 5486 5487 5488 5489 5490 5491 5501 5502 5503 5504 5505 5506 5507 5508 5509 5510 5511 5512 5513 5514 5515 5516 5517 5518 5519 5520 5521 5522 5526 5527 5528 5529 5530 5531 5532 5533 5534 5535 5536 5537 5538 5539 5540 5541 5542 5543 5544 5545 5546 5547 5548 5549 5550 5551 5552 5553 5579 5580 5581 5582 5583 5584 5587 5588 5589 5590 5591 5592 5593 5594 5595 5596 5597 5598 5599 5600 5601 5602 5603 5604 5605 5606 5607 5608 5609 5610 5611 5612 5613 5614 5615 5630 5631 5632 5633 5634 5635 5636 5637 5638 5639 5640 5641 5642 5643 5644 5645 5646 5652 5653 5654 5655 5656 5657 5658 5659 5660 5661 5662 5663 5664 5665 5666 5667 5668 5669 5670 5671 5672 5673 5674 5675 5676 5677 5701 5702 5703 5704 5705 5706 5707 5708 5739 5770 5791 5792 5793 5794 5795 5796 5797 5798 5799 5800 5801 5813 5814 5815 5816 5817 5818 5819 5820 5821 5822 5823 5824 5825 5826 5827 5828 5829 5830 5831 5832 5846 5847 5848 5849 5850 5851 5852 5853 5854 5855 5856 5857 5858 5859 5860 5861 5862 5863 5893 5894 5925 5936 5937 5938 5939 5940 5941 5942 5943 5944 5945 5946 5947 5948 5949 5950 5951 5952 5953 5954 5955 5956 5961 5962 5963 5964 5965 5966 5967 5968 5969 5970 5971 5972 5973 5974 5975 5976 5977 5978 5979 5980 5981 5982 5983 5984 5985 5986 5987 5991 5999 6001 6006 6016 6116 6157 6214 6251 6287 6326 6337 6362 6414 6451 6467 6501 6540 6562 6617 6644 6680 6696 6741 6839 6855 6877 6910 6953 6986 7024 7042 7043 7044 7047 7051 7076 7077 7078 7079 7080 7081 7087 7088 7089 7090 7091 7092 7093 7094 7095 7096 7097 7098 7099 7100 7101 7102 7103 7104 7105 7106 7107 7108 7109 7110 7111 7112 7118 7119 7120 7121 7122 7123 7124 7125 7126 7127 7128 7129 7130 7131 7132 7133 7134 7135 7136 7137 7138 7139 7140 7141 7142 7143 7152 7153 7154 7155 7156 7157 7158 7159 7160 7161 7162 7163 7164 7165 7166 7167 7168 7169 7170 7171 7172 7173 7174 7192 7193 7194 7195 7196 7197 7198 7199 7200 7201 7202 7203 7204 7205 7217 7218 7219 7220 7221 7222 7223 7224 7225 7226 7227 7228 7229 7230 7231 7232 7233 7234 7235 7236 7263 7264 7265 7266 7267 7278 7279 7280 7281 7282 7283 7284 7285 7286 7287 7288 7289 7290 7291 7292 7293 7294 7295 7296 7297 7298 7311 7312 7313 7314 7315 7316 7317 7318 7319 7320 7321 7322 7323 7324 7325 7326 7327 7328 7329 7345 7346 7347 7348 7349 7350 7351 7352 7353 7354 7355 7356 7357 7358 7359 7360 7370 7371 7372 7373 7374 7375 7376 7377 7378 7379 7380 7381 7382 7383 7384 7385 7386 7387 7388 7389 7390 7391 7416 7417 7418 7419 7420 7421 7422 7450 7451 7452 7453 7474 7475 7476 7477 7478 7479 7480 7481 7482 7483 7484 7499 7500 7501 7502 7503 7504 7505 7506 7507 7508 7509 7510 7511 7512 7513 7514 7515 7539 7540 7541 7542 7543 7544 7545 7546 7577 7589 7590 7591 7592 7593 7594 7595 7596 7597 7598 7599 7600 7601 7602 7603 7604 7605 7606 7607 7608 7658 7659 7660 7661 7662 7663 7664 7665 7666 7667 7668 7669 7670 7699 7700 7701 7715 7716 7717 7718 7719 7720 7721 7722 7723 7724 7725 7726 7727 7728 7729 7730 7731 7732 7739 7740 7741 7742 7743 7744 7745 7746 7747 7748 7749 7750 7751 7752 7753 7754 7755 7756 7757 7758 7759 7760 7761 7762 7763 7794 7847 7848 7849 7850 7851 7852 7853 7854 7855 7856 7876 7877 7878 7879 7880 7881 7882 7883 7884 7885 7886 7887 7895 7896 7897 7898 7899 7900 7901 7902 7903 7904 7905 7906 7907 7908 7909 7910 7911 7912 7913 7914 7915 7916 7917 7918 7935 7936 7937 7938 7939 7940 7941 7942 7943 7944 7945 7946 7947 7948 7949 7972 7973 7974 7975 7976 7977 7978 7979 7980 8010 8011 8016 8074 8160 8193 8228 8244 8271 8310 8360 8427 8479 8506 8542 8579 8588 8629 8649 8689 8717 8742 8850 8888 8923 8947 9017 9047 9073 9081 9083 9084 9114 9138 9139 9140 9141 9142 9143 9144 9145 9176 9197 9198 9199 9200 9201 9202 9203 9204 9205 9206 9207 9220 9221 9222 9223 9224 9225 9226 9227 9228 9229 9230 9231 9232 9233 9234 9235 9236 9237 9238 9269 9276 9277 9278 9279 9280 9281 9282 9283 9284 9285 9286 9287 9288 9289 9290 9291 9292 9293 9294 9295 9296 9297 9298 9299 9300 9319 9320 9321 9322 9323 9324 9325 9326 9327 9328 9329 9330 9331 9348 9349 9350 9351 9352 9353 9354 9355 9356 9357 9358 9359 9360 9361 9362 9393 9413 9414 9415 9416 9417 9418 9419 9420 9421 9422 9423 9424 9455 9461 9462 9463 9464 9465 9466 9467 9468 9469 9470 9471 9472 9473 9474 9475 9476 9477 9478 9479 9480 9481 9482 9483 9484 9485 9486 9496 9497 9498 9499 9500 9501 9502 9503 9504 9505 9506 9507 9508 9509 9510 9511 9512 9513 9514 9515 9516 9517 9532 9533 9534 9535 9536 9537 9538 9539 9540 9541 9542 9543 9544 9545 9546 9547 9548 9556 9557 9558 9559 9560 9561 9562 9563 9564 9565 9566 9567 9568 9569 9570 9571 9572 9573 9574 9575 9576 9577 9578 9579 9582 9583 9584 9585 9586 9587 9588 9589 9590 9591 9592 9593 9594 9595 9596 9597 9598 9599 9600 9601 9602 9603 9604 9605 9606 9607 9608 9609 9610 9628 9629 9630 9631 9632 9633 9634 9635 9636 9637 9638 9639 9640 9641 9643 9644 9645 9646 9647 9648 9649 9650 9651 9652 9653 9654 9655 9656 9657 9658 9659 9660 9661 9662 9663 9664 9665 9666 9667 9668 9669 9670 9671 9672 9684 9685 9686 9687 9688 9689 9690 9691 9692 9693 9694 9695 9696 9697 9698 9699 9700 9701 9702 9703 9708 9709 9710 9711 9712 9713 9714 9715 9716 9717 9718 9719 9720 9721 9722 9723 9724 9725 9726 9727 9728 9729 9730 9731 9732 9733 9734 9750 9751 9752 9753 9754 9755 9756 9757 9758 9759 9760 9761 9762 9763 9764 9765 9788 9789 9790 9791 9792 9793 9794 9795 9796 9827 9867 9868 9869 9870 9871 9872 9873 9874 9875 9876 9877 9878 9879 9880 9881 9882 9883 9884 9885 9886 9887 9888 9889 9900 9901 9902 9903 9904 9905 9906 9907 9908 9909 9910 9911 9912 9913 9914 9915 9916 9917 9918 9919 9920 9942 9943 9944 9945 9946 9947 9948 9949 9950 9951 9965 9966 9967 9968 9969 9970 9971 9972 9973 9974 9975 9976 9977 9978 9979 9980 9981 9982 10013 10017 10018 10019 10020 10021 10022 10023 10024 10025 10026 10027 10028 10029 10030 10031 10032 10033 10034 10035 10036 10037 10038 10039 10040 10041 10042 10043 10044 10066 10088 10113 10162 10223 10238 10299 10428 10466 10517 10552 10567 10641 10707 10762 10807 10838 10848 10891 10921 10957 10996 11069 11119 11121 11125 11127 11129 11158 11159 11170 11171 11172 11173 11174 11175 11176 11177 11178 11179 11180 11181 11182 11183 11184 11185 11186 11187 11188 11189 11190 11203 11204 11205 11206 11207 11208 11209 11210 11211 11212 11213 11214 11215 11216 11217 11218 11219 11220 11221 11274 11275 11276 11277 11278 11279 11280 11281 11282 11283 11295 11296 11297 11298 11299 11300 11301 11302 11303 11304 11305 11306 11307 11308 11309 11310 11311 11312 11313 11314 11498 11499 11500 11531 11557 11558 11559 11560 11561 11562 11580 11581 11582 11583 11584 11585 11586 11587 11588 11589 11590 11591 11592 11593 11621 11622 11623 11624 11641 11642 11643 11644 11645 11646 11647 11648 11649 11650 11651 11652 11653 11654 11655 11671 11672 11673 11674 11675 11676 11677 11678 11679 11680 11681 11682 11683 11684 11685 11686 11694 11695 11696 11697 11698 11699 11700 11701 11702 11703 11704 11705 11706 11707 11708 11709 11710 11711 11712 11713 11714 11715 11716 11717 11740 11741 11742 11743 11744 11745 11746 11747 11748 11765 11766 11767 11768 11769 11770 11771 11772 11773 11774 11775 11776 11777 11778 11779 11796 11797 11798 11799 11800 11801 11802 11803 11804 11805 11806 11807 11808 11809 11810 11824 11825 11826 11827 11828 11829 11830 11831 11832 11833 11834 11835 11836 11837 11838 11839 11840 11841 11865 11866 11867 11868 11869 11870 11871 11872 11893 11894 11895 11896 11897 11898 11899 11900 11901 11902 11903 11930 11931 11932 11933 11934 11959 11960 11961 11962 11963 11964 11965 11980 11981 11982 11983 11984 11985 11986 11987 11988 11989 11990 11991 11992 11993 11994 11995 11996 12016 12017 12018 12019 12020 12021 12022 12023 12024 12025 12026 12027 12075 12076 12077 12078 12079 12080 12081 12082 12083 12084 12085 12086 12087 12088 12089 12091
c _______________________________________________________________________________
c 
c restarts               : 17081929
c conflicts              : 139            (2 /sec)
c decisions              : 2292           (0.00 % random) (40 /sec)
c propagations           : 479856         (8441 /sec)
c conflict literals      : 429            (6.33 % deleted)
c =======================[ UWrMaxSat resources usage ]===========================
c Memory used            : 34.00 MB
c CPU time               : 56.8501 s
c _______________________________________________________________________________
c SATISFIABLE

  [Info] Injected Assumption file: p4_A-n32-k5_r29v5k3.wcnf.asm
[UWrMaxSAT] Running command:
  stdbuf -oL uwrmaxsat -no-bin -no-sat -no-par -no-scip -ppdsp-time=61 -ppdsp-lastY=10075 -ppdsp=p4_A-n32-k5_r30v5k3.meta -ppdsp-assume=p4_A-n32-k5_r29v5k3.wcnf.asm p4_A-n32-k5_r30v5k3.wcnf | tee p4_A-n32-k5_r30v5k3.wcnf.out
Vehicle 0: d → 21 → 14 → 9 → 28 → 4 → 19 → 26 → 13 → 25 → 29 → 15 → 11 → 0 → 6 → 12 → 20 → 18 → d, (requests = [4, 15, 28])
Vehicle 1: d → 3 → 10 → 7 → 17 → 21 → 14 → 9 → 28 → 4 → 19 → 26 → 13 → 25 → 15 → 6 → 12 → 20 → d, (requests = [0, 1, 2, 3, 14])
Vehicle 2: d → 18 → 16 → 30 → 20 → 12 → 6 → 0 → 15 → 29 → 25 → 13 → 26 → 19 → 4 → 24 → 9 → 14 → 21 → 8 → 17 → 7 → 10 → 3 → 27 → 22 → d, (requests = [5, 6, 7, 11, 16])
Vehicle 3: d → 22 → 27 → 3 → 10 → 7 → 17 → 8 → 21 → 14 → 9 → 28 → 4 → 19 → 26 → 13 → 25 → 29 → 15 → 11 → 0 → 6 → 12 → 20 → 30 → 16 → 18 → d, (requests = [8, 9, 10, 13, 17, 18])
Vehicle 4: d → 18 → 16 → 30 → 20 → 12 → 6 → 15 → 25 → 13 → 26 → 19 → 4 → 28 → 14 → 21 → 8 → 17 → 7 → 10 → 3 → 27 → 22 → 1 → 5 → d, (requests = [12, 20, 22, 23])
======== PPDSP OBJECTIVE ========
Profit    = 154397
Cost      = 47489
Objective = 106908
=================================
  [Time Manager] Step 31 consumed 61.52s. Total Consumed: 1831.30s.
  [Info] Saved 2583 core assumption literals to p4_A-n32-k5_r30v5k3.wcnf.asm

[32/60] Building & Solving: R=30, V=6, K=3
  [Info] Generating MaxSAT Formulation...
[SBC] Added 90 clauses.
[rc2] Generating instance: p4_A-n32-k5_r30v6k3.wcnf ...
[UWrMaxSAT] meta exported to p4_A-n32-k5_r30v6k3.meta
  [Time Manager] Global Remaining Budget: 1768.70s | Future Weight Sum: 29.0
  [Time Manager] Recalibrated Budget for this step: 60.99s
  [Info] Injected Assumption file: p4_A-n32-k5_r30v5k3.wcnf.asm
[UWrMaxSAT] Running command:
  stdbuf -oL uwrmaxsat -no-bin -no-sat -no-par -no-scip -ppdsp-time=60 -ppdsp-lastY=11129 -ppdsp=p4_A-n32-k5_r30v6k3.meta -ppdsp-assume=p4_A-n32-k5_r30v5k3.wcnf.asm p4_A-n32-k5_r30v6k3.wcnf | tee p4_A-n32-k5_r30v6k3.wcnf.out
Vehicle 0: d → 21 → 14 → 9 → 28 → 4 → 19 → 26 → 13 → 25 → 29 → 15 → 11 → 0 → 6 → 12 → 20 → 18 → d, (requests = [4, 15, 28])
Vehicle 1: d → 3 → 10 → 7 → 17 → 21 → 14 → 9 → 28 → 4 → 19 → 26 → 13 → 25 → 15 → 6 → 12 → 20 → d, (requests = [0, 1, 2, 3, 14])
Vehicle 2: d → 18 → 16 → 30 → 20 → 12 → 6 → 0 → 15 → 29 → 25 → 13 → 26 → 19 → 4 → 24 → 9 → 14 → 21 → 8 → 17 → 7 → 10 → 3 → 27 → 22 → d, (requests = [5, 6, 7, 11, 16])
Vehicle 3: d → 22 → 27 → 3 → 10 → 7 → 17 → 8 → 21 → 14 → 9 → 28 → 4 → 19 → 26 → 13 → 25 → 29 → 15 → 11 → 0 → 6 → 12 → 20 → 30 → 16 → 18 → d, (requests = [8, 9, 10, 13, 17, 18])
Vehicle 4: d → 18 → 16 → 30 → 20 → 12 → 6 → 15 → 25 → 13 → 26 → 19 → 4 → 28 → 14 → 21 → 8 → 17 → 7 → 10 → 3 → 27 → 22 → 1 → 5 → d, (requests = [12, 20, 22, 23])
Vehicle 5: d → 1 → 5 → 2 → 22 → 27 → 17 → 21 → 14 → 28 → 24 → 4 → 19 → 23 → 26 → 13 → 25 → 15 → 11 → 0 → 12 → 6 → d, (requests = [19, 21, 25, 27, 29])
======== PPDSP OBJECTIVE ========
Profit    = 188035
Cost      = 56241
Objective = 131794
=================================
  [Time Manager] Step 32 consumed 60.59s. Total Consumed: 1891.89s.
  [Info] Saved 2649 core assumption literals to p4_A-n32-k5_r30v6k3.wcnf.asm

[33/60] Building & Solving: R=31, V=6, K=3
  [Info] Generating MaxSAT Formulation...
[SBC] Added 93 clauses.
[rc2] Generating instance: p4_A-n32-k5_r31v6k3.wcnf ...
[UWrMaxSAT] meta exported to p4_A-n32-k5_r31v6k3.meta
  [Time Manager] Global Remaining Budget: 1708.11s | Future Weight Sum: 28.0
  [Time Manager] Recalibrated Budget for this step: 61.00s
  [Info] Injected Assumption file: p4_A-n32-k5_r30v6k3.wcnf.asm
[UWrMaxSAT] Running command:
  stdbuf -oL uwrmaxsat -no-bin -no-sat -no-par -no-scip -ppdsp-time=61 -ppdsp-lastY=12096 -ppdsp=p4_A-n32-k5_r31v6k3.meta -ppdsp-assume=p4_A-n32-k5_r30v6k3.wcnf.asm p4_A-n32-k5_r31v6k3.wcnf | tee p4_A-n32-k5_r31v6k3.wcnf.out
Vehicle 0: d → 21 → 14 → 9 → 28 → 4 → 19 → 26 → 13 → 25 → 29 → 15 → 11 → 0 → 6 → 12 → 20 → 18 → d, (requests = [4, 15, 28, 30])
Vehicle 1: d → 3 → 10 → 7 → 17 → 21 → 14 → 9 → 28 → 4 → 19 → 26 → 13 → 25 → 15 → 6 → 12 → 20 → d, (requests = [0, 1, 2, 3, 14])
Vehicle 2: d → 18 → 16 → 30 → 20 → 12 → 6 → 0 → 15 → 29 → 25 → 13 → 26 → 19 → 4 → 24 → 9 → 14 → 21 → 8 → 17 → 7 → 10 → 3 → 27 → 22 → d, (requests = [5, 6, 7, 11, 16])
Vehicle 3: d → 22 → 27 → 3 → 10 → 7 → 17 → 8 → 21 → 14 → 9 → 28 → 4 → 19 → 26 → 13 → 25 → 29 → 15 → 11 → 0 → 6 → 12 → 20 → 30 → 16 → 18 → d, (requests = [8, 9, 10, 13, 17, 18])
Vehicle 4: d → 18 → 16 → 30 → 20 → 12 → 6 → 15 → 25 → 13 → 26 → 19 → 4 → 28 → 14 → 21 → 8 → 17 → 7 → 10 → 3 → 27 → 22 → 1 → 5 → d, (requests = [12, 20, 22, 23])
Vehicle 5: d → 1 → 5 → 2 → 22 → 27 → 17 → 21 → 14 → 28 → 24 → 4 → 19 → 23 → 26 → 13 → 25 → 15 → 11 → 0 → 12 → 6 → d, (requests = [19, 21, 25, 27, 29])
======== PPDSP OBJECTIVE ========
Profit    = 199612
Cost      = 56241
Objective = 143371
=================================
  [Time Manager] Step 33 consumed 61.55s. Total Consumed: 1953.45s.
  [Info] Saved 2948 core assumption literals to p4_A-n32-k5_r31v6k3.wcnf.asm

[34/60] Building & Solving: R=32, V=6, K=3
  [Info] Generating MaxSAT Formulation...
[SBC] Added 96 clauses.
[rc2] Generating instance: p4_A-n32-k5_r32v6k3.wcnf ...
[UWrMaxSAT] meta exported to p4_A-n32-k5_r32v6k3.meta
  [Time Manager] Global Remaining Budget: 1646.55s | Future Weight Sum: 27.0
  [Time Manager] Recalibrated Budget for this step: 60.98s
  [Info] Injected Assumption file: p4_A-n32-k5_r31v6k3.wcnf.asm
[UWrMaxSAT] Running command:
  stdbuf -oL uwrmaxsat -no-bin -no-sat -no-par -no-scip -ppdsp-time=60 -ppdsp-lastY=12102 -ppdsp=p4_A-n32-k5_r32v6k3.meta -ppdsp-assume=p4_A-n32-k5_r31v6k3.wcnf.asm p4_A-n32-k5_r32v6k3.wcnf | tee p4_A-n32-k5_r32v6k3.wcnf.out
Vehicle 0: d → 21 → 14 → 9 → 28 → 4 → 19 → 26 → 13 → 25 → 29 → 15 → 11 → 0 → 6 → 12 → 20 → 18 → d, (requests = [4, 15, 28, 30])
Vehicle 1: d → 3 → 10 → 7 → 17 → 21 → 14 → 9 → 28 → 4 → 19 → 26 → 13 → 25 → 15 → 6 → 12 → 20 → d, (requests = [0, 1, 2, 3, 14])
Vehicle 2: d → 18 → 16 → 30 → 20 → 12 → 6 → 0 → 15 → 29 → 25 → 13 → 26 → 19 → 4 → 24 → 9 → 14 → 21 → 8 → 17 → 7 → 10 → 3 → 27 → 22 → d, (requests = [5, 6, 7, 11, 16])
Vehicle 3: d → 22 → 27 → 3 → 10 → 7 → 17 → 8 → 21 → 14 → 9 → 28 → 4 → 19 → 26 → 13 → 25 → 29 → 15 → 11 → 0 → 6 → 12 → 20 → 30 → 16 → 18 → d, (requests = [8, 9, 10, 13, 17, 18])
Vehicle 4: d → 18 → 16 → 30 → 20 → 12 → 6 → 15 → 25 → 13 → 26 → 19 → 4 → 28 → 14 → 21 → 8 → 17 → 7 → 10 → 3 → 27 → 22 → 1 → 5 → d, (requests = [12, 20, 22, 23])
Vehicle 5: d → 1 → 5 → 2 → 22 → 27 → 17 → 21 → 14 → 28 → 24 → 4 → 19 → 23 → 26 → 13 → 25 → 15 → 11 → 0 → 12 → 6 → d, (requests = [19, 21, 25, 27, 29])
======== PPDSP OBJECTIVE ========
Profit    = 199612
Cost      = 56241
Objective = 143371
=================================
  [Time Manager] Step 34 consumed 60.74s. Total Consumed: 2014.18s.
  [Info] Saved 2948 core assumption literals to p4_A-n32-k5_r32v6k3.wcnf.asm

[35/60] Building & Solving: R=33, V=6, K=3
  [Info] Generating MaxSAT Formulation...
[SBC] Added 99 clauses.
[rc2] Generating instance: p4_A-n32-k5_r33v6k3.wcnf ...
[UWrMaxSAT] meta exported to p4_A-n32-k5_r33v6k3.meta
c Using COMiniSatPS SAT solver by Chanseok Oh (2016)
[UWrMaxSAT] meta file: p4_A-n32-k5_r33v6k3.meta
[UWrMaxSAT] meta loaded OK.
[UWrMaxSAT] Loaded 2948 assumption literals from p4_A-n32-k5_r32v6k3.wcnf.asm
c Parsing MaxSAT file...
c Start timer (tic-tac ...)
c c Found solution: 1233851
c ============================[  Problem Statistics ]============================
c |  Number of variables:          6810                                         |
c |  Number of clauses:           40494 (incl.         1209 soft in queue)      |
c ===============================================================================
c [UWrMaxSAT] Timeout reached inside slice loop. Stopping.
c *** Interrupted ***
c [1mSATISFIABLE: Best solution found: 1233851[0m
v 7 148 205 317 353 405 442 458 492 608 635 659 687 830 846 901 944 1014 1131 1172 1229 1266 1341 1352 1429 1466 1482 1511 1590 1659 1696 1711 1840 1870 1925 2020 2050 2052 2054 2056 2070 2071 2072 2073 2074 2075 2076 2077 2078 2079 2080 2081 2082 2083 2084 2085 2086 2088 2089 2090 2091 2092 2093 2094 2095 2096 2097 2098 2099 2100 2101 2102 2103 2104 2105 2106 2107 2108 2109 2110 2111 2112 2113 2114 2115 2116 2117 2119 2120 2121 2122 2123 2124 2125 2126 2127 2128 2129 2130 2131 2132 2133 2134 2135 2136 2137 2138 2139 2140 2141 2142 2143 2144 2145 2146 2147 2148 2151 2152 2153 2154 2155 2156 2157 2158 2159 2160 2161 2162 2163 2164 2165 2166 2167 2168 2169 2170 2171 2172 2173 2174 2175 2176 2177 2178 2179 2186 2187 2188 2189 2190 2191 2192 2193 2194 2195 2196 2197 2198 2199 2200 2201 2202 2203 2204 2205 2206 2207 2208 2209 2210 2213 2214 2215 2216 2217 2218 2219 2220 2221 2222 2223 2224 2225 2226 2227 2228 2229 2230 2231 2232 2233 2234 2235 2236 2237 2238 2239 2240 2241 2265 2266 2267 2268 2269 2270 2271 2272 2275 2276 2277 2278 2279 2280 2281 2282 2283 2284 2285 2286 2287 2288 2289 2290 2291 2292 2293 2294 2295 2296 2297 2298 2299 2300 2301 2302 2303 2307 2308 2309 2310 2311 2312 2313 2314 2315 2316 2317 2318 2319 2320 2321 2322 2323 2324 2325 2326 2327 2328 2329 2330 2331 2332 2333 2334 2339 2340 2341 2342 2343 2344 2345 2346 2347 2348 2349 2350 2351 2352 2353 2354 2355 2356 2357 2358 2359 2360 2361 2362 2363 2364 2365 2367 2368 2369 2370 2371 2372 2373 2374 2375 2376 2377 2378 2379 2380 2381 2382 2383 2384 2385 2386 2387 2388 2389 2390 2391 2392 2393 2394 2395 2396 2410 2411 2412 2413 2414 2415 2416 2417 2418 2419 2420 2421 2422 2423 2424 2425 2426 2427 2452 2453 2454 2455 2456 2457 2458 2468 2469 2470 2471 2472 2473 2474 2475 2476 2477 2478 2479 2480 2481 2482 2483 2484 2485 2486 2487 2488 2489 2493 2494 2495 2496 2497 2498 2499 2500 2501 2502 2503 2504 2505 2506 2507 2508 2509 2510 2511 2512 2513 2514 2515 2516 2517 2518 2519 2520 2533 2534 2535 2536 2537 2538 2539 2540 2541 2542 2543 2544 2545 2546 2547 2548 2549 2550 2551 2554 2555 2556 2557 2558 2559 2560 2561 2562 2563 2564 2565 2566 2567 2568 2569 2570 2571 2572 2573 2574 2575 2576 2577 2578 2579 2580 2581 2582 2586 2587 2588 2589 2590 2591 2592 2593 2594 2595 2596 2597 2598 2599 2600 2601 2602 2603 2604 2605 2606 2607 2608 2609 2610 2611 2612 2613 2640 2641 2642 2643 2644 2652 2653 2654 2655 2656 2657 2658 2659 2660 2661 2662 2663 2664 2665 2666 2667 2668 2669 2670 2671 2672 2673 2674 2675 2701 2702 2703 2704 2705 2706 2709 2710 2711 2712 2713 2714 2715 2716 2717 2718 2719 2720 2721 2722 2723 2724 2725 2726 2727 2728 2729 2730 2731 2732 2733 2734 2735 2736 2737 2739 2740 2741 2742 2743 2744 2745 2746 2747 2748 2749 2750 2751 2752 2753 2754 2755 2756 2757 2758 2759 2760 2761 2762 2763 2764 2765 2766 2767 2768 2795 2796 2797 2798 2799 2816 2817 2818 2819 2820 2821 2822 2823 2824 2825 2826 2827 2828 2829 2830 2841 2842 2843 2844 2845 2846 2847 2848 2849 2850 2851 2852 2853 2854 2855 2856 2857 2858 2859 2860 2861 2870 2871 2872 2873 2874 2875 2876 2877 2878 2879 2880 2881 2882 2883 2884 2885 2886 2887 2888 2889 2890 2891 2892 2894 2895 2896 2897 2898 2899 2900 2901 2902 2903 2904 2905 2906 2907 2908 2909 2910 2911 2912 2913 2914 2915 2916 2917 2918 2919 2920 2921 2922 2923 2929 2930 2931 2932 2933 2934 2935 2936 2937 2938 2939 2940 2941 2942 2943 2944 2945 2946 2947 2948 2949 2950 2951 2952 2953 2954 2966 2967 2968 2969 2970 2971 2972 2973 2974 2975 2976 2977 2978 2979 2980 2981 2982 2983 2984 2985 2987 2988 2989 2990 2991 2992 2993 2994 2995 2996 2997 2998 2999 3000 3001 3002 3003 3004 3005 3006 3007 3008 3009 3010 3011 3012 3013 3014 3015 3016 3031 3032 3033 3034 3035 3036 3037 3038 3039 3040 3041 3042 3043 3044 3045 3046 3047 3050 3051 3052 3053 3054 3055 3056 3057 3058 3059 3060 3061 3062 3063 3064 3065 3066 3067 3068 3069 3070 3071 3072 3073 3074 3075 3076 3077 3078 3080 3081 3082 3083 3084 3085 3086 3087 3088 3089 3090 3091 3092 3093 3094 3095 3096 3097 3098 3099 3100 3101 3102 3103 3104 3105 3106 3107 3108 3109 3111 3112 3113 3114 3115 3116 3117 3118 3119 3120 3121 3122 3123 3124 3125 3126 3127 3128 3129 3130 3131 3132 3133 3134 3135 3136 3137 3138 3139 3140 3156 3157 3158 3159 3160 3161 3162 3163 3164 3165 3166 3167 3168 3169 3170 3171 3175 3176 3177 3178 3179 3180 3181 3182 3183 3184 3185 3186 3187 3188 3189 3190 3191 3192 3193 3194 3195 3196 3197 3198 3199 3200 3201 3202 3232 3233 3237 3238 3239 3240 3241 3242 3243 3244 3245 3246 3247 3248 3249 3250 3251 3252 3253 3254 3255 3256 3257 3258 3259 3260 3261 3262 3263 3264 3309 3310 3311 3312 3313 3314 3315 3316 3317 3318 3319 3320 3321 3322 3323 3324 3325 3326 3329 3330 3331 3332 3333 3334 3335 3336 3337 3338 3339 3340 3341 3342 3343 3344 3345 3346 3347 3348 3349 3350 3351 3352 3353 3354 3355 3356 3357 3373 3374 3375 3376 3377 3378 3379 3380 3381 3382 3383 3384 3385 3386 3387 3388 3419 3446 3447 3448 3449 3450 3463 3464 3465 3466 3467 3468 3469 3470 3471 3472 3473 3474 3475 3476 3477 3478 3479 3480 3481 3510 3511 3512 3517 3518 3519 3520 3521 3522 3523 3524 3525 3526 3527 3528 3529 3530 3531 3532 3533 3534 3535 3536 3537 3538 3539 3540 3541 3542 3543 3554 3555 3556 3557 3558 3559 3560 3561 3562 3563 3564 3565 3566 3567 3568 3569 3570 3571 3572 3573 3574 3578 3579 3580 3581 3582 3583 3584 3585 3586 3587 3588 3589 3590 3591 3592 3593 3594 3595 3596 3597 3598 3599 3600 3601 3602 3603 3604 3605 3622 3623 3624 3625 3626 3627 3628 3629 3630 3631 3632 3633 3634 3635 3636 3679 3680 3681 3682 3683 3684 3685 3686 3687 3688 3689 3690 3691 3692 3693 3694 3695 3696 3697 3698 3700 3701 3702 3703 3704 3705 3706 3707 3708 3709 3710 3711 3712 3713 3714 3715 3716 3717 3718 3719 3720 3721 3722 3723 3724 3725 3726 3727 3728 3729 3760 3819 3820 3821 3822 3848 3849 3850 3851 3852 3853 3856 3857 3858 3859 3860 3861 3862 3863 3864 3865 3866 3867 3868 3869 3870 3871 3872 3873 3874 3875 3876 3877 3878 3879 3880 3881 3882 3883 3884 3899 3900 3901 3902 3903 3904 3905 3906 3907 3908 3909 3910 3911 3912 3913 3914 3915 3946 3948 3949 3950 3951 3952 3953 3954 3955 3956 3957 3958 3959 3960 3961 3962 3963 3964 3965 3966 3967 3968 3969 3970 3971 3972 3973 3974 3975 3976 3977 3979 4008 4116 4145 4185 4227 4266 4295 4316 4383 4435 4462 4502 4535 4544 4585 4605 4645 4673 4728 4770 4806 4844 4879 4946 4973 5003 5022 5023 5024 5035 5036 5037 5038 5039 5040 5041 5042 5043 5044 5045 5046 5047 5048 5049 5050 5051 5052 5053 5054 5055 5056 5057 5065 5066 5067 5068 5069 5070 5071 5072 5073 5074 5075 5076 5077 5078 5079 5080 5081 5082 5083 5084 5085 5086 5087 5088 5095 5096 5097 5098 5099 5100 5101 5102 5103 5104 5105 5106 5107 5108 5109 5110 5111 5112 5113 5114 5115 5116 5117 5118 5119 5148 5149 5150 5166 5167 5168 5169 5170 5171 5172 5173 5174 5175 5176 5177 5178 5179 5180 5181 5189 5190 5191 5192 5193 5194 5195 5196 5197 5198 5199 5200 5201 5202 5203 5204 5205 5206 5207 5208 5209 5210 5211 5212 5220 5221 5222 5223 5224 5225 5226 5227 5228 5229 5230 5231 5232 5233 5234 5235 5236 5237 5238 5239 5240 5241 5242 5243 5270 5271 5272 5273 5274 5299 5300 5301 5302 5303 5304 5305 5327 5328 5329 5330 5331 5332 5333 5334 5335 5336 5364 5365 5366 5367 5398 5405 5406 5407 5408 5409 5410 5411 5412 5413 5414 5415 5416 5417 5418 5419 5420 5421 5422 5423 5424 5425 5426 5427 5428 5429 5442 5443 5444 5445 5446 5447 5448 5449 5450 5451 5452 5453 5454 5455 5456 5457 5458 5459 5460 5483 5484 5485 5486 5487 5488 5489 5490 5491 5501 5502 5503 5504 5505 5506 5507 5508 5509 5510 5511 5512 5513 5514 5515 5516 5517 5518 5519 5520 5521 5522 5526 5527 5528 5529 5530 5531 5532 5533 5534 5535 5536 5537 5538 5539 5540 5541 5542 5543 5544 5545 5546 5547 5548 5549 5550 5551 5552 5553 5579 5580 5581 5582 5583 5584 5587 5588 5589 5590 5591 5592 5593 5594 5595 5596 5597 5598 5599 5600 5601 5602 5603 5604 5605 5606 5607 5608 5609 5610 5611 5612 5613 5614 5615 5630 5631 5632 5633 5634 5635 5636 5637 5638 5639 5640 5641 5642 5643 5644 5645 5646 5652 5653 5654 5655 5656 5657 5658 5659 5660 5661 5662 5663 5664 5665 5666 5667 5668 5669 5670 5671 5672 5673 5674 5675 5676 5677 5701 5702 5703 5704 5705 5706 5707 5708 5739 5770 5791 5792 5793 5794 5795 5796 5797 5798 5799 5800 5801 5813 5814 5815 5816 5817 5818 5819 5820 5821 5822 5823 5824 5825 5826 5827 5828 5829 5830 5831 5832 5846 5847 5848 5849 5850 5851 5852 5853 5854 5855 5856 5857 5858 5859 5860 5861 5862 5863 5893 5894 5925 5936 5937 5938 5939 5940 5941 5942 5943 5944 5945 5946 5947 5948 5949 5950 5951 5952 5953 5954 5955 5956 5961 5962 5963 5964 5965 5966 5967 5968 5969 5970 5971 5972 5973 5974 5975 5976 5977 5978 5979 5980 5981 5982 5983 5984 5985 5986 5987 5991 5999 6001 6006 6016 6116 6157 6214 6251 6287 6326 6337 6362 6414 6451 6467 6501 6540 6562 6617 6644 6680 6696 6741 6839 6855 6877 6910 6953 6986 7024 7042 7043 7044 7047 7051 7076 7077 7078 7079 7080 7081 7087 7088 7089 7090 7091 7092 7093 7094 7095 7096 7097 7098 7099 7100 7101 7102 7103 7104 7105 7106 7107 7108 7109 7110 7111 7112 7118 7119 7120 7121 7122 7123 7124 7125 7126 7127 7128 7129 7130 7131 7132 7133 7134 7135 7136 7137 7138 7139 7140 7141 7142 7143 7152 7153 7154 7155 7156 7157 7158 7159 7160 7161 7162 7163 7164 7165 7166 7167 7168 7169 7170 7171 7172 7173 7174 7192 7193 7194 7195 7196 7197 7198 7199 7200 7201 7202 7203 7204 7205 7217 7218 7219 7220 7221 7222 7223 7224 7225 7226 7227 7228 7229 7230 7231 7232 7233 7234 7235 7236 7263 7264 7265 7266 7267 7278 7279 7280 7281 7282 7283 7284 7285 7286 7287 7288 7289 7290 7291 7292 7293 7294 7295 7296 7297 7298 7311 7312 7313 7314 7315 7316 7317 7318 7319 7320 7321 7322 7323 7324 7325 7326 7327 7328 7329 7345 7346 7347 7348 7349 7350 7351 7352 7353 7354 7355 7356 7357 7358 7359 7360 7370 7371 7372 7373 7374 7375 7376 7377 7378 7379 7380 7381 7382 7383 7384 7385 7386 7387 7388 7389 7390 7391 7416 7417 7418 7419 7420 7421 7422 7450 7451 7452 7453 7474 7475 7476 7477 7478 7479 7480 7481 7482 7483 7484 7499 7500 7501 7502 7503 7504 7505 7506 7507 7508 7509 7510 7511 7512 7513 7514 7515 7539 7540 7541 7542 7543 7544 7545 7546 7577 7589 7590 7591 7592 7593 7594 7595 7596 7597 7598 7599 7600 7601 7602 7603 7604 7605 7606 7607 7608 7658 7659 7660 7661 7662 7663 7664 7665 7666 7667 7668 7669 7670 7699 7700 7701 7715 7716 7717 7718 7719 7720 7721 7722 7723 7724 7725 7726 7727 7728 7729 7730 7731 7732 7739 7740 7741 7742 7743 7744 7745 7746 7747 7748 7749 7750 7751 7752 7753 7754 7755 7756 7757 7758 7759 7760 7761 7762 7763 7794 7847 7848 7849 7850 7851 7852 7853 7854 7855 7856 7876 7877 7878 7879 7880 7881 7882 7883 7884 7885 7886 7887 7895 7896 7897 7898 7899 7900 7901 7902 7903 7904 7905 7906 7907 7908 7909 7910 7911 7912 7913 7914 7915 7916 7917 7918 7935 7936 7937 7938 7939 7940 7941 7942 7943 7944 7945 7946 7947 7948 7949 7972 7973 7974 7975 7976 7977 7978 7979 7980 8010 8011 8016 8074 8160 8193 8228 8244 8271 8310 8360 8427 8479 8506 8542 8579 8588 8629 8649 8689 8717 8742 8850 8888 8923 8947 9017 9047 9073 9081 9083 9084 9114 9138 9139 9140 9141 9142 9143 9144 9145 9176 9197 9198 9199 9200 9201 9202 9203 9204 9205 9206 9207 9220 9221 9222 9223 9224 9225 9226 9227 9228 9229 9230 9231 9232 9233 9234 9235 9236 9237 9238 9269 9276 9277 9278 9279 9280 9281 9282 9283 9284 9285 9286 9287 9288 9289 9290 9291 9292 9293 9294 9295 9296 9297 9298 9299 9300 9319 9320 9321 9322 9323 9324 9325 9326 9327 9328 9329 9330 9331 9348 9349 9350 9351 9352 9353 9354 9355 9356 9357 9358 9359 9360 9361 9362 9393 9413 9414 9415 9416 9417 9418 9419 9420 9421 9422 9423 9424 9455 9461 9462 9463 9464 9465 9466 9467 9468 9469 9470 9471 9472 9473 9474 9475 9476 9477 9478 9479 9480 9481 9482 9483 9484 9485 9486 9496 9497 9498 9499 9500 9501 9502 9503 9504 9505 9506 9507 9508 9509 9510 9511 9512 9513 9514 9515 9516 9517 9532 9533 9534 9535 9536 9537 9538 9539 9540 9541 9542 9543 9544 9545 9546 9547 9548 9556 9557 9558 9559 9560 9561 9562 9563 9564 9565 9566 9567 9568 9569 9570 9571 9572 9573 9574 9575 9576 9577 9578 9579 9582 9583 9584 9585 9586 9587 9588 9589 9590 9591 9592 9593 9594 9595 9596 9597 9598 9599 9600 9601 9602 9603 9604 9605 9606 9607 9608 9609 9610 9628 9629 9630 9631 9632 9633 9634 9635 9636 9637 9638 9639 9640 9641 9643 9644 9645 9646 9647 9648 9649 9650 9651 9652 9653 9654 9655 9656 9657 9658 9659 9660 9661 9662 9663 9664 9665 9666 9667 9668 9669 9670 9671 9672 9684 9685 9686 9687 9688 9689 9690 9691 9692 9693 9694 9695 9696 9697 9698 9699 9700 9701 9702 9703 9708 9709 9710 9711 9712 9713 9714 9715 9716 9717 9718 9719 9720 9721 9722 9723 9724 9725 9726 9727 9728 9729 9730 9731 9732 9733 9734 9750 9751 9752 9753 9754 9755 9756 9757 9758 9759 9760 9761 9762 9763 9764 9765 9788 9789 9790 9791 9792 9793 9794 9795 9796 9827 9867 9868 9869 9870 9871 9872 9873 9874 9875 9876 9877 9878 9879 9880 9881 9882 9883 9884 9885 9886 9887 9888 9889 9900 9901 9902 9903 9904 9905 9906 9907 9908 9909 9910 9911 9912 9913 9914 9915 9916 9917 9918 9919 9920 9942 9943 9944 9945 9946 9947 9948 9949 9950 9951 9965 9966 9967 9968 9969 9970 9971 9972 9973 9974 9975 9976 9977 9978 9979 9980 9981 9982 10013 10017 10018 10019 10020 10021 10022 10023 10024 10025 10026 10027 10028 10029 10030 10031 10032 10033 10034 10035 10036 10037 10038 10039 10040 10041 10042 10043 10044 10066 10088 10113 10162 10223 10238 10299 10428 10466 10517 10552 10567 10641 10707 10762 10807 10838 10848 10891 10921 10957 10996 11069 11119 11121 11125 11127 11129 11158 11159 11170 11171 11172 11173 11174 11175 11176 11177 11178 11179 11180 11181 11182 11183 11184 11185 11186 11187 11188 11189 11190 11203 11204 11205 11206 11207 11208 11209 11210 11211 11212 11213 11214 11215 11216 11217 11218 11219 11220 11221 11274 11275 11276 11277 11278 11279 11280 11281 11282 11283 11295 11296 11297 11298 11299 11300 11301 11302 11303 11304 11305 11306 11307 11308 11309 11310 11311 11312 11313 11314 11498 11499 11500 11531 11557 11558 11559 11560 11561 11562 11580 11581 11582 11583 11584 11585 11586 11587 11588 11589 11590 11591 11592 11593 11621 11622 11623 11624 11641 11642 11643 11644 11645 11646 11647 11648 11649 11650 11651 11652 11653 11654 11655 11671 11672 11673 11674 11675 11676 11677 11678 11679 11680 11681 11682 11683 11684 11685 11686 11694 11695 11696 11697 11698 11699 11700 11701 11702 11703 11704 11705 11706 11707 11708 11709 11710 11711 11712 11713 11714 11715 11716 11717 11740 11741 11742 11743 11744 11745 11746 11747 11748 11765 11766 11767 11768 11769 11770 11771 11772 11773 11774 11775 11776 11777 11778 11779 11796 11797 11798 11799 11800 11801 11802 11803 11804 11805 11806 11807 11808 11809 11810 11824 11825 11826 11827 11828 11829 11830 11831 11832 11833 11834 11835 11836 11837 11838 11839 11840 11841 11865 11866 11867 11868 11869 11870 11871 11872 11893 11894 11895 11896 11897 11898 11899 11900 11901 11902 11903 11930 11931 11932 11933 11934 11959 11960 11961 11962 11963 11964 11965 11980 11981 11982 11983 11984 11985 11986 11987 11988 11989 11990 11991 11992 11993 11994 11995 11996 12016 12017 12018 12019 12020 12021 12022 12023 12024 12025 12026 12027 12075 12076 12077 12078 12079 12080 12081 12082 12083 12084 12085 12086 12087 12088 12089 12091
c _______________________________________________________________________________
c 
c restarts               : 17292208
c conflicts              : 175            (3 /sec)
c decisions              : 2398           (0.00 % random) (42 /sec)
c propagations           : 584927         (10362 /sec)
c conflict literals      : 585            (4.88 % deleted)
c =======================[ UWrMaxSat resources usage ]===========================
c Memory used            : 34.00 MB
c CPU time               : 56.4504 s
c _______________________________________________________________________________
c SATISFIABLE

c Using COMiniSatPS SAT solver by Chanseok Oh (2016)
[UWrMaxSAT] meta file: p4_A-n32-k5_r34v6k3.meta
[UWrMaxSAT] meta loaded OK.
[UWrMaxSAT] Loaded 2948 assumption literals from p4_A-n32-k5_r33v6k3.wcnf.asm
c Parsing MaxSAT file...
c Start timer (tic-tac ...)
c c Found solution: 1294529
c ============================[  Problem Statistics ]============================
c |  Number of variables:          6816                                         |
c |  Number of clauses:           40716 (incl.         1215 soft in queue)      |
c ===============================================================================
c [UWrMaxSAT] Timeout reached inside slice loop. Stopping.
c *** Interrupted ***
c [1mSATISFIABLE: Best solution found: 1294529[0m
v 7 148 205 317 353 405 442 458 492 608 635 659 687 830 846 901 944 1014 1131 1172 1229 1266 1341 1352 1429 1466 1482 1511 1590 1659 1696 1711 1840 1870 1925 2020 2050 2052 2054 2056 2070 2071 2072 2073 2074 2075 2076 2077 2078 2079 2080 2081 2082 2083 2084 2085 2086 2088 2089 2090 2091 2092 2093 2094 2095 2096 2097 2098 2099 2100 2101 2102 2103 2104 2105 2106 2107 2108 2109 2110 2111 2112 2113 2114 2115 2116 2117 2119 2120 2121 2122 2123 2124 2125 2126 2127 2128 2129 2130 2131 2132 2133 2134 2135 2136 2137 2138 2139 2140 2141 2142 2143 2144 2145 2146 2147 2148 2151 2152 2153 2154 2155 2156 2157 2158 2159 2160 2161 2162 2163 2164 2165 2166 2167 2168 2169 2170 2171 2172 2173 2174 2175 2176 2177 2178 2179 2186 2187 2188 2189 2190 2191 2192 2193 2194 2195 2196 2197 2198 2199 2200 2201 2202 2203 2204 2205 2206 2207 2208 2209 2210 2213 2214 2215 2216 2217 2218 2219 2220 2221 2222 2223 2224 2225 2226 2227 2228 2229 2230 2231 2232 2233 2234 2235 2236 2237 2238 2239 2240 2241 2265 2266 2267 2268 2269 2270 2271 2272 2275 2276 2277 2278 2279 2280 2281 2282 2283 2284 2285 2286 2287 2288 2289 2290 2291 2292 2293 2294 2295 2296 2297 2298 2299 2300 2301 2302 2303 2307 2308 2309 2310 2311 2312 2313 2314 2315 2316 2317 2318 2319 2320 2321 2322 2323 2324 2325 2326 2327 2328 2329 2330 2331 2332 2333 2334 2339 2340 2341 2342 2343 2344 2345 2346 2347 2348 2349 2350 2351 2352 2353 2354 2355 2356 2357 2358 2359 2360 2361 2362 2363 2364 2365 2367 2368 2369 2370 2371 2372 2373 2374 2375 2376 2377 2378 2379 2380 2381 2382 2383 2384 2385 2386 2387 2388 2389 2390 2391 2392 2393 2394 2395 2396 2410 2411 2412 2413 2414 2415 2416 2417 2418 2419 2420 2421 2422 2423 2424 2425 2426 2427 2452 2453 2454 2455 2456 2457 2458 2468 2469 2470 2471 2472 2473 2474 2475 2476 2477 2478 2479 2480 2481 2482 2483 2484 2485 2486 2487 2488 2489 2493 2494 2495 2496 2497 2498 2499 2500 2501 2502 2503 2504 2505 2506 2507 2508 2509 2510 2511 2512 2513 2514 2515 2516 2517 2518 2519 2520 2533 2534 2535 2536 2537 2538 2539 2540 2541 2542 2543 2544 2545 2546 2547 2548 2549 2550 2551 2554 2555 2556 2557 2558 2559 2560 2561 2562 2563 2564 2565 2566 2567 2568 2569 2570 2571 2572 2573 2574 2575 2576 2577 2578 2579 2580 2581 2582 2586 2587 2588 2589 2590 2591 2592 2593 2594 2595 2596 2597 2598 2599 2600 2601 2602 2603 2604 2605 2606 2607 2608 2609 2610 2611 2612 2613 2640 2641 2642 2643 2644 2652 2653 2654 2655 2656 2657 2658 2659 2660 2661 2662 2663 2664 2665 2666 2667 2668 2669 2670 2671 2672 2673 2674 2675 2701 2702 2703 2704 2705 2706 2709 2710 2711 2712 2713 2714 2715 2716 2717 2718 2719 2720 2721 2722 2723 2724 2725 2726 2727 2728 2729 2730 2731 2732 2733 2734 2735 2736 2737 2739 2740 2741 2742 2743 2744 2745 2746 2747 2748 2749 2750 2751 2752 2753 2754 2755 2756 2757 2758 2759 2760 2761 2762 2763 2764 2765 2766 2767 2768 2795 2796 2797 2798 2799 2816 2817 2818 2819 2820 2821 2822 2823 2824 2825 2826 2827 2828 2829 2830 2841 2842 2843 2844 2845 2846 2847 2848 2849 2850 2851 2852 2853 2854 2855 2856 2857 2858 2859 2860 2861 2870 2871 2872 2873 2874 2875 2876 2877 2878 2879 2880 2881 2882 2883 2884 2885 2886 2887 2888 2889 2890 2891 2892 2894 2895 2896 2897 2898 2899 2900 2901 2902 2903 2904 2905 2906 2907 2908 2909 2910 2911 2912 2913 2914 2915 2916 2917 2918 2919 2920 2921 2922 2923 2929 2930 2931 2932 2933 2934 2935 2936 2937 2938 2939 2940 2941 2942 2943 2944 2945 2946 2947 2948 2949 2950 2951 2952 2953 2954 2966 2967 2968 2969 2970 2971 2972 2973 2974 2975 2976 2977 2978 2979 2980 2981 2982 2983 2984 2985 2987 2988 2989 2990 2991 2992 2993 2994 2995 2996 2997 2998 2999 3000 3001 3002 3003 3004 3005 3006 3007 3008 3009 3010 3011 3012 3013 3014 3015 3016 3031 3032 3033 3034 3035 3036 3037 3038 3039 3040 3041 3042 3043 3044 3045 3046 3047 3050 3051 3052 3053 3054 3055 3056 3057 3058 3059 3060 3061 3062 3063 3064 3065 3066 3067 3068 3069 3070 3071 3072 3073 3074 3075 3076 3077 3078 3080 3081 3082 3083 3084 3085 3086 3087 3088 3089 3090 3091 3092 3093 3094 3095 3096 3097 3098 3099 3100 3101 3102 3103 3104 3105 3106 3107 3108 3109 3111 3112 3113 3114 3115 3116 3117 3118 3119 3120 3121 3122 3123 3124 3125 3126 3127 3128 3129 3130 3131 3132 3133 3134 3135 3136 3137 3138 3139 3140 3156 3157 3158 3159 3160 3161 3162 3163 3164 3165 3166 3167 3168 3169 3170 3171 3175 3176 3177 3178 3179 3180 3181 3182 3183 3184 3185 3186 3187 3188 3189 3190 3191 3192 3193 3194 3195 3196 3197 3198 3199 3200 3201 3202 3232 3233 3237 3238 3239 3240 3241 3242 3243 3244 3245 3246 3247 3248 3249 3250 3251 3252 3253 3254 3255 3256 3257 3258 3259 3260 3261 3262 3263 3264 3309 3310 3311 3312 3313 3314 3315 3316 3317 3318 3319 3320 3321 3322 3323 3324 3325 3326 3329 3330 3331 3332 3333 3334 3335 3336 3337 3338 3339 3340 3341 3342 3343 3344 3345 3346 3347 3348 3349 3350 3351 3352 3353 3354 3355 3356 3357 3373 3374 3375 3376 3377 3378 3379 3380 3381 3382 3383 3384 3385 3386 3387 3388 3419 3446 3447 3448 3449 3450 3463 3464 3465 3466 3467 3468 3469 3470 3471 3472 3473 3474 3475 3476 3477 3478 3479 3480 3481 3510 3511 3512 3517 3518 3519 3520 3521 3522 3523 3524 3525 3526 3527 3528 3529 3530 3531 3532 3533 3534 3535 3536 3537 3538 3539 3540 3541 3542 3543 3554 3555 3556 3557 3558 3559 3560 3561 3562 3563 3564 3565 3566 3567 3568 3569 3570 3571 3572 3573 3574 3578 3579 3580 3581 3582 3583 3584 3585 3586 3587 3588 3589 3590 3591 3592 3593 3594 3595 3596 3597 3598 3599 3600 3601 3602 3603 3604 3605 3622 3623 3624 3625 3626 3627 3628 3629 3630 3631 3632 3633 3634 3635 3636 3679 3680 3681 3682 3683 3684 3685 3686 3687 3688 3689 3690 3691 3692 3693 3694 3695 3696 3697 3698 3700 3701 3702 3703 3704 3705 3706 3707 3708 3709 3710 3711 3712 3713 3714 3715 3716 3717 3718 3719 3720 3721 3722 3723 3724 3725 3726 3727 3728 3729 3760 3819 3820 3821 3822 3848 3849 3850 3851 3852 3853 3856 3857 3858 3859 3860 3861 3862 3863 3864 3865 3866 3867 3868 3869 3870 3871 3872 3873 3874 3875 3876 3877 3878 3879 3880 3881 3882 3883 3884 3899 3900 3901 3902 3903 3904 3905 3906 3907 3908 3909 3910 3911 3912 3913 3914 3915 3946 3948 3949 3950 3951 3952 3953 3954 3955 3956 3957 3958 3959 3960 3961 3962 3963 3964 3965 3966 3967 3968 3969 3970 3971 3972 3973 3974 3975 3976 3977 3979 4008 4116 4145 4185 4227 4266 4295 4316 4383 4435 4462 4502 4535 4544 4585 4605 4645 4673 4728 4770 4806 4844 4879 4946 4973 5003 5022 5023 5024 5035 5036 5037 5038 5039 5040 5041 5042 5043 5044 5045 5046 5047 5048 5049 5050 5051 5052 5053 5054 5055 5056 5057 5065 5066 5067 5068 5069 5070 5071 5072 5073 5074 5075 5076 5077 5078 5079 5080 5081 5082 5083 5084 5085 5086 5087 5088 5095 5096 5097 5098 5099 5100 5101 5102 5103 5104 5105 5106 5107 5108 5109 5110 5111 5112 5113 5114 5115 5116 5117 5118 5119 5148 5149 5150 5166 5167 5168 5169 5170 5171 5172 5173 5174 5175 5176 5177 5178 5179 5180 5181 5189 5190 5191 5192 5193 5194 5195 5196 5197 5198 5199 5200 5201 5202 5203 5204 5205 5206 5207 5208 5209 5210 5211 5212 5220 5221 5222 5223 5224 5225 5226 5227 5228 5229 5230 5231 5232 5233 5234 5235 5236 5237 5238 5239 5240 5241 5242 5243 5270 5271 5272 5273 5274 5299 5300 5301 5302 5303 5304 5305 5327 5328 5329 5330 5331 5332 5333 5334 5335 5336 5364 5365 5366 5367 5398 5405 5406 5407 5408 5409 5410 5411 5412 5413 5414 5415 5416 5417 5418 5419 5420 5421 5422 5423 5424 5425 5426 5427 5428 5429 5442 5443 5444 5445 5446 5447 5448 5449 5450 5451 5452 5453 5454 5455 5456 5457 5458 5459 5460 5483 5484 5485 5486 5487 5488 5489 5490 5491 5501 5502 5503 5504 5505 5506 5507 5508 5509 5510 5511 5512 5513 5514 5515 5516 5517 5518 5519 5520 5521 5522 5526 5527 5528 5529 5530 5531 5532 5533 5534 5535 5536 5537 5538 5539 5540 5541 5542 5543 5544 5545 5546 5547 5548 5549 5550 5551 5552 5553 5579 5580 5581 5582 5583 5584 5587 5588 5589 5590 5591 5592 5593 5594 5595 5596 5597 5598 5599 5600 5601 5602 5603 5604 5605 5606 5607 5608 5609 5610 5611 5612 5613 5614 5615 5630 5631 5632 5633 5634 5635 5636 5637 5638 5639 5640 5641 5642 5643 5644 5645 5646 5652 5653 5654 5655 5656 5657 5658 5659 5660 5661 5662 5663 5664 5665 5666 5667 5668 5669 5670 5671 5672 5673 5674 5675 5676 5677 5701 5702 5703 5704 5705 5706 5707 5708 5739 5770 5791 5792 5793 5794 5795 5796 5797 5798 5799 5800 5801 5813 5814 5815 5816 5817 5818 5819 5820 5821 5822 5823 5824 5825 5826 5827 5828 5829 5830 5831 5832 5846 5847 5848 5849 5850 5851 5852 5853 5854 5855 5856 5857 5858 5859 5860 5861 5862 5863 5893 5894 5925 5936 5937 5938 5939 5940 5941 5942 5943 5944 5945 5946 5947 5948 5949 5950 5951 5952 5953 5954 5955 5956 5961 5962 5963 5964 5965 5966 5967 5968 5969 5970 5971 5972 5973 5974 5975 5976 5977 5978 5979 5980 5981 5982 5983 5984 5985 5986 5987 5991 5999 6001 6006 6016 6116 6157 6214 6251 6287 6326 6337 6362 6414 6451 6467 6501 6540 6562 6617 6644 6680 6696 6741 6839 6855 6877 6910 6953 6986 7024 7042 7043 7044 7047 7051 7076 7077 7078 7079 7080 7081 7087 7088 7089 7090 7091 7092 7093 7094 7095 7096 7097 7098 7099 7100 7101 7102 7103 7104 7105 7106 7107 7108 7109 7110 7111 7112 7118 7119 7120 7121 7122 7123 7124 7125 7126 7127 7128 7129 7130 7131 7132 7133 7134 7135 7136 7137 7138 7139 7140 7141 7142 7143 7152 7153 7154 7155 7156 7157 7158 7159 7160 7161 7162 7163 7164 7165 7166 7167 7168 7169 7170 7171 7172 7173 7174 7192 7193 7194 7195 7196 7197 7198 7199 7200 7201 7202 7203 7204 7205 7217 7218 7219 7220 7221 7222 7223 7224 7225 7226 7227 7228 7229 7230 7231 7232 7233 7234 7235 7236 7263 7264 7265 7266 7267 7278 7279 7280 7281 7282 7283 7284 7285 7286 7287 7288 7289 7290 7291 7292 7293 7294 7295 7296 7297 7298 7311 7312 7313 7314 7315 7316 7317 7318 7319 7320 7321 7322 7323 7324 7325 7326 7327 7328 7329 7345 7346 7347 7348 7349 7350 7351 7352 7353 7354 7355 7356 7357 7358 7359 7360 7370 7371 7372 7373 7374 7375 7376 7377 7378 7379 7380 7381 7382 7383 7384 7385 7386 7387 7388 7389 7390 7391 7416 7417 7418 7419 7420 7421 7422 7450 7451 7452 7453 7474 7475 7476 7477 7478 7479 7480 7481 7482 7483 7484 7499 7500 7501 7502 7503 7504 7505 7506 7507 7508 7509 7510 7511 7512 7513 7514 7515 7539 7540 7541 7542 7543 7544 7545 7546 7577 7589 7590 7591 7592 7593 7594 7595 7596 7597 7598 7599 7600 7601 7602 7603 7604 7605 7606 7607 7608 7658 7659 7660 7661 7662 7663 7664 7665 7666 7667 7668 7669 7670 7699 7700 7701 7715 7716 7717 7718 7719 7720 7721 7722 7723 7724 7725 7726 7727 7728 7729 7730 7731 7732 7739 7740 7741 7742 7743 7744 7745 7746 7747 7748 7749 7750 7751 7752 7753 7754 7755 7756 7757 7758 7759 7760 7761 7762 7763 7794 7847 7848 7849 7850 7851 7852 7853 7854 7855 7856 7876 7877 7878 7879 7880 7881 7882 7883 7884 7885 7886 7887 7895 7896 7897 7898 7899 7900 7901 7902 7903 7904 7905 7906 7907 7908 7909 7910 7911 7912 7913 7914 7915 7916 7917 7918 7935 7936 7937 7938 7939 7940 7941 7942 7943 7944 7945 7946 7947 7948 7949 7972 7973 7974 7975 7976 7977 7978 7979 7980 8010 8011 8016 8074 8160 8193 8228 8244 8271 8310 8360 8427 8479 8506 8542 8579 8588 8629 8649 8689 8717 8742 8850 8888 8923 8947 9017 9047 9073 9081 9083 9084 9114 9138 9139 9140 9141 9142 9143 9144 9145 9176 9197 9198 9199 9200 9201 9202 9203 9204 9205 9206 9207 9220 9221 9222 9223 9224 9225 9226 9227 9228 9229 9230 9231 9232 9233 9234 9235 9236 9237 9238 9269 9276 9277 9278 9279 9280 9281 9282 9283 9284 9285 9286 9287 9288 9289 9290 9291 9292 9293 9294 9295 9296 9297 9298 9299 9300 9319 9320 9321 9322 9323 9324 9325 9326 9327 9328 9329 9330 9331 9348 9349 9350 9351 9352 9353 9354 9355 9356 9357 9358 9359 9360 9361 9362 9393 9413 9414 9415 9416 9417 9418 9419 9420 9421 9422 9423 9424 9455 9461 9462 9463 9464 9465 9466 9467 9468 9469 9470 9471 9472 9473 9474 9475 9476 9477 9478 9479 9480 9481 9482 9483 9484 9485 9486 9496 9497 9498 9499 9500 9501 9502 9503 9504 9505 9506 9507 9508 9509 9510 9511 9512 9513 9514 9515 9516 9517 9532 9533 9534 9535 9536 9537 9538 9539 9540 9541 9542 9543 9544 9545 9546 9547 9548 9556 9557 9558 9559 9560 9561 9562 9563 9564 9565 9566 9567 9568 9569 9570 9571 9572 9573 9574 9575 9576 9577 9578 9579 9582 9583 9584 9585 9586 9587 9588 9589 9590 9591 9592 9593 9594 9595 9596 9597 9598 9599 9600 9601 9602 9603 9604 9605 9606 9607 9608 9609 9610 9628 9629 9630 9631 9632 9633 9634 9635 9636 9637 9638 9639 9640 9641 9643 9644 9645 9646 9647 9648 9649 9650 9651 9652 9653 9654 9655 9656 9657 9658 9659 9660 9661 9662 9663 9664 9665 9666 9667 9668 9669 9670 9671 9672 9684 9685 9686 9687 9688 9689 9690 9691 9692 9693 9694 9695 9696 9697 9698 9699 9700 9701 9702 9703 9708 9709 9710 9711 9712 9713 9714 9715 9716 9717 9718 9719 9720 9721 9722 9723 9724 9725 9726 9727 9728 9729 9730 9731 9732 9733 9734 9750 9751 9752 9753 9754 9755 9756 9757 9758 9759 9760 9761 9762 9763 9764 9765 9788 9789 9790 9791 9792 9793 9794 9795 9796 9827 9867 9868 9869 9870 9871 9872 9873 9874 9875 9876 9877 9878 9879 9880 9881 9882 9883 9884 9885 9886 9887 9888 9889 9900 9901 9902 9903 9904 9905 9906 9907 9908 9909 9910 9911 9912 9913 9914 9915 9916 9917 9918 9919 9920 9942 9943 9944 9945 9946 9947 9948 9949 9950 9951 9965 9966 9967 9968 9969 9970 9971 9972 9973 9974 9975 9976 9977 9978 9979 9980 9981 9982 10013 10017 10018 10019 10020 10021 10022 10023 10024 10025 10026 10027 10028 10029 10030 10031 10032 10033 10034 10035 10036 10037 10038 10039 10040 10041 10042 10043 10044 10066 10088 10113 10162 10223 10238 10299 10428 10466 10517 10552 10567 10641 10707 10762 10807 10838 10848 10891 10921 10957 10996 11069 11119 11121 11125 11127 11129 11158 11159 11170 11171 11172 11173 11174 11175 11176 11177 11178 11179 11180 11181 11182 11183 11184 11185 11186 11187 11188 11189 11190 11203 11204 11205 11206 11207 11208 11209 11210 11211 11212 11213 11214 11215 11216 11217 11218 11219 11220 11221 11274 11275 11276 11277 11278 11279 11280 11281 11282 11283 11295 11296 11297 11298 11299 11300 11301 11302 11303 11304 11305 11306 11307 11308 11309 11310 11311 11312 11313 11314 11498 11499 11500 11531 11557 11558 11559 11560 11561 11562 11580 11581 11582 11583 11584 11585 11586 11587 11588 11589 11590 11591 11592 11593 11621 11622 11623 11624 11641 11642 11643 11644 11645 11646 11647 11648 11649 11650 11651 11652 11653 11654 11655 11671 11672 11673 11674 11675 11676 11677 11678 11679 11680 11681 11682 11683 11684 11685 11686 11694 11695 11696 11697 11698 11699 11700 11701 11702 11703 11704 11705 11706 11707 11708 11709 11710 11711 11712 11713 11714 11715 11716 11717 11740 11741 11742 11743 11744 11745 11746 11747 11748 11765 11766 11767 11768 11769 11770 11771 11772 11773 11774 11775 11776 11777 11778 11779 11796 11797 11798 11799 11800 11801 11802 11803 11804 11805 11806 11807 11808 11809 11810 11824 11825 11826 11827 11828 11829 11830 11831 11832 11833 11834 11835 11836 11837 11838 11839 11840 11841 11865 11866 11867 11868 11869 11870 11871 11872 11893 11894 11895 11896 11897 11898 11899 11900 11901 11902 11903 11930 11931 11932 11933 11934 11959 11960 11961 11962 11963 11964 11965 11980 11981 11982 11983 11984 11985 11986 11987 11988 11989 11990 11991 11992 11993 11994 11995 11996 12016 12017 12018 12019 12020 12021 12022 12023 12024 12025 12026 12027 12075 12076 12077 12078 12079 12080 12081 12082 12083 12084 12085 12086 12087 12088 12089 12091
c _______________________________________________________________________________
c 
c restarts               : 17507664
c conflicts              : 206            (4 /sec)
c decisions              : 2918           (0.00 % random) (51 /sec)
c propagations           : 743777         (12884 /sec)
c conflict literals      : 512            (4.83 % deleted)
c =======================[ UWrMaxSat resources usage ]===========================
c Memory used            : 34.00 MB
c CPU time               : 57.7271 s
c _______________________________________________________________________________
c SATISFIABLE

c Using COMiniSatPS SAT solver by Chanseok Oh (2016)
[UWrMaxSAT] meta file: p4_A-n32-k5_r35v6k3.meta
[UWrMaxSAT] meta loaded OK.
[UWrMaxSAT] Loaded 2948 assumption literals from p4_A-n32-k5_r34v6k3.wcnf.asm
c Parsing MaxSAT file...
c Start timer (tic-tac ...)
c c Found solution: 1327319
c ============================[  Problem Statistics ]============================
c |  Number of variables:          6822                                         |
c |  Number of clauses:           40938 (incl.         1221 soft in queue)      |
c ===============================================================================
c [Elapsed time] 0.05 s
c Found solution: 1321854
c [UWrMaxSAT] Timeout reached.
c [1mOptimal solution: 1321854[0m
c _______________________________________________________________________________
c 
c restarts               : 17115275
c conflicts              : 201            (4 /sec)
c decisions              : 3294           (0.00 % random) (58 /sec)
c propagations           : 769211         (13583 /sec)
c conflict literals      : 497            (5.15 % deleted)
c =======================[ UWrMaxSat resources usage ]===========================
c Memory used            : 34.00 MB
c CPU time               : 56.6291 s
c _______________________________________________________________________________
o 1321854
s OPTIMUM FOUND
v 7 148 205 317 353 405 442 458 492 608 635 659 687 830 846 901 944 1014 1131 1172 1229 1266 1341 1352 1429 1466 1482 1511 1590 1659 1696 1711 1840 1870 1925 2020 2050 2052 2054 2056 2070 2071 2072 2073 2074 2075 2076 2077 2078 2079 2080 2081 2082 2083 2084 2085 2086 2088 2089 2090 2091 2092 2093 2094 2095 2096 2097 2098 2099 2100 2101 2102 2103 2104 2105 2106 2107 2108 2109 2110 2111 2112 2113 2114 2115 2116 2117 2119 2120 2121 2122 2123 2124 2125 2126 2127 2128 2129 2130 2131 2132 2133 2134 2135 2136 2137 2138 2139 2140 2141 2142 2143 2144 2145 2146 2147 2148 2150 2151 2152 2153 2154 2155 2156 2157 2158 2159 2160 2161 2162 2163 2164 2165 2166 2167 2168 2169 2170 2171 2172 2173 2174 2175 2176 2177 2178 2179 2186 2187 2188 2189 2190 2191 2192 2193 2194 2195 2196 2197 2198 2199 2200 2201 2202 2203 2204 2205 2206 2207 2208 2209 2210 2213 2214 2215 2216 2217 2218 2219 2220 2221 2222 2223 2224 2225 2226 2227 2228 2229 2230 2231 2232 2233 2234 2235 2236 2237 2238 2239 2240 2241 2265 2266 2267 2268 2269 2270 2271 2272 2275 2276 2277 2278 2279 2280 2281 2282 2283 2284 2285 2286 2287 2288 2289 2290 2291 2292 2293 2294 2295 2296 2297 2298 2299 2300 2301 2302 2303 2307 2308 2309 2310 2311 2312 2313 2314 2315 2316 2317 2318 2319 2320 2321 2322 2323 2324 2325 2326 2327 2328 2329 2330 2331 2332 2333 2334 2339 2340 2341 2342 2343 2344 2345 2346 2347 2348 2349 2350 2351 2352 2353 2354 2355 2356 2357 2358 2359 2360 2361 2362 2363 2364 2365 2367 2368 2369 2370 2371 2372 2373 2374 2375 2376 2377 2378 2379 2380 2381 2382 2383 2384 2385 2386 2387 2388 2389 2390 2391 2392 2393 2394 2395 2396 2410 2411 2412 2413 2414 2415 2416 2417 2418 2419 2420 2421 2422 2423 2424 2425 2426 2427 2452 2453 2454 2455 2456 2457 2458 2468 2469 2470 2471 2472 2473 2474 2475 2476 2477 2478 2479 2480 2481 2482 2483 2484 2485 2486 2487 2488 2489 2493 2494 2495 2496 2497 2498 2499 2500 2501 2502 2503 2504 2505 2506 2507 2508 2509 2510 2511 2512 2513 2514 2515 2516 2517 2518 2519 2520 2533 2534 2535 2536 2537 2538 2539 2540 2541 2542 2543 2544 2545 2546 2547 2548 2549 2550 2551 2554 2555 2556 2557 2558 2559 2560 2561 2562 2563 2564 2565 2566 2567 2568 2569 2570 2571 2572 2573 2574 2575 2576 2577 2578 2579 2580 2581 2582 2585 2586 2587 2588 2589 2590 2591 2592 2593 2594 2595 2596 2597 2598 2599 2600 2601 2602 2603 2604 2605 2606 2607 2608 2609 2610 2611 2612 2613 2640 2641 2642 2643 2644 2652 2653 2654 2655 2656 2657 2658 2659 2660 2661 2662 2663 2664 2665 2666 2667 2668 2669 2670 2671 2672 2673 2674 2675 2701 2702 2703 2704 2705 2706 2709 2710 2711 2712 2713 2714 2715 2716 2717 2718 2719 2720 2721 2722 2723 2724 2725 2726 2727 2728 2729 2730 2731 2732 2733 2734 2735 2736 2737 2739 2740 2741 2742 2743 2744 2745 2746 2747 2748 2749 2750 2751 2752 2753 2754 2755 2756 2757 2758 2759 2760 2761 2762 2763 2764 2765 2766 2767 2768 2795 2796 2797 2798 2799 2816 2817 2818 2819 2820 2821 2822 2823 2824 2825 2826 2827 2828 2829 2830 2841 2842 2843 2844 2845 2846 2847 2848 2849 2850 2851 2852 2853 2854 2855 2856 2857 2858 2859 2860 2861 2870 2871 2872 2873 2874 2875 2876 2877 2878 2879 2880 2881 2882 2883 2884 2885 2886 2887 2888 2889 2890 2891 2892 2894 2895 2896 2897 2898 2899 2900 2901 2902 2903 2904 2905 2906 2907 2908 2909 2910 2911 2912 2913 2914 2915 2916 2917 2918 2919 2920 2921 2922 2923 2929 2930 2931 2932 2933 2934 2935 2936 2937 2938 2939 2940 2941 2942 2943 2944 2945 2946 2947 2948 2949 2950 2951 2952 2953 2954 2966 2967 2968 2969 2970 2971 2972 2973 2974 2975 2976 2977 2978 2979 2980 2981 2982 2983 2984 2985 2987 2988 2989 2990 2991 2992 2993 2994 2995 2996 2997 2998 2999 3000 3001 3002 3003 3004 3005 3006 3007 3008 3009 3010 3011 3012 3013 3014 3015 3016 3031 3032 3033 3034 3035 3036 3037 3038 3039 3040 3041 3042 3043 3044 3045 3046 3047 3050 3051 3052 3053 3054 3055 3056 3057 3058 3059 3060 3061 3062 3063 3064 3065 3066 3067 3068 3069 3070 3071 3072 3073 3074 3075 3076 3077 3078 3080 3081 3082 3083 3084 3085 3086 3087 3088 3089 3090 3091 3092 3093 3094 3095 3096 3097 3098 3099 3100 3101 3102 3103 3104 3105 3106 3107 3108 3109 3111 3112 3113 3114 3115 3116 3117 3118 3119 3120 3121 3122 3123 3124 3125 3126 3127 3128 3129 3130 3131 3132 3133 3134 3135 3136 3137 3138 3139 3140 3156 3157 3158 3159 3160 3161 3162 3163 3164 3165 3166 3167 3168 3169 3170 3171 3175 3176 3177 3178 3179 3180 3181 3182 3183 3184 3185 3186 3187 3188 3189 3190 3191 3192 3193 3194 3195 3196 3197 3198 3199 3200 3201 3202 3232 3233 3237 3238 3239 3240 3241 3242 3243 3244 3245 3246 3247 3248 3249 3250 3251 3252 3253 3254 3255 3256 3257 3258 3259 3260 3261 3262 3263 3264 3295 3309 3310 3311 3312 3313 3314 3315 3316 3317 3318 3319 3320 3321 3322 3323 3324 3325 3326 3329 3330 3331 3332 3333 3334 3335 3336 3337 3338 3339 3340 3341 3342 3343 3344 3345 3346 3347 3348 3349 3350 3351 3352 3353 3354 3355 3356 3357 3373 3374 3375 3376 3377 3378 3379 3380 3381 3382 3383 3384 3385 3386 3387 3388 3419 3446 3447 3448 3449 3450 3463 3464 3465 3466 3467 3468 3469 3470 3471 3472 3473 3474 3475 3476 3477 3478 3479 3480 3481 3510 3511 3512 3517 3518 3519 3520 3521 3522 3523 3524 3525 3526 3527 3528 3529 3530 3531 3532 3533 3534 3535 3536 3537 3538 3539 3540 3541 3542 3543 3554 3555 3556 3557 3558 3559 3560 3561 3562 3563 3564 3565 3566 3567 3568 3569 3570 3571 3572 3573 3574 3578 3579 3580 3581 3582 3583 3584 3585 3586 3587 3588 3589 3590 3591 3592 3593 3594 3595 3596 3597 3598 3599 3600 3601 3602 3603 3604 3605 3622 3623 3624 3625 3626 3627 3628 3629 3630 3631 3632 3633 3634 3635 3636 3679 3680 3681 3682 3683 3684 3685 3686 3687 3688 3689 3690 3691 3692 3693 3694 3695 3696 3697 3698 3700 3701 3702 3703 3704 3705 3706 3707 3708 3709 3710 3711 3712 3713 3714 3715 3716 3717 3718 3719 3720 3721 3722 3723 3724 3725 3726 3727 3728 3729 3760 3819 3820 3821 3822 3848 3849 3850 3851 3852 3853 3856 3857 3858 3859 3860 3861 3862 3863 3864 3865 3866 3867 3868 3869 3870 3871 3872 3873 3874 3875 3876 3877 3878 3879 3880 3881 3882 3883 3884 3899 3900 3901 3902 3903 3904 3905 3906 3907 3908 3909 3910 3911 3912 3913 3914 3915 3946 3948 3949 3950 3951 3952 3953 3954 3955 3956 3957 3958 3959 3960 3961 3962 3963 3964 3965 3966 3967 3968 3969 3970 3971 3972 3973 3974 3975 3976 3977 3979 4008 4116 4145 4185 4227 4266 4295 4316 4383 4435 4462 4502 4535 4544 4585 4605 4645 4673 4728 4770 4806 4844 4879 4946 4973 5003 5022 5023 5024 5035 5036 5037 5038 5039 5040 5041 5042 5043 5044 5045 5046 5047 5048 5049 5050 5051 5052 5053 5054 5055 5056 5057 5065 5066 5067 5068 5069 5070 5071 5072 5073 5074 5075 5076 5077 5078 5079 5080 5081 5082 5083 5084 5085 5086 5087 5088 5095 5096 5097 5098 5099 5100 5101 5102 5103 5104 5105 5106 5107 5108 5109 5110 5111 5112 5113 5114 5115 5116 5117 5118 5119 5148 5149 5150 5166 5167 5168 5169 5170 5171 5172 5173 5174 5175 5176 5177 5178 5179 5180 5181 5189 5190 5191 5192 5193 5194 5195 5196 5197 5198 5199 5200 5201 5202 5203 5204 5205 5206 5207 5208 5209 5210 5211 5212 5220 5221 5222 5223 5224 5225 5226 5227 5228 5229 5230 5231 5232 5233 5234 5235 5236 5237 5238 5239 5240 5241 5242 5243 5270 5271 5272 5273 5274 5299 5300 5301 5302 5303 5304 5305 5327 5328 5329 5330 5331 5332 5333 5334 5335 5336 5364 5365 5366 5367 5398 5405 5406 5407 5408 5409 5410 5411 5412 5413 5414 5415 5416 5417 5418 5419 5420 5421 5422 5423 5424 5425 5426 5427 5428 5429 5442 5443 5444 5445 5446 5447 5448 5449 5450 5451 5452 5453 5454 5455 5456 5457 5458 5459 5460 5483 5484 5485 5486 5487 5488 5489 5490 5491 5501 5502 5503 5504 5505 5506 5507 5508 5509 5510 5511 5512 5513 5514 5515 5516 5517 5518 5519 5520 5521 5522 5526 5527 5528 5529 5530 5531 5532 5533 5534 5535 5536 5537 5538 5539 5540 5541 5542 5543 5544 5545 5546 5547 5548 5549 5550 5551 5552 5553 5579 5580 5581 5582 5583 5584 5587 5588 5589 5590 5591 5592 5593 5594 5595 5596 5597 5598 5599 5600 5601 5602 5603 5604 5605 5606 5607 5608 5609 5610 5611 5612 5613 5614 5615 5630 5631 5632 5633 5634 5635 5636 5637 5638 5639 5640 5641 5642 5643 5644 5645 5646 5652 5653 5654 5655 5656 5657 5658 5659 5660 5661 5662 5663 5664 5665 5666 5667 5668 5669 5670 5671 5672 5673 5674 5675 5676 5677 5701 5702 5703 5704 5705 5706 5707 5708 5739 5770 5791 5792 5793 5794 5795 5796 5797 5798 5799 5800 5801 5813 5814 5815 5816 5817 5818 5819 5820 5821 5822 5823 5824 5825 5826 5827 5828 5829 5830 5831 5832 5846 5847 5848 5849 5850 5851 5852 5853 5854 5855 5856 5857 5858 5859 5860 5861 5862 5863 5893 5894 5925 5936 5937 5938 5939 5940 5941 5942 5943 5944 5945 5946 5947 5948 5949 5950 5951 5952 5953 5954 5955 5956 5961 5962 5963 5964 5965 5966 5967 5968 5969 5970 5971 5972 5973 5974 5975 5976 5977 5978 5979 5980 5981 5982 5983 5984 5985 5986 5987 5991 5999 6001 6006 6016 6116 6157 6214 6251 6287 6326 6337 6362 6414 6451 6467 6501 6540 6562 6617 6644 6680 6696 6741 6839 6855 6877 6910 6953 6986 7024 7042 7043 7044 7047 7051 7076 7077 7078 7079 7080 7081 7085 7086 7087 7088 7089 7090 7091 7092 7093 7094 7095 7096 7097 7098 7099 7100 7101 7102 7103 7104 7105 7106 7107 7108 7109 7110 7111 7112 7117 7118 7119 7120 7121 7122 7123 7124 7125 7126 7127 7128 7129 7130 7131 7132 7133 7134 7135 7136 7137 7138 7139 7140 7141 7142 7143 7152 7153 7154 7155 7156 7157 7158 7159 7160 7161 7162 7163 7164 7165 7166 7167 7168 7169 7170 7171 7172 7173 7174 7192 7193 7194 7195 7196 7197 7198 7199 7200 7201 7202 7203 7204 7205 7217 7218 7219 7220 7221 7222 7223 7224 7225 7226 7227 7228 7229 7230 7231 7232 7233 7234 7235 7236 7263 7264 7265 7266 7267 7278 7279 7280 7281 7282 7283 7284 7285 7286 7287 7288 7289 7290 7291 7292 7293 7294 7295 7296 7297 7298 7311 7312 7313 7314 7315 7316 7317 7318 7319 7320 7321 7322 7323 7324 7325 7326 7327 7328 7329 7345 7346 7347 7348 7349 7350 7351 7352 7353 7354 7355 7356 7357 7358 7359 7360 7370 7371 7372 7373 7374 7375 7376 7377 7378 7379 7380 7381 7382 7383 7384 7385 7386 7387 7388 7389 7390 7391 7416 7417 7418 7419 7420 7421 7422 7450 7451 7452 7453 7474 7475 7476 7477 7478 7479 7480 7481 7482 7483 7484 7499 7500 7501 7502 7503 7504 7505 7506 7507 7508 7509 7510 7511 7512 7513 7514 7515 7539 7540 7541 7542 7543 7544 7545 7546 7577 7589 7590 7591 7592 7593 7594 7595 7596 7597 7598 7599 7600 7601 7602 7603 7604 7605 7606 7607 7608 7658 7659 7660 7661 7662 7663 7664 7665 7666 7667 7668 7669 7670 7699 7700 7701 7715 7716 7717 7718 7719 7720 7721 7722 7723 7724 7725 7726 7727 7728 7729 7730 7731 7732 7739 7740 7741 7742 7743 7744 7745 7746 7747 7748 7749 7750 7751 7752 7753 7754 7755 7756 7757 7758 7759 7760 7761 7762 7763 7794 7847 7848 7849 7850 7851 7852 7853 7854 7855 7856 7876 7877 7878 7879 7880 7881 7882 7883 7884 7885 7886 7887 7895 7896 7897 7898 7899 7900 7901 7902 7903 7904 7905 7906 7907 7908 7909 7910 7911 7912 7913 7914 7915 7916 7917 7918 7935 7936 7937 7938 7939 7940 7941 7942 7943 7944 7945 7946 7947 7948 7949 7972 7973 7974 7975 7976 7977 7978 7979 7980 8010 8011 8016 8074 8160 8193 8228 8244 8271 8310 8360 8427 8479 8506 8542 8579 8588 8629 8649 8689 8717 8742 8850 8888 8923 8947 9017 9047 9073 9081 9083 9084 9114 9138 9139 9140 9141 9142 9143 9144 9145 9176 9197 9198 9199 9200 9201 9202 9203 9204 9205 9206 9207 9220 9221 9222 9223 9224 9225 9226 9227 9228 9229 9230 9231 9232 9233 9234 9235 9236 9237 9238 9269 9276 9277 9278 9279 9280 9281 9282 9283 9284 9285 9286 9287 9288 9289 9290 9291 9292 9293 9294 9295 9296 9297 9298 9299 9300 9319 9320 9321 9322 9323 9324 9325 9326 9327 9328 9329 9330 9331 9348 9349 9350 9351 9352 9353 9354 9355 9356 9357 9358 9359 9360 9361 9362 9393 9413 9414 9415 9416 9417 9418 9419 9420 9421 9422 9423 9424 9455 9461 9462 9463 9464 9465 9466 9467 9468 9469 9470 9471 9472 9473 9474 9475 9476 9477 9478 9479 9480 9481 9482 9483 9484 9485 9486 9496 9497 9498 9499 9500 9501 9502 9503 9504 9505 9506 9507 9508 9509 9510 9511 9512 9513 9514 9515 9516 9517 9532 9533 9534 9535 9536 9537 9538 9539 9540 9541 9542 9543 9544 9545 9546 9547 9548 9556 9557 9558 9559 9560 9561 9562 9563 9564 9565 9566 9567 9568 9569 9570 9571 9572 9573 9574 9575 9576 9577 9578 9579 9582 9583 9584 9585 9586 9587 9588 9589 9590 9591 9592 9593 9594 9595 9596 9597 9598 9599 9600 9601 9602 9603 9604 9605 9606 9607 9608 9609 9610 9628 9629 9630 9631 9632 9633 9634 9635 9636 9637 9638 9639 9640 9641 9643 9644 9645 9646 9647 9648 9649 9650 9651 9652 9653 9654 9655 9656 9657 9658 9659 9660 9661 9662 9663 9664 9665 9666 9667 9668 9669 9670 9671 9672 9684 9685 9686 9687 9688 9689 9690 9691 9692 9693 9694 9695 9696 9697 9698 9699 9700 9701 9702 9703 9708 9709 9710 9711 9712 9713 9714 9715 9716 9717 9718 9719 9720 9721 9722 9723 9724 9725 9726 9727 9728 9729 9730 9731 9732 9733 9734 9750 9751 9752 9753 9754 9755 9756 9757 9758 9759 9760 9761 9762 9763 9764 9765 9788 9789 9790 9791 9792 9793 9794 9795 9796 9827 9867 9868 9869 9870 9871 9872 9873 9874 9875 9876 9877 9878 9879 9880 9881 9882 9883 9884 9885 9886 9887 9888 9889 9900 9901 9902 9903 9904 9905 9906 9907 9908 9909 9910 9911 9912 9913 9914 9915 9916 9917 9918 9919 9920 9942 9943 9944 9945 9946 9947 9948 9949 9950 9951 9965 9966 9967 9968 9969 9970 9971 9972 9973 9974 9975 9976 9977 9978 9979 9980 9981 9982 10013 10017 10018 10019 10020 10021 10022 10023 10024 10025 10026 10027 10028 10029 10030 10031 10032 10033 10034 10035 10036 10037 10038 10039 10040 10041 10042 10043 10044 10066 10088 10113 10162 10223 10238 10299 10428 10466 10517 10552 10567 10641 10707 10762 10807 10838 10848 10891 10921 10957 10996 11069 11119 11121 11125 11127 11129 11158 11159 11170 11171 11172 11173 11174 11175 11176 11177 11178 11179 11180 11181 11182 11183 11184 11185 11186 11187 11188 11189 11190 11203 11204 11205 11206 11207 11208 11209 11210 11211 11212 11213 11214 11215 11216 11217 11218 11219 11220 11221 11251 11252 11274 11275 11276 11277 11278 11279 11280 11281 11282 11283 11295 11296 11297 11298 11299 11300 11301 11302 11303 11304 11305 11306 11307 11308 11309 11310 11311 11312 11313 11314 11361 11362 11363 11364 11365 11366 11367 11368 11369 11370 11371 11372 11373 11374 11375 11376 11393 11394 11395 11396 11397 11398 11399 11400 11401 11402 11403 11404 11405 11406 11407 11438 11468 11469 11498 11499 11500 11531 11557 11558 11559 11560 11561 11562 11580 11581 11582 11583 11584 11585 11586 11587 11588 11589 11590 11591 11592 11593 11621 11622 11623 11624 11629 11630 11631 11632 11633 11634 11635 11636 11637 11638 11639 11640 11641 11642 11643 11644 11645 11646 11647 11648 11649 11650 11651 11652 11653 11654 11655 11671 11672 11673 11674 11675 11676 11677 11678 11679 11680 11681 11682 11683 11684 11685 11686 11692 11693 11694 11695 11696 11697 11698 11699 11700 11701 11702 11703 11704 11705 11706 11707 11708 11709 11710 11711 11712 11713 11714 11715 11716 11717 11740 11741 11742 11743 11744 11745 11746 11747 11748 11753 11754 11755 11756 11757 11758 11759 11760 11761 11762 11763 11764 11765 11766 11767 11768 11769 11770 11771 11772 11773 11774 11775 11776 11777 11778 11779 11796 11797 11798 11799 11800 11801 11802 11803 11804 11805 11806 11807 11808 11809 11810 11824 11825 11826 11827 11828 11829 11830 11831 11832 11833 11834 11835 11836 11837 11838 11839 11840 11841 11865 11866 11867 11868 11869 11870 11871 11872 11893 11894 11895 11896 11897 11898 11899 11900 11901 11902 11903 11930 11931 11932 11933 11934 11959 11960 11961 11962 11963 11964 11965 11980 11981 11982 11983 11984 11985 11986 11987 11988 11989 11990 11991 11992 11993 11994 11995 11996 12016 12017 12018 12019 12020 12021 12022 12023 12024 12025 12026 12027 12058 12064 12065 12066 12067 12068 12069 12070 12071 12072 12073 12074 12075 12076 12077 12078 12079 12080 12081 12082 12083 12084 12085 12086 12087 12088 12089 12091 12119
c Using COMiniSatPS SAT solver by Chanseok Oh (2016)
[UWrMaxSAT] meta file: p4_A-n32-k5_r36v6k3.meta
[UWrMaxSAT] meta loaded OK.
[UWrMaxSAT] Loaded 3029 assumption literals from p4_A-n32-k5_r35v6k3.wcnf.asm
c Parsing MaxSAT file...
c Start timer (tic-tac ...)
c c Found solution: 1363674
c ============================[  Problem Statistics ]============================
c |  Number of variables:          6828                                         |
c |  Number of clauses:           41160 (incl.         1227 soft in queue)      |
c ===============================================================================
c [Elapsed time] 0.06 s
c Found solution: 1356704
c [UWrMaxSAT] Timeout reached inside slice loop. Stopping.
c *** Interrupted ***
c [1mSATISFIABLE: Best solution found: 1356704[0m
v 7 148 205 317 353 405 442 458 492 608 635 659 687 830 846 901 944 1014 1131 1172 1229 1266 1341 1352 1429 1466 1482 1511 1590 1659 1696 1711 1840 1870 1925 2020 2050 2052 2054 2056 2070 2071 2072 2073 2074 2075 2076 2077 2078 2079 2080 2081 2082 2083 2084 2085 2086 2088 2089 2090 2091 2092 2093 2094 2095 2096 2097 2098 2099 2100 2101 2102 2103 2104 2105 2106 2107 2108 2109 2110 2111 2112 2113 2114 2115 2116 2117 2119 2120 2121 2122 2123 2124 2125 2126 2127 2128 2129 2130 2131 2132 2133 2134 2135 2136 2137 2138 2139 2140 2141 2142 2143 2144 2145 2146 2147 2148 2150 2151 2152 2153 2154 2155 2156 2157 2158 2159 2160 2161 2162 2163 2164 2165 2166 2167 2168 2169 2170 2171 2172 2173 2174 2175 2176 2177 2178 2179 2186 2187 2188 2189 2190 2191 2192 2193 2194 2195 2196 2197 2198 2199 2200 2201 2202 2203 2204 2205 2206 2207 2208 2209 2210 2213 2214 2215 2216 2217 2218 2219 2220 2221 2222 2223 2224 2225 2226 2227 2228 2229 2230 2231 2232 2233 2234 2235 2236 2237 2238 2239 2240 2241 2265 2266 2267 2268 2269 2270 2271 2272 2275 2276 2277 2278 2279 2280 2281 2282 2283 2284 2285 2286 2287 2288 2289 2290 2291 2292 2293 2294 2295 2296 2297 2298 2299 2300 2301 2302 2303 2306 2307 2308 2309 2310 2311 2312 2313 2314 2315 2316 2317 2318 2319 2320 2321 2322 2323 2324 2325 2326 2327 2328 2329 2330 2331 2332 2333 2334 2339 2340 2341 2342 2343 2344 2345 2346 2347 2348 2349 2350 2351 2352 2353 2354 2355 2356 2357 2358 2359 2360 2361 2362 2363 2364 2365 2367 2368 2369 2370 2371 2372 2373 2374 2375 2376 2377 2378 2379 2380 2381 2382 2383 2384 2385 2386 2387 2388 2389 2390 2391 2392 2393 2394 2395 2396 2410 2411 2412 2413 2414 2415 2416 2417 2418 2419 2420 2421 2422 2423 2424 2425 2426 2427 2452 2453 2454 2455 2456 2457 2458 2468 2469 2470 2471 2472 2473 2474 2475 2476 2477 2478 2479 2480 2481 2482 2483 2484 2485 2486 2487 2488 2489 2493 2494 2495 2496 2497 2498 2499 2500 2501 2502 2503 2504 2505 2506 2507 2508 2509 2510 2511 2512 2513 2514 2515 2516 2517 2518 2519 2520 2533 2534 2535 2536 2537 2538 2539 2540 2541 2542 2543 2544 2545 2546 2547 2548 2549 2550 2551 2554 2555 2556 2557 2558 2559 2560 2561 2562 2563 2564 2565 2566 2567 2568 2569 2570 2571 2572 2573 2574 2575 2576 2577 2578 2579 2580 2581 2582 2585 2586 2587 2588 2589 2590 2591 2592 2593 2594 2595 2596 2597 2598 2599 2600 2601 2602 2603 2604 2605 2606 2607 2608 2609 2610 2611 2612 2613 2640 2641 2642 2643 2644 2652 2653 2654 2655 2656 2657 2658 2659 2660 2661 2662 2663 2664 2665 2666 2667 2668 2669 2670 2671 2672 2673 2674 2675 2701 2702 2703 2704 2705 2706 2709 2710 2711 2712 2713 2714 2715 2716 2717 2718 2719 2720 2721 2722 2723 2724 2725 2726 2727 2728 2729 2730 2731 2732 2733 2734 2735 2736 2737 2739 2740 2741 2742 2743 2744 2745 2746 2747 2748 2749 2750 2751 2752 2753 2754 2755 2756 2757 2758 2759 2760 2761 2762 2763 2764 2765 2766 2767 2768 2795 2796 2797 2798 2799 2816 2817 2818 2819 2820 2821 2822 2823 2824 2825 2826 2827 2828 2829 2830 2841 2842 2843 2844 2845 2846 2847 2848 2849 2850 2851 2852 2853 2854 2855 2856 2857 2858 2859 2860 2861 2870 2871 2872 2873 2874 2875 2876 2877 2878 2879 2880 2881 2882 2883 2884 2885 2886 2887 2888 2889 2890 2891 2892 2894 2895 2896 2897 2898 2899 2900 2901 2902 2903 2904 2905 2906 2907 2908 2909 2910 2911 2912 2913 2914 2915 2916 2917 2918 2919 2920 2921 2922 2923 2929 2930 2931 2932 2933 2934 2935 2936 2937 2938 2939 2940 2941 2942 2943 2944 2945 2946 2947 2948 2949 2950 2951 2952 2953 2954 2966 2967 2968 2969 2970 2971 2972 2973 2974 2975 2976 2977 2978 2979 2980 2981 2982 2983 2984 2985 2987 2988 2989 2990 2991 2992 2993 2994 2995 2996 2997 2998 2999 3000 3001 3002 3003 3004 3005 3006 3007 3008 3009 3010 3011 3012 3013 3014 3015 3016 3031 3032 3033 3034 3035 3036 3037 3038 3039 3040 3041 3042 3043 3044 3045 3046 3047 3050 3051 3052 3053 3054 3055 3056 3057 3058 3059 3060 3061 3062 3063 3064 3065 3066 3067 3068 3069 3070 3071 3072 3073 3074 3075 3076 3077 3078 3080 3081 3082 3083 3084 3085 3086 3087 3088 3089 3090 3091 3092 3093 3094 3095 3096 3097 3098 3099 3100 3101 3102 3103 3104 3105 3106 3107 3108 3109 3111 3112 3113 3114 3115 3116 3117 3118 3119 3120 3121 3122 3123 3124 3125 3126 3127 3128 3129 3130 3131 3132 3133 3134 3135 3136 3137 3138 3139 3140 3156 3157 3158 3159 3160 3161 3162 3163 3164 3165 3166 3167 3168 3169 3170 3171 3175 3176 3177 3178 3179 3180 3181 3182 3183 3184 3185 3186 3187 3188 3189 3190 3191 3192 3193 3194 3195 3196 3197 3198 3199 3200 3201 3202 3232 3233 3237 3238 3239 3240 3241 3242 3243 3244 3245 3246 3247 3248 3249 3250 3251 3252 3253 3254 3255 3256 3257 3258 3259 3260 3261 3262 3263 3264 3295 3309 3310 3311 3312 3313 3314 3315 3316 3317 3318 3319 3320 3321 3322 3323 3324 3325 3326 3329 3330 3331 3332 3333 3334 3335 3336 3337 3338 3339 3340 3341 3342 3343 3344 3345 3346 3347 3348 3349 3350 3351 3352 3353 3354 3355 3356 3357 3373 3374 3375 3376 3377 3378 3379 3380 3381 3382 3383 3384 3385 3386 3387 3388 3419 3446 3447 3448 3449 3450 3463 3464 3465 3466 3467 3468 3469 3470 3471 3472 3473 3474 3475 3476 3477 3478 3479 3480 3481 3510 3511 3512 3517 3518 3519 3520 3521 3522 3523 3524 3525 3526 3527 3528 3529 3530 3531 3532 3533 3534 3535 3536 3537 3538 3539 3540 3541 3542 3543 3554 3555 3556 3557 3558 3559 3560 3561 3562 3563 3564 3565 3566 3567 3568 3569 3570 3571 3572 3573 3574 3578 3579 3580 3581 3582 3583 3584 3585 3586 3587 3588 3589 3590 3591 3592 3593 3594 3595 3596 3597 3598 3599 3600 3601 3602 3603 3604 3605 3622 3623 3624 3625 3626 3627 3628 3629 3630 3631 3632 3633 3634 3635 3636 3679 3680 3681 3682 3683 3684 3685 3686 3687 3688 3689 3690 3691 3692 3693 3694 3695 3696 3697 3698 3700 3701 3702 3703 3704 3705 3706 3707 3708 3709 3710 3711 3712 3713 3714 3715 3716 3717 3718 3719 3720 3721 3722 3723 3724 3725 3726 3727 3728 3729 3760 3819 3820 3821 3822 3848 3849 3850 3851 3852 3853 3856 3857 3858 3859 3860 3861 3862 3863 3864 3865 3866 3867 3868 3869 3870 3871 3872 3873 3874 3875 3876 3877 3878 3879 3880 3881 3882 3883 3884 3899 3900 3901 3902 3903 3904 3905 3906 3907 3908 3909 3910 3911 3912 3913 3914 3915 3946 3948 3949 3950 3951 3952 3953 3954 3955 3956 3957 3958 3959 3960 3961 3962 3963 3964 3965 3966 3967 3968 3969 3970 3971 3972 3973 3974 3975 3976 3977 3979 4008 4116 4145 4185 4227 4266 4295 4316 4383 4435 4462 4502 4535 4544 4585 4605 4645 4673 4728 4770 4806 4844 4879 4946 4973 5003 5022 5023 5024 5035 5036 5037 5038 5039 5040 5041 5042 5043 5044 5045 5046 5047 5048 5049 5050 5051 5052 5053 5054 5055 5056 5057 5064 5065 5066 5067 5068 5069 5070 5071 5072 5073 5074 5075 5076 5077 5078 5079 5080 5081 5082 5083 5084 5085 5086 5087 5088 5093 5094 5095 5096 5097 5098 5099 5100 5101 5102 5103 5104 5105 5106 5107 5108 5109 5110 5111 5112 5113 5114 5115 5116 5117 5118 5119 5148 5149 5150 5166 5167 5168 5169 5170 5171 5172 5173 5174 5175 5176 5177 5178 5179 5180 5181 5185 5186 5187 5188 5189 5190 5191 5192 5193 5194 5195 5196 5197 5198 5199 5200 5201 5202 5203 5204 5205 5206 5207 5208 5209 5210 5211 5212 5220 5221 5222 5223 5224 5225 5226 5227 5228 5229 5230 5231 5232 5233 5234 5235 5236 5237 5238 5239 5240 5241 5242 5243 5270 5271 5272 5273 5274 5299 5300 5301 5302 5303 5304 5305 5327 5328 5329 5330 5331 5332 5333 5334 5335 5336 5364 5365 5366 5367 5398 5405 5406 5407 5408 5409 5410 5411 5412 5413 5414 5415 5416 5417 5418 5419 5420 5421 5422 5423 5424 5425 5426 5427 5428 5429 5442 5443 5444 5445 5446 5447 5448 5449 5450 5451 5452 5453 5454 5455 5456 5457 5458 5459 5460 5483 5484 5485 5486 5487 5488 5489 5490 5491 5501 5502 5503 5504 5505 5506 5507 5508 5509 5510 5511 5512 5513 5514 5515 5516 5517 5518 5519 5520 5521 5522 5526 5527 5528 5529 5530 5531 5532 5533 5534 5535 5536 5537 5538 5539 5540 5541 5542 5543 5544 5545 5546 5547 5548 5549 5550 5551 5552 5553 5579 5580 5581 5582 5583 5584 5587 5588 5589 5590 5591 5592 5593 5594 5595 5596 5597 5598 5599 5600 5601 5602 5603 5604 5605 5606 5607 5608 5609 5610 5611 5612 5613 5614 5615 5630 5631 5632 5633 5634 5635 5636 5637 5638 5639 5640 5641 5642 5643 5644 5645 5646 5652 5653 5654 5655 5656 5657 5658 5659 5660 5661 5662 5663 5664 5665 5666 5667 5668 5669 5670 5671 5672 5673 5674 5675 5676 5677 5701 5702 5703 5704 5705 5706 5707 5708 5739 5770 5791 5792 5793 5794 5795 5796 5797 5798 5799 5800 5801 5813 5814 5815 5816 5817 5818 5819 5820 5821 5822 5823 5824 5825 5826 5827 5828 5829 5830 5831 5832 5846 5847 5848 5849 5850 5851 5852 5853 5854 5855 5856 5857 5858 5859 5860 5861 5862 5863 5893 5894 5925 5936 5937 5938 5939 5940 5941 5942 5943 5944 5945 5946 5947 5948 5949 5950 5951 5952 5953 5954 5955 5956 5961 5962 5963 5964 5965 5966 5967 5968 5969 5970 5971 5972 5973 5974 5975 5976 5977 5978 5979 5980 5981 5982 5983 5984 5985 5986 5987 5991 5999 6001 6006 6016 6116 6157 6214 6251 6287 6326 6337 6362 6414 6451 6467 6501 6540 6562 6617 6644 6680 6696 6741 6839 6855 6877 6910 6953 6986 7024 7042 7043 7044 7047 7051 7076 7077 7078 7079 7080 7081 7085 7086 7087 7088 7089 7090 7091 7092 7093 7094 7095 7096 7097 7098 7099 7100 7101 7102 7103 7104 7105 7106 7107 7108 7109 7110 7111 7112 7117 7118 7119 7120 7121 7122 7123 7124 7125 7126 7127 7128 7129 7130 7131 7132 7133 7134 7135 7136 7137 7138 7139 7140 7141 7142 7143 7152 7153 7154 7155 7156 7157 7158 7159 7160 7161 7162 7163 7164 7165 7166 7167 7168 7169 7170 7171 7172 7173 7174 7192 7193 7194 7195 7196 7197 7198 7199 7200 7201 7202 7203 7204 7205 7217 7218 7219 7220 7221 7222 7223 7224 7225 7226 7227 7228 7229 7230 7231 7232 7233 7234 7235 7236 7263 7264 7265 7266 7267 7278 7279 7280 7281 7282 7283 7284 7285 7286 7287 7288 7289 7290 7291 7292 7293 7294 7295 7296 7297 7298 7311 7312 7313 7314 7315 7316 7317 7318 7319 7320 7321 7322 7323 7324 7325 7326 7327 7328 7329 7345 7346 7347 7348 7349 7350 7351 7352 7353 7354 7355 7356 7357 7358 7359 7360 7370 7371 7372 7373 7374 7375 7376 7377 7378 7379 7380 7381 7382 7383 7384 7385 7386 7387 7388 7389 7390 7391 7416 7417 7418 7419 7420 7421 7422 7450 7451 7452 7453 7474 7475 7476 7477 7478 7479 7480 7481 7482 7483 7484 7499 7500 7501 7502 7503 7504 7505 7506 7507 7508 7509 7510 7511 7512 7513 7514 7515 7539 7540 7541 7542 7543 7544 7545 7546 7577 7589 7590 7591 7592 7593 7594 7595 7596 7597 7598 7599 7600 7601 7602 7603 7604 7605 7606 7607 7608 7658 7659 7660 7661 7662 7663 7664 7665 7666 7667 7668 7669 7670 7699 7700 7701 7715 7716 7717 7718 7719 7720 7721 7722 7723 7724 7725 7726 7727 7728 7729 7730 7731 7732 7739 7740 7741 7742 7743 7744 7745 7746 7747 7748 7749 7750 7751 7752 7753 7754 7755 7756 7757 7758 7759 7760 7761 7762 7763 7794 7847 7848 7849 7850 7851 7852 7853 7854 7855 7856 7876 7877 7878 7879 7880 7881 7882 7883 7884 7885 7886 7887 7895 7896 7897 7898 7899 7900 7901 7902 7903 7904 7905 7906 7907 7908 7909 7910 7911 7912 7913 7914 7915 7916 7917 7918 7935 7936 7937 7938 7939 7940 7941 7942 7943 7944 7945 7946 7947 7948 7949 7972 7973 7974 7975 7976 7977 7978 7979 7980 8010 8011 8016 8074 8160 8193 8228 8244 8271 8310 8360 8427 8479 8506 8542 8579 8588 8629 8649 8689 8717 8742 8850 8888 8923 8947 9017 9047 9073 9081 9083 9084 9114 9138 9139 9140 9141 9142 9143 9144 9145 9176 9197 9198 9199 9200 9201 9202 9203 9204 9205 9206 9207 9220 9221 9222 9223 9224 9225 9226 9227 9228 9229 9230 9231 9232 9233 9234 9235 9236 9237 9238 9269 9276 9277 9278 9279 9280 9281 9282 9283 9284 9285 9286 9287 9288 9289 9290 9291 9292 9293 9294 9295 9296 9297 9298 9299 9300 9319 9320 9321 9322 9323 9324 9325 9326 9327 9328 9329 9330 9331 9348 9349 9350 9351 9352 9353 9354 9355 9356 9357 9358 9359 9360 9361 9362 9393 9413 9414 9415 9416 9417 9418 9419 9420 9421 9422 9423 9424 9455 9461 9462 9463 9464 9465 9466 9467 9468 9469 9470 9471 9472 9473 9474 9475 9476 9477 9478 9479 9480 9481 9482 9483 9484 9485 9486 9496 9497 9498 9499 9500 9501 9502 9503 9504 9505 9506 9507 9508 9509 9510 9511 9512 9513 9514 9515 9516 9517 9532 9533 9534 9535 9536 9537 9538 9539 9540 9541 9542 9543 9544 9545 9546 9547 9548 9556 9557 9558 9559 9560 9561 9562 9563 9564 9565 9566 9567 9568 9569 9570 9571 9572 9573 9574 9575 9576 9577 9578 9579 9582 9583 9584 9585 9586 9587 9588 9589 9590 9591 9592 9593 9594 9595 9596 9597 9598 9599 9600 9601 9602 9603 9604 9605 9606 9607 9608 9609 9610 9628 9629 9630 9631 9632 9633 9634 9635 9636 9637 9638 9639 9640 9641 9643 9644 9645 9646 9647 9648 9649 9650 9651 9652 9653 9654 9655 9656 9657 9658 9659 9660 9661 9662 9663 9664 9665 9666 9667 9668 9669 9670 9671 9672 9684 9685 9686 9687 9688 9689 9690 9691 9692 9693 9694 9695 9696 9697 9698 9699 9700 9701 9702 9703 9708 9709 9710 9711 9712 9713 9714 9715 9716 9717 9718 9719 9720 9721 9722 9723 9724 9725 9726 9727 9728 9729 9730 9731 9732 9733 9734 9750 9751 9752 9753 9754 9755 9756 9757 9758 9759 9760 9761 9762 9763 9764 9765 9788 9789 9790 9791 9792 9793 9794 9795 9796 9827 9867 9868 9869 9870 9871 9872 9873 9874 9875 9876 9877 9878 9879 9880 9881 9882 9883 9884 9885 9886 9887 9888 9889 9900 9901 9902 9903 9904 9905 9906 9907 9908 9909 9910 9911 9912 9913 9914 9915 9916 9917 9918 9919 9920 9942 9943 9944 9945 9946 9947 9948 9949 9950 9951 9965 9966 9967 9968 9969 9970 9971 9972 9973 9974 9975 9976 9977 9978 9979 9980 9981 9982 10013 10017 10018 10019 10020 10021 10022 10023 10024 10025 10026 10027 10028 10029 10030 10031 10032 10033 10034 10035 10036 10037 10038 10039 10040 10041 10042 10043 10044 10066 10088 10113 10162 10223 10238 10299 10428 10466 10517 10552 10567 10641 10707 10762 10807 10838 10848 10891 10921 10957 10996 11069 11119 11121 11125 11127 11129 11158 11159 11170 11171 11172 11173 11174 11175 11176 11177 11178 11179 11180 11181 11182 11183 11184 11185 11186 11187 11188 11189 11190 11203 11204 11205 11206 11207 11208 11209 11210 11211 11212 11213 11214 11215 11216 11217 11218 11219 11220 11221 11235 11236 11237 11238 11239 11240 11241 11242 11243 11244 11245 11246 11247 11248 11249 11250 11251 11252 11274 11275 11276 11277 11278 11279 11280 11281 11282 11283 11295 11296 11297 11298 11299 11300 11301 11302 11303 11304 11305 11306 11307 11308 11309 11310 11311 11312 11313 11314 11355 11356 11357 11358 11359 11360 11361 11362 11363 11364 11365 11366 11367 11368 11369 11370 11371 11372 11373 11374 11375 11376 11385 11386 11387 11388 11389 11390 11391 11392 11393 11394 11395 11396 11397 11398 11399 11400 11401 11402 11403 11404 11405 11406 11407 11438 11447 11448 11449 11450 11451 11452 11453 11454 11455 11456 11457 11458 11459 11460 11461 11462 11463 11464 11465 11466 11467 11468 11469 11498 11499 11500 11531 11557 11558 11559 11560 11561 11562 11580 11581 11582 11583 11584 11585 11586 11587 11588 11589 11590 11591 11592 11593 11621 11622 11623 11624 11627 11628 11629 11630 11631 11632 11633 11634 11635 11636 11637 11638 11639 11640 11641 11642 11643 11644 11645 11646 11647 11648 11649 11650 11651 11652 11653 11654 11655 11671 11672 11673 11674 11675 11676 11677 11678 11679 11680 11681 11682 11683 11684 11685 11686 11690 11691 11692 11693 11694 11695 11696 11697 11698 11699 11700 11701 11702 11703 11704 11705 11706 11707 11708 11709 11710 11711 11712 11713 11714 11715 11716 11717 11740 11741 11742 11743 11744 11745 11746 11747 11748 11752 11753 11754 11755 11756 11757 11758 11759 11760 11761 11762 11763 11764 11765 11766 11767 11768 11769 11770 11771 11772 11773 11774 11775 11776 11777 11778 11779 11796 11797 11798 11799 11800 11801 11802 11803 11804 11805 11806 11807 11808 11809 11810 11824 11825 11826 11827 11828 11829 11830 11831 11832 11833 11834 11835 11836 11837 11838 11839 11840 11841 11865 11866 11867 11868 11869 11870 11871 11872 11893 11894 11895 11896 11897 11898 11899 11900 11901 11902 11903 11930 11931 11932 11933 11934 11959 11960 11961 11962 11963 11964 11965 11980 11981 11982 11983 11984 11985 11986 11987 11988 11989 11990 11991 11992 11993 11994 11995 11996 12016 12017 12018 12019 12020 12021 12022 12023 12024 12025 12026 12027 12058 12062 12063 12064 12065 12066 12067 12068 12069 12070 12071 12072 12073 12074 12075 12076 12077 12078 12079 12080 12081 12082 12083 12084 12085 12086 12087 12088 12089 12091 12119 12125
c _______________________________________________________________________________
c 
c restarts               : 16524271
c conflicts              : 226            (4 /sec)
c decisions              : 2858           (0.00 % random) (50 /sec)
c propagations           : 593599         (10465 /sec)
c conflict literals      : 696            (3.47 % deleted)
c =======================[ UWrMaxSat resources usage ]===========================
c Memory used            : 34.00 MB
c CPU time               : 56.7196 s
c _______________________________________________________________________________
c SATISFIABLE

  [Time Manager] Global Remaining Budget: 1585.82s | Future Weight Sum: 26.0
  [Time Manager] Recalibrated Budget for this step: 60.99s
  [Info] Injected Assumption file: p4_A-n32-k5_r32v6k3.wcnf.asm
[UWrMaxSAT] Running command:
  stdbuf -oL uwrmaxsat -no-bin -no-sat -no-par -no-scip -ppdsp-time=60 -ppdsp-lastY=12108 -ppdsp=p4_A-n32-k5_r33v6k3.meta -ppdsp-assume=p4_A-n32-k5_r32v6k3.wcnf.asm p4_A-n32-k5_r33v6k3.wcnf | tee p4_A-n32-k5_r33v6k3.wcnf.out
Vehicle 0: d → 21 → 14 → 9 → 28 → 4 → 19 → 26 → 13 → 25 → 29 → 15 → 11 → 0 → 6 → 12 → 20 → 18 → d, (requests = [4, 15, 28, 30])
Vehicle 1: d → 3 → 10 → 7 → 17 → 21 → 14 → 9 → 28 → 4 → 19 → 26 → 13 → 25 → 15 → 6 → 12 → 20 → d, (requests = [0, 1, 2, 3, 14])
Vehicle 2: d → 18 → 16 → 30 → 20 → 12 → 6 → 0 → 15 → 29 → 25 → 13 → 26 → 19 → 4 → 24 → 9 → 14 → 21 → 8 → 17 → 7 → 10 → 3 → 27 → 22 → d, (requests = [5, 6, 7, 11, 16])
Vehicle 3: d → 22 → 27 → 3 → 10 → 7 → 17 → 8 → 21 → 14 → 9 → 28 → 4 → 19 → 26 → 13 → 25 → 29 → 15 → 11 → 0 → 6 → 12 → 20 → 30 → 16 → 18 → d, (requests = [8, 9, 10, 13, 17, 18])
Vehicle 4: d → 18 → 16 → 30 → 20 → 12 → 6 → 15 → 25 → 13 → 26 → 19 → 4 → 28 → 14 → 21 → 8 → 17 → 7 → 10 → 3 → 27 → 22 → 1 → 5 → d, (requests = [12, 20, 22, 23])
Vehicle 5: d → 1 → 5 → 2 → 22 → 27 → 17 → 21 → 14 → 28 → 24 → 4 → 19 → 23 → 26 → 13 → 25 → 15 → 11 → 0 → 12 → 6 → d, (requests = [19, 21, 25, 27, 29])
======== PPDSP OBJECTIVE ========
Profit    = 199612
Cost      = 56241
Objective = 143371
=================================
  [Time Manager] Step 35 consumed 60.61s. Total Consumed: 2074.80s.
  [Info] Saved 2948 core assumption literals to p4_A-n32-k5_r33v6k3.wcnf.asm

[36/60] Building & Solving: R=34, V=6, K=3
  [Info] Generating MaxSAT Formulation...
[SBC] Added 102 clauses.
[rc2] Generating instance: p4_A-n32-k5_r34v6k3.wcnf ...
[UWrMaxSAT] meta exported to p4_A-n32-k5_r34v6k3.meta
  [Time Manager] Global Remaining Budget: 1525.20s | Future Weight Sum: 25.0
  [Time Manager] Recalibrated Budget for this step: 61.01s
  [Info] Injected Assumption file: p4_A-n32-k5_r33v6k3.wcnf.asm
[UWrMaxSAT] Running command:
  stdbuf -oL uwrmaxsat -no-bin -no-sat -no-par -no-scip -ppdsp-time=61 -ppdsp-lastY=12114 -ppdsp=p4_A-n32-k5_r34v6k3.meta -ppdsp-assume=p4_A-n32-k5_r33v6k3.wcnf.asm p4_A-n32-k5_r34v6k3.wcnf | tee p4_A-n32-k5_r34v6k3.wcnf.out
Vehicle 0: d → 21 → 14 → 9 → 28 → 4 → 19 → 26 → 13 → 25 → 29 → 15 → 11 → 0 → 6 → 12 → 20 → 18 → d, (requests = [4, 15, 28, 30])
Vehicle 1: d → 3 → 10 → 7 → 17 → 21 → 14 → 9 → 28 → 4 → 19 → 26 → 13 → 25 → 15 → 6 → 12 → 20 → d, (requests = [0, 1, 2, 3, 14])
Vehicle 2: d → 18 → 16 → 30 → 20 → 12 → 6 → 0 → 15 → 29 → 25 → 13 → 26 → 19 → 4 → 24 → 9 → 14 → 21 → 8 → 17 → 7 → 10 → 3 → 27 → 22 → d, (requests = [5, 6, 7, 11, 16])
Vehicle 3: d → 22 → 27 → 3 → 10 → 7 → 17 → 8 → 21 → 14 → 9 → 28 → 4 → 19 → 26 → 13 → 25 → 29 → 15 → 11 → 0 → 6 → 12 → 20 → 30 → 16 → 18 → d, (requests = [8, 9, 10, 13, 17, 18])
Vehicle 4: d → 18 → 16 → 30 → 20 → 12 → 6 → 15 → 25 → 13 → 26 → 19 → 4 → 28 → 14 → 21 → 8 → 17 → 7 → 10 → 3 → 27 → 22 → 1 → 5 → d, (requests = [12, 20, 22, 23])
Vehicle 5: d → 1 → 5 → 2 → 22 → 27 → 17 → 21 → 14 → 28 → 24 → 4 → 19 → 23 → 26 → 13 → 25 → 15 → 11 → 0 → 12 → 6 → d, (requests = [19, 21, 25, 27, 29])
======== PPDSP OBJECTIVE ========
Profit    = 199612
Cost      = 56241
Objective = 143371
=================================
  [Time Manager] Step 36 consumed 61.64s. Total Consumed: 2136.44s.
  [Info] Saved 2948 core assumption literals to p4_A-n32-k5_r34v6k3.wcnf.asm

[37/60] Building & Solving: R=35, V=6, K=3
  [Info] Generating MaxSAT Formulation...
[SBC] Added 105 clauses.
[rc2] Generating instance: p4_A-n32-k5_r35v6k3.wcnf ...
[UWrMaxSAT] meta exported to p4_A-n32-k5_r35v6k3.meta
  [Time Manager] Global Remaining Budget: 1463.56s | Future Weight Sum: 24.0
  [Time Manager] Recalibrated Budget for this step: 60.98s
  [Info] Injected Assumption file: p4_A-n32-k5_r34v6k3.wcnf.asm
[UWrMaxSAT] Running command:
  stdbuf -oL uwrmaxsat -no-bin -no-sat -no-par -no-scip -ppdsp-time=60 -ppdsp-lastY=12120 -ppdsp=p4_A-n32-k5_r35v6k3.meta -ppdsp-assume=p4_A-n32-k5_r34v6k3.wcnf.asm p4_A-n32-k5_r35v6k3.wcnf | tee p4_A-n32-k5_r35v6k3.wcnf.out
Vehicle 0: d → 21 → 14 → 9 → 28 → 4 → 19 → 26 → 13 → 25 → 29 → 15 → 11 → 0 → 6 → 12 → 20 → 18 → d, (requests = [4, 15, 28, 30])
Vehicle 1: d → 3 → 10 → 7 → 17 → 21 → 14 → 9 → 28 → 4 → 19 → 26 → 13 → 25 → 15 → 6 → 12 → 20 → d, (requests = [0, 1, 2, 3, 14])
Vehicle 2: d → 18 → 16 → 30 → 20 → 12 → 6 → 0 → 15 → 29 → 25 → 13 → 26 → 19 → 4 → 24 → 9 → 14 → 21 → 8 → 17 → 7 → 10 → 3 → 27 → 22 → d, (requests = [5, 6, 7, 11, 16])
Vehicle 3: d → 22 → 27 → 3 → 10 → 7 → 17 → 8 → 21 → 14 → 9 → 28 → 4 → 19 → 26 → 13 → 25 → 29 → 15 → 11 → 0 → 6 → 12 → 20 → 30 → 16 → 18 → d, (requests = [8, 9, 10, 13, 17, 18])
Vehicle 4: d → 18 → 16 → 30 → 20 → 12 → 6 → 15 → 25 → 13 → 26 → 19 → 4 → 28 → 14 → 21 → 8 → 17 → 7 → 10 → 3 → 27 → 22 → 1 → 5 → d, (requests = [12, 20, 22, 23, 34])
Vehicle 5: d → 1 → 5 → 2 → 22 → 27 → 17 → 21 → 14 → 28 → 24 → 4 → 19 → 23 → 26 → 13 → 25 → 15 → 11 → 0 → 12 → 6 → d, (requests = [19, 21, 25, 27, 29])
======== PPDSP OBJECTIVE ========
Profit    = 205077
Cost      = 56241
Objective = 148836
=================================
  [Time Manager] Step 37 consumed 60.60s. Total Consumed: 2197.04s.
  [Info] Saved 3029 core assumption literals to p4_A-n32-k5_r35v6k3.wcnf.asm

[38/60] Building & Solving: R=36, V=6, K=3
  [Info] Generating MaxSAT Formulation...
[SBC] Added 108 clauses.
[rc2] Generating instance: p4_A-n32-k5_r36v6k3.wcnf ...
[UWrMaxSAT] meta exported to p4_A-n32-k5_r36v6k3.meta
  [Time Manager] Global Remaining Budget: 1402.96s | Future Weight Sum: 23.0
  [Time Manager] Recalibrated Budget for this step: 61.00s
  [Info] Injected Assumption file: p4_A-n32-k5_r35v6k3.wcnf.asm
[UWrMaxSAT] Running command:
  stdbuf -oL uwrmaxsat -no-bin -no-sat -no-par -no-scip -ppdsp-time=60 -ppdsp-lastY=12126 -ppdsp=p4_A-n32-k5_r36v6k3.meta -ppdsp-assume=p4_A-n32-k5_r35v6k3.wcnf.asm p4_A-n32-k5_r36v6k3.wcnf | tee p4_A-n32-k5_r36v6k3.wcnf.out
Vehicle 0: d → 21 → 14 → 9 → 28 → 4 → 19 → 26 → 13 → 25 → 29 → 15 → 11 → 0 → 6 → 12 → 20 → 18 → d, (requests = [4, 15, 28, 30])
Vehicle 1: d → 3 → 10 → 7 → 17 → 21 → 14 → 9 → 28 → 4 → 19 → 26 → 13 → 25 → 15 → 6 → 12 → 20 → d, (requests = [0, 1, 2, 3, 14])
Vehicle 2: d → 18 → 16 → 30 → 20 → 12 → 6 → 0 → 15 → 29 → 25 → 13 → 26 → 19 → 4 → 24 → 9 → 14 → 21 → 8 → 17 → 7 → 10 → 3 → 27 → 22 → d, (requests = [5, 6, 7, 11, 16])
Vehicle 3: d → 22 → 27 → 3 → 10 → 7 → 17 → 8 → 21 → 14 → 9 → 28 → 4 → 19 → 26 → 13 → 25 → 29 → 15 → 11 → 0 → 6 → 12 → 20 → 30 → 16 → 18 → d, (requests = [8, 9, 10, 13, 17, 18])
Vehicle 4: d → 18 → 16 → 30 → 20 → 12 → 6 → 15 → 25 → 13 → 26 → 19 → 4 → 28 → 14 → 21 → 8 → 17 → 7 → 10 → 3 → 27 → 22 → 1 → 5 → d, (requests = [12, 20, 22, 23, 34, 35])
Vehicle 5: d → 1 → 5 → 2 → 22 → 27 → 17 → 21 → 14 → 28 → 24 → 4 → 19 → 23 → 26 → 13 → 25 → 15 → 11 → 0 → 12 → 6 → d, (requests = [19, 21, 25, 27, 29])
======== PPDSP OBJECTIVE ========
Profit    = 212047
Cost      = 56241
Objective = 155806
=================================
c Using COMiniSatPS SAT solver by Chanseok Oh (2016)
[UWrMaxSAT] meta file: p4_A-n32-k5_r36v7k3.meta
[UWrMaxSAT] meta loaded OK.
[UWrMaxSAT] Loaded 3096 assumption literals from p4_A-n32-k5_r36v6k3.wcnf.asm
c Parsing MaxSAT file...
c Start timer (tic-tac ...)
c c Found solution: 1608789
c ============================[  Problem Statistics ]============================
c |  Number of variables:          7964                                         |
c |  Number of clauses:           48101 (incl.         1430 soft in queue)      |
c ===============================================================================
c [Elapsed time] 0.11 s
c Found solution: 1603159
c [Elapsed time] 0.11 s
c Found solution: 1596294
c [Elapsed time] 0.12 s
c Found solution: 1594863
c [UWrMaxSAT] Timeout reached.
c [1mOptimal solution: 1594863[0m
c _______________________________________________________________________________
c 
c restarts               : 16605177
c conflicts              : 7261           (125 /sec)
c decisions              : 21560          (0.00 % random) (372 /sec)
c propagations           : 1924847        (33205 /sec)
c conflict literals      : 98135          (30.20 % deleted)
c =======================[ UWrMaxSat resources usage ]===========================
c Memory used            : 37.00 MB
c CPU time               : 57.969 s
c OptExp Enc: Srt/BDD/Add: 2 0 0
c _______________________________________________________________________________
o 1594863
s OPTIMUM FOUND
v 7 148 205 317 353 405 442 458 492 608 635 659 687 830 846 901 944 1014 1131 1172 1229 1266 1341 1352 1429 1466 1482 1511 1590 1659 1696 1711 1840 1870 1925 2020 2050 2052 2054 2056 2070 2071 2072 2073 2074 2075 2076 2077 2078 2079 2080 2081 2082 2083 2084 2085 2086 2088 2089 2090 2091 2092 2093 2094 2095 2096 2097 2098 2099 2100 2101 2102 2103 2104 2105 2106 2107 2108 2109 2110 2111 2112 2113 2114 2115 2116 2117 2119 2120 2121 2122 2123 2124 2125 2126 2127 2128 2129 2130 2131 2132 2133 2134 2135 2136 2137 2138 2139 2140 2141 2142 2143 2144 2145 2146 2147 2148 2150 2151 2152 2153 2154 2155 2156 2157 2158 2159 2160 2161 2162 2163 2164 2165 2166 2167 2168 2169 2170 2171 2172 2173 2174 2175 2176 2177 2178 2179 2186 2187 2188 2189 2190 2191 2192 2193 2194 2195 2196 2197 2198 2199 2200 2201 2202 2203 2204 2205 2206 2207 2208 2209 2210 2213 2214 2215 2216 2217 2218 2219 2220 2221 2222 2223 2224 2225 2226 2227 2228 2229 2230 2231 2232 2233 2234 2235 2236 2237 2238 2239 2240 2241 2265 2266 2267 2268 2269 2270 2271 2272 2275 2276 2277 2278 2279 2280 2281 2282 2283 2284 2285 2286 2287 2288 2289 2290 2291 2292 2293 2294 2295 2296 2297 2298 2299 2300 2301 2302 2303 2306 2307 2308 2309 2310 2311 2312 2313 2314 2315 2316 2317 2318 2319 2320 2321 2322 2323 2324 2325 2326 2327 2328 2329 2330 2331 2332 2333 2334 2339 2340 2341 2342 2343 2344 2345 2346 2347 2348 2349 2350 2351 2352 2353 2354 2355 2356 2357 2358 2359 2360 2361 2362 2363 2364 2365 2367 2368 2369 2370 2371 2372 2373 2374 2375 2376 2377 2378 2379 2380 2381 2382 2383 2384 2385 2386 2387 2388 2389 2390 2391 2392 2393 2394 2395 2396 2410 2411 2412 2413 2414 2415 2416 2417 2418 2419 2420 2421 2422 2423 2424 2425 2426 2427 2452 2453 2454 2455 2456 2457 2458 2468 2469 2470 2471 2472 2473 2474 2475 2476 2477 2478 2479 2480 2481 2482 2483 2484 2485 2486 2487 2488 2489 2493 2494 2495 2496 2497 2498 2499 2500 2501 2502 2503 2504 2505 2506 2507 2508 2509 2510 2511 2512 2513 2514 2515 2516 2517 2518 2519 2520 2533 2534 2535 2536 2537 2538 2539 2540 2541 2542 2543 2544 2545 2546 2547 2548 2549 2550 2551 2554 2555 2556 2557 2558 2559 2560 2561 2562 2563 2564 2565 2566 2567 2568 2569 2570 2571 2572 2573 2574 2575 2576 2577 2578 2579 2580 2581 2582 2585 2586 2587 2588 2589 2590 2591 2592 2593 2594 2595 2596 2597 2598 2599 2600 2601 2602 2603 2604 2605 2606 2607 2608 2609 2610 2611 2612 2613 2640 2641 2642 2643 2644 2652 2653 2654 2655 2656 2657 2658 2659 2660 2661 2662 2663 2664 2665 2666 2667 2668 2669 2670 2671 2672 2673 2674 2675 2701 2702 2703 2704 2705 2706 2709 2710 2711 2712 2713 2714 2715 2716 2717 2718 2719 2720 2721 2722 2723 2724 2725 2726 2727 2728 2729 2730 2731 2732 2733 2734 2735 2736 2737 2739 2740 2741 2742 2743 2744 2745 2746 2747 2748 2749 2750 2751 2752 2753 2754 2755 2756 2757 2758 2759 2760 2761 2762 2763 2764 2765 2766 2767 2768 2795 2796 2797 2798 2799 2816 2817 2818 2819 2820 2821 2822 2823 2824 2825 2826 2827 2828 2829 2830 2841 2842 2843 2844 2845 2846 2847 2848 2849 2850 2851 2852 2853 2854 2855 2856 2857 2858 2859 2860 2861 2870 2871 2872 2873 2874 2875 2876 2877 2878 2879 2880 2881 2882 2883 2884 2885 2886 2887 2888 2889 2890 2891 2892 2894 2895 2896 2897 2898 2899 2900 2901 2902 2903 2904 2905 2906 2907 2908 2909 2910 2911 2912 2913 2914 2915 2916 2917 2918 2919 2920 2921 2922 2923 2929 2930 2931 2932 2933 2934 2935 2936 2937 2938 2939 2940 2941 2942 2943 2944 2945 2946 2947 2948 2949 2950 2951 2952 2953 2954 2966 2967 2968 2969 2970 2971 2972 2973 2974 2975 2976 2977 2978 2979 2980 2981 2982 2983 2984 2985 2987 2988 2989 2990 2991 2992 2993 2994 2995 2996 2997 2998 2999 3000 3001 3002 3003 3004 3005 3006 3007 3008 3009 3010 3011 3012 3013 3014 3015 3016 3031 3032 3033 3034 3035 3036 3037 3038 3039 3040 3041 3042 3043 3044 3045 3046 3047 3050 3051 3052 3053 3054 3055 3056 3057 3058 3059 3060 3061 3062 3063 3064 3065 3066 3067 3068 3069 3070 3071 3072 3073 3074 3075 3076 3077 3078 3080 3081 3082 3083 3084 3085 3086 3087 3088 3089 3090 3091 3092 3093 3094 3095 3096 3097 3098 3099 3100 3101 3102 3103 3104 3105 3106 3107 3108 3109 3111 3112 3113 3114 3115 3116 3117 3118 3119 3120 3121 3122 3123 3124 3125 3126 3127 3128 3129 3130 3131 3132 3133 3134 3135 3136 3137 3138 3139 3140 3156 3157 3158 3159 3160 3161 3162 3163 3164 3165 3166 3167 3168 3169 3170 3171 3173 3174 3175 3176 3177 3178 3179 3180 3181 3182 3183 3184 3185 3186 3187 3188 3189 3190 3191 3192 3193 3194 3195 3196 3197 3198 3199 3200 3201 3202 3232 3233 3237 3238 3239 3240 3241 3242 3243 3244 3245 3246 3247 3248 3249 3250 3251 3252 3253 3254 3255 3256 3257 3258 3259 3260 3261 3262 3263 3264 3295 3309 3310 3311 3312 3313 3314 3315 3316 3317 3318 3319 3320 3321 3322 3323 3324 3325 3326 3329 3330 3331 3332 3333 3334 3335 3336 3337 3338 3339 3340 3341 3342 3343 3344 3345 3346 3347 3348 3349 3350 3351 3352 3353 3354 3355 3356 3357 3373 3374 3375 3376 3377 3378 3379 3380 3381 3382 3383 3384 3385 3386 3387 3388 3419 3446 3447 3448 3449 3450 3463 3464 3465 3466 3467 3468 3469 3470 3471 3472 3473 3474 3475 3476 3477 3478 3479 3480 3481 3510 3511 3512 3517 3518 3519 3520 3521 3522 3523 3524 3525 3526 3527 3528 3529 3530 3531 3532 3533 3534 3535 3536 3537 3538 3539 3540 3541 3542 3543 3554 3555 3556 3557 3558 3559 3560 3561 3562 3563 3564 3565 3566 3567 3568 3569 3570 3571 3572 3573 3574 3578 3579 3580 3581 3582 3583 3584 3585 3586 3587 3588 3589 3590 3591 3592 3593 3594 3595 3596 3597 3598 3599 3600 3601 3602 3603 3604 3605 3622 3623 3624 3625 3626 3627 3628 3629 3630 3631 3632 3633 3634 3635 3636 3679 3680 3681 3682 3683 3684 3685 3686 3687 3688 3689 3690 3691 3692 3693 3694 3695 3696 3697 3698 3700 3701 3702 3703 3704 3705 3706 3707 3708 3709 3710 3711 3712 3713 3714 3715 3716 3717 3718 3719 3720 3721 3722 3723 3724 3725 3726 3727 3728 3729 3760 3819 3820 3821 3822 3848 3849 3850 3851 3852 3853 3856 3857 3858 3859 3860 3861 3862 3863 3864 3865 3866 3867 3868 3869 3870 3871 3872 3873 3874 3875 3876 3877 3878 3879 3880 3881 3882 3883 3884 3899 3900 3901 3902 3903 3904 3905 3906 3907 3908 3909 3910 3911 3912 3913 3914 3915 3946 3948 3949 3950 3951 3952 3953 3954 3955 3956 3957 3958 3959 3960 3961 3962 3963 3964 3965 3966 3967 3968 3969 3970 3971 3972 3973 3974 3975 3976 3977 3979 4008 4116 4145 4185 4227 4266 4295 4316 4383 4435 4462 4502 4535 4544 4585 4605 4645 4673 4728 4770 4806 4844 4879 4946 4973 5003 5022 5023 5024 5035 5036 5037 5038 5039 5040 5041 5042 5043 5044 5045 5046 5047 5048 5049 5050 5051 5052 5053 5054 5055 5056 5057 5061 5062 5063 5064 5065 5066 5067 5068 5069 5070 5071 5072 5073 5074 5075 5076 5077 5078 5079 5080 5081 5082 5083 5084 5085 5086 5087 5088 5091 5092 5093 5094 5095 5096 5097 5098 5099 5100 5101 5102 5103 5104 5105 5106 5107 5108 5109 5110 5111 5112 5113 5114 5115 5116 5117 5118 5119 5148 5149 5150 5166 5167 5168 5169 5170 5171 5172 5173 5174 5175 5176 5177 5178 5179 5180 5181 5184 5185 5186 5187 5188 5189 5190 5191 5192 5193 5194 5195 5196 5197 5198 5199 5200 5201 5202 5203 5204 5205 5206 5207 5208 5209 5210 5211 5212 5220 5221 5222 5223 5224 5225 5226 5227 5228 5229 5230 5231 5232 5233 5234 5235 5236 5237 5238 5239 5240 5241 5242 5243 5270 5271 5272 5273 5274 5299 5300 5301 5302 5303 5304 5305 5327 5328 5329 5330 5331 5332 5333 5334 5335 5336 5364 5365 5366 5367 5398 5405 5406 5407 5408 5409 5410 5411 5412 5413 5414 5415 5416 5417 5418 5419 5420 5421 5422 5423 5424 5425 5426 5427 5428 5429 5442 5443 5444 5445 5446 5447 5448 5449 5450 5451 5452 5453 5454 5455 5456 5457 5458 5459 5460 5483 5484 5485 5486 5487 5488 5489 5490 5491 5501 5502 5503 5504 5505 5506 5507 5508 5509 5510 5511 5512 5513 5514 5515 5516 5517 5518 5519 5520 5521 5522 5526 5527 5528 5529 5530 5531 5532 5533 5534 5535 5536 5537 5538 5539 5540 5541 5542 5543 5544 5545 5546 5547 5548 5549 5550 5551 5552 5553 5579 5580 5581 5582 5583 5584 5587 5588 5589 5590 5591 5592 5593 5594 5595 5596 5597 5598 5599 5600 5601 5602 5603 5604 5605 5606 5607 5608 5609 5610 5611 5612 5613 5614 5615 5630 5631 5632 5633 5634 5635 5636 5637 5638 5639 5640 5641 5642 5643 5644 5645 5646 5652 5653 5654 5655 5656 5657 5658 5659 5660 5661 5662 5663 5664 5665 5666 5667 5668 5669 5670 5671 5672 5673 5674 5675 5676 5677 5701 5702 5703 5704 5705 5706 5707 5708 5739 5770 5791 5792 5793 5794 5795 5796 5797 5798 5799 5800 5801 5813 5814 5815 5816 5817 5818 5819 5820 5821 5822 5823 5824 5825 5826 5827 5828 5829 5830 5831 5832 5846 5847 5848 5849 5850 5851 5852 5853 5854 5855 5856 5857 5858 5859 5860 5861 5862 5863 5893 5894 5925 5936 5937 5938 5939 5940 5941 5942 5943 5944 5945 5946 5947 5948 5949 5950 5951 5952 5953 5954 5955 5956 5961 5962 5963 5964 5965 5966 5967 5968 5969 5970 5971 5972 5973 5974 5975 5976 5977 5978 5979 5980 5981 5982 5983 5984 5985 5986 5987 5991 5999 6001 6006 6016 6116 6157 6214 6251 6287 6326 6337 6362 6414 6451 6467 6501 6540 6562 6617 6644 6680 6696 6741 6839 6855 6877 6910 6953 6986 7024 7042 7043 7044 7047 7051 7076 7077 7078 7079 7080 7081 7085 7086 7087 7088 7089 7090 7091 7092 7093 7094 7095 7096 7097 7098 7099 7100 7101 7102 7103 7104 7105 7106 7107 7108 7109 7110 7111 7112 7116 7117 7118 7119 7120 7121 7122 7123 7124 7125 7126 7127 7128 7129 7130 7131 7132 7133 7134 7135 7136 7137 7138 7139 7140 7141 7142 7143 7152 7153 7154 7155 7156 7157 7158 7159 7160 7161 7162 7163 7164 7165 7166 7167 7168 7169 7170 7171 7172 7173 7174 7192 7193 7194 7195 7196 7197 7198 7199 7200 7201 7202 7203 7204 7205 7209 7210 7211 7212 7213 7214 7215 7216 7217 7218 7219 7220 7221 7222 7223 7224 7225 7226 7227 7228 7229 7230 7231 7232 7233 7234 7235 7236 7263 7264 7265 7266 7267 7278 7279 7280 7281 7282 7283 7284 7285 7286 7287 7288 7289 7290 7291 7292 7293 7294 7295 7296 7297 7298 7311 7312 7313 7314 7315 7316 7317 7318 7319 7320 7321 7322 7323 7324 7325 7326 7327 7328 7329 7345 7346 7347 7348 7349 7350 7351 7352 7353 7354 7355 7356 7357 7358 7359 7360 7370 7371 7372 7373 7374 7375 7376 7377 7378 7379 7380 7381 7382 7383 7384 7385 7386 7387 7388 7389 7390 7391 7416 7417 7418 7419 7420 7421 7422 7450 7451 7452 7453 7474 7475 7476 7477 7478 7479 7480 7481 7482 7483 7484 7499 7500 7501 7502 7503 7504 7505 7506 7507 7508 7509 7510 7511 7512 7513 7514 7515 7539 7540 7541 7542 7543 7544 7545 7546 7577 7589 7590 7591 7592 7593 7594 7595 7596 7597 7598 7599 7600 7601 7602 7603 7604 7605 7606 7607 7608 7658 7659 7660 7661 7662 7663 7664 7665 7666 7667 7668 7669 7670 7699 7700 7701 7715 7716 7717 7718 7719 7720 7721 7722 7723 7724 7725 7726 7727 7728 7729 7730 7731 7732 7739 7740 7741 7742 7743 7744 7745 7746 7747 7748 7749 7750 7751 7752 7753 7754 7755 7756 7757 7758 7759 7760 7761 7762 7763 7794 7847 7848 7849 7850 7851 7852 7853 7854 7855 7856 7876 7877 7878 7879 7880 7881 7882 7883 7884 7885 7886 7887 7895 7896 7897 7898 7899 7900 7901 7902 7903 7904 7905 7906 7907 7908 7909 7910 7911 7912 7913 7914 7915 7916 7917 7918 7935 7936 7937 7938 7939 7940 7941 7942 7943 7944 7945 7946 7947 7948 7949 7972 7973 7974 7975 7976 7977 7978 7979 7980 8010 8011 8016 8074 8160 8193 8228 8244 8271 8310 8360 8427 8479 8506 8542 8579 8588 8629 8649 8689 8717 8742 8850 8888 8923 8947 9017 9047 9073 9081 9083 9084 9114 9138 9139 9140 9141 9142 9143 9144 9145 9176 9197 9198 9199 9200 9201 9202 9203 9204 9205 9206 9207 9220 9221 9222 9223 9224 9225 9226 9227 9228 9229 9230 9231 9232 9233 9234 9235 9236 9237 9238 9269 9276 9277 9278 9279 9280 9281 9282 9283 9284 9285 9286 9287 9288 9289 9290 9291 9292 9293 9294 9295 9296 9297 9298 9299 9300 9319 9320 9321 9322 9323 9324 9325 9326 9327 9328 9329 9330 9331 9348 9349 9350 9351 9352 9353 9354 9355 9356 9357 9358 9359 9360 9361 9362 9393 9413 9414 9415 9416 9417 9418 9419 9420 9421 9422 9423 9424 9455 9461 9462 9463 9464 9465 9466 9467 9468 9469 9470 9471 9472 9473 9474 9475 9476 9477 9478 9479 9480 9481 9482 9483 9484 9485 9486 9496 9497 9498 9499 9500 9501 9502 9503 9504 9505 9506 9507 9508 9509 9510 9511 9512 9513 9514 9515 9516 9517 9532 9533 9534 9535 9536 9537 9538 9539 9540 9541 9542 9543 9544 9545 9546 9547 9548 9556 9557 9558 9559 9560 9561 9562 9563 9564 9565 9566 9567 9568 9569 9570 9571 9572 9573 9574 9575 9576 9577 9578 9579 9582 9583 9584 9585 9586 9587 9588 9589 9590 9591 9592 9593 9594 9595 9596 9597 9598 9599 9600 9601 9602 9603 9604 9605 9606 9607 9608 9609 9610 9628 9629 9630 9631 9632 9633 9634 9635 9636 9637 9638 9639 9640 9641 9643 9644 9645 9646 9647 9648 9649 9650 9651 9652 9653 9654 9655 9656 9657 9658 9659 9660 9661 9662 9663 9664 9665 9666 9667 9668 9669 9670 9671 9672 9684 9685 9686 9687 9688 9689 9690 9691 9692 9693 9694 9695 9696 9697 9698 9699 9700 9701 9702 9703 9708 9709 9710 9711 9712 9713 9714 9715 9716 9717 9718 9719 9720 9721 9722 9723 9724 9725 9726 9727 9728 9729 9730 9731 9732 9733 9734 9750 9751 9752 9753 9754 9755 9756 9757 9758 9759 9760 9761 9762 9763 9764 9765 9788 9789 9790 9791 9792 9793 9794 9795 9796 9827 9867 9868 9869 9870 9871 9872 9873 9874 9875 9876 9877 9878 9879 9880 9881 9882 9883 9884 9885 9886 9887 9888 9889 9900 9901 9902 9903 9904 9905 9906 9907 9908 9909 9910 9911 9912 9913 9914 9915 9916 9917 9918 9919 9920 9942 9943 9944 9945 9946 9947 9948 9949 9950 9951 9965 9966 9967 9968 9969 9970 9971 9972 9973 9974 9975 9976 9977 9978 9979 9980 9981 9982 10013 10017 10018 10019 10020 10021 10022 10023 10024 10025 10026 10027 10028 10029 10030 10031 10032 10033 10034 10035 10036 10037 10038 10039 10040 10041 10042 10043 10044 10066 10088 10113 10162 10223 10238 10299 10428 10466 10517 10552 10567 10641 10707 10762 10807 10838 10848 10891 10921 10957 10996 11069 11119 11121 11125 11127 11129 11158 11159 11164 11165 11166 11167 11168 11169 11170 11171 11172 11173 11174 11175 11176 11177 11178 11179 11180 11181 11182 11183 11184 11185 11186 11187 11188 11189 11190 11203 11204 11205 11206 11207 11208 11209 11210 11211 11212 11213 11214 11215 11216 11217 11218 11219 11220 11221 11228 11229 11230 11231 11232 11233 11234 11235 11236 11237 11238 11239 11240 11241 11242 11243 11244 11245 11246 11247 11248 11249 11250 11251 11252 11274 11275 11276 11277 11278 11279 11280 11281 11282 11283 11295 11296 11297 11298 11299 11300 11301 11302 11303 11304 11305 11306 11307 11308 11309 11310 11311 11312 11313 11314 11351 11352 11353 11354 11355 11356 11357 11358 11359 11360 11361 11362 11363 11364 11365 11366 11367 11368 11369 11370 11371 11372 11373 11374 11375 11376 11381 11382 11383 11384 11385 11386 11387 11388 11389 11390 11391 11392 11393 11394 11395 11396 11397 11398 11399 11400 11401 11402 11403 11404 11405 11406 11407 11438 11444 11445 11446 11447 11448 11449 11450 11451 11452 11453 11454 11455 11456 11457 11458 11459 11460 11461 11462 11463 11464 11465 11466 11467 11468 11469 11498 11499 11500 11531 11557 11558 11559 11560 11561 11562 11580 11581 11582 11583 11584 11585 11586 11587 11588 11589 11590 11591 11592 11593 11621 11622 11623 11624 11627 11628 11629 11630 11631 11632 11633 11634 11635 11636 11637 11638 11639 11640 11641 11642 11643 11644 11645 11646 11647 11648 11649 11650 11651 11652 11653 11654 11655 11671 11672 11673 11674 11675 11676 11677 11678 11679 11680 11681 11682 11683 11684 11685 11686 11689 11690 11691 11692 11693 11694 11695 11696 11697 11698 11699 11700 11701 11702 11703 11704 11705 11706 11707 11708 11709 11710 11711 11712 11713 11714 11715 11716 11717 11740 11741 11742 11743 11744 11745 11746 11747 11748 11751 11752 11753 11754 11755 11756 11757 11758 11759 11760 11761 11762 11763 11764 11765 11766 11767 11768 11769 11770 11771 11772 11773 11774 11775 11776 11777 11778 11779 11796 11797 11798 11799 11800 11801 11802 11803 11804 11805 11806 11807 11808 11809 11810 11824 11825 11826 11827 11828 11829 11830 11831 11832 11833 11834 11835 11836 11837 11838 11839 11840 11841 11865 11866 11867 11868 11869 11870 11871 11872 11893 11894 11895 11896 11897 11898 11899 11900 11901 11902 11903 11930 11931 11932 11933 11934 11959 11960 11961 11962 11963 11964 11965 11980 11981 11982 11983 11984 11985 11986 11987 11988 11989 11990 11991 11992 11993 11994 11995 11996 12016 12017 12018 12019 12020 12021 12022 12023 12024 12025 12026 12027 12058 12061 12062 12063 12064 12065 12066 12067 12068 12069 12070 12071 12072 12073 12074 12075 12076 12077 12078 12079 12080 12081 12082 12083 12084 12085 12086 12087 12088 12089 12091 12119 12125 12142 12190 12192 12250 12283 12354 12390 12429 12511 12566 12596 12632 12679 12739 12779 12816 12833 12882 12940 13013 13032 13107 13149 13177 13182 13183
c Using COMiniSatPS SAT solver by Chanseok Oh (2016)
[UWrMaxSAT] meta file: p4_A-n32-k5_r37v7k3.meta
[UWrMaxSAT] meta loaded OK.
[UWrMaxSAT] Loaded 3166 assumption literals from p4_A-n32-k5_r36v7k3.wcnf.asm
c Parsing MaxSAT file...
c Start timer (tic-tac ...)
c c Found solution: 1637983
c ============================[  Problem Statistics ]============================
c |  Number of variables:          7971                                         |
c |  Number of clauses:           48364 (incl.         1437 soft in queue)      |
c ===============================================================================
c [Elapsed time] 0.07 s
c Found solution: 1631823
c [UWrMaxSAT] Timeout reached.
c [1mOptimal solution: 1631823[0m
c _______________________________________________________________________________
c 
c restarts               : 16193316
c conflicts              : 115            (2 /sec)
c decisions              : 2406           (0.00 % random) (42 /sec)
c propagations           : 666079         (11740 /sec)
c conflict literals      : 170            (0.58 % deleted)
c =======================[ UWrMaxSat resources usage ]===========================
c Memory used            : 37.00 MB
c CPU time               : 56.7339 s
c _______________________________________________________________________________
o 1631823
s OPTIMUM FOUND
v 7 148 205 317 353 405 442 458 492 608 635 659 687 830 846 901 944 1014 1131 1172 1229 1266 1341 1352 1429 1466 1482 1511 1590 1659 1696 1711 1840 1870 1925 2020 2050 2052 2054 2056 2070 2071 2072 2073 2074 2075 2076 2077 2078 2079 2080 2081 2082 2083 2084 2085 2086 2088 2089 2090 2091 2092 2093 2094 2095 2096 2097 2098 2099 2100 2101 2102 2103 2104 2105 2106 2107 2108 2109 2110 2111 2112 2113 2114 2115 2116 2117 2119 2120 2121 2122 2123 2124 2125 2126 2127 2128 2129 2130 2131 2132 2133 2134 2135 2136 2137 2138 2139 2140 2141 2142 2143 2144 2145 2146 2147 2148 2150 2151 2152 2153 2154 2155 2156 2157 2158 2159 2160 2161 2162 2163 2164 2165 2166 2167 2168 2169 2170 2171 2172 2173 2174 2175 2176 2177 2178 2179 2186 2187 2188 2189 2190 2191 2192 2193 2194 2195 2196 2197 2198 2199 2200 2201 2202 2203 2204 2205 2206 2207 2208 2209 2210 2213 2214 2215 2216 2217 2218 2219 2220 2221 2222 2223 2224 2225 2226 2227 2228 2229 2230 2231 2232 2233 2234 2235 2236 2237 2238 2239 2240 2241 2265 2266 2267 2268 2269 2270 2271 2272 2274 2275 2276 2277 2278 2279 2280 2281 2282 2283 2284 2285 2286 2287 2288 2289 2290 2291 2292 2293 2294 2295 2296 2297 2298 2299 2300 2301 2302 2303 2306 2307 2308 2309 2310 2311 2312 2313 2314 2315 2316 2317 2318 2319 2320 2321 2322 2323 2324 2325 2326 2327 2328 2329 2330 2331 2332 2333 2334 2339 2340 2341 2342 2343 2344 2345 2346 2347 2348 2349 2350 2351 2352 2353 2354 2355 2356 2357 2358 2359 2360 2361 2362 2363 2364 2365 2367 2368 2369 2370 2371 2372 2373 2374 2375 2376 2377 2378 2379 2380 2381 2382 2383 2384 2385 2386 2387 2388 2389 2390 2391 2392 2393 2394 2395 2396 2410 2411 2412 2413 2414 2415 2416 2417 2418 2419 2420 2421 2422 2423 2424 2425 2426 2427 2452 2453 2454 2455 2456 2457 2458 2468 2469 2470 2471 2472 2473 2474 2475 2476 2477 2478 2479 2480 2481 2482 2483 2484 2485 2486 2487 2488 2489 2493 2494 2495 2496 2497 2498 2499 2500 2501 2502 2503 2504 2505 2506 2507 2508 2509 2510 2511 2512 2513 2514 2515 2516 2517 2518 2519 2520 2533 2534 2535 2536 2537 2538 2539 2540 2541 2542 2543 2544 2545 2546 2547 2548 2549 2550 2551 2554 2555 2556 2557 2558 2559 2560 2561 2562 2563 2564 2565 2566 2567 2568 2569 2570 2571 2572 2573 2574 2575 2576 2577 2578 2579 2580 2581 2582 2585 2586 2587 2588 2589 2590 2591 2592 2593 2594 2595 2596 2597 2598 2599 2600 2601 2602 2603 2604 2605 2606 2607 2608 2609 2610 2611 2612 2613 2640 2641 2642 2643 2644 2652 2653 2654 2655 2656 2657 2658 2659 2660 2661 2662 2663 2664 2665 2666 2667 2668 2669 2670 2671 2672 2673 2674 2675 2701 2702 2703 2704 2705 2706 2709 2710 2711 2712 2713 2714 2715 2716 2717 2718 2719 2720 2721 2722 2723 2724 2725 2726 2727 2728 2729 2730 2731 2732 2733 2734 2735 2736 2737 2739 2740 2741 2742 2743 2744 2745 2746 2747 2748 2749 2750 2751 2752 2753 2754 2755 2756 2757 2758 2759 2760 2761 2762 2763 2764 2765 2766 2767 2768 2795 2796 2797 2798 2799 2816 2817 2818 2819 2820 2821 2822 2823 2824 2825 2826 2827 2828 2829 2830 2841 2842 2843 2844 2845 2846 2847 2848 2849 2850 2851 2852 2853 2854 2855 2856 2857 2858 2859 2860 2861 2870 2871 2872 2873 2874 2875 2876 2877 2878 2879 2880 2881 2882 2883 2884 2885 2886 2887 2888 2889 2890 2891 2892 2894 2895 2896 2897 2898 2899 2900 2901 2902 2903 2904 2905 2906 2907 2908 2909 2910 2911 2912 2913 2914 2915 2916 2917 2918 2919 2920 2921 2922 2923 2929 2930 2931 2932 2933 2934 2935 2936 2937 2938 2939 2940 2941 2942 2943 2944 2945 2946 2947 2948 2949 2950 2951 2952 2953 2954 2966 2967 2968 2969 2970 2971 2972 2973 2974 2975 2976 2977 2978 2979 2980 2981 2982 2983 2984 2985 2987 2988 2989 2990 2991 2992 2993 2994 2995 2996 2997 2998 2999 3000 3001 3002 3003 3004 3005 3006 3007 3008 3009 3010 3011 3012 3013 3014 3015 3016 3031 3032 3033 3034 3035 3036 3037 3038 3039 3040 3041 3042 3043 3044 3045 3046 3047 3050 3051 3052 3053 3054 3055 3056 3057 3058 3059 3060 3061 3062 3063 3064 3065 3066 3067 3068 3069 3070 3071 3072 3073 3074 3075 3076 3077 3078 3080 3081 3082 3083 3084 3085 3086 3087 3088 3089 3090 3091 3092 3093 3094 3095 3096 3097 3098 3099 3100 3101 3102 3103 3104 3105 3106 3107 3108 3109 3111 3112 3113 3114 3115 3116 3117 3118 3119 3120 3121 3122 3123 3124 3125 3126 3127 3128 3129 3130 3131 3132 3133 3134 3135 3136 3137 3138 3139 3140 3156 3157 3158 3159 3160 3161 3162 3163 3164 3165 3166 3167 3168 3169 3170 3171 3173 3174 3175 3176 3177 3178 3179 3180 3181 3182 3183 3184 3185 3186 3187 3188 3189 3190 3191 3192 3193 3194 3195 3196 3197 3198 3199 3200 3201 3202 3232 3233 3237 3238 3239 3240 3241 3242 3243 3244 3245 3246 3247 3248 3249 3250 3251 3252 3253 3254 3255 3256 3257 3258 3259 3260 3261 3262 3263 3264 3295 3309 3310 3311 3312 3313 3314 3315 3316 3317 3318 3319 3320 3321 3322 3323 3324 3325 3326 3329 3330 3331 3332 3333 3334 3335 3336 3337 3338 3339 3340 3341 3342 3343 3344 3345 3346 3347 3348 3349 3350 3351 3352 3353 3354 3355 3356 3357 3373 3374 3375 3376 3377 3378 3379 3380 3381 3382 3383 3384 3385 3386 3387 3388 3419 3446 3447 3448 3449 3450 3463 3464 3465 3466 3467 3468 3469 3470 3471 3472 3473 3474 3475 3476 3477 3478 3479 3480 3481 3510 3511 3512 3517 3518 3519 3520 3521 3522 3523 3524 3525 3526 3527 3528 3529 3530 3531 3532 3533 3534 3535 3536 3537 3538 3539 3540 3541 3542 3543 3554 3555 3556 3557 3558 3559 3560 3561 3562 3563 3564 3565 3566 3567 3568 3569 3570 3571 3572 3573 3574 3578 3579 3580 3581 3582 3583 3584 3585 3586 3587 3588 3589 3590 3591 3592 3593 3594 3595 3596 3597 3598 3599 3600 3601 3602 3603 3604 3605 3622 3623 3624 3625 3626 3627 3628 3629 3630 3631 3632 3633 3634 3635 3636 3679 3680 3681 3682 3683 3684 3685 3686 3687 3688 3689 3690 3691 3692 3693 3694 3695 3696 3697 3698 3700 3701 3702 3703 3704 3705 3706 3707 3708 3709 3710 3711 3712 3713 3714 3715 3716 3717 3718 3719 3720 3721 3722 3723 3724 3725 3726 3727 3728 3729 3760 3819 3820 3821 3822 3848 3849 3850 3851 3852 3853 3856 3857 3858 3859 3860 3861 3862 3863 3864 3865 3866 3867 3868 3869 3870 3871 3872 3873 3874 3875 3876 3877 3878 3879 3880 3881 3882 3883 3884 3899 3900 3901 3902 3903 3904 3905 3906 3907 3908 3909 3910 3911 3912 3913 3914 3915 3946 3948 3949 3950 3951 3952 3953 3954 3955 3956 3957 3958 3959 3960 3961 3962 3963 3964 3965 3966 3967 3968 3969 3970 3971 3972 3973 3974 3975 3976 3977 3979 4008 4116 4145 4185 4227 4266 4295 4316 4383 4435 4462 4502 4535 4544 4585 4605 4645 4673 4728 4770 4806 4844 4879 4946 4973 5003 5022 5023 5024 5035 5036 5037 5038 5039 5040 5041 5042 5043 5044 5045 5046 5047 5048 5049 5050 5051 5052 5053 5054 5055 5056 5057 5061 5062 5063 5064 5065 5066 5067 5068 5069 5070 5071 5072 5073 5074 5075 5076 5077 5078 5079 5080 5081 5082 5083 5084 5085 5086 5087 5088 5091 5092 5093 5094 5095 5096 5097 5098 5099 5100 5101 5102 5103 5104 5105 5106 5107 5108 5109 5110 5111 5112 5113 5114 5115 5116 5117 5118 5119 5148 5149 5150 5166 5167 5168 5169 5170 5171 5172 5173 5174 5175 5176 5177 5178 5179 5180 5181 5184 5185 5186 5187 5188 5189 5190 5191 5192 5193 5194 5195 5196 5197 5198 5199 5200 5201 5202 5203 5204 5205 5206 5207 5208 5209 5210 5211 5212 5220 5221 5222 5223 5224 5225 5226 5227 5228 5229 5230 5231 5232 5233 5234 5235 5236 5237 5238 5239 5240 5241 5242 5243 5270 5271 5272 5273 5274 5299 5300 5301 5302 5303 5304 5305 5327 5328 5329 5330 5331 5332 5333 5334 5335 5336 5364 5365 5366 5367 5398 5405 5406 5407 5408 5409 5410 5411 5412 5413 5414 5415 5416 5417 5418 5419 5420 5421 5422 5423 5424 5425 5426 5427 5428 5429 5442 5443 5444 5445 5446 5447 5448 5449 5450 5451 5452 5453 5454 5455 5456 5457 5458 5459 5460 5483 5484 5485 5486 5487 5488 5489 5490 5491 5501 5502 5503 5504 5505 5506 5507 5508 5509 5510 5511 5512 5513 5514 5515 5516 5517 5518 5519 5520 5521 5522 5526 5527 5528 5529 5530 5531 5532 5533 5534 5535 5536 5537 5538 5539 5540 5541 5542 5543 5544 5545 5546 5547 5548 5549 5550 5551 5552 5553 5579 5580 5581 5582 5583 5584 5587 5588 5589 5590 5591 5592 5593 5594 5595 5596 5597 5598 5599 5600 5601 5602 5603 5604 5605 5606 5607 5608 5609 5610 5611 5612 5613 5614 5615 5630 5631 5632 5633 5634 5635 5636 5637 5638 5639 5640 5641 5642 5643 5644 5645 5646 5652 5653 5654 5655 5656 5657 5658 5659 5660 5661 5662 5663 5664 5665 5666 5667 5668 5669 5670 5671 5672 5673 5674 5675 5676 5677 5701 5702 5703 5704 5705 5706 5707 5708 5739 5770 5791 5792 5793 5794 5795 5796 5797 5798 5799 5800 5801 5813 5814 5815 5816 5817 5818 5819 5820 5821 5822 5823 5824 5825 5826 5827 5828 5829 5830 5831 5832 5846 5847 5848 5849 5850 5851 5852 5853 5854 5855 5856 5857 5858 5859 5860 5861 5862 5863 5893 5894 5925 5936 5937 5938 5939 5940 5941 5942 5943 5944 5945 5946 5947 5948 5949 5950 5951 5952 5953 5954 5955 5956 5961 5962 5963 5964 5965 5966 5967 5968 5969 5970 5971 5972 5973 5974 5975 5976 5977 5978 5979 5980 5981 5982 5983 5984 5985 5986 5987 5991 5999 6001 6006 6016 6116 6157 6214 6251 6287 6326 6337 6362 6414 6451 6467 6501 6540 6562 6617 6644 6680 6696 6741 6839 6855 6877 6910 6953 6986 7024 7042 7043 7044 7047 7051 7076 7077 7078 7079 7080 7081 7084 7085 7086 7087 7088 7089 7090 7091 7092 7093 7094 7095 7096 7097 7098 7099 7100 7101 7102 7103 7104 7105 7106 7107 7108 7109 7110 7111 7112 7115 7116 7117 7118 7119 7120 7121 7122 7123 7124 7125 7126 7127 7128 7129 7130 7131 7132 7133 7134 7135 7136 7137 7138 7139 7140 7141 7142 7143 7152 7153 7154 7155 7156 7157 7158 7159 7160 7161 7162 7163 7164 7165 7166 7167 7168 7169 7170 7171 7172 7173 7174 7192 7193 7194 7195 7196 7197 7198 7199 7200 7201 7202 7203 7204 7205 7208 7209 7210 7211 7212 7213 7214 7215 7216 7217 7218 7219 7220 7221 7222 7223 7224 7225 7226 7227 7228 7229 7230 7231 7232 7233 7234 7235 7236 7263 7264 7265 7266 7267 7278 7279 7280 7281 7282 7283 7284 7285 7286 7287 7288 7289 7290 7291 7292 7293 7294 7295 7296 7297 7298 7311 7312 7313 7314 7315 7316 7317 7318 7319 7320 7321 7322 7323 7324 7325 7326 7327 7328 7329 7345 7346 7347 7348 7349 7350 7351 7352 7353 7354 7355 7356 7357 7358 7359 7360 7370 7371 7372 7373 7374 7375 7376 7377 7378 7379 7380 7381 7382 7383 7384 7385 7386 7387 7388 7389 7390 7391 7416 7417 7418 7419 7420 7421 7422 7450 7451 7452 7453 7474 7475 7476 7477 7478 7479 7480 7481 7482 7483 7484 7499 7500 7501 7502 7503 7504 7505 7506 7507 7508 7509 7510 7511 7512 7513 7514 7515 7539 7540 7541 7542 7543 7544 7545 7546 7577 7589 7590 7591 7592 7593 7594 7595 7596 7597 7598 7599 7600 7601 7602 7603 7604 7605 7606 7607 7608 7658 7659 7660 7661 7662 7663 7664 7665 7666 7667 7668 7669 7670 7699 7700 7701 7715 7716 7717 7718 7719 7720 7721 7722 7723 7724 7725 7726 7727 7728 7729 7730 7731 7732 7739 7740 7741 7742 7743 7744 7745 7746 7747 7748 7749 7750 7751 7752 7753 7754 7755 7756 7757 7758 7759 7760 7761 7762 7763 7794 7847 7848 7849 7850 7851 7852 7853 7854 7855 7856 7876 7877 7878 7879 7880 7881 7882 7883 7884 7885 7886 7887 7895 7896 7897 7898 7899 7900 7901 7902 7903 7904 7905 7906 7907 7908 7909 7910 7911 7912 7913 7914 7915 7916 7917 7918 7935 7936 7937 7938 7939 7940 7941 7942 7943 7944 7945 7946 7947 7948 7949 7972 7973 7974 7975 7976 7977 7978 7979 7980 8010 8011 8016 8074 8160 8193 8228 8244 8271 8310 8360 8427 8479 8506 8542 8579 8588 8629 8649 8689 8717 8742 8850 8888 8923 8947 9017 9047 9073 9081 9083 9084 9114 9138 9139 9140 9141 9142 9143 9144 9145 9176 9197 9198 9199 9200 9201 9202 9203 9204 9205 9206 9207 9220 9221 9222 9223 9224 9225 9226 9227 9228 9229 9230 9231 9232 9233 9234 9235 9236 9237 9238 9269 9276 9277 9278 9279 9280 9281 9282 9283 9284 9285 9286 9287 9288 9289 9290 9291 9292 9293 9294 9295 9296 9297 9298 9299 9300 9319 9320 9321 9322 9323 9324 9325 9326 9327 9328 9329 9330 9331 9348 9349 9350 9351 9352 9353 9354 9355 9356 9357 9358 9359 9360 9361 9362 9393 9413 9414 9415 9416 9417 9418 9419 9420 9421 9422 9423 9424 9455 9461 9462 9463 9464 9465 9466 9467 9468 9469 9470 9471 9472 9473 9474 9475 9476 9477 9478 9479 9480 9481 9482 9483 9484 9485 9486 9496 9497 9498 9499 9500 9501 9502 9503 9504 9505 9506 9507 9508 9509 9510 9511 9512 9513 9514 9515 9516 9517 9532 9533 9534 9535 9536 9537 9538 9539 9540 9541 9542 9543 9544 9545 9546 9547 9548 9556 9557 9558 9559 9560 9561 9562 9563 9564 9565 9566 9567 9568 9569 9570 9571 9572 9573 9574 9575 9576 9577 9578 9579 9582 9583 9584 9585 9586 9587 9588 9589 9590 9591 9592 9593 9594 9595 9596 9597 9598 9599 9600 9601 9602 9603 9604 9605 9606 9607 9608 9609 9610 9628 9629 9630 9631 9632 9633 9634 9635 9636 9637 9638 9639 9640 9641 9643 9644 9645 9646 9647 9648 9649 9650 9651 9652 9653 9654 9655 9656 9657 9658 9659 9660 9661 9662 9663 9664 9665 9666 9667 9668 9669 9670 9671 9672 9684 9685 9686 9687 9688 9689 9690 9691 9692 9693 9694 9695 9696 9697 9698 9699 9700 9701 9702 9703 9708 9709 9710 9711 9712 9713 9714 9715 9716 9717 9718 9719 9720 9721 9722 9723 9724 9725 9726 9727 9728 9729 9730 9731 9732 9733 9734 9750 9751 9752 9753 9754 9755 9756 9757 9758 9759 9760 9761 9762 9763 9764 9765 9788 9789 9790 9791 9792 9793 9794 9795 9796 9827 9867 9868 9869 9870 9871 9872 9873 9874 9875 9876 9877 9878 9879 9880 9881 9882 9883 9884 9885 9886 9887 9888 9889 9900 9901 9902 9903 9904 9905 9906 9907 9908 9909 9910 9911 9912 9913 9914 9915 9916 9917 9918 9919 9920 9942 9943 9944 9945 9946 9947 9948 9949 9950 9951 9965 9966 9967 9968 9969 9970 9971 9972 9973 9974 9975 9976 9977 9978 9979 9980 9981 9982 10013 10017 10018 10019 10020 10021 10022 10023 10024 10025 10026 10027 10028 10029 10030 10031 10032 10033 10034 10035 10036 10037 10038 10039 10040 10041 10042 10043 10044 10066 10088 10113 10162 10223 10238 10299 10428 10466 10517 10552 10567 10641 10707 10762 10807 10838 10848 10891 10921 10957 10996 11069 11119 11121 11125 11127 11129 11158 11159 11164 11165 11166 11167 11168 11169 11170 11171 11172 11173 11174 11175 11176 11177 11178 11179 11180 11181 11182 11183 11184 11185 11186 11187 11188 11189 11190 11203 11204 11205 11206 11207 11208 11209 11210 11211 11212 11213 11214 11215 11216 11217 11218 11219 11220 11221 11224 11225 11226 11227 11228 11229 11230 11231 11232 11233 11234 11235 11236 11237 11238 11239 11240 11241 11242 11243 11244 11245 11246 11247 11248 11249 11250 11251 11252 11274 11275 11276 11277 11278 11279 11280 11281 11282 11283 11295 11296 11297 11298 11299 11300 11301 11302 11303 11304 11305 11306 11307 11308 11309 11310 11311 11312 11313 11314 11349 11350 11351 11352 11353 11354 11355 11356 11357 11358 11359 11360 11361 11362 11363 11364 11365 11366 11367 11368 11369 11370 11371 11372 11373 11374 11375 11376 11379 11380 11381 11382 11383 11384 11385 11386 11387 11388 11389 11390 11391 11392 11393 11394 11395 11396 11397 11398 11399 11400 11401 11402 11403 11404 11405 11406 11407 11438 11441 11442 11443 11444 11445 11446 11447 11448 11449 11450 11451 11452 11453 11454 11455 11456 11457 11458 11459 11460 11461 11462 11463 11464 11465 11466 11467 11468 11469 11498 11499 11500 11531 11557 11558 11559 11560 11561 11562 11580 11581 11582 11583 11584 11585 11586 11587 11588 11589 11590 11591 11592 11593 11621 11622 11623 11624 11627 11628 11629 11630 11631 11632 11633 11634 11635 11636 11637 11638 11639 11640 11641 11642 11643 11644 11645 11646 11647 11648 11649 11650 11651 11652 11653 11654 11655 11671 11672 11673 11674 11675 11676 11677 11678 11679 11680 11681 11682 11683 11684 11685 11686 11689 11690 11691 11692 11693 11694 11695 11696 11697 11698 11699 11700 11701 11702 11703 11704 11705 11706 11707 11708 11709 11710 11711 11712 11713 11714 11715 11716 11717 11740 11741 11742 11743 11744 11745 11746 11747 11748 11751 11752 11753 11754 11755 11756 11757 11758 11759 11760 11761 11762 11763 11764 11765 11766 11767 11768 11769 11770 11771 11772 11773 11774 11775 11776 11777 11778 11779 11796 11797 11798 11799 11800 11801 11802 11803 11804 11805 11806 11807 11808 11809 11810 11824 11825 11826 11827 11828 11829 11830 11831 11832 11833 11834 11835 11836 11837 11838 11839 11840 11841 11865 11866 11867 11868 11869 11870 11871 11872 11893 11894 11895 11896 11897 11898 11899 11900 11901 11902 11903 11930 11931 11932 11933 11934 11959 11960 11961 11962 11963 11964 11965 11980 11981 11982 11983 11984 11985 11986 11987 11988 11989 11990 11991 11992 11993 11994 11995 11996 12016 12017 12018 12019 12020 12021 12022 12023 12024 12025 12026 12027 12058 12061 12062 12063 12064 12065 12066 12067 12068 12069 12070 12071 12072 12073 12074 12075 12076 12077 12078 12079 12080 12081 12082 12083 12084 12085 12086 12087 12088 12089 12091 12119 12125 12142 12190 12192 12250 12283 12354 12390 12429 12511 12566 12596 12632 12679 12739 12779 12816 12833 12882 12940 13013 13032 13107 13149 13177 13182 13183 13199 13200 13201 13202 13203 13204 13205 13206 13207 13208 13209 13210 13211 13212 13213 13214 13215 13216 13278 13306 13307 13308 13309 13329 13330 13331 13332 13333 13334 13335 13336 13337 13338 13339 13340 13371 13402 13429 13430 13431 13432 13433 13459 13460 13461 13462 13463 13464 13486 13487 13488 13489 13490 13491 13492 13493 13494 13495 13557 13570 13571 13572 13573 13574 13575 13576 13577 13578 13579 13580 13581 13582 13583 13584 13585 13586 13587 13588 13605 13606 13607 13608 13609 13610 13611 13612 13613 13614 13615 13616 13617 13618 13619 13642 13643 13644 13645 13646 13647 13648 13649 13650 13665 13666 13667 13668 13669 13670 13671 13672 13673 13674 13675 13676 13677 13678 13679 13680 13681 13712 13737 13738 13739 13740 13741 13742 13743 13793 13794 13795 13796 13797 13798 13799 13800 13801 13802 13803 13804 13805 13817 13818 13819 13820 13821 13822 13823 13824 13825 13826 13827 13828 13829 13830 13831 13832 13833 13834 13835 13836 13860 13861 13862 13863 13864 13865 13866 13867 13897 13898 13916 13917 13918 13919 13920 13921 13922 13923 13924 13925 13926 13927 13928 13929 13976 13977 13978 13979 13980 13981 13982 13983 13984 13985 13986 13987 13988 13989 13990 13991 14022 14051 14052 14053 14074 14075 14076 14077 14078 14079 14080 14081 14082 14083 14084 14115 14126 14127 14128 14129 14130 14131 14132 14133 14134 14135 14136 14137 14138 14139 14140 14141 14142 14143 14144 14145 14146 14151
c Using COMiniSatPS SAT solver by Chanseok Oh (2016)
[UWrMaxSAT] meta file: p4_A-n32-k5_r38v7k3.meta
[UWrMaxSAT] meta loaded OK.
[UWrMaxSAT] Loaded 3419 assumption literals from p4_A-n32-k5_r37v7k3.wcnf.asm
c Parsing MaxSAT file...
c Start timer (tic-tac ...)
c c Found solution: 1688257
c ============================[  Problem Statistics ]============================
c |  Number of variables:          7978                                         |
c |  Number of clauses:           48627 (incl.         1444 soft in queue)      |
c ===============================================================================
c [Elapsed time] 0.07 s
c Found solution: 1680195
c [UWrMaxSAT] Timeout reached.
c [1mOptimal solution: 1680195[0m
c _______________________________________________________________________________
c 
c restarts               : 14968635
c conflicts              : 99             (2 /sec)
c decisions              : 2151           (0.00 % random) (38 /sec)
c propagations           : 359032         (6316 /sec)
c conflict literals      : 96             (0.00 % deleted)
c =======================[ UWrMaxSat resources usage ]===========================
c Memory used            : 37.00 MB
c CPU time               : 56.8487 s
c _______________________________________________________________________________
o 1680195
s OPTIMUM FOUND
v 7 148 205 317 353 405 442 458 492 608 635 659 687 830 846 901 944 1014 1131 1172 1229 1266 1341 1352 1429 1466 1482 1511 1590 1659 1696 1711 1840 1870 1925 2020 2050 2052 2054 2056 2070 2071 2072 2073 2074 2075 2076 2077 2078 2079 2080 2081 2082 2083 2084 2085 2086 2088 2089 2090 2091 2092 2093 2094 2095 2096 2097 2098 2099 2100 2101 2102 2103 2104 2105 2106 2107 2108 2109 2110 2111 2112 2113 2114 2115 2116 2117 2119 2120 2121 2122 2123 2124 2125 2126 2127 2128 2129 2130 2131 2132 2133 2134 2135 2136 2137 2138 2139 2140 2141 2142 2143 2144 2145 2146 2147 2148 2150 2151 2152 2153 2154 2155 2156 2157 2158 2159 2160 2161 2162 2163 2164 2165 2166 2167 2168 2169 2170 2171 2172 2173 2174 2175 2176 2177 2178 2179 2186 2187 2188 2189 2190 2191 2192 2193 2194 2195 2196 2197 2198 2199 2200 2201 2202 2203 2204 2205 2206 2207 2208 2209 2210 2213 2214 2215 2216 2217 2218 2219 2220 2221 2222 2223 2224 2225 2226 2227 2228 2229 2230 2231 2232 2233 2234 2235 2236 2237 2238 2239 2240 2241 2265 2266 2267 2268 2269 2270 2271 2272 2274 2275 2276 2277 2278 2279 2280 2281 2282 2283 2284 2285 2286 2287 2288 2289 2290 2291 2292 2293 2294 2295 2296 2297 2298 2299 2300 2301 2302 2303 2306 2307 2308 2309 2310 2311 2312 2313 2314 2315 2316 2317 2318 2319 2320 2321 2322 2323 2324 2325 2326 2327 2328 2329 2330 2331 2332 2333 2334 2339 2340 2341 2342 2343 2344 2345 2346 2347 2348 2349 2350 2351 2352 2353 2354 2355 2356 2357 2358 2359 2360 2361 2362 2363 2364 2365 2367 2368 2369 2370 2371 2372 2373 2374 2375 2376 2377 2378 2379 2380 2381 2382 2383 2384 2385 2386 2387 2388 2389 2390 2391 2392 2393 2394 2395 2396 2410 2411 2412 2413 2414 2415 2416 2417 2418 2419 2420 2421 2422 2423 2424 2425 2426 2427 2452 2453 2454 2455 2456 2457 2458 2468 2469 2470 2471 2472 2473 2474 2475 2476 2477 2478 2479 2480 2481 2482 2483 2484 2485 2486 2487 2488 2489 2493 2494 2495 2496 2497 2498 2499 2500 2501 2502 2503 2504 2505 2506 2507 2508 2509 2510 2511 2512 2513 2514 2515 2516 2517 2518 2519 2520 2533 2534 2535 2536 2537 2538 2539 2540 2541 2542 2543 2544 2545 2546 2547 2548 2549 2550 2551 2554 2555 2556 2557 2558 2559 2560 2561 2562 2563 2564 2565 2566 2567 2568 2569 2570 2571 2572 2573 2574 2575 2576 2577 2578 2579 2580 2581 2582 2585 2586 2587 2588 2589 2590 2591 2592 2593 2594 2595 2596 2597 2598 2599 2600 2601 2602 2603 2604 2605 2606 2607 2608 2609 2610 2611 2612 2613 2640 2641 2642 2643 2644 2652 2653 2654 2655 2656 2657 2658 2659 2660 2661 2662 2663 2664 2665 2666 2667 2668 2669 2670 2671 2672 2673 2674 2675 2701 2702 2703 2704 2705 2706 2709 2710 2711 2712 2713 2714 2715 2716 2717 2718 2719 2720 2721 2722 2723 2724 2725 2726 2727 2728 2729 2730 2731 2732 2733 2734 2735 2736 2737 2739 2740 2741 2742 2743 2744 2745 2746 2747 2748 2749 2750 2751 2752 2753 2754 2755 2756 2757 2758 2759 2760 2761 2762 2763 2764 2765 2766 2767 2768 2795 2796 2797 2798 2799 2816 2817 2818 2819 2820 2821 2822 2823 2824 2825 2826 2827 2828 2829 2830 2841 2842 2843 2844 2845 2846 2847 2848 2849 2850 2851 2852 2853 2854 2855 2856 2857 2858 2859 2860 2861 2870 2871 2872 2873 2874 2875 2876 2877 2878 2879 2880 2881 2882 2883 2884 2885 2886 2887 2888 2889 2890 2891 2892 2894 2895 2896 2897 2898 2899 2900 2901 2902 2903 2904 2905 2906 2907 2908 2909 2910 2911 2912 2913 2914 2915 2916 2917 2918 2919 2920 2921 2922 2923 2929 2930 2931 2932 2933 2934 2935 2936 2937 2938 2939 2940 2941 2942 2943 2944 2945 2946 2947 2948 2949 2950 2951 2952 2953 2954 2966 2967 2968 2969 2970 2971 2972 2973 2974 2975 2976 2977 2978 2979 2980 2981 2982 2983 2984 2985 2987 2988 2989 2990 2991 2992 2993 2994 2995 2996 2997 2998 2999 3000 3001 3002 3003 3004 3005 3006 3007 3008 3009 3010 3011 3012 3013 3014 3015 3016 3031 3032 3033 3034 3035 3036 3037 3038 3039 3040 3041 3042 3043 3044 3045 3046 3047 3050 3051 3052 3053 3054 3055 3056 3057 3058 3059 3060 3061 3062 3063 3064 3065 3066 3067 3068 3069 3070 3071 3072 3073 3074 3075 3076 3077 3078 3080 3081 3082 3083 3084 3085 3086 3087 3088 3089 3090 3091 3092 3093 3094 3095 3096 3097 3098 3099 3100 3101 3102 3103 3104 3105 3106 3107 3108 3109 3111 3112 3113 3114 3115 3116 3117 3118 3119 3120 3121 3122 3123 3124 3125 3126 3127 3128 3129 3130 3131 3132 3133 3134 3135 3136 3137 3138 3139 3140 3156 3157 3158 3159 3160 3161 3162 3163 3164 3165 3166 3167 3168 3169 3170 3171 3173 3174 3175 3176 3177 3178 3179 3180 3181 3182 3183 3184 3185 3186 3187 3188 3189 3190 3191 3192 3193 3194 3195 3196 3197 3198 3199 3200 3201 3202 3232 3233 3237 3238 3239 3240 3241 3242 3243 3244 3245 3246 3247 3248 3249 3250 3251 3252 3253 3254 3255 3256 3257 3258 3259 3260 3261 3262 3263 3264 3295 3309 3310 3311 3312 3313 3314 3315 3316 3317 3318 3319 3320 3321 3322 3323 3324 3325 3326 3329 3330 3331 3332 3333 3334 3335 3336 3337 3338 3339 3340 3341 3342 3343 3344 3345 3346 3347 3348 3349 3350 3351 3352 3353 3354 3355 3356 3357 3373 3374 3375 3376 3377 3378 3379 3380 3381 3382 3383 3384 3385 3386 3387 3388 3419 3446 3447 3448 3449 3450 3463 3464 3465 3466 3467 3468 3469 3470 3471 3472 3473 3474 3475 3476 3477 3478 3479 3480 3481 3510 3511 3512 3517 3518 3519 3520 3521 3522 3523 3524 3525 3526 3527 3528 3529 3530 3531 3532 3533 3534 3535 3536 3537 3538 3539 3540 3541 3542 3543 3554 3555 3556 3557 3558 3559 3560 3561 3562 3563 3564 3565 3566 3567 3568 3569 3570 3571 3572 3573 3574 3578 3579 3580 3581 3582 3583 3584 3585 3586 3587 3588 3589 3590 3591 3592 3593 3594 3595 3596 3597 3598 3599 3600 3601 3602 3603 3604 3605 3622 3623 3624 3625 3626 3627 3628 3629 3630 3631 3632 3633 3634 3635 3636 3679 3680 3681 3682 3683 3684 3685 3686 3687 3688 3689 3690 3691 3692 3693 3694 3695 3696 3697 3698 3700 3701 3702 3703 3704 3705 3706 3707 3708 3709 3710 3711 3712 3713 3714 3715 3716 3717 3718 3719 3720 3721 3722 3723 3724 3725 3726 3727 3728 3729 3760 3819 3820 3821 3822 3848 3849 3850 3851 3852 3853 3856 3857 3858 3859 3860 3861 3862 3863 3864 3865 3866 3867 3868 3869 3870 3871 3872 3873 3874 3875 3876 3877 3878 3879 3880 3881 3882 3883 3884 3899 3900 3901 3902 3903 3904 3905 3906 3907 3908 3909 3910 3911 3912 3913 3914 3915 3946 3948 3949 3950 3951 3952 3953 3954 3955 3956 3957 3958 3959 3960 3961 3962 3963 3964 3965 3966 3967 3968 3969 3970 3971 3972 3973 3974 3975 3976 3977 3979 4008 4116 4145 4185 4227 4266 4295 4316 4383 4435 4462 4502 4535 4544 4585 4605 4645 4673 4728 4770 4806 4844 4879 4946 4973 5003 5022 5023 5024 5035 5036 5037 5038 5039 5040 5041 5042 5043 5044 5045 5046 5047 5048 5049 5050 5051 5052 5053 5054 5055 5056 5057 5061 5062 5063 5064 5065 5066 5067 5068 5069 5070 5071 5072 5073 5074 5075 5076 5077 5078 5079 5080 5081 5082 5083 5084 5085 5086 5087 5088 5091 5092 5093 5094 5095 5096 5097 5098 5099 5100 5101 5102 5103 5104 5105 5106 5107 5108 5109 5110 5111 5112 5113 5114 5115 5116 5117 5118 5119 5148 5149 5150 5166 5167 5168 5169 5170 5171 5172 5173 5174 5175 5176 5177 5178 5179 5180 5181 5184 5185 5186 5187 5188 5189 5190 5191 5192 5193 5194 5195 5196 5197 5198 5199 5200 5201 5202 5203 5204 5205 5206 5207 5208 5209 5210 5211 5212 5220 5221 5222 5223 5224 5225 5226 5227 5228 5229 5230 5231 5232 5233 5234 5235 5236 5237 5238 5239 5240 5241 5242 5243 5270 5271 5272 5273 5274 5299 5300 5301 5302 5303 5304 5305 5327 5328 5329 5330 5331 5332 5333 5334 5335 5336 5364 5365 5366 5367 5398 5405 5406 5407 5408 5409 5410 5411 5412 5413 5414 5415 5416 5417 5418 5419 5420 5421 5422 5423 5424 5425 5426 5427 5428 5429 5442 5443 5444 5445 5446 5447 5448 5449 5450 5451 5452 5453 5454 5455 5456 5457 5458 5459 5460 5483 5484 5485 5486 5487 5488 5489 5490 5491 5501 5502 5503 5504 5505 5506 5507 5508 5509 5510 5511 5512 5513 5514 5515 5516 5517 5518 5519 5520 5521 5522 5526 5527 5528 5529 5530 5531 5532 5533 5534 5535 5536 5537 5538 5539 5540 5541 5542 5543 5544 5545 5546 5547 5548 5549 5550 5551 5552 5553 5579 5580 5581 5582 5583 5584 5587 5588 5589 5590 5591 5592 5593 5594 5595 5596 5597 5598 5599 5600 5601 5602 5603 5604 5605 5606 5607 5608 5609 5610 5611 5612 5613 5614 5615 5630 5631 5632 5633 5634 5635 5636 5637 5638 5639 5640 5641 5642 5643 5644 5645 5646 5652 5653 5654 5655 5656 5657 5658 5659 5660 5661 5662 5663 5664 5665 5666 5667 5668 5669 5670 5671 5672 5673 5674 5675 5676 5677 5701 5702 5703 5704 5705 5706 5707 5708 5739 5770 5791 5792 5793 5794 5795 5796 5797 5798 5799 5800 5801 5813 5814 5815 5816 5817 5818 5819 5820 5821 5822 5823 5824 5825 5826 5827 5828 5829 5830 5831 5832 5846 5847 5848 5849 5850 5851 5852 5853 5854 5855 5856 5857 5858 5859 5860 5861 5862 5863 5893 5894 5925 5936 5937 5938 5939 5940 5941 5942 5943 5944 5945 5946 5947 5948 5949 5950 5951 5952 5953 5954 5955 5956 5961 5962 5963 5964 5965 5966 5967 5968 5969 5970 5971 5972 5973 5974 5975 5976 5977 5978 5979 5980 5981 5982 5983 5984 5985 5986 5987 5991 5999 6001 6006 6016 6116 6157 6214 6251 6287 6326 6337 6362 6414 6451 6467 6501 6540 6562 6617 6644 6680 6696 6741 6839 6855 6877 6910 6953 6986 7024 7042 7043 7044 7047 7051 7076 7077 7078 7079 7080 7081 7083 7084 7085 7086 7087 7088 7089 7090 7091 7092 7093 7094 7095 7096 7097 7098 7099 7100 7101 7102 7103 7104 7105 7106 7107 7108 7109 7110 7111 7112 7115 7116 7117 7118 7119 7120 7121 7122 7123 7124 7125 7126 7127 7128 7129 7130 7131 7132 7133 7134 7135 7136 7137 7138 7139 7140 7141 7142 7143 7152 7153 7154 7155 7156 7157 7158 7159 7160 7161 7162 7163 7164 7165 7166 7167 7168 7169 7170 7171 7172 7173 7174 7192 7193 7194 7195 7196 7197 7198 7199 7200 7201 7202 7203 7204 7205 7207 7208 7209 7210 7211 7212 7213 7214 7215 7216 7217 7218 7219 7220 7221 7222 7223 7224 7225 7226 7227 7228 7229 7230 7231 7232 7233 7234 7235 7236 7263 7264 7265 7266 7267 7278 7279 7280 7281 7282 7283 7284 7285 7286 7287 7288 7289 7290 7291 7292 7293 7294 7295 7296 7297 7298 7311 7312 7313 7314 7315 7316 7317 7318 7319 7320 7321 7322 7323 7324 7325 7326 7327 7328 7329 7345 7346 7347 7348 7349 7350 7351 7352 7353 7354 7355 7356 7357 7358 7359 7360 7370 7371 7372 7373 7374 7375 7376 7377 7378 7379 7380 7381 7382 7383 7384 7385 7386 7387 7388 7389 7390 7391 7416 7417 7418 7419 7420 7421 7422 7450 7451 7452 7453 7474 7475 7476 7477 7478 7479 7480 7481 7482 7483 7484 7499 7500 7501 7502 7503 7504 7505 7506 7507 7508 7509 7510 7511 7512 7513 7514 7515 7539 7540 7541 7542 7543 7544 7545 7546 7577 7589 7590 7591 7592 7593 7594 7595 7596 7597 7598 7599 7600 7601 7602 7603 7604 7605 7606 7607 7608 7658 7659 7660 7661 7662 7663 7664 7665 7666 7667 7668 7669 7670 7699 7700 7701 7715 7716 7717 7718 7719 7720 7721 7722 7723 7724 7725 7726 7727 7728 7729 7730 7731 7732 7739 7740 7741 7742 7743 7744 7745 7746 7747 7748 7749 7750 7751 7752 7753 7754 7755 7756 7757 7758 7759 7760 7761 7762 7763 7794 7847 7848 7849 7850 7851 7852 7853 7854 7855 7856 7876 7877 7878 7879 7880 7881 7882 7883 7884 7885 7886 7887 7895 7896 7897 7898 7899 7900 7901 7902 7903 7904 7905 7906 7907 7908 7909 7910 7911 7912 7913 7914 7915 7916 7917 7918 7935 7936 7937 7938 7939 7940 7941 7942 7943 7944 7945 7946 7947 7948 7949 7972 7973 7974 7975 7976 7977 7978 7979 7980 8010 8011 8016 8074 8160 8193 8228 8244 8271 8310 8360 8427 8479 8506 8542 8579 8588 8629 8649 8689 8717 8742 8850 8888 8923 8947 9017 9047 9073 9081 9083 9084 9114 9138 9139 9140 9141 9142 9143 9144 9145 9176 9197 9198 9199 9200 9201 9202 9203 9204 9205 9206 9207 9220 9221 9222 9223 9224 9225 9226 9227 9228 9229 9230 9231 9232 9233 9234 9235 9236 9237 9238 9269 9276 9277 9278 9279 9280 9281 9282 9283 9284 9285 9286 9287 9288 9289 9290 9291 9292 9293 9294 9295 9296 9297 9298 9299 9300 9319 9320 9321 9322 9323 9324 9325 9326 9327 9328 9329 9330 9331 9348 9349 9350 9351 9352 9353 9354 9355 9356 9357 9358 9359 9360 9361 9362 9393 9413 9414 9415 9416 9417 9418 9419 9420 9421 9422 9423 9424 9455 9461 9462 9463 9464 9465 9466 9467 9468 9469 9470 9471 9472 9473 9474 9475 9476 9477 9478 9479 9480 9481 9482 9483 9484 9485 9486 9496 9497 9498 9499 9500 9501 9502 9503 9504 9505 9506 9507 9508 9509 9510 9511 9512 9513 9514 9515 9516 9517 9532 9533 9534 9535 9536 9537 9538 9539 9540 9541 9542 9543 9544 9545 9546 9547 9548 9556 9557 9558 9559 9560 9561 9562 9563 9564 9565 9566 9567 9568 9569 9570 9571 9572 9573 9574 9575 9576 9577 9578 9579 9582 9583 9584 9585 9586 9587 9588 9589 9590 9591 9592 9593 9594 9595 9596 9597 9598 9599 9600 9601 9602 9603 9604 9605 9606 9607 9608 9609 9610 9628 9629 9630 9631 9632 9633 9634 9635 9636 9637 9638 9639 9640 9641 9643 9644 9645 9646 9647 9648 9649 9650 9651 9652 9653 9654 9655 9656 9657 9658 9659 9660 9661 9662 9663 9664 9665 9666 9667 9668 9669 9670 9671 9672 9684 9685 9686 9687 9688 9689 9690 9691 9692 9693 9694 9695 9696 9697 9698 9699 9700 9701 9702 9703 9708 9709 9710 9711 9712 9713 9714 9715 9716 9717 9718 9719 9720 9721 9722 9723 9724 9725 9726 9727 9728 9729 9730 9731 9732 9733 9734 9750 9751 9752 9753 9754 9755 9756 9757 9758 9759 9760 9761 9762 9763 9764 9765 9788 9789 9790 9791 9792 9793 9794 9795 9796 9827 9867 9868 9869 9870 9871 9872 9873 9874 9875 9876 9877 9878 9879 9880 9881 9882 9883 9884 9885 9886 9887 9888 9889 9900 9901 9902 9903 9904 9905 9906 9907 9908 9909 9910 9911 9912 9913 9914 9915 9916 9917 9918 9919 9920 9942 9943 9944 9945 9946 9947 9948 9949 9950 9951 9965 9966 9967 9968 9969 9970 9971 9972 9973 9974 9975 9976 9977 9978 9979 9980 9981 9982 10013 10017 10018 10019 10020 10021 10022 10023 10024 10025 10026 10027 10028 10029 10030 10031 10032 10033 10034 10035 10036 10037 10038 10039 10040 10041 10042 10043 10044 10066 10088 10113 10162 10223 10238 10299 10428 10466 10517 10552 10567 10641 10707 10762 10807 10838 10848 10891 10921 10957 10996 11069 11119 11121 11125 11127 11129 11158 11159 11164 11165 11166 11167 11168 11169 11170 11171 11172 11173 11174 11175 11176 11177 11178 11179 11180 11181 11182 11183 11184 11185 11186 11187 11188 11189 11190 11203 11204 11205 11206 11207 11208 11209 11210 11211 11212 11213 11214 11215 11216 11217 11218 11219 11220 11221 11224 11225 11226 11227 11228 11229 11230 11231 11232 11233 11234 11235 11236 11237 11238 11239 11240 11241 11242 11243 11244 11245 11246 11247 11248 11249 11250 11251 11252 11274 11275 11276 11277 11278 11279 11280 11281 11282 11283 11295 11296 11297 11298 11299 11300 11301 11302 11303 11304 11305 11306 11307 11308 11309 11310 11311 11312 11313 11314 11347 11348 11349 11350 11351 11352 11353 11354 11355 11356 11357 11358 11359 11360 11361 11362 11363 11364 11365 11366 11367 11368 11369 11370 11371 11372 11373 11374 11375 11376 11379 11380 11381 11382 11383 11384 11385 11386 11387 11388 11389 11390 11391 11392 11393 11394 11395 11396 11397 11398 11399 11400 11401 11402 11403 11404 11405 11406 11407 11438 11441 11442 11443 11444 11445 11446 11447 11448 11449 11450 11451 11452 11453 11454 11455 11456 11457 11458 11459 11460 11461 11462 11463 11464 11465 11466 11467 11468 11469 11498 11499 11500 11531 11557 11558 11559 11560 11561 11562 11580 11581 11582 11583 11584 11585 11586 11587 11588 11589 11590 11591 11592 11593 11621 11622 11623 11624 11627 11628 11629 11630 11631 11632 11633 11634 11635 11636 11637 11638 11639 11640 11641 11642 11643 11644 11645 11646 11647 11648 11649 11650 11651 11652 11653 11654 11655 11671 11672 11673 11674 11675 11676 11677 11678 11679 11680 11681 11682 11683 11684 11685 11686 11689 11690 11691 11692 11693 11694 11695 11696 11697 11698 11699 11700 11701 11702 11703 11704 11705 11706 11707 11708 11709 11710 11711 11712 11713 11714 11715 11716 11717 11740 11741 11742 11743 11744 11745 11746 11747 11748 11751 11752 11753 11754 11755 11756 11757 11758 11759 11760 11761 11762 11763 11764 11765 11766 11767 11768 11769 11770 11771 11772 11773 11774 11775 11776 11777 11778 11779 11796 11797 11798 11799 11800 11801 11802 11803 11804 11805 11806 11807 11808 11809 11810 11824 11825 11826 11827 11828 11829 11830 11831 11832 11833 11834 11835 11836 11837 11838 11839 11840 11841 11865 11866 11867 11868 11869 11870 11871 11872 11893 11894 11895 11896 11897 11898 11899 11900 11901 11902 11903 11930 11931 11932 11933 11934 11959 11960 11961 11962 11963 11964 11965 11980 11981 11982 11983 11984 11985 11986 11987 11988 11989 11990 11991 11992 11993 11994 11995 11996 12016 12017 12018 12019 12020 12021 12022 12023 12024 12025 12026 12027 12058 12061 12062 12063 12064 12065 12066 12067 12068 12069 12070 12071 12072 12073 12074 12075 12076 12077 12078 12079 12080 12081 12082 12083 12084 12085 12086 12087 12088 12089 12091 12119 12125 12142 12190 12192 12250 12283 12354 12390 12429 12511 12566 12596 12632 12679 12739 12779 12816 12833 12882 12940 13013 13032 13107 13149 13177 13182 13183 13199 13200 13201 13202 13203 13204 13205 13206 13207 13208 13209 13210 13211 13212 13213 13214 13215 13216 13278 13306 13307 13308 13309 13329 13330 13331 13332 13333 13334 13335 13336 13337 13338 13339 13340 13371 13402 13429 13430 13431 13432 13433 13459 13460 13461 13462 13463 13464 13486 13487 13488 13489 13490 13491 13492 13493 13494 13495 13557 13570 13571 13572 13573 13574 13575 13576 13577 13578 13579 13580 13581 13582 13583 13584 13585 13586 13587 13588 13605 13606 13607 13608 13609 13610 13611 13612 13613 13614 13615 13616 13617 13618 13619 13642 13643 13644 13645 13646 13647 13648 13649 13650 13665 13666 13667 13668 13669 13670 13671 13672 13673 13674 13675 13676 13677 13678 13679 13680 13681 13712 13737 13738 13739 13740 13741 13742 13743 13793 13794 13795 13796 13797 13798 13799 13800 13801 13802 13803 13804 13805 13817 13818 13819 13820 13821 13822 13823 13824 13825 13826 13827 13828 13829 13830 13831 13832 13833 13834 13835 13836 13860 13861 13862 13863 13864 13865 13866 13867 13897 13898 13916 13917 13918 13919 13920 13921 13922 13923 13924 13925 13926 13927 13928 13929 13976 13977 13978 13979 13980 13981 13982 13983 13984 13985 13986 13987 13988 13989 13990 13991 14022 14051 14052 14053 14074 14075 14076 14077 14078 14079 14080 14081 14082 14083 14084 14115 14126 14127 14128 14129 14130 14131 14132 14133 14134 14135 14136 14137 14138 14139 14140 14141 14142 14143 14144 14145 14146 14151 14161
c Using COMiniSatPS SAT solver by Chanseok Oh (2016)
[UWrMaxSAT] meta file: p4_A-n32-k5_r39v7k3.meta
[UWrMaxSAT] meta loaded OK.
[UWrMaxSAT] Loaded 3424 assumption literals from p4_A-n32-k5_r38v7k3.wcnf.asm
c Parsing MaxSAT file...
c Start timer (tic-tac ...)
c c Found solution: 1730098
c ============================[  Problem Statistics ]============================
c |  Number of variables:          7985                                         |
c |  Number of clauses:           48890 (incl.         1451 soft in queue)      |
c ===============================================================================
c [Elapsed time] 0.06 s
c Found solution: 1722969
c [UWrMaxSAT] Timeout reached inside slice loop. Stopping.
c *** Interrupted ***
c [1mSATISFIABLE: Best solution found: 1722969[0m
v 7 148 205 317 353 405 442 458 492 608 635 659 687 830 846 901 944 1014 1131 1172 1229 1266 1341 1352 1429 1466 1482 1511 1590 1659 1696 1711 1840 1870 1925 2020 2050 2052 2054 2056 2070 2071 2072 2073 2074 2075 2076 2077 2078 2079 2080 2081 2082 2083 2084 2085 2086 2088 2089 2090 2091 2092 2093 2094 2095 2096 2097 2098 2099 2100 2101 2102 2103 2104 2105 2106 2107 2108 2109 2110 2111 2112 2113 2114 2115 2116 2117 2119 2120 2121 2122 2123 2124 2125 2126 2127 2128 2129 2130 2131 2132 2133 2134 2135 2136 2137 2138 2139 2140 2141 2142 2143 2144 2145 2146 2147 2148 2150 2151 2152 2153 2154 2155 2156 2157 2158 2159 2160 2161 2162 2163 2164 2165 2166 2167 2168 2169 2170 2171 2172 2173 2174 2175 2176 2177 2178 2179 2186 2187 2188 2189 2190 2191 2192 2193 2194 2195 2196 2197 2198 2199 2200 2201 2202 2203 2204 2205 2206 2207 2208 2209 2210 2213 2214 2215 2216 2217 2218 2219 2220 2221 2222 2223 2224 2225 2226 2227 2228 2229 2230 2231 2232 2233 2234 2235 2236 2237 2238 2239 2240 2241 2265 2266 2267 2268 2269 2270 2271 2272 2274 2275 2276 2277 2278 2279 2280 2281 2282 2283 2284 2285 2286 2287 2288 2289 2290 2291 2292 2293 2294 2295 2296 2297 2298 2299 2300 2301 2302 2303 2306 2307 2308 2309 2310 2311 2312 2313 2314 2315 2316 2317 2318 2319 2320 2321 2322 2323 2324 2325 2326 2327 2328 2329 2330 2331 2332 2333 2334 2339 2340 2341 2342 2343 2344 2345 2346 2347 2348 2349 2350 2351 2352 2353 2354 2355 2356 2357 2358 2359 2360 2361 2362 2363 2364 2365 2367 2368 2369 2370 2371 2372 2373 2374 2375 2376 2377 2378 2379 2380 2381 2382 2383 2384 2385 2386 2387 2388 2389 2390 2391 2392 2393 2394 2395 2396 2410 2411 2412 2413 2414 2415 2416 2417 2418 2419 2420 2421 2422 2423 2424 2425 2426 2427 2452 2453 2454 2455 2456 2457 2458 2468 2469 2470 2471 2472 2473 2474 2475 2476 2477 2478 2479 2480 2481 2482 2483 2484 2485 2486 2487 2488 2489 2493 2494 2495 2496 2497 2498 2499 2500 2501 2502 2503 2504 2505 2506 2507 2508 2509 2510 2511 2512 2513 2514 2515 2516 2517 2518 2519 2520 2533 2534 2535 2536 2537 2538 2539 2540 2541 2542 2543 2544 2545 2546 2547 2548 2549 2550 2551 2554 2555 2556 2557 2558 2559 2560 2561 2562 2563 2564 2565 2566 2567 2568 2569 2570 2571 2572 2573 2574 2575 2576 2577 2578 2579 2580 2581 2582 2585 2586 2587 2588 2589 2590 2591 2592 2593 2594 2595 2596 2597 2598 2599 2600 2601 2602 2603 2604 2605 2606 2607 2608 2609 2610 2611 2612 2613 2640 2641 2642 2643 2644 2652 2653 2654 2655 2656 2657 2658 2659 2660 2661 2662 2663 2664 2665 2666 2667 2668 2669 2670 2671 2672 2673 2674 2675 2701 2702 2703 2704 2705 2706 2709 2710 2711 2712 2713 2714 2715 2716 2717 2718 2719 2720 2721 2722 2723 2724 2725 2726 2727 2728 2729 2730 2731 2732 2733 2734 2735 2736 2737 2739 2740 2741 2742 2743 2744 2745 2746 2747 2748 2749 2750 2751 2752 2753 2754 2755 2756 2757 2758 2759 2760 2761 2762 2763 2764 2765 2766 2767 2768 2795 2796 2797 2798 2799 2816 2817 2818 2819 2820 2821 2822 2823 2824 2825 2826 2827 2828 2829 2830 2841 2842 2843 2844 2845 2846 2847 2848 2849 2850 2851 2852 2853 2854 2855 2856 2857 2858 2859 2860 2861 2870 2871 2872 2873 2874 2875 2876 2877 2878 2879 2880 2881 2882 2883 2884 2885 2886 2887 2888 2889 2890 2891 2892 2894 2895 2896 2897 2898 2899 2900 2901 2902 2903 2904 2905 2906 2907 2908 2909 2910 2911 2912 2913 2914 2915 2916 2917 2918 2919 2920 2921 2922 2923 2929 2930 2931 2932 2933 2934 2935 2936 2937 2938 2939 2940 2941 2942 2943 2944 2945 2946 2947 2948 2949 2950 2951 2952 2953 2954 2966 2967 2968 2969 2970 2971 2972 2973 2974 2975 2976 2977 2978 2979 2980 2981 2982 2983 2984 2985 2987 2988 2989 2990 2991 2992 2993 2994 2995 2996 2997 2998 2999 3000 3001 3002 3003 3004 3005 3006 3007 3008 3009 3010 3011 3012 3013 3014 3015 3016 3031 3032 3033 3034 3035 3036 3037 3038 3039 3040 3041 3042 3043 3044 3045 3046 3047 3050 3051 3052 3053 3054 3055 3056 3057 3058 3059 3060 3061 3062 3063 3064 3065 3066 3067 3068 3069 3070 3071 3072 3073 3074 3075 3076 3077 3078 3080 3081 3082 3083 3084 3085 3086 3087 3088 3089 3090 3091 3092 3093 3094 3095 3096 3097 3098 3099 3100 3101 3102 3103 3104 3105 3106 3107 3108 3109 3111 3112 3113 3114 3115 3116 3117 3118 3119 3120 3121 3122 3123 3124 3125 3126 3127 3128 3129 3130 3131 3132 3133 3134 3135 3136 3137 3138 3139 3140 3156 3157 3158 3159 3160 3161 3162 3163 3164 3165 3166 3167 3168 3169 3170 3171 3173 3174 3175 3176 3177 3178 3179 3180 3181 3182 3183 3184 3185 3186 3187 3188 3189 3190 3191 3192 3193 3194 3195 3196 3197 3198 3199 3200 3201 3202 3232 3233 3237 3238 3239 3240 3241 3242 3243 3244 3245 3246 3247 3248 3249 3250 3251 3252 3253 3254 3255 3256 3257 3258 3259 3260 3261 3262 3263 3264 3295 3309 3310 3311 3312 3313 3314 3315 3316 3317 3318 3319 3320 3321 3322 3323 3324 3325 3326 3329 3330 3331 3332 3333 3334 3335 3336 3337 3338 3339 3340 3341 3342 3343 3344 3345 3346 3347 3348 3349 3350 3351 3352 3353 3354 3355 3356 3357 3373 3374 3375 3376 3377 3378 3379 3380 3381 3382 3383 3384 3385 3386 3387 3388 3419 3446 3447 3448 3449 3450 3463 3464 3465 3466 3467 3468 3469 3470 3471 3472 3473 3474 3475 3476 3477 3478 3479 3480 3481 3510 3511 3512 3517 3518 3519 3520 3521 3522 3523 3524 3525 3526 3527 3528 3529 3530 3531 3532 3533 3534 3535 3536 3537 3538 3539 3540 3541 3542 3543 3554 3555 3556 3557 3558 3559 3560 3561 3562 3563 3564 3565 3566 3567 3568 3569 3570 3571 3572 3573 3574 3578 3579 3580 3581 3582 3583 3584 3585 3586 3587 3588 3589 3590 3591 3592 3593 3594 3595 3596 3597 3598 3599 3600 3601 3602 3603 3604 3605 3622 3623 3624 3625 3626 3627 3628 3629 3630 3631 3632 3633 3634 3635 3636 3679 3680 3681 3682 3683 3684 3685 3686 3687 3688 3689 3690 3691 3692 3693 3694 3695 3696 3697 3698 3700 3701 3702 3703 3704 3705 3706 3707 3708 3709 3710 3711 3712 3713 3714 3715 3716 3717 3718 3719 3720 3721 3722 3723 3724 3725 3726 3727 3728 3729 3760 3819 3820 3821 3822 3848 3849 3850 3851 3852 3853 3856 3857 3858 3859 3860 3861 3862 3863 3864 3865 3866 3867 3868 3869 3870 3871 3872 3873 3874 3875 3876 3877 3878 3879 3880 3881 3882 3883 3884 3899 3900 3901 3902 3903 3904 3905 3906 3907 3908 3909 3910 3911 3912 3913 3914 3915 3946 3948 3949 3950 3951 3952 3953 3954 3955 3956 3957 3958 3959 3960 3961 3962 3963 3964 3965 3966 3967 3968 3969 3970 3971 3972 3973 3974 3975 3976 3977 3979 4008 4116 4145 4185 4227 4266 4295 4316 4383 4435 4462 4502 4535 4544 4585 4605 4645 4673 4728 4770 4806 4844 4879 4946 4973 5003 5022 5023 5024 5035 5036 5037 5038 5039 5040 5041 5042 5043 5044 5045 5046 5047 5048 5049 5050 5051 5052 5053 5054 5055 5056 5057 5060 5061 5062 5063 5064 5065 5066 5067 5068 5069 5070 5071 5072 5073 5074 5075 5076 5077 5078 5079 5080 5081 5082 5083 5084 5085 5086 5087 5088 5091 5092 5093 5094 5095 5096 5097 5098 5099 5100 5101 5102 5103 5104 5105 5106 5107 5108 5109 5110 5111 5112 5113 5114 5115 5116 5117 5118 5119 5148 5149 5150 5166 5167 5168 5169 5170 5171 5172 5173 5174 5175 5176 5177 5178 5179 5180 5181 5183 5184 5185 5186 5187 5188 5189 5190 5191 5192 5193 5194 5195 5196 5197 5198 5199 5200 5201 5202 5203 5204 5205 5206 5207 5208 5209 5210 5211 5212 5220 5221 5222 5223 5224 5225 5226 5227 5228 5229 5230 5231 5232 5233 5234 5235 5236 5237 5238 5239 5240 5241 5242 5243 5270 5271 5272 5273 5274 5299 5300 5301 5302 5303 5304 5305 5327 5328 5329 5330 5331 5332 5333 5334 5335 5336 5364 5365 5366 5367 5398 5405 5406 5407 5408 5409 5410 5411 5412 5413 5414 5415 5416 5417 5418 5419 5420 5421 5422 5423 5424 5425 5426 5427 5428 5429 5442 5443 5444 5445 5446 5447 5448 5449 5450 5451 5452 5453 5454 5455 5456 5457 5458 5459 5460 5483 5484 5485 5486 5487 5488 5489 5490 5491 5501 5502 5503 5504 5505 5506 5507 5508 5509 5510 5511 5512 5513 5514 5515 5516 5517 5518 5519 5520 5521 5522 5526 5527 5528 5529 5530 5531 5532 5533 5534 5535 5536 5537 5538 5539 5540 5541 5542 5543 5544 5545 5546 5547 5548 5549 5550 5551 5552 5553 5579 5580 5581 5582 5583 5584 5587 5588 5589 5590 5591 5592 5593 5594 5595 5596 5597 5598 5599 5600 5601 5602 5603 5604 5605 5606 5607 5608 5609 5610 5611 5612 5613 5614 5615 5630 5631 5632 5633 5634 5635 5636 5637 5638 5639 5640 5641 5642 5643 5644 5645 5646 5652 5653 5654 5655 5656 5657 5658 5659 5660 5661 5662 5663 5664 5665 5666 5667 5668 5669 5670 5671 5672 5673 5674 5675 5676 5677 5701 5702 5703 5704 5705 5706 5707 5708 5739 5770 5791 5792 5793 5794 5795 5796 5797 5798 5799 5800 5801 5813 5814 5815 5816 5817 5818 5819 5820 5821 5822 5823 5824 5825 5826 5827 5828 5829 5830 5831 5832 5846 5847 5848 5849 5850 5851 5852 5853 5854 5855 5856 5857 5858 5859 5860 5861 5862 5863 5893 5894 5925 5936 5937 5938 5939 5940 5941 5942 5943 5944 5945 5946 5947 5948 5949 5950 5951 5952 5953 5954 5955 5956 5961 5962 5963 5964 5965 5966 5967 5968 5969 5970 5971 5972 5973 5974 5975 5976 5977 5978 5979 5980 5981 5982 5983 5984 5985 5986 5987 5991 5999 6001 6006 6016 6116 6157 6214 6251 6287 6326 6337 6362 6414 6451 6467 6501 6540 6562 6617 6644 6680 6696 6741 6839 6855 6877 6910 6953 6986 7024 7042 7043 7044 7047 7051 7076 7077 7078 7079 7080 7081 7083 7084 7085 7086 7087 7088 7089 7090 7091 7092 7093 7094 7095 7096 7097 7098 7099 7100 7101 7102 7103 7104 7105 7106 7107 7108 7109 7110 7111 7112 7115 7116 7117 7118 7119 7120 7121 7122 7123 7124 7125 7126 7127 7128 7129 7130 7131 7132 7133 7134 7135 7136 7137 7138 7139 7140 7141 7142 7143 7152 7153 7154 7155 7156 7157 7158 7159 7160 7161 7162 7163 7164 7165 7166 7167 7168 7169 7170 7171 7172 7173 7174 7192 7193 7194 7195 7196 7197 7198 7199 7200 7201 7202 7203 7204 7205 7207 7208 7209 7210 7211 7212 7213 7214 7215 7216 7217 7218 7219 7220 7221 7222 7223 7224 7225 7226 7227 7228 7229 7230 7231 7232 7233 7234 7235 7236 7263 7264 7265 7266 7267 7278 7279 7280 7281 7282 7283 7284 7285 7286 7287 7288 7289 7290 7291 7292 7293 7294 7295 7296 7297 7298 7311 7312 7313 7314 7315 7316 7317 7318 7319 7320 7321 7322 7323 7324 7325 7326 7327 7328 7329 7345 7346 7347 7348 7349 7350 7351 7352 7353 7354 7355 7356 7357 7358 7359 7360 7370 7371 7372 7373 7374 7375 7376 7377 7378 7379 7380 7381 7382 7383 7384 7385 7386 7387 7388 7389 7390 7391 7416 7417 7418 7419 7420 7421 7422 7450 7451 7452 7453 7474 7475 7476 7477 7478 7479 7480 7481 7482 7483 7484 7499 7500 7501 7502 7503 7504 7505 7506 7507 7508 7509 7510 7511 7512 7513 7514 7515 7539 7540 7541 7542 7543 7544 7545 7546 7577 7589 7590 7591 7592 7593 7594 7595 7596 7597 7598 7599 7600 7601 7602 7603 7604 7605 7606 7607 7608 7658 7659 7660 7661 7662 7663 7664 7665 7666 7667 7668 7669 7670 7699 7700 7701 7715 7716 7717 7718 7719 7720 7721 7722 7723 7724 7725 7726 7727 7728 7729 7730 7731 7732 7739 7740 7741 7742 7743 7744 7745 7746 7747 7748 7749 7750 7751 7752 7753 7754 7755 7756 7757 7758 7759 7760 7761 7762 7763 7794 7847 7848 7849 7850 7851 7852 7853 7854 7855 7856 7876 7877 7878 7879 7880 7881 7882 7883 7884 7885 7886 7887 7895 7896 7897 7898 7899 7900 7901 7902 7903 7904 7905 7906 7907 7908 7909 7910 7911 7912 7913 7914 7915 7916 7917 7918 7935 7936 7937 7938 7939 7940 7941 7942 7943 7944 7945 7946 7947 7948 7949 7972 7973 7974 7975 7976 7977 7978 7979 7980 8010 8011 8016 8074 8160 8193 8228 8244 8271 8310 8360 8427 8479 8506 8542 8579 8588 8629 8649 8689 8717 8742 8850 8888 8923 8947 9017 9047 9073 9081 9083 9084 9114 9138 9139 9140 9141 9142 9143 9144 9145 9176 9197 9198 9199 9200 9201 9202 9203 9204 9205 9206 9207 9220 9221 9222 9223 9224 9225 9226 9227 9228 9229 9230 9231 9232 9233 9234 9235 9236 9237 9238 9269 9276 9277 9278 9279 9280 9281 9282 9283 9284 9285 9286 9287 9288 9289 9290 9291 9292 9293 9294 9295 9296 9297 9298 9299 9300 9319 9320 9321 9322 9323 9324 9325 9326 9327 9328 9329 9330 9331 9348 9349 9350 9351 9352 9353 9354 9355 9356 9357 9358 9359 9360 9361 9362 9393 9413 9414 9415 9416 9417 9418 9419 9420 9421 9422 9423 9424 9455 9461 9462 9463 9464 9465 9466 9467 9468 9469 9470 9471 9472 9473 9474 9475 9476 9477 9478 9479 9480 9481 9482 9483 9484 9485 9486 9496 9497 9498 9499 9500 9501 9502 9503 9504 9505 9506 9507 9508 9509 9510 9511 9512 9513 9514 9515 9516 9517 9532 9533 9534 9535 9536 9537 9538 9539 9540 9541 9542 9543 9544 9545 9546 9547 9548 9556 9557 9558 9559 9560 9561 9562 9563 9564 9565 9566 9567 9568 9569 9570 9571 9572 9573 9574 9575 9576 9577 9578 9579 9582 9583 9584 9585 9586 9587 9588 9589 9590 9591 9592 9593 9594 9595 9596 9597 9598 9599 9600 9601 9602 9603 9604 9605 9606 9607 9608 9609 9610 9628 9629 9630 9631 9632 9633 9634 9635 9636 9637 9638 9639 9640 9641 9643 9644 9645 9646 9647 9648 9649 9650 9651 9652 9653 9654 9655 9656 9657 9658 9659 9660 9661 9662 9663 9664 9665 9666 9667 9668 9669 9670 9671 9672 9684 9685 9686 9687 9688 9689 9690 9691 9692 9693 9694 9695 9696 9697 9698 9699 9700 9701 9702 9703 9708 9709 9710 9711 9712 9713 9714 9715 9716 9717 9718 9719 9720 9721 9722 9723 9724 9725 9726 9727 9728 9729 9730 9731 9732 9733 9734 9750 9751 9752 9753 9754 9755 9756 9757 9758 9759 9760 9761 9762 9763 9764 9765 9788 9789 9790 9791 9792 9793 9794 9795 9796 9827 9867 9868 9869 9870 9871 9872 9873 9874 9875 9876 9877 9878 9879 9880 9881 9882 9883 9884 9885 9886 9887 9888 9889 9900 9901 9902 9903 9904 9905 9906 9907 9908 9909 9910 9911 9912 9913 9914 9915 9916 9917 9918 9919 9920 9942 9943 9944 9945 9946 9947 9948 9949 9950 9951 9965 9966 9967 9968 9969 9970 9971 9972 9973 9974 9975 9976 9977 9978 9979 9980 9981 9982 10013 10017 10018 10019 10020 10021 10022 10023 10024 10025 10026 10027 10028 10029 10030 10031 10032 10033 10034 10035 10036 10037 10038 10039 10040 10041 10042 10043 10044 10066 10088 10113 10162 10223 10238 10299 10428 10466 10517 10552 10567 10641 10707 10762 10807 10838 10848 10891 10921 10957 10996 11069 11119 11121 11125 11127 11129 11158 11159 11164 11165 11166 11167 11168 11169 11170 11171 11172 11173 11174 11175 11176 11177 11178 11179 11180 11181 11182 11183 11184 11185 11186 11187 11188 11189 11190 11203 11204 11205 11206 11207 11208 11209 11210 11211 11212 11213 11214 11215 11216 11217 11218 11219 11220 11221 11223 11224 11225 11226 11227 11228 11229 11230 11231 11232 11233 11234 11235 11236 11237 11238 11239 11240 11241 11242 11243 11244 11245 11246 11247 11248 11249 11250 11251 11252 11274 11275 11276 11277 11278 11279 11280 11281 11282 11283 11295 11296 11297 11298 11299 11300 11301 11302 11303 11304 11305 11306 11307 11308 11309 11310 11311 11312 11313 11314 11347 11348 11349 11350 11351 11352 11353 11354 11355 11356 11357 11358 11359 11360 11361 11362 11363 11364 11365 11366 11367 11368 11369 11370 11371 11372 11373 11374 11375 11376 11379 11380 11381 11382 11383 11384 11385 11386 11387 11388 11389 11390 11391 11392 11393 11394 11395 11396 11397 11398 11399 11400 11401 11402 11403 11404 11405 11406 11407 11438 11441 11442 11443 11444 11445 11446 11447 11448 11449 11450 11451 11452 11453 11454 11455 11456 11457 11458 11459 11460 11461 11462 11463 11464 11465 11466 11467 11468 11469 11498 11499 11500 11531 11557 11558 11559 11560 11561 11562 11580 11581 11582 11583 11584 11585 11586 11587 11588 11589 11590 11591 11592 11593 11621 11622 11623 11624 11627 11628 11629 11630 11631 11632 11633 11634 11635 11636 11637 11638 11639 11640 11641 11642 11643 11644 11645 11646 11647 11648 11649 11650 11651 11652 11653 11654 11655 11671 11672 11673 11674 11675 11676 11677 11678 11679 11680 11681 11682 11683 11684 11685 11686 11689 11690 11691 11692 11693 11694 11695 11696 11697 11698 11699 11700 11701 11702 11703 11704 11705 11706 11707 11708 11709 11710 11711 11712 11713 11714 11715 11716 11717 11740 11741 11742 11743 11744 11745 11746 11747 11748 11751 11752 11753 11754 11755 11756 11757 11758 11759 11760 11761 11762 11763 11764 11765 11766 11767 11768 11769 11770 11771 11772 11773 11774 11775 11776 11777 11778 11779 11796 11797 11798 11799 11800 11801 11802 11803 11804 11805 11806 11807 11808 11809 11810 11824 11825 11826 11827 11828 11829 11830 11831 11832 11833 11834 11835 11836 11837 11838 11839 11840 11841 11865 11866 11867 11868 11869 11870 11871 11872 11893 11894 11895 11896 11897 11898 11899 11900 11901 11902 11903 11930 11931 11932 11933 11934 11959 11960 11961 11962 11963 11964 11965 11980 11981 11982 11983 11984 11985 11986 11987 11988 11989 11990 11991 11992 11993 11994 11995 11996 12016 12017 12018 12019 12020 12021 12022 12023 12024 12025 12026 12027 12058 12061 12062 12063 12064 12065 12066 12067 12068 12069 12070 12071 12072 12073 12074 12075 12076 12077 12078 12079 12080 12081 12082 12083 12084 12085 12086 12087 12088 12089 12091 12119 12125 12142 12190 12192 12250 12283 12354 12390 12429 12511 12566 12596 12632 12679 12739 12779 12816 12833 12882 12940 13013 13032 13107 13149 13177 13182 13183 13199 13200 13201 13202 13203 13204 13205 13206 13207 13208 13209 13210 13211 13212 13213 13214 13215 13216 13278 13306 13307 13308 13309 13329 13330 13331 13332 13333 13334 13335 13336 13337 13338 13339 13340 13371 13402 13429 13430 13431 13432 13433 13459 13460 13461 13462 13463 13464 13486 13487 13488 13489 13490 13491 13492 13493 13494 13495 13526 13557 13570 13571 13572 13573 13574 13575 13576 13577 13578 13579 13580 13581 13582 13583 13584 13585 13586 13587 13588 13605 13606 13607 13608 13609 13610 13611 13612 13613 13614 13615 13616 13617 13618 13619 13642 13643 13644 13645 13646 13647 13648 13649 13650 13665 13666 13667 13668 13669 13670 13671 13672 13673 13674 13675 13676 13677 13678 13679 13680 13681 13712 13737 13738 13739 13740 13741 13742 13743 13793 13794 13795 13796 13797 13798 13799 13800 13801 13802 13803 13804 13805 13817 13818 13819 13820 13821 13822 13823 13824 13825 13826 13827 13828 13829 13830 13831 13832 13833 13834 13835 13836 13860 13861 13862 13863 13864 13865 13866 13867 13897 13898 13916 13917 13918 13919 13920 13921 13922 13923 13924 13925 13926 13927 13928 13929 13976 13977 13978 13979 13980 13981 13982 13983 13984 13985 13986 13987 13988 13989 13990 13991 14022 14051 14052 14053 14074 14075 14076 14077 14078 14079 14080 14081 14082 14083 14084 14115 14126 14127 14128 14129 14130 14131 14132 14133 14134 14135 14136 14137 14138 14139 14140 14141 14142 14143 14144 14145 14146 14151 14161 14163
c _______________________________________________________________________________
c 
c restarts               : 15238204
c conflicts              : 84             (1 /sec)
c decisions              : 1850           (0.00 % random) (33 /sec)
c propagations           : 545549         (9605 /sec)
c conflict literals      : 73             (0.00 % deleted)
c =======================[ UWrMaxSat resources usage ]===========================
c Memory used            : 38.00 MB
c CPU time               : 56.7992 s
c _______________________________________________________________________________
c SATISFIABLE

  [Time Manager] Step 38 consumed 60.68s. Total Consumed: 2257.71s.
  [Info] Saved 3096 core assumption literals to p4_A-n32-k5_r36v6k3.wcnf.asm

[39/60] Building & Solving: R=36, V=7, K=3
  [Info] Generating MaxSAT Formulation...
[SBC] Added 144 clauses.
[rc2] Generating instance: p4_A-n32-k5_r36v7k3.wcnf ...
[UWrMaxSAT] meta exported to p4_A-n32-k5_r36v7k3.meta
  [Time Manager] Global Remaining Budget: 1342.29s | Future Weight Sum: 22.0
  [Time Manager] Recalibrated Budget for this step: 61.01s
  [Info] Injected Assumption file: p4_A-n32-k5_r36v6k3.wcnf.asm
[UWrMaxSAT] Running command:
  stdbuf -oL uwrmaxsat -no-bin -no-sat -no-par -no-scip -ppdsp-time=61 -ppdsp-lastY=13186 -ppdsp=p4_A-n32-k5_r36v7k3.meta -ppdsp-assume=p4_A-n32-k5_r36v6k3.wcnf.asm p4_A-n32-k5_r36v7k3.wcnf | tee p4_A-n32-k5_r36v7k3.wcnf.out
Vehicle 0: d → 21 → 14 → 9 → 28 → 4 → 19 → 26 → 13 → 25 → 29 → 15 → 11 → 0 → 6 → 12 → 20 → 18 → d, (requests = [4, 15, 28, 30])
Vehicle 1: d → 3 → 10 → 7 → 17 → 21 → 14 → 9 → 28 → 4 → 19 → 26 → 13 → 25 → 15 → 6 → 12 → 20 → d, (requests = [0, 1, 2, 3, 14])
Vehicle 2: d → 18 → 16 → 30 → 20 → 12 → 6 → 0 → 15 → 29 → 25 → 13 → 26 → 19 → 4 → 24 → 9 → 14 → 21 → 8 → 17 → 7 → 10 → 3 → 27 → 22 → d, (requests = [5, 6, 7, 11, 16])
Vehicle 3: d → 22 → 27 → 3 → 10 → 7 → 17 → 8 → 21 → 14 → 9 → 28 → 4 → 19 → 26 → 13 → 25 → 29 → 15 → 11 → 0 → 6 → 12 → 20 → 30 → 16 → 18 → d, (requests = [8, 9, 10, 13, 17, 18])
Vehicle 4: d → 18 → 16 → 30 → 20 → 12 → 6 → 15 → 25 → 13 → 26 → 19 → 4 → 28 → 14 → 21 → 8 → 17 → 7 → 10 → 3 → 27 → 22 → 1 → 5 → d, (requests = [12, 20, 22, 23, 34, 35])
Vehicle 5: d → 1 → 5 → 2 → 22 → 27 → 17 → 21 → 14 → 28 → 24 → 4 → 19 → 23 → 26 → 13 → 25 → 15 → 11 → 0 → 12 → 6 → d, (requests = [19, 21, 25, 27, 29])
Vehicle 6: d → 30 → 20 → 12 → 0 → 15 → 25 → 13 → 23 → 19 → 4 → 28 → 9 → 14 → 21 → 17 → 8 → 7 → 3 → 27 → 22 → 2 → 1 → d, (requests = [26, 31, 32])
======== PPDSP OBJECTIVE ========
Profit    = 237048
Cost      = 67316
Objective = 169732
=================================
  [Time Manager] Step 39 consumed 61.76s. Total Consumed: 2319.47s.
  [Info] Saved 3166 core assumption literals to p4_A-n32-k5_r36v7k3.wcnf.asm

[40/60] Building & Solving: R=37, V=7, K=3
  [Info] Generating MaxSAT Formulation...
[SBC] Added 148 clauses.
[rc2] Generating instance: p4_A-n32-k5_r37v7k3.wcnf ...
[UWrMaxSAT] meta exported to p4_A-n32-k5_r37v7k3.meta
  [Time Manager] Global Remaining Budget: 1280.53s | Future Weight Sum: 21.0
  [Time Manager] Recalibrated Budget for this step: 60.98s
  [Info] Injected Assumption file: p4_A-n32-k5_r36v7k3.wcnf.asm
[UWrMaxSAT] Running command:
  stdbuf -oL uwrmaxsat -no-bin -no-sat -no-par -no-scip -ppdsp-time=60 -ppdsp-lastY=14154 -ppdsp=p4_A-n32-k5_r37v7k3.meta -ppdsp-assume=p4_A-n32-k5_r36v7k3.wcnf.asm p4_A-n32-k5_r37v7k3.wcnf | tee p4_A-n32-k5_r37v7k3.wcnf.out
Vehicle 0: d → 21 → 14 → 9 → 28 → 4 → 19 → 26 → 13 → 25 → 29 → 15 → 11 → 0 → 6 → 12 → 20 → 18 → d, (requests = [4, 15, 28, 30])
Vehicle 1: d → 3 → 10 → 7 → 17 → 21 → 14 → 9 → 28 → 4 → 19 → 26 → 13 → 25 → 15 → 6 → 12 → 20 → d, (requests = [0, 1, 2, 3, 14])
Vehicle 2: d → 18 → 16 → 30 → 20 → 12 → 6 → 0 → 15 → 29 → 25 → 13 → 26 → 19 → 4 → 24 → 9 → 14 → 21 → 8 → 17 → 7 → 10 → 3 → 27 → 22 → d, (requests = [5, 6, 7, 11, 16])
Vehicle 3: d → 22 → 27 → 3 → 10 → 7 → 17 → 8 → 21 → 14 → 9 → 28 → 4 → 19 → 26 → 13 → 25 → 29 → 15 → 11 → 0 → 6 → 12 → 20 → 30 → 16 → 18 → d, (requests = [8, 9, 10, 13, 17, 18, 36])
Vehicle 4: d → 18 → 16 → 30 → 20 → 12 → 6 → 15 → 25 → 13 → 26 → 19 → 4 → 28 → 14 → 21 → 8 → 17 → 7 → 10 → 3 → 27 → 22 → 1 → 5 → d, (requests = [12, 20, 22, 23, 34, 35])
Vehicle 5: d → 1 → 5 → 2 → 22 → 27 → 17 → 21 → 14 → 28 → 24 → 4 → 19 → 23 → 26 → 13 → 25 → 15 → 11 → 0 → 12 → 6 → d, (requests = [19, 21, 25, 27, 29])
Vehicle 6: d → 30 → 20 → 12 → 0 → 15 → 25 → 13 → 23 → 19 → 4 → 28 → 9 → 14 → 21 → 17 → 8 → 7 → 3 → 27 → 22 → 2 → 1 → d, (requests = [26, 31, 32])
======== PPDSP OBJECTIVE ========
Profit    = 243208
Cost      = 67316
Objective = 175892
=================================
  [Time Manager] Step 40 consumed 60.77s. Total Consumed: 2380.24s.
  [Info] Saved 3419 core assumption literals to p4_A-n32-k5_r37v7k3.wcnf.asm

[41/60] Building & Solving: R=38, V=7, K=3
  [Info] Generating MaxSAT Formulation...
[SBC] Added 152 clauses.
[rc2] Generating instance: p4_A-n32-k5_r38v7k3.wcnf ...
[UWrMaxSAT] meta exported to p4_A-n32-k5_r38v7k3.meta
  [Time Manager] Global Remaining Budget: 1219.76s | Future Weight Sum: 20.0
  [Time Manager] Recalibrated Budget for this step: 60.99s
  [Info] Injected Assumption file: p4_A-n32-k5_r37v7k3.wcnf.asm
[UWrMaxSAT] Running command:
  stdbuf -oL uwrmaxsat -no-bin -no-sat -no-par -no-scip -ppdsp-time=60 -ppdsp-lastY=14161 -ppdsp=p4_A-n32-k5_r38v7k3.meta -ppdsp-assume=p4_A-n32-k5_r37v7k3.wcnf.asm p4_A-n32-k5_r38v7k3.wcnf | tee p4_A-n32-k5_r38v7k3.wcnf.out
Vehicle 0: d → 21 → 14 → 9 → 28 → 4 → 19 → 26 → 13 → 25 → 29 → 15 → 11 → 0 → 6 → 12 → 20 → 18 → d, (requests = [4, 15, 28, 30])
Vehicle 1: d → 3 → 10 → 7 → 17 → 21 → 14 → 9 → 28 → 4 → 19 → 26 → 13 → 25 → 15 → 6 → 12 → 20 → d, (requests = [0, 1, 2, 3, 14])
Vehicle 2: d → 18 → 16 → 30 → 20 → 12 → 6 → 0 → 15 → 29 → 25 → 13 → 26 → 19 → 4 → 24 → 9 → 14 → 21 → 8 → 17 → 7 → 10 → 3 → 27 → 22 → d, (requests = [5, 6, 7, 11, 16])
Vehicle 3: d → 22 → 27 → 3 → 10 → 7 → 17 → 8 → 21 → 14 → 9 → 28 → 4 → 19 → 26 → 13 → 25 → 29 → 15 → 11 → 0 → 6 → 12 → 20 → 30 → 16 → 18 → d, (requests = [8, 9, 10, 13, 17, 18, 36])
Vehicle 4: d → 18 → 16 → 30 → 20 → 12 → 6 → 15 → 25 → 13 → 26 → 19 → 4 → 28 → 14 → 21 → 8 → 17 → 7 → 10 → 3 → 27 → 22 → 1 → 5 → d, (requests = [12, 20, 22, 23, 34, 35])
Vehicle 5: d → 1 → 5 → 2 → 22 → 27 → 17 → 21 → 14 → 28 → 24 → 4 → 19 → 23 → 26 → 13 → 25 → 15 → 11 → 0 → 12 → 6 → d, (requests = [19, 21, 25, 27, 29])
Vehicle 6: d → 30 → 20 → 12 → 0 → 15 → 25 → 13 → 23 → 19 → 4 → 28 → 9 → 14 → 21 → 17 → 8 → 7 → 3 → 27 → 22 → 2 → 1 → d, (requests = [26, 31, 32, 37])
======== PPDSP OBJECTIVE ========
Profit    = 251270
Cost      = 67316
Objective = 183954
=================================
  [Time Manager] Step 41 consumed 60.87s. Total Consumed: 2441.11s.
  [Info] Saved 3424 core assumption literals to p4_A-n32-k5_r38v7k3.wcnf.asm

[42/60] Building & Solving: R=39, V=7, K=3
  [Info] Generating MaxSAT Formulation...
[SBC] Added 156 clauses.
[rc2] Generating instance: p4_A-n32-k5_r39v7k3.wcnf ...
[UWrMaxSAT] meta exported to p4_A-n32-k5_r39v7k3.meta
  [Time Manager] Global Remaining Budget: 1158.89s | Future Weight Sum: 19.0
  [Time Manager] Recalibrated Budget for this step: 60.99s
  [Info] Injected Assumption file: p4_A-n32-k5_r38v7k3.wcnf.asm
[UWrMaxSAT] Running command:
  stdbuf -oL uwrmaxsat -no-bin -no-sat -no-par -no-scip -ppdsp-time=60 -ppdsp-lastY=14168 -ppdsp=p4_A-n32-k5_r39v7k3.meta -ppdsp-assume=p4_A-n32-k5_r38v7k3.wcnf.asm p4_A-n32-k5_r39v7k3.wcnf | tee p4_A-n32-k5_r39v7k3.wcnf.out
Vehicle 0: d → 21 → 14 → 9 → 28 → 4 → 19 → 26 → 13 → 25 → 29 → 15 → 11 → 0 → 6 → 12 → 20 → 18 → d, (requests = [4, 15, 28, 30])
Vehicle 1: d → 3 → 10 → 7 → 17 → 21 → 14 → 9 → 28 → 4 → 19 → 26 → 13 → 25 → 15 → 6 → 12 → 20 → d, (requests = [0, 1, 2, 3, 14, 38])
c Using COMiniSatPS SAT solver by Chanseok Oh (2016)
[UWrMaxSAT] meta file: p4_A-n32-k5_r40v7k3.meta
[UWrMaxSAT] meta loaded OK.
[UWrMaxSAT] Loaded 3429 assumption literals from p4_A-n32-k5_r39v7k3.wcnf.asm
c Parsing MaxSAT file...
c Start timer (tic-tac ...)
c c Found solution: 1798870
c ============================[  Problem Statistics ]============================
c |  Number of variables:          7993                                         |
c |  Number of clauses:           49147 (incl.         1451 soft in queue)      |
c ===============================================================================
c [UWrMaxSAT] Timeout reached.
c [1mOptimal solution: 1798870[0m
c _______________________________________________________________________________
c 
c restarts               : 15459344
c conflicts              : 129            (2 /sec)
c decisions              : 1726           (0.00 % random) (30 /sec)
c propagations           : 861186         (14842 /sec)
c conflict literals      : 19             (0.00 % deleted)
c =======================[ UWrMaxSat resources usage ]===========================
c Memory used            : 38.00 MB
c CPU time               : 58.0254 s
c _______________________________________________________________________________
o 1798870
s OPTIMUM FOUND
v 7 148 205 317 353 405 442 458 492 608 635 659 687 830 846 901 944 1014 1131 1172 1229 1266 1341 1352 1429 1466 1482 1511 1590 1659 1696 1711 1840 1870 1925 2020 2050 2052 2054 2056 2070 2071 2072 2073 2074 2075 2076 2077 2078 2079 2080 2081 2082 2083 2084 2085 2086 2088 2089 2090 2091 2092 2093 2094 2095 2096 2097 2098 2099 2100 2101 2102 2103 2104 2105 2106 2107 2108 2109 2110 2111 2112 2113 2114 2115 2116 2117 2119 2120 2121 2122 2123 2124 2125 2126 2127 2128 2129 2130 2131 2132 2133 2134 2135 2136 2137 2138 2139 2140 2141 2142 2143 2144 2145 2146 2147 2148 2150 2151 2152 2153 2154 2155 2156 2157 2158 2159 2160 2161 2162 2163 2164 2165 2166 2167 2168 2169 2170 2171 2172 2173 2174 2175 2176 2177 2178 2179 2186 2187 2188 2189 2190 2191 2192 2193 2194 2195 2196 2197 2198 2199 2200 2201 2202 2203 2204 2205 2206 2207 2208 2209 2210 2213 2214 2215 2216 2217 2218 2219 2220 2221 2222 2223 2224 2225 2226 2227 2228 2229 2230 2231 2232 2233 2234 2235 2236 2237 2238 2239 2240 2241 2265 2266 2267 2268 2269 2270 2271 2272 2274 2275 2276 2277 2278 2279 2280 2281 2282 2283 2284 2285 2286 2287 2288 2289 2290 2291 2292 2293 2294 2295 2296 2297 2298 2299 2300 2301 2302 2303 2306 2307 2308 2309 2310 2311 2312 2313 2314 2315 2316 2317 2318 2319 2320 2321 2322 2323 2324 2325 2326 2327 2328 2329 2330 2331 2332 2333 2334 2339 2340 2341 2342 2343 2344 2345 2346 2347 2348 2349 2350 2351 2352 2353 2354 2355 2356 2357 2358 2359 2360 2361 2362 2363 2364 2365 2367 2368 2369 2370 2371 2372 2373 2374 2375 2376 2377 2378 2379 2380 2381 2382 2383 2384 2385 2386 2387 2388 2389 2390 2391 2392 2393 2394 2395 2396 2410 2411 2412 2413 2414 2415 2416 2417 2418 2419 2420 2421 2422 2423 2424 2425 2426 2427 2452 2453 2454 2455 2456 2457 2458 2468 2469 2470 2471 2472 2473 2474 2475 2476 2477 2478 2479 2480 2481 2482 2483 2484 2485 2486 2487 2488 2489 2493 2494 2495 2496 2497 2498 2499 2500 2501 2502 2503 2504 2505 2506 2507 2508 2509 2510 2511 2512 2513 2514 2515 2516 2517 2518 2519 2520 2533 2534 2535 2536 2537 2538 2539 2540 2541 2542 2543 2544 2545 2546 2547 2548 2549 2550 2551 2554 2555 2556 2557 2558 2559 2560 2561 2562 2563 2564 2565 2566 2567 2568 2569 2570 2571 2572 2573 2574 2575 2576 2577 2578 2579 2580 2581 2582 2585 2586 2587 2588 2589 2590 2591 2592 2593 2594 2595 2596 2597 2598 2599 2600 2601 2602 2603 2604 2605 2606 2607 2608 2609 2610 2611 2612 2613 2640 2641 2642 2643 2644 2652 2653 2654 2655 2656 2657 2658 2659 2660 2661 2662 2663 2664 2665 2666 2667 2668 2669 2670 2671 2672 2673 2674 2675 2701 2702 2703 2704 2705 2706 2709 2710 2711 2712 2713 2714 2715 2716 2717 2718 2719 2720 2721 2722 2723 2724 2725 2726 2727 2728 2729 2730 2731 2732 2733 2734 2735 2736 2737 2739 2740 2741 2742 2743 2744 2745 2746 2747 2748 2749 2750 2751 2752 2753 2754 2755 2756 2757 2758 2759 2760 2761 2762 2763 2764 2765 2766 2767 2768 2795 2796 2797 2798 2799 2816 2817 2818 2819 2820 2821 2822 2823 2824 2825 2826 2827 2828 2829 2830 2841 2842 2843 2844 2845 2846 2847 2848 2849 2850 2851 2852 2853 2854 2855 2856 2857 2858 2859 2860 2861 2870 2871 2872 2873 2874 2875 2876 2877 2878 2879 2880 2881 2882 2883 2884 2885 2886 2887 2888 2889 2890 2891 2892 2894 2895 2896 2897 2898 2899 2900 2901 2902 2903 2904 2905 2906 2907 2908 2909 2910 2911 2912 2913 2914 2915 2916 2917 2918 2919 2920 2921 2922 2923 2929 2930 2931 2932 2933 2934 2935 2936 2937 2938 2939 2940 2941 2942 2943 2944 2945 2946 2947 2948 2949 2950 2951 2952 2953 2954 2966 2967 2968 2969 2970 2971 2972 2973 2974 2975 2976 2977 2978 2979 2980 2981 2982 2983 2984 2985 2987 2988 2989 2990 2991 2992 2993 2994 2995 2996 2997 2998 2999 3000 3001 3002 3003 3004 3005 3006 3007 3008 3009 3010 3011 3012 3013 3014 3015 3016 3031 3032 3033 3034 3035 3036 3037 3038 3039 3040 3041 3042 3043 3044 3045 3046 3047 3050 3051 3052 3053 3054 3055 3056 3057 3058 3059 3060 3061 3062 3063 3064 3065 3066 3067 3068 3069 3070 3071 3072 3073 3074 3075 3076 3077 3078 3080 3081 3082 3083 3084 3085 3086 3087 3088 3089 3090 3091 3092 3093 3094 3095 3096 3097 3098 3099 3100 3101 3102 3103 3104 3105 3106 3107 3108 3109 3111 3112 3113 3114 3115 3116 3117 3118 3119 3120 3121 3122 3123 3124 3125 3126 3127 3128 3129 3130 3131 3132 3133 3134 3135 3136 3137 3138 3139 3140 3156 3157 3158 3159 3160 3161 3162 3163 3164 3165 3166 3167 3168 3169 3170 3171 3173 3174 3175 3176 3177 3178 3179 3180 3181 3182 3183 3184 3185 3186 3187 3188 3189 3190 3191 3192 3193 3194 3195 3196 3197 3198 3199 3200 3201 3202 3232 3233 3237 3238 3239 3240 3241 3242 3243 3244 3245 3246 3247 3248 3249 3250 3251 3252 3253 3254 3255 3256 3257 3258 3259 3260 3261 3262 3263 3264 3295 3309 3310 3311 3312 3313 3314 3315 3316 3317 3318 3319 3320 3321 3322 3323 3324 3325 3326 3329 3330 3331 3332 3333 3334 3335 3336 3337 3338 3339 3340 3341 3342 3343 3344 3345 3346 3347 3348 3349 3350 3351 3352 3353 3354 3355 3356 3357 3373 3374 3375 3376 3377 3378 3379 3380 3381 3382 3383 3384 3385 3386 3387 3388 3419 3446 3447 3448 3449 3450 3463 3464 3465 3466 3467 3468 3469 3470 3471 3472 3473 3474 3475 3476 3477 3478 3479 3480 3481 3510 3511 3512 3517 3518 3519 3520 3521 3522 3523 3524 3525 3526 3527 3528 3529 3530 3531 3532 3533 3534 3535 3536 3537 3538 3539 3540 3541 3542 3543 3554 3555 3556 3557 3558 3559 3560 3561 3562 3563 3564 3565 3566 3567 3568 3569 3570 3571 3572 3573 3574 3578 3579 3580 3581 3582 3583 3584 3585 3586 3587 3588 3589 3590 3591 3592 3593 3594 3595 3596 3597 3598 3599 3600 3601 3602 3603 3604 3605 3622 3623 3624 3625 3626 3627 3628 3629 3630 3631 3632 3633 3634 3635 3636 3679 3680 3681 3682 3683 3684 3685 3686 3687 3688 3689 3690 3691 3692 3693 3694 3695 3696 3697 3698 3700 3701 3702 3703 3704 3705 3706 3707 3708 3709 3710 3711 3712 3713 3714 3715 3716 3717 3718 3719 3720 3721 3722 3723 3724 3725 3726 3727 3728 3729 3760 3819 3820 3821 3822 3848 3849 3850 3851 3852 3853 3856 3857 3858 3859 3860 3861 3862 3863 3864 3865 3866 3867 3868 3869 3870 3871 3872 3873 3874 3875 3876 3877 3878 3879 3880 3881 3882 3883 3884 3899 3900 3901 3902 3903 3904 3905 3906 3907 3908 3909 3910 3911 3912 3913 3914 3915 3946 3948 3949 3950 3951 3952 3953 3954 3955 3956 3957 3958 3959 3960 3961 3962 3963 3964 3965 3966 3967 3968 3969 3970 3971 3972 3973 3974 3975 3976 3977 3979 4008 4116 4145 4185 4227 4266 4295 4316 4383 4435 4462 4502 4535 4544 4585 4605 4645 4673 4728 4770 4806 4844 4879 4946 4973 5003 5022 5023 5024 5035 5036 5037 5038 5039 5040 5041 5042 5043 5044 5045 5046 5047 5048 5049 5050 5051 5052 5053 5054 5055 5056 5057 5060 5061 5062 5063 5064 5065 5066 5067 5068 5069 5070 5071 5072 5073 5074 5075 5076 5077 5078 5079 5080 5081 5082 5083 5084 5085 5086 5087 5088 5091 5092 5093 5094 5095 5096 5097 5098 5099 5100 5101 5102 5103 5104 5105 5106 5107 5108 5109 5110 5111 5112 5113 5114 5115 5116 5117 5118 5119 5148 5149 5150 5166 5167 5168 5169 5170 5171 5172 5173 5174 5175 5176 5177 5178 5179 5180 5181 5183 5184 5185 5186 5187 5188 5189 5190 5191 5192 5193 5194 5195 5196 5197 5198 5199 5200 5201 5202 5203 5204 5205 5206 5207 5208 5209 5210 5211 5212 5220 5221 5222 5223 5224 5225 5226 5227 5228 5229 5230 5231 5232 5233 5234 5235 5236 5237 5238 5239 5240 5241 5242 5243 5270 5271 5272 5273 5274 5299 5300 5301 5302 5303 5304 5305 5327 5328 5329 5330 5331 5332 5333 5334 5335 5336 5364 5365 5366 5367 5398 5405 5406 5407 5408 5409 5410 5411 5412 5413 5414 5415 5416 5417 5418 5419 5420 5421 5422 5423 5424 5425 5426 5427 5428 5429 5442 5443 5444 5445 5446 5447 5448 5449 5450 5451 5452 5453 5454 5455 5456 5457 5458 5459 5460 5483 5484 5485 5486 5487 5488 5489 5490 5491 5501 5502 5503 5504 5505 5506 5507 5508 5509 5510 5511 5512 5513 5514 5515 5516 5517 5518 5519 5520 5521 5522 5526 5527 5528 5529 5530 5531 5532 5533 5534 5535 5536 5537 5538 5539 5540 5541 5542 5543 5544 5545 5546 5547 5548 5549 5550 5551 5552 5553 5579 5580 5581 5582 5583 5584 5587 5588 5589 5590 5591 5592 5593 5594 5595 5596 5597 5598 5599 5600 5601 5602 5603 5604 5605 5606 5607 5608 5609 5610 5611 5612 5613 5614 5615 5630 5631 5632 5633 5634 5635 5636 5637 5638 5639 5640 5641 5642 5643 5644 5645 5646 5652 5653 5654 5655 5656 5657 5658 5659 5660 5661 5662 5663 5664 5665 5666 5667 5668 5669 5670 5671 5672 5673 5674 5675 5676 5677 5701 5702 5703 5704 5705 5706 5707 5708 5739 5770 5791 5792 5793 5794 5795 5796 5797 5798 5799 5800 5801 5813 5814 5815 5816 5817 5818 5819 5820 5821 5822 5823 5824 5825 5826 5827 5828 5829 5830 5831 5832 5846 5847 5848 5849 5850 5851 5852 5853 5854 5855 5856 5857 5858 5859 5860 5861 5862 5863 5893 5894 5925 5936 5937 5938 5939 5940 5941 5942 5943 5944 5945 5946 5947 5948 5949 5950 5951 5952 5953 5954 5955 5956 5961 5962 5963 5964 5965 5966 5967 5968 5969 5970 5971 5972 5973 5974 5975 5976 5977 5978 5979 5980 5981 5982 5983 5984 5985 5986 5987 5991 5999 6001 6006 6016 6116 6157 6214 6251 6287 6326 6337 6362 6414 6451 6467 6501 6540 6562 6617 6644 6680 6696 6741 6839 6855 6877 6910 6953 6986 7024 7042 7043 7044 7047 7051 7076 7077 7078 7079 7080 7081 7083 7084 7085 7086 7087 7088 7089 7090 7091 7092 7093 7094 7095 7096 7097 7098 7099 7100 7101 7102 7103 7104 7105 7106 7107 7108 7109 7110 7111 7112 7115 7116 7117 7118 7119 7120 7121 7122 7123 7124 7125 7126 7127 7128 7129 7130 7131 7132 7133 7134 7135 7136 7137 7138 7139 7140 7141 7142 7143 7152 7153 7154 7155 7156 7157 7158 7159 7160 7161 7162 7163 7164 7165 7166 7167 7168 7169 7170 7171 7172 7173 7174 7192 7193 7194 7195 7196 7197 7198 7199 7200 7201 7202 7203 7204 7205 7207 7208 7209 7210 7211 7212 7213 7214 7215 7216 7217 7218 7219 7220 7221 7222 7223 7224 7225 7226 7227 7228 7229 7230 7231 7232 7233 7234 7235 7236 7263 7264 7265 7266 7267 7278 7279 7280 7281 7282 7283 7284 7285 7286 7287 7288 7289 7290 7291 7292 7293 7294 7295 7296 7297 7298 7311 7312 7313 7314 7315 7316 7317 7318 7319 7320 7321 7322 7323 7324 7325 7326 7327 7328 7329 7345 7346 7347 7348 7349 7350 7351 7352 7353 7354 7355 7356 7357 7358 7359 7360 7370 7371 7372 7373 7374 7375 7376 7377 7378 7379 7380 7381 7382 7383 7384 7385 7386 7387 7388 7389 7390 7391 7416 7417 7418 7419 7420 7421 7422 7450 7451 7452 7453 7474 7475 7476 7477 7478 7479 7480 7481 7482 7483 7484 7499 7500 7501 7502 7503 7504 7505 7506 7507 7508 7509 7510 7511 7512 7513 7514 7515 7539 7540 7541 7542 7543 7544 7545 7546 7577 7589 7590 7591 7592 7593 7594 7595 7596 7597 7598 7599 7600 7601 7602 7603 7604 7605 7606 7607 7608 7658 7659 7660 7661 7662 7663 7664 7665 7666 7667 7668 7669 7670 7699 7700 7701 7715 7716 7717 7718 7719 7720 7721 7722 7723 7724 7725 7726 7727 7728 7729 7730 7731 7732 7739 7740 7741 7742 7743 7744 7745 7746 7747 7748 7749 7750 7751 7752 7753 7754 7755 7756 7757 7758 7759 7760 7761 7762 7763 7794 7847 7848 7849 7850 7851 7852 7853 7854 7855 7856 7876 7877 7878 7879 7880 7881 7882 7883 7884 7885 7886 7887 7895 7896 7897 7898 7899 7900 7901 7902 7903 7904 7905 7906 7907 7908 7909 7910 7911 7912 7913 7914 7915 7916 7917 7918 7935 7936 7937 7938 7939 7940 7941 7942 7943 7944 7945 7946 7947 7948 7949 7972 7973 7974 7975 7976 7977 7978 7979 7980 8010 8011 8016 8074 8160 8193 8228 8244 8271 8310 8360 8427 8479 8506 8542 8579 8588 8629 8649 8689 8717 8742 8850 8888 8923 8947 9017 9047 9073 9081 9083 9084 9114 9138 9139 9140 9141 9142 9143 9144 9145 9176 9197 9198 9199 9200 9201 9202 9203 9204 9205 9206 9207 9220 9221 9222 9223 9224 9225 9226 9227 9228 9229 9230 9231 9232 9233 9234 9235 9236 9237 9238 9269 9276 9277 9278 9279 9280 9281 9282 9283 9284 9285 9286 9287 9288 9289 9290 9291 9292 9293 9294 9295 9296 9297 9298 9299 9300 9319 9320 9321 9322 9323 9324 9325 9326 9327 9328 9329 9330 9331 9348 9349 9350 9351 9352 9353 9354 9355 9356 9357 9358 9359 9360 9361 9362 9393 9413 9414 9415 9416 9417 9418 9419 9420 9421 9422 9423 9424 9455 9461 9462 9463 9464 9465 9466 9467 9468 9469 9470 9471 9472 9473 9474 9475 9476 9477 9478 9479 9480 9481 9482 9483 9484 9485 9486 9496 9497 9498 9499 9500 9501 9502 9503 9504 9505 9506 9507 9508 9509 9510 9511 9512 9513 9514 9515 9516 9517 9532 9533 9534 9535 9536 9537 9538 9539 9540 9541 9542 9543 9544 9545 9546 9547 9548 9556 9557 9558 9559 9560 9561 9562 9563 9564 9565 9566 9567 9568 9569 9570 9571 9572 9573 9574 9575 9576 9577 9578 9579 9582 9583 9584 9585 9586 9587 9588 9589 9590 9591 9592 9593 9594 9595 9596 9597 9598 9599 9600 9601 9602 9603 9604 9605 9606 9607 9608 9609 9610 9628 9629 9630 9631 9632 9633 9634 9635 9636 9637 9638 9639 9640 9641 9643 9644 9645 9646 9647 9648 9649 9650 9651 9652 9653 9654 9655 9656 9657 9658 9659 9660 9661 9662 9663 9664 9665 9666 9667 9668 9669 9670 9671 9672 9684 9685 9686 9687 9688 9689 9690 9691 9692 9693 9694 9695 9696 9697 9698 9699 9700 9701 9702 9703 9708 9709 9710 9711 9712 9713 9714 9715 9716 9717 9718 9719 9720 9721 9722 9723 9724 9725 9726 9727 9728 9729 9730 9731 9732 9733 9734 9750 9751 9752 9753 9754 9755 9756 9757 9758 9759 9760 9761 9762 9763 9764 9765 9788 9789 9790 9791 9792 9793 9794 9795 9796 9827 9867 9868 9869 9870 9871 9872 9873 9874 9875 9876 9877 9878 9879 9880 9881 9882 9883 9884 9885 9886 9887 9888 9889 9900 9901 9902 9903 9904 9905 9906 9907 9908 9909 9910 9911 9912 9913 9914 9915 9916 9917 9918 9919 9920 9942 9943 9944 9945 9946 9947 9948 9949 9950 9951 9965 9966 9967 9968 9969 9970 9971 9972 9973 9974 9975 9976 9977 9978 9979 9980 9981 9982 10013 10017 10018 10019 10020 10021 10022 10023 10024 10025 10026 10027 10028 10029 10030 10031 10032 10033 10034 10035 10036 10037 10038 10039 10040 10041 10042 10043 10044 10066 10088 10113 10162 10223 10238 10299 10428 10466 10517 10552 10567 10641 10707 10762 10807 10838 10848 10891 10921 10957 10996 11069 11119 11121 11125 11127 11129 11158 11159 11164 11165 11166 11167 11168 11169 11170 11171 11172 11173 11174 11175 11176 11177 11178 11179 11180 11181 11182 11183 11184 11185 11186 11187 11188 11189 11190 11203 11204 11205 11206 11207 11208 11209 11210 11211 11212 11213 11214 11215 11216 11217 11218 11219 11220 11221 11223 11224 11225 11226 11227 11228 11229 11230 11231 11232 11233 11234 11235 11236 11237 11238 11239 11240 11241 11242 11243 11244 11245 11246 11247 11248 11249 11250 11251 11252 11274 11275 11276 11277 11278 11279 11280 11281 11282 11283 11295 11296 11297 11298 11299 11300 11301 11302 11303 11304 11305 11306 11307 11308 11309 11310 11311 11312 11313 11314 11347 11348 11349 11350 11351 11352 11353 11354 11355 11356 11357 11358 11359 11360 11361 11362 11363 11364 11365 11366 11367 11368 11369 11370 11371 11372 11373 11374 11375 11376 11379 11380 11381 11382 11383 11384 11385 11386 11387 11388 11389 11390 11391 11392 11393 11394 11395 11396 11397 11398 11399 11400 11401 11402 11403 11404 11405 11406 11407 11438 11441 11442 11443 11444 11445 11446 11447 11448 11449 11450 11451 11452 11453 11454 11455 11456 11457 11458 11459 11460 11461 11462 11463 11464 11465 11466 11467 11468 11469 11498 11499 11500 11531 11557 11558 11559 11560 11561 11562 11580 11581 11582 11583 11584 11585 11586 11587 11588 11589 11590 11591 11592 11593 11621 11622 11623 11624 11627 11628 11629 11630 11631 11632 11633 11634 11635 11636 11637 11638 11639 11640 11641 11642 11643 11644 11645 11646 11647 11648 11649 11650 11651 11652 11653 11654 11655 11671 11672 11673 11674 11675 11676 11677 11678 11679 11680 11681 11682 11683 11684 11685 11686 11689 11690 11691 11692 11693 11694 11695 11696 11697 11698 11699 11700 11701 11702 11703 11704 11705 11706 11707 11708 11709 11710 11711 11712 11713 11714 11715 11716 11717 11740 11741 11742 11743 11744 11745 11746 11747 11748 11751 11752 11753 11754 11755 11756 11757 11758 11759 11760 11761 11762 11763 11764 11765 11766 11767 11768 11769 11770 11771 11772 11773 11774 11775 11776 11777 11778 11779 11796 11797 11798 11799 11800 11801 11802 11803 11804 11805 11806 11807 11808 11809 11810 11824 11825 11826 11827 11828 11829 11830 11831 11832 11833 11834 11835 11836 11837 11838 11839 11840 11841 11865 11866 11867 11868 11869 11870 11871 11872 11893 11894 11895 11896 11897 11898 11899 11900 11901 11902 11903 11930 11931 11932 11933 11934 11959 11960 11961 11962 11963 11964 11965 11980 11981 11982 11983 11984 11985 11986 11987 11988 11989 11990 11991 11992 11993 11994 11995 11996 12016 12017 12018 12019 12020 12021 12022 12023 12024 12025 12026 12027 12058 12061 12062 12063 12064 12065 12066 12067 12068 12069 12070 12071 12072 12073 12074 12075 12076 12077 12078 12079 12080 12081 12082 12083 12084 12085 12086 12087 12088 12089 12091 12119 12125 12142 12190 12192 12250 12283 12354 12390 12429 12511 12566 12596 12632 12679 12739 12779 12816 12833 12882 12940 13013 13032 13107 13149 13177 13182 13183 13199 13200 13201 13202 13203 13204 13205 13206 13207 13208 13209 13210 13211 13212 13213 13214 13215 13216 13278 13306 13307 13308 13309 13329 13330 13331 13332 13333 13334 13335 13336 13337 13338 13339 13340 13371 13402 13429 13430 13431 13432 13433 13459 13460 13461 13462 13463 13464 13486 13487 13488 13489 13490 13491 13492 13493 13494 13495 13526 13557 13570 13571 13572 13573 13574 13575 13576 13577 13578 13579 13580 13581 13582 13583 13584 13585 13586 13587 13588 13605 13606 13607 13608 13609 13610 13611 13612 13613 13614 13615 13616 13617 13618 13619 13642 13643 13644 13645 13646 13647 13648 13649 13650 13665 13666 13667 13668 13669 13670 13671 13672 13673 13674 13675 13676 13677 13678 13679 13680 13681 13712 13737 13738 13739 13740 13741 13742 13743 13793 13794 13795 13796 13797 13798 13799 13800 13801 13802 13803 13804 13805 13817 13818 13819 13820 13821 13822 13823 13824 13825 13826 13827 13828 13829 13830 13831 13832 13833 13834 13835 13836 13860 13861 13862 13863 13864 13865 13866 13867 13897 13898 13916 13917 13918 13919 13920 13921 13922 13923 13924 13925 13926 13927 13928 13929 13976 13977 13978 13979 13980 13981 13982 13983 13984 13985 13986 13987 13988 13989 13990 13991 14022 14051 14052 14053 14074 14075 14076 14077 14078 14079 14080 14081 14082 14083 14084 14115 14126 14127 14128 14129 14130 14131 14132 14133 14134 14135 14136 14137 14138 14139 14140 14141 14142 14143 14144 14145 14146 14151 14161 14163
c Using COMiniSatPS SAT solver by Chanseok Oh (2016)
[UWrMaxSAT] meta file: p4_A-n32-k5_r41v7k3.meta
[UWrMaxSAT] meta loaded OK.
[UWrMaxSAT] Loaded 3429 assumption literals from p4_A-n32-k5_r40v7k3.wcnf.asm
c Parsing MaxSAT file...
c Start timer (tic-tac ...)
c c Found solution: 1893174
c ============================[  Problem Statistics ]============================
c |  Number of variables:          7997                                         |
c |  Number of clauses:           49428 (incl.         1479 soft in queue)      |
c ===============================================================================
c [UWrMaxSAT] Timeout reached inside slice loop. Stopping.
c *** Interrupted ***
c [1mSATISFIABLE: Best solution found: 1893174[0m
v 7 148 205 317 353 405 442 458 492 608 635 659 687 830 846 901 944 1014 1131 1172 1229 1266 1341 1352 1429 1466 1482 1511 1590 1659 1696 1711 1840 1870 1925 2020 2050 2052 2054 2056 2070 2071 2072 2073 2074 2075 2076 2077 2078 2079 2080 2081 2082 2083 2084 2085 2086 2088 2089 2090 2091 2092 2093 2094 2095 2096 2097 2098 2099 2100 2101 2102 2103 2104 2105 2106 2107 2108 2109 2110 2111 2112 2113 2114 2115 2116 2117 2119 2120 2121 2122 2123 2124 2125 2126 2127 2128 2129 2130 2131 2132 2133 2134 2135 2136 2137 2138 2139 2140 2141 2142 2143 2144 2145 2146 2147 2148 2150 2151 2152 2153 2154 2155 2156 2157 2158 2159 2160 2161 2162 2163 2164 2165 2166 2167 2168 2169 2170 2171 2172 2173 2174 2175 2176 2177 2178 2179 2186 2187 2188 2189 2190 2191 2192 2193 2194 2195 2196 2197 2198 2199 2200 2201 2202 2203 2204 2205 2206 2207 2208 2209 2210 2213 2214 2215 2216 2217 2218 2219 2220 2221 2222 2223 2224 2225 2226 2227 2228 2229 2230 2231 2232 2233 2234 2235 2236 2237 2238 2239 2240 2241 2265 2266 2267 2268 2269 2270 2271 2272 2274 2275 2276 2277 2278 2279 2280 2281 2282 2283 2284 2285 2286 2287 2288 2289 2290 2291 2292 2293 2294 2295 2296 2297 2298 2299 2300 2301 2302 2303 2306 2307 2308 2309 2310 2311 2312 2313 2314 2315 2316 2317 2318 2319 2320 2321 2322 2323 2324 2325 2326 2327 2328 2329 2330 2331 2332 2333 2334 2339 2340 2341 2342 2343 2344 2345 2346 2347 2348 2349 2350 2351 2352 2353 2354 2355 2356 2357 2358 2359 2360 2361 2362 2363 2364 2365 2367 2368 2369 2370 2371 2372 2373 2374 2375 2376 2377 2378 2379 2380 2381 2382 2383 2384 2385 2386 2387 2388 2389 2390 2391 2392 2393 2394 2395 2396 2410 2411 2412 2413 2414 2415 2416 2417 2418 2419 2420 2421 2422 2423 2424 2425 2426 2427 2452 2453 2454 2455 2456 2457 2458 2468 2469 2470 2471 2472 2473 2474 2475 2476 2477 2478 2479 2480 2481 2482 2483 2484 2485 2486 2487 2488 2489 2493 2494 2495 2496 2497 2498 2499 2500 2501 2502 2503 2504 2505 2506 2507 2508 2509 2510 2511 2512 2513 2514 2515 2516 2517 2518 2519 2520 2533 2534 2535 2536 2537 2538 2539 2540 2541 2542 2543 2544 2545 2546 2547 2548 2549 2550 2551 2554 2555 2556 2557 2558 2559 2560 2561 2562 2563 2564 2565 2566 2567 2568 2569 2570 2571 2572 2573 2574 2575 2576 2577 2578 2579 2580 2581 2582 2585 2586 2587 2588 2589 2590 2591 2592 2593 2594 2595 2596 2597 2598 2599 2600 2601 2602 2603 2604 2605 2606 2607 2608 2609 2610 2611 2612 2613 2640 2641 2642 2643 2644 2652 2653 2654 2655 2656 2657 2658 2659 2660 2661 2662 2663 2664 2665 2666 2667 2668 2669 2670 2671 2672 2673 2674 2675 2701 2702 2703 2704 2705 2706 2709 2710 2711 2712 2713 2714 2715 2716 2717 2718 2719 2720 2721 2722 2723 2724 2725 2726 2727 2728 2729 2730 2731 2732 2733 2734 2735 2736 2737 2739 2740 2741 2742 2743 2744 2745 2746 2747 2748 2749 2750 2751 2752 2753 2754 2755 2756 2757 2758 2759 2760 2761 2762 2763 2764 2765 2766 2767 2768 2795 2796 2797 2798 2799 2816 2817 2818 2819 2820 2821 2822 2823 2824 2825 2826 2827 2828 2829 2830 2841 2842 2843 2844 2845 2846 2847 2848 2849 2850 2851 2852 2853 2854 2855 2856 2857 2858 2859 2860 2861 2870 2871 2872 2873 2874 2875 2876 2877 2878 2879 2880 2881 2882 2883 2884 2885 2886 2887 2888 2889 2890 2891 2892 2894 2895 2896 2897 2898 2899 2900 2901 2902 2903 2904 2905 2906 2907 2908 2909 2910 2911 2912 2913 2914 2915 2916 2917 2918 2919 2920 2921 2922 2923 2929 2930 2931 2932 2933 2934 2935 2936 2937 2938 2939 2940 2941 2942 2943 2944 2945 2946 2947 2948 2949 2950 2951 2952 2953 2954 2966 2967 2968 2969 2970 2971 2972 2973 2974 2975 2976 2977 2978 2979 2980 2981 2982 2983 2984 2985 2987 2988 2989 2990 2991 2992 2993 2994 2995 2996 2997 2998 2999 3000 3001 3002 3003 3004 3005 3006 3007 3008 3009 3010 3011 3012 3013 3014 3015 3016 3031 3032 3033 3034 3035 3036 3037 3038 3039 3040 3041 3042 3043 3044 3045 3046 3047 3050 3051 3052 3053 3054 3055 3056 3057 3058 3059 3060 3061 3062 3063 3064 3065 3066 3067 3068 3069 3070 3071 3072 3073 3074 3075 3076 3077 3078 3080 3081 3082 3083 3084 3085 3086 3087 3088 3089 3090 3091 3092 3093 3094 3095 3096 3097 3098 3099 3100 3101 3102 3103 3104 3105 3106 3107 3108 3109 3111 3112 3113 3114 3115 3116 3117 3118 3119 3120 3121 3122 3123 3124 3125 3126 3127 3128 3129 3130 3131 3132 3133 3134 3135 3136 3137 3138 3139 3140 3156 3157 3158 3159 3160 3161 3162 3163 3164 3165 3166 3167 3168 3169 3170 3171 3173 3174 3175 3176 3177 3178 3179 3180 3181 3182 3183 3184 3185 3186 3187 3188 3189 3190 3191 3192 3193 3194 3195 3196 3197 3198 3199 3200 3201 3202 3232 3233 3237 3238 3239 3240 3241 3242 3243 3244 3245 3246 3247 3248 3249 3250 3251 3252 3253 3254 3255 3256 3257 3258 3259 3260 3261 3262 3263 3264 3295 3309 3310 3311 3312 3313 3314 3315 3316 3317 3318 3319 3320 3321 3322 3323 3324 3325 3326 3329 3330 3331 3332 3333 3334 3335 3336 3337 3338 3339 3340 3341 3342 3343 3344 3345 3346 3347 3348 3349 3350 3351 3352 3353 3354 3355 3356 3357 3373 3374 3375 3376 3377 3378 3379 3380 3381 3382 3383 3384 3385 3386 3387 3388 3419 3446 3447 3448 3449 3450 3463 3464 3465 3466 3467 3468 3469 3470 3471 3472 3473 3474 3475 3476 3477 3478 3479 3480 3481 3510 3511 3512 3517 3518 3519 3520 3521 3522 3523 3524 3525 3526 3527 3528 3529 3530 3531 3532 3533 3534 3535 3536 3537 3538 3539 3540 3541 3542 3543 3554 3555 3556 3557 3558 3559 3560 3561 3562 3563 3564 3565 3566 3567 3568 3569 3570 3571 3572 3573 3574 3578 3579 3580 3581 3582 3583 3584 3585 3586 3587 3588 3589 3590 3591 3592 3593 3594 3595 3596 3597 3598 3599 3600 3601 3602 3603 3604 3605 3622 3623 3624 3625 3626 3627 3628 3629 3630 3631 3632 3633 3634 3635 3636 3679 3680 3681 3682 3683 3684 3685 3686 3687 3688 3689 3690 3691 3692 3693 3694 3695 3696 3697 3698 3700 3701 3702 3703 3704 3705 3706 3707 3708 3709 3710 3711 3712 3713 3714 3715 3716 3717 3718 3719 3720 3721 3722 3723 3724 3725 3726 3727 3728 3729 3760 3819 3820 3821 3822 3848 3849 3850 3851 3852 3853 3856 3857 3858 3859 3860 3861 3862 3863 3864 3865 3866 3867 3868 3869 3870 3871 3872 3873 3874 3875 3876 3877 3878 3879 3880 3881 3882 3883 3884 3899 3900 3901 3902 3903 3904 3905 3906 3907 3908 3909 3910 3911 3912 3913 3914 3915 3946 3948 3949 3950 3951 3952 3953 3954 3955 3956 3957 3958 3959 3960 3961 3962 3963 3964 3965 3966 3967 3968 3969 3970 3971 3972 3973 3974 3975 3976 3977 3979 4008 4116 4145 4185 4227 4266 4295 4316 4383 4435 4462 4502 4535 4544 4585 4605 4645 4673 4728 4770 4806 4844 4879 4946 4973 5003 5022 5023 5024 5035 5036 5037 5038 5039 5040 5041 5042 5043 5044 5045 5046 5047 5048 5049 5050 5051 5052 5053 5054 5055 5056 5057 5060 5061 5062 5063 5064 5065 5066 5067 5068 5069 5070 5071 5072 5073 5074 5075 5076 5077 5078 5079 5080 5081 5082 5083 5084 5085 5086 5087 5088 5091 5092 5093 5094 5095 5096 5097 5098 5099 5100 5101 5102 5103 5104 5105 5106 5107 5108 5109 5110 5111 5112 5113 5114 5115 5116 5117 5118 5119 5148 5149 5150 5166 5167 5168 5169 5170 5171 5172 5173 5174 5175 5176 5177 5178 5179 5180 5181 5183 5184 5185 5186 5187 5188 5189 5190 5191 5192 5193 5194 5195 5196 5197 5198 5199 5200 5201 5202 5203 5204 5205 5206 5207 5208 5209 5210 5211 5212 5220 5221 5222 5223 5224 5225 5226 5227 5228 5229 5230 5231 5232 5233 5234 5235 5236 5237 5238 5239 5240 5241 5242 5243 5270 5271 5272 5273 5274 5299 5300 5301 5302 5303 5304 5305 5327 5328 5329 5330 5331 5332 5333 5334 5335 5336 5364 5365 5366 5367 5398 5405 5406 5407 5408 5409 5410 5411 5412 5413 5414 5415 5416 5417 5418 5419 5420 5421 5422 5423 5424 5425 5426 5427 5428 5429 5442 5443 5444 5445 5446 5447 5448 5449 5450 5451 5452 5453 5454 5455 5456 5457 5458 5459 5460 5483 5484 5485 5486 5487 5488 5489 5490 5491 5501 5502 5503 5504 5505 5506 5507 5508 5509 5510 5511 5512 5513 5514 5515 5516 5517 5518 5519 5520 5521 5522 5526 5527 5528 5529 5530 5531 5532 5533 5534 5535 5536 5537 5538 5539 5540 5541 5542 5543 5544 5545 5546 5547 5548 5549 5550 5551 5552 5553 5579 5580 5581 5582 5583 5584 5587 5588 5589 5590 5591 5592 5593 5594 5595 5596 5597 5598 5599 5600 5601 5602 5603 5604 5605 5606 5607 5608 5609 5610 5611 5612 5613 5614 5615 5630 5631 5632 5633 5634 5635 5636 5637 5638 5639 5640 5641 5642 5643 5644 5645 5646 5652 5653 5654 5655 5656 5657 5658 5659 5660 5661 5662 5663 5664 5665 5666 5667 5668 5669 5670 5671 5672 5673 5674 5675 5676 5677 5701 5702 5703 5704 5705 5706 5707 5708 5739 5770 5791 5792 5793 5794 5795 5796 5797 5798 5799 5800 5801 5813 5814 5815 5816 5817 5818 5819 5820 5821 5822 5823 5824 5825 5826 5827 5828 5829 5830 5831 5832 5846 5847 5848 5849 5850 5851 5852 5853 5854 5855 5856 5857 5858 5859 5860 5861 5862 5863 5893 5894 5925 5936 5937 5938 5939 5940 5941 5942 5943 5944 5945 5946 5947 5948 5949 5950 5951 5952 5953 5954 5955 5956 5961 5962 5963 5964 5965 5966 5967 5968 5969 5970 5971 5972 5973 5974 5975 5976 5977 5978 5979 5980 5981 5982 5983 5984 5985 5986 5987 5991 5999 6001 6006 6016 6116 6157 6214 6251 6287 6326 6337 6362 6414 6451 6467 6501 6540 6562 6617 6644 6680 6696 6741 6839 6855 6877 6910 6953 6986 7024 7042 7043 7044 7047 7051 7076 7077 7078 7079 7080 7081 7083 7084 7085 7086 7087 7088 7089 7090 7091 7092 7093 7094 7095 7096 7097 7098 7099 7100 7101 7102 7103 7104 7105 7106 7107 7108 7109 7110 7111 7112 7115 7116 7117 7118 7119 7120 7121 7122 7123 7124 7125 7126 7127 7128 7129 7130 7131 7132 7133 7134 7135 7136 7137 7138 7139 7140 7141 7142 7143 7152 7153 7154 7155 7156 7157 7158 7159 7160 7161 7162 7163 7164 7165 7166 7167 7168 7169 7170 7171 7172 7173 7174 7192 7193 7194 7195 7196 7197 7198 7199 7200 7201 7202 7203 7204 7205 7207 7208 7209 7210 7211 7212 7213 7214 7215 7216 7217 7218 7219 7220 7221 7222 7223 7224 7225 7226 7227 7228 7229 7230 7231 7232 7233 7234 7235 7236 7263 7264 7265 7266 7267 7278 7279 7280 7281 7282 7283 7284 7285 7286 7287 7288 7289 7290 7291 7292 7293 7294 7295 7296 7297 7298 7311 7312 7313 7314 7315 7316 7317 7318 7319 7320 7321 7322 7323 7324 7325 7326 7327 7328 7329 7345 7346 7347 7348 7349 7350 7351 7352 7353 7354 7355 7356 7357 7358 7359 7360 7370 7371 7372 7373 7374 7375 7376 7377 7378 7379 7380 7381 7382 7383 7384 7385 7386 7387 7388 7389 7390 7391 7416 7417 7418 7419 7420 7421 7422 7450 7451 7452 7453 7474 7475 7476 7477 7478 7479 7480 7481 7482 7483 7484 7499 7500 7501 7502 7503 7504 7505 7506 7507 7508 7509 7510 7511 7512 7513 7514 7515 7539 7540 7541 7542 7543 7544 7545 7546 7577 7589 7590 7591 7592 7593 7594 7595 7596 7597 7598 7599 7600 7601 7602 7603 7604 7605 7606 7607 7608 7658 7659 7660 7661 7662 7663 7664 7665 7666 7667 7668 7669 7670 7699 7700 7701 7715 7716 7717 7718 7719 7720 7721 7722 7723 7724 7725 7726 7727 7728 7729 7730 7731 7732 7739 7740 7741 7742 7743 7744 7745 7746 7747 7748 7749 7750 7751 7752 7753 7754 7755 7756 7757 7758 7759 7760 7761 7762 7763 7794 7847 7848 7849 7850 7851 7852 7853 7854 7855 7856 7876 7877 7878 7879 7880 7881 7882 7883 7884 7885 7886 7887 7895 7896 7897 7898 7899 7900 7901 7902 7903 7904 7905 7906 7907 7908 7909 7910 7911 7912 7913 7914 7915 7916 7917 7918 7935 7936 7937 7938 7939 7940 7941 7942 7943 7944 7945 7946 7947 7948 7949 7972 7973 7974 7975 7976 7977 7978 7979 7980 8010 8011 8016 8074 8160 8193 8228 8244 8271 8310 8360 8427 8479 8506 8542 8579 8588 8629 8649 8689 8717 8742 8850 8888 8923 8947 9017 9047 9073 9081 9083 9084 9114 9138 9139 9140 9141 9142 9143 9144 9145 9176 9197 9198 9199 9200 9201 9202 9203 9204 9205 9206 9207 9220 9221 9222 9223 9224 9225 9226 9227 9228 9229 9230 9231 9232 9233 9234 9235 9236 9237 9238 9269 9276 9277 9278 9279 9280 9281 9282 9283 9284 9285 9286 9287 9288 9289 9290 9291 9292 9293 9294 9295 9296 9297 9298 9299 9300 9319 9320 9321 9322 9323 9324 9325 9326 9327 9328 9329 9330 9331 9348 9349 9350 9351 9352 9353 9354 9355 9356 9357 9358 9359 9360 9361 9362 9393 9413 9414 9415 9416 9417 9418 9419 9420 9421 9422 9423 9424 9455 9461 9462 9463 9464 9465 9466 9467 9468 9469 9470 9471 9472 9473 9474 9475 9476 9477 9478 9479 9480 9481 9482 9483 9484 9485 9486 9496 9497 9498 9499 9500 9501 9502 9503 9504 9505 9506 9507 9508 9509 9510 9511 9512 9513 9514 9515 9516 9517 9532 9533 9534 9535 9536 9537 9538 9539 9540 9541 9542 9543 9544 9545 9546 9547 9548 9556 9557 9558 9559 9560 9561 9562 9563 9564 9565 9566 9567 9568 9569 9570 9571 9572 9573 9574 9575 9576 9577 9578 9579 9582 9583 9584 9585 9586 9587 9588 9589 9590 9591 9592 9593 9594 9595 9596 9597 9598 9599 9600 9601 9602 9603 9604 9605 9606 9607 9608 9609 9610 9628 9629 9630 9631 9632 9633 9634 9635 9636 9637 9638 9639 9640 9641 9643 9644 9645 9646 9647 9648 9649 9650 9651 9652 9653 9654 9655 9656 9657 9658 9659 9660 9661 9662 9663 9664 9665 9666 9667 9668 9669 9670 9671 9672 9684 9685 9686 9687 9688 9689 9690 9691 9692 9693 9694 9695 9696 9697 9698 9699 9700 9701 9702 9703 9708 9709 9710 9711 9712 9713 9714 9715 9716 9717 9718 9719 9720 9721 9722 9723 9724 9725 9726 9727 9728 9729 9730 9731 9732 9733 9734 9750 9751 9752 9753 9754 9755 9756 9757 9758 9759 9760 9761 9762 9763 9764 9765 9788 9789 9790 9791 9792 9793 9794 9795 9796 9827 9867 9868 9869 9870 9871 9872 9873 9874 9875 9876 9877 9878 9879 9880 9881 9882 9883 9884 9885 9886 9887 9888 9889 9900 9901 9902 9903 9904 9905 9906 9907 9908 9909 9910 9911 9912 9913 9914 9915 9916 9917 9918 9919 9920 9942 9943 9944 9945 9946 9947 9948 9949 9950 9951 9965 9966 9967 9968 9969 9970 9971 9972 9973 9974 9975 9976 9977 9978 9979 9980 9981 9982 10013 10017 10018 10019 10020 10021 10022 10023 10024 10025 10026 10027 10028 10029 10030 10031 10032 10033 10034 10035 10036 10037 10038 10039 10040 10041 10042 10043 10044 10066 10088 10113 10162 10223 10238 10299 10428 10466 10517 10552 10567 10641 10707 10762 10807 10838 10848 10891 10921 10957 10996 11069 11119 11121 11125 11127 11129 11158 11159 11164 11165 11166 11167 11168 11169 11170 11171 11172 11173 11174 11175 11176 11177 11178 11179 11180 11181 11182 11183 11184 11185 11186 11187 11188 11189 11190 11203 11204 11205 11206 11207 11208 11209 11210 11211 11212 11213 11214 11215 11216 11217 11218 11219 11220 11221 11223 11224 11225 11226 11227 11228 11229 11230 11231 11232 11233 11234 11235 11236 11237 11238 11239 11240 11241 11242 11243 11244 11245 11246 11247 11248 11249 11250 11251 11252 11274 11275 11276 11277 11278 11279 11280 11281 11282 11283 11295 11296 11297 11298 11299 11300 11301 11302 11303 11304 11305 11306 11307 11308 11309 11310 11311 11312 11313 11314 11347 11348 11349 11350 11351 11352 11353 11354 11355 11356 11357 11358 11359 11360 11361 11362 11363 11364 11365 11366 11367 11368 11369 11370 11371 11372 11373 11374 11375 11376 11379 11380 11381 11382 11383 11384 11385 11386 11387 11388 11389 11390 11391 11392 11393 11394 11395 11396 11397 11398 11399 11400 11401 11402 11403 11404 11405 11406 11407 11438 11441 11442 11443 11444 11445 11446 11447 11448 11449 11450 11451 11452 11453 11454 11455 11456 11457 11458 11459 11460 11461 11462 11463 11464 11465 11466 11467 11468 11469 11498 11499 11500 11531 11557 11558 11559 11560 11561 11562 11580 11581 11582 11583 11584 11585 11586 11587 11588 11589 11590 11591 11592 11593 11621 11622 11623 11624 11627 11628 11629 11630 11631 11632 11633 11634 11635 11636 11637 11638 11639 11640 11641 11642 11643 11644 11645 11646 11647 11648 11649 11650 11651 11652 11653 11654 11655 11671 11672 11673 11674 11675 11676 11677 11678 11679 11680 11681 11682 11683 11684 11685 11686 11689 11690 11691 11692 11693 11694 11695 11696 11697 11698 11699 11700 11701 11702 11703 11704 11705 11706 11707 11708 11709 11710 11711 11712 11713 11714 11715 11716 11717 11740 11741 11742 11743 11744 11745 11746 11747 11748 11751 11752 11753 11754 11755 11756 11757 11758 11759 11760 11761 11762 11763 11764 11765 11766 11767 11768 11769 11770 11771 11772 11773 11774 11775 11776 11777 11778 11779 11796 11797 11798 11799 11800 11801 11802 11803 11804 11805 11806 11807 11808 11809 11810 11824 11825 11826 11827 11828 11829 11830 11831 11832 11833 11834 11835 11836 11837 11838 11839 11840 11841 11865 11866 11867 11868 11869 11870 11871 11872 11893 11894 11895 11896 11897 11898 11899 11900 11901 11902 11903 11930 11931 11932 11933 11934 11959 11960 11961 11962 11963 11964 11965 11980 11981 11982 11983 11984 11985 11986 11987 11988 11989 11990 11991 11992 11993 11994 11995 11996 12016 12017 12018 12019 12020 12021 12022 12023 12024 12025 12026 12027 12058 12061 12062 12063 12064 12065 12066 12067 12068 12069 12070 12071 12072 12073 12074 12075 12076 12077 12078 12079 12080 12081 12082 12083 12084 12085 12086 12087 12088 12089 12091 12119 12125 12142 12190 12192 12250 12283 12354 12390 12429 12511 12566 12596 12632 12679 12739 12779 12816 12833 12882 12940 13013 13032 13107 13149 13177 13182 13183 13199 13200 13201 13202 13203 13204 13205 13206 13207 13208 13209 13210 13211 13212 13213 13214 13215 13216 13278 13306 13307 13308 13309 13329 13330 13331 13332 13333 13334 13335 13336 13337 13338 13339 13340 13371 13402 13429 13430 13431 13432 13433 13459 13460 13461 13462 13463 13464 13486 13487 13488 13489 13490 13491 13492 13493 13494 13495 13526 13557 13570 13571 13572 13573 13574 13575 13576 13577 13578 13579 13580 13581 13582 13583 13584 13585 13586 13587 13588 13605 13606 13607 13608 13609 13610 13611 13612 13613 13614 13615 13616 13617 13618 13619 13642 13643 13644 13645 13646 13647 13648 13649 13650 13665 13666 13667 13668 13669 13670 13671 13672 13673 13674 13675 13676 13677 13678 13679 13680 13681 13712 13737 13738 13739 13740 13741 13742 13743 13793 13794 13795 13796 13797 13798 13799 13800 13801 13802 13803 13804 13805 13817 13818 13819 13820 13821 13822 13823 13824 13825 13826 13827 13828 13829 13830 13831 13832 13833 13834 13835 13836 13860 13861 13862 13863 13864 13865 13866 13867 13897 13898 13916 13917 13918 13919 13920 13921 13922 13923 13924 13925 13926 13927 13928 13929 13976 13977 13978 13979 13980 13981 13982 13983 13984 13985 13986 13987 13988 13989 13990 13991 14022 14051 14052 14053 14074 14075 14076 14077 14078 14079 14080 14081 14082 14083 14084 14115 14126 14127 14128 14129 14130 14131 14132 14133 14134 14135 14136 14137 14138 14139 14140 14141 14142 14143 14144 14145 14146 14151 14161 14163
c _______________________________________________________________________________
c 
c restarts               : 15102664
c conflicts              : 157            (3 /sec)
c decisions              : 2251           (0.00 % random) (40 /sec)
c propagations           : 1047825        (18470 /sec)
c conflict literals      : 29             (0.00 % deleted)
c =======================[ UWrMaxSat resources usage ]===========================
c Memory used            : 38.00 MB
c CPU time               : 56.7308 s
c _______________________________________________________________________________
c SATISFIABLE

c Using COMiniSatPS SAT solver by Chanseok Oh (2016)
[UWrMaxSAT] meta file: p4_A-n32-k5_r42v7k3.meta
[UWrMaxSAT] meta loaded OK.
[UWrMaxSAT] Loaded 3429 assumption literals from p4_A-n32-k5_r41v7k3.wcnf.asm
c Parsing MaxSAT file...
c Start timer (tic-tac ...)
c c Found solution: 1959212
c ============================[  Problem Statistics ]============================
c |  Number of variables:          8004                                         |
c |  Number of clauses:           49691 (incl.         1486 soft in queue)      |
c ===============================================================================
c [UWrMaxSAT] Timeout reached.
c [1mOptimal solution: 1959212[0m
c _______________________________________________________________________________
c 
c restarts               : 15350804
c conflicts              : 192            (3 /sec)
c decisions              : 2187           (0.00 % random) (38 /sec)
c propagations           : 1251717        (21903 /sec)
c conflict literals      : 29             (0.00 % deleted)
c =======================[ UWrMaxSat resources usage ]===========================
c Memory used            : 38.00 MB
c CPU time               : 57.1477 s
c _______________________________________________________________________________
o 1959212
s OPTIMUM FOUND
v 7 148 205 317 353 405 442 458 492 608 635 659 687 830 846 901 944 1014 1131 1172 1229 1266 1341 1352 1429 1466 1482 1511 1590 1659 1696 1711 1840 1870 1925 2020 2050 2052 2054 2056 2070 2071 2072 2073 2074 2075 2076 2077 2078 2079 2080 2081 2082 2083 2084 2085 2086 2088 2089 2090 2091 2092 2093 2094 2095 2096 2097 2098 2099 2100 2101 2102 2103 2104 2105 2106 2107 2108 2109 2110 2111 2112 2113 2114 2115 2116 2117 2119 2120 2121 2122 2123 2124 2125 2126 2127 2128 2129 2130 2131 2132 2133 2134 2135 2136 2137 2138 2139 2140 2141 2142 2143 2144 2145 2146 2147 2148 2150 2151 2152 2153 2154 2155 2156 2157 2158 2159 2160 2161 2162 2163 2164 2165 2166 2167 2168 2169 2170 2171 2172 2173 2174 2175 2176 2177 2178 2179 2186 2187 2188 2189 2190 2191 2192 2193 2194 2195 2196 2197 2198 2199 2200 2201 2202 2203 2204 2205 2206 2207 2208 2209 2210 2213 2214 2215 2216 2217 2218 2219 2220 2221 2222 2223 2224 2225 2226 2227 2228 2229 2230 2231 2232 2233 2234 2235 2236 2237 2238 2239 2240 2241 2265 2266 2267 2268 2269 2270 2271 2272 2274 2275 2276 2277 2278 2279 2280 2281 2282 2283 2284 2285 2286 2287 2288 2289 2290 2291 2292 2293 2294 2295 2296 2297 2298 2299 2300 2301 2302 2303 2306 2307 2308 2309 2310 2311 2312 2313 2314 2315 2316 2317 2318 2319 2320 2321 2322 2323 2324 2325 2326 2327 2328 2329 2330 2331 2332 2333 2334 2339 2340 2341 2342 2343 2344 2345 2346 2347 2348 2349 2350 2351 2352 2353 2354 2355 2356 2357 2358 2359 2360 2361 2362 2363 2364 2365 2367 2368 2369 2370 2371 2372 2373 2374 2375 2376 2377 2378 2379 2380 2381 2382 2383 2384 2385 2386 2387 2388 2389 2390 2391 2392 2393 2394 2395 2396 2410 2411 2412 2413 2414 2415 2416 2417 2418 2419 2420 2421 2422 2423 2424 2425 2426 2427 2452 2453 2454 2455 2456 2457 2458 2468 2469 2470 2471 2472 2473 2474 2475 2476 2477 2478 2479 2480 2481 2482 2483 2484 2485 2486 2487 2488 2489 2493 2494 2495 2496 2497 2498 2499 2500 2501 2502 2503 2504 2505 2506 2507 2508 2509 2510 2511 2512 2513 2514 2515 2516 2517 2518 2519 2520 2533 2534 2535 2536 2537 2538 2539 2540 2541 2542 2543 2544 2545 2546 2547 2548 2549 2550 2551 2554 2555 2556 2557 2558 2559 2560 2561 2562 2563 2564 2565 2566 2567 2568 2569 2570 2571 2572 2573 2574 2575 2576 2577 2578 2579 2580 2581 2582 2585 2586 2587 2588 2589 2590 2591 2592 2593 2594 2595 2596 2597 2598 2599 2600 2601 2602 2603 2604 2605 2606 2607 2608 2609 2610 2611 2612 2613 2640 2641 2642 2643 2644 2652 2653 2654 2655 2656 2657 2658 2659 2660 2661 2662 2663 2664 2665 2666 2667 2668 2669 2670 2671 2672 2673 2674 2675 2701 2702 2703 2704 2705 2706 2709 2710 2711 2712 2713 2714 2715 2716 2717 2718 2719 2720 2721 2722 2723 2724 2725 2726 2727 2728 2729 2730 2731 2732 2733 2734 2735 2736 2737 2739 2740 2741 2742 2743 2744 2745 2746 2747 2748 2749 2750 2751 2752 2753 2754 2755 2756 2757 2758 2759 2760 2761 2762 2763 2764 2765 2766 2767 2768 2795 2796 2797 2798 2799 2816 2817 2818 2819 2820 2821 2822 2823 2824 2825 2826 2827 2828 2829 2830 2841 2842 2843 2844 2845 2846 2847 2848 2849 2850 2851 2852 2853 2854 2855 2856 2857 2858 2859 2860 2861 2870 2871 2872 2873 2874 2875 2876 2877 2878 2879 2880 2881 2882 2883 2884 2885 2886 2887 2888 2889 2890 2891 2892 2894 2895 2896 2897 2898 2899 2900 2901 2902 2903 2904 2905 2906 2907 2908 2909 2910 2911 2912 2913 2914 2915 2916 2917 2918 2919 2920 2921 2922 2923 2929 2930 2931 2932 2933 2934 2935 2936 2937 2938 2939 2940 2941 2942 2943 2944 2945 2946 2947 2948 2949 2950 2951 2952 2953 2954 2966 2967 2968 2969 2970 2971 2972 2973 2974 2975 2976 2977 2978 2979 2980 2981 2982 2983 2984 2985 2987 2988 2989 2990 2991 2992 2993 2994 2995 2996 2997 2998 2999 3000 3001 3002 3003 3004 3005 3006 3007 3008 3009 3010 3011 3012 3013 3014 3015 3016 3031 3032 3033 3034 3035 3036 3037 3038 3039 3040 3041 3042 3043 3044 3045 3046 3047 3050 3051 3052 3053 3054 3055 3056 3057 3058 3059 3060 3061 3062 3063 3064 3065 3066 3067 3068 3069 3070 3071 3072 3073 3074 3075 3076 3077 3078 3080 3081 3082 3083 3084 3085 3086 3087 3088 3089 3090 3091 3092 3093 3094 3095 3096 3097 3098 3099 3100 3101 3102 3103 3104 3105 3106 3107 3108 3109 3111 3112 3113 3114 3115 3116 3117 3118 3119 3120 3121 3122 3123 3124 3125 3126 3127 3128 3129 3130 3131 3132 3133 3134 3135 3136 3137 3138 3139 3140 3156 3157 3158 3159 3160 3161 3162 3163 3164 3165 3166 3167 3168 3169 3170 3171 3173 3174 3175 3176 3177 3178 3179 3180 3181 3182 3183 3184 3185 3186 3187 3188 3189 3190 3191 3192 3193 3194 3195 3196 3197 3198 3199 3200 3201 3202 3232 3233 3237 3238 3239 3240 3241 3242 3243 3244 3245 3246 3247 3248 3249 3250 3251 3252 3253 3254 3255 3256 3257 3258 3259 3260 3261 3262 3263 3264 3295 3309 3310 3311 3312 3313 3314 3315 3316 3317 3318 3319 3320 3321 3322 3323 3324 3325 3326 3329 3330 3331 3332 3333 3334 3335 3336 3337 3338 3339 3340 3341 3342 3343 3344 3345 3346 3347 3348 3349 3350 3351 3352 3353 3354 3355 3356 3357 3373 3374 3375 3376 3377 3378 3379 3380 3381 3382 3383 3384 3385 3386 3387 3388 3419 3446 3447 3448 3449 3450 3463 3464 3465 3466 3467 3468 3469 3470 3471 3472 3473 3474 3475 3476 3477 3478 3479 3480 3481 3510 3511 3512 3517 3518 3519 3520 3521 3522 3523 3524 3525 3526 3527 3528 3529 3530 3531 3532 3533 3534 3535 3536 3537 3538 3539 3540 3541 3542 3543 3554 3555 3556 3557 3558 3559 3560 3561 3562 3563 3564 3565 3566 3567 3568 3569 3570 3571 3572 3573 3574 3578 3579 3580 3581 3582 3583 3584 3585 3586 3587 3588 3589 3590 3591 3592 3593 3594 3595 3596 3597 3598 3599 3600 3601 3602 3603 3604 3605 3622 3623 3624 3625 3626 3627 3628 3629 3630 3631 3632 3633 3634 3635 3636 3679 3680 3681 3682 3683 3684 3685 3686 3687 3688 3689 3690 3691 3692 3693 3694 3695 3696 3697 3698 3700 3701 3702 3703 3704 3705 3706 3707 3708 3709 3710 3711 3712 3713 3714 3715 3716 3717 3718 3719 3720 3721 3722 3723 3724 3725 3726 3727 3728 3729 3760 3819 3820 3821 3822 3848 3849 3850 3851 3852 3853 3856 3857 3858 3859 3860 3861 3862 3863 3864 3865 3866 3867 3868 3869 3870 3871 3872 3873 3874 3875 3876 3877 3878 3879 3880 3881 3882 3883 3884 3899 3900 3901 3902 3903 3904 3905 3906 3907 3908 3909 3910 3911 3912 3913 3914 3915 3946 3948 3949 3950 3951 3952 3953 3954 3955 3956 3957 3958 3959 3960 3961 3962 3963 3964 3965 3966 3967 3968 3969 3970 3971 3972 3973 3974 3975 3976 3977 3979 4008 4116 4145 4185 4227 4266 4295 4316 4383 4435 4462 4502 4535 4544 4585 4605 4645 4673 4728 4770 4806 4844 4879 4946 4973 5003 5022 5023 5024 5035 5036 5037 5038 5039 5040 5041 5042 5043 5044 5045 5046 5047 5048 5049 5050 5051 5052 5053 5054 5055 5056 5057 5060 5061 5062 5063 5064 5065 5066 5067 5068 5069 5070 5071 5072 5073 5074 5075 5076 5077 5078 5079 5080 5081 5082 5083 5084 5085 5086 5087 5088 5091 5092 5093 5094 5095 5096 5097 5098 5099 5100 5101 5102 5103 5104 5105 5106 5107 5108 5109 5110 5111 5112 5113 5114 5115 5116 5117 5118 5119 5148 5149 5150 5166 5167 5168 5169 5170 5171 5172 5173 5174 5175 5176 5177 5178 5179 5180 5181 5183 5184 5185 5186 5187 5188 5189 5190 5191 5192 5193 5194 5195 5196 5197 5198 5199 5200 5201 5202 5203 5204 5205 5206 5207 5208 5209 5210 5211 5212 5220 5221 5222 5223 5224 5225 5226 5227 5228 5229 5230 5231 5232 5233 5234 5235 5236 5237 5238 5239 5240 5241 5242 5243 5270 5271 5272 5273 5274 5299 5300 5301 5302 5303 5304 5305 5327 5328 5329 5330 5331 5332 5333 5334 5335 5336 5364 5365 5366 5367 5398 5405 5406 5407 5408 5409 5410 5411 5412 5413 5414 5415 5416 5417 5418 5419 5420 5421 5422 5423 5424 5425 5426 5427 5428 5429 5442 5443 5444 5445 5446 5447 5448 5449 5450 5451 5452 5453 5454 5455 5456 5457 5458 5459 5460 5483 5484 5485 5486 5487 5488 5489 5490 5491 5501 5502 5503 5504 5505 5506 5507 5508 5509 5510 5511 5512 5513 5514 5515 5516 5517 5518 5519 5520 5521 5522 5526 5527 5528 5529 5530 5531 5532 5533 5534 5535 5536 5537 5538 5539 5540 5541 5542 5543 5544 5545 5546 5547 5548 5549 5550 5551 5552 5553 5579 5580 5581 5582 5583 5584 5587 5588 5589 5590 5591 5592 5593 5594 5595 5596 5597 5598 5599 5600 5601 5602 5603 5604 5605 5606 5607 5608 5609 5610 5611 5612 5613 5614 5615 5630 5631 5632 5633 5634 5635 5636 5637 5638 5639 5640 5641 5642 5643 5644 5645 5646 5652 5653 5654 5655 5656 5657 5658 5659 5660 5661 5662 5663 5664 5665 5666 5667 5668 5669 5670 5671 5672 5673 5674 5675 5676 5677 5701 5702 5703 5704 5705 5706 5707 5708 5739 5770 5791 5792 5793 5794 5795 5796 5797 5798 5799 5800 5801 5813 5814 5815 5816 5817 5818 5819 5820 5821 5822 5823 5824 5825 5826 5827 5828 5829 5830 5831 5832 5846 5847 5848 5849 5850 5851 5852 5853 5854 5855 5856 5857 5858 5859 5860 5861 5862 5863 5893 5894 5925 5936 5937 5938 5939 5940 5941 5942 5943 5944 5945 5946 5947 5948 5949 5950 5951 5952 5953 5954 5955 5956 5961 5962 5963 5964 5965 5966 5967 5968 5969 5970 5971 5972 5973 5974 5975 5976 5977 5978 5979 5980 5981 5982 5983 5984 5985 5986 5987 5991 5999 6001 6006 6016 6116 6157 6214 6251 6287 6326 6337 6362 6414 6451 6467 6501 6540 6562 6617 6644 6680 6696 6741 6839 6855 6877 6910 6953 6986 7024 7042 7043 7044 7047 7051 7076 7077 7078 7079 7080 7081 7083 7084 7085 7086 7087 7088 7089 7090 7091 7092 7093 7094 7095 7096 7097 7098 7099 7100 7101 7102 7103 7104 7105 7106 7107 7108 7109 7110 7111 7112 7115 7116 7117 7118 7119 7120 7121 7122 7123 7124 7125 7126 7127 7128 7129 7130 7131 7132 7133 7134 7135 7136 7137 7138 7139 7140 7141 7142 7143 7152 7153 7154 7155 7156 7157 7158 7159 7160 7161 7162 7163 7164 7165 7166 7167 7168 7169 7170 7171 7172 7173 7174 7192 7193 7194 7195 7196 7197 7198 7199 7200 7201 7202 7203 7204 7205 7207 7208 7209 7210 7211 7212 7213 7214 7215 7216 7217 7218 7219 7220 7221 7222 7223 7224 7225 7226 7227 7228 7229 7230 7231 7232 7233 7234 7235 7236 7263 7264 7265 7266 7267 7278 7279 7280 7281 7282 7283 7284 7285 7286 7287 7288 7289 7290 7291 7292 7293 7294 7295 7296 7297 7298 7311 7312 7313 7314 7315 7316 7317 7318 7319 7320 7321 7322 7323 7324 7325 7326 7327 7328 7329 7345 7346 7347 7348 7349 7350 7351 7352 7353 7354 7355 7356 7357 7358 7359 7360 7370 7371 7372 7373 7374 7375 7376 7377 7378 7379 7380 7381 7382 7383 7384 7385 7386 7387 7388 7389 7390 7391 7416 7417 7418 7419 7420 7421 7422 7450 7451 7452 7453 7474 7475 7476 7477 7478 7479 7480 7481 7482 7483 7484 7499 7500 7501 7502 7503 7504 7505 7506 7507 7508 7509 7510 7511 7512 7513 7514 7515 7539 7540 7541 7542 7543 7544 7545 7546 7577 7589 7590 7591 7592 7593 7594 7595 7596 7597 7598 7599 7600 7601 7602 7603 7604 7605 7606 7607 7608 7658 7659 7660 7661 7662 7663 7664 7665 7666 7667 7668 7669 7670 7699 7700 7701 7715 7716 7717 7718 7719 7720 7721 7722 7723 7724 7725 7726 7727 7728 7729 7730 7731 7732 7739 7740 7741 7742 7743 7744 7745 7746 7747 7748 7749 7750 7751 7752 7753 7754 7755 7756 7757 7758 7759 7760 7761 7762 7763 7794 7847 7848 7849 7850 7851 7852 7853 7854 7855 7856 7876 7877 7878 7879 7880 7881 7882 7883 7884 7885 7886 7887 7895 7896 7897 7898 7899 7900 7901 7902 7903 7904 7905 7906 7907 7908 7909 7910 7911 7912 7913 7914 7915 7916 7917 7918 7935 7936 7937 7938 7939 7940 7941 7942 7943 7944 7945 7946 7947 7948 7949 7972 7973 7974 7975 7976 7977 7978 7979 7980 8010 8011 8016 8074 8160 8193 8228 8244 8271 8310 8360 8427 8479 8506 8542 8579 8588 8629 8649 8689 8717 8742 8850 8888 8923 8947 9017 9047 9073 9081 9083 9084 9114 9138 9139 9140 9141 9142 9143 9144 9145 9176 9197 9198 9199 9200 9201 9202 9203 9204 9205 9206 9207 9220 9221 9222 9223 9224 9225 9226 9227 9228 9229 9230 9231 9232 9233 9234 9235 9236 9237 9238 9269 9276 9277 9278 9279 9280 9281 9282 9283 9284 9285 9286 9287 9288 9289 9290 9291 9292 9293 9294 9295 9296 9297 9298 9299 9300 9319 9320 9321 9322 9323 9324 9325 9326 9327 9328 9329 9330 9331 9348 9349 9350 9351 9352 9353 9354 9355 9356 9357 9358 9359 9360 9361 9362 9393 9413 9414 9415 9416 9417 9418 9419 9420 9421 9422 9423 9424 9455 9461 9462 9463 9464 9465 9466 9467 9468 9469 9470 9471 9472 9473 9474 9475 9476 9477 9478 9479 9480 9481 9482 9483 9484 9485 9486 9496 9497 9498 9499 9500 9501 9502 9503 9504 9505 9506 9507 9508 9509 9510 9511 9512 9513 9514 9515 9516 9517 9532 9533 9534 9535 9536 9537 9538 9539 9540 9541 9542 9543 9544 9545 9546 9547 9548 9556 9557 9558 9559 9560 9561 9562 9563 9564 9565 9566 9567 9568 9569 9570 9571 9572 9573 9574 9575 9576 9577 9578 9579 9582 9583 9584 9585 9586 9587 9588 9589 9590 9591 9592 9593 9594 9595 9596 9597 9598 9599 9600 9601 9602 9603 9604 9605 9606 9607 9608 9609 9610 9628 9629 9630 9631 9632 9633 9634 9635 9636 9637 9638 9639 9640 9641 9643 9644 9645 9646 9647 9648 9649 9650 9651 9652 9653 9654 9655 9656 9657 9658 9659 9660 9661 9662 9663 9664 9665 9666 9667 9668 9669 9670 9671 9672 9684 9685 9686 9687 9688 9689 9690 9691 9692 9693 9694 9695 9696 9697 9698 9699 9700 9701 9702 9703 9708 9709 9710 9711 9712 9713 9714 9715 9716 9717 9718 9719 9720 9721 9722 9723 9724 9725 9726 9727 9728 9729 9730 9731 9732 9733 9734 9750 9751 9752 9753 9754 9755 9756 9757 9758 9759 9760 9761 9762 9763 9764 9765 9788 9789 9790 9791 9792 9793 9794 9795 9796 9827 9867 9868 9869 9870 9871 9872 9873 9874 9875 9876 9877 9878 9879 9880 9881 9882 9883 9884 9885 9886 9887 9888 9889 9900 9901 9902 9903 9904 9905 9906 9907 9908 9909 9910 9911 9912 9913 9914 9915 9916 9917 9918 9919 9920 9942 9943 9944 9945 9946 9947 9948 9949 9950 9951 9965 9966 9967 9968 9969 9970 9971 9972 9973 9974 9975 9976 9977 9978 9979 9980 9981 9982 10013 10017 10018 10019 10020 10021 10022 10023 10024 10025 10026 10027 10028 10029 10030 10031 10032 10033 10034 10035 10036 10037 10038 10039 10040 10041 10042 10043 10044 10066 10088 10113 10162 10223 10238 10299 10428 10466 10517 10552 10567 10641 10707 10762 10807 10838 10848 10891 10921 10957 10996 11069 11119 11121 11125 11127 11129 11158 11159 11164 11165 11166 11167 11168 11169 11170 11171 11172 11173 11174 11175 11176 11177 11178 11179 11180 11181 11182 11183 11184 11185 11186 11187 11188 11189 11190 11203 11204 11205 11206 11207 11208 11209 11210 11211 11212 11213 11214 11215 11216 11217 11218 11219 11220 11221 11223 11224 11225 11226 11227 11228 11229 11230 11231 11232 11233 11234 11235 11236 11237 11238 11239 11240 11241 11242 11243 11244 11245 11246 11247 11248 11249 11250 11251 11252 11274 11275 11276 11277 11278 11279 11280 11281 11282 11283 11295 11296 11297 11298 11299 11300 11301 11302 11303 11304 11305 11306 11307 11308 11309 11310 11311 11312 11313 11314 11347 11348 11349 11350 11351 11352 11353 11354 11355 11356 11357 11358 11359 11360 11361 11362 11363 11364 11365 11366 11367 11368 11369 11370 11371 11372 11373 11374 11375 11376 11379 11380 11381 11382 11383 11384 11385 11386 11387 11388 11389 11390 11391 11392 11393 11394 11395 11396 11397 11398 11399 11400 11401 11402 11403 11404 11405 11406 11407 11438 11441 11442 11443 11444 11445 11446 11447 11448 11449 11450 11451 11452 11453 11454 11455 11456 11457 11458 11459 11460 11461 11462 11463 11464 11465 11466 11467 11468 11469 11498 11499 11500 11531 11557 11558 11559 11560 11561 11562 11580 11581 11582 11583 11584 11585 11586 11587 11588 11589 11590 11591 11592 11593 11621 11622 11623 11624 11627 11628 11629 11630 11631 11632 11633 11634 11635 11636 11637 11638 11639 11640 11641 11642 11643 11644 11645 11646 11647 11648 11649 11650 11651 11652 11653 11654 11655 11671 11672 11673 11674 11675 11676 11677 11678 11679 11680 11681 11682 11683 11684 11685 11686 11689 11690 11691 11692 11693 11694 11695 11696 11697 11698 11699 11700 11701 11702 11703 11704 11705 11706 11707 11708 11709 11710 11711 11712 11713 11714 11715 11716 11717 11740 11741 11742 11743 11744 11745 11746 11747 11748 11751 11752 11753 11754 11755 11756 11757 11758 11759 11760 11761 11762 11763 11764 11765 11766 11767 11768 11769 11770 11771 11772 11773 11774 11775 11776 11777 11778 11779 11796 11797 11798 11799 11800 11801 11802 11803 11804 11805 11806 11807 11808 11809 11810 11824 11825 11826 11827 11828 11829 11830 11831 11832 11833 11834 11835 11836 11837 11838 11839 11840 11841 11865 11866 11867 11868 11869 11870 11871 11872 11893 11894 11895 11896 11897 11898 11899 11900 11901 11902 11903 11930 11931 11932 11933 11934 11959 11960 11961 11962 11963 11964 11965 11980 11981 11982 11983 11984 11985 11986 11987 11988 11989 11990 11991 11992 11993 11994 11995 11996 12016 12017 12018 12019 12020 12021 12022 12023 12024 12025 12026 12027 12058 12061 12062 12063 12064 12065 12066 12067 12068 12069 12070 12071 12072 12073 12074 12075 12076 12077 12078 12079 12080 12081 12082 12083 12084 12085 12086 12087 12088 12089 12091 12119 12125 12142 12190 12192 12250 12283 12354 12390 12429 12511 12566 12596 12632 12679 12739 12779 12816 12833 12882 12940 13013 13032 13107 13149 13177 13182 13183 13199 13200 13201 13202 13203 13204 13205 13206 13207 13208 13209 13210 13211 13212 13213 13214 13215 13216 13278 13306 13307 13308 13309 13329 13330 13331 13332 13333 13334 13335 13336 13337 13338 13339 13340 13371 13402 13429 13430 13431 13432 13433 13459 13460 13461 13462 13463 13464 13486 13487 13488 13489 13490 13491 13492 13493 13494 13495 13526 13557 13570 13571 13572 13573 13574 13575 13576 13577 13578 13579 13580 13581 13582 13583 13584 13585 13586 13587 13588 13605 13606 13607 13608 13609 13610 13611 13612 13613 13614 13615 13616 13617 13618 13619 13642 13643 13644 13645 13646 13647 13648 13649 13650 13665 13666 13667 13668 13669 13670 13671 13672 13673 13674 13675 13676 13677 13678 13679 13680 13681 13712 13737 13738 13739 13740 13741 13742 13743 13793 13794 13795 13796 13797 13798 13799 13800 13801 13802 13803 13804 13805 13817 13818 13819 13820 13821 13822 13823 13824 13825 13826 13827 13828 13829 13830 13831 13832 13833 13834 13835 13836 13860 13861 13862 13863 13864 13865 13866 13867 13897 13898 13916 13917 13918 13919 13920 13921 13922 13923 13924 13925 13926 13927 13928 13929 13976 13977 13978 13979 13980 13981 13982 13983 13984 13985 13986 13987 13988 13989 13990 13991 14022 14051 14052 14053 14074 14075 14076 14077 14078 14079 14080 14081 14082 14083 14084 14115 14126 14127 14128 14129 14130 14131 14132 14133 14134 14135 14136 14137 14138 14139 14140 14141 14142 14143 14144 14145 14146 14151 14161 14163
Vehicle 2: d → 18 → 16 → 30 → 20 → 12 → 6 → 0 → 15 → 29 → 25 → 13 → 26 → 19 → 4 → 24 → 9 → 14 → 21 → 8 → 17 → 7 → 10 → 3 → 27 → 22 → d, (requests = [5, 6, 7, 11, 16])
Vehicle 3: d → 22 → 27 → 3 → 10 → 7 → 17 → 8 → 21 → 14 → 9 → 28 → 4 → 19 → 26 → 13 → 25 → 29 → 15 → 11 → 0 → 6 → 12 → 20 → 30 → 16 → 18 → d, (requests = [8, 9, 10, 13, 17, 18, 36])
Vehicle 4: d → 18 → 16 → 30 → 20 → 12 → 6 → 15 → 25 → 13 → 26 → 19 → 4 → 28 → 14 → 21 → 8 → 17 → 7 → 10 → 3 → 27 → 22 → 1 → 5 → d, (requests = [12, 20, 22, 23, 34, 35])
Vehicle 5: d → 1 → 5 → 2 → 22 → 27 → 17 → 21 → 14 → 28 → 24 → 4 → 19 → 23 → 26 → 13 → 25 → 15 → 11 → 0 → 12 → 6 → d, (requests = [19, 21, 25, 27, 29])
Vehicle 6: d → 30 → 20 → 12 → 0 → 15 → 25 → 13 → 23 → 19 → 4 → 28 → 9 → 14 → 21 → 17 → 8 → 7 → 3 → 27 → 22 → 2 → 1 → d, (requests = [26, 31, 32, 37])
======== PPDSP OBJECTIVE ========
Profit    = 258399
Cost      = 67316
Objective = 191083
=================================
  [Time Manager] Step 42 consumed 60.89s. Total Consumed: 2501.99s.
  [Info] Saved 3429 core assumption literals to p4_A-n32-k5_r39v7k3.wcnf.asm

[43/60] Building & Solving: R=40, V=7, K=3
  [Info] Generating MaxSAT Formulation...
[SBC] Added 160 clauses.
[rc2] Generating instance: p4_A-n32-k5_r40v7k3.wcnf ...
[UWrMaxSAT] meta exported to p4_A-n32-k5_r40v7k3.meta
  [Time Manager] Global Remaining Budget: 1098.01s | Future Weight Sum: 18.0
  [Time Manager] Recalibrated Budget for this step: 61.00s
  [Info] Injected Assumption file: p4_A-n32-k5_r39v7k3.wcnf.asm
[UWrMaxSAT] Running command:
  stdbuf -oL uwrmaxsat -no-bin -no-sat -no-par -no-scip -ppdsp-time=61 -ppdsp-lastY=14175 -ppdsp=p4_A-n32-k5_r40v7k3.meta -ppdsp-assume=p4_A-n32-k5_r39v7k3.wcnf.asm p4_A-n32-k5_r40v7k3.wcnf | tee p4_A-n32-k5_r40v7k3.wcnf.out
Vehicle 0: d → 21 → 14 → 9 → 28 → 4 → 19 → 26 → 13 → 25 → 29 → 15 → 11 → 0 → 6 → 12 → 20 → 18 → d, (requests = [4, 15, 28, 30])
Vehicle 1: d → 3 → 10 → 7 → 17 → 21 → 14 → 9 → 28 → 4 → 19 → 26 → 13 → 25 → 15 → 6 → 12 → 20 → d, (requests = [0, 1, 2, 3, 14, 38])
Vehicle 2: d → 18 → 16 → 30 → 20 → 12 → 6 → 0 → 15 → 29 → 25 → 13 → 26 → 19 → 4 → 24 → 9 → 14 → 21 → 8 → 17 → 7 → 10 → 3 → 27 → 22 → d, (requests = [5, 6, 7, 11, 16])
Vehicle 3: d → 22 → 27 → 3 → 10 → 7 → 17 → 8 → 21 → 14 → 9 → 28 → 4 → 19 → 26 → 13 → 25 → 29 → 15 → 11 → 0 → 6 → 12 → 20 → 30 → 16 → 18 → d, (requests = [8, 9, 10, 13, 17, 18, 36])
Vehicle 4: d → 18 → 16 → 30 → 20 → 12 → 6 → 15 → 25 → 13 → 26 → 19 → 4 → 28 → 14 → 21 → 8 → 17 → 7 → 10 → 3 → 27 → 22 → 1 → 5 → d, (requests = [12, 20, 22, 23, 34, 35])
Vehicle 5: d → 1 → 5 → 2 → 22 → 27 → 17 → 21 → 14 → 28 → 24 → 4 → 19 → 23 → 26 → 13 → 25 → 15 → 11 → 0 → 12 → 6 → d, (requests = [19, 21, 25, 27, 29])
Vehicle 6: d → 30 → 20 → 12 → 0 → 15 → 25 → 13 → 23 → 19 → 4 → 28 → 9 → 14 → 21 → 17 → 8 → 7 → 3 → 27 → 22 → 2 → 1 → d, (requests = [26, 31, 32, 37])
======== PPDSP OBJECTIVE ========
Profit    = 258399
Cost      = 67316
Objective = 191083
=================================
  [Time Manager] Step 43 consumed 61.93s. Total Consumed: 2563.92s.
  [Info] Saved 3429 core assumption literals to p4_A-n32-k5_r40v7k3.wcnf.asm

[44/60] Building & Solving: R=41, V=7, K=3
  [Info] Generating MaxSAT Formulation...
[SBC] Added 164 clauses.
[rc2] Generating instance: p4_A-n32-k5_r41v7k3.wcnf ...
[UWrMaxSAT] meta exported to p4_A-n32-k5_r41v7k3.meta
  [Time Manager] Global Remaining Budget: 1036.08s | Future Weight Sum: 17.0
  [Time Manager] Recalibrated Budget for this step: 60.95s
  [Info] Injected Assumption file: p4_A-n32-k5_r40v7k3.wcnf.asm
[UWrMaxSAT] Running command:
  stdbuf -oL uwrmaxsat -no-bin -no-sat -no-par -no-scip -ppdsp-time=60 -ppdsp-lastY=14182 -ppdsp=p4_A-n32-k5_r41v7k3.meta -ppdsp-assume=p4_A-n32-k5_r40v7k3.wcnf.asm p4_A-n32-k5_r41v7k3.wcnf | tee p4_A-n32-k5_r41v7k3.wcnf.out
Vehicle 0: d → 21 → 14 → 9 → 28 → 4 → 19 → 26 → 13 → 25 → 29 → 15 → 11 → 0 → 6 → 12 → 20 → 18 → d, (requests = [4, 15, 28, 30])
Vehicle 1: d → 3 → 10 → 7 → 17 → 21 → 14 → 9 → 28 → 4 → 19 → 26 → 13 → 25 → 15 → 6 → 12 → 20 → d, (requests = [0, 1, 2, 3, 14, 38])
Vehicle 2: d → 18 → 16 → 30 → 20 → 12 → 6 → 0 → 15 → 29 → 25 → 13 → 26 → 19 → 4 → 24 → 9 → 14 → 21 → 8 → 17 → 7 → 10 → 3 → 27 → 22 → d, (requests = [5, 6, 7, 11, 16])
Vehicle 3: d → 22 → 27 → 3 → 10 → 7 → 17 → 8 → 21 → 14 → 9 → 28 → 4 → 19 → 26 → 13 → 25 → 29 → 15 → 11 → 0 → 6 → 12 → 20 → 30 → 16 → 18 → d, (requests = [8, 9, 10, 13, 17, 18, 36])
Vehicle 4: d → 18 → 16 → 30 → 20 → 12 → 6 → 15 → 25 → 13 → 26 → 19 → 4 → 28 → 14 → 21 → 8 → 17 → 7 → 10 → 3 → 27 → 22 → 1 → 5 → d, (requests = [12, 20, 22, 23, 34, 35])
Vehicle 5: d → 1 → 5 → 2 → 22 → 27 → 17 → 21 → 14 → 28 → 24 → 4 → 19 → 23 → 26 → 13 → 25 → 15 → 11 → 0 → 12 → 6 → d, (requests = [19, 21, 25, 27, 29])
Vehicle 6: d → 30 → 20 → 12 → 0 → 15 → 25 → 13 → 23 → 19 → 4 → 28 → 9 → 14 → 21 → 17 → 8 → 7 → 3 → 27 → 22 → 2 → 1 → d, (requests = [26, 31, 32, 37])
======== PPDSP OBJECTIVE ========
Profit    = 258399
Cost      = 67316
Objective = 191083
=================================
  [Time Manager] Step 44 consumed 60.80s. Total Consumed: 2624.72s.
  [Info] Saved 3429 core assumption literals to p4_A-n32-k5_r41v7k3.wcnf.asm

[45/60] Building & Solving: R=42, V=7, K=3
  [Info] Generating MaxSAT Formulation...
[SBC] Added 168 clauses.
[rc2] Generating instance: p4_A-n32-k5_r42v7k3.wcnf ...
[UWrMaxSAT] meta exported to p4_A-n32-k5_r42v7k3.meta
  [Time Manager] Global Remaining Budget: 975.28s | Future Weight Sum: 16.0
  [Time Manager] Recalibrated Budget for this step: 60.96s
  [Info] Injected Assumption file: p4_A-n32-k5_r41v7k3.wcnf.asm
[UWrMaxSAT] Running command:
  stdbuf -oL uwrmaxsat -no-bin -no-sat -no-par -no-scip -ppdsp-time=60 -ppdsp-lastY=14189 -ppdsp=p4_A-n32-k5_r42v7k3.meta -ppdsp-assume=p4_A-n32-k5_r41v7k3.wcnf.asm p4_A-n32-k5_r42v7k3.wcnf | tee p4_A-n32-k5_r42v7k3.wcnf.out
Vehicle 0: d → 21 → 14 → 9 → 28 → 4 → 19 → 26 → 13 → 25 → 29 → 15 → 11 → 0 → 6 → 12 → 20 → 18 → d, (requests = [4, 15, 28, 30])
Vehicle 1: d → 3 → 10 → 7 → 17 → 21 → 14 → 9 → 28 → 4 → 19 → 26 → 13 → 25 → 15 → 6 → 12 → 20 → d, (requests = [0, 1, 2, 3, 14, 38])
Vehicle 2: d → 18 → 16 → 30 → 20 → 12 → 6 → 0 → 15 → 29 → 25 → 13 → 26 → 19 → 4 → 24 → 9 → 14 → 21 → 8 → 17 → 7 → 10 → 3 → 27 → 22 → d, (requests = [5, 6, 7, 11, 16])
Vehicle 3: d → 22 → 27 → 3 → 10 → 7 → 17 → 8 → 21 → 14 → 9 → 28 → 4 → 19 → 26 → 13 → 25 → 29 → 15 → 11 → 0 → 6 → 12 → 20 → 30 → 16 → 18 → d, (requests = [8, 9, 10, 13, 17, 18, 36])
Vehicle 4: d → 18 → 16 → 30 → 20 → 12 → 6 → 15 → 25 → 13 → 26 → 19 → 4 → 28 → 14 → 21 → 8 → 17 → 7 → 10 → 3 → 27 → 22 → 1 → 5 → d, (requests = [12, 20, 22, 23, 34, 35])
Vehicle 5: d → 1 → 5 → 2 → 22 → 27 → 17 → 21 → 14 → 28 → 24 → 4 → 19 → 23 → 26 → 13 → 25 → 15 → 11 → 0 → 12 → 6 → d, (requests = [19, 21, 25, 27, 29])
Vehicle 6: d → 30 → 20 → 12 → 0 → 15 → 25 → 13 → 23 → 19 → 4 → 28 → 9 → 14 → 21 → 17 → 8 → 7 → 3 → 27 → 22 → 2 → 1 → d, (requests = [26, 31, 32, 37])
======== PPDSP OBJECTIVE ========
Profit    = 258399
Cost      = 67316
Objective = 191083
c Using COMiniSatPS SAT solver by Chanseok Oh (2016)
[UWrMaxSAT] meta file: p4_A-n32-k5_r42v8k3.meta
[UWrMaxSAT] meta loaded OK.
[UWrMaxSAT] Loaded 3429 assumption literals from p4_A-n32-k5_r42v7k3.wcnf.asm
c Parsing MaxSAT file...
c Start timer (tic-tac ...)
c c Found solution: 2266397
c ============================[  Problem Statistics ]============================
c |  Number of variables:          9146                                         |
c |  Number of clauses:           56920 (incl.         1697 soft in queue)      |
c ===============================================================================
c [Elapsed time] 0.07 s
c Found solution: 2258955
c [Elapsed time] 0.07 s
c Found solution: 2250028
c [Elapsed time] 0.10 s
c Found solution: 2249211
c [Elapsed time] 0.10 s
c Found solution: 2246582
c [UWrMaxSAT] Timeout reached.
c [1mOptimal solution: 2246582[0m
c _______________________________________________________________________________
c 
c restarts               : 14697773
c conflicts              : 2865           (50 /sec)
c decisions              : 14426          (0.00 % random) (252 /sec)
c propagations           : 1247966        (21778 /sec)
c conflict literals      : 43351          (15.90 % deleted)
c =======================[ UWrMaxSat resources usage ]===========================
c Memory used            : 39.00 MB
c CPU time               : 57.3039 s
c OptExp Enc: Srt/BDD/Add: 3 0 0
c _______________________________________________________________________________
o 2246582
s OPTIMUM FOUND
v 7 148 205 317 353 405 442 458 492 608 635 659 687 830 846 901 944 1014 1131 1172 1229 1266 1341 1352 1429 1466 1482 1511 1590 1659 1696 1711 1840 1870 1925 2020 2050 2052 2054 2056 2070 2071 2072 2073 2074 2075 2076 2077 2078 2079 2080 2081 2082 2083 2084 2085 2086 2088 2089 2090 2091 2092 2093 2094 2095 2096 2097 2098 2099 2100 2101 2102 2103 2104 2105 2106 2107 2108 2109 2110 2111 2112 2113 2114 2115 2116 2117 2119 2120 2121 2122 2123 2124 2125 2126 2127 2128 2129 2130 2131 2132 2133 2134 2135 2136 2137 2138 2139 2140 2141 2142 2143 2144 2145 2146 2147 2148 2150 2151 2152 2153 2154 2155 2156 2157 2158 2159 2160 2161 2162 2163 2164 2165 2166 2167 2168 2169 2170 2171 2172 2173 2174 2175 2176 2177 2178 2179 2186 2187 2188 2189 2190 2191 2192 2193 2194 2195 2196 2197 2198 2199 2200 2201 2202 2203 2204 2205 2206 2207 2208 2209 2210 2213 2214 2215 2216 2217 2218 2219 2220 2221 2222 2223 2224 2225 2226 2227 2228 2229 2230 2231 2232 2233 2234 2235 2236 2237 2238 2239 2240 2241 2265 2266 2267 2268 2269 2270 2271 2272 2274 2275 2276 2277 2278 2279 2280 2281 2282 2283 2284 2285 2286 2287 2288 2289 2290 2291 2292 2293 2294 2295 2296 2297 2298 2299 2300 2301 2302 2303 2306 2307 2308 2309 2310 2311 2312 2313 2314 2315 2316 2317 2318 2319 2320 2321 2322 2323 2324 2325 2326 2327 2328 2329 2330 2331 2332 2333 2334 2339 2340 2341 2342 2343 2344 2345 2346 2347 2348 2349 2350 2351 2352 2353 2354 2355 2356 2357 2358 2359 2360 2361 2362 2363 2364 2365 2367 2368 2369 2370 2371 2372 2373 2374 2375 2376 2377 2378 2379 2380 2381 2382 2383 2384 2385 2386 2387 2388 2389 2390 2391 2392 2393 2394 2395 2396 2410 2411 2412 2413 2414 2415 2416 2417 2418 2419 2420 2421 2422 2423 2424 2425 2426 2427 2452 2453 2454 2455 2456 2457 2458 2468 2469 2470 2471 2472 2473 2474 2475 2476 2477 2478 2479 2480 2481 2482 2483 2484 2485 2486 2487 2488 2489 2493 2494 2495 2496 2497 2498 2499 2500 2501 2502 2503 2504 2505 2506 2507 2508 2509 2510 2511 2512 2513 2514 2515 2516 2517 2518 2519 2520 2533 2534 2535 2536 2537 2538 2539 2540 2541 2542 2543 2544 2545 2546 2547 2548 2549 2550 2551 2554 2555 2556 2557 2558 2559 2560 2561 2562 2563 2564 2565 2566 2567 2568 2569 2570 2571 2572 2573 2574 2575 2576 2577 2578 2579 2580 2581 2582 2585 2586 2587 2588 2589 2590 2591 2592 2593 2594 2595 2596 2597 2598 2599 2600 2601 2602 2603 2604 2605 2606 2607 2608 2609 2610 2611 2612 2613 2640 2641 2642 2643 2644 2652 2653 2654 2655 2656 2657 2658 2659 2660 2661 2662 2663 2664 2665 2666 2667 2668 2669 2670 2671 2672 2673 2674 2675 2701 2702 2703 2704 2705 2706 2709 2710 2711 2712 2713 2714 2715 2716 2717 2718 2719 2720 2721 2722 2723 2724 2725 2726 2727 2728 2729 2730 2731 2732 2733 2734 2735 2736 2737 2739 2740 2741 2742 2743 2744 2745 2746 2747 2748 2749 2750 2751 2752 2753 2754 2755 2756 2757 2758 2759 2760 2761 2762 2763 2764 2765 2766 2767 2768 2795 2796 2797 2798 2799 2816 2817 2818 2819 2820 2821 2822 2823 2824 2825 2826 2827 2828 2829 2830 2841 2842 2843 2844 2845 2846 2847 2848 2849 2850 2851 2852 2853 2854 2855 2856 2857 2858 2859 2860 2861 2870 2871 2872 2873 2874 2875 2876 2877 2878 2879 2880 2881 2882 2883 2884 2885 2886 2887 2888 2889 2890 2891 2892 2894 2895 2896 2897 2898 2899 2900 2901 2902 2903 2904 2905 2906 2907 2908 2909 2910 2911 2912 2913 2914 2915 2916 2917 2918 2919 2920 2921 2922 2923 2929 2930 2931 2932 2933 2934 2935 2936 2937 2938 2939 2940 2941 2942 2943 2944 2945 2946 2947 2948 2949 2950 2951 2952 2953 2954 2966 2967 2968 2969 2970 2971 2972 2973 2974 2975 2976 2977 2978 2979 2980 2981 2982 2983 2984 2985 2987 2988 2989 2990 2991 2992 2993 2994 2995 2996 2997 2998 2999 3000 3001 3002 3003 3004 3005 3006 3007 3008 3009 3010 3011 3012 3013 3014 3015 3016 3031 3032 3033 3034 3035 3036 3037 3038 3039 3040 3041 3042 3043 3044 3045 3046 3047 3050 3051 3052 3053 3054 3055 3056 3057 3058 3059 3060 3061 3062 3063 3064 3065 3066 3067 3068 3069 3070 3071 3072 3073 3074 3075 3076 3077 3078 3080 3081 3082 3083 3084 3085 3086 3087 3088 3089 3090 3091 3092 3093 3094 3095 3096 3097 3098 3099 3100 3101 3102 3103 3104 3105 3106 3107 3108 3109 3111 3112 3113 3114 3115 3116 3117 3118 3119 3120 3121 3122 3123 3124 3125 3126 3127 3128 3129 3130 3131 3132 3133 3134 3135 3136 3137 3138 3139 3140 3156 3157 3158 3159 3160 3161 3162 3163 3164 3165 3166 3167 3168 3169 3170 3171 3173 3174 3175 3176 3177 3178 3179 3180 3181 3182 3183 3184 3185 3186 3187 3188 3189 3190 3191 3192 3193 3194 3195 3196 3197 3198 3199 3200 3201 3202 3232 3233 3237 3238 3239 3240 3241 3242 3243 3244 3245 3246 3247 3248 3249 3250 3251 3252 3253 3254 3255 3256 3257 3258 3259 3260 3261 3262 3263 3264 3295 3309 3310 3311 3312 3313 3314 3315 3316 3317 3318 3319 3320 3321 3322 3323 3324 3325 3326 3329 3330 3331 3332 3333 3334 3335 3336 3337 3338 3339 3340 3341 3342 3343 3344 3345 3346 3347 3348 3349 3350 3351 3352 3353 3354 3355 3356 3357 3373 3374 3375 3376 3377 3378 3379 3380 3381 3382 3383 3384 3385 3386 3387 3388 3419 3446 3447 3448 3449 3450 3463 3464 3465 3466 3467 3468 3469 3470 3471 3472 3473 3474 3475 3476 3477 3478 3479 3480 3481 3510 3511 3512 3517 3518 3519 3520 3521 3522 3523 3524 3525 3526 3527 3528 3529 3530 3531 3532 3533 3534 3535 3536 3537 3538 3539 3540 3541 3542 3543 3554 3555 3556 3557 3558 3559 3560 3561 3562 3563 3564 3565 3566 3567 3568 3569 3570 3571 3572 3573 3574 3578 3579 3580 3581 3582 3583 3584 3585 3586 3587 3588 3589 3590 3591 3592 3593 3594 3595 3596 3597 3598 3599 3600 3601 3602 3603 3604 3605 3622 3623 3624 3625 3626 3627 3628 3629 3630 3631 3632 3633 3634 3635 3636 3679 3680 3681 3682 3683 3684 3685 3686 3687 3688 3689 3690 3691 3692 3693 3694 3695 3696 3697 3698 3700 3701 3702 3703 3704 3705 3706 3707 3708 3709 3710 3711 3712 3713 3714 3715 3716 3717 3718 3719 3720 3721 3722 3723 3724 3725 3726 3727 3728 3729 3760 3791 3819 3820 3821 3822 3848 3849 3850 3851 3852 3853 3856 3857 3858 3859 3860 3861 3862 3863 3864 3865 3866 3867 3868 3869 3870 3871 3872 3873 3874 3875 3876 3877 3878 3879 3880 3881 3882 3883 3884 3899 3900 3901 3902 3903 3904 3905 3906 3907 3908 3909 3910 3911 3912 3913 3914 3915 3946 3948 3949 3950 3951 3952 3953 3954 3955 3956 3957 3958 3959 3960 3961 3962 3963 3964 3965 3966 3967 3968 3969 3970 3971 3972 3973 3974 3975 3976 3977 3979 4008 4116 4145 4185 4227 4266 4295 4316 4383 4435 4462 4502 4535 4544 4585 4605 4645 4673 4728 4770 4806 4844 4879 4946 4973 5003 5022 5023 5024 5035 5036 5037 5038 5039 5040 5041 5042 5043 5044 5045 5046 5047 5048 5049 5050 5051 5052 5053 5054 5055 5056 5057 5060 5061 5062 5063 5064 5065 5066 5067 5068 5069 5070 5071 5072 5073 5074 5075 5076 5077 5078 5079 5080 5081 5082 5083 5084 5085 5086 5087 5088 5091 5092 5093 5094 5095 5096 5097 5098 5099 5100 5101 5102 5103 5104 5105 5106 5107 5108 5109 5110 5111 5112 5113 5114 5115 5116 5117 5118 5119 5148 5149 5150 5166 5167 5168 5169 5170 5171 5172 5173 5174 5175 5176 5177 5178 5179 5180 5181 5183 5184 5185 5186 5187 5188 5189 5190 5191 5192 5193 5194 5195 5196 5197 5198 5199 5200 5201 5202 5203 5204 5205 5206 5207 5208 5209 5210 5211 5212 5220 5221 5222 5223 5224 5225 5226 5227 5228 5229 5230 5231 5232 5233 5234 5235 5236 5237 5238 5239 5240 5241 5242 5243 5270 5271 5272 5273 5274 5299 5300 5301 5302 5303 5304 5305 5327 5328 5329 5330 5331 5332 5333 5334 5335 5336 5364 5365 5366 5367 5398 5405 5406 5407 5408 5409 5410 5411 5412 5413 5414 5415 5416 5417 5418 5419 5420 5421 5422 5423 5424 5425 5426 5427 5428 5429 5442 5443 5444 5445 5446 5447 5448 5449 5450 5451 5452 5453 5454 5455 5456 5457 5458 5459 5460 5483 5484 5485 5486 5487 5488 5489 5490 5491 5501 5502 5503 5504 5505 5506 5507 5508 5509 5510 5511 5512 5513 5514 5515 5516 5517 5518 5519 5520 5521 5522 5526 5527 5528 5529 5530 5531 5532 5533 5534 5535 5536 5537 5538 5539 5540 5541 5542 5543 5544 5545 5546 5547 5548 5549 5550 5551 5552 5553 5579 5580 5581 5582 5583 5584 5587 5588 5589 5590 5591 5592 5593 5594 5595 5596 5597 5598 5599 5600 5601 5602 5603 5604 5605 5606 5607 5608 5609 5610 5611 5612 5613 5614 5615 5630 5631 5632 5633 5634 5635 5636 5637 5638 5639 5640 5641 5642 5643 5644 5645 5646 5652 5653 5654 5655 5656 5657 5658 5659 5660 5661 5662 5663 5664 5665 5666 5667 5668 5669 5670 5671 5672 5673 5674 5675 5676 5677 5701 5702 5703 5704 5705 5706 5707 5708 5739 5770 5791 5792 5793 5794 5795 5796 5797 5798 5799 5800 5801 5813 5814 5815 5816 5817 5818 5819 5820 5821 5822 5823 5824 5825 5826 5827 5828 5829 5830 5831 5832 5846 5847 5848 5849 5850 5851 5852 5853 5854 5855 5856 5857 5858 5859 5860 5861 5862 5863 5893 5894 5925 5936 5937 5938 5939 5940 5941 5942 5943 5944 5945 5946 5947 5948 5949 5950 5951 5952 5953 5954 5955 5956 5961 5962 5963 5964 5965 5966 5967 5968 5969 5970 5971 5972 5973 5974 5975 5976 5977 5978 5979 5980 5981 5982 5983 5984 5985 5986 5987 5991 5999 6001 6006 6016 6116 6157 6214 6251 6287 6326 6337 6362 6414 6451 6467 6501 6540 6562 6617 6644 6680 6696 6741 6839 6855 6877 6910 6953 6986 7024 7042 7043 7044 7047 7051 7076 7077 7078 7079 7080 7081 7083 7084 7085 7086 7087 7088 7089 7090 7091 7092 7093 7094 7095 7096 7097 7098 7099 7100 7101 7102 7103 7104 7105 7106 7107 7108 7109 7110 7111 7112 7115 7116 7117 7118 7119 7120 7121 7122 7123 7124 7125 7126 7127 7128 7129 7130 7131 7132 7133 7134 7135 7136 7137 7138 7139 7140 7141 7142 7143 7152 7153 7154 7155 7156 7157 7158 7159 7160 7161 7162 7163 7164 7165 7166 7167 7168 7169 7170 7171 7172 7173 7174 7192 7193 7194 7195 7196 7197 7198 7199 7200 7201 7202 7203 7204 7205 7207 7208 7209 7210 7211 7212 7213 7214 7215 7216 7217 7218 7219 7220 7221 7222 7223 7224 7225 7226 7227 7228 7229 7230 7231 7232 7233 7234 7235 7236 7263 7264 7265 7266 7267 7278 7279 7280 7281 7282 7283 7284 7285 7286 7287 7288 7289 7290 7291 7292 7293 7294 7295 7296 7297 7298 7311 7312 7313 7314 7315 7316 7317 7318 7319 7320 7321 7322 7323 7324 7325 7326 7327 7328 7329 7345 7346 7347 7348 7349 7350 7351 7352 7353 7354 7355 7356 7357 7358 7359 7360 7370 7371 7372 7373 7374 7375 7376 7377 7378 7379 7380 7381 7382 7383 7384 7385 7386 7387 7388 7389 7390 7391 7416 7417 7418 7419 7420 7421 7422 7450 7451 7452 7453 7474 7475 7476 7477 7478 7479 7480 7481 7482 7483 7484 7499 7500 7501 7502 7503 7504 7505 7506 7507 7508 7509 7510 7511 7512 7513 7514 7515 7539 7540 7541 7542 7543 7544 7545 7546 7577 7589 7590 7591 7592 7593 7594 7595 7596 7597 7598 7599 7600 7601 7602 7603 7604 7605 7606 7607 7608 7658 7659 7660 7661 7662 7663 7664 7665 7666 7667 7668 7669 7670 7699 7700 7701 7715 7716 7717 7718 7719 7720 7721 7722 7723 7724 7725 7726 7727 7728 7729 7730 7731 7732 7739 7740 7741 7742 7743 7744 7745 7746 7747 7748 7749 7750 7751 7752 7753 7754 7755 7756 7757 7758 7759 7760 7761 7762 7763 7794 7825 7847 7848 7849 7850 7851 7852 7853 7854 7855 7856 7876 7877 7878 7879 7880 7881 7882 7883 7884 7885 7886 7887 7895 7896 7897 7898 7899 7900 7901 7902 7903 7904 7905 7906 7907 7908 7909 7910 7911 7912 7913 7914 7915 7916 7917 7918 7935 7936 7937 7938 7939 7940 7941 7942 7943 7944 7945 7946 7947 7948 7949 7972 7973 7974 7975 7976 7977 7978 7979 7980 8010 8011 8016 8074 8160 8193 8228 8244 8271 8310 8360 8427 8479 8506 8542 8579 8588 8629 8649 8689 8717 8742 8850 8888 8923 8947 9017 9047 9073 9081 9083 9084 9100 9101 9102 9103 9104 9105 9106 9107 9108 9109 9110 9111 9112 9113 9114 9138 9139 9140 9141 9142 9143 9144 9145 9176 9197 9198 9199 9200 9201 9202 9203 9204 9205 9206 9207 9220 9221 9222 9223 9224 9225 9226 9227 9228 9229 9230 9231 9232 9233 9234 9235 9236 9237 9238 9269 9276 9277 9278 9279 9280 9281 9282 9283 9284 9285 9286 9287 9288 9289 9290 9291 9292 9293 9294 9295 9296 9297 9298 9299 9300 9319 9320 9321 9322 9323 9324 9325 9326 9327 9328 9329 9330 9331 9348 9349 9350 9351 9352 9353 9354 9355 9356 9357 9358 9359 9360 9361 9362 9375 9376 9377 9378 9379 9380 9381 9382 9383 9384 9385 9386 9387 9388 9389 9390 9391 9392 9393 9413 9414 9415 9416 9417 9418 9419 9420 9421 9422 9423 9424 9440 9441 9442 9443 9444 9445 9446 9447 9448 9449 9450 9451 9452 9453 9454 9455 9461 9462 9463 9464 9465 9466 9467 9468 9469 9470 9471 9472 9473 9474 9475 9476 9477 9478 9479 9480 9481 9482 9483 9484 9485 9486 9496 9497 9498 9499 9500 9501 9502 9503 9504 9505 9506 9507 9508 9509 9510 9511 9512 9513 9514 9515 9516 9517 9532 9533 9534 9535 9536 9537 9538 9539 9540 9541 9542 9543 9544 9545 9546 9547 9548 9556 9557 9558 9559 9560 9561 9562 9563 9564 9565 9566 9567 9568 9569 9570 9571 9572 9573 9574 9575 9576 9577 9578 9579 9582 9583 9584 9585 9586 9587 9588 9589 9590 9591 9592 9593 9594 9595 9596 9597 9598 9599 9600 9601 9602 9603 9604 9605 9606 9607 9608 9609 9610 9628 9629 9630 9631 9632 9633 9634 9635 9636 9637 9638 9639 9640 9641 9643 9644 9645 9646 9647 9648 9649 9650 9651 9652 9653 9654 9655 9656 9657 9658 9659 9660 9661 9662 9663 9664 9665 9666 9667 9668 9669 9670 9671 9672 9684 9685 9686 9687 9688 9689 9690 9691 9692 9693 9694 9695 9696 9697 9698 9699 9700 9701 9702 9703 9708 9709 9710 9711 9712 9713 9714 9715 9716 9717 9718 9719 9720 9721 9722 9723 9724 9725 9726 9727 9728 9729 9730 9731 9732 9733 9734 9750 9751 9752 9753 9754 9755 9756 9757 9758 9759 9760 9761 9762 9763 9764 9765 9788 9789 9790 9791 9792 9793 9794 9795 9796 9827 9839 9840 9841 9842 9843 9844 9845 9846 9847 9848 9849 9850 9851 9852 9853 9854 9855 9856 9857 9858 9867 9868 9869 9870 9871 9872 9873 9874 9875 9876 9877 9878 9879 9880 9881 9882 9883 9884 9885 9886 9887 9888 9889 9900 9901 9902 9903 9904 9905 9906 9907 9908 9909 9910 9911 9912 9913 9914 9915 9916 9917 9918 9919 9920 9942 9943 9944 9945 9946 9947 9948 9949 9950 9951 9965 9966 9967 9968 9969 9970 9971 9972 9973 9974 9975 9976 9977 9978 9979 9980 9981 9982 10013 10017 10018 10019 10020 10021 10022 10023 10024 10025 10026 10027 10028 10029 10030 10031 10032 10033 10034 10035 10036 10037 10038 10039 10040 10041 10042 10043 10044 10066 10088 10113 10162 10223 10238 10299 10428 10466 10517 10552 10567 10641 10707 10762 10807 10838 10848 10891 10921 10957 10996 11069 11119 11121 11125 11127 11129 11158 11159 11164 11165 11166 11167 11168 11169 11170 11171 11172 11173 11174 11175 11176 11177 11178 11179 11180 11181 11182 11183 11184 11185 11186 11187 11188 11189 11190 11203 11204 11205 11206 11207 11208 11209 11210 11211 11212 11213 11214 11215 11216 11217 11218 11219 11220 11221 11223 11224 11225 11226 11227 11228 11229 11230 11231 11232 11233 11234 11235 11236 11237 11238 11239 11240 11241 11242 11243 11244 11245 11246 11247 11248 11249 11250 11251 11252 11274 11275 11276 11277 11278 11279 11280 11281 11282 11283 11295 11296 11297 11298 11299 11300 11301 11302 11303 11304 11305 11306 11307 11308 11309 11310 11311 11312 11313 11314 11347 11348 11349 11350 11351 11352 11353 11354 11355 11356 11357 11358 11359 11360 11361 11362 11363 11364 11365 11366 11367 11368 11369 11370 11371 11372 11373 11374 11375 11376 11379 11380 11381 11382 11383 11384 11385 11386 11387 11388 11389 11390 11391 11392 11393 11394 11395 11396 11397 11398 11399 11400 11401 11402 11403 11404 11405 11406 11407 11438 11441 11442 11443 11444 11445 11446 11447 11448 11449 11450 11451 11452 11453 11454 11455 11456 11457 11458 11459 11460 11461 11462 11463 11464 11465 11466 11467 11468 11469 11498 11499 11500 11531 11557 11558 11559 11560 11561 11562 11580 11581 11582 11583 11584 11585 11586 11587 11588 11589 11590 11591 11592 11593 11621 11622 11623 11624 11627 11628 11629 11630 11631 11632 11633 11634 11635 11636 11637 11638 11639 11640 11641 11642 11643 11644 11645 11646 11647 11648 11649 11650 11651 11652 11653 11654 11655 11671 11672 11673 11674 11675 11676 11677 11678 11679 11680 11681 11682 11683 11684 11685 11686 11689 11690 11691 11692 11693 11694 11695 11696 11697 11698 11699 11700 11701 11702 11703 11704 11705 11706 11707 11708 11709 11710 11711 11712 11713 11714 11715 11716 11717 11740 11741 11742 11743 11744 11745 11746 11747 11748 11751 11752 11753 11754 11755 11756 11757 11758 11759 11760 11761 11762 11763 11764 11765 11766 11767 11768 11769 11770 11771 11772 11773 11774 11775 11776 11777 11778 11779 11796 11797 11798 11799 11800 11801 11802 11803 11804 11805 11806 11807 11808 11809 11810 11824 11825 11826 11827 11828 11829 11830 11831 11832 11833 11834 11835 11836 11837 11838 11839 11840 11841 11865 11866 11867 11868 11869 11870 11871 11872 11893 11894 11895 11896 11897 11898 11899 11900 11901 11902 11903 11930 11931 11932 11933 11934 11959 11960 11961 11962 11963 11964 11965 11980 11981 11982 11983 11984 11985 11986 11987 11988 11989 11990 11991 11992 11993 11994 11995 11996 12016 12017 12018 12019 12020 12021 12022 12023 12024 12025 12026 12027 12058 12061 12062 12063 12064 12065 12066 12067 12068 12069 12070 12071 12072 12073 12074 12075 12076 12077 12078 12079 12080 12081 12082 12083 12084 12085 12086 12087 12088 12089 12091 12119 12125 12142 12190 12192 12250 12283 12354 12390 12429 12511 12566 12596 12632 12679 12739 12779 12816 12833 12882 12940 13013 13032 13107 13149 13177 13182 13183 13199 13200 13201 13202 13203 13204 13205 13206 13207 13208 13209 13210 13211 13212 13213 13214 13215 13216 13278 13306 13307 13308 13309 13329 13330 13331 13332 13333 13334 13335 13336 13337 13338 13339 13340 13371 13402 13429 13430 13431 13432 13433 13459 13460 13461 13462 13463 13464 13486 13487 13488 13489 13490 13491 13492 13493 13494 13495 13526 13557 13570 13571 13572 13573 13574 13575 13576 13577 13578 13579 13580 13581 13582 13583 13584 13585 13586 13587 13588 13605 13606 13607 13608 13609 13610 13611 13612 13613 13614 13615 13616 13617 13618 13619 13642 13643 13644 13645 13646 13647 13648 13649 13650 13665 13666 13667 13668 13669 13670 13671 13672 13673 13674 13675 13676 13677 13678 13679 13680 13681 13712 13737 13738 13739 13740 13741 13742 13743 13793 13794 13795 13796 13797 13798 13799 13800 13801 13802 13803 13804 13805 13817 13818 13819 13820 13821 13822 13823 13824 13825 13826 13827 13828 13829 13830 13831 13832 13833 13834 13835 13836 13860 13861 13862 13863 13864 13865 13866 13867 13897 13898 13916 13917 13918 13919 13920 13921 13922 13923 13924 13925 13926 13927 13928 13929 13960 13976 13977 13978 13979 13980 13981 13982 13983 13984 13985 13986 13987 13988 13989 13990 13991 14022 14051 14052 14053 14074 14075 14076 14077 14078 14079 14080 14081 14082 14083 14084 14115 14126 14127 14128 14129 14130 14131 14132 14133 14134 14135 14136 14137 14138 14139 14140 14141 14142 14143 14144 14145 14146 14151 14161 14163 14201 14244 14296 14337 14351 14394 14422 14467 14502 14517 14573 14574 14631 14647 14676 14824 14876 14921 14962 15019 15035 15057 15133 15187 15238 15247 15254
c Using COMiniSatPS SAT solver by Chanseok Oh (2016)
[UWrMaxSAT] meta file: p4_A-n32-k5_r43v8k3.meta
[UWrMaxSAT] meta loaded OK.
[UWrMaxSAT] Loaded 3526 assumption literals from p4_A-n32-k5_r42v8k3.wcnf.asm
c Parsing MaxSAT file...
c Start timer (tic-tac ...)
c c Found solution: 2297950
c ============================[  Problem Statistics ]============================
c |  Number of variables:          9154                                         |
c |  Number of clauses:           57225 (incl.         1705 soft in queue)      |
c ===============================================================================
c [UWrMaxSAT] Timeout reached.
c [1mOptimal solution: 2297950[0m
c _______________________________________________________________________________
c 
c restarts               : 14226767
c conflicts              : 116            (2 /sec)
c decisions              : 1878           (0.00 % random) (33 /sec)
c propagations           : 859830         (15092 /sec)
c conflict literals      : 36             (0.00 % deleted)
c =======================[ UWrMaxSat resources usage ]===========================
c Memory used            : 39.00 MB
c CPU time               : 56.9707 s
c _______________________________________________________________________________
o 2297950
s OPTIMUM FOUND
v 7 148 205 317 353 405 442 458 492 608 635 659 687 830 846 901 944 1014 1131 1172 1229 1266 1341 1352 1429 1466 1482 1511 1590 1659 1696 1711 1840 1870 1925 2020 2050 2052 2054 2056 2070 2071 2072 2073 2074 2075 2076 2077 2078 2079 2080 2081 2082 2083 2084 2085 2086 2088 2089 2090 2091 2092 2093 2094 2095 2096 2097 2098 2099 2100 2101 2102 2103 2104 2105 2106 2107 2108 2109 2110 2111 2112 2113 2114 2115 2116 2117 2119 2120 2121 2122 2123 2124 2125 2126 2127 2128 2129 2130 2131 2132 2133 2134 2135 2136 2137 2138 2139 2140 2141 2142 2143 2144 2145 2146 2147 2148 2150 2151 2152 2153 2154 2155 2156 2157 2158 2159 2160 2161 2162 2163 2164 2165 2166 2167 2168 2169 2170 2171 2172 2173 2174 2175 2176 2177 2178 2179 2186 2187 2188 2189 2190 2191 2192 2193 2194 2195 2196 2197 2198 2199 2200 2201 2202 2203 2204 2205 2206 2207 2208 2209 2210 2213 2214 2215 2216 2217 2218 2219 2220 2221 2222 2223 2224 2225 2226 2227 2228 2229 2230 2231 2232 2233 2234 2235 2236 2237 2238 2239 2240 2241 2265 2266 2267 2268 2269 2270 2271 2272 2274 2275 2276 2277 2278 2279 2280 2281 2282 2283 2284 2285 2286 2287 2288 2289 2290 2291 2292 2293 2294 2295 2296 2297 2298 2299 2300 2301 2302 2303 2306 2307 2308 2309 2310 2311 2312 2313 2314 2315 2316 2317 2318 2319 2320 2321 2322 2323 2324 2325 2326 2327 2328 2329 2330 2331 2332 2333 2334 2339 2340 2341 2342 2343 2344 2345 2346 2347 2348 2349 2350 2351 2352 2353 2354 2355 2356 2357 2358 2359 2360 2361 2362 2363 2364 2365 2367 2368 2369 2370 2371 2372 2373 2374 2375 2376 2377 2378 2379 2380 2381 2382 2383 2384 2385 2386 2387 2388 2389 2390 2391 2392 2393 2394 2395 2396 2410 2411 2412 2413 2414 2415 2416 2417 2418 2419 2420 2421 2422 2423 2424 2425 2426 2427 2452 2453 2454 2455 2456 2457 2458 2468 2469 2470 2471 2472 2473 2474 2475 2476 2477 2478 2479 2480 2481 2482 2483 2484 2485 2486 2487 2488 2489 2493 2494 2495 2496 2497 2498 2499 2500 2501 2502 2503 2504 2505 2506 2507 2508 2509 2510 2511 2512 2513 2514 2515 2516 2517 2518 2519 2520 2533 2534 2535 2536 2537 2538 2539 2540 2541 2542 2543 2544 2545 2546 2547 2548 2549 2550 2551 2554 2555 2556 2557 2558 2559 2560 2561 2562 2563 2564 2565 2566 2567 2568 2569 2570 2571 2572 2573 2574 2575 2576 2577 2578 2579 2580 2581 2582 2585 2586 2587 2588 2589 2590 2591 2592 2593 2594 2595 2596 2597 2598 2599 2600 2601 2602 2603 2604 2605 2606 2607 2608 2609 2610 2611 2612 2613 2640 2641 2642 2643 2644 2652 2653 2654 2655 2656 2657 2658 2659 2660 2661 2662 2663 2664 2665 2666 2667 2668 2669 2670 2671 2672 2673 2674 2675 2701 2702 2703 2704 2705 2706 2709 2710 2711 2712 2713 2714 2715 2716 2717 2718 2719 2720 2721 2722 2723 2724 2725 2726 2727 2728 2729 2730 2731 2732 2733 2734 2735 2736 2737 2739 2740 2741 2742 2743 2744 2745 2746 2747 2748 2749 2750 2751 2752 2753 2754 2755 2756 2757 2758 2759 2760 2761 2762 2763 2764 2765 2766 2767 2768 2795 2796 2797 2798 2799 2816 2817 2818 2819 2820 2821 2822 2823 2824 2825 2826 2827 2828 2829 2830 2841 2842 2843 2844 2845 2846 2847 2848 2849 2850 2851 2852 2853 2854 2855 2856 2857 2858 2859 2860 2861 2870 2871 2872 2873 2874 2875 2876 2877 2878 2879 2880 2881 2882 2883 2884 2885 2886 2887 2888 2889 2890 2891 2892 2894 2895 2896 2897 2898 2899 2900 2901 2902 2903 2904 2905 2906 2907 2908 2909 2910 2911 2912 2913 2914 2915 2916 2917 2918 2919 2920 2921 2922 2923 2929 2930 2931 2932 2933 2934 2935 2936 2937 2938 2939 2940 2941 2942 2943 2944 2945 2946 2947 2948 2949 2950 2951 2952 2953 2954 2966 2967 2968 2969 2970 2971 2972 2973 2974 2975 2976 2977 2978 2979 2980 2981 2982 2983 2984 2985 2987 2988 2989 2990 2991 2992 2993 2994 2995 2996 2997 2998 2999 3000 3001 3002 3003 3004 3005 3006 3007 3008 3009 3010 3011 3012 3013 3014 3015 3016 3031 3032 3033 3034 3035 3036 3037 3038 3039 3040 3041 3042 3043 3044 3045 3046 3047 3050 3051 3052 3053 3054 3055 3056 3057 3058 3059 3060 3061 3062 3063 3064 3065 3066 3067 3068 3069 3070 3071 3072 3073 3074 3075 3076 3077 3078 3080 3081 3082 3083 3084 3085 3086 3087 3088 3089 3090 3091 3092 3093 3094 3095 3096 3097 3098 3099 3100 3101 3102 3103 3104 3105 3106 3107 3108 3109 3111 3112 3113 3114 3115 3116 3117 3118 3119 3120 3121 3122 3123 3124 3125 3126 3127 3128 3129 3130 3131 3132 3133 3134 3135 3136 3137 3138 3139 3140 3156 3157 3158 3159 3160 3161 3162 3163 3164 3165 3166 3167 3168 3169 3170 3171 3173 3174 3175 3176 3177 3178 3179 3180 3181 3182 3183 3184 3185 3186 3187 3188 3189 3190 3191 3192 3193 3194 3195 3196 3197 3198 3199 3200 3201 3202 3232 3233 3237 3238 3239 3240 3241 3242 3243 3244 3245 3246 3247 3248 3249 3250 3251 3252 3253 3254 3255 3256 3257 3258 3259 3260 3261 3262 3263 3264 3295 3309 3310 3311 3312 3313 3314 3315 3316 3317 3318 3319 3320 3321 3322 3323 3324 3325 3326 3329 3330 3331 3332 3333 3334 3335 3336 3337 3338 3339 3340 3341 3342 3343 3344 3345 3346 3347 3348 3349 3350 3351 3352 3353 3354 3355 3356 3357 3373 3374 3375 3376 3377 3378 3379 3380 3381 3382 3383 3384 3385 3386 3387 3388 3419 3446 3447 3448 3449 3450 3463 3464 3465 3466 3467 3468 3469 3470 3471 3472 3473 3474 3475 3476 3477 3478 3479 3480 3481 3510 3511 3512 3517 3518 3519 3520 3521 3522 3523 3524 3525 3526 3527 3528 3529 3530 3531 3532 3533 3534 3535 3536 3537 3538 3539 3540 3541 3542 3543 3554 3555 3556 3557 3558 3559 3560 3561 3562 3563 3564 3565 3566 3567 3568 3569 3570 3571 3572 3573 3574 3578 3579 3580 3581 3582 3583 3584 3585 3586 3587 3588 3589 3590 3591 3592 3593 3594 3595 3596 3597 3598 3599 3600 3601 3602 3603 3604 3605 3622 3623 3624 3625 3626 3627 3628 3629 3630 3631 3632 3633 3634 3635 3636 3679 3680 3681 3682 3683 3684 3685 3686 3687 3688 3689 3690 3691 3692 3693 3694 3695 3696 3697 3698 3700 3701 3702 3703 3704 3705 3706 3707 3708 3709 3710 3711 3712 3713 3714 3715 3716 3717 3718 3719 3720 3721 3722 3723 3724 3725 3726 3727 3728 3729 3760 3791 3819 3820 3821 3822 3848 3849 3850 3851 3852 3853 3856 3857 3858 3859 3860 3861 3862 3863 3864 3865 3866 3867 3868 3869 3870 3871 3872 3873 3874 3875 3876 3877 3878 3879 3880 3881 3882 3883 3884 3899 3900 3901 3902 3903 3904 3905 3906 3907 3908 3909 3910 3911 3912 3913 3914 3915 3946 3948 3949 3950 3951 3952 3953 3954 3955 3956 3957 3958 3959 3960 3961 3962 3963 3964 3965 3966 3967 3968 3969 3970 3971 3972 3973 3974 3975 3976 3977 3979 4008 4116 4145 4185 4227 4266 4295 4316 4383 4435 4462 4502 4535 4544 4585 4605 4645 4673 4728 4770 4806 4844 4879 4946 4973 5003 5022 5023 5024 5035 5036 5037 5038 5039 5040 5041 5042 5043 5044 5045 5046 5047 5048 5049 5050 5051 5052 5053 5054 5055 5056 5057 5060 5061 5062 5063 5064 5065 5066 5067 5068 5069 5070 5071 5072 5073 5074 5075 5076 5077 5078 5079 5080 5081 5082 5083 5084 5085 5086 5087 5088 5091 5092 5093 5094 5095 5096 5097 5098 5099 5100 5101 5102 5103 5104 5105 5106 5107 5108 5109 5110 5111 5112 5113 5114 5115 5116 5117 5118 5119 5148 5149 5150 5166 5167 5168 5169 5170 5171 5172 5173 5174 5175 5176 5177 5178 5179 5180 5181 5183 5184 5185 5186 5187 5188 5189 5190 5191 5192 5193 5194 5195 5196 5197 5198 5199 5200 5201 5202 5203 5204 5205 5206 5207 5208 5209 5210 5211 5212 5220 5221 5222 5223 5224 5225 5226 5227 5228 5229 5230 5231 5232 5233 5234 5235 5236 5237 5238 5239 5240 5241 5242 5243 5270 5271 5272 5273 5274 5299 5300 5301 5302 5303 5304 5305 5327 5328 5329 5330 5331 5332 5333 5334 5335 5336 5364 5365 5366 5367 5398 5405 5406 5407 5408 5409 5410 5411 5412 5413 5414 5415 5416 5417 5418 5419 5420 5421 5422 5423 5424 5425 5426 5427 5428 5429 5442 5443 5444 5445 5446 5447 5448 5449 5450 5451 5452 5453 5454 5455 5456 5457 5458 5459 5460 5483 5484 5485 5486 5487 5488 5489 5490 5491 5501 5502 5503 5504 5505 5506 5507 5508 5509 5510 5511 5512 5513 5514 5515 5516 5517 5518 5519 5520 5521 5522 5526 5527 5528 5529 5530 5531 5532 5533 5534 5535 5536 5537 5538 5539 5540 5541 5542 5543 5544 5545 5546 5547 5548 5549 5550 5551 5552 5553 5579 5580 5581 5582 5583 5584 5587 5588 5589 5590 5591 5592 5593 5594 5595 5596 5597 5598 5599 5600 5601 5602 5603 5604 5605 5606 5607 5608 5609 5610 5611 5612 5613 5614 5615 5630 5631 5632 5633 5634 5635 5636 5637 5638 5639 5640 5641 5642 5643 5644 5645 5646 5652 5653 5654 5655 5656 5657 5658 5659 5660 5661 5662 5663 5664 5665 5666 5667 5668 5669 5670 5671 5672 5673 5674 5675 5676 5677 5701 5702 5703 5704 5705 5706 5707 5708 5739 5770 5791 5792 5793 5794 5795 5796 5797 5798 5799 5800 5801 5813 5814 5815 5816 5817 5818 5819 5820 5821 5822 5823 5824 5825 5826 5827 5828 5829 5830 5831 5832 5846 5847 5848 5849 5850 5851 5852 5853 5854 5855 5856 5857 5858 5859 5860 5861 5862 5863 5893 5894 5925 5936 5937 5938 5939 5940 5941 5942 5943 5944 5945 5946 5947 5948 5949 5950 5951 5952 5953 5954 5955 5956 5961 5962 5963 5964 5965 5966 5967 5968 5969 5970 5971 5972 5973 5974 5975 5976 5977 5978 5979 5980 5981 5982 5983 5984 5985 5986 5987 5991 5999 6001 6006 6016 6116 6157 6214 6251 6287 6326 6337 6362 6414 6451 6467 6501 6540 6562 6617 6644 6680 6696 6741 6839 6855 6877 6910 6953 6986 7024 7042 7043 7044 7047 7051 7076 7077 7078 7079 7080 7081 7083 7084 7085 7086 7087 7088 7089 7090 7091 7092 7093 7094 7095 7096 7097 7098 7099 7100 7101 7102 7103 7104 7105 7106 7107 7108 7109 7110 7111 7112 7115 7116 7117 7118 7119 7120 7121 7122 7123 7124 7125 7126 7127 7128 7129 7130 7131 7132 7133 7134 7135 7136 7137 7138 7139 7140 7141 7142 7143 7152 7153 7154 7155 7156 7157 7158 7159 7160 7161 7162 7163 7164 7165 7166 7167 7168 7169 7170 7171 7172 7173 7174 7192 7193 7194 7195 7196 7197 7198 7199 7200 7201 7202 7203 7204 7205 7207 7208 7209 7210 7211 7212 7213 7214 7215 7216 7217 7218 7219 7220 7221 7222 7223 7224 7225 7226 7227 7228 7229 7230 7231 7232 7233 7234 7235 7236 7263 7264 7265 7266 7267 7278 7279 7280 7281 7282 7283 7284 7285 7286 7287 7288 7289 7290 7291 7292 7293 7294 7295 7296 7297 7298 7311 7312 7313 7314 7315 7316 7317 7318 7319 7320 7321 7322 7323 7324 7325 7326 7327 7328 7329 7345 7346 7347 7348 7349 7350 7351 7352 7353 7354 7355 7356 7357 7358 7359 7360 7370 7371 7372 7373 7374 7375 7376 7377 7378 7379 7380 7381 7382 7383 7384 7385 7386 7387 7388 7389 7390 7391 7416 7417 7418 7419 7420 7421 7422 7450 7451 7452 7453 7474 7475 7476 7477 7478 7479 7480 7481 7482 7483 7484 7499 7500 7501 7502 7503 7504 7505 7506 7507 7508 7509 7510 7511 7512 7513 7514 7515 7539 7540 7541 7542 7543 7544 7545 7546 7577 7589 7590 7591 7592 7593 7594 7595 7596 7597 7598 7599 7600 7601 7602 7603 7604 7605 7606 7607 7608 7658 7659 7660 7661 7662 7663 7664 7665 7666 7667 7668 7669 7670 7699 7700 7701 7715 7716 7717 7718 7719 7720 7721 7722 7723 7724 7725 7726 7727 7728 7729 7730 7731 7732 7739 7740 7741 7742 7743 7744 7745 7746 7747 7748 7749 7750 7751 7752 7753 7754 7755 7756 7757 7758 7759 7760 7761 7762 7763 7794 7825 7847 7848 7849 7850 7851 7852 7853 7854 7855 7856 7876 7877 7878 7879 7880 7881 7882 7883 7884 7885 7886 7887 7895 7896 7897 7898 7899 7900 7901 7902 7903 7904 7905 7906 7907 7908 7909 7910 7911 7912 7913 7914 7915 7916 7917 7918 7935 7936 7937 7938 7939 7940 7941 7942 7943 7944 7945 7946 7947 7948 7949 7972 7973 7974 7975 7976 7977 7978 7979 7980 8010 8011 8016 8074 8160 8193 8228 8244 8271 8310 8360 8427 8479 8506 8542 8579 8588 8629 8649 8689 8717 8742 8850 8888 8923 8947 9017 9047 9073 9081 9083 9084 9100 9101 9102 9103 9104 9105 9106 9107 9108 9109 9110 9111 9112 9113 9114 9138 9139 9140 9141 9142 9143 9144 9145 9176 9197 9198 9199 9200 9201 9202 9203 9204 9205 9206 9207 9220 9221 9222 9223 9224 9225 9226 9227 9228 9229 9230 9231 9232 9233 9234 9235 9236 9237 9238 9269 9276 9277 9278 9279 9280 9281 9282 9283 9284 9285 9286 9287 9288 9289 9290 9291 9292 9293 9294 9295 9296 9297 9298 9299 9300 9319 9320 9321 9322 9323 9324 9325 9326 9327 9328 9329 9330 9331 9348 9349 9350 9351 9352 9353 9354 9355 9356 9357 9358 9359 9360 9361 9362 9375 9376 9377 9378 9379 9380 9381 9382 9383 9384 9385 9386 9387 9388 9389 9390 9391 9392 9393 9413 9414 9415 9416 9417 9418 9419 9420 9421 9422 9423 9424 9440 9441 9442 9443 9444 9445 9446 9447 9448 9449 9450 9451 9452 9453 9454 9455 9461 9462 9463 9464 9465 9466 9467 9468 9469 9470 9471 9472 9473 9474 9475 9476 9477 9478 9479 9480 9481 9482 9483 9484 9485 9486 9496 9497 9498 9499 9500 9501 9502 9503 9504 9505 9506 9507 9508 9509 9510 9511 9512 9513 9514 9515 9516 9517 9532 9533 9534 9535 9536 9537 9538 9539 9540 9541 9542 9543 9544 9545 9546 9547 9548 9556 9557 9558 9559 9560 9561 9562 9563 9564 9565 9566 9567 9568 9569 9570 9571 9572 9573 9574 9575 9576 9577 9578 9579 9582 9583 9584 9585 9586 9587 9588 9589 9590 9591 9592 9593 9594 9595 9596 9597 9598 9599 9600 9601 9602 9603 9604 9605 9606 9607 9608 9609 9610 9628 9629 9630 9631 9632 9633 9634 9635 9636 9637 9638 9639 9640 9641 9643 9644 9645 9646 9647 9648 9649 9650 9651 9652 9653 9654 9655 9656 9657 9658 9659 9660 9661 9662 9663 9664 9665 9666 9667 9668 9669 9670 9671 9672 9684 9685 9686 9687 9688 9689 9690 9691 9692 9693 9694 9695 9696 9697 9698 9699 9700 9701 9702 9703 9708 9709 9710 9711 9712 9713 9714 9715 9716 9717 9718 9719 9720 9721 9722 9723 9724 9725 9726 9727 9728 9729 9730 9731 9732 9733 9734 9750 9751 9752 9753 9754 9755 9756 9757 9758 9759 9760 9761 9762 9763 9764 9765 9788 9789 9790 9791 9792 9793 9794 9795 9796 9827 9839 9840 9841 9842 9843 9844 9845 9846 9847 9848 9849 9850 9851 9852 9853 9854 9855 9856 9857 9858 9867 9868 9869 9870 9871 9872 9873 9874 9875 9876 9877 9878 9879 9880 9881 9882 9883 9884 9885 9886 9887 9888 9889 9900 9901 9902 9903 9904 9905 9906 9907 9908 9909 9910 9911 9912 9913 9914 9915 9916 9917 9918 9919 9920 9942 9943 9944 9945 9946 9947 9948 9949 9950 9951 9965 9966 9967 9968 9969 9970 9971 9972 9973 9974 9975 9976 9977 9978 9979 9980 9981 9982 10013 10017 10018 10019 10020 10021 10022 10023 10024 10025 10026 10027 10028 10029 10030 10031 10032 10033 10034 10035 10036 10037 10038 10039 10040 10041 10042 10043 10044 10066 10088 10113 10162 10223 10238 10299 10428 10466 10517 10552 10567 10641 10707 10762 10807 10838 10848 10891 10921 10957 10996 11069 11119 11121 11125 11127 11129 11158 11159 11164 11165 11166 11167 11168 11169 11170 11171 11172 11173 11174 11175 11176 11177 11178 11179 11180 11181 11182 11183 11184 11185 11186 11187 11188 11189 11190 11203 11204 11205 11206 11207 11208 11209 11210 11211 11212 11213 11214 11215 11216 11217 11218 11219 11220 11221 11223 11224 11225 11226 11227 11228 11229 11230 11231 11232 11233 11234 11235 11236 11237 11238 11239 11240 11241 11242 11243 11244 11245 11246 11247 11248 11249 11250 11251 11252 11274 11275 11276 11277 11278 11279 11280 11281 11282 11283 11295 11296 11297 11298 11299 11300 11301 11302 11303 11304 11305 11306 11307 11308 11309 11310 11311 11312 11313 11314 11347 11348 11349 11350 11351 11352 11353 11354 11355 11356 11357 11358 11359 11360 11361 11362 11363 11364 11365 11366 11367 11368 11369 11370 11371 11372 11373 11374 11375 11376 11379 11380 11381 11382 11383 11384 11385 11386 11387 11388 11389 11390 11391 11392 11393 11394 11395 11396 11397 11398 11399 11400 11401 11402 11403 11404 11405 11406 11407 11438 11441 11442 11443 11444 11445 11446 11447 11448 11449 11450 11451 11452 11453 11454 11455 11456 11457 11458 11459 11460 11461 11462 11463 11464 11465 11466 11467 11468 11469 11498 11499 11500 11531 11557 11558 11559 11560 11561 11562 11580 11581 11582 11583 11584 11585 11586 11587 11588 11589 11590 11591 11592 11593 11621 11622 11623 11624 11627 11628 11629 11630 11631 11632 11633 11634 11635 11636 11637 11638 11639 11640 11641 11642 11643 11644 11645 11646 11647 11648 11649 11650 11651 11652 11653 11654 11655 11671 11672 11673 11674 11675 11676 11677 11678 11679 11680 11681 11682 11683 11684 11685 11686 11689 11690 11691 11692 11693 11694 11695 11696 11697 11698 11699 11700 11701 11702 11703 11704 11705 11706 11707 11708 11709 11710 11711 11712 11713 11714 11715 11716 11717 11740 11741 11742 11743 11744 11745 11746 11747 11748 11751 11752 11753 11754 11755 11756 11757 11758 11759 11760 11761 11762 11763 11764 11765 11766 11767 11768 11769 11770 11771 11772 11773 11774 11775 11776 11777 11778 11779 11796 11797 11798 11799 11800 11801 11802 11803 11804 11805 11806 11807 11808 11809 11810 11824 11825 11826 11827 11828 11829 11830 11831 11832 11833 11834 11835 11836 11837 11838 11839 11840 11841 11865 11866 11867 11868 11869 11870 11871 11872 11893 11894 11895 11896 11897 11898 11899 11900 11901 11902 11903 11930 11931 11932 11933 11934 11959 11960 11961 11962 11963 11964 11965 11980 11981 11982 11983 11984 11985 11986 11987 11988 11989 11990 11991 11992 11993 11994 11995 11996 12016 12017 12018 12019 12020 12021 12022 12023 12024 12025 12026 12027 12058 12061 12062 12063 12064 12065 12066 12067 12068 12069 12070 12071 12072 12073 12074 12075 12076 12077 12078 12079 12080 12081 12082 12083 12084 12085 12086 12087 12088 12089 12091 12119 12125 12142 12190 12192 12250 12283 12354 12390 12429 12511 12566 12596 12632 12679 12739 12779 12816 12833 12882 12940 13013 13032 13107 13149 13177 13182 13183 13199 13200 13201 13202 13203 13204 13205 13206 13207 13208 13209 13210 13211 13212 13213 13214 13215 13216 13278 13306 13307 13308 13309 13329 13330 13331 13332 13333 13334 13335 13336 13337 13338 13339 13340 13371 13402 13429 13430 13431 13432 13433 13459 13460 13461 13462 13463 13464 13486 13487 13488 13489 13490 13491 13492 13493 13494 13495 13526 13557 13570 13571 13572 13573 13574 13575 13576 13577 13578 13579 13580 13581 13582 13583 13584 13585 13586 13587 13588 13605 13606 13607 13608 13609 13610 13611 13612 13613 13614 13615 13616 13617 13618 13619 13642 13643 13644 13645 13646 13647 13648 13649 13650 13665 13666 13667 13668 13669 13670 13671 13672 13673 13674 13675 13676 13677 13678 13679 13680 13681 13712 13737 13738 13739 13740 13741 13742 13743 13793 13794 13795 13796 13797 13798 13799 13800 13801 13802 13803 13804 13805 13817 13818 13819 13820 13821 13822 13823 13824 13825 13826 13827 13828 13829 13830 13831 13832 13833 13834 13835 13836 13860 13861 13862 13863 13864 13865 13866 13867 13897 13898 13916 13917 13918 13919 13920 13921 13922 13923 13924 13925 13926 13927 13928 13929 13960 13976 13977 13978 13979 13980 13981 13982 13983 13984 13985 13986 13987 13988 13989 13990 13991 14022 14051 14052 14053 14074 14075 14076 14077 14078 14079 14080 14081 14082 14083 14084 14115 14126 14127 14128 14129 14130 14131 14132 14133 14134 14135 14136 14137 14138 14139 14140 14141 14142 14143 14144 14145 14146 14151 14161 14163 14201 14244 14296 14337 14351 14394 14422 14467 14502 14517 14573 14574 14631 14647 14676 14824 14876 14921 14962 15019 15035 15057 15133 15187 15238 15247 15254 15285 15296 15297 15298 15299 15300 15301 15302 15303 15304 15305 15306 15307 15308 15309 15310 15311 15312 15313 15314 15315 15316 15361 15362 15363 15364 15365 15366 15367 15368 15369 15370 15371 15372 15373 15374 15375 15376 15377 15378 15400 15401 15402 15403 15404 15405 15406 15407 15408 15409 15419 15420 15421 15422 15423 15424 15425 15426 15427 15428 15429 15430 15431 15432 15433 15434 15435 15436 15437 15438 15439 15440 15469 15470 15471 15487 15488 15489 15490 15491 15492 15493 15494 15495 15496 15497 15498 15499 15500 15501 15502 15519 15520 15521 15522 15523 15524 15525 15526 15527 15528 15529 15530 15531 15532 15533 15553 15554 15555 15556 15557 15558 15559 15560 15561 15562 15563 15564 15579 15580 15581 15582 15583 15584 15585 15586 15587 15588 15589 15590 15591 15592 15593 15594 15595 15656 15657 15682 15683 15684 15685 15686 15687 15688 15707 15708 15709 15710 15711 15712 15713 15714 15715 15716 15717 15718 15719 15747 15748 15749 15750 15866 15867 15868 15869 15870 15871 15872 15873 15874 15923 15924 15925 15926 15927 15928 15929 15930 15931 15932 15933 15934 15935 15936 15948 15949 15950 15951 15952 15953 15954 15955 15956 15957 15958 15959 15960 15961 15962 15963 15964 15965 15966 15967 16019 16020 16021 16022 16023 16024 16025 16026 16027 16028 16029 16055 16056 16057 16058 16059 16060 16084 16085 16086 16087 16088 16089 16090 16091 16104 16105 16106 16107 16108 16109 16110 16111 16112 16113 16114 16115 16116 16117 16118 16119 16120 16121 16122 16180 16181 16182 16183 16184
c Using COMiniSatPS SAT solver by Chanseok Oh (2016)
[UWrMaxSAT] meta file: p4_A-n32-k5_r44v8k3.meta
[UWrMaxSAT] meta loaded OK.
[UWrMaxSAT] Loaded 3779 assumption literals from p4_A-n32-k5_r43v8k3.wcnf.asm
c Parsing MaxSAT file...
c Start timer (tic-tac ...)
c c Found solution: 2350286
c ============================[  Problem Statistics ]============================
c |  Number of variables:          9162                                         |
c |  Number of clauses:           57530 (incl.         1713 soft in queue)      |
c ===============================================================================
c [Elapsed time] 0.08 s
c Found solution: 2343744
c [UWrMaxSAT] Timeout reached inside slice loop. Stopping.
c *** Interrupted ***
c [1mSATISFIABLE: Best solution found: 2343744[0m
v 7 148 205 317 353 405 442 458 492 608 635 659 687 830 846 901 944 1014 1131 1172 1229 1266 1341 1352 1429 1466 1482 1511 1590 1659 1696 1711 1840 1870 1925 2020 2050 2052 2054 2056 2070 2071 2072 2073 2074 2075 2076 2077 2078 2079 2080 2081 2082 2083 2084 2085 2086 2088 2089 2090 2091 2092 2093 2094 2095 2096 2097 2098 2099 2100 2101 2102 2103 2104 2105 2106 2107 2108 2109 2110 2111 2112 2113 2114 2115 2116 2117 2119 2120 2121 2122 2123 2124 2125 2126 2127 2128 2129 2130 2131 2132 2133 2134 2135 2136 2137 2138 2139 2140 2141 2142 2143 2144 2145 2146 2147 2148 2150 2151 2152 2153 2154 2155 2156 2157 2158 2159 2160 2161 2162 2163 2164 2165 2166 2167 2168 2169 2170 2171 2172 2173 2174 2175 2176 2177 2178 2179 2186 2187 2188 2189 2190 2191 2192 2193 2194 2195 2196 2197 2198 2199 2200 2201 2202 2203 2204 2205 2206 2207 2208 2209 2210 2213 2214 2215 2216 2217 2218 2219 2220 2221 2222 2223 2224 2225 2226 2227 2228 2229 2230 2231 2232 2233 2234 2235 2236 2237 2238 2239 2240 2241 2265 2266 2267 2268 2269 2270 2271 2272 2274 2275 2276 2277 2278 2279 2280 2281 2282 2283 2284 2285 2286 2287 2288 2289 2290 2291 2292 2293 2294 2295 2296 2297 2298 2299 2300 2301 2302 2303 2306 2307 2308 2309 2310 2311 2312 2313 2314 2315 2316 2317 2318 2319 2320 2321 2322 2323 2324 2325 2326 2327 2328 2329 2330 2331 2332 2333 2334 2339 2340 2341 2342 2343 2344 2345 2346 2347 2348 2349 2350 2351 2352 2353 2354 2355 2356 2357 2358 2359 2360 2361 2362 2363 2364 2365 2367 2368 2369 2370 2371 2372 2373 2374 2375 2376 2377 2378 2379 2380 2381 2382 2383 2384 2385 2386 2387 2388 2389 2390 2391 2392 2393 2394 2395 2396 2410 2411 2412 2413 2414 2415 2416 2417 2418 2419 2420 2421 2422 2423 2424 2425 2426 2427 2452 2453 2454 2455 2456 2457 2458 2468 2469 2470 2471 2472 2473 2474 2475 2476 2477 2478 2479 2480 2481 2482 2483 2484 2485 2486 2487 2488 2489 2493 2494 2495 2496 2497 2498 2499 2500 2501 2502 2503 2504 2505 2506 2507 2508 2509 2510 2511 2512 2513 2514 2515 2516 2517 2518 2519 2520 2533 2534 2535 2536 2537 2538 2539 2540 2541 2542 2543 2544 2545 2546 2547 2548 2549 2550 2551 2554 2555 2556 2557 2558 2559 2560 2561 2562 2563 2564 2565 2566 2567 2568 2569 2570 2571 2572 2573 2574 2575 2576 2577 2578 2579 2580 2581 2582 2585 2586 2587 2588 2589 2590 2591 2592 2593 2594 2595 2596 2597 2598 2599 2600 2601 2602 2603 2604 2605 2606 2607 2608 2609 2610 2611 2612 2613 2640 2641 2642 2643 2644 2652 2653 2654 2655 2656 2657 2658 2659 2660 2661 2662 2663 2664 2665 2666 2667 2668 2669 2670 2671 2672 2673 2674 2675 2701 2702 2703 2704 2705 2706 2709 2710 2711 2712 2713 2714 2715 2716 2717 2718 2719 2720 2721 2722 2723 2724 2725 2726 2727 2728 2729 2730 2731 2732 2733 2734 2735 2736 2737 2739 2740 2741 2742 2743 2744 2745 2746 2747 2748 2749 2750 2751 2752 2753 2754 2755 2756 2757 2758 2759 2760 2761 2762 2763 2764 2765 2766 2767 2768 2795 2796 2797 2798 2799 2816 2817 2818 2819 2820 2821 2822 2823 2824 2825 2826 2827 2828 2829 2830 2841 2842 2843 2844 2845 2846 2847 2848 2849 2850 2851 2852 2853 2854 2855 2856 2857 2858 2859 2860 2861 2870 2871 2872 2873 2874 2875 2876 2877 2878 2879 2880 2881 2882 2883 2884 2885 2886 2887 2888 2889 2890 2891 2892 2894 2895 2896 2897 2898 2899 2900 2901 2902 2903 2904 2905 2906 2907 2908 2909 2910 2911 2912 2913 2914 2915 2916 2917 2918 2919 2920 2921 2922 2923 2929 2930 2931 2932 2933 2934 2935 2936 2937 2938 2939 2940 2941 2942 2943 2944 2945 2946 2947 2948 2949 2950 2951 2952 2953 2954 2966 2967 2968 2969 2970 2971 2972 2973 2974 2975 2976 2977 2978 2979 2980 2981 2982 2983 2984 2985 2987 2988 2989 2990 2991 2992 2993 2994 2995 2996 2997 2998 2999 3000 3001 3002 3003 3004 3005 3006 3007 3008 3009 3010 3011 3012 3013 3014 3015 3016 3031 3032 3033 3034 3035 3036 3037 3038 3039 3040 3041 3042 3043 3044 3045 3046 3047 3050 3051 3052 3053 3054 3055 3056 3057 3058 3059 3060 3061 3062 3063 3064 3065 3066 3067 3068 3069 3070 3071 3072 3073 3074 3075 3076 3077 3078 3080 3081 3082 3083 3084 3085 3086 3087 3088 3089 3090 3091 3092 3093 3094 3095 3096 3097 3098 3099 3100 3101 3102 3103 3104 3105 3106 3107 3108 3109 3111 3112 3113 3114 3115 3116 3117 3118 3119 3120 3121 3122 3123 3124 3125 3126 3127 3128 3129 3130 3131 3132 3133 3134 3135 3136 3137 3138 3139 3140 3156 3157 3158 3159 3160 3161 3162 3163 3164 3165 3166 3167 3168 3169 3170 3171 3173 3174 3175 3176 3177 3178 3179 3180 3181 3182 3183 3184 3185 3186 3187 3188 3189 3190 3191 3192 3193 3194 3195 3196 3197 3198 3199 3200 3201 3202 3232 3233 3237 3238 3239 3240 3241 3242 3243 3244 3245 3246 3247 3248 3249 3250 3251 3252 3253 3254 3255 3256 3257 3258 3259 3260 3261 3262 3263 3264 3295 3309 3310 3311 3312 3313 3314 3315 3316 3317 3318 3319 3320 3321 3322 3323 3324 3325 3326 3329 3330 3331 3332 3333 3334 3335 3336 3337 3338 3339 3340 3341 3342 3343 3344 3345 3346 3347 3348 3349 3350 3351 3352 3353 3354 3355 3356 3357 3373 3374 3375 3376 3377 3378 3379 3380 3381 3382 3383 3384 3385 3386 3387 3388 3419 3446 3447 3448 3449 3450 3463 3464 3465 3466 3467 3468 3469 3470 3471 3472 3473 3474 3475 3476 3477 3478 3479 3480 3481 3510 3511 3512 3517 3518 3519 3520 3521 3522 3523 3524 3525 3526 3527 3528 3529 3530 3531 3532 3533 3534 3535 3536 3537 3538 3539 3540 3541 3542 3543 3554 3555 3556 3557 3558 3559 3560 3561 3562 3563 3564 3565 3566 3567 3568 3569 3570 3571 3572 3573 3574 3578 3579 3580 3581 3582 3583 3584 3585 3586 3587 3588 3589 3590 3591 3592 3593 3594 3595 3596 3597 3598 3599 3600 3601 3602 3603 3604 3605 3622 3623 3624 3625 3626 3627 3628 3629 3630 3631 3632 3633 3634 3635 3636 3679 3680 3681 3682 3683 3684 3685 3686 3687 3688 3689 3690 3691 3692 3693 3694 3695 3696 3697 3698 3700 3701 3702 3703 3704 3705 3706 3707 3708 3709 3710 3711 3712 3713 3714 3715 3716 3717 3718 3719 3720 3721 3722 3723 3724 3725 3726 3727 3728 3729 3760 3791 3819 3820 3821 3822 3848 3849 3850 3851 3852 3853 3856 3857 3858 3859 3860 3861 3862 3863 3864 3865 3866 3867 3868 3869 3870 3871 3872 3873 3874 3875 3876 3877 3878 3879 3880 3881 3882 3883 3884 3899 3900 3901 3902 3903 3904 3905 3906 3907 3908 3909 3910 3911 3912 3913 3914 3915 3946 3948 3949 3950 3951 3952 3953 3954 3955 3956 3957 3958 3959 3960 3961 3962 3963 3964 3965 3966 3967 3968 3969 3970 3971 3972 3973 3974 3975 3976 3977 3979 4008 4116 4145 4185 4227 4266 4295 4316 4383 4435 4462 4502 4535 4544 4585 4605 4645 4673 4728 4770 4806 4844 4879 4946 4973 5003 5022 5023 5024 5035 5036 5037 5038 5039 5040 5041 5042 5043 5044 5045 5046 5047 5048 5049 5050 5051 5052 5053 5054 5055 5056 5057 5060 5061 5062 5063 5064 5065 5066 5067 5068 5069 5070 5071 5072 5073 5074 5075 5076 5077 5078 5079 5080 5081 5082 5083 5084 5085 5086 5087 5088 5091 5092 5093 5094 5095 5096 5097 5098 5099 5100 5101 5102 5103 5104 5105 5106 5107 5108 5109 5110 5111 5112 5113 5114 5115 5116 5117 5118 5119 5148 5149 5150 5166 5167 5168 5169 5170 5171 5172 5173 5174 5175 5176 5177 5178 5179 5180 5181 5183 5184 5185 5186 5187 5188 5189 5190 5191 5192 5193 5194 5195 5196 5197 5198 5199 5200 5201 5202 5203 5204 5205 5206 5207 5208 5209 5210 5211 5212 5220 5221 5222 5223 5224 5225 5226 5227 5228 5229 5230 5231 5232 5233 5234 5235 5236 5237 5238 5239 5240 5241 5242 5243 5270 5271 5272 5273 5274 5299 5300 5301 5302 5303 5304 5305 5327 5328 5329 5330 5331 5332 5333 5334 5335 5336 5364 5365 5366 5367 5398 5405 5406 5407 5408 5409 5410 5411 5412 5413 5414 5415 5416 5417 5418 5419 5420 5421 5422 5423 5424 5425 5426 5427 5428 5429 5442 5443 5444 5445 5446 5447 5448 5449 5450 5451 5452 5453 5454 5455 5456 5457 5458 5459 5460 5483 5484 5485 5486 5487 5488 5489 5490 5491 5501 5502 5503 5504 5505 5506 5507 5508 5509 5510 5511 5512 5513 5514 5515 5516 5517 5518 5519 5520 5521 5522 5526 5527 5528 5529 5530 5531 5532 5533 5534 5535 5536 5537 5538 5539 5540 5541 5542 5543 5544 5545 5546 5547 5548 5549 5550 5551 5552 5553 5579 5580 5581 5582 5583 5584 5587 5588 5589 5590 5591 5592 5593 5594 5595 5596 5597 5598 5599 5600 5601 5602 5603 5604 5605 5606 5607 5608 5609 5610 5611 5612 5613 5614 5615 5630 5631 5632 5633 5634 5635 5636 5637 5638 5639 5640 5641 5642 5643 5644 5645 5646 5652 5653 5654 5655 5656 5657 5658 5659 5660 5661 5662 5663 5664 5665 5666 5667 5668 5669 5670 5671 5672 5673 5674 5675 5676 5677 5701 5702 5703 5704 5705 5706 5707 5708 5739 5770 5791 5792 5793 5794 5795 5796 5797 5798 5799 5800 5801 5813 5814 5815 5816 5817 5818 5819 5820 5821 5822 5823 5824 5825 5826 5827 5828 5829 5830 5831 5832 5846 5847 5848 5849 5850 5851 5852 5853 5854 5855 5856 5857 5858 5859 5860 5861 5862 5863 5893 5894 5925 5936 5937 5938 5939 5940 5941 5942 5943 5944 5945 5946 5947 5948 5949 5950 5951 5952 5953 5954 5955 5956 5961 5962 5963 5964 5965 5966 5967 5968 5969 5970 5971 5972 5973 5974 5975 5976 5977 5978 5979 5980 5981 5982 5983 5984 5985 5986 5987 5991 5999 6001 6006 6016 6116 6157 6214 6251 6287 6326 6337 6362 6414 6451 6467 6501 6540 6562 6617 6644 6680 6696 6741 6839 6855 6877 6910 6953 6986 7024 7042 7043 7044 7047 7051 7076 7077 7078 7079 7080 7081 7083 7084 7085 7086 7087 7088 7089 7090 7091 7092 7093 7094 7095 7096 7097 7098 7099 7100 7101 7102 7103 7104 7105 7106 7107 7108 7109 7110 7111 7112 7115 7116 7117 7118 7119 7120 7121 7122 7123 7124 7125 7126 7127 7128 7129 7130 7131 7132 7133 7134 7135 7136 7137 7138 7139 7140 7141 7142 7143 7152 7153 7154 7155 7156 7157 7158 7159 7160 7161 7162 7163 7164 7165 7166 7167 7168 7169 7170 7171 7172 7173 7174 7192 7193 7194 7195 7196 7197 7198 7199 7200 7201 7202 7203 7204 7205 7207 7208 7209 7210 7211 7212 7213 7214 7215 7216 7217 7218 7219 7220 7221 7222 7223 7224 7225 7226 7227 7228 7229 7230 7231 7232 7233 7234 7235 7236 7263 7264 7265 7266 7267 7278 7279 7280 7281 7282 7283 7284 7285 7286 7287 7288 7289 7290 7291 7292 7293 7294 7295 7296 7297 7298 7311 7312 7313 7314 7315 7316 7317 7318 7319 7320 7321 7322 7323 7324 7325 7326 7327 7328 7329 7345 7346 7347 7348 7349 7350 7351 7352 7353 7354 7355 7356 7357 7358 7359 7360 7370 7371 7372 7373 7374 7375 7376 7377 7378 7379 7380 7381 7382 7383 7384 7385 7386 7387 7388 7389 7390 7391 7416 7417 7418 7419 7420 7421 7422 7450 7451 7452 7453 7474 7475 7476 7477 7478 7479 7480 7481 7482 7483 7484 7499 7500 7501 7502 7503 7504 7505 7506 7507 7508 7509 7510 7511 7512 7513 7514 7515 7539 7540 7541 7542 7543 7544 7545 7546 7577 7589 7590 7591 7592 7593 7594 7595 7596 7597 7598 7599 7600 7601 7602 7603 7604 7605 7606 7607 7608 7658 7659 7660 7661 7662 7663 7664 7665 7666 7667 7668 7669 7670 7699 7700 7701 7715 7716 7717 7718 7719 7720 7721 7722 7723 7724 7725 7726 7727 7728 7729 7730 7731 7732 7739 7740 7741 7742 7743 7744 7745 7746 7747 7748 7749 7750 7751 7752 7753 7754 7755 7756 7757 7758 7759 7760 7761 7762 7763 7794 7825 7847 7848 7849 7850 7851 7852 7853 7854 7855 7856 7876 7877 7878 7879 7880 7881 7882 7883 7884 7885 7886 7887 7895 7896 7897 7898 7899 7900 7901 7902 7903 7904 7905 7906 7907 7908 7909 7910 7911 7912 7913 7914 7915 7916 7917 7918 7935 7936 7937 7938 7939 7940 7941 7942 7943 7944 7945 7946 7947 7948 7949 7972 7973 7974 7975 7976 7977 7978 7979 7980 8010 8011 8016 8074 8160 8193 8228 8244 8271 8310 8360 8427 8479 8506 8542 8579 8588 8629 8649 8689 8717 8742 8850 8888 8923 8947 9017 9047 9073 9081 9083 9084 9100 9101 9102 9103 9104 9105 9106 9107 9108 9109 9110 9111 9112 9113 9114 9138 9139 9140 9141 9142 9143 9144 9145 9176 9197 9198 9199 9200 9201 9202 9203 9204 9205 9206 9207 9220 9221 9222 9223 9224 9225 9226 9227 9228 9229 9230 9231 9232 9233 9234 9235 9236 9237 9238 9269 9276 9277 9278 9279 9280 9281 9282 9283 9284 9285 9286 9287 9288 9289 9290 9291 9292 9293 9294 9295 9296 9297 9298 9299 9300 9319 9320 9321 9322 9323 9324 9325 9326 9327 9328 9329 9330 9331 9348 9349 9350 9351 9352 9353 9354 9355 9356 9357 9358 9359 9360 9361 9362 9375 9376 9377 9378 9379 9380 9381 9382 9383 9384 9385 9386 9387 9388 9389 9390 9391 9392 9393 9413 9414 9415 9416 9417 9418 9419 9420 9421 9422 9423 9424 9440 9441 9442 9443 9444 9445 9446 9447 9448 9449 9450 9451 9452 9453 9454 9455 9461 9462 9463 9464 9465 9466 9467 9468 9469 9470 9471 9472 9473 9474 9475 9476 9477 9478 9479 9480 9481 9482 9483 9484 9485 9486 9496 9497 9498 9499 9500 9501 9502 9503 9504 9505 9506 9507 9508 9509 9510 9511 9512 9513 9514 9515 9516 9517 9532 9533 9534 9535 9536 9537 9538 9539 9540 9541 9542 9543 9544 9545 9546 9547 9548 9556 9557 9558 9559 9560 9561 9562 9563 9564 9565 9566 9567 9568 9569 9570 9571 9572 9573 9574 9575 9576 9577 9578 9579 9582 9583 9584 9585 9586 9587 9588 9589 9590 9591 9592 9593 9594 9595 9596 9597 9598 9599 9600 9601 9602 9603 9604 9605 9606 9607 9608 9609 9610 9628 9629 9630 9631 9632 9633 9634 9635 9636 9637 9638 9639 9640 9641 9643 9644 9645 9646 9647 9648 9649 9650 9651 9652 9653 9654 9655 9656 9657 9658 9659 9660 9661 9662 9663 9664 9665 9666 9667 9668 9669 9670 9671 9672 9684 9685 9686 9687 9688 9689 9690 9691 9692 9693 9694 9695 9696 9697 9698 9699 9700 9701 9702 9703 9708 9709 9710 9711 9712 9713 9714 9715 9716 9717 9718 9719 9720 9721 9722 9723 9724 9725 9726 9727 9728 9729 9730 9731 9732 9733 9734 9750 9751 9752 9753 9754 9755 9756 9757 9758 9759 9760 9761 9762 9763 9764 9765 9788 9789 9790 9791 9792 9793 9794 9795 9796 9827 9839 9840 9841 9842 9843 9844 9845 9846 9847 9848 9849 9850 9851 9852 9853 9854 9855 9856 9857 9858 9867 9868 9869 9870 9871 9872 9873 9874 9875 9876 9877 9878 9879 9880 9881 9882 9883 9884 9885 9886 9887 9888 9889 9900 9901 9902 9903 9904 9905 9906 9907 9908 9909 9910 9911 9912 9913 9914 9915 9916 9917 9918 9919 9920 9942 9943 9944 9945 9946 9947 9948 9949 9950 9951 9965 9966 9967 9968 9969 9970 9971 9972 9973 9974 9975 9976 9977 9978 9979 9980 9981 9982 10013 10017 10018 10019 10020 10021 10022 10023 10024 10025 10026 10027 10028 10029 10030 10031 10032 10033 10034 10035 10036 10037 10038 10039 10040 10041 10042 10043 10044 10066 10088 10113 10162 10223 10238 10299 10428 10466 10517 10552 10567 10641 10707 10762 10807 10838 10848 10891 10921 10957 10996 11069 11119 11121 11125 11127 11129 11158 11159 11164 11165 11166 11167 11168 11169 11170 11171 11172 11173 11174 11175 11176 11177 11178 11179 11180 11181 11182 11183 11184 11185 11186 11187 11188 11189 11190 11203 11204 11205 11206 11207 11208 11209 11210 11211 11212 11213 11214 11215 11216 11217 11218 11219 11220 11221 11223 11224 11225 11226 11227 11228 11229 11230 11231 11232 11233 11234 11235 11236 11237 11238 11239 11240 11241 11242 11243 11244 11245 11246 11247 11248 11249 11250 11251 11252 11274 11275 11276 11277 11278 11279 11280 11281 11282 11283 11295 11296 11297 11298 11299 11300 11301 11302 11303 11304 11305 11306 11307 11308 11309 11310 11311 11312 11313 11314 11347 11348 11349 11350 11351 11352 11353 11354 11355 11356 11357 11358 11359 11360 11361 11362 11363 11364 11365 11366 11367 11368 11369 11370 11371 11372 11373 11374 11375 11376 11379 11380 11381 11382 11383 11384 11385 11386 11387 11388 11389 11390 11391 11392 11393 11394 11395 11396 11397 11398 11399 11400 11401 11402 11403 11404 11405 11406 11407 11438 11441 11442 11443 11444 11445 11446 11447 11448 11449 11450 11451 11452 11453 11454 11455 11456 11457 11458 11459 11460 11461 11462 11463 11464 11465 11466 11467 11468 11469 11498 11499 11500 11531 11557 11558 11559 11560 11561 11562 11580 11581 11582 11583 11584 11585 11586 11587 11588 11589 11590 11591 11592 11593 11621 11622 11623 11624 11627 11628 11629 11630 11631 11632 11633 11634 11635 11636 11637 11638 11639 11640 11641 11642 11643 11644 11645 11646 11647 11648 11649 11650 11651 11652 11653 11654 11655 11671 11672 11673 11674 11675 11676 11677 11678 11679 11680 11681 11682 11683 11684 11685 11686 11688 11689 11690 11691 11692 11693 11694 11695 11696 11697 11698 11699 11700 11701 11702 11703 11704 11705 11706 11707 11708 11709 11710 11711 11712 11713 11714 11715 11716 11717 11740 11741 11742 11743 11744 11745 11746 11747 11748 11751 11752 11753 11754 11755 11756 11757 11758 11759 11760 11761 11762 11763 11764 11765 11766 11767 11768 11769 11770 11771 11772 11773 11774 11775 11776 11777 11778 11779 11796 11797 11798 11799 11800 11801 11802 11803 11804 11805 11806 11807 11808 11809 11810 11824 11825 11826 11827 11828 11829 11830 11831 11832 11833 11834 11835 11836 11837 11838 11839 11840 11841 11865 11866 11867 11868 11869 11870 11871 11872 11893 11894 11895 11896 11897 11898 11899 11900 11901 11902 11903 11930 11931 11932 11933 11934 11959 11960 11961 11962 11963 11964 11965 11980 11981 11982 11983 11984 11985 11986 11987 11988 11989 11990 11991 11992 11993 11994 11995 11996 12016 12017 12018 12019 12020 12021 12022 12023 12024 12025 12026 12027 12058 12060 12061 12062 12063 12064 12065 12066 12067 12068 12069 12070 12071 12072 12073 12074 12075 12076 12077 12078 12079 12080 12081 12082 12083 12084 12085 12086 12087 12088 12089 12091 12119 12125 12142 12190 12192 12250 12283 12354 12390 12429 12511 12566 12596 12632 12679 12739 12779 12816 12833 12882 12940 13013 13032 13107 13149 13177 13182 13183 13190 13191 13192 13193 13194 13195 13196 13197 13198 13199 13200 13201 13202 13203 13204 13205 13206 13207 13208 13209 13210 13211 13212 13213 13214 13215 13216 13278 13306 13307 13308 13309 13320 13321 13322 13323 13324 13325 13326 13327 13328 13329 13330 13331 13332 13333 13334 13335 13336 13337 13338 13339 13340 13371 13402 13420 13421 13422 13423 13424 13425 13426 13427 13428 13429 13430 13431 13432 13433 13450 13451 13452 13453 13454 13455 13456 13457 13458 13459 13460 13461 13462 13463 13464 13477 13478 13479 13480 13481 13482 13483 13484 13485 13486 13487 13488 13489 13490 13491 13492 13493 13494 13495 13526 13557 13561 13562 13563 13564 13565 13566 13567 13568 13569 13570 13571 13572 13573 13574 13575 13576 13577 13578 13579 13580 13581 13582 13583 13584 13585 13586 13587 13588 13596 13597 13598 13599 13600 13601 13602 13603 13604 13605 13606 13607 13608 13609 13610 13611 13612 13613 13614 13615 13616 13617 13618 13619 13633 13634 13635 13636 13637 13638 13639 13640 13641 13642 13643 13644 13645 13646 13647 13648 13649 13650 13656 13657 13658 13659 13660 13661 13662 13663 13664 13665 13666 13667 13668 13669 13670 13671 13672 13673 13674 13675 13676 13677 13678 13679 13680 13681 13712 13728 13729 13730 13731 13732 13733 13734 13735 13736 13737 13738 13739 13740 13741 13742 13743 13784 13785 13786 13787 13788 13789 13790 13791 13792 13793 13794 13795 13796 13797 13798 13799 13800 13801 13802 13803 13804 13805 13808 13809 13810 13811 13812 13813 13814 13815 13816 13817 13818 13819 13820 13821 13822 13823 13824 13825 13826 13827 13828 13829 13830 13831 13832 13833 13834 13835 13836 13851 13852 13853 13854 13855 13856 13857 13858 13859 13860 13861 13862 13863 13864 13865 13866 13867 13897 13898 13907 13908 13909 13910 13911 13912 13913 13914 13915 13916 13917 13918 13919 13920 13921 13922 13923 13924 13925 13926 13927 13928 13929 13960 13967 13968 13969 13970 13971 13972 13973 13974 13975 13976 13977 13978 13979 13980 13981 13982 13983 13984 13985 13986 13987 13988 13989 13990 13991 14022 14051 14052 14053 14065 14066 14067 14068 14069 14070 14071 14072 14073 14074 14075 14076 14077 14078 14079 14080 14081 14082 14083 14084 14115 14117 14118 14119 14120 14121 14122 14123 14124 14125 14126 14127 14128 14129 14130 14131 14132 14133 14134 14135 14136 14137 14138 14139 14140 14141 14142 14143 14144 14145 14146 14151 14161 14163 14201 14244 14296 14337 14351 14394 14422 14467 14502 14517 14573 14574 14631 14647 14676 14824 14876 14921 14962 15019 15035 15057 15133 15187 15238 15247 15254 15285 15296 15297 15298 15299 15300 15301 15302 15303 15304 15305 15306 15307 15308 15309 15310 15311 15312 15313 15314 15315 15316 15347 15361 15362 15363 15364 15365 15366 15367 15368 15369 15370 15371 15372 15373 15374 15375 15376 15377 15378 15400 15401 15402 15403 15404 15405 15406 15407 15408 15409 15419 15420 15421 15422 15423 15424 15425 15426 15427 15428 15429 15430 15431 15432 15433 15434 15435 15436 15437 15438 15439 15440 15469 15470 15471 15487 15488 15489 15490 15491 15492 15493 15494 15495 15496 15497 15498 15499 15500 15501 15502 15519 15520 15521 15522 15523 15524 15525 15526 15527 15528 15529 15530 15531 15532 15533 15553 15554 15555 15556 15557 15558 15559 15560 15561 15562 15563 15564 15579 15580 15581 15582 15583 15584 15585 15586 15587 15588 15589 15590 15591 15592 15593 15594 15595 15656 15657 15682 15683 15684 15685 15686 15687 15688 15707 15708 15709 15710 15711 15712 15713 15714 15715 15716 15717 15718 15719 15747 15748 15749 15750 15866 15867 15868 15869 15870 15871 15872 15873 15874 15905 15923 15924 15925 15926 15927 15928 15929 15930 15931 15932 15933 15934 15935 15936 15948 15949 15950 15951 15952 15953 15954 15955 15956 15957 15958 15959 15960 15961 15962 15963 15964 15965 15966 15967 15998 16019 16020 16021 16022 16023 16024 16025 16026 16027 16028 16029 16055 16056 16057 16058 16059 16060 16084 16085 16086 16087 16088 16089 16090 16091 16104 16105 16106 16107 16108 16109 16110 16111 16112 16113 16114 16115 16116 16117 16118 16119 16120 16121 16122 16180 16181 16182 16183 16184 16215 16228
c _______________________________________________________________________________
c 
c restarts               : 13566968
c conflicts              : 119            (2 /sec)
c decisions              : 2273           (0.00 % random) (40 /sec)
c propagations           : 886031         (15442 /sec)
c conflict literals      : 56             (0.00 % deleted)
c =======================[ UWrMaxSat resources usage ]===========================
c Memory used            : 39.00 MB
c CPU time               : 57.3791 s
c _______________________________________________________________________________
c SATISFIABLE

=================================
  [Time Manager] Step 45 consumed 60.79s. Total Consumed: 2685.50s.
  [Info] Saved 3429 core assumption literals to p4_A-n32-k5_r42v7k3.wcnf.asm

[46/60] Building & Solving: R=42, V=8, K=3
  [Info] Generating MaxSAT Formulation...
[SBC] Added 210 clauses.
[rc2] Generating instance: p4_A-n32-k5_r42v8k3.wcnf ...
[UWrMaxSAT] meta exported to p4_A-n32-k5_r42v8k3.meta
  [Time Manager] Global Remaining Budget: 914.50s | Future Weight Sum: 15.0
  [Time Manager] Recalibrated Budget for this step: 60.97s
  [Info] Injected Assumption file: p4_A-n32-k5_r42v7k3.wcnf.asm
[UWrMaxSAT] Running command:
  stdbuf -oL uwrmaxsat -no-bin -no-sat -no-par -no-scip -ppdsp-time=60 -ppdsp-lastY=15255 -ppdsp=p4_A-n32-k5_r42v8k3.meta -ppdsp-assume=p4_A-n32-k5_r42v7k3.wcnf.asm p4_A-n32-k5_r42v8k3.wcnf | tee p4_A-n32-k5_r42v8k3.wcnf.out
Vehicle 0: d → 21 → 14 → 9 → 28 → 4 → 19 → 26 → 13 → 25 → 29 → 15 → 11 → 0 → 6 → 12 → 20 → 18 → d, (requests = [4, 15, 28, 30])
Vehicle 1: d → 3 → 10 → 7 → 17 → 21 → 14 → 9 → 28 → 4 → 19 → 26 → 13 → 25 → 15 → 6 → 12 → 20 → d, (requests = [0, 1, 2, 3, 14, 38])
Vehicle 2: d → 18 → 16 → 30 → 20 → 12 → 6 → 0 → 15 → 29 → 25 → 13 → 26 → 19 → 4 → 24 → 9 → 14 → 21 → 8 → 17 → 7 → 10 → 3 → 27 → 22 → d, (requests = [5, 6, 7, 11, 16])
Vehicle 3: d → 22 → 27 → 3 → 10 → 7 → 17 → 8 → 21 → 14 → 9 → 28 → 4 → 19 → 26 → 13 → 25 → 29 → 15 → 11 → 0 → 6 → 12 → 20 → 30 → 16 → 18 → d, (requests = [8, 9, 10, 13, 17, 18, 36])
Vehicle 4: d → 18 → 16 → 30 → 20 → 12 → 6 → 15 → 25 → 13 → 26 → 19 → 4 → 28 → 14 → 21 → 8 → 17 → 7 → 10 → 3 → 27 → 22 → 1 → 5 → d, (requests = [12, 20, 22, 23, 34, 35])
Vehicle 5: d → 1 → 5 → 2 → 22 → 27 → 17 → 21 → 14 → 28 → 24 → 4 → 19 → 23 → 26 → 13 → 25 → 15 → 11 → 0 → 12 → 6 → d, (requests = [19, 21, 25, 27, 29])
Vehicle 6: d → 30 → 20 → 12 → 0 → 15 → 25 → 13 → 23 → 19 → 4 → 28 → 9 → 14 → 21 → 17 → 8 → 7 → 3 → 27 → 22 → 2 → 1 → d, (requests = [26, 31, 32, 37])
Vehicle 7: d → 5 → 1 → 22 → 27 → 3 → 10 → 7 → 8 → 21 → 14 → 9 → 24 → 4 → 19 → 26 → 13 → 25 → 29 → 15 → 6 → 12 → 0 → 11 → d, (requests = [24, 33, 40])
======== PPDSP OBJECTIVE ========
Profit    = 286908
Cost      = 76010
Objective = 210898
=================================
  [Time Manager] Step 46 consumed 61.00s. Total Consumed: 2746.50s.
  [Info] Saved 3526 core assumption literals to p4_A-n32-k5_r42v8k3.wcnf.asm

[47/60] Building & Solving: R=43, V=8, K=3
  [Info] Generating MaxSAT Formulation...
[SBC] Added 215 clauses.
[rc2] Generating instance: p4_A-n32-k5_r43v8k3.wcnf ...
[UWrMaxSAT] meta exported to p4_A-n32-k5_r43v8k3.meta
  [Time Manager] Global Remaining Budget: 853.50s | Future Weight Sum: 14.0
  [Time Manager] Recalibrated Budget for this step: 60.96s
  [Info] Injected Assumption file: p4_A-n32-k5_r42v8k3.wcnf.asm
[UWrMaxSAT] Running command:
  stdbuf -oL uwrmaxsat -no-bin -no-sat -no-par -no-scip -ppdsp-time=60 -ppdsp-lastY=16224 -ppdsp=p4_A-n32-k5_r43v8k3.meta -ppdsp-assume=p4_A-n32-k5_r42v8k3.wcnf.asm p4_A-n32-k5_r43v8k3.wcnf | tee p4_A-n32-k5_r43v8k3.wcnf.out
Vehicle 0: d → 21 → 14 → 9 → 28 → 4 → 19 → 26 → 13 → 25 → 29 → 15 → 11 → 0 → 6 → 12 → 20 → 18 → d, (requests = [4, 15, 28, 30])
Vehicle 1: d → 3 → 10 → 7 → 17 → 21 → 14 → 9 → 28 → 4 → 19 → 26 → 13 → 25 → 15 → 6 → 12 → 20 → d, (requests = [0, 1, 2, 3, 14, 38])
Vehicle 2: d → 18 → 16 → 30 → 20 → 12 → 6 → 0 → 15 → 29 → 25 → 13 → 26 → 19 → 4 → 24 → 9 → 14 → 21 → 8 → 17 → 7 → 10 → 3 → 27 → 22 → d, (requests = [5, 6, 7, 11, 16])
Vehicle 3: d → 22 → 27 → 3 → 10 → 7 → 17 → 8 → 21 → 14 → 9 → 28 → 4 → 19 → 26 → 13 → 25 → 29 → 15 → 11 → 0 → 6 → 12 → 20 → 30 → 16 → 18 → d, (requests = [8, 9, 10, 13, 17, 18, 36])
Vehicle 4: d → 18 → 16 → 30 → 20 → 12 → 6 → 15 → 25 → 13 → 26 → 19 → 4 → 28 → 14 → 21 → 8 → 17 → 7 → 10 → 3 → 27 → 22 → 1 → 5 → d, (requests = [12, 20, 22, 23, 34, 35])
Vehicle 5: d → 1 → 5 → 2 → 22 → 27 → 17 → 21 → 14 → 28 → 24 → 4 → 19 → 23 → 26 → 13 → 25 → 15 → 11 → 0 → 12 → 6 → d, (requests = [19, 21, 25, 27, 29])
Vehicle 6: d → 30 → 20 → 12 → 0 → 15 → 25 → 13 → 23 → 19 → 4 → 28 → 9 → 14 → 21 → 17 → 8 → 7 → 3 → 27 → 22 → 2 → 1 → d, (requests = [26, 31, 32, 37])
Vehicle 7: d → 5 → 1 → 22 → 27 → 3 → 10 → 7 → 8 → 21 → 14 → 9 → 24 → 4 → 19 → 26 → 13 → 25 → 29 → 15 → 6 → 12 → 0 → 11 → d, (requests = [24, 33, 40])
======== PPDSP OBJECTIVE ========
Profit    = 286908
Cost      = 76010
Objective = 210898
=================================
  [Time Manager] Step 47 consumed 61.16s. Total Consumed: 2807.66s.
  [Info] Saved 3779 core assumption literals to p4_A-n32-k5_r43v8k3.wcnf.asm

[48/60] Building & Solving: R=44, V=8, K=3
  [Info] Generating MaxSAT Formulation...
[SBC] Added 220 clauses.
[rc2] Generating instance: p4_A-n32-k5_r44v8k3.wcnf ...
[UWrMaxSAT] meta exported to p4_A-n32-k5_r44v8k3.meta
  [Time Manager] Global Remaining Budget: 792.34s | Future Weight Sum: 13.0
  [Time Manager] Recalibrated Budget for this step: 60.95s
  [Info] Injected Assumption file: p4_A-n32-k5_r43v8k3.wcnf.asm
[UWrMaxSAT] Running command:
  stdbuf -oL uwrmaxsat -no-bin -no-sat -no-par -no-scip -ppdsp-time=60 -ppdsp-lastY=16232 -ppdsp=p4_A-n32-k5_r44v8k3.meta -ppdsp-assume=p4_A-n32-k5_r43v8k3.wcnf.asm p4_A-n32-k5_r44v8k3.wcnf | tee p4_A-n32-k5_r44v8k3.wcnf.out
Vehicle 0: d → 21 → 14 → 9 → 28 → 4 → 19 → 26 → 13 → 25 → 29 → 15 → 11 → 0 → 6 → 12 → 20 → 18 → d, (requests = [4, 15, 28, 30])
Vehicle 1: d → 3 → 10 → 7 → 17 → 21 → 14 → 9 → 28 → 4 → 19 → 26 → 13 → 25 → 15 → 6 → 12 → 20 → d, (requests = [0, 1, 2, 3, 14, 38])
Vehicle 2: d → 18 → 16 → 30 → 20 → 12 → 6 → 0 → 15 → 29 → 25 → 13 → 26 → 19 → 4 → 24 → 9 → 14 → 21 → 8 → 17 → 7 → 10 → 3 → 27 → 22 → d, (requests = [5, 6, 7, 11, 16])
Vehicle 3: d → 22 → 27 → 3 → 10 → 7 → 17 → 8 → 21 → 14 → 9 → 28 → 4 → 19 → 26 → 13 → 25 → 29 → 15 → 11 → 0 → 6 → 12 → 20 → 30 → 16 → 18 → d, (requests = [8, 9, 10, 13, 17, 18, 36, 43])
Vehicle 4: d → 18 → 16 → 30 → 20 → 12 → 6 → 15 → 25 → 13 → 26 → 19 → 4 → 28 → 14 → 21 → 8 → 17 → 7 → 10 → 3 → 27 → 22 → 1 → 5 → d, (requests = [12, 20, 22, 23, 34, 35])
Vehicle 5: d → 1 → 5 → 2 → 22 → 27 → 17 → 21 → 14 → 28 → 24 → 4 → 19 → 23 → 26 → 13 → 25 → 15 → 11 → 0 → 12 → 6 → d, (requests = [19, 21, 25, 27, 29])
Vehicle 6: d → 30 → 20 → 12 → 0 → 15 → 25 → 13 → 23 → 19 → 4 → 28 → 9 → 14 → 21 → 17 → 8 → 7 → 3 → 27 → 22 → 2 → 1 → d, (requests = [26, 31, 32, 37])
Vehicle 7: d → 5 → 1 → 22 → 27 → 3 → 10 → 7 → 8 → 21 → 14 → 9 → 24 → 4 → 19 → 26 → 13 → 25 → 29 → 15 → 6 → 12 → 0 → 11 → d, (requests = [24, 33, 40])
======== PPDSP OBJECTIVE ========
Profit    = 293450
Cost      = 76010
Objective = 217440
=================================
  [Time Manager] Step 48 consumed 61.10s. Total Consumed: 2868.77s.
  [Info] Saved 3939 core assumption literals to p4_A-n32-k5_r44v8k3.wcnf.asm

[49/60] Building & Solving: R=45, V=8, K=3
  [Info] Generating MaxSAT Formulation...
[SBC] Added 225 clauses.
[rc2] Generating instance: p4_A-n32-k5_r45v8k3.wcnf ...
[UWrMaxSAT] meta exported to p4_A-n32-k5_r45v8k3.meta
  [Time Manager] Global Remaining Budget: 731.23s | Future Weight Sum: 12.0
  [Time Manager] Recalibrated Budget for this step: 60.94s
c Using COMiniSatPS SAT solver by Chanseok Oh (2016)
[UWrMaxSAT] meta file: p4_A-n32-k5_r45v8k3.meta
[UWrMaxSAT] meta loaded OK.
[UWrMaxSAT] Loaded 3939 assumption literals from p4_A-n32-k5_r44v8k3.wcnf.asm
c Parsing MaxSAT file...
c Start timer (tic-tac ...)
c c Found solution: 2393592
c ============================[  Problem Statistics ]============================
c |  Number of variables:          9170                                         |
c |  Number of clauses:           57835 (incl.         1721 soft in queue)      |
c ===============================================================================
c [Elapsed time] 0.07 s
c Found solution: 2387361
c [UWrMaxSAT] Timeout reached inside slice loop. Stopping.
c *** Interrupted ***
c [1mSATISFIABLE: Best solution found: 2387361[0m
v 7 148 205 317 353 405 442 458 492 608 635 659 687 830 846 901 944 1014 1131 1172 1229 1266 1341 1352 1429 1466 1482 1511 1590 1659 1696 1711 1840 1870 1925 2020 2050 2052 2054 2056 2070 2071 2072 2073 2074 2075 2076 2077 2078 2079 2080 2081 2082 2083 2084 2085 2086 2088 2089 2090 2091 2092 2093 2094 2095 2096 2097 2098 2099 2100 2101 2102 2103 2104 2105 2106 2107 2108 2109 2110 2111 2112 2113 2114 2115 2116 2117 2119 2120 2121 2122 2123 2124 2125 2126 2127 2128 2129 2130 2131 2132 2133 2134 2135 2136 2137 2138 2139 2140 2141 2142 2143 2144 2145 2146 2147 2148 2150 2151 2152 2153 2154 2155 2156 2157 2158 2159 2160 2161 2162 2163 2164 2165 2166 2167 2168 2169 2170 2171 2172 2173 2174 2175 2176 2177 2178 2179 2186 2187 2188 2189 2190 2191 2192 2193 2194 2195 2196 2197 2198 2199 2200 2201 2202 2203 2204 2205 2206 2207 2208 2209 2210 2213 2214 2215 2216 2217 2218 2219 2220 2221 2222 2223 2224 2225 2226 2227 2228 2229 2230 2231 2232 2233 2234 2235 2236 2237 2238 2239 2240 2241 2265 2266 2267 2268 2269 2270 2271 2272 2274 2275 2276 2277 2278 2279 2280 2281 2282 2283 2284 2285 2286 2287 2288 2289 2290 2291 2292 2293 2294 2295 2296 2297 2298 2299 2300 2301 2302 2303 2306 2307 2308 2309 2310 2311 2312 2313 2314 2315 2316 2317 2318 2319 2320 2321 2322 2323 2324 2325 2326 2327 2328 2329 2330 2331 2332 2333 2334 2339 2340 2341 2342 2343 2344 2345 2346 2347 2348 2349 2350 2351 2352 2353 2354 2355 2356 2357 2358 2359 2360 2361 2362 2363 2364 2365 2367 2368 2369 2370 2371 2372 2373 2374 2375 2376 2377 2378 2379 2380 2381 2382 2383 2384 2385 2386 2387 2388 2389 2390 2391 2392 2393 2394 2395 2396 2410 2411 2412 2413 2414 2415 2416 2417 2418 2419 2420 2421 2422 2423 2424 2425 2426 2427 2452 2453 2454 2455 2456 2457 2458 2468 2469 2470 2471 2472 2473 2474 2475 2476 2477 2478 2479 2480 2481 2482 2483 2484 2485 2486 2487 2488 2489 2493 2494 2495 2496 2497 2498 2499 2500 2501 2502 2503 2504 2505 2506 2507 2508 2509 2510 2511 2512 2513 2514 2515 2516 2517 2518 2519 2520 2533 2534 2535 2536 2537 2538 2539 2540 2541 2542 2543 2544 2545 2546 2547 2548 2549 2550 2551 2554 2555 2556 2557 2558 2559 2560 2561 2562 2563 2564 2565 2566 2567 2568 2569 2570 2571 2572 2573 2574 2575 2576 2577 2578 2579 2580 2581 2582 2585 2586 2587 2588 2589 2590 2591 2592 2593 2594 2595 2596 2597 2598 2599 2600 2601 2602 2603 2604 2605 2606 2607 2608 2609 2610 2611 2612 2613 2640 2641 2642 2643 2644 2652 2653 2654 2655 2656 2657 2658 2659 2660 2661 2662 2663 2664 2665 2666 2667 2668 2669 2670 2671 2672 2673 2674 2675 2701 2702 2703 2704 2705 2706 2709 2710 2711 2712 2713 2714 2715 2716 2717 2718 2719 2720 2721 2722 2723 2724 2725 2726 2727 2728 2729 2730 2731 2732 2733 2734 2735 2736 2737 2739 2740 2741 2742 2743 2744 2745 2746 2747 2748 2749 2750 2751 2752 2753 2754 2755 2756 2757 2758 2759 2760 2761 2762 2763 2764 2765 2766 2767 2768 2795 2796 2797 2798 2799 2816 2817 2818 2819 2820 2821 2822 2823 2824 2825 2826 2827 2828 2829 2830 2841 2842 2843 2844 2845 2846 2847 2848 2849 2850 2851 2852 2853 2854 2855 2856 2857 2858 2859 2860 2861 2870 2871 2872 2873 2874 2875 2876 2877 2878 2879 2880 2881 2882 2883 2884 2885 2886 2887 2888 2889 2890 2891 2892 2894 2895 2896 2897 2898 2899 2900 2901 2902 2903 2904 2905 2906 2907 2908 2909 2910 2911 2912 2913 2914 2915 2916 2917 2918 2919 2920 2921 2922 2923 2929 2930 2931 2932 2933 2934 2935 2936 2937 2938 2939 2940 2941 2942 2943 2944 2945 2946 2947 2948 2949 2950 2951 2952 2953 2954 2966 2967 2968 2969 2970 2971 2972 2973 2974 2975 2976 2977 2978 2979 2980 2981 2982 2983 2984 2985 2987 2988 2989 2990 2991 2992 2993 2994 2995 2996 2997 2998 2999 3000 3001 3002 3003 3004 3005 3006 3007 3008 3009 3010 3011 3012 3013 3014 3015 3016 3031 3032 3033 3034 3035 3036 3037 3038 3039 3040 3041 3042 3043 3044 3045 3046 3047 3050 3051 3052 3053 3054 3055 3056 3057 3058 3059 3060 3061 3062 3063 3064 3065 3066 3067 3068 3069 3070 3071 3072 3073 3074 3075 3076 3077 3078 3080 3081 3082 3083 3084 3085 3086 3087 3088 3089 3090 3091 3092 3093 3094 3095 3096 3097 3098 3099 3100 3101 3102 3103 3104 3105 3106 3107 3108 3109 3111 3112 3113 3114 3115 3116 3117 3118 3119 3120 3121 3122 3123 3124 3125 3126 3127 3128 3129 3130 3131 3132 3133 3134 3135 3136 3137 3138 3139 3140 3156 3157 3158 3159 3160 3161 3162 3163 3164 3165 3166 3167 3168 3169 3170 3171 3173 3174 3175 3176 3177 3178 3179 3180 3181 3182 3183 3184 3185 3186 3187 3188 3189 3190 3191 3192 3193 3194 3195 3196 3197 3198 3199 3200 3201 3202 3232 3233 3237 3238 3239 3240 3241 3242 3243 3244 3245 3246 3247 3248 3249 3250 3251 3252 3253 3254 3255 3256 3257 3258 3259 3260 3261 3262 3263 3264 3295 3309 3310 3311 3312 3313 3314 3315 3316 3317 3318 3319 3320 3321 3322 3323 3324 3325 3326 3329 3330 3331 3332 3333 3334 3335 3336 3337 3338 3339 3340 3341 3342 3343 3344 3345 3346 3347 3348 3349 3350 3351 3352 3353 3354 3355 3356 3357 3373 3374 3375 3376 3377 3378 3379 3380 3381 3382 3383 3384 3385 3386 3387 3388 3419 3446 3447 3448 3449 3450 3463 3464 3465 3466 3467 3468 3469 3470 3471 3472 3473 3474 3475 3476 3477 3478 3479 3480 3481 3510 3511 3512 3517 3518 3519 3520 3521 3522 3523 3524 3525 3526 3527 3528 3529 3530 3531 3532 3533 3534 3535 3536 3537 3538 3539 3540 3541 3542 3543 3554 3555 3556 3557 3558 3559 3560 3561 3562 3563 3564 3565 3566 3567 3568 3569 3570 3571 3572 3573 3574 3578 3579 3580 3581 3582 3583 3584 3585 3586 3587 3588 3589 3590 3591 3592 3593 3594 3595 3596 3597 3598 3599 3600 3601 3602 3603 3604 3605 3622 3623 3624 3625 3626 3627 3628 3629 3630 3631 3632 3633 3634 3635 3636 3679 3680 3681 3682 3683 3684 3685 3686 3687 3688 3689 3690 3691 3692 3693 3694 3695 3696 3697 3698 3700 3701 3702 3703 3704 3705 3706 3707 3708 3709 3710 3711 3712 3713 3714 3715 3716 3717 3718 3719 3720 3721 3722 3723 3724 3725 3726 3727 3728 3729 3760 3791 3819 3820 3821 3822 3848 3849 3850 3851 3852 3853 3856 3857 3858 3859 3860 3861 3862 3863 3864 3865 3866 3867 3868 3869 3870 3871 3872 3873 3874 3875 3876 3877 3878 3879 3880 3881 3882 3883 3884 3899 3900 3901 3902 3903 3904 3905 3906 3907 3908 3909 3910 3911 3912 3913 3914 3915 3946 3948 3949 3950 3951 3952 3953 3954 3955 3956 3957 3958 3959 3960 3961 3962 3963 3964 3965 3966 3967 3968 3969 3970 3971 3972 3973 3974 3975 3976 3977 3979 4008 4116 4145 4185 4227 4266 4295 4316 4383 4435 4462 4502 4535 4544 4585 4605 4645 4673 4728 4770 4806 4844 4879 4946 4973 5003 5022 5023 5024 5035 5036 5037 5038 5039 5040 5041 5042 5043 5044 5045 5046 5047 5048 5049 5050 5051 5052 5053 5054 5055 5056 5057 5060 5061 5062 5063 5064 5065 5066 5067 5068 5069 5070 5071 5072 5073 5074 5075 5076 5077 5078 5079 5080 5081 5082 5083 5084 5085 5086 5087 5088 5091 5092 5093 5094 5095 5096 5097 5098 5099 5100 5101 5102 5103 5104 5105 5106 5107 5108 5109 5110 5111 5112 5113 5114 5115 5116 5117 5118 5119 5148 5149 5150 5166 5167 5168 5169 5170 5171 5172 5173 5174 5175 5176 5177 5178 5179 5180 5181 5183 5184 5185 5186 5187 5188 5189 5190 5191 5192 5193 5194 5195 5196 5197 5198 5199 5200 5201 5202 5203 5204 5205 5206 5207 5208 5209 5210 5211 5212 5220 5221 5222 5223 5224 5225 5226 5227 5228 5229 5230 5231 5232 5233 5234 5235 5236 5237 5238 5239 5240 5241 5242 5243 5270 5271 5272 5273 5274 5299 5300 5301 5302 5303 5304 5305 5327 5328 5329 5330 5331 5332 5333 5334 5335 5336 5364 5365 5366 5367 5398 5405 5406 5407 5408 5409 5410 5411 5412 5413 5414 5415 5416 5417 5418 5419 5420 5421 5422 5423 5424 5425 5426 5427 5428 5429 5442 5443 5444 5445 5446 5447 5448 5449 5450 5451 5452 5453 5454 5455 5456 5457 5458 5459 5460 5483 5484 5485 5486 5487 5488 5489 5490 5491 5501 5502 5503 5504 5505 5506 5507 5508 5509 5510 5511 5512 5513 5514 5515 5516 5517 5518 5519 5520 5521 5522 5526 5527 5528 5529 5530 5531 5532 5533 5534 5535 5536 5537 5538 5539 5540 5541 5542 5543 5544 5545 5546 5547 5548 5549 5550 5551 5552 5553 5579 5580 5581 5582 5583 5584 5587 5588 5589 5590 5591 5592 5593 5594 5595 5596 5597 5598 5599 5600 5601 5602 5603 5604 5605 5606 5607 5608 5609 5610 5611 5612 5613 5614 5615 5630 5631 5632 5633 5634 5635 5636 5637 5638 5639 5640 5641 5642 5643 5644 5645 5646 5652 5653 5654 5655 5656 5657 5658 5659 5660 5661 5662 5663 5664 5665 5666 5667 5668 5669 5670 5671 5672 5673 5674 5675 5676 5677 5701 5702 5703 5704 5705 5706 5707 5708 5739 5770 5791 5792 5793 5794 5795 5796 5797 5798 5799 5800 5801 5813 5814 5815 5816 5817 5818 5819 5820 5821 5822 5823 5824 5825 5826 5827 5828 5829 5830 5831 5832 5846 5847 5848 5849 5850 5851 5852 5853 5854 5855 5856 5857 5858 5859 5860 5861 5862 5863 5893 5894 5925 5936 5937 5938 5939 5940 5941 5942 5943 5944 5945 5946 5947 5948 5949 5950 5951 5952 5953 5954 5955 5956 5961 5962 5963 5964 5965 5966 5967 5968 5969 5970 5971 5972 5973 5974 5975 5976 5977 5978 5979 5980 5981 5982 5983 5984 5985 5986 5987 5991 5999 6001 6006 6016 6116 6157 6214 6251 6287 6326 6337 6362 6414 6451 6467 6501 6540 6562 6617 6644 6680 6696 6741 6839 6855 6877 6910 6953 6986 7024 7042 7043 7044 7047 7051 7076 7077 7078 7079 7080 7081 7083 7084 7085 7086 7087 7088 7089 7090 7091 7092 7093 7094 7095 7096 7097 7098 7099 7100 7101 7102 7103 7104 7105 7106 7107 7108 7109 7110 7111 7112 7115 7116 7117 7118 7119 7120 7121 7122 7123 7124 7125 7126 7127 7128 7129 7130 7131 7132 7133 7134 7135 7136 7137 7138 7139 7140 7141 7142 7143 7152 7153 7154 7155 7156 7157 7158 7159 7160 7161 7162 7163 7164 7165 7166 7167 7168 7169 7170 7171 7172 7173 7174 7192 7193 7194 7195 7196 7197 7198 7199 7200 7201 7202 7203 7204 7205 7207 7208 7209 7210 7211 7212 7213 7214 7215 7216 7217 7218 7219 7220 7221 7222 7223 7224 7225 7226 7227 7228 7229 7230 7231 7232 7233 7234 7235 7236 7263 7264 7265 7266 7267 7278 7279 7280 7281 7282 7283 7284 7285 7286 7287 7288 7289 7290 7291 7292 7293 7294 7295 7296 7297 7298 7311 7312 7313 7314 7315 7316 7317 7318 7319 7320 7321 7322 7323 7324 7325 7326 7327 7328 7329 7345 7346 7347 7348 7349 7350 7351 7352 7353 7354 7355 7356 7357 7358 7359 7360 7370 7371 7372 7373 7374 7375 7376 7377 7378 7379 7380 7381 7382 7383 7384 7385 7386 7387 7388 7389 7390 7391 7416 7417 7418 7419 7420 7421 7422 7450 7451 7452 7453 7474 7475 7476 7477 7478 7479 7480 7481 7482 7483 7484 7499 7500 7501 7502 7503 7504 7505 7506 7507 7508 7509 7510 7511 7512 7513 7514 7515 7539 7540 7541 7542 7543 7544 7545 7546 7577 7589 7590 7591 7592 7593 7594 7595 7596 7597 7598 7599 7600 7601 7602 7603 7604 7605 7606 7607 7608 7658 7659 7660 7661 7662 7663 7664 7665 7666 7667 7668 7669 7670 7699 7700 7701 7715 7716 7717 7718 7719 7720 7721 7722 7723 7724 7725 7726 7727 7728 7729 7730 7731 7732 7739 7740 7741 7742 7743 7744 7745 7746 7747 7748 7749 7750 7751 7752 7753 7754 7755 7756 7757 7758 7759 7760 7761 7762 7763 7794 7825 7847 7848 7849 7850 7851 7852 7853 7854 7855 7856 7876 7877 7878 7879 7880 7881 7882 7883 7884 7885 7886 7887 7895 7896 7897 7898 7899 7900 7901 7902 7903 7904 7905 7906 7907 7908 7909 7910 7911 7912 7913 7914 7915 7916 7917 7918 7935 7936 7937 7938 7939 7940 7941 7942 7943 7944 7945 7946 7947 7948 7949 7972 7973 7974 7975 7976 7977 7978 7979 7980 8010 8011 8016 8074 8160 8193 8228 8244 8271 8310 8360 8427 8479 8506 8542 8579 8588 8629 8649 8689 8717 8742 8850 8888 8923 8947 9017 9047 9073 9081 9083 9084 9100 9101 9102 9103 9104 9105 9106 9107 9108 9109 9110 9111 9112 9113 9114 9138 9139 9140 9141 9142 9143 9144 9145 9176 9197 9198 9199 9200 9201 9202 9203 9204 9205 9206 9207 9220 9221 9222 9223 9224 9225 9226 9227 9228 9229 9230 9231 9232 9233 9234 9235 9236 9237 9238 9269 9276 9277 9278 9279 9280 9281 9282 9283 9284 9285 9286 9287 9288 9289 9290 9291 9292 9293 9294 9295 9296 9297 9298 9299 9300 9319 9320 9321 9322 9323 9324 9325 9326 9327 9328 9329 9330 9331 9348 9349 9350 9351 9352 9353 9354 9355 9356 9357 9358 9359 9360 9361 9362 9375 9376 9377 9378 9379 9380 9381 9382 9383 9384 9385 9386 9387 9388 9389 9390 9391 9392 9393 9413 9414 9415 9416 9417 9418 9419 9420 9421 9422 9423 9424 9440 9441 9442 9443 9444 9445 9446 9447 9448 9449 9450 9451 9452 9453 9454 9455 9461 9462 9463 9464 9465 9466 9467 9468 9469 9470 9471 9472 9473 9474 9475 9476 9477 9478 9479 9480 9481 9482 9483 9484 9485 9486 9496 9497 9498 9499 9500 9501 9502 9503 9504 9505 9506 9507 9508 9509 9510 9511 9512 9513 9514 9515 9516 9517 9532 9533 9534 9535 9536 9537 9538 9539 9540 9541 9542 9543 9544 9545 9546 9547 9548 9556 9557 9558 9559 9560 9561 9562 9563 9564 9565 9566 9567 9568 9569 9570 9571 9572 9573 9574 9575 9576 9577 9578 9579 9582 9583 9584 9585 9586 9587 9588 9589 9590 9591 9592 9593 9594 9595 9596 9597 9598 9599 9600 9601 9602 9603 9604 9605 9606 9607 9608 9609 9610 9628 9629 9630 9631 9632 9633 9634 9635 9636 9637 9638 9639 9640 9641 9643 9644 9645 9646 9647 9648 9649 9650 9651 9652 9653 9654 9655 9656 9657 9658 9659 9660 9661 9662 9663 9664 9665 9666 9667 9668 9669 9670 9671 9672 9684 9685 9686 9687 9688 9689 9690 9691 9692 9693 9694 9695 9696 9697 9698 9699 9700 9701 9702 9703 9708 9709 9710 9711 9712 9713 9714 9715 9716 9717 9718 9719 9720 9721 9722 9723 9724 9725 9726 9727 9728 9729 9730 9731 9732 9733 9734 9750 9751 9752 9753 9754 9755 9756 9757 9758 9759 9760 9761 9762 9763 9764 9765 9788 9789 9790 9791 9792 9793 9794 9795 9796 9827 9839 9840 9841 9842 9843 9844 9845 9846 9847 9848 9849 9850 9851 9852 9853 9854 9855 9856 9857 9858 9867 9868 9869 9870 9871 9872 9873 9874 9875 9876 9877 9878 9879 9880 9881 9882 9883 9884 9885 9886 9887 9888 9889 9900 9901 9902 9903 9904 9905 9906 9907 9908 9909 9910 9911 9912 9913 9914 9915 9916 9917 9918 9919 9920 9942 9943 9944 9945 9946 9947 9948 9949 9950 9951 9965 9966 9967 9968 9969 9970 9971 9972 9973 9974 9975 9976 9977 9978 9979 9980 9981 9982 10013 10017 10018 10019 10020 10021 10022 10023 10024 10025 10026 10027 10028 10029 10030 10031 10032 10033 10034 10035 10036 10037 10038 10039 10040 10041 10042 10043 10044 10066 10088 10113 10162 10223 10238 10299 10428 10466 10517 10552 10567 10641 10707 10762 10807 10838 10848 10891 10921 10957 10996 11069 11119 11121 11125 11127 11129 11158 11159 11164 11165 11166 11167 11168 11169 11170 11171 11172 11173 11174 11175 11176 11177 11178 11179 11180 11181 11182 11183 11184 11185 11186 11187 11188 11189 11190 11203 11204 11205 11206 11207 11208 11209 11210 11211 11212 11213 11214 11215 11216 11217 11218 11219 11220 11221 11223 11224 11225 11226 11227 11228 11229 11230 11231 11232 11233 11234 11235 11236 11237 11238 11239 11240 11241 11242 11243 11244 11245 11246 11247 11248 11249 11250 11251 11252 11274 11275 11276 11277 11278 11279 11280 11281 11282 11283 11295 11296 11297 11298 11299 11300 11301 11302 11303 11304 11305 11306 11307 11308 11309 11310 11311 11312 11313 11314 11347 11348 11349 11350 11351 11352 11353 11354 11355 11356 11357 11358 11359 11360 11361 11362 11363 11364 11365 11366 11367 11368 11369 11370 11371 11372 11373 11374 11375 11376 11379 11380 11381 11382 11383 11384 11385 11386 11387 11388 11389 11390 11391 11392 11393 11394 11395 11396 11397 11398 11399 11400 11401 11402 11403 11404 11405 11406 11407 11438 11441 11442 11443 11444 11445 11446 11447 11448 11449 11450 11451 11452 11453 11454 11455 11456 11457 11458 11459 11460 11461 11462 11463 11464 11465 11466 11467 11468 11469 11498 11499 11500 11531 11557 11558 11559 11560 11561 11562 11580 11581 11582 11583 11584 11585 11586 11587 11588 11589 11590 11591 11592 11593 11621 11622 11623 11624 11626 11627 11628 11629 11630 11631 11632 11633 11634 11635 11636 11637 11638 11639 11640 11641 11642 11643 11644 11645 11646 11647 11648 11649 11650 11651 11652 11653 11654 11655 11671 11672 11673 11674 11675 11676 11677 11678 11679 11680 11681 11682 11683 11684 11685 11686 11688 11689 11690 11691 11692 11693 11694 11695 11696 11697 11698 11699 11700 11701 11702 11703 11704 11705 11706 11707 11708 11709 11710 11711 11712 11713 11714 11715 11716 11717 11740 11741 11742 11743 11744 11745 11746 11747 11748 11751 11752 11753 11754 11755 11756 11757 11758 11759 11760 11761 11762 11763 11764 11765 11766 11767 11768 11769 11770 11771 11772 11773 11774 11775 11776 11777 11778 11779 11796 11797 11798 11799 11800 11801 11802 11803 11804 11805 11806 11807 11808 11809 11810 11824 11825 11826 11827 11828 11829 11830 11831 11832 11833 11834 11835 11836 11837 11838 11839 11840 11841 11865 11866 11867 11868 11869 11870 11871 11872 11893 11894 11895 11896 11897 11898 11899 11900 11901 11902 11903 11930 11931 11932 11933 11934 11959 11960 11961 11962 11963 11964 11965 11980 11981 11982 11983 11984 11985 11986 11987 11988 11989 11990 11991 11992 11993 11994 11995 11996 12016 12017 12018 12019 12020 12021 12022 12023 12024 12025 12026 12027 12058 12060 12061 12062 12063 12064 12065 12066 12067 12068 12069 12070 12071 12072 12073 12074 12075 12076 12077 12078 12079 12080 12081 12082 12083 12084 12085 12086 12087 12088 12089 12091 12119 12125 12142 12190 12192 12250 12283 12354 12390 12429 12511 12566 12596 12632 12679 12739 12779 12816 12833 12882 12940 13013 13032 13107 13149 13177 13182 13183 13190 13191 13192 13193 13194 13195 13196 13197 13198 13199 13200 13201 13202 13203 13204 13205 13206 13207 13208 13209 13210 13211 13212 13213 13214 13215 13216 13278 13297 13298 13299 13300 13301 13302 13303 13304 13305 13306 13307 13308 13309 13320 13321 13322 13323 13324 13325 13326 13327 13328 13329 13330 13331 13332 13333 13334 13335 13336 13337 13338 13339 13340 13371 13402 13420 13421 13422 13423 13424 13425 13426 13427 13428 13429 13430 13431 13432 13433 13450 13451 13452 13453 13454 13455 13456 13457 13458 13459 13460 13461 13462 13463 13464 13477 13478 13479 13480 13481 13482 13483 13484 13485 13486 13487 13488 13489 13490 13491 13492 13493 13494 13495 13526 13557 13561 13562 13563 13564 13565 13566 13567 13568 13569 13570 13571 13572 13573 13574 13575 13576 13577 13578 13579 13580 13581 13582 13583 13584 13585 13586 13587 13588 13596 13597 13598 13599 13600 13601 13602 13603 13604 13605 13606 13607 13608 13609 13610 13611 13612 13613 13614 13615 13616 13617 13618 13619 13633 13634 13635 13636 13637 13638 13639 13640 13641 13642 13643 13644 13645 13646 13647 13648 13649 13650 13656 13657 13658 13659 13660 13661 13662 13663 13664 13665 13666 13667 13668 13669 13670 13671 13672 13673 13674 13675 13676 13677 13678 13679 13680 13681 13712 13728 13729 13730 13731 13732 13733 13734 13735 13736 13737 13738 13739 13740 13741 13742 13743 13774 13784 13785 13786 13787 13788 13789 13790 13791 13792 13793 13794 13795 13796 13797 13798 13799 13800 13801 13802 13803 13804 13805 13808 13809 13810 13811 13812 13813 13814 13815 13816 13817 13818 13819 13820 13821 13822 13823 13824 13825 13826 13827 13828 13829 13830 13831 13832 13833 13834 13835 13836 13851 13852 13853 13854 13855 13856 13857 13858 13859 13860 13861 13862 13863 13864 13865 13866 13867 13897 13898 13907 13908 13909 13910 13911 13912 13913 13914 13915 13916 13917 13918 13919 13920 13921 13922 13923 13924 13925 13926 13927 13928 13929 13960 13967 13968 13969 13970 13971 13972 13973 13974 13975 13976 13977 13978 13979 13980 13981 13982 13983 13984 13985 13986 13987 13988 13989 13990 13991 14022 14051 14052 14053 14065 14066 14067 14068 14069 14070 14071 14072 14073 14074 14075 14076 14077 14078 14079 14080 14081 14082 14083 14084 14115 14117 14118 14119 14120 14121 14122 14123 14124 14125 14126 14127 14128 14129 14130 14131 14132 14133 14134 14135 14136 14137 14138 14139 14140 14141 14142 14143 14144 14145 14146 14151 14161 14163 14201 14244 14296 14337 14351 14394 14422 14467 14502 14517 14573 14574 14631 14647 14676 14824 14876 14921 14962 15019 15035 15057 15133 15187 15238 15247 15254 15285 15296 15297 15298 15299 15300 15301 15302 15303 15304 15305 15306 15307 15308 15309 15310 15311 15312 15313 15314 15315 15316 15347 15361 15362 15363 15364 15365 15366 15367 15368 15369 15370 15371 15372 15373 15374 15375 15376 15377 15378 15400 15401 15402 15403 15404 15405 15406 15407 15408 15409 15419 15420 15421 15422 15423 15424 15425 15426 15427 15428 15429 15430 15431 15432 15433 15434 15435 15436 15437 15438 15439 15440 15469 15470 15471 15487 15488 15489 15490 15491 15492 15493 15494 15495 15496 15497 15498 15499 15500 15501 15502 15519 15520 15521 15522 15523 15524 15525 15526 15527 15528 15529 15530 15531 15532 15533 15553 15554 15555 15556 15557 15558 15559 15560 15561 15562 15563 15564 15579 15580 15581 15582 15583 15584 15585 15586 15587 15588 15589 15590 15591 15592 15593 15594 15595 15656 15657 15682 15683 15684 15685 15686 15687 15688 15707 15708 15709 15710 15711 15712 15713 15714 15715 15716 15717 15718 15719 15747 15748 15749 15750 15764 15765 15766 15767 15768 15769 15770 15771 15772 15773 15774 15775 15776 15777 15778 15779 15780 15781 15841 15842 15843 15866 15867 15868 15869 15870 15871 15872 15873 15874 15891 15892 15893 15894 15895 15896 15897 15898 15899 15900 15901 15902 15903 15904 15905 15923 15924 15925 15926 15927 15928 15929 15930 15931 15932 15933 15934 15935 15936 15948 15949 15950 15951 15952 15953 15954 15955 15956 15957 15958 15959 15960 15961 15962 15963 15964 15965 15966 15967 15998 16019 16020 16021 16022 16023 16024 16025 16026 16027 16028 16029 16055 16056 16057 16058 16059 16060 16084 16085 16086 16087 16088 16089 16090 16091 16104 16105 16106 16107 16108 16109 16110 16111 16112 16113 16114 16115 16116 16117 16118 16119 16120 16121 16122 16180 16181 16182 16183 16184 16214 16215 16228 16237
c _______________________________________________________________________________
c 
c restarts               : 13391315
c conflicts              : 139            (2 /sec)
c decisions              : 2094           (0.00 % random) (37 /sec)
c propagations           : 759567         (13266 /sec)
c conflict literals      : 298            (9.15 % deleted)
c =======================[ UWrMaxSat resources usage ]===========================
c Memory used            : 39.00 MB
c CPU time               : 57.2587 s
c _______________________________________________________________________________
c SATISFIABLE

c Using COMiniSatPS SAT solver by Chanseok Oh (2016)
[UWrMaxSAT] meta file: p4_A-n32-k5_r46v8k3.meta
[UWrMaxSAT] meta loaded OK.
[UWrMaxSAT] Loaded 3987 assumption literals from p4_A-n32-k5_r45v8k3.wcnf.asm
c Parsing MaxSAT file...
c Start timer (tic-tac ...)
c c Found solution: 2425297
c ============================[  Problem Statistics ]============================
c |  Number of variables:          9178                                         |
c |  Number of clauses:           58140 (incl.         1729 soft in queue)      |
c ===============================================================================
c [Elapsed time] 0.07 s
c Found solution: 2420555
c [UWrMaxSAT] Timeout reached.
c [1mOptimal solution: 2420555[0m
c _______________________________________________________________________________
c 
c restarts               : 13275040
c conflicts              : 99             (2 /sec)
c decisions              : 1657           (0.00 % random) (29 /sec)
c propagations           : 751942         (13130 /sec)
c conflict literals      : 5              (0.00 % deleted)
c =======================[ UWrMaxSat resources usage ]===========================
c Memory used            : 39.00 MB
c CPU time               : 57.2677 s
c _______________________________________________________________________________
o 2420555
s OPTIMUM FOUND
v 7 148 205 317 353 405 442 458 492 608 635 659 687 830 846 901 944 1014 1131 1172 1229 1266 1341 1352 1429 1466 1482 1511 1590 1659 1696 1711 1840 1870 1925 2020 2050 2052 2054 2056 2070 2071 2072 2073 2074 2075 2076 2077 2078 2079 2080 2081 2082 2083 2084 2085 2086 2088 2089 2090 2091 2092 2093 2094 2095 2096 2097 2098 2099 2100 2101 2102 2103 2104 2105 2106 2107 2108 2109 2110 2111 2112 2113 2114 2115 2116 2117 2119 2120 2121 2122 2123 2124 2125 2126 2127 2128 2129 2130 2131 2132 2133 2134 2135 2136 2137 2138 2139 2140 2141 2142 2143 2144 2145 2146 2147 2148 2150 2151 2152 2153 2154 2155 2156 2157 2158 2159 2160 2161 2162 2163 2164 2165 2166 2167 2168 2169 2170 2171 2172 2173 2174 2175 2176 2177 2178 2179 2186 2187 2188 2189 2190 2191 2192 2193 2194 2195 2196 2197 2198 2199 2200 2201 2202 2203 2204 2205 2206 2207 2208 2209 2210 2213 2214 2215 2216 2217 2218 2219 2220 2221 2222 2223 2224 2225 2226 2227 2228 2229 2230 2231 2232 2233 2234 2235 2236 2237 2238 2239 2240 2241 2265 2266 2267 2268 2269 2270 2271 2272 2274 2275 2276 2277 2278 2279 2280 2281 2282 2283 2284 2285 2286 2287 2288 2289 2290 2291 2292 2293 2294 2295 2296 2297 2298 2299 2300 2301 2302 2303 2306 2307 2308 2309 2310 2311 2312 2313 2314 2315 2316 2317 2318 2319 2320 2321 2322 2323 2324 2325 2326 2327 2328 2329 2330 2331 2332 2333 2334 2339 2340 2341 2342 2343 2344 2345 2346 2347 2348 2349 2350 2351 2352 2353 2354 2355 2356 2357 2358 2359 2360 2361 2362 2363 2364 2365 2367 2368 2369 2370 2371 2372 2373 2374 2375 2376 2377 2378 2379 2380 2381 2382 2383 2384 2385 2386 2387 2388 2389 2390 2391 2392 2393 2394 2395 2396 2410 2411 2412 2413 2414 2415 2416 2417 2418 2419 2420 2421 2422 2423 2424 2425 2426 2427 2452 2453 2454 2455 2456 2457 2458 2468 2469 2470 2471 2472 2473 2474 2475 2476 2477 2478 2479 2480 2481 2482 2483 2484 2485 2486 2487 2488 2489 2493 2494 2495 2496 2497 2498 2499 2500 2501 2502 2503 2504 2505 2506 2507 2508 2509 2510 2511 2512 2513 2514 2515 2516 2517 2518 2519 2520 2533 2534 2535 2536 2537 2538 2539 2540 2541 2542 2543 2544 2545 2546 2547 2548 2549 2550 2551 2554 2555 2556 2557 2558 2559 2560 2561 2562 2563 2564 2565 2566 2567 2568 2569 2570 2571 2572 2573 2574 2575 2576 2577 2578 2579 2580 2581 2582 2585 2586 2587 2588 2589 2590 2591 2592 2593 2594 2595 2596 2597 2598 2599 2600 2601 2602 2603 2604 2605 2606 2607 2608 2609 2610 2611 2612 2613 2640 2641 2642 2643 2644 2652 2653 2654 2655 2656 2657 2658 2659 2660 2661 2662 2663 2664 2665 2666 2667 2668 2669 2670 2671 2672 2673 2674 2675 2701 2702 2703 2704 2705 2706 2709 2710 2711 2712 2713 2714 2715 2716 2717 2718 2719 2720 2721 2722 2723 2724 2725 2726 2727 2728 2729 2730 2731 2732 2733 2734 2735 2736 2737 2739 2740 2741 2742 2743 2744 2745 2746 2747 2748 2749 2750 2751 2752 2753 2754 2755 2756 2757 2758 2759 2760 2761 2762 2763 2764 2765 2766 2767 2768 2795 2796 2797 2798 2799 2816 2817 2818 2819 2820 2821 2822 2823 2824 2825 2826 2827 2828 2829 2830 2841 2842 2843 2844 2845 2846 2847 2848 2849 2850 2851 2852 2853 2854 2855 2856 2857 2858 2859 2860 2861 2870 2871 2872 2873 2874 2875 2876 2877 2878 2879 2880 2881 2882 2883 2884 2885 2886 2887 2888 2889 2890 2891 2892 2894 2895 2896 2897 2898 2899 2900 2901 2902 2903 2904 2905 2906 2907 2908 2909 2910 2911 2912 2913 2914 2915 2916 2917 2918 2919 2920 2921 2922 2923 2929 2930 2931 2932 2933 2934 2935 2936 2937 2938 2939 2940 2941 2942 2943 2944 2945 2946 2947 2948 2949 2950 2951 2952 2953 2954 2966 2967 2968 2969 2970 2971 2972 2973 2974 2975 2976 2977 2978 2979 2980 2981 2982 2983 2984 2985 2987 2988 2989 2990 2991 2992 2993 2994 2995 2996 2997 2998 2999 3000 3001 3002 3003 3004 3005 3006 3007 3008 3009 3010 3011 3012 3013 3014 3015 3016 3031 3032 3033 3034 3035 3036 3037 3038 3039 3040 3041 3042 3043 3044 3045 3046 3047 3050 3051 3052 3053 3054 3055 3056 3057 3058 3059 3060 3061 3062 3063 3064 3065 3066 3067 3068 3069 3070 3071 3072 3073 3074 3075 3076 3077 3078 3080 3081 3082 3083 3084 3085 3086 3087 3088 3089 3090 3091 3092 3093 3094 3095 3096 3097 3098 3099 3100 3101 3102 3103 3104 3105 3106 3107 3108 3109 3111 3112 3113 3114 3115 3116 3117 3118 3119 3120 3121 3122 3123 3124 3125 3126 3127 3128 3129 3130 3131 3132 3133 3134 3135 3136 3137 3138 3139 3140 3156 3157 3158 3159 3160 3161 3162 3163 3164 3165 3166 3167 3168 3169 3170 3171 3173 3174 3175 3176 3177 3178 3179 3180 3181 3182 3183 3184 3185 3186 3187 3188 3189 3190 3191 3192 3193 3194 3195 3196 3197 3198 3199 3200 3201 3202 3232 3233 3237 3238 3239 3240 3241 3242 3243 3244 3245 3246 3247 3248 3249 3250 3251 3252 3253 3254 3255 3256 3257 3258 3259 3260 3261 3262 3263 3264 3295 3309 3310 3311 3312 3313 3314 3315 3316 3317 3318 3319 3320 3321 3322 3323 3324 3325 3326 3329 3330 3331 3332 3333 3334 3335 3336 3337 3338 3339 3340 3341 3342 3343 3344 3345 3346 3347 3348 3349 3350 3351 3352 3353 3354 3355 3356 3357 3373 3374 3375 3376 3377 3378 3379 3380 3381 3382 3383 3384 3385 3386 3387 3388 3419 3446 3447 3448 3449 3450 3463 3464 3465 3466 3467 3468 3469 3470 3471 3472 3473 3474 3475 3476 3477 3478 3479 3480 3481 3510 3511 3512 3517 3518 3519 3520 3521 3522 3523 3524 3525 3526 3527 3528 3529 3530 3531 3532 3533 3534 3535 3536 3537 3538 3539 3540 3541 3542 3543 3554 3555 3556 3557 3558 3559 3560 3561 3562 3563 3564 3565 3566 3567 3568 3569 3570 3571 3572 3573 3574 3578 3579 3580 3581 3582 3583 3584 3585 3586 3587 3588 3589 3590 3591 3592 3593 3594 3595 3596 3597 3598 3599 3600 3601 3602 3603 3604 3605 3622 3623 3624 3625 3626 3627 3628 3629 3630 3631 3632 3633 3634 3635 3636 3679 3680 3681 3682 3683 3684 3685 3686 3687 3688 3689 3690 3691 3692 3693 3694 3695 3696 3697 3698 3700 3701 3702 3703 3704 3705 3706 3707 3708 3709 3710 3711 3712 3713 3714 3715 3716 3717 3718 3719 3720 3721 3722 3723 3724 3725 3726 3727 3728 3729 3760 3791 3819 3820 3821 3822 3848 3849 3850 3851 3852 3853 3856 3857 3858 3859 3860 3861 3862 3863 3864 3865 3866 3867 3868 3869 3870 3871 3872 3873 3874 3875 3876 3877 3878 3879 3880 3881 3882 3883 3884 3899 3900 3901 3902 3903 3904 3905 3906 3907 3908 3909 3910 3911 3912 3913 3914 3915 3946 3948 3949 3950 3951 3952 3953 3954 3955 3956 3957 3958 3959 3960 3961 3962 3963 3964 3965 3966 3967 3968 3969 3970 3971 3972 3973 3974 3975 3976 3977 3979 4008 4116 4145 4185 4227 4266 4295 4316 4383 4435 4462 4502 4535 4544 4585 4605 4645 4673 4728 4770 4806 4844 4879 4946 4973 5003 5022 5023 5024 5035 5036 5037 5038 5039 5040 5041 5042 5043 5044 5045 5046 5047 5048 5049 5050 5051 5052 5053 5054 5055 5056 5057 5060 5061 5062 5063 5064 5065 5066 5067 5068 5069 5070 5071 5072 5073 5074 5075 5076 5077 5078 5079 5080 5081 5082 5083 5084 5085 5086 5087 5088 5091 5092 5093 5094 5095 5096 5097 5098 5099 5100 5101 5102 5103 5104 5105 5106 5107 5108 5109 5110 5111 5112 5113 5114 5115 5116 5117 5118 5119 5148 5149 5150 5166 5167 5168 5169 5170 5171 5172 5173 5174 5175 5176 5177 5178 5179 5180 5181 5183 5184 5185 5186 5187 5188 5189 5190 5191 5192 5193 5194 5195 5196 5197 5198 5199 5200 5201 5202 5203 5204 5205 5206 5207 5208 5209 5210 5211 5212 5220 5221 5222 5223 5224 5225 5226 5227 5228 5229 5230 5231 5232 5233 5234 5235 5236 5237 5238 5239 5240 5241 5242 5243 5270 5271 5272 5273 5274 5299 5300 5301 5302 5303 5304 5305 5327 5328 5329 5330 5331 5332 5333 5334 5335 5336 5364 5365 5366 5367 5398 5405 5406 5407 5408 5409 5410 5411 5412 5413 5414 5415 5416 5417 5418 5419 5420 5421 5422 5423 5424 5425 5426 5427 5428 5429 5442 5443 5444 5445 5446 5447 5448 5449 5450 5451 5452 5453 5454 5455 5456 5457 5458 5459 5460 5483 5484 5485 5486 5487 5488 5489 5490 5491 5501 5502 5503 5504 5505 5506 5507 5508 5509 5510 5511 5512 5513 5514 5515 5516 5517 5518 5519 5520 5521 5522 5526 5527 5528 5529 5530 5531 5532 5533 5534 5535 5536 5537 5538 5539 5540 5541 5542 5543 5544 5545 5546 5547 5548 5549 5550 5551 5552 5553 5579 5580 5581 5582 5583 5584 5587 5588 5589 5590 5591 5592 5593 5594 5595 5596 5597 5598 5599 5600 5601 5602 5603 5604 5605 5606 5607 5608 5609 5610 5611 5612 5613 5614 5615 5630 5631 5632 5633 5634 5635 5636 5637 5638 5639 5640 5641 5642 5643 5644 5645 5646 5652 5653 5654 5655 5656 5657 5658 5659 5660 5661 5662 5663 5664 5665 5666 5667 5668 5669 5670 5671 5672 5673 5674 5675 5676 5677 5701 5702 5703 5704 5705 5706 5707 5708 5739 5770 5791 5792 5793 5794 5795 5796 5797 5798 5799 5800 5801 5813 5814 5815 5816 5817 5818 5819 5820 5821 5822 5823 5824 5825 5826 5827 5828 5829 5830 5831 5832 5846 5847 5848 5849 5850 5851 5852 5853 5854 5855 5856 5857 5858 5859 5860 5861 5862 5863 5893 5894 5925 5936 5937 5938 5939 5940 5941 5942 5943 5944 5945 5946 5947 5948 5949 5950 5951 5952 5953 5954 5955 5956 5961 5962 5963 5964 5965 5966 5967 5968 5969 5970 5971 5972 5973 5974 5975 5976 5977 5978 5979 5980 5981 5982 5983 5984 5985 5986 5987 5991 5999 6001 6006 6016 6116 6157 6214 6251 6287 6326 6337 6362 6414 6451 6467 6501 6540 6562 6617 6644 6680 6696 6741 6839 6855 6877 6910 6953 6986 7024 7042 7043 7044 7047 7051 7076 7077 7078 7079 7080 7081 7083 7084 7085 7086 7087 7088 7089 7090 7091 7092 7093 7094 7095 7096 7097 7098 7099 7100 7101 7102 7103 7104 7105 7106 7107 7108 7109 7110 7111 7112 7115 7116 7117 7118 7119 7120 7121 7122 7123 7124 7125 7126 7127 7128 7129 7130 7131 7132 7133 7134 7135 7136 7137 7138 7139 7140 7141 7142 7143 7152 7153 7154 7155 7156 7157 7158 7159 7160 7161 7162 7163 7164 7165 7166 7167 7168 7169 7170 7171 7172 7173 7174 7192 7193 7194 7195 7196 7197 7198 7199 7200 7201 7202 7203 7204 7205 7207 7208 7209 7210 7211 7212 7213 7214 7215 7216 7217 7218 7219 7220 7221 7222 7223 7224 7225 7226 7227 7228 7229 7230 7231 7232 7233 7234 7235 7236 7263 7264 7265 7266 7267 7278 7279 7280 7281 7282 7283 7284 7285 7286 7287 7288 7289 7290 7291 7292 7293 7294 7295 7296 7297 7298 7311 7312 7313 7314 7315 7316 7317 7318 7319 7320 7321 7322 7323 7324 7325 7326 7327 7328 7329 7345 7346 7347 7348 7349 7350 7351 7352 7353 7354 7355 7356 7357 7358 7359 7360 7370 7371 7372 7373 7374 7375 7376 7377 7378 7379 7380 7381 7382 7383 7384 7385 7386 7387 7388 7389 7390 7391 7416 7417 7418 7419 7420 7421 7422 7450 7451 7452 7453 7474 7475 7476 7477 7478 7479 7480 7481 7482 7483 7484 7499 7500 7501 7502 7503 7504 7505 7506 7507 7508 7509 7510 7511 7512 7513 7514 7515 7539 7540 7541 7542 7543 7544 7545 7546 7577 7589 7590 7591 7592 7593 7594 7595 7596 7597 7598 7599 7600 7601 7602 7603 7604 7605 7606 7607 7608 7658 7659 7660 7661 7662 7663 7664 7665 7666 7667 7668 7669 7670 7699 7700 7701 7715 7716 7717 7718 7719 7720 7721 7722 7723 7724 7725 7726 7727 7728 7729 7730 7731 7732 7739 7740 7741 7742 7743 7744 7745 7746 7747 7748 7749 7750 7751 7752 7753 7754 7755 7756 7757 7758 7759 7760 7761 7762 7763 7794 7825 7847 7848 7849 7850 7851 7852 7853 7854 7855 7856 7876 7877 7878 7879 7880 7881 7882 7883 7884 7885 7886 7887 7895 7896 7897 7898 7899 7900 7901 7902 7903 7904 7905 7906 7907 7908 7909 7910 7911 7912 7913 7914 7915 7916 7917 7918 7935 7936 7937 7938 7939 7940 7941 7942 7943 7944 7945 7946 7947 7948 7949 7972 7973 7974 7975 7976 7977 7978 7979 7980 8010 8011 8016 8074 8160 8193 8228 8244 8271 8310 8360 8427 8479 8506 8542 8579 8588 8629 8649 8689 8717 8742 8850 8888 8923 8947 9017 9047 9073 9081 9083 9084 9100 9101 9102 9103 9104 9105 9106 9107 9108 9109 9110 9111 9112 9113 9114 9138 9139 9140 9141 9142 9143 9144 9145 9176 9197 9198 9199 9200 9201 9202 9203 9204 9205 9206 9207 9220 9221 9222 9223 9224 9225 9226 9227 9228 9229 9230 9231 9232 9233 9234 9235 9236 9237 9238 9269 9276 9277 9278 9279 9280 9281 9282 9283 9284 9285 9286 9287 9288 9289 9290 9291 9292 9293 9294 9295 9296 9297 9298 9299 9300 9319 9320 9321 9322 9323 9324 9325 9326 9327 9328 9329 9330 9331 9348 9349 9350 9351 9352 9353 9354 9355 9356 9357 9358 9359 9360 9361 9362 9375 9376 9377 9378 9379 9380 9381 9382 9383 9384 9385 9386 9387 9388 9389 9390 9391 9392 9393 9413 9414 9415 9416 9417 9418 9419 9420 9421 9422 9423 9424 9440 9441 9442 9443 9444 9445 9446 9447 9448 9449 9450 9451 9452 9453 9454 9455 9461 9462 9463 9464 9465 9466 9467 9468 9469 9470 9471 9472 9473 9474 9475 9476 9477 9478 9479 9480 9481 9482 9483 9484 9485 9486 9496 9497 9498 9499 9500 9501 9502 9503 9504 9505 9506 9507 9508 9509 9510 9511 9512 9513 9514 9515 9516 9517 9532 9533 9534 9535 9536 9537 9538 9539 9540 9541 9542 9543 9544 9545 9546 9547 9548 9556 9557 9558 9559 9560 9561 9562 9563 9564 9565 9566 9567 9568 9569 9570 9571 9572 9573 9574 9575 9576 9577 9578 9579 9582 9583 9584 9585 9586 9587 9588 9589 9590 9591 9592 9593 9594 9595 9596 9597 9598 9599 9600 9601 9602 9603 9604 9605 9606 9607 9608 9609 9610 9628 9629 9630 9631 9632 9633 9634 9635 9636 9637 9638 9639 9640 9641 9643 9644 9645 9646 9647 9648 9649 9650 9651 9652 9653 9654 9655 9656 9657 9658 9659 9660 9661 9662 9663 9664 9665 9666 9667 9668 9669 9670 9671 9672 9684 9685 9686 9687 9688 9689 9690 9691 9692 9693 9694 9695 9696 9697 9698 9699 9700 9701 9702 9703 9708 9709 9710 9711 9712 9713 9714 9715 9716 9717 9718 9719 9720 9721 9722 9723 9724 9725 9726 9727 9728 9729 9730 9731 9732 9733 9734 9750 9751 9752 9753 9754 9755 9756 9757 9758 9759 9760 9761 9762 9763 9764 9765 9788 9789 9790 9791 9792 9793 9794 9795 9796 9827 9839 9840 9841 9842 9843 9844 9845 9846 9847 9848 9849 9850 9851 9852 9853 9854 9855 9856 9857 9858 9867 9868 9869 9870 9871 9872 9873 9874 9875 9876 9877 9878 9879 9880 9881 9882 9883 9884 9885 9886 9887 9888 9889 9900 9901 9902 9903 9904 9905 9906 9907 9908 9909 9910 9911 9912 9913 9914 9915 9916 9917 9918 9919 9920 9942 9943 9944 9945 9946 9947 9948 9949 9950 9951 9965 9966 9967 9968 9969 9970 9971 9972 9973 9974 9975 9976 9977 9978 9979 9980 9981 9982 10013 10017 10018 10019 10020 10021 10022 10023 10024 10025 10026 10027 10028 10029 10030 10031 10032 10033 10034 10035 10036 10037 10038 10039 10040 10041 10042 10043 10044 10066 10088 10113 10162 10223 10238 10299 10428 10466 10517 10552 10567 10641 10707 10762 10807 10838 10848 10891 10921 10957 10996 11069 11119 11121 11125 11127 11129 11158 11159 11164 11165 11166 11167 11168 11169 11170 11171 11172 11173 11174 11175 11176 11177 11178 11179 11180 11181 11182 11183 11184 11185 11186 11187 11188 11189 11190 11203 11204 11205 11206 11207 11208 11209 11210 11211 11212 11213 11214 11215 11216 11217 11218 11219 11220 11221 11223 11224 11225 11226 11227 11228 11229 11230 11231 11232 11233 11234 11235 11236 11237 11238 11239 11240 11241 11242 11243 11244 11245 11246 11247 11248 11249 11250 11251 11252 11274 11275 11276 11277 11278 11279 11280 11281 11282 11283 11295 11296 11297 11298 11299 11300 11301 11302 11303 11304 11305 11306 11307 11308 11309 11310 11311 11312 11313 11314 11347 11348 11349 11350 11351 11352 11353 11354 11355 11356 11357 11358 11359 11360 11361 11362 11363 11364 11365 11366 11367 11368 11369 11370 11371 11372 11373 11374 11375 11376 11379 11380 11381 11382 11383 11384 11385 11386 11387 11388 11389 11390 11391 11392 11393 11394 11395 11396 11397 11398 11399 11400 11401 11402 11403 11404 11405 11406 11407 11438 11441 11442 11443 11444 11445 11446 11447 11448 11449 11450 11451 11452 11453 11454 11455 11456 11457 11458 11459 11460 11461 11462 11463 11464 11465 11466 11467 11468 11469 11498 11499 11500 11531 11557 11558 11559 11560 11561 11562 11580 11581 11582 11583 11584 11585 11586 11587 11588 11589 11590 11591 11592 11593 11621 11622 11623 11624 11626 11627 11628 11629 11630 11631 11632 11633 11634 11635 11636 11637 11638 11639 11640 11641 11642 11643 11644 11645 11646 11647 11648 11649 11650 11651 11652 11653 11654 11655 11671 11672 11673 11674 11675 11676 11677 11678 11679 11680 11681 11682 11683 11684 11685 11686 11688 11689 11690 11691 11692 11693 11694 11695 11696 11697 11698 11699 11700 11701 11702 11703 11704 11705 11706 11707 11708 11709 11710 11711 11712 11713 11714 11715 11716 11717 11740 11741 11742 11743 11744 11745 11746 11747 11748 11751 11752 11753 11754 11755 11756 11757 11758 11759 11760 11761 11762 11763 11764 11765 11766 11767 11768 11769 11770 11771 11772 11773 11774 11775 11776 11777 11778 11779 11796 11797 11798 11799 11800 11801 11802 11803 11804 11805 11806 11807 11808 11809 11810 11824 11825 11826 11827 11828 11829 11830 11831 11832 11833 11834 11835 11836 11837 11838 11839 11840 11841 11865 11866 11867 11868 11869 11870 11871 11872 11893 11894 11895 11896 11897 11898 11899 11900 11901 11902 11903 11930 11931 11932 11933 11934 11959 11960 11961 11962 11963 11964 11965 11980 11981 11982 11983 11984 11985 11986 11987 11988 11989 11990 11991 11992 11993 11994 11995 11996 12016 12017 12018 12019 12020 12021 12022 12023 12024 12025 12026 12027 12058 12060 12061 12062 12063 12064 12065 12066 12067 12068 12069 12070 12071 12072 12073 12074 12075 12076 12077 12078 12079 12080 12081 12082 12083 12084 12085 12086 12087 12088 12089 12091 12119 12125 12142 12190 12192 12250 12283 12354 12390 12429 12511 12566 12596 12632 12679 12739 12779 12816 12833 12882 12940 13013 13032 13107 13149 13177 13182 13183 13190 13191 13192 13193 13194 13195 13196 13197 13198 13199 13200 13201 13202 13203 13204 13205 13206 13207 13208 13209 13210 13211 13212 13213 13214 13215 13216 13278 13297 13298 13299 13300 13301 13302 13303 13304 13305 13306 13307 13308 13309 13320 13321 13322 13323 13324 13325 13326 13327 13328 13329 13330 13331 13332 13333 13334 13335 13336 13337 13338 13339 13340 13371 13402 13420 13421 13422 13423 13424 13425 13426 13427 13428 13429 13430 13431 13432 13433 13450 13451 13452 13453 13454 13455 13456 13457 13458 13459 13460 13461 13462 13463 13464 13477 13478 13479 13480 13481 13482 13483 13484 13485 13486 13487 13488 13489 13490 13491 13492 13493 13494 13495 13526 13557 13561 13562 13563 13564 13565 13566 13567 13568 13569 13570 13571 13572 13573 13574 13575 13576 13577 13578 13579 13580 13581 13582 13583 13584 13585 13586 13587 13588 13596 13597 13598 13599 13600 13601 13602 13603 13604 13605 13606 13607 13608 13609 13610 13611 13612 13613 13614 13615 13616 13617 13618 13619 13633 13634 13635 13636 13637 13638 13639 13640 13641 13642 13643 13644 13645 13646 13647 13648 13649 13650 13656 13657 13658 13659 13660 13661 13662 13663 13664 13665 13666 13667 13668 13669 13670 13671 13672 13673 13674 13675 13676 13677 13678 13679 13680 13681 13712 13728 13729 13730 13731 13732 13733 13734 13735 13736 13737 13738 13739 13740 13741 13742 13743 13774 13784 13785 13786 13787 13788 13789 13790 13791 13792 13793 13794 13795 13796 13797 13798 13799 13800 13801 13802 13803 13804 13805 13808 13809 13810 13811 13812 13813 13814 13815 13816 13817 13818 13819 13820 13821 13822 13823 13824 13825 13826 13827 13828 13829 13830 13831 13832 13833 13834 13835 13836 13851 13852 13853 13854 13855 13856 13857 13858 13859 13860 13861 13862 13863 13864 13865 13866 13867 13897 13898 13907 13908 13909 13910 13911 13912 13913 13914 13915 13916 13917 13918 13919 13920 13921 13922 13923 13924 13925 13926 13927 13928 13929 13960 13967 13968 13969 13970 13971 13972 13973 13974 13975 13976 13977 13978 13979 13980 13981 13982 13983 13984 13985 13986 13987 13988 13989 13990 13991 14022 14051 14052 14053 14065 14066 14067 14068 14069 14070 14071 14072 14073 14074 14075 14076 14077 14078 14079 14080 14081 14082 14083 14084 14115 14117 14118 14119 14120 14121 14122 14123 14124 14125 14126 14127 14128 14129 14130 14131 14132 14133 14134 14135 14136 14137 14138 14139 14140 14141 14142 14143 14144 14145 14146 14151 14161 14163 14201 14244 14296 14337 14351 14394 14422 14467 14502 14517 14573 14574 14631 14647 14676 14824 14876 14921 14962 15019 15035 15057 15133 15187 15238 15247 15254 15285 15296 15297 15298 15299 15300 15301 15302 15303 15304 15305 15306 15307 15308 15309 15310 15311 15312 15313 15314 15315 15316 15347 15361 15362 15363 15364 15365 15366 15367 15368 15369 15370 15371 15372 15373 15374 15375 15376 15377 15378 15400 15401 15402 15403 15404 15405 15406 15407 15408 15409 15419 15420 15421 15422 15423 15424 15425 15426 15427 15428 15429 15430 15431 15432 15433 15434 15435 15436 15437 15438 15439 15440 15469 15470 15471 15487 15488 15489 15490 15491 15492 15493 15494 15495 15496 15497 15498 15499 15500 15501 15502 15519 15520 15521 15522 15523 15524 15525 15526 15527 15528 15529 15530 15531 15532 15533 15553 15554 15555 15556 15557 15558 15559 15560 15561 15562 15563 15564 15579 15580 15581 15582 15583 15584 15585 15586 15587 15588 15589 15590 15591 15592 15593 15594 15595 15656 15657 15682 15683 15684 15685 15686 15687 15688 15707 15708 15709 15710 15711 15712 15713 15714 15715 15716 15717 15718 15719 15747 15748 15749 15750 15764 15765 15766 15767 15768 15769 15770 15771 15772 15773 15774 15775 15776 15777 15778 15779 15780 15781 15841 15842 15843 15866 15867 15868 15869 15870 15871 15872 15873 15874 15891 15892 15893 15894 15895 15896 15897 15898 15899 15900 15901 15902 15903 15904 15905 15923 15924 15925 15926 15927 15928 15929 15930 15931 15932 15933 15934 15935 15936 15948 15949 15950 15951 15952 15953 15954 15955 15956 15957 15958 15959 15960 15961 15962 15963 15964 15965 15966 15967 15998 16019 16020 16021 16022 16023 16024 16025 16026 16027 16028 16029 16055 16056 16057 16058 16059 16060 16084 16085 16086 16087 16088 16089 16090 16091 16104 16105 16106 16107 16108 16109 16110 16111 16112 16113 16114 16115 16116 16117 16118 16119 16120 16121 16122 16180 16181 16182 16183 16184 16214 16215 16228 16237 16247
c Using COMiniSatPS SAT solver by Chanseok Oh (2016)
[UWrMaxSAT] meta file: p4_A-n32-k5_r47v8k3.meta
[UWrMaxSAT] meta loaded OK.
[UWrMaxSAT] Loaded 3988 assumption literals from p4_A-n32-k5_r46v8k3.wcnf.asm
c Parsing MaxSAT file...
c Start timer (tic-tac ...)
c c Found solution: 2479291
c ============================[  Problem Statistics ]============================
c |  Number of variables:          9186                                         |
c |  Number of clauses:           58445 (incl.         1737 soft in queue)      |
c ===============================================================================
c [UWrMaxSAT] Timeout reached.
c [1mOptimal solution: 2479291[0m
c _______________________________________________________________________________
c 
c restarts               : 13383022
c conflicts              : 156            (3 /sec)
c decisions              : 2345           (0.00 % random) (41 /sec)
c propagations           : 1184606        (20649 /sec)
c conflict literals      : 5              (0.00 % deleted)
c =======================[ UWrMaxSat resources usage ]===========================
c Memory used            : 39.00 MB
c CPU time               : 57.3674 s
c _______________________________________________________________________________
o 2479291
s OPTIMUM FOUND
v 7 148 205 317 353 405 442 458 492 608 635 659 687 830 846 901 944 1014 1131 1172 1229 1266 1341 1352 1429 1466 1482 1511 1590 1659 1696 1711 1840 1870 1925 2020 2050 2052 2054 2056 2070 2071 2072 2073 2074 2075 2076 2077 2078 2079 2080 2081 2082 2083 2084 2085 2086 2088 2089 2090 2091 2092 2093 2094 2095 2096 2097 2098 2099 2100 2101 2102 2103 2104 2105 2106 2107 2108 2109 2110 2111 2112 2113 2114 2115 2116 2117 2119 2120 2121 2122 2123 2124 2125 2126 2127 2128 2129 2130 2131 2132 2133 2134 2135 2136 2137 2138 2139 2140 2141 2142 2143 2144 2145 2146 2147 2148 2150 2151 2152 2153 2154 2155 2156 2157 2158 2159 2160 2161 2162 2163 2164 2165 2166 2167 2168 2169 2170 2171 2172 2173 2174 2175 2176 2177 2178 2179 2186 2187 2188 2189 2190 2191 2192 2193 2194 2195 2196 2197 2198 2199 2200 2201 2202 2203 2204 2205 2206 2207 2208 2209 2210 2213 2214 2215 2216 2217 2218 2219 2220 2221 2222 2223 2224 2225 2226 2227 2228 2229 2230 2231 2232 2233 2234 2235 2236 2237 2238 2239 2240 2241 2265 2266 2267 2268 2269 2270 2271 2272 2274 2275 2276 2277 2278 2279 2280 2281 2282 2283 2284 2285 2286 2287 2288 2289 2290 2291 2292 2293 2294 2295 2296 2297 2298 2299 2300 2301 2302 2303 2306 2307 2308 2309 2310 2311 2312 2313 2314 2315 2316 2317 2318 2319 2320 2321 2322 2323 2324 2325 2326 2327 2328 2329 2330 2331 2332 2333 2334 2339 2340 2341 2342 2343 2344 2345 2346 2347 2348 2349 2350 2351 2352 2353 2354 2355 2356 2357 2358 2359 2360 2361 2362 2363 2364 2365 2367 2368 2369 2370 2371 2372 2373 2374 2375 2376 2377 2378 2379 2380 2381 2382 2383 2384 2385 2386 2387 2388 2389 2390 2391 2392 2393 2394 2395 2396 2410 2411 2412 2413 2414 2415 2416 2417 2418 2419 2420 2421 2422 2423 2424 2425 2426 2427 2452 2453 2454 2455 2456 2457 2458 2468 2469 2470 2471 2472 2473 2474 2475 2476 2477 2478 2479 2480 2481 2482 2483 2484 2485 2486 2487 2488 2489 2493 2494 2495 2496 2497 2498 2499 2500 2501 2502 2503 2504 2505 2506 2507 2508 2509 2510 2511 2512 2513 2514 2515 2516 2517 2518 2519 2520 2533 2534 2535 2536 2537 2538 2539 2540 2541 2542 2543 2544 2545 2546 2547 2548 2549 2550 2551 2554 2555 2556 2557 2558 2559 2560 2561 2562 2563 2564 2565 2566 2567 2568 2569 2570 2571 2572 2573 2574 2575 2576 2577 2578 2579 2580 2581 2582 2585 2586 2587 2588 2589 2590 2591 2592 2593 2594 2595 2596 2597 2598 2599 2600 2601 2602 2603 2604 2605 2606 2607 2608 2609 2610 2611 2612 2613 2640 2641 2642 2643 2644 2652 2653 2654 2655 2656 2657 2658 2659 2660 2661 2662 2663 2664 2665 2666 2667 2668 2669 2670 2671 2672 2673 2674 2675 2701 2702 2703 2704 2705 2706 2709 2710 2711 2712 2713 2714 2715 2716 2717 2718 2719 2720 2721 2722 2723 2724 2725 2726 2727 2728 2729 2730 2731 2732 2733 2734 2735 2736 2737 2739 2740 2741 2742 2743 2744 2745 2746 2747 2748 2749 2750 2751 2752 2753 2754 2755 2756 2757 2758 2759 2760 2761 2762 2763 2764 2765 2766 2767 2768 2795 2796 2797 2798 2799 2816 2817 2818 2819 2820 2821 2822 2823 2824 2825 2826 2827 2828 2829 2830 2841 2842 2843 2844 2845 2846 2847 2848 2849 2850 2851 2852 2853 2854 2855 2856 2857 2858 2859 2860 2861 2870 2871 2872 2873 2874 2875 2876 2877 2878 2879 2880 2881 2882 2883 2884 2885 2886 2887 2888 2889 2890 2891 2892 2894 2895 2896 2897 2898 2899 2900 2901 2902 2903 2904 2905 2906 2907 2908 2909 2910 2911 2912 2913 2914 2915 2916 2917 2918 2919 2920 2921 2922 2923 2929 2930 2931 2932 2933 2934 2935 2936 2937 2938 2939 2940 2941 2942 2943 2944 2945 2946 2947 2948 2949 2950 2951 2952 2953 2954 2966 2967 2968 2969 2970 2971 2972 2973 2974 2975 2976 2977 2978 2979 2980 2981 2982 2983 2984 2985 2987 2988 2989 2990 2991 2992 2993 2994 2995 2996 2997 2998 2999 3000 3001 3002 3003 3004 3005 3006 3007 3008 3009 3010 3011 3012 3013 3014 3015 3016 3031 3032 3033 3034 3035 3036 3037 3038 3039 3040 3041 3042 3043 3044 3045 3046 3047 3050 3051 3052 3053 3054 3055 3056 3057 3058 3059 3060 3061 3062 3063 3064 3065 3066 3067 3068 3069 3070 3071 3072 3073 3074 3075 3076 3077 3078 3080 3081 3082 3083 3084 3085 3086 3087 3088 3089 3090 3091 3092 3093 3094 3095 3096 3097 3098 3099 3100 3101 3102 3103 3104 3105 3106 3107 3108 3109 3111 3112 3113 3114 3115 3116 3117 3118 3119 3120 3121 3122 3123 3124 3125 3126 3127 3128 3129 3130 3131 3132 3133 3134 3135 3136 3137 3138 3139 3140 3156 3157 3158 3159 3160 3161 3162 3163 3164 3165 3166 3167 3168 3169 3170 3171 3173 3174 3175 3176 3177 3178 3179 3180 3181 3182 3183 3184 3185 3186 3187 3188 3189 3190 3191 3192 3193 3194 3195 3196 3197 3198 3199 3200 3201 3202 3232 3233 3237 3238 3239 3240 3241 3242 3243 3244 3245 3246 3247 3248 3249 3250 3251 3252 3253 3254 3255 3256 3257 3258 3259 3260 3261 3262 3263 3264 3295 3309 3310 3311 3312 3313 3314 3315 3316 3317 3318 3319 3320 3321 3322 3323 3324 3325 3326 3329 3330 3331 3332 3333 3334 3335 3336 3337 3338 3339 3340 3341 3342 3343 3344 3345 3346 3347 3348 3349 3350 3351 3352 3353 3354 3355 3356 3357 3373 3374 3375 3376 3377 3378 3379 3380 3381 3382 3383 3384 3385 3386 3387 3388 3419 3446 3447 3448 3449 3450 3463 3464 3465 3466 3467 3468 3469 3470 3471 3472 3473 3474 3475 3476 3477 3478 3479 3480 3481 3510 3511 3512 3517 3518 3519 3520 3521 3522 3523 3524 3525 3526 3527 3528 3529 3530 3531 3532 3533 3534 3535 3536 3537 3538 3539 3540 3541 3542 3543 3554 3555 3556 3557 3558 3559 3560 3561 3562 3563 3564 3565 3566 3567 3568 3569 3570 3571 3572 3573 3574 3578 3579 3580 3581 3582 3583 3584 3585 3586 3587 3588 3589 3590 3591 3592 3593 3594 3595 3596 3597 3598 3599 3600 3601 3602 3603 3604 3605 3622 3623 3624 3625 3626 3627 3628 3629 3630 3631 3632 3633 3634 3635 3636 3679 3680 3681 3682 3683 3684 3685 3686 3687 3688 3689 3690 3691 3692 3693 3694 3695 3696 3697 3698 3700 3701 3702 3703 3704 3705 3706 3707 3708 3709 3710 3711 3712 3713 3714 3715 3716 3717 3718 3719 3720 3721 3722 3723 3724 3725 3726 3727 3728 3729 3760 3791 3819 3820 3821 3822 3848 3849 3850 3851 3852 3853 3856 3857 3858 3859 3860 3861 3862 3863 3864 3865 3866 3867 3868 3869 3870 3871 3872 3873 3874 3875 3876 3877 3878 3879 3880 3881 3882 3883 3884 3899 3900 3901 3902 3903 3904 3905 3906 3907 3908 3909 3910 3911 3912 3913 3914 3915 3946 3948 3949 3950 3951 3952 3953 3954 3955 3956 3957 3958 3959 3960 3961 3962 3963 3964 3965 3966 3967 3968 3969 3970 3971 3972 3973 3974 3975 3976 3977 3979 4008 4116 4145 4185 4227 4266 4295 4316 4383 4435 4462 4502 4535 4544 4585 4605 4645 4673 4728 4770 4806 4844 4879 4946 4973 5003 5022 5023 5024 5035 5036 5037 5038 5039 5040 5041 5042 5043 5044 5045 5046 5047 5048 5049 5050 5051 5052 5053 5054 5055 5056 5057 5060 5061 5062 5063 5064 5065 5066 5067 5068 5069 5070 5071 5072 5073 5074 5075 5076 5077 5078 5079 5080 5081 5082 5083 5084 5085 5086 5087 5088 5091 5092 5093 5094 5095 5096 5097 5098 5099 5100 5101 5102 5103 5104 5105 5106 5107 5108 5109 5110 5111 5112 5113 5114 5115 5116 5117 5118 5119 5148 5149 5150 5166 5167 5168 5169 5170 5171 5172 5173 5174 5175 5176 5177 5178 5179 5180 5181 5183 5184 5185 5186 5187 5188 5189 5190 5191 5192 5193 5194 5195 5196 5197 5198 5199 5200 5201 5202 5203 5204 5205 5206 5207 5208 5209 5210 5211 5212 5220 5221 5222 5223 5224 5225 5226 5227 5228 5229 5230 5231 5232 5233 5234 5235 5236 5237 5238 5239 5240 5241 5242 5243 5270 5271 5272 5273 5274 5299 5300 5301 5302 5303 5304 5305 5327 5328 5329 5330 5331 5332 5333 5334 5335 5336 5364 5365 5366 5367 5398 5405 5406 5407 5408 5409 5410 5411 5412 5413 5414 5415 5416 5417 5418 5419 5420 5421 5422 5423 5424 5425 5426 5427 5428 5429 5442 5443 5444 5445 5446 5447 5448 5449 5450 5451 5452 5453 5454 5455 5456 5457 5458 5459 5460 5483 5484 5485 5486 5487 5488 5489 5490 5491 5501 5502 5503 5504 5505 5506 5507 5508 5509 5510 5511 5512 5513 5514 5515 5516 5517 5518 5519 5520 5521 5522 5526 5527 5528 5529 5530 5531 5532 5533 5534 5535 5536 5537 5538 5539 5540 5541 5542 5543 5544 5545 5546 5547 5548 5549 5550 5551 5552 5553 5579 5580 5581 5582 5583 5584 5587 5588 5589 5590 5591 5592 5593 5594 5595 5596 5597 5598 5599 5600 5601 5602 5603 5604 5605 5606 5607 5608 5609 5610 5611 5612 5613 5614 5615 5630 5631 5632 5633 5634 5635 5636 5637 5638 5639 5640 5641 5642 5643 5644 5645 5646 5652 5653 5654 5655 5656 5657 5658 5659 5660 5661 5662 5663 5664 5665 5666 5667 5668 5669 5670 5671 5672 5673 5674 5675 5676 5677 5701 5702 5703 5704 5705 5706 5707 5708 5739 5770 5791 5792 5793 5794 5795 5796 5797 5798 5799 5800 5801 5813 5814 5815 5816 5817 5818 5819 5820 5821 5822 5823 5824 5825 5826 5827 5828 5829 5830 5831 5832 5846 5847 5848 5849 5850 5851 5852 5853 5854 5855 5856 5857 5858 5859 5860 5861 5862 5863 5893 5894 5925 5936 5937 5938 5939 5940 5941 5942 5943 5944 5945 5946 5947 5948 5949 5950 5951 5952 5953 5954 5955 5956 5961 5962 5963 5964 5965 5966 5967 5968 5969 5970 5971 5972 5973 5974 5975 5976 5977 5978 5979 5980 5981 5982 5983 5984 5985 5986 5987 5991 5999 6001 6006 6016 6116 6157 6214 6251 6287 6326 6337 6362 6414 6451 6467 6501 6540 6562 6617 6644 6680 6696 6741 6839 6855 6877 6910 6953 6986 7024 7042 7043 7044 7047 7051 7076 7077 7078 7079 7080 7081 7083 7084 7085 7086 7087 7088 7089 7090 7091 7092 7093 7094 7095 7096 7097 7098 7099 7100 7101 7102 7103 7104 7105 7106 7107 7108 7109 7110 7111 7112 7115 7116 7117 7118 7119 7120 7121 7122 7123 7124 7125 7126 7127 7128 7129 7130 7131 7132 7133 7134 7135 7136 7137 7138 7139 7140 7141 7142 7143 7152 7153 7154 7155 7156 7157 7158 7159 7160 7161 7162 7163 7164 7165 7166 7167 7168 7169 7170 7171 7172 7173 7174 7192 7193 7194 7195 7196 7197 7198 7199 7200 7201 7202 7203 7204 7205 7207 7208 7209 7210 7211 7212 7213 7214 7215 7216 7217 7218 7219 7220 7221 7222 7223 7224 7225 7226 7227 7228 7229 7230 7231 7232 7233 7234 7235 7236 7263 7264 7265 7266 7267 7278 7279 7280 7281 7282 7283 7284 7285 7286 7287 7288 7289 7290 7291 7292 7293 7294 7295 7296 7297 7298 7311 7312 7313 7314 7315 7316 7317 7318 7319 7320 7321 7322 7323 7324 7325 7326 7327 7328 7329 7345 7346 7347 7348 7349 7350 7351 7352 7353 7354 7355 7356 7357 7358 7359 7360 7370 7371 7372 7373 7374 7375 7376 7377 7378 7379 7380 7381 7382 7383 7384 7385 7386 7387 7388 7389 7390 7391 7416 7417 7418 7419 7420 7421 7422 7450 7451 7452 7453 7474 7475 7476 7477 7478 7479 7480 7481 7482 7483 7484 7499 7500 7501 7502 7503 7504 7505 7506 7507 7508 7509 7510 7511 7512 7513 7514 7515 7539 7540 7541 7542 7543 7544 7545 7546 7577 7589 7590 7591 7592 7593 7594 7595 7596 7597 7598 7599 7600 7601 7602 7603 7604 7605 7606 7607 7608 7658 7659 7660 7661 7662 7663 7664 7665 7666 7667 7668 7669 7670 7699 7700 7701 7715 7716 7717 7718 7719 7720 7721 7722 7723 7724 7725 7726 7727 7728 7729 7730 7731 7732 7739 7740 7741 7742 7743 7744 7745 7746 7747 7748 7749 7750 7751 7752 7753 7754 7755 7756 7757 7758 7759 7760 7761 7762 7763 7794 7825 7847 7848 7849 7850 7851 7852 7853 7854 7855 7856 7876 7877 7878 7879 7880 7881 7882 7883 7884 7885 7886 7887 7895 7896 7897 7898 7899 7900 7901 7902 7903 7904 7905 7906 7907 7908 7909 7910 7911 7912 7913 7914 7915 7916 7917 7918 7935 7936 7937 7938 7939 7940 7941 7942 7943 7944 7945 7946 7947 7948 7949 7972 7973 7974 7975 7976 7977 7978 7979 7980 8010 8011 8016 8074 8160 8193 8228 8244 8271 8310 8360 8427 8479 8506 8542 8579 8588 8629 8649 8689 8717 8742 8850 8888 8923 8947 9017 9047 9073 9081 9083 9084 9100 9101 9102 9103 9104 9105 9106 9107 9108 9109 9110 9111 9112 9113 9114 9138 9139 9140 9141 9142 9143 9144 9145 9176 9197 9198 9199 9200 9201 9202 9203 9204 9205 9206 9207 9220 9221 9222 9223 9224 9225 9226 9227 9228 9229 9230 9231 9232 9233 9234 9235 9236 9237 9238 9269 9276 9277 9278 9279 9280 9281 9282 9283 9284 9285 9286 9287 9288 9289 9290 9291 9292 9293 9294 9295 9296 9297 9298 9299 9300 9319 9320 9321 9322 9323 9324 9325 9326 9327 9328 9329 9330 9331 9348 9349 9350 9351 9352 9353 9354 9355 9356 9357 9358 9359 9360 9361 9362 9375 9376 9377 9378 9379 9380 9381 9382 9383 9384 9385 9386 9387 9388 9389 9390 9391 9392 9393 9413 9414 9415 9416 9417 9418 9419 9420 9421 9422 9423 9424 9440 9441 9442 9443 9444 9445 9446 9447 9448 9449 9450 9451 9452 9453 9454 9455 9461 9462 9463 9464 9465 9466 9467 9468 9469 9470 9471 9472 9473 9474 9475 9476 9477 9478 9479 9480 9481 9482 9483 9484 9485 9486 9496 9497 9498 9499 9500 9501 9502 9503 9504 9505 9506 9507 9508 9509 9510 9511 9512 9513 9514 9515 9516 9517 9532 9533 9534 9535 9536 9537 9538 9539 9540 9541 9542 9543 9544 9545 9546 9547 9548 9556 9557 9558 9559 9560 9561 9562 9563 9564 9565 9566 9567 9568 9569 9570 9571 9572 9573 9574 9575 9576 9577 9578 9579 9582 9583 9584 9585 9586 9587 9588 9589 9590 9591 9592 9593 9594 9595 9596 9597 9598 9599 9600 9601 9602 9603 9604 9605 9606 9607 9608 9609 9610 9628 9629 9630 9631 9632 9633 9634 9635 9636 9637 9638 9639 9640 9641 9643 9644 9645 9646 9647 9648 9649 9650 9651 9652 9653 9654 9655 9656 9657 9658 9659 9660 9661 9662 9663 9664 9665 9666 9667 9668 9669 9670 9671 9672 9684 9685 9686 9687 9688 9689 9690 9691 9692 9693 9694 9695 9696 9697 9698 9699 9700 9701 9702 9703 9708 9709 9710 9711 9712 9713 9714 9715 9716 9717 9718 9719 9720 9721 9722 9723 9724 9725 9726 9727 9728 9729 9730 9731 9732 9733 9734 9750 9751 9752 9753 9754 9755 9756 9757 9758 9759 9760 9761 9762 9763 9764 9765 9788 9789 9790 9791 9792 9793 9794 9795 9796 9827 9839 9840 9841 9842 9843 9844 9845 9846 9847 9848 9849 9850 9851 9852 9853 9854 9855 9856 9857 9858 9867 9868 9869 9870 9871 9872 9873 9874 9875 9876 9877 9878 9879 9880 9881 9882 9883 9884 9885 9886 9887 9888 9889 9900 9901 9902 9903 9904 9905 9906 9907 9908 9909 9910 9911 9912 9913 9914 9915 9916 9917 9918 9919 9920 9942 9943 9944 9945 9946 9947 9948 9949 9950 9951 9965 9966 9967 9968 9969 9970 9971 9972 9973 9974 9975 9976 9977 9978 9979 9980 9981 9982 10013 10017 10018 10019 10020 10021 10022 10023 10024 10025 10026 10027 10028 10029 10030 10031 10032 10033 10034 10035 10036 10037 10038 10039 10040 10041 10042 10043 10044 10066 10088 10113 10162 10223 10238 10299 10428 10466 10517 10552 10567 10641 10707 10762 10807 10838 10848 10891 10921 10957 10996 11069 11119 11121 11125 11127 11129 11158 11159 11164 11165 11166 11167 11168 11169 11170 11171 11172 11173 11174 11175 11176 11177 11178 11179 11180 11181 11182 11183 11184 11185 11186 11187 11188 11189 11190 11203 11204 11205 11206 11207 11208 11209 11210 11211 11212 11213 11214 11215 11216 11217 11218 11219 11220 11221 11223 11224 11225 11226 11227 11228 11229 11230 11231 11232 11233 11234 11235 11236 11237 11238 11239 11240 11241 11242 11243 11244 11245 11246 11247 11248 11249 11250 11251 11252 11274 11275 11276 11277 11278 11279 11280 11281 11282 11283 11295 11296 11297 11298 11299 11300 11301 11302 11303 11304 11305 11306 11307 11308 11309 11310 11311 11312 11313 11314 11347 11348 11349 11350 11351 11352 11353 11354 11355 11356 11357 11358 11359 11360 11361 11362 11363 11364 11365 11366 11367 11368 11369 11370 11371 11372 11373 11374 11375 11376 11379 11380 11381 11382 11383 11384 11385 11386 11387 11388 11389 11390 11391 11392 11393 11394 11395 11396 11397 11398 11399 11400 11401 11402 11403 11404 11405 11406 11407 11438 11441 11442 11443 11444 11445 11446 11447 11448 11449 11450 11451 11452 11453 11454 11455 11456 11457 11458 11459 11460 11461 11462 11463 11464 11465 11466 11467 11468 11469 11498 11499 11500 11531 11557 11558 11559 11560 11561 11562 11580 11581 11582 11583 11584 11585 11586 11587 11588 11589 11590 11591 11592 11593 11621 11622 11623 11624 11626 11627 11628 11629 11630 11631 11632 11633 11634 11635 11636 11637 11638 11639 11640 11641 11642 11643 11644 11645 11646 11647 11648 11649 11650 11651 11652 11653 11654 11655 11671 11672 11673 11674 11675 11676 11677 11678 11679 11680 11681 11682 11683 11684 11685 11686 11688 11689 11690 11691 11692 11693 11694 11695 11696 11697 11698 11699 11700 11701 11702 11703 11704 11705 11706 11707 11708 11709 11710 11711 11712 11713 11714 11715 11716 11717 11740 11741 11742 11743 11744 11745 11746 11747 11748 11751 11752 11753 11754 11755 11756 11757 11758 11759 11760 11761 11762 11763 11764 11765 11766 11767 11768 11769 11770 11771 11772 11773 11774 11775 11776 11777 11778 11779 11796 11797 11798 11799 11800 11801 11802 11803 11804 11805 11806 11807 11808 11809 11810 11824 11825 11826 11827 11828 11829 11830 11831 11832 11833 11834 11835 11836 11837 11838 11839 11840 11841 11865 11866 11867 11868 11869 11870 11871 11872 11893 11894 11895 11896 11897 11898 11899 11900 11901 11902 11903 11930 11931 11932 11933 11934 11959 11960 11961 11962 11963 11964 11965 11980 11981 11982 11983 11984 11985 11986 11987 11988 11989 11990 11991 11992 11993 11994 11995 11996 12016 12017 12018 12019 12020 12021 12022 12023 12024 12025 12026 12027 12058 12060 12061 12062 12063 12064 12065 12066 12067 12068 12069 12070 12071 12072 12073 12074 12075 12076 12077 12078 12079 12080 12081 12082 12083 12084 12085 12086 12087 12088 12089 12091 12119 12125 12142 12190 12192 12250 12283 12354 12390 12429 12511 12566 12596 12632 12679 12739 12779 12816 12833 12882 12940 13013 13032 13107 13149 13177 13182 13183 13190 13191 13192 13193 13194 13195 13196 13197 13198 13199 13200 13201 13202 13203 13204 13205 13206 13207 13208 13209 13210 13211 13212 13213 13214 13215 13216 13278 13297 13298 13299 13300 13301 13302 13303 13304 13305 13306 13307 13308 13309 13320 13321 13322 13323 13324 13325 13326 13327 13328 13329 13330 13331 13332 13333 13334 13335 13336 13337 13338 13339 13340 13371 13402 13420 13421 13422 13423 13424 13425 13426 13427 13428 13429 13430 13431 13432 13433 13450 13451 13452 13453 13454 13455 13456 13457 13458 13459 13460 13461 13462 13463 13464 13477 13478 13479 13480 13481 13482 13483 13484 13485 13486 13487 13488 13489 13490 13491 13492 13493 13494 13495 13526 13557 13561 13562 13563 13564 13565 13566 13567 13568 13569 13570 13571 13572 13573 13574 13575 13576 13577 13578 13579 13580 13581 13582 13583 13584 13585 13586 13587 13588 13596 13597 13598 13599 13600 13601 13602 13603 13604 13605 13606 13607 13608 13609 13610 13611 13612 13613 13614 13615 13616 13617 13618 13619 13633 13634 13635 13636 13637 13638 13639 13640 13641 13642 13643 13644 13645 13646 13647 13648 13649 13650 13656 13657 13658 13659 13660 13661 13662 13663 13664 13665 13666 13667 13668 13669 13670 13671 13672 13673 13674 13675 13676 13677 13678 13679 13680 13681 13712 13728 13729 13730 13731 13732 13733 13734 13735 13736 13737 13738 13739 13740 13741 13742 13743 13774 13784 13785 13786 13787 13788 13789 13790 13791 13792 13793 13794 13795 13796 13797 13798 13799 13800 13801 13802 13803 13804 13805 13808 13809 13810 13811 13812 13813 13814 13815 13816 13817 13818 13819 13820 13821 13822 13823 13824 13825 13826 13827 13828 13829 13830 13831 13832 13833 13834 13835 13836 13851 13852 13853 13854 13855 13856 13857 13858 13859 13860 13861 13862 13863 13864 13865 13866 13867 13897 13898 13907 13908 13909 13910 13911 13912 13913 13914 13915 13916 13917 13918 13919 13920 13921 13922 13923 13924 13925 13926 13927 13928 13929 13960 13967 13968 13969 13970 13971 13972 13973 13974 13975 13976 13977 13978 13979 13980 13981 13982 13983 13984 13985 13986 13987 13988 13989 13990 13991 14022 14051 14052 14053 14065 14066 14067 14068 14069 14070 14071 14072 14073 14074 14075 14076 14077 14078 14079 14080 14081 14082 14083 14084 14115 14117 14118 14119 14120 14121 14122 14123 14124 14125 14126 14127 14128 14129 14130 14131 14132 14133 14134 14135 14136 14137 14138 14139 14140 14141 14142 14143 14144 14145 14146 14151 14161 14163 14201 14244 14296 14337 14351 14394 14422 14467 14502 14517 14573 14574 14631 14647 14676 14824 14876 14921 14962 15019 15035 15057 15133 15187 15238 15247 15254 15285 15296 15297 15298 15299 15300 15301 15302 15303 15304 15305 15306 15307 15308 15309 15310 15311 15312 15313 15314 15315 15316 15347 15361 15362 15363 15364 15365 15366 15367 15368 15369 15370 15371 15372 15373 15374 15375 15376 15377 15378 15400 15401 15402 15403 15404 15405 15406 15407 15408 15409 15419 15420 15421 15422 15423 15424 15425 15426 15427 15428 15429 15430 15431 15432 15433 15434 15435 15436 15437 15438 15439 15440 15469 15470 15471 15487 15488 15489 15490 15491 15492 15493 15494 15495 15496 15497 15498 15499 15500 15501 15502 15519 15520 15521 15522 15523 15524 15525 15526 15527 15528 15529 15530 15531 15532 15533 15553 15554 15555 15556 15557 15558 15559 15560 15561 15562 15563 15564 15579 15580 15581 15582 15583 15584 15585 15586 15587 15588 15589 15590 15591 15592 15593 15594 15595 15656 15657 15682 15683 15684 15685 15686 15687 15688 15707 15708 15709 15710 15711 15712 15713 15714 15715 15716 15717 15718 15719 15747 15748 15749 15750 15764 15765 15766 15767 15768 15769 15770 15771 15772 15773 15774 15775 15776 15777 15778 15779 15780 15781 15841 15842 15843 15866 15867 15868 15869 15870 15871 15872 15873 15874 15891 15892 15893 15894 15895 15896 15897 15898 15899 15900 15901 15902 15903 15904 15905 15923 15924 15925 15926 15927 15928 15929 15930 15931 15932 15933 15934 15935 15936 15948 15949 15950 15951 15952 15953 15954 15955 15956 15957 15958 15959 15960 15961 15962 15963 15964 15965 15966 15967 15998 16019 16020 16021 16022 16023 16024 16025 16026 16027 16028 16029 16055 16056 16057 16058 16059 16060 16084 16085 16086 16087 16088 16089 16090 16091 16104 16105 16106 16107 16108 16109 16110 16111 16112 16113 16114 16115 16116 16117 16118 16119 16120 16121 16122 16180 16181 16182 16183 16184 16214 16215 16228 16237 16247
c Using COMiniSatPS SAT solver by Chanseok Oh (2016)
[UWrMaxSAT] meta file: p4_A-n32-k5_r48v8k3.meta
[UWrMaxSAT] meta loaded OK.
[UWrMaxSAT] Loaded 3988 assumption literals from p4_A-n32-k5_r47v8k3.wcnf.asm
c Parsing MaxSAT file...
c Start timer (tic-tac ...)
c c Found solution: 2573883
c ============================[  Problem Statistics ]============================
c |  Number of variables:          9195                                         |
c |  Number of clauses:           58743 (incl.         1737 soft in queue)      |
c ===============================================================================
c [UWrMaxSAT] Timeout reached inside slice loop. Stopping.
c *** Interrupted ***
c [1mSATISFIABLE: Best solution found: 2573883[0m
v 7 148 205 317 353 405 442 458 492 608 635 659 687 830 846 901 944 1014 1131 1172 1229 1266 1341 1352 1429 1466 1482 1511 1590 1659 1696 1711 1840 1870 1925 2020 2050 2052 2054 2056 2070 2071 2072 2073 2074 2075 2076 2077 2078 2079 2080 2081 2082 2083 2084 2085 2086 2088 2089 2090 2091 2092 2093 2094 2095 2096 2097 2098 2099 2100 2101 2102 2103 2104 2105 2106 2107 2108 2109 2110 2111 2112 2113 2114 2115 2116 2117 2119 2120 2121 2122 2123 2124 2125 2126 2127 2128 2129 2130 2131 2132 2133 2134 2135 2136 2137 2138 2139 2140 2141 2142 2143 2144 2145 2146 2147 2148 2150 2151 2152 2153 2154 2155 2156 2157 2158 2159 2160 2161 2162 2163 2164 2165 2166 2167 2168 2169 2170 2171 2172 2173 2174 2175 2176 2177 2178 2179 2186 2187 2188 2189 2190 2191 2192 2193 2194 2195 2196 2197 2198 2199 2200 2201 2202 2203 2204 2205 2206 2207 2208 2209 2210 2213 2214 2215 2216 2217 2218 2219 2220 2221 2222 2223 2224 2225 2226 2227 2228 2229 2230 2231 2232 2233 2234 2235 2236 2237 2238 2239 2240 2241 2265 2266 2267 2268 2269 2270 2271 2272 2274 2275 2276 2277 2278 2279 2280 2281 2282 2283 2284 2285 2286 2287 2288 2289 2290 2291 2292 2293 2294 2295 2296 2297 2298 2299 2300 2301 2302 2303 2306 2307 2308 2309 2310 2311 2312 2313 2314 2315 2316 2317 2318 2319 2320 2321 2322 2323 2324 2325 2326 2327 2328 2329 2330 2331 2332 2333 2334 2339 2340 2341 2342 2343 2344 2345 2346 2347 2348 2349 2350 2351 2352 2353 2354 2355 2356 2357 2358 2359 2360 2361 2362 2363 2364 2365 2367 2368 2369 2370 2371 2372 2373 2374 2375 2376 2377 2378 2379 2380 2381 2382 2383 2384 2385 2386 2387 2388 2389 2390 2391 2392 2393 2394 2395 2396 2410 2411 2412 2413 2414 2415 2416 2417 2418 2419 2420 2421 2422 2423 2424 2425 2426 2427 2452 2453 2454 2455 2456 2457 2458 2468 2469 2470 2471 2472 2473 2474 2475 2476 2477 2478 2479 2480 2481 2482 2483 2484 2485 2486 2487 2488 2489 2493 2494 2495 2496 2497 2498 2499 2500 2501 2502 2503 2504 2505 2506 2507 2508 2509 2510 2511 2512 2513 2514 2515 2516 2517 2518 2519 2520 2533 2534 2535 2536 2537 2538 2539 2540 2541 2542 2543 2544 2545 2546 2547 2548 2549 2550 2551 2554 2555 2556 2557 2558 2559 2560 2561 2562 2563 2564 2565 2566 2567 2568 2569 2570 2571 2572 2573 2574 2575 2576 2577 2578 2579 2580 2581 2582 2585 2586 2587 2588 2589 2590 2591 2592 2593 2594 2595 2596 2597 2598 2599 2600 2601 2602 2603 2604 2605 2606 2607 2608 2609 2610 2611 2612 2613 2640 2641 2642 2643 2644 2652 2653 2654 2655 2656 2657 2658 2659 2660 2661 2662 2663 2664 2665 2666 2667 2668 2669 2670 2671 2672 2673 2674 2675 2701 2702 2703 2704 2705 2706 2709 2710 2711 2712 2713 2714 2715 2716 2717 2718 2719 2720 2721 2722 2723 2724 2725 2726 2727 2728 2729 2730 2731 2732 2733 2734 2735 2736 2737 2739 2740 2741 2742 2743 2744 2745 2746 2747 2748 2749 2750 2751 2752 2753 2754 2755 2756 2757 2758 2759 2760 2761 2762 2763 2764 2765 2766 2767 2768 2795 2796 2797 2798 2799 2816 2817 2818 2819 2820 2821 2822 2823 2824 2825 2826 2827 2828 2829 2830 2841 2842 2843 2844 2845 2846 2847 2848 2849 2850 2851 2852 2853 2854 2855 2856 2857 2858 2859 2860 2861 2870 2871 2872 2873 2874 2875 2876 2877 2878 2879 2880 2881 2882 2883 2884 2885 2886 2887 2888 2889 2890 2891 2892 2894 2895 2896 2897 2898 2899 2900 2901 2902 2903 2904 2905 2906 2907 2908 2909 2910 2911 2912 2913 2914 2915 2916 2917 2918 2919 2920 2921 2922 2923 2929 2930 2931 2932 2933 2934 2935 2936 2937 2938 2939 2940 2941 2942 2943 2944 2945 2946 2947 2948 2949 2950 2951 2952 2953 2954 2966 2967 2968 2969 2970 2971 2972 2973 2974 2975 2976 2977 2978 2979 2980 2981 2982 2983 2984 2985 2987 2988 2989 2990 2991 2992 2993 2994 2995 2996 2997 2998 2999 3000 3001 3002 3003 3004 3005 3006 3007 3008 3009 3010 3011 3012 3013 3014 3015 3016 3031 3032 3033 3034 3035 3036 3037 3038 3039 3040 3041 3042 3043 3044 3045 3046 3047 3050 3051 3052 3053 3054 3055 3056 3057 3058 3059 3060 3061 3062 3063 3064 3065 3066 3067 3068 3069 3070 3071 3072 3073 3074 3075 3076 3077 3078 3080 3081 3082 3083 3084 3085 3086 3087 3088 3089 3090 3091 3092 3093 3094 3095 3096 3097 3098 3099 3100 3101 3102 3103 3104 3105 3106 3107 3108 3109 3111 3112 3113 3114 3115 3116 3117 3118 3119 3120 3121 3122 3123 3124 3125 3126 3127 3128 3129 3130 3131 3132 3133 3134 3135 3136 3137 3138 3139 3140 3156 3157 3158 3159 3160 3161 3162 3163 3164 3165 3166 3167 3168 3169 3170 3171 3173 3174 3175 3176 3177 3178 3179 3180 3181 3182 3183 3184 3185 3186 3187 3188 3189 3190 3191 3192 3193 3194 3195 3196 3197 3198 3199 3200 3201 3202 3232 3233 3237 3238 3239 3240 3241 3242 3243 3244 3245 3246 3247 3248 3249 3250 3251 3252 3253 3254 3255 3256 3257 3258 3259 3260 3261 3262 3263 3264 3295 3309 3310 3311 3312 3313 3314 3315 3316 3317 3318 3319 3320 3321 3322 3323 3324 3325 3326 3329 3330 3331 3332 3333 3334 3335 3336 3337 3338 3339 3340 3341 3342 3343 3344 3345 3346 3347 3348 3349 3350 3351 3352 3353 3354 3355 3356 3357 3373 3374 3375 3376 3377 3378 3379 3380 3381 3382 3383 3384 3385 3386 3387 3388 3419 3446 3447 3448 3449 3450 3463 3464 3465 3466 3467 3468 3469 3470 3471 3472 3473 3474 3475 3476 3477 3478 3479 3480 3481 3510 3511 3512 3517 3518 3519 3520 3521 3522 3523 3524 3525 3526 3527 3528 3529 3530 3531 3532 3533 3534 3535 3536 3537 3538 3539 3540 3541 3542 3543 3554 3555 3556 3557 3558 3559 3560 3561 3562 3563 3564 3565 3566 3567 3568 3569 3570 3571 3572 3573 3574 3578 3579 3580 3581 3582 3583 3584 3585 3586 3587 3588 3589 3590 3591 3592 3593 3594 3595 3596 3597 3598 3599 3600 3601 3602 3603 3604 3605 3622 3623 3624 3625 3626 3627 3628 3629 3630 3631 3632 3633 3634 3635 3636 3679 3680 3681 3682 3683 3684 3685 3686 3687 3688 3689 3690 3691 3692 3693 3694 3695 3696 3697 3698 3700 3701 3702 3703 3704 3705 3706 3707 3708 3709 3710 3711 3712 3713 3714 3715 3716 3717 3718 3719 3720 3721 3722 3723 3724 3725 3726 3727 3728 3729 3760 3791 3819 3820 3821 3822 3848 3849 3850 3851 3852 3853 3856 3857 3858 3859 3860 3861 3862 3863 3864 3865 3866 3867 3868 3869 3870 3871 3872 3873 3874 3875 3876 3877 3878 3879 3880 3881 3882 3883 3884 3899 3900 3901 3902 3903 3904 3905 3906 3907 3908 3909 3910 3911 3912 3913 3914 3915 3946 3948 3949 3950 3951 3952 3953 3954 3955 3956 3957 3958 3959 3960 3961 3962 3963 3964 3965 3966 3967 3968 3969 3970 3971 3972 3973 3974 3975 3976 3977 3979 4008 4116 4145 4185 4227 4266 4295 4316 4383 4435 4462 4502 4535 4544 4585 4605 4645 4673 4728 4770 4806 4844 4879 4946 4973 5003 5022 5023 5024 5035 5036 5037 5038 5039 5040 5041 5042 5043 5044 5045 5046 5047 5048 5049 5050 5051 5052 5053 5054 5055 5056 5057 5060 5061 5062 5063 5064 5065 5066 5067 5068 5069 5070 5071 5072 5073 5074 5075 5076 5077 5078 5079 5080 5081 5082 5083 5084 5085 5086 5087 5088 5091 5092 5093 5094 5095 5096 5097 5098 5099 5100 5101 5102 5103 5104 5105 5106 5107 5108 5109 5110 5111 5112 5113 5114 5115 5116 5117 5118 5119 5148 5149 5150 5166 5167 5168 5169 5170 5171 5172 5173 5174 5175 5176 5177 5178 5179 5180 5181 5183 5184 5185 5186 5187 5188 5189 5190 5191 5192 5193 5194 5195 5196 5197 5198 5199 5200 5201 5202 5203 5204 5205 5206 5207 5208 5209 5210 5211 5212 5220 5221 5222 5223 5224 5225 5226 5227 5228 5229 5230 5231 5232 5233 5234 5235 5236 5237 5238 5239 5240 5241 5242 5243 5270 5271 5272 5273 5274 5299 5300 5301 5302 5303 5304 5305 5327 5328 5329 5330 5331 5332 5333 5334 5335 5336 5364 5365 5366 5367 5398 5405 5406 5407 5408 5409 5410 5411 5412 5413 5414 5415 5416 5417 5418 5419 5420 5421 5422 5423 5424 5425 5426 5427 5428 5429 5442 5443 5444 5445 5446 5447 5448 5449 5450 5451 5452 5453 5454 5455 5456 5457 5458 5459 5460 5483 5484 5485 5486 5487 5488 5489 5490 5491 5501 5502 5503 5504 5505 5506 5507 5508 5509 5510 5511 5512 5513 5514 5515 5516 5517 5518 5519 5520 5521 5522 5526 5527 5528 5529 5530 5531 5532 5533 5534 5535 5536 5537 5538 5539 5540 5541 5542 5543 5544 5545 5546 5547 5548 5549 5550 5551 5552 5553 5579 5580 5581 5582 5583 5584 5587 5588 5589 5590 5591 5592 5593 5594 5595 5596 5597 5598 5599 5600 5601 5602 5603 5604 5605 5606 5607 5608 5609 5610 5611 5612 5613 5614 5615 5630 5631 5632 5633 5634 5635 5636 5637 5638 5639 5640 5641 5642 5643 5644 5645 5646 5652 5653 5654 5655 5656 5657 5658 5659 5660 5661 5662 5663 5664 5665 5666 5667 5668 5669 5670 5671 5672 5673 5674 5675 5676 5677 5701 5702 5703 5704 5705 5706 5707 5708 5739 5770 5791 5792 5793 5794 5795 5796 5797 5798 5799 5800 5801 5813 5814 5815 5816 5817 5818 5819 5820 5821 5822 5823 5824 5825 5826 5827 5828 5829 5830 5831 5832 5846 5847 5848 5849 5850 5851 5852 5853 5854 5855 5856 5857 5858 5859 5860 5861 5862 5863 5893 5894 5925 5936 5937 5938 5939 5940 5941 5942 5943 5944 5945 5946 5947 5948 5949 5950 5951 5952 5953 5954 5955 5956 5961 5962 5963 5964 5965 5966 5967 5968 5969 5970 5971 5972 5973 5974 5975 5976 5977 5978 5979 5980 5981 5982 5983 5984 5985 5986 5987 5991 5999 6001 6006 6016 6116 6157 6214 6251 6287 6326 6337 6362 6414 6451 6467 6501 6540 6562 6617 6644 6680 6696 6741 6839 6855 6877 6910 6953 6986 7024 7042 7043 7044 7047 7051 7076 7077 7078 7079 7080 7081 7083 7084 7085 7086 7087 7088 7089 7090 7091 7092 7093 7094 7095 7096 7097 7098 7099 7100 7101 7102 7103 7104 7105 7106 7107 7108 7109 7110 7111 7112 7115 7116 7117 7118 7119 7120 7121 7122 7123 7124 7125 7126 7127 7128 7129 7130 7131 7132 7133 7134 7135 7136 7137 7138 7139 7140 7141 7142 7143 7152 7153 7154 7155 7156 7157 7158 7159 7160 7161 7162 7163 7164 7165 7166 7167 7168 7169 7170 7171 7172 7173 7174 7192 7193 7194 7195 7196 7197 7198 7199 7200 7201 7202 7203 7204 7205 7207 7208 7209 7210 7211 7212 7213 7214 7215 7216 7217 7218 7219 7220 7221 7222 7223 7224 7225 7226 7227 7228 7229 7230 7231 7232 7233 7234 7235 7236 7263 7264 7265 7266 7267 7278 7279 7280 7281 7282 7283 7284 7285 7286 7287 7288 7289 7290 7291 7292 7293 7294 7295 7296 7297 7298 7311 7312 7313 7314 7315 7316 7317 7318 7319 7320 7321 7322 7323 7324 7325 7326 7327 7328 7329 7345 7346 7347 7348 7349 7350 7351 7352 7353 7354 7355 7356 7357 7358 7359 7360 7370 7371 7372 7373 7374 7375 7376 7377 7378 7379 7380 7381 7382 7383 7384 7385 7386 7387 7388 7389 7390 7391 7416 7417 7418 7419 7420 7421 7422 7450 7451 7452 7453 7474 7475 7476 7477 7478 7479 7480 7481 7482 7483 7484 7499 7500 7501 7502 7503 7504 7505 7506 7507 7508 7509 7510 7511 7512 7513 7514 7515 7539 7540 7541 7542 7543 7544 7545 7546 7577 7589 7590 7591 7592 7593 7594 7595 7596 7597 7598 7599 7600 7601 7602 7603 7604 7605 7606 7607 7608 7658 7659 7660 7661 7662 7663 7664 7665 7666 7667 7668 7669 7670 7699 7700 7701 7715 7716 7717 7718 7719 7720 7721 7722 7723 7724 7725 7726 7727 7728 7729 7730 7731 7732 7739 7740 7741 7742 7743 7744 7745 7746 7747 7748 7749 7750 7751 7752 7753 7754 7755 7756 7757 7758 7759 7760 7761 7762 7763 7794 7825 7847 7848 7849 7850 7851 7852 7853 7854 7855 7856 7876 7877 7878 7879 7880 7881 7882 7883 7884 7885 7886 7887 7895 7896 7897 7898 7899 7900 7901 7902 7903 7904 7905 7906 7907 7908 7909 7910 7911 7912 7913 7914 7915 7916 7917 7918 7935 7936 7937 7938 7939 7940 7941 7942 7943 7944 7945 7946 7947 7948 7949 7972 7973 7974 7975 7976 7977 7978 7979 7980 8010 8011 8016 8074 8160 8193 8228 8244 8271 8310 8360 8427 8479 8506 8542 8579 8588 8629 8649 8689 8717 8742 8850 8888 8923 8947 9017 9047 9073 9081 9083 9084 9100 9101 9102 9103 9104 9105 9106 9107 9108 9109 9110 9111 9112 9113 9114 9138 9139 9140 9141 9142 9143 9144 9145 9176 9197 9198 9199 9200 9201 9202 9203 9204 9205 9206 9207 9220 9221 9222 9223 9224 9225 9226 9227 9228 9229 9230 9231 9232 9233 9234 9235 9236 9237 9238 9269 9276 9277 9278 9279 9280 9281 9282 9283 9284 9285 9286 9287 9288 9289 9290 9291 9292 9293 9294 9295 9296 9297 9298 9299 9300 9319 9320 9321 9322 9323 9324 9325 9326 9327 9328 9329 9330 9331 9348 9349 9350 9351 9352 9353 9354 9355 9356 9357 9358 9359 9360 9361 9362 9375 9376 9377 9378 9379 9380 9381 9382 9383 9384 9385 9386 9387 9388 9389 9390 9391 9392 9393 9413 9414 9415 9416 9417 9418 9419 9420 9421 9422 9423 9424 9440 9441 9442 9443 9444 9445 9446 9447 9448 9449 9450 9451 9452 9453 9454 9455 9461 9462 9463 9464 9465 9466 9467 9468 9469 9470 9471 9472 9473 9474 9475 9476 9477 9478 9479 9480 9481 9482 9483 9484 9485 9486 9496 9497 9498 9499 9500 9501 9502 9503 9504 9505 9506 9507 9508 9509 9510 9511 9512 9513 9514 9515 9516 9517 9532 9533 9534 9535 9536 9537 9538 9539 9540 9541 9542 9543 9544 9545 9546 9547 9548 9556 9557 9558 9559 9560 9561 9562 9563 9564 9565 9566 9567 9568 9569 9570 9571 9572 9573 9574 9575 9576 9577 9578 9579 9582 9583 9584 9585 9586 9587 9588 9589 9590 9591 9592 9593 9594 9595 9596 9597 9598 9599 9600 9601 9602 9603 9604 9605 9606 9607 9608 9609 9610 9628 9629 9630 9631 9632 9633 9634 9635 9636 9637 9638 9639 9640 9641 9643 9644 9645 9646 9647 9648 9649 9650 9651 9652 9653 9654 9655 9656 9657 9658 9659 9660 9661 9662 9663 9664 9665 9666 9667 9668 9669 9670 9671 9672 9684 9685 9686 9687 9688 9689 9690 9691 9692 9693 9694 9695 9696 9697 9698 9699 9700 9701 9702 9703 9708 9709 9710 9711 9712 9713 9714 9715 9716 9717 9718 9719 9720 9721 9722 9723 9724 9725 9726 9727 9728 9729 9730 9731 9732 9733 9734 9750 9751 9752 9753 9754 9755 9756 9757 9758 9759 9760 9761 9762 9763 9764 9765 9788 9789 9790 9791 9792 9793 9794 9795 9796 9827 9839 9840 9841 9842 9843 9844 9845 9846 9847 9848 9849 9850 9851 9852 9853 9854 9855 9856 9857 9858 9867 9868 9869 9870 9871 9872 9873 9874 9875 9876 9877 9878 9879 9880 9881 9882 9883 9884 9885 9886 9887 9888 9889 9900 9901 9902 9903 9904 9905 9906 9907 9908 9909 9910 9911 9912 9913 9914 9915 9916 9917 9918 9919 9920 9942 9943 9944 9945 9946 9947 9948 9949 9950 9951 9965 9966 9967 9968 9969 9970 9971 9972 9973 9974 9975 9976 9977 9978 9979 9980 9981 9982 10013 10017 10018 10019 10020 10021 10022 10023 10024 10025 10026 10027 10028 10029 10030 10031 10032 10033 10034 10035 10036 10037 10038 10039 10040 10041 10042 10043 10044 10066 10088 10113 10162 10223 10238 10299 10428 10466 10517 10552 10567 10641 10707 10762 10807 10838 10848 10891 10921 10957 10996 11069 11119 11121 11125 11127 11129 11158 11159 11164 11165 11166 11167 11168 11169 11170 11171 11172 11173 11174 11175 11176 11177 11178 11179 11180 11181 11182 11183 11184 11185 11186 11187 11188 11189 11190 11203 11204 11205 11206 11207 11208 11209 11210 11211 11212 11213 11214 11215 11216 11217 11218 11219 11220 11221 11223 11224 11225 11226 11227 11228 11229 11230 11231 11232 11233 11234 11235 11236 11237 11238 11239 11240 11241 11242 11243 11244 11245 11246 11247 11248 11249 11250 11251 11252 11274 11275 11276 11277 11278 11279 11280 11281 11282 11283 11295 11296 11297 11298 11299 11300 11301 11302 11303 11304 11305 11306 11307 11308 11309 11310 11311 11312 11313 11314 11347 11348 11349 11350 11351 11352 11353 11354 11355 11356 11357 11358 11359 11360 11361 11362 11363 11364 11365 11366 11367 11368 11369 11370 11371 11372 11373 11374 11375 11376 11379 11380 11381 11382 11383 11384 11385 11386 11387 11388 11389 11390 11391 11392 11393 11394 11395 11396 11397 11398 11399 11400 11401 11402 11403 11404 11405 11406 11407 11438 11441 11442 11443 11444 11445 11446 11447 11448 11449 11450 11451 11452 11453 11454 11455 11456 11457 11458 11459 11460 11461 11462 11463 11464 11465 11466 11467 11468 11469 11498 11499 11500 11531 11557 11558 11559 11560 11561 11562 11580 11581 11582 11583 11584 11585 11586 11587 11588 11589 11590 11591 11592 11593 11621 11622 11623 11624 11626 11627 11628 11629 11630 11631 11632 11633 11634 11635 11636 11637 11638 11639 11640 11641 11642 11643 11644 11645 11646 11647 11648 11649 11650 11651 11652 11653 11654 11655 11671 11672 11673 11674 11675 11676 11677 11678 11679 11680 11681 11682 11683 11684 11685 11686 11688 11689 11690 11691 11692 11693 11694 11695 11696 11697 11698 11699 11700 11701 11702 11703 11704 11705 11706 11707 11708 11709 11710 11711 11712 11713 11714 11715 11716 11717 11740 11741 11742 11743 11744 11745 11746 11747 11748 11751 11752 11753 11754 11755 11756 11757 11758 11759 11760 11761 11762 11763 11764 11765 11766 11767 11768 11769 11770 11771 11772 11773 11774 11775 11776 11777 11778 11779 11796 11797 11798 11799 11800 11801 11802 11803 11804 11805 11806 11807 11808 11809 11810 11824 11825 11826 11827 11828 11829 11830 11831 11832 11833 11834 11835 11836 11837 11838 11839 11840 11841 11865 11866 11867 11868 11869 11870 11871 11872 11893 11894 11895 11896 11897 11898 11899 11900 11901 11902 11903 11930 11931 11932 11933 11934 11959 11960 11961 11962 11963 11964 11965 11980 11981 11982 11983 11984 11985 11986 11987 11988 11989 11990 11991 11992 11993 11994 11995 11996 12016 12017 12018 12019 12020 12021 12022 12023 12024 12025 12026 12027 12058 12060 12061 12062 12063 12064 12065 12066 12067 12068 12069 12070 12071 12072 12073 12074 12075 12076 12077 12078 12079 12080 12081 12082 12083 12084 12085 12086 12087 12088 12089 12091 12119 12125 12142 12190 12192 12250 12283 12354 12390 12429 12511 12566 12596 12632 12679 12739 12779 12816 12833 12882 12940 13013 13032 13107 13149 13177 13182 13183 13190 13191 13192 13193 13194 13195 13196 13197 13198 13199 13200 13201 13202 13203 13204 13205 13206 13207 13208 13209 13210 13211 13212 13213 13214 13215 13216 13278 13297 13298 13299 13300 13301 13302 13303 13304 13305 13306 13307 13308 13309 13320 13321 13322 13323 13324 13325 13326 13327 13328 13329 13330 13331 13332 13333 13334 13335 13336 13337 13338 13339 13340 13371 13402 13420 13421 13422 13423 13424 13425 13426 13427 13428 13429 13430 13431 13432 13433 13450 13451 13452 13453 13454 13455 13456 13457 13458 13459 13460 13461 13462 13463 13464 13477 13478 13479 13480 13481 13482 13483 13484 13485 13486 13487 13488 13489 13490 13491 13492 13493 13494 13495 13526 13557 13561 13562 13563 13564 13565 13566 13567 13568 13569 13570 13571 13572 13573 13574 13575 13576 13577 13578 13579 13580 13581 13582 13583 13584 13585 13586 13587 13588 13596 13597 13598 13599 13600 13601 13602 13603 13604 13605 13606 13607 13608 13609 13610 13611 13612 13613 13614 13615 13616 13617 13618 13619 13633 13634 13635 13636 13637 13638 13639 13640 13641 13642 13643 13644 13645 13646 13647 13648 13649 13650 13656 13657 13658 13659 13660 13661 13662 13663 13664 13665 13666 13667 13668 13669 13670 13671 13672 13673 13674 13675 13676 13677 13678 13679 13680 13681 13712 13728 13729 13730 13731 13732 13733 13734 13735 13736 13737 13738 13739 13740 13741 13742 13743 13774 13784 13785 13786 13787 13788 13789 13790 13791 13792 13793 13794 13795 13796 13797 13798 13799 13800 13801 13802 13803 13804 13805 13808 13809 13810 13811 13812 13813 13814 13815 13816 13817 13818 13819 13820 13821 13822 13823 13824 13825 13826 13827 13828 13829 13830 13831 13832 13833 13834 13835 13836 13851 13852 13853 13854 13855 13856 13857 13858 13859 13860 13861 13862 13863 13864 13865 13866 13867 13897 13898 13907 13908 13909 13910 13911 13912 13913 13914 13915 13916 13917 13918 13919 13920 13921 13922 13923 13924 13925 13926 13927 13928 13929 13960 13967 13968 13969 13970 13971 13972 13973 13974 13975 13976 13977 13978 13979 13980 13981 13982 13983 13984 13985 13986 13987 13988 13989 13990 13991 14022 14051 14052 14053 14065 14066 14067 14068 14069 14070 14071 14072 14073 14074 14075 14076 14077 14078 14079 14080 14081 14082 14083 14084 14115 14117 14118 14119 14120 14121 14122 14123 14124 14125 14126 14127 14128 14129 14130 14131 14132 14133 14134 14135 14136 14137 14138 14139 14140 14141 14142 14143 14144 14145 14146 14151 14161 14163 14201 14244 14296 14337 14351 14394 14422 14467 14502 14517 14573 14574 14631 14647 14676 14824 14876 14921 14962 15019 15035 15057 15133 15187 15238 15247 15254 15285 15296 15297 15298 15299 15300 15301 15302 15303 15304 15305 15306 15307 15308 15309 15310 15311 15312 15313 15314 15315 15316 15347 15361 15362 15363 15364 15365 15366 15367 15368 15369 15370 15371 15372 15373 15374 15375 15376 15377 15378 15400 15401 15402 15403 15404 15405 15406 15407 15408 15409 15419 15420 15421 15422 15423 15424 15425 15426 15427 15428 15429 15430 15431 15432 15433 15434 15435 15436 15437 15438 15439 15440 15469 15470 15471 15487 15488 15489 15490 15491 15492 15493 15494 15495 15496 15497 15498 15499 15500 15501 15502 15519 15520 15521 15522 15523 15524 15525 15526 15527 15528 15529 15530 15531 15532 15533 15553 15554 15555 15556 15557 15558 15559 15560 15561 15562 15563 15564 15579 15580 15581 15582 15583 15584 15585 15586 15587 15588 15589 15590 15591 15592 15593 15594 15595 15656 15657 15682 15683 15684 15685 15686 15687 15688 15707 15708 15709 15710 15711 15712 15713 15714 15715 15716 15717 15718 15719 15747 15748 15749 15750 15764 15765 15766 15767 15768 15769 15770 15771 15772 15773 15774 15775 15776 15777 15778 15779 15780 15781 15841 15842 15843 15866 15867 15868 15869 15870 15871 15872 15873 15874 15891 15892 15893 15894 15895 15896 15897 15898 15899 15900 15901 15902 15903 15904 15905 15923 15924 15925 15926 15927 15928 15929 15930 15931 15932 15933 15934 15935 15936 15948 15949 15950 15951 15952 15953 15954 15955 15956 15957 15958 15959 15960 15961 15962 15963 15964 15965 15966 15967 15998 16019 16020 16021 16022 16023 16024 16025 16026 16027 16028 16029 16055 16056 16057 16058 16059 16060 16084 16085 16086 16087 16088 16089 16090 16091 16104 16105 16106 16107 16108 16109 16110 16111 16112 16113 16114 16115 16116 16117 16118 16119 16120 16121 16122 16180 16181 16182 16183 16184 16214 16215 16228 16237 16247
c _______________________________________________________________________________
c 
c restarts               : 13003018
c conflicts              : 194            (3 /sec)
c decisions              : 3017           (0.00 % random) (53 /sec)
c propagations           : 1478207        (25782 /sec)
c conflict literals      : 5              (0.00 % deleted)
c =======================[ UWrMaxSat resources usage ]===========================
c Memory used            : 39.00 MB
c CPU time               : 57.3345 s
c _______________________________________________________________________________
c SATISFIABLE

  [Info] Injected Assumption file: p4_A-n32-k5_r44v8k3.wcnf.asm
[UWrMaxSAT] Running command:
  stdbuf -oL uwrmaxsat -no-bin -no-sat -no-par -no-scip -ppdsp-time=60 -ppdsp-lastY=16240 -ppdsp=p4_A-n32-k5_r45v8k3.meta -ppdsp-assume=p4_A-n32-k5_r44v8k3.wcnf.asm p4_A-n32-k5_r45v8k3.wcnf | tee p4_A-n32-k5_r45v8k3.wcnf.out
Vehicle 0: d → 21 → 14 → 9 → 28 → 4 → 19 → 26 → 13 → 25 → 29 → 15 → 11 → 0 → 6 → 12 → 20 → 18 → d, (requests = [4, 15, 28, 30])
Vehicle 1: d → 3 → 10 → 7 → 17 → 21 → 14 → 9 → 28 → 4 → 19 → 26 → 13 → 25 → 15 → 6 → 12 → 20 → d, (requests = [0, 1, 2, 3, 14, 38])
Vehicle 2: d → 18 → 16 → 30 → 20 → 12 → 6 → 0 → 15 → 29 → 25 → 13 → 26 → 19 → 4 → 24 → 9 → 14 → 21 → 8 → 17 → 7 → 10 → 3 → 27 → 22 → d, (requests = [5, 6, 7, 11, 16])
Vehicle 3: d → 22 → 27 → 3 → 10 → 7 → 17 → 8 → 21 → 14 → 9 → 28 → 4 → 19 → 26 → 13 → 25 → 29 → 15 → 11 → 0 → 6 → 12 → 20 → 30 → 16 → 18 → d, (requests = [8, 9, 10, 13, 17, 18, 36, 43])
Vehicle 4: d → 18 → 16 → 30 → 20 → 12 → 6 → 15 → 25 → 13 → 26 → 19 → 4 → 28 → 14 → 21 → 8 → 17 → 7 → 10 → 3 → 27 → 22 → 1 → 5 → d, (requests = [12, 20, 22, 23, 34, 35, 44])
Vehicle 5: d → 1 → 5 → 2 → 22 → 27 → 17 → 21 → 14 → 28 → 24 → 4 → 19 → 23 → 26 → 13 → 25 → 15 → 11 → 0 → 12 → 6 → d, (requests = [19, 21, 25, 27, 29])
Vehicle 6: d → 30 → 20 → 12 → 0 → 15 → 25 → 13 → 23 → 19 → 4 → 28 → 9 → 14 → 21 → 17 → 8 → 7 → 3 → 27 → 22 → 2 → 1 → d, (requests = [26, 31, 32, 37])
Vehicle 7: d → 5 → 1 → 22 → 27 → 3 → 10 → 7 → 8 → 21 → 14 → 9 → 24 → 4 → 19 → 26 → 13 → 25 → 29 → 15 → 6 → 12 → 0 → 11 → d, (requests = [24, 33, 40])
======== PPDSP OBJECTIVE ========
Profit    = 299681
Cost      = 76010
Objective = 223671
=================================
  [Time Manager] Step 49 consumed 61.18s. Total Consumed: 2929.95s.
  [Info] Saved 3987 core assumption literals to p4_A-n32-k5_r45v8k3.wcnf.asm

[50/60] Building & Solving: R=46, V=8, K=3
  [Info] Generating MaxSAT Formulation...
[SBC] Added 230 clauses.
[rc2] Generating instance: p4_A-n32-k5_r46v8k3.wcnf ...
[UWrMaxSAT] meta exported to p4_A-n32-k5_r46v8k3.meta
  [Time Manager] Global Remaining Budget: 670.05s | Future Weight Sum: 11.0
  [Time Manager] Recalibrated Budget for this step: 60.91s
  [Info] Injected Assumption file: p4_A-n32-k5_r45v8k3.wcnf.asm
[UWrMaxSAT] Running command:
  stdbuf -oL uwrmaxsat -no-bin -no-sat -no-par -no-scip -ppdsp-time=60 -ppdsp-lastY=16248 -ppdsp=p4_A-n32-k5_r46v8k3.meta -ppdsp-assume=p4_A-n32-k5_r45v8k3.wcnf.asm p4_A-n32-k5_r46v8k3.wcnf | tee p4_A-n32-k5_r46v8k3.wcnf.out
Vehicle 0: d → 21 → 14 → 9 → 28 → 4 → 19 → 26 → 13 → 25 → 29 → 15 → 11 → 0 → 6 → 12 → 20 → 18 → d, (requests = [4, 15, 28, 30])
Vehicle 1: d → 3 → 10 → 7 → 17 → 21 → 14 → 9 → 28 → 4 → 19 → 26 → 13 → 25 → 15 → 6 → 12 → 20 → d, (requests = [0, 1, 2, 3, 14, 38])
Vehicle 2: d → 18 → 16 → 30 → 20 → 12 → 6 → 0 → 15 → 29 → 25 → 13 → 26 → 19 → 4 → 24 → 9 → 14 → 21 → 8 → 17 → 7 → 10 → 3 → 27 → 22 → d, (requests = [5, 6, 7, 11, 16])
Vehicle 3: d → 22 → 27 → 3 → 10 → 7 → 17 → 8 → 21 → 14 → 9 → 28 → 4 → 19 → 26 → 13 → 25 → 29 → 15 → 11 → 0 → 6 → 12 → 20 → 30 → 16 → 18 → d, (requests = [8, 9, 10, 13, 17, 18, 36, 43])
Vehicle 4: d → 18 → 16 → 30 → 20 → 12 → 6 → 15 → 25 → 13 → 26 → 19 → 4 → 28 → 14 → 21 → 8 → 17 → 7 → 10 → 3 → 27 → 22 → 1 → 5 → d, (requests = [12, 20, 22, 23, 34, 35, 44])
Vehicle 5: d → 1 → 5 → 2 → 22 → 27 → 17 → 21 → 14 → 28 → 24 → 4 → 19 → 23 → 26 → 13 → 25 → 15 → 11 → 0 → 12 → 6 → d, (requests = [19, 21, 25, 27, 29])
Vehicle 6: d → 30 → 20 → 12 → 0 → 15 → 25 → 13 → 23 → 19 → 4 → 28 → 9 → 14 → 21 → 17 → 8 → 7 → 3 → 27 → 22 → 2 → 1 → d, (requests = [26, 31, 32, 37, 45])
Vehicle 7: d → 5 → 1 → 22 → 27 → 3 → 10 → 7 → 8 → 21 → 14 → 9 → 24 → 4 → 19 → 26 → 13 → 25 → 29 → 15 → 6 → 12 → 0 → 11 → d, (requests = [24, 33, 40])
======== PPDSP OBJECTIVE ========
Profit    = 304423
Cost      = 76010
Objective = 228413
=================================
  [Time Manager] Step 50 consumed 61.17s. Total Consumed: 2991.12s.
  [Info] Saved 3988 core assumption literals to p4_A-n32-k5_r46v8k3.wcnf.asm

[51/60] Building & Solving: R=47, V=8, K=3
  [Info] Generating MaxSAT Formulation...
[SBC] Added 235 clauses.
[rc2] Generating instance: p4_A-n32-k5_r47v8k3.wcnf ...
[UWrMaxSAT] meta exported to p4_A-n32-k5_r47v8k3.meta
  [Time Manager] Global Remaining Budget: 608.88s | Future Weight Sum: 10.0
  [Time Manager] Recalibrated Budget for this step: 60.89s
  [Info] Injected Assumption file: p4_A-n32-k5_r46v8k3.wcnf.asm
[UWrMaxSAT] Running command:
  stdbuf -oL uwrmaxsat -no-bin -no-sat -no-par -no-scip -ppdsp-time=60 -ppdsp-lastY=16256 -ppdsp=p4_A-n32-k5_r47v8k3.meta -ppdsp-assume=p4_A-n32-k5_r46v8k3.wcnf.asm p4_A-n32-k5_r47v8k3.wcnf | tee p4_A-n32-k5_r47v8k3.wcnf.out
Vehicle 0: d → 21 → 14 → 9 → 28 → 4 → 19 → 26 → 13 → 25 → 29 → 15 → 11 → 0 → 6 → 12 → 20 → 18 → d, (requests = [4, 15, 28, 30])
Vehicle 1: d → 3 → 10 → 7 → 17 → 21 → 14 → 9 → 28 → 4 → 19 → 26 → 13 → 25 → 15 → 6 → 12 → 20 → d, (requests = [0, 1, 2, 3, 14, 38])
Vehicle 2: d → 18 → 16 → 30 → 20 → 12 → 6 → 0 → 15 → 29 → 25 → 13 → 26 → 19 → 4 → 24 → 9 → 14 → 21 → 8 → 17 → 7 → 10 → 3 → 27 → 22 → d, (requests = [5, 6, 7, 11, 16])
Vehicle 3: d → 22 → 27 → 3 → 10 → 7 → 17 → 8 → 21 → 14 → 9 → 28 → 4 → 19 → 26 → 13 → 25 → 29 → 15 → 11 → 0 → 6 → 12 → 20 → 30 → 16 → 18 → d, (requests = [8, 9, 10, 13, 17, 18, 36, 43])
Vehicle 4: d → 18 → 16 → 30 → 20 → 12 → 6 → 15 → 25 → 13 → 26 → 19 → 4 → 28 → 14 → 21 → 8 → 17 → 7 → 10 → 3 → 27 → 22 → 1 → 5 → d, (requests = [12, 20, 22, 23, 34, 35, 44])
Vehicle 5: d → 1 → 5 → 2 → 22 → 27 → 17 → 21 → 14 → 28 → 24 → 4 → 19 → 23 → 26 → 13 → 25 → 15 → 11 → 0 → 12 → 6 → d, (requests = [19, 21, 25, 27, 29])
Vehicle 6: d → 30 → 20 → 12 → 0 → 15 → 25 → 13 → 23 → 19 → 4 → 28 → 9 → 14 → 21 → 17 → 8 → 7 → 3 → 27 → 22 → 2 → 1 → d, (requests = [26, 31, 32, 37, 45])
Vehicle 7: d → 5 → 1 → 22 → 27 → 3 → 10 → 7 → 8 → 21 → 14 → 9 → 24 → 4 → 19 → 26 → 13 → 25 → 29 → 15 → 6 → 12 → 0 → 11 → d, (requests = [24, 33, 40])
======== PPDSP OBJECTIVE ========
Profit    = 304423
Cost      = 76010
Objective = 228413
=================================
  [Time Manager] Step 51 consumed 61.16s. Total Consumed: 3052.27s.
  [Info] Saved 3988 core assumption literals to p4_A-n32-k5_r47v8k3.wcnf.asm

[52/60] Building & Solving: R=48, V=8, K=3
  [Info] Generating MaxSAT Formulation...
[SBC] Added 240 clauses.
[rc2] Generating instance: p4_A-n32-k5_r48v8k3.wcnf ...
[UWrMaxSAT] meta exported to p4_A-n32-k5_r48v8k3.meta
  [Time Manager] Global Remaining Budget: 547.73s | Future Weight Sum: 9.0
  [Time Manager] Recalibrated Budget for this step: 60.86s
  [Info] Injected Assumption file: p4_A-n32-k5_r47v8k3.wcnf.asm
[UWrMaxSAT] Running command:
  stdbuf -oL uwrmaxsat -no-bin -no-sat -no-par -no-scip -ppdsp-time=60 -ppdsp-lastY=16264 -ppdsp=p4_A-n32-k5_r48v8k3.meta -ppdsp-assume=p4_A-n32-k5_r47v8k3.wcnf.asm p4_A-n32-k5_r48v8k3.wcnf | tee p4_A-n32-k5_r48v8k3.wcnf.out
Vehicle 0: d → 21 → 14 → 9 → 28 → 4 → 19 → 26 → 13 → 25 → 29 → 15 → 11 → 0 → 6 → 12 → 20 → 18 → d, (requests = [4, 15, 28, 30])
c Using COMiniSatPS SAT solver by Chanseok Oh (2016)
[UWrMaxSAT] meta file: p4_A-n32-k5_r48v9k3.meta
[UWrMaxSAT] meta loaded OK.
[UWrMaxSAT] Loaded 3988 assumption literals from p4_A-n32-k5_r48v8k3.wcnf.asm
c Parsing MaxSAT file...
c Start timer (tic-tac ...)
c c Found solution: 2924170
c ============================[  Problem Statistics ]============================
c |  Number of variables:         10343                                         |
c |  Number of clauses:           66269 (incl.         1953 soft in queue)      |
c ===============================================================================
c [Elapsed time] 0.08 s
c Found solution: 2917729
c [Elapsed time] 0.15 s
c Found solution: 2911536
c [UWrMaxSAT] Timeout reached.
c [1mOptimal solution: 2911536[0m
c _______________________________________________________________________________
c 
c restarts               : 13291843
c conflicts              : 8261           (145 /sec)
c decisions              : 25364          (0.00 % random) (445 /sec)
c propagations           : 3679520        (64511 /sec)
c conflict literals      : 126005         (22.79 % deleted)
c =======================[ UWrMaxSat resources usage ]===========================
c Memory used            : 42.00 MB
c CPU time               : 57.0374 s
c OptExp Enc: Srt/BDD/Add: 3 0 0
c _______________________________________________________________________________
o 2911536
s OPTIMUM FOUND
v 7 148 205 317 353 405 442 458 492 608 635 659 687 830 846 901 944 1014 1131 1172 1229 1266 1341 1352 1429 1466 1482 1511 1590 1659 1696 1711 1840 1870 1925 2020 2050 2052 2054 2056 2070 2071 2072 2073 2074 2075 2076 2077 2078 2079 2080 2081 2082 2083 2084 2085 2086 2088 2089 2090 2091 2092 2093 2094 2095 2096 2097 2098 2099 2100 2101 2102 2103 2104 2105 2106 2107 2108 2109 2110 2111 2112 2113 2114 2115 2116 2117 2119 2120 2121 2122 2123 2124 2125 2126 2127 2128 2129 2130 2131 2132 2133 2134 2135 2136 2137 2138 2139 2140 2141 2142 2143 2144 2145 2146 2147 2148 2150 2151 2152 2153 2154 2155 2156 2157 2158 2159 2160 2161 2162 2163 2164 2165 2166 2167 2168 2169 2170 2171 2172 2173 2174 2175 2176 2177 2178 2179 2186 2187 2188 2189 2190 2191 2192 2193 2194 2195 2196 2197 2198 2199 2200 2201 2202 2203 2204 2205 2206 2207 2208 2209 2210 2213 2214 2215 2216 2217 2218 2219 2220 2221 2222 2223 2224 2225 2226 2227 2228 2229 2230 2231 2232 2233 2234 2235 2236 2237 2238 2239 2240 2241 2265 2266 2267 2268 2269 2270 2271 2272 2274 2275 2276 2277 2278 2279 2280 2281 2282 2283 2284 2285 2286 2287 2288 2289 2290 2291 2292 2293 2294 2295 2296 2297 2298 2299 2300 2301 2302 2303 2306 2307 2308 2309 2310 2311 2312 2313 2314 2315 2316 2317 2318 2319 2320 2321 2322 2323 2324 2325 2326 2327 2328 2329 2330 2331 2332 2333 2334 2339 2340 2341 2342 2343 2344 2345 2346 2347 2348 2349 2350 2351 2352 2353 2354 2355 2356 2357 2358 2359 2360 2361 2362 2363 2364 2365 2367 2368 2369 2370 2371 2372 2373 2374 2375 2376 2377 2378 2379 2380 2381 2382 2383 2384 2385 2386 2387 2388 2389 2390 2391 2392 2393 2394 2395 2396 2410 2411 2412 2413 2414 2415 2416 2417 2418 2419 2420 2421 2422 2423 2424 2425 2426 2427 2452 2453 2454 2455 2456 2457 2458 2468 2469 2470 2471 2472 2473 2474 2475 2476 2477 2478 2479 2480 2481 2482 2483 2484 2485 2486 2487 2488 2489 2493 2494 2495 2496 2497 2498 2499 2500 2501 2502 2503 2504 2505 2506 2507 2508 2509 2510 2511 2512 2513 2514 2515 2516 2517 2518 2519 2520 2533 2534 2535 2536 2537 2538 2539 2540 2541 2542 2543 2544 2545 2546 2547 2548 2549 2550 2551 2554 2555 2556 2557 2558 2559 2560 2561 2562 2563 2564 2565 2566 2567 2568 2569 2570 2571 2572 2573 2574 2575 2576 2577 2578 2579 2580 2581 2582 2585 2586 2587 2588 2589 2590 2591 2592 2593 2594 2595 2596 2597 2598 2599 2600 2601 2602 2603 2604 2605 2606 2607 2608 2609 2610 2611 2612 2613 2640 2641 2642 2643 2644 2652 2653 2654 2655 2656 2657 2658 2659 2660 2661 2662 2663 2664 2665 2666 2667 2668 2669 2670 2671 2672 2673 2674 2675 2701 2702 2703 2704 2705 2706 2709 2710 2711 2712 2713 2714 2715 2716 2717 2718 2719 2720 2721 2722 2723 2724 2725 2726 2727 2728 2729 2730 2731 2732 2733 2734 2735 2736 2737 2739 2740 2741 2742 2743 2744 2745 2746 2747 2748 2749 2750 2751 2752 2753 2754 2755 2756 2757 2758 2759 2760 2761 2762 2763 2764 2765 2766 2767 2768 2795 2796 2797 2798 2799 2816 2817 2818 2819 2820 2821 2822 2823 2824 2825 2826 2827 2828 2829 2830 2841 2842 2843 2844 2845 2846 2847 2848 2849 2850 2851 2852 2853 2854 2855 2856 2857 2858 2859 2860 2861 2870 2871 2872 2873 2874 2875 2876 2877 2878 2879 2880 2881 2882 2883 2884 2885 2886 2887 2888 2889 2890 2891 2892 2894 2895 2896 2897 2898 2899 2900 2901 2902 2903 2904 2905 2906 2907 2908 2909 2910 2911 2912 2913 2914 2915 2916 2917 2918 2919 2920 2921 2922 2923 2929 2930 2931 2932 2933 2934 2935 2936 2937 2938 2939 2940 2941 2942 2943 2944 2945 2946 2947 2948 2949 2950 2951 2952 2953 2954 2966 2967 2968 2969 2970 2971 2972 2973 2974 2975 2976 2977 2978 2979 2980 2981 2982 2983 2984 2985 2987 2988 2989 2990 2991 2992 2993 2994 2995 2996 2997 2998 2999 3000 3001 3002 3003 3004 3005 3006 3007 3008 3009 3010 3011 3012 3013 3014 3015 3016 3031 3032 3033 3034 3035 3036 3037 3038 3039 3040 3041 3042 3043 3044 3045 3046 3047 3050 3051 3052 3053 3054 3055 3056 3057 3058 3059 3060 3061 3062 3063 3064 3065 3066 3067 3068 3069 3070 3071 3072 3073 3074 3075 3076 3077 3078 3080 3081 3082 3083 3084 3085 3086 3087 3088 3089 3090 3091 3092 3093 3094 3095 3096 3097 3098 3099 3100 3101 3102 3103 3104 3105 3106 3107 3108 3109 3111 3112 3113 3114 3115 3116 3117 3118 3119 3120 3121 3122 3123 3124 3125 3126 3127 3128 3129 3130 3131 3132 3133 3134 3135 3136 3137 3138 3139 3140 3156 3157 3158 3159 3160 3161 3162 3163 3164 3165 3166 3167 3168 3169 3170 3171 3173 3174 3175 3176 3177 3178 3179 3180 3181 3182 3183 3184 3185 3186 3187 3188 3189 3190 3191 3192 3193 3194 3195 3196 3197 3198 3199 3200 3201 3202 3232 3233 3237 3238 3239 3240 3241 3242 3243 3244 3245 3246 3247 3248 3249 3250 3251 3252 3253 3254 3255 3256 3257 3258 3259 3260 3261 3262 3263 3264 3295 3309 3310 3311 3312 3313 3314 3315 3316 3317 3318 3319 3320 3321 3322 3323 3324 3325 3326 3329 3330 3331 3332 3333 3334 3335 3336 3337 3338 3339 3340 3341 3342 3343 3344 3345 3346 3347 3348 3349 3350 3351 3352 3353 3354 3355 3356 3357 3373 3374 3375 3376 3377 3378 3379 3380 3381 3382 3383 3384 3385 3386 3387 3388 3419 3446 3447 3448 3449 3450 3463 3464 3465 3466 3467 3468 3469 3470 3471 3472 3473 3474 3475 3476 3477 3478 3479 3480 3481 3510 3511 3512 3517 3518 3519 3520 3521 3522 3523 3524 3525 3526 3527 3528 3529 3530 3531 3532 3533 3534 3535 3536 3537 3538 3539 3540 3541 3542 3543 3554 3555 3556 3557 3558 3559 3560 3561 3562 3563 3564 3565 3566 3567 3568 3569 3570 3571 3572 3573 3574 3578 3579 3580 3581 3582 3583 3584 3585 3586 3587 3588 3589 3590 3591 3592 3593 3594 3595 3596 3597 3598 3599 3600 3601 3602 3603 3604 3605 3622 3623 3624 3625 3626 3627 3628 3629 3630 3631 3632 3633 3634 3635 3636 3679 3680 3681 3682 3683 3684 3685 3686 3687 3688 3689 3690 3691 3692 3693 3694 3695 3696 3697 3698 3700 3701 3702 3703 3704 3705 3706 3707 3708 3709 3710 3711 3712 3713 3714 3715 3716 3717 3718 3719 3720 3721 3722 3723 3724 3725 3726 3727 3728 3729 3760 3791 3819 3820 3821 3822 3848 3849 3850 3851 3852 3853 3856 3857 3858 3859 3860 3861 3862 3863 3864 3865 3866 3867 3868 3869 3870 3871 3872 3873 3874 3875 3876 3877 3878 3879 3880 3881 3882 3883 3884 3899 3900 3901 3902 3903 3904 3905 3906 3907 3908 3909 3910 3911 3912 3913 3914 3915 3946 3948 3949 3950 3951 3952 3953 3954 3955 3956 3957 3958 3959 3960 3961 3962 3963 3964 3965 3966 3967 3968 3969 3970 3971 3972 3973 3974 3975 3976 3977 3979 4008 4116 4145 4185 4227 4266 4295 4316 4383 4435 4462 4502 4535 4544 4585 4605 4645 4673 4728 4770 4806 4844 4879 4946 4973 5003 5022 5023 5024 5035 5036 5037 5038 5039 5040 5041 5042 5043 5044 5045 5046 5047 5048 5049 5050 5051 5052 5053 5054 5055 5056 5057 5060 5061 5062 5063 5064 5065 5066 5067 5068 5069 5070 5071 5072 5073 5074 5075 5076 5077 5078 5079 5080 5081 5082 5083 5084 5085 5086 5087 5088 5091 5092 5093 5094 5095 5096 5097 5098 5099 5100 5101 5102 5103 5104 5105 5106 5107 5108 5109 5110 5111 5112 5113 5114 5115 5116 5117 5118 5119 5148 5149 5150 5166 5167 5168 5169 5170 5171 5172 5173 5174 5175 5176 5177 5178 5179 5180 5181 5183 5184 5185 5186 5187 5188 5189 5190 5191 5192 5193 5194 5195 5196 5197 5198 5199 5200 5201 5202 5203 5204 5205 5206 5207 5208 5209 5210 5211 5212 5220 5221 5222 5223 5224 5225 5226 5227 5228 5229 5230 5231 5232 5233 5234 5235 5236 5237 5238 5239 5240 5241 5242 5243 5270 5271 5272 5273 5274 5299 5300 5301 5302 5303 5304 5305 5327 5328 5329 5330 5331 5332 5333 5334 5335 5336 5364 5365 5366 5367 5398 5405 5406 5407 5408 5409 5410 5411 5412 5413 5414 5415 5416 5417 5418 5419 5420 5421 5422 5423 5424 5425 5426 5427 5428 5429 5442 5443 5444 5445 5446 5447 5448 5449 5450 5451 5452 5453 5454 5455 5456 5457 5458 5459 5460 5483 5484 5485 5486 5487 5488 5489 5490 5491 5501 5502 5503 5504 5505 5506 5507 5508 5509 5510 5511 5512 5513 5514 5515 5516 5517 5518 5519 5520 5521 5522 5526 5527 5528 5529 5530 5531 5532 5533 5534 5535 5536 5537 5538 5539 5540 5541 5542 5543 5544 5545 5546 5547 5548 5549 5550 5551 5552 5553 5579 5580 5581 5582 5583 5584 5587 5588 5589 5590 5591 5592 5593 5594 5595 5596 5597 5598 5599 5600 5601 5602 5603 5604 5605 5606 5607 5608 5609 5610 5611 5612 5613 5614 5615 5630 5631 5632 5633 5634 5635 5636 5637 5638 5639 5640 5641 5642 5643 5644 5645 5646 5652 5653 5654 5655 5656 5657 5658 5659 5660 5661 5662 5663 5664 5665 5666 5667 5668 5669 5670 5671 5672 5673 5674 5675 5676 5677 5701 5702 5703 5704 5705 5706 5707 5708 5739 5770 5791 5792 5793 5794 5795 5796 5797 5798 5799 5800 5801 5813 5814 5815 5816 5817 5818 5819 5820 5821 5822 5823 5824 5825 5826 5827 5828 5829 5830 5831 5832 5846 5847 5848 5849 5850 5851 5852 5853 5854 5855 5856 5857 5858 5859 5860 5861 5862 5863 5893 5894 5925 5936 5937 5938 5939 5940 5941 5942 5943 5944 5945 5946 5947 5948 5949 5950 5951 5952 5953 5954 5955 5956 5961 5962 5963 5964 5965 5966 5967 5968 5969 5970 5971 5972 5973 5974 5975 5976 5977 5978 5979 5980 5981 5982 5983 5984 5985 5986 5987 5991 5999 6001 6006 6016 6116 6157 6214 6251 6287 6326 6337 6362 6414 6451 6467 6501 6540 6562 6617 6644 6680 6696 6741 6839 6855 6877 6910 6953 6986 7024 7042 7043 7044 7047 7051 7076 7077 7078 7079 7080 7081 7083 7084 7085 7086 7087 7088 7089 7090 7091 7092 7093 7094 7095 7096 7097 7098 7099 7100 7101 7102 7103 7104 7105 7106 7107 7108 7109 7110 7111 7112 7115 7116 7117 7118 7119 7120 7121 7122 7123 7124 7125 7126 7127 7128 7129 7130 7131 7132 7133 7134 7135 7136 7137 7138 7139 7140 7141 7142 7143 7152 7153 7154 7155 7156 7157 7158 7159 7160 7161 7162 7163 7164 7165 7166 7167 7168 7169 7170 7171 7172 7173 7174 7192 7193 7194 7195 7196 7197 7198 7199 7200 7201 7202 7203 7204 7205 7207 7208 7209 7210 7211 7212 7213 7214 7215 7216 7217 7218 7219 7220 7221 7222 7223 7224 7225 7226 7227 7228 7229 7230 7231 7232 7233 7234 7235 7236 7263 7264 7265 7266 7267 7278 7279 7280 7281 7282 7283 7284 7285 7286 7287 7288 7289 7290 7291 7292 7293 7294 7295 7296 7297 7298 7311 7312 7313 7314 7315 7316 7317 7318 7319 7320 7321 7322 7323 7324 7325 7326 7327 7328 7329 7345 7346 7347 7348 7349 7350 7351 7352 7353 7354 7355 7356 7357 7358 7359 7360 7370 7371 7372 7373 7374 7375 7376 7377 7378 7379 7380 7381 7382 7383 7384 7385 7386 7387 7388 7389 7390 7391 7416 7417 7418 7419 7420 7421 7422 7450 7451 7452 7453 7474 7475 7476 7477 7478 7479 7480 7481 7482 7483 7484 7499 7500 7501 7502 7503 7504 7505 7506 7507 7508 7509 7510 7511 7512 7513 7514 7515 7539 7540 7541 7542 7543 7544 7545 7546 7577 7589 7590 7591 7592 7593 7594 7595 7596 7597 7598 7599 7600 7601 7602 7603 7604 7605 7606 7607 7608 7658 7659 7660 7661 7662 7663 7664 7665 7666 7667 7668 7669 7670 7699 7700 7701 7715 7716 7717 7718 7719 7720 7721 7722 7723 7724 7725 7726 7727 7728 7729 7730 7731 7732 7739 7740 7741 7742 7743 7744 7745 7746 7747 7748 7749 7750 7751 7752 7753 7754 7755 7756 7757 7758 7759 7760 7761 7762 7763 7794 7825 7847 7848 7849 7850 7851 7852 7853 7854 7855 7856 7876 7877 7878 7879 7880 7881 7882 7883 7884 7885 7886 7887 7895 7896 7897 7898 7899 7900 7901 7902 7903 7904 7905 7906 7907 7908 7909 7910 7911 7912 7913 7914 7915 7916 7917 7918 7935 7936 7937 7938 7939 7940 7941 7942 7943 7944 7945 7946 7947 7948 7949 7972 7973 7974 7975 7976 7977 7978 7979 7980 8010 8011 8016 8074 8160 8193 8228 8244 8271 8310 8360 8427 8479 8506 8542 8579 8588 8629 8649 8689 8717 8742 8850 8888 8923 8947 9017 9047 9073 9081 9083 9084 9100 9101 9102 9103 9104 9105 9106 9107 9108 9109 9110 9111 9112 9113 9114 9138 9139 9140 9141 9142 9143 9144 9145 9176 9197 9198 9199 9200 9201 9202 9203 9204 9205 9206 9207 9220 9221 9222 9223 9224 9225 9226 9227 9228 9229 9230 9231 9232 9233 9234 9235 9236 9237 9238 9269 9276 9277 9278 9279 9280 9281 9282 9283 9284 9285 9286 9287 9288 9289 9290 9291 9292 9293 9294 9295 9296 9297 9298 9299 9300 9319 9320 9321 9322 9323 9324 9325 9326 9327 9328 9329 9330 9331 9348 9349 9350 9351 9352 9353 9354 9355 9356 9357 9358 9359 9360 9361 9362 9375 9376 9377 9378 9379 9380 9381 9382 9383 9384 9385 9386 9387 9388 9389 9390 9391 9392 9393 9413 9414 9415 9416 9417 9418 9419 9420 9421 9422 9423 9424 9440 9441 9442 9443 9444 9445 9446 9447 9448 9449 9450 9451 9452 9453 9454 9455 9461 9462 9463 9464 9465 9466 9467 9468 9469 9470 9471 9472 9473 9474 9475 9476 9477 9478 9479 9480 9481 9482 9483 9484 9485 9486 9496 9497 9498 9499 9500 9501 9502 9503 9504 9505 9506 9507 9508 9509 9510 9511 9512 9513 9514 9515 9516 9517 9532 9533 9534 9535 9536 9537 9538 9539 9540 9541 9542 9543 9544 9545 9546 9547 9548 9556 9557 9558 9559 9560 9561 9562 9563 9564 9565 9566 9567 9568 9569 9570 9571 9572 9573 9574 9575 9576 9577 9578 9579 9582 9583 9584 9585 9586 9587 9588 9589 9590 9591 9592 9593 9594 9595 9596 9597 9598 9599 9600 9601 9602 9603 9604 9605 9606 9607 9608 9609 9610 9628 9629 9630 9631 9632 9633 9634 9635 9636 9637 9638 9639 9640 9641 9643 9644 9645 9646 9647 9648 9649 9650 9651 9652 9653 9654 9655 9656 9657 9658 9659 9660 9661 9662 9663 9664 9665 9666 9667 9668 9669 9670 9671 9672 9684 9685 9686 9687 9688 9689 9690 9691 9692 9693 9694 9695 9696 9697 9698 9699 9700 9701 9702 9703 9708 9709 9710 9711 9712 9713 9714 9715 9716 9717 9718 9719 9720 9721 9722 9723 9724 9725 9726 9727 9728 9729 9730 9731 9732 9733 9734 9750 9751 9752 9753 9754 9755 9756 9757 9758 9759 9760 9761 9762 9763 9764 9765 9788 9789 9790 9791 9792 9793 9794 9795 9796 9827 9839 9840 9841 9842 9843 9844 9845 9846 9847 9848 9849 9850 9851 9852 9853 9854 9855 9856 9857 9858 9867 9868 9869 9870 9871 9872 9873 9874 9875 9876 9877 9878 9879 9880 9881 9882 9883 9884 9885 9886 9887 9888 9889 9900 9901 9902 9903 9904 9905 9906 9907 9908 9909 9910 9911 9912 9913 9914 9915 9916 9917 9918 9919 9920 9942 9943 9944 9945 9946 9947 9948 9949 9950 9951 9965 9966 9967 9968 9969 9970 9971 9972 9973 9974 9975 9976 9977 9978 9979 9980 9981 9982 10013 10017 10018 10019 10020 10021 10022 10023 10024 10025 10026 10027 10028 10029 10030 10031 10032 10033 10034 10035 10036 10037 10038 10039 10040 10041 10042 10043 10044 10066 10088 10113 10162 10223 10238 10299 10428 10466 10517 10552 10567 10641 10707 10762 10807 10838 10848 10891 10921 10957 10996 11069 11119 11121 11125 11127 11129 11158 11159 11164 11165 11166 11167 11168 11169 11170 11171 11172 11173 11174 11175 11176 11177 11178 11179 11180 11181 11182 11183 11184 11185 11186 11187 11188 11189 11190 11203 11204 11205 11206 11207 11208 11209 11210 11211 11212 11213 11214 11215 11216 11217 11218 11219 11220 11221 11223 11224 11225 11226 11227 11228 11229 11230 11231 11232 11233 11234 11235 11236 11237 11238 11239 11240 11241 11242 11243 11244 11245 11246 11247 11248 11249 11250 11251 11252 11274 11275 11276 11277 11278 11279 11280 11281 11282 11283 11295 11296 11297 11298 11299 11300 11301 11302 11303 11304 11305 11306 11307 11308 11309 11310 11311 11312 11313 11314 11347 11348 11349 11350 11351 11352 11353 11354 11355 11356 11357 11358 11359 11360 11361 11362 11363 11364 11365 11366 11367 11368 11369 11370 11371 11372 11373 11374 11375 11376 11379 11380 11381 11382 11383 11384 11385 11386 11387 11388 11389 11390 11391 11392 11393 11394 11395 11396 11397 11398 11399 11400 11401 11402 11403 11404 11405 11406 11407 11438 11441 11442 11443 11444 11445 11446 11447 11448 11449 11450 11451 11452 11453 11454 11455 11456 11457 11458 11459 11460 11461 11462 11463 11464 11465 11466 11467 11468 11469 11498 11499 11500 11531 11557 11558 11559 11560 11561 11562 11580 11581 11582 11583 11584 11585 11586 11587 11588 11589 11590 11591 11592 11593 11621 11622 11623 11624 11626 11627 11628 11629 11630 11631 11632 11633 11634 11635 11636 11637 11638 11639 11640 11641 11642 11643 11644 11645 11646 11647 11648 11649 11650 11651 11652 11653 11654 11655 11671 11672 11673 11674 11675 11676 11677 11678 11679 11680 11681 11682 11683 11684 11685 11686 11688 11689 11690 11691 11692 11693 11694 11695 11696 11697 11698 11699 11700 11701 11702 11703 11704 11705 11706 11707 11708 11709 11710 11711 11712 11713 11714 11715 11716 11717 11740 11741 11742 11743 11744 11745 11746 11747 11748 11751 11752 11753 11754 11755 11756 11757 11758 11759 11760 11761 11762 11763 11764 11765 11766 11767 11768 11769 11770 11771 11772 11773 11774 11775 11776 11777 11778 11779 11796 11797 11798 11799 11800 11801 11802 11803 11804 11805 11806 11807 11808 11809 11810 11824 11825 11826 11827 11828 11829 11830 11831 11832 11833 11834 11835 11836 11837 11838 11839 11840 11841 11865 11866 11867 11868 11869 11870 11871 11872 11893 11894 11895 11896 11897 11898 11899 11900 11901 11902 11903 11930 11931 11932 11933 11934 11959 11960 11961 11962 11963 11964 11965 11980 11981 11982 11983 11984 11985 11986 11987 11988 11989 11990 11991 11992 11993 11994 11995 11996 12016 12017 12018 12019 12020 12021 12022 12023 12024 12025 12026 12027 12058 12060 12061 12062 12063 12064 12065 12066 12067 12068 12069 12070 12071 12072 12073 12074 12075 12076 12077 12078 12079 12080 12081 12082 12083 12084 12085 12086 12087 12088 12089 12091 12119 12125 12142 12190 12192 12250 12283 12354 12390 12429 12511 12566 12596 12632 12679 12739 12779 12816 12833 12882 12940 13013 13032 13107 13149 13177 13182 13183 13190 13191 13192 13193 13194 13195 13196 13197 13198 13199 13200 13201 13202 13203 13204 13205 13206 13207 13208 13209 13210 13211 13212 13213 13214 13215 13216 13278 13297 13298 13299 13300 13301 13302 13303 13304 13305 13306 13307 13308 13309 13320 13321 13322 13323 13324 13325 13326 13327 13328 13329 13330 13331 13332 13333 13334 13335 13336 13337 13338 13339 13340 13371 13402 13420 13421 13422 13423 13424 13425 13426 13427 13428 13429 13430 13431 13432 13433 13450 13451 13452 13453 13454 13455 13456 13457 13458 13459 13460 13461 13462 13463 13464 13477 13478 13479 13480 13481 13482 13483 13484 13485 13486 13487 13488 13489 13490 13491 13492 13493 13494 13495 13526 13557 13561 13562 13563 13564 13565 13566 13567 13568 13569 13570 13571 13572 13573 13574 13575 13576 13577 13578 13579 13580 13581 13582 13583 13584 13585 13586 13587 13588 13596 13597 13598 13599 13600 13601 13602 13603 13604 13605 13606 13607 13608 13609 13610 13611 13612 13613 13614 13615 13616 13617 13618 13619 13633 13634 13635 13636 13637 13638 13639 13640 13641 13642 13643 13644 13645 13646 13647 13648 13649 13650 13656 13657 13658 13659 13660 13661 13662 13663 13664 13665 13666 13667 13668 13669 13670 13671 13672 13673 13674 13675 13676 13677 13678 13679 13680 13681 13712 13728 13729 13730 13731 13732 13733 13734 13735 13736 13737 13738 13739 13740 13741 13742 13743 13774 13784 13785 13786 13787 13788 13789 13790 13791 13792 13793 13794 13795 13796 13797 13798 13799 13800 13801 13802 13803 13804 13805 13808 13809 13810 13811 13812 13813 13814 13815 13816 13817 13818 13819 13820 13821 13822 13823 13824 13825 13826 13827 13828 13829 13830 13831 13832 13833 13834 13835 13836 13851 13852 13853 13854 13855 13856 13857 13858 13859 13860 13861 13862 13863 13864 13865 13866 13867 13897 13898 13907 13908 13909 13910 13911 13912 13913 13914 13915 13916 13917 13918 13919 13920 13921 13922 13923 13924 13925 13926 13927 13928 13929 13960 13967 13968 13969 13970 13971 13972 13973 13974 13975 13976 13977 13978 13979 13980 13981 13982 13983 13984 13985 13986 13987 13988 13989 13990 13991 14022 14051 14052 14053 14065 14066 14067 14068 14069 14070 14071 14072 14073 14074 14075 14076 14077 14078 14079 14080 14081 14082 14083 14084 14115 14117 14118 14119 14120 14121 14122 14123 14124 14125 14126 14127 14128 14129 14130 14131 14132 14133 14134 14135 14136 14137 14138 14139 14140 14141 14142 14143 14144 14145 14146 14151 14161 14163 14201 14244 14296 14337 14351 14394 14422 14467 14502 14517 14573 14574 14631 14647 14676 14824 14876 14921 14962 15019 15035 15057 15133 15187 15238 15247 15254 15285 15296 15297 15298 15299 15300 15301 15302 15303 15304 15305 15306 15307 15308 15309 15310 15311 15312 15313 15314 15315 15316 15347 15361 15362 15363 15364 15365 15366 15367 15368 15369 15370 15371 15372 15373 15374 15375 15376 15377 15378 15400 15401 15402 15403 15404 15405 15406 15407 15408 15409 15419 15420 15421 15422 15423 15424 15425 15426 15427 15428 15429 15430 15431 15432 15433 15434 15435 15436 15437 15438 15439 15440 15469 15470 15471 15487 15488 15489 15490 15491 15492 15493 15494 15495 15496 15497 15498 15499 15500 15501 15502 15519 15520 15521 15522 15523 15524 15525 15526 15527 15528 15529 15530 15531 15532 15533 15553 15554 15555 15556 15557 15558 15559 15560 15561 15562 15563 15564 15579 15580 15581 15582 15583 15584 15585 15586 15587 15588 15589 15590 15591 15592 15593 15594 15595 15656 15657 15682 15683 15684 15685 15686 15687 15688 15707 15708 15709 15710 15711 15712 15713 15714 15715 15716 15717 15718 15719 15747 15748 15749 15750 15764 15765 15766 15767 15768 15769 15770 15771 15772 15773 15774 15775 15776 15777 15778 15779 15780 15781 15841 15842 15843 15866 15867 15868 15869 15870 15871 15872 15873 15874 15891 15892 15893 15894 15895 15896 15897 15898 15899 15900 15901 15902 15903 15904 15905 15923 15924 15925 15926 15927 15928 15929 15930 15931 15932 15933 15934 15935 15936 15948 15949 15950 15951 15952 15953 15954 15955 15956 15957 15958 15959 15960 15961 15962 15963 15964 15965 15966 15967 15998 16019 16020 16021 16022 16023 16024 16025 16026 16027 16028 16029 16055 16056 16057 16058 16059 16060 16084 16085 16086 16087 16088 16089 16090 16091 16104 16105 16106 16107 16108 16109 16110 16111 16112 16113 16114 16115 16116 16117 16118 16119 16120 16121 16122 16180 16181 16182 16183 16184 16214 16215 16228 16237 16247 16368 16417 16520 16538 16567 16707 16734 16836 16877 16945 17026 17042 17078 17116 17132 17280 17335 17336
c Using COMiniSatPS SAT solver by Chanseok Oh (2016)
[UWrMaxSAT] meta file: p4_A-n32-k5_r49v9k3.meta
[UWrMaxSAT] meta loaded OK.
[UWrMaxSAT] Loaded 4006 assumption literals from p4_A-n32-k5_r48v9k3.wcnf.asm
c Parsing MaxSAT file...
c Start timer (tic-tac ...)
c c Found solution: 2993724
c ============================[  Problem Statistics ]============================
c |  Number of variables:         10352                                         |
c |  Number of clauses:           66617 (incl.         1962 soft in queue)      |
c ===============================================================================
c [UWrMaxSAT] Timeout reached.
c [1mOptimal solution: 2993724[0m
c _______________________________________________________________________________
c 
c restarts               : 13411762
c conflicts              : 356            (6 /sec)
c decisions              : 4177           (0.00 % random) (73 /sec)
c propagations           : 1464567        (25516 /sec)
c conflict literals      : 1554           (8.96 % deleted)
c =======================[ UWrMaxSat resources usage ]===========================
c Memory used            : 42.00 MB
c CPU time               : 57.3982 s
c _______________________________________________________________________________
o 2993724
s OPTIMUM FOUND
v 7 148 205 317 353 405 442 458 492 608 635 659 687 830 846 901 944 1014 1131 1172 1229 1266 1341 1352 1429 1466 1482 1511 1590 1659 1696 1711 1840 1870 1925 2020 2050 2052 2054 2056 2070 2071 2072 2073 2074 2075 2076 2077 2078 2079 2080 2081 2082 2083 2084 2085 2086 2088 2089 2090 2091 2092 2093 2094 2095 2096 2097 2098 2099 2100 2101 2102 2103 2104 2105 2106 2107 2108 2109 2110 2111 2112 2113 2114 2115 2116 2117 2119 2120 2121 2122 2123 2124 2125 2126 2127 2128 2129 2130 2131 2132 2133 2134 2135 2136 2137 2138 2139 2140 2141 2142 2143 2144 2145 2146 2147 2148 2150 2151 2152 2153 2154 2155 2156 2157 2158 2159 2160 2161 2162 2163 2164 2165 2166 2167 2168 2169 2170 2171 2172 2173 2174 2175 2176 2177 2178 2179 2186 2187 2188 2189 2190 2191 2192 2193 2194 2195 2196 2197 2198 2199 2200 2201 2202 2203 2204 2205 2206 2207 2208 2209 2210 2213 2214 2215 2216 2217 2218 2219 2220 2221 2222 2223 2224 2225 2226 2227 2228 2229 2230 2231 2232 2233 2234 2235 2236 2237 2238 2239 2240 2241 2265 2266 2267 2268 2269 2270 2271 2272 2274 2275 2276 2277 2278 2279 2280 2281 2282 2283 2284 2285 2286 2287 2288 2289 2290 2291 2292 2293 2294 2295 2296 2297 2298 2299 2300 2301 2302 2303 2306 2307 2308 2309 2310 2311 2312 2313 2314 2315 2316 2317 2318 2319 2320 2321 2322 2323 2324 2325 2326 2327 2328 2329 2330 2331 2332 2333 2334 2339 2340 2341 2342 2343 2344 2345 2346 2347 2348 2349 2350 2351 2352 2353 2354 2355 2356 2357 2358 2359 2360 2361 2362 2363 2364 2365 2367 2368 2369 2370 2371 2372 2373 2374 2375 2376 2377 2378 2379 2380 2381 2382 2383 2384 2385 2386 2387 2388 2389 2390 2391 2392 2393 2394 2395 2396 2410 2411 2412 2413 2414 2415 2416 2417 2418 2419 2420 2421 2422 2423 2424 2425 2426 2427 2452 2453 2454 2455 2456 2457 2458 2468 2469 2470 2471 2472 2473 2474 2475 2476 2477 2478 2479 2480 2481 2482 2483 2484 2485 2486 2487 2488 2489 2493 2494 2495 2496 2497 2498 2499 2500 2501 2502 2503 2504 2505 2506 2507 2508 2509 2510 2511 2512 2513 2514 2515 2516 2517 2518 2519 2520 2533 2534 2535 2536 2537 2538 2539 2540 2541 2542 2543 2544 2545 2546 2547 2548 2549 2550 2551 2554 2555 2556 2557 2558 2559 2560 2561 2562 2563 2564 2565 2566 2567 2568 2569 2570 2571 2572 2573 2574 2575 2576 2577 2578 2579 2580 2581 2582 2585 2586 2587 2588 2589 2590 2591 2592 2593 2594 2595 2596 2597 2598 2599 2600 2601 2602 2603 2604 2605 2606 2607 2608 2609 2610 2611 2612 2613 2640 2641 2642 2643 2644 2652 2653 2654 2655 2656 2657 2658 2659 2660 2661 2662 2663 2664 2665 2666 2667 2668 2669 2670 2671 2672 2673 2674 2675 2701 2702 2703 2704 2705 2706 2709 2710 2711 2712 2713 2714 2715 2716 2717 2718 2719 2720 2721 2722 2723 2724 2725 2726 2727 2728 2729 2730 2731 2732 2733 2734 2735 2736 2737 2739 2740 2741 2742 2743 2744 2745 2746 2747 2748 2749 2750 2751 2752 2753 2754 2755 2756 2757 2758 2759 2760 2761 2762 2763 2764 2765 2766 2767 2768 2795 2796 2797 2798 2799 2816 2817 2818 2819 2820 2821 2822 2823 2824 2825 2826 2827 2828 2829 2830 2841 2842 2843 2844 2845 2846 2847 2848 2849 2850 2851 2852 2853 2854 2855 2856 2857 2858 2859 2860 2861 2870 2871 2872 2873 2874 2875 2876 2877 2878 2879 2880 2881 2882 2883 2884 2885 2886 2887 2888 2889 2890 2891 2892 2894 2895 2896 2897 2898 2899 2900 2901 2902 2903 2904 2905 2906 2907 2908 2909 2910 2911 2912 2913 2914 2915 2916 2917 2918 2919 2920 2921 2922 2923 2929 2930 2931 2932 2933 2934 2935 2936 2937 2938 2939 2940 2941 2942 2943 2944 2945 2946 2947 2948 2949 2950 2951 2952 2953 2954 2966 2967 2968 2969 2970 2971 2972 2973 2974 2975 2976 2977 2978 2979 2980 2981 2982 2983 2984 2985 2987 2988 2989 2990 2991 2992 2993 2994 2995 2996 2997 2998 2999 3000 3001 3002 3003 3004 3005 3006 3007 3008 3009 3010 3011 3012 3013 3014 3015 3016 3031 3032 3033 3034 3035 3036 3037 3038 3039 3040 3041 3042 3043 3044 3045 3046 3047 3050 3051 3052 3053 3054 3055 3056 3057 3058 3059 3060 3061 3062 3063 3064 3065 3066 3067 3068 3069 3070 3071 3072 3073 3074 3075 3076 3077 3078 3080 3081 3082 3083 3084 3085 3086 3087 3088 3089 3090 3091 3092 3093 3094 3095 3096 3097 3098 3099 3100 3101 3102 3103 3104 3105 3106 3107 3108 3109 3111 3112 3113 3114 3115 3116 3117 3118 3119 3120 3121 3122 3123 3124 3125 3126 3127 3128 3129 3130 3131 3132 3133 3134 3135 3136 3137 3138 3139 3140 3156 3157 3158 3159 3160 3161 3162 3163 3164 3165 3166 3167 3168 3169 3170 3171 3173 3174 3175 3176 3177 3178 3179 3180 3181 3182 3183 3184 3185 3186 3187 3188 3189 3190 3191 3192 3193 3194 3195 3196 3197 3198 3199 3200 3201 3202 3232 3233 3237 3238 3239 3240 3241 3242 3243 3244 3245 3246 3247 3248 3249 3250 3251 3252 3253 3254 3255 3256 3257 3258 3259 3260 3261 3262 3263 3264 3295 3309 3310 3311 3312 3313 3314 3315 3316 3317 3318 3319 3320 3321 3322 3323 3324 3325 3326 3329 3330 3331 3332 3333 3334 3335 3336 3337 3338 3339 3340 3341 3342 3343 3344 3345 3346 3347 3348 3349 3350 3351 3352 3353 3354 3355 3356 3357 3373 3374 3375 3376 3377 3378 3379 3380 3381 3382 3383 3384 3385 3386 3387 3388 3419 3446 3447 3448 3449 3450 3463 3464 3465 3466 3467 3468 3469 3470 3471 3472 3473 3474 3475 3476 3477 3478 3479 3480 3481 3510 3511 3512 3517 3518 3519 3520 3521 3522 3523 3524 3525 3526 3527 3528 3529 3530 3531 3532 3533 3534 3535 3536 3537 3538 3539 3540 3541 3542 3543 3554 3555 3556 3557 3558 3559 3560 3561 3562 3563 3564 3565 3566 3567 3568 3569 3570 3571 3572 3573 3574 3578 3579 3580 3581 3582 3583 3584 3585 3586 3587 3588 3589 3590 3591 3592 3593 3594 3595 3596 3597 3598 3599 3600 3601 3602 3603 3604 3605 3622 3623 3624 3625 3626 3627 3628 3629 3630 3631 3632 3633 3634 3635 3636 3679 3680 3681 3682 3683 3684 3685 3686 3687 3688 3689 3690 3691 3692 3693 3694 3695 3696 3697 3698 3700 3701 3702 3703 3704 3705 3706 3707 3708 3709 3710 3711 3712 3713 3714 3715 3716 3717 3718 3719 3720 3721 3722 3723 3724 3725 3726 3727 3728 3729 3760 3791 3819 3820 3821 3822 3848 3849 3850 3851 3852 3853 3856 3857 3858 3859 3860 3861 3862 3863 3864 3865 3866 3867 3868 3869 3870 3871 3872 3873 3874 3875 3876 3877 3878 3879 3880 3881 3882 3883 3884 3899 3900 3901 3902 3903 3904 3905 3906 3907 3908 3909 3910 3911 3912 3913 3914 3915 3946 3948 3949 3950 3951 3952 3953 3954 3955 3956 3957 3958 3959 3960 3961 3962 3963 3964 3965 3966 3967 3968 3969 3970 3971 3972 3973 3974 3975 3976 3977 3979 4008 4116 4145 4185 4227 4266 4295 4316 4383 4435 4462 4502 4535 4544 4585 4605 4645 4673 4728 4770 4806 4844 4879 4946 4973 5003 5022 5023 5024 5035 5036 5037 5038 5039 5040 5041 5042 5043 5044 5045 5046 5047 5048 5049 5050 5051 5052 5053 5054 5055 5056 5057 5060 5061 5062 5063 5064 5065 5066 5067 5068 5069 5070 5071 5072 5073 5074 5075 5076 5077 5078 5079 5080 5081 5082 5083 5084 5085 5086 5087 5088 5091 5092 5093 5094 5095 5096 5097 5098 5099 5100 5101 5102 5103 5104 5105 5106 5107 5108 5109 5110 5111 5112 5113 5114 5115 5116 5117 5118 5119 5148 5149 5150 5166 5167 5168 5169 5170 5171 5172 5173 5174 5175 5176 5177 5178 5179 5180 5181 5183 5184 5185 5186 5187 5188 5189 5190 5191 5192 5193 5194 5195 5196 5197 5198 5199 5200 5201 5202 5203 5204 5205 5206 5207 5208 5209 5210 5211 5212 5220 5221 5222 5223 5224 5225 5226 5227 5228 5229 5230 5231 5232 5233 5234 5235 5236 5237 5238 5239 5240 5241 5242 5243 5270 5271 5272 5273 5274 5299 5300 5301 5302 5303 5304 5305 5327 5328 5329 5330 5331 5332 5333 5334 5335 5336 5364 5365 5366 5367 5398 5405 5406 5407 5408 5409 5410 5411 5412 5413 5414 5415 5416 5417 5418 5419 5420 5421 5422 5423 5424 5425 5426 5427 5428 5429 5442 5443 5444 5445 5446 5447 5448 5449 5450 5451 5452 5453 5454 5455 5456 5457 5458 5459 5460 5483 5484 5485 5486 5487 5488 5489 5490 5491 5501 5502 5503 5504 5505 5506 5507 5508 5509 5510 5511 5512 5513 5514 5515 5516 5517 5518 5519 5520 5521 5522 5526 5527 5528 5529 5530 5531 5532 5533 5534 5535 5536 5537 5538 5539 5540 5541 5542 5543 5544 5545 5546 5547 5548 5549 5550 5551 5552 5553 5579 5580 5581 5582 5583 5584 5587 5588 5589 5590 5591 5592 5593 5594 5595 5596 5597 5598 5599 5600 5601 5602 5603 5604 5605 5606 5607 5608 5609 5610 5611 5612 5613 5614 5615 5630 5631 5632 5633 5634 5635 5636 5637 5638 5639 5640 5641 5642 5643 5644 5645 5646 5652 5653 5654 5655 5656 5657 5658 5659 5660 5661 5662 5663 5664 5665 5666 5667 5668 5669 5670 5671 5672 5673 5674 5675 5676 5677 5701 5702 5703 5704 5705 5706 5707 5708 5739 5770 5791 5792 5793 5794 5795 5796 5797 5798 5799 5800 5801 5813 5814 5815 5816 5817 5818 5819 5820 5821 5822 5823 5824 5825 5826 5827 5828 5829 5830 5831 5832 5846 5847 5848 5849 5850 5851 5852 5853 5854 5855 5856 5857 5858 5859 5860 5861 5862 5863 5893 5894 5925 5936 5937 5938 5939 5940 5941 5942 5943 5944 5945 5946 5947 5948 5949 5950 5951 5952 5953 5954 5955 5956 5961 5962 5963 5964 5965 5966 5967 5968 5969 5970 5971 5972 5973 5974 5975 5976 5977 5978 5979 5980 5981 5982 5983 5984 5985 5986 5987 5991 5999 6001 6006 6016 6116 6157 6214 6251 6287 6326 6337 6362 6414 6451 6467 6501 6540 6562 6617 6644 6680 6696 6741 6839 6855 6877 6910 6953 6986 7024 7042 7043 7044 7047 7051 7076 7077 7078 7079 7080 7081 7083 7084 7085 7086 7087 7088 7089 7090 7091 7092 7093 7094 7095 7096 7097 7098 7099 7100 7101 7102 7103 7104 7105 7106 7107 7108 7109 7110 7111 7112 7115 7116 7117 7118 7119 7120 7121 7122 7123 7124 7125 7126 7127 7128 7129 7130 7131 7132 7133 7134 7135 7136 7137 7138 7139 7140 7141 7142 7143 7152 7153 7154 7155 7156 7157 7158 7159 7160 7161 7162 7163 7164 7165 7166 7167 7168 7169 7170 7171 7172 7173 7174 7192 7193 7194 7195 7196 7197 7198 7199 7200 7201 7202 7203 7204 7205 7207 7208 7209 7210 7211 7212 7213 7214 7215 7216 7217 7218 7219 7220 7221 7222 7223 7224 7225 7226 7227 7228 7229 7230 7231 7232 7233 7234 7235 7236 7263 7264 7265 7266 7267 7278 7279 7280 7281 7282 7283 7284 7285 7286 7287 7288 7289 7290 7291 7292 7293 7294 7295 7296 7297 7298 7311 7312 7313 7314 7315 7316 7317 7318 7319 7320 7321 7322 7323 7324 7325 7326 7327 7328 7329 7345 7346 7347 7348 7349 7350 7351 7352 7353 7354 7355 7356 7357 7358 7359 7360 7370 7371 7372 7373 7374 7375 7376 7377 7378 7379 7380 7381 7382 7383 7384 7385 7386 7387 7388 7389 7390 7391 7416 7417 7418 7419 7420 7421 7422 7450 7451 7452 7453 7474 7475 7476 7477 7478 7479 7480 7481 7482 7483 7484 7499 7500 7501 7502 7503 7504 7505 7506 7507 7508 7509 7510 7511 7512 7513 7514 7515 7539 7540 7541 7542 7543 7544 7545 7546 7577 7589 7590 7591 7592 7593 7594 7595 7596 7597 7598 7599 7600 7601 7602 7603 7604 7605 7606 7607 7608 7658 7659 7660 7661 7662 7663 7664 7665 7666 7667 7668 7669 7670 7699 7700 7701 7715 7716 7717 7718 7719 7720 7721 7722 7723 7724 7725 7726 7727 7728 7729 7730 7731 7732 7739 7740 7741 7742 7743 7744 7745 7746 7747 7748 7749 7750 7751 7752 7753 7754 7755 7756 7757 7758 7759 7760 7761 7762 7763 7794 7825 7847 7848 7849 7850 7851 7852 7853 7854 7855 7856 7876 7877 7878 7879 7880 7881 7882 7883 7884 7885 7886 7887 7895 7896 7897 7898 7899 7900 7901 7902 7903 7904 7905 7906 7907 7908 7909 7910 7911 7912 7913 7914 7915 7916 7917 7918 7935 7936 7937 7938 7939 7940 7941 7942 7943 7944 7945 7946 7947 7948 7949 7972 7973 7974 7975 7976 7977 7978 7979 7980 8010 8011 8016 8074 8160 8193 8228 8244 8271 8310 8360 8427 8479 8506 8542 8579 8588 8629 8649 8689 8717 8742 8850 8888 8923 8947 9017 9047 9073 9081 9083 9084 9100 9101 9102 9103 9104 9105 9106 9107 9108 9109 9110 9111 9112 9113 9114 9138 9139 9140 9141 9142 9143 9144 9145 9176 9197 9198 9199 9200 9201 9202 9203 9204 9205 9206 9207 9220 9221 9222 9223 9224 9225 9226 9227 9228 9229 9230 9231 9232 9233 9234 9235 9236 9237 9238 9269 9276 9277 9278 9279 9280 9281 9282 9283 9284 9285 9286 9287 9288 9289 9290 9291 9292 9293 9294 9295 9296 9297 9298 9299 9300 9319 9320 9321 9322 9323 9324 9325 9326 9327 9328 9329 9330 9331 9348 9349 9350 9351 9352 9353 9354 9355 9356 9357 9358 9359 9360 9361 9362 9375 9376 9377 9378 9379 9380 9381 9382 9383 9384 9385 9386 9387 9388 9389 9390 9391 9392 9393 9413 9414 9415 9416 9417 9418 9419 9420 9421 9422 9423 9424 9440 9441 9442 9443 9444 9445 9446 9447 9448 9449 9450 9451 9452 9453 9454 9455 9461 9462 9463 9464 9465 9466 9467 9468 9469 9470 9471 9472 9473 9474 9475 9476 9477 9478 9479 9480 9481 9482 9483 9484 9485 9486 9496 9497 9498 9499 9500 9501 9502 9503 9504 9505 9506 9507 9508 9509 9510 9511 9512 9513 9514 9515 9516 9517 9532 9533 9534 9535 9536 9537 9538 9539 9540 9541 9542 9543 9544 9545 9546 9547 9548 9556 9557 9558 9559 9560 9561 9562 9563 9564 9565 9566 9567 9568 9569 9570 9571 9572 9573 9574 9575 9576 9577 9578 9579 9582 9583 9584 9585 9586 9587 9588 9589 9590 9591 9592 9593 9594 9595 9596 9597 9598 9599 9600 9601 9602 9603 9604 9605 9606 9607 9608 9609 9610 9628 9629 9630 9631 9632 9633 9634 9635 9636 9637 9638 9639 9640 9641 9643 9644 9645 9646 9647 9648 9649 9650 9651 9652 9653 9654 9655 9656 9657 9658 9659 9660 9661 9662 9663 9664 9665 9666 9667 9668 9669 9670 9671 9672 9684 9685 9686 9687 9688 9689 9690 9691 9692 9693 9694 9695 9696 9697 9698 9699 9700 9701 9702 9703 9708 9709 9710 9711 9712 9713 9714 9715 9716 9717 9718 9719 9720 9721 9722 9723 9724 9725 9726 9727 9728 9729 9730 9731 9732 9733 9734 9750 9751 9752 9753 9754 9755 9756 9757 9758 9759 9760 9761 9762 9763 9764 9765 9788 9789 9790 9791 9792 9793 9794 9795 9796 9827 9839 9840 9841 9842 9843 9844 9845 9846 9847 9848 9849 9850 9851 9852 9853 9854 9855 9856 9857 9858 9867 9868 9869 9870 9871 9872 9873 9874 9875 9876 9877 9878 9879 9880 9881 9882 9883 9884 9885 9886 9887 9888 9889 9900 9901 9902 9903 9904 9905 9906 9907 9908 9909 9910 9911 9912 9913 9914 9915 9916 9917 9918 9919 9920 9942 9943 9944 9945 9946 9947 9948 9949 9950 9951 9965 9966 9967 9968 9969 9970 9971 9972 9973 9974 9975 9976 9977 9978 9979 9980 9981 9982 10013 10017 10018 10019 10020 10021 10022 10023 10024 10025 10026 10027 10028 10029 10030 10031 10032 10033 10034 10035 10036 10037 10038 10039 10040 10041 10042 10043 10044 10066 10088 10113 10162 10223 10238 10299 10428 10466 10517 10552 10567 10641 10707 10762 10807 10838 10848 10891 10921 10957 10996 11069 11119 11121 11125 11127 11129 11158 11159 11164 11165 11166 11167 11168 11169 11170 11171 11172 11173 11174 11175 11176 11177 11178 11179 11180 11181 11182 11183 11184 11185 11186 11187 11188 11189 11190 11203 11204 11205 11206 11207 11208 11209 11210 11211 11212 11213 11214 11215 11216 11217 11218 11219 11220 11221 11223 11224 11225 11226 11227 11228 11229 11230 11231 11232 11233 11234 11235 11236 11237 11238 11239 11240 11241 11242 11243 11244 11245 11246 11247 11248 11249 11250 11251 11252 11274 11275 11276 11277 11278 11279 11280 11281 11282 11283 11295 11296 11297 11298 11299 11300 11301 11302 11303 11304 11305 11306 11307 11308 11309 11310 11311 11312 11313 11314 11347 11348 11349 11350 11351 11352 11353 11354 11355 11356 11357 11358 11359 11360 11361 11362 11363 11364 11365 11366 11367 11368 11369 11370 11371 11372 11373 11374 11375 11376 11379 11380 11381 11382 11383 11384 11385 11386 11387 11388 11389 11390 11391 11392 11393 11394 11395 11396 11397 11398 11399 11400 11401 11402 11403 11404 11405 11406 11407 11438 11441 11442 11443 11444 11445 11446 11447 11448 11449 11450 11451 11452 11453 11454 11455 11456 11457 11458 11459 11460 11461 11462 11463 11464 11465 11466 11467 11468 11469 11498 11499 11500 11531 11557 11558 11559 11560 11561 11562 11580 11581 11582 11583 11584 11585 11586 11587 11588 11589 11590 11591 11592 11593 11621 11622 11623 11624 11626 11627 11628 11629 11630 11631 11632 11633 11634 11635 11636 11637 11638 11639 11640 11641 11642 11643 11644 11645 11646 11647 11648 11649 11650 11651 11652 11653 11654 11655 11671 11672 11673 11674 11675 11676 11677 11678 11679 11680 11681 11682 11683 11684 11685 11686 11688 11689 11690 11691 11692 11693 11694 11695 11696 11697 11698 11699 11700 11701 11702 11703 11704 11705 11706 11707 11708 11709 11710 11711 11712 11713 11714 11715 11716 11717 11740 11741 11742 11743 11744 11745 11746 11747 11748 11751 11752 11753 11754 11755 11756 11757 11758 11759 11760 11761 11762 11763 11764 11765 11766 11767 11768 11769 11770 11771 11772 11773 11774 11775 11776 11777 11778 11779 11796 11797 11798 11799 11800 11801 11802 11803 11804 11805 11806 11807 11808 11809 11810 11824 11825 11826 11827 11828 11829 11830 11831 11832 11833 11834 11835 11836 11837 11838 11839 11840 11841 11865 11866 11867 11868 11869 11870 11871 11872 11893 11894 11895 11896 11897 11898 11899 11900 11901 11902 11903 11930 11931 11932 11933 11934 11959 11960 11961 11962 11963 11964 11965 11980 11981 11982 11983 11984 11985 11986 11987 11988 11989 11990 11991 11992 11993 11994 11995 11996 12016 12017 12018 12019 12020 12021 12022 12023 12024 12025 12026 12027 12058 12060 12061 12062 12063 12064 12065 12066 12067 12068 12069 12070 12071 12072 12073 12074 12075 12076 12077 12078 12079 12080 12081 12082 12083 12084 12085 12086 12087 12088 12089 12091 12119 12125 12142 12190 12192 12250 12283 12354 12390 12429 12511 12566 12596 12632 12679 12739 12779 12816 12833 12882 12940 13013 13032 13107 13149 13177 13182 13183 13190 13191 13192 13193 13194 13195 13196 13197 13198 13199 13200 13201 13202 13203 13204 13205 13206 13207 13208 13209 13210 13211 13212 13213 13214 13215 13216 13278 13297 13298 13299 13300 13301 13302 13303 13304 13305 13306 13307 13308 13309 13320 13321 13322 13323 13324 13325 13326 13327 13328 13329 13330 13331 13332 13333 13334 13335 13336 13337 13338 13339 13340 13371 13402 13420 13421 13422 13423 13424 13425 13426 13427 13428 13429 13430 13431 13432 13433 13450 13451 13452 13453 13454 13455 13456 13457 13458 13459 13460 13461 13462 13463 13464 13477 13478 13479 13480 13481 13482 13483 13484 13485 13486 13487 13488 13489 13490 13491 13492 13493 13494 13495 13526 13557 13561 13562 13563 13564 13565 13566 13567 13568 13569 13570 13571 13572 13573 13574 13575 13576 13577 13578 13579 13580 13581 13582 13583 13584 13585 13586 13587 13588 13596 13597 13598 13599 13600 13601 13602 13603 13604 13605 13606 13607 13608 13609 13610 13611 13612 13613 13614 13615 13616 13617 13618 13619 13633 13634 13635 13636 13637 13638 13639 13640 13641 13642 13643 13644 13645 13646 13647 13648 13649 13650 13656 13657 13658 13659 13660 13661 13662 13663 13664 13665 13666 13667 13668 13669 13670 13671 13672 13673 13674 13675 13676 13677 13678 13679 13680 13681 13712 13728 13729 13730 13731 13732 13733 13734 13735 13736 13737 13738 13739 13740 13741 13742 13743 13774 13784 13785 13786 13787 13788 13789 13790 13791 13792 13793 13794 13795 13796 13797 13798 13799 13800 13801 13802 13803 13804 13805 13808 13809 13810 13811 13812 13813 13814 13815 13816 13817 13818 13819 13820 13821 13822 13823 13824 13825 13826 13827 13828 13829 13830 13831 13832 13833 13834 13835 13836 13851 13852 13853 13854 13855 13856 13857 13858 13859 13860 13861 13862 13863 13864 13865 13866 13867 13897 13898 13907 13908 13909 13910 13911 13912 13913 13914 13915 13916 13917 13918 13919 13920 13921 13922 13923 13924 13925 13926 13927 13928 13929 13960 13967 13968 13969 13970 13971 13972 13973 13974 13975 13976 13977 13978 13979 13980 13981 13982 13983 13984 13985 13986 13987 13988 13989 13990 13991 14022 14051 14052 14053 14065 14066 14067 14068 14069 14070 14071 14072 14073 14074 14075 14076 14077 14078 14079 14080 14081 14082 14083 14084 14115 14117 14118 14119 14120 14121 14122 14123 14124 14125 14126 14127 14128 14129 14130 14131 14132 14133 14134 14135 14136 14137 14138 14139 14140 14141 14142 14143 14144 14145 14146 14151 14161 14163 14201 14244 14296 14337 14351 14394 14422 14467 14502 14517 14573 14574 14631 14647 14676 14824 14876 14921 14962 15019 15035 15057 15133 15187 15238 15247 15254 15285 15296 15297 15298 15299 15300 15301 15302 15303 15304 15305 15306 15307 15308 15309 15310 15311 15312 15313 15314 15315 15316 15347 15361 15362 15363 15364 15365 15366 15367 15368 15369 15370 15371 15372 15373 15374 15375 15376 15377 15378 15400 15401 15402 15403 15404 15405 15406 15407 15408 15409 15419 15420 15421 15422 15423 15424 15425 15426 15427 15428 15429 15430 15431 15432 15433 15434 15435 15436 15437 15438 15439 15440 15469 15470 15471 15487 15488 15489 15490 15491 15492 15493 15494 15495 15496 15497 15498 15499 15500 15501 15502 15519 15520 15521 15522 15523 15524 15525 15526 15527 15528 15529 15530 15531 15532 15533 15553 15554 15555 15556 15557 15558 15559 15560 15561 15562 15563 15564 15579 15580 15581 15582 15583 15584 15585 15586 15587 15588 15589 15590 15591 15592 15593 15594 15595 15656 15657 15682 15683 15684 15685 15686 15687 15688 15707 15708 15709 15710 15711 15712 15713 15714 15715 15716 15717 15718 15719 15747 15748 15749 15750 15764 15765 15766 15767 15768 15769 15770 15771 15772 15773 15774 15775 15776 15777 15778 15779 15780 15781 15841 15842 15843 15866 15867 15868 15869 15870 15871 15872 15873 15874 15891 15892 15893 15894 15895 15896 15897 15898 15899 15900 15901 15902 15903 15904 15905 15923 15924 15925 15926 15927 15928 15929 15930 15931 15932 15933 15934 15935 15936 15948 15949 15950 15951 15952 15953 15954 15955 15956 15957 15958 15959 15960 15961 15962 15963 15964 15965 15966 15967 15998 16019 16020 16021 16022 16023 16024 16025 16026 16027 16028 16029 16055 16056 16057 16058 16059 16060 16084 16085 16086 16087 16088 16089 16090 16091 16104 16105 16106 16107 16108 16109 16110 16111 16112 16113 16114 16115 16116 16117 16118 16119 16120 16121 16122 16180 16181 16182 16183 16184 16214 16215 16228 16237 16247 16368 16417 16520 16538 16567 16707 16734 16836 16877 16945 17026 17042 17078 17116 17132 17280 17335 17336 17459 17482 17483 17484 17485 17486 17487 17488 17489 17490 17611 17612 17613 17614 17639 17640 17641 17642 17643 17644 17645 17758 17759 17760 17761 17762 17763 17764 17765 17766 17767 17768 17769 17795 17796 17797 17798 17799 17800 17891 17892 17893 17946 17947 17948 17949 17950 17951 17952 17953 17954 17955 18013 18014 18015 18016 18017 18066 18067 18068 18069 18070 18071 18072 18073 18074 18075 18076 18077 18078 18079 18103 18104 18105 18106 18107 18108 18109 18110 18129 18130 18131 18132 18133 18134 18135 18136 18137 18138 18139 18140 18141 18162 18163 18164 18165 18166 18167 18168 18169 18170 18171 18172 18202 18203
c Using COMiniSatPS SAT solver by Chanseok Oh (2016)
[UWrMaxSAT] meta file: p4_A-n32-k5_r50v9k3.meta
[UWrMaxSAT] meta loaded OK.
[UWrMaxSAT] Loaded 4111 assumption literals from p4_A-n32-k5_r49v9k3.wcnf.asm
c Parsing MaxSAT file...
c Start timer (tic-tac ...)
c c Found solution: 3032415
c ============================[  Problem Statistics ]============================
c |  Number of variables:         10361                                         |
c |  Number of clauses:           66965 (incl.         1971 soft in queue)      |
c ===============================================================================
c [Elapsed time] 0.10 s
c Found solution: 3028116
c [UWrMaxSAT] Timeout reached inside slice loop. Stopping.
c *** Interrupted ***
c [1mSATISFIABLE: Best solution found: 3028116[0m
v 7 148 205 317 353 405 442 458 492 608 635 659 687 830 846 901 944 1014 1131 1172 1229 1266 1341 1352 1429 1466 1482 1511 1590 1659 1696 1711 1840 1870 1925 2020 2050 2052 2054 2056 2070 2071 2072 2073 2074 2075 2076 2077 2078 2079 2080 2081 2082 2083 2084 2085 2086 2088 2089 2090 2091 2092 2093 2094 2095 2096 2097 2098 2099 2100 2101 2102 2103 2104 2105 2106 2107 2108 2109 2110 2111 2112 2113 2114 2115 2116 2117 2119 2120 2121 2122 2123 2124 2125 2126 2127 2128 2129 2130 2131 2132 2133 2134 2135 2136 2137 2138 2139 2140 2141 2142 2143 2144 2145 2146 2147 2148 2150 2151 2152 2153 2154 2155 2156 2157 2158 2159 2160 2161 2162 2163 2164 2165 2166 2167 2168 2169 2170 2171 2172 2173 2174 2175 2176 2177 2178 2179 2186 2187 2188 2189 2190 2191 2192 2193 2194 2195 2196 2197 2198 2199 2200 2201 2202 2203 2204 2205 2206 2207 2208 2209 2210 2213 2214 2215 2216 2217 2218 2219 2220 2221 2222 2223 2224 2225 2226 2227 2228 2229 2230 2231 2232 2233 2234 2235 2236 2237 2238 2239 2240 2241 2265 2266 2267 2268 2269 2270 2271 2272 2274 2275 2276 2277 2278 2279 2280 2281 2282 2283 2284 2285 2286 2287 2288 2289 2290 2291 2292 2293 2294 2295 2296 2297 2298 2299 2300 2301 2302 2303 2306 2307 2308 2309 2310 2311 2312 2313 2314 2315 2316 2317 2318 2319 2320 2321 2322 2323 2324 2325 2326 2327 2328 2329 2330 2331 2332 2333 2334 2339 2340 2341 2342 2343 2344 2345 2346 2347 2348 2349 2350 2351 2352 2353 2354 2355 2356 2357 2358 2359 2360 2361 2362 2363 2364 2365 2367 2368 2369 2370 2371 2372 2373 2374 2375 2376 2377 2378 2379 2380 2381 2382 2383 2384 2385 2386 2387 2388 2389 2390 2391 2392 2393 2394 2395 2396 2410 2411 2412 2413 2414 2415 2416 2417 2418 2419 2420 2421 2422 2423 2424 2425 2426 2427 2452 2453 2454 2455 2456 2457 2458 2468 2469 2470 2471 2472 2473 2474 2475 2476 2477 2478 2479 2480 2481 2482 2483 2484 2485 2486 2487 2488 2489 2493 2494 2495 2496 2497 2498 2499 2500 2501 2502 2503 2504 2505 2506 2507 2508 2509 2510 2511 2512 2513 2514 2515 2516 2517 2518 2519 2520 2533 2534 2535 2536 2537 2538 2539 2540 2541 2542 2543 2544 2545 2546 2547 2548 2549 2550 2551 2554 2555 2556 2557 2558 2559 2560 2561 2562 2563 2564 2565 2566 2567 2568 2569 2570 2571 2572 2573 2574 2575 2576 2577 2578 2579 2580 2581 2582 2585 2586 2587 2588 2589 2590 2591 2592 2593 2594 2595 2596 2597 2598 2599 2600 2601 2602 2603 2604 2605 2606 2607 2608 2609 2610 2611 2612 2613 2640 2641 2642 2643 2644 2652 2653 2654 2655 2656 2657 2658 2659 2660 2661 2662 2663 2664 2665 2666 2667 2668 2669 2670 2671 2672 2673 2674 2675 2701 2702 2703 2704 2705 2706 2709 2710 2711 2712 2713 2714 2715 2716 2717 2718 2719 2720 2721 2722 2723 2724 2725 2726 2727 2728 2729 2730 2731 2732 2733 2734 2735 2736 2737 2739 2740 2741 2742 2743 2744 2745 2746 2747 2748 2749 2750 2751 2752 2753 2754 2755 2756 2757 2758 2759 2760 2761 2762 2763 2764 2765 2766 2767 2768 2795 2796 2797 2798 2799 2816 2817 2818 2819 2820 2821 2822 2823 2824 2825 2826 2827 2828 2829 2830 2841 2842 2843 2844 2845 2846 2847 2848 2849 2850 2851 2852 2853 2854 2855 2856 2857 2858 2859 2860 2861 2870 2871 2872 2873 2874 2875 2876 2877 2878 2879 2880 2881 2882 2883 2884 2885 2886 2887 2888 2889 2890 2891 2892 2894 2895 2896 2897 2898 2899 2900 2901 2902 2903 2904 2905 2906 2907 2908 2909 2910 2911 2912 2913 2914 2915 2916 2917 2918 2919 2920 2921 2922 2923 2929 2930 2931 2932 2933 2934 2935 2936 2937 2938 2939 2940 2941 2942 2943 2944 2945 2946 2947 2948 2949 2950 2951 2952 2953 2954 2966 2967 2968 2969 2970 2971 2972 2973 2974 2975 2976 2977 2978 2979 2980 2981 2982 2983 2984 2985 2987 2988 2989 2990 2991 2992 2993 2994 2995 2996 2997 2998 2999 3000 3001 3002 3003 3004 3005 3006 3007 3008 3009 3010 3011 3012 3013 3014 3015 3016 3031 3032 3033 3034 3035 3036 3037 3038 3039 3040 3041 3042 3043 3044 3045 3046 3047 3050 3051 3052 3053 3054 3055 3056 3057 3058 3059 3060 3061 3062 3063 3064 3065 3066 3067 3068 3069 3070 3071 3072 3073 3074 3075 3076 3077 3078 3080 3081 3082 3083 3084 3085 3086 3087 3088 3089 3090 3091 3092 3093 3094 3095 3096 3097 3098 3099 3100 3101 3102 3103 3104 3105 3106 3107 3108 3109 3111 3112 3113 3114 3115 3116 3117 3118 3119 3120 3121 3122 3123 3124 3125 3126 3127 3128 3129 3130 3131 3132 3133 3134 3135 3136 3137 3138 3139 3140 3156 3157 3158 3159 3160 3161 3162 3163 3164 3165 3166 3167 3168 3169 3170 3171 3173 3174 3175 3176 3177 3178 3179 3180 3181 3182 3183 3184 3185 3186 3187 3188 3189 3190 3191 3192 3193 3194 3195 3196 3197 3198 3199 3200 3201 3202 3232 3233 3237 3238 3239 3240 3241 3242 3243 3244 3245 3246 3247 3248 3249 3250 3251 3252 3253 3254 3255 3256 3257 3258 3259 3260 3261 3262 3263 3264 3295 3309 3310 3311 3312 3313 3314 3315 3316 3317 3318 3319 3320 3321 3322 3323 3324 3325 3326 3329 3330 3331 3332 3333 3334 3335 3336 3337 3338 3339 3340 3341 3342 3343 3344 3345 3346 3347 3348 3349 3350 3351 3352 3353 3354 3355 3356 3357 3373 3374 3375 3376 3377 3378 3379 3380 3381 3382 3383 3384 3385 3386 3387 3388 3419 3446 3447 3448 3449 3450 3463 3464 3465 3466 3467 3468 3469 3470 3471 3472 3473 3474 3475 3476 3477 3478 3479 3480 3481 3510 3511 3512 3517 3518 3519 3520 3521 3522 3523 3524 3525 3526 3527 3528 3529 3530 3531 3532 3533 3534 3535 3536 3537 3538 3539 3540 3541 3542 3543 3554 3555 3556 3557 3558 3559 3560 3561 3562 3563 3564 3565 3566 3567 3568 3569 3570 3571 3572 3573 3574 3578 3579 3580 3581 3582 3583 3584 3585 3586 3587 3588 3589 3590 3591 3592 3593 3594 3595 3596 3597 3598 3599 3600 3601 3602 3603 3604 3605 3622 3623 3624 3625 3626 3627 3628 3629 3630 3631 3632 3633 3634 3635 3636 3679 3680 3681 3682 3683 3684 3685 3686 3687 3688 3689 3690 3691 3692 3693 3694 3695 3696 3697 3698 3700 3701 3702 3703 3704 3705 3706 3707 3708 3709 3710 3711 3712 3713 3714 3715 3716 3717 3718 3719 3720 3721 3722 3723 3724 3725 3726 3727 3728 3729 3760 3791 3819 3820 3821 3822 3848 3849 3850 3851 3852 3853 3856 3857 3858 3859 3860 3861 3862 3863 3864 3865 3866 3867 3868 3869 3870 3871 3872 3873 3874 3875 3876 3877 3878 3879 3880 3881 3882 3883 3884 3899 3900 3901 3902 3903 3904 3905 3906 3907 3908 3909 3910 3911 3912 3913 3914 3915 3946 3948 3949 3950 3951 3952 3953 3954 3955 3956 3957 3958 3959 3960 3961 3962 3963 3964 3965 3966 3967 3968 3969 3970 3971 3972 3973 3974 3975 3976 3977 3979 4008 4116 4145 4185 4227 4266 4295 4316 4383 4435 4462 4502 4535 4544 4585 4605 4645 4673 4728 4770 4806 4844 4879 4946 4973 5003 5022 5023 5024 5035 5036 5037 5038 5039 5040 5041 5042 5043 5044 5045 5046 5047 5048 5049 5050 5051 5052 5053 5054 5055 5056 5057 5060 5061 5062 5063 5064 5065 5066 5067 5068 5069 5070 5071 5072 5073 5074 5075 5076 5077 5078 5079 5080 5081 5082 5083 5084 5085 5086 5087 5088 5091 5092 5093 5094 5095 5096 5097 5098 5099 5100 5101 5102 5103 5104 5105 5106 5107 5108 5109 5110 5111 5112 5113 5114 5115 5116 5117 5118 5119 5148 5149 5150 5166 5167 5168 5169 5170 5171 5172 5173 5174 5175 5176 5177 5178 5179 5180 5181 5183 5184 5185 5186 5187 5188 5189 5190 5191 5192 5193 5194 5195 5196 5197 5198 5199 5200 5201 5202 5203 5204 5205 5206 5207 5208 5209 5210 5211 5212 5220 5221 5222 5223 5224 5225 5226 5227 5228 5229 5230 5231 5232 5233 5234 5235 5236 5237 5238 5239 5240 5241 5242 5243 5270 5271 5272 5273 5274 5299 5300 5301 5302 5303 5304 5305 5327 5328 5329 5330 5331 5332 5333 5334 5335 5336 5364 5365 5366 5367 5398 5405 5406 5407 5408 5409 5410 5411 5412 5413 5414 5415 5416 5417 5418 5419 5420 5421 5422 5423 5424 5425 5426 5427 5428 5429 5442 5443 5444 5445 5446 5447 5448 5449 5450 5451 5452 5453 5454 5455 5456 5457 5458 5459 5460 5483 5484 5485 5486 5487 5488 5489 5490 5491 5501 5502 5503 5504 5505 5506 5507 5508 5509 5510 5511 5512 5513 5514 5515 5516 5517 5518 5519 5520 5521 5522 5526 5527 5528 5529 5530 5531 5532 5533 5534 5535 5536 5537 5538 5539 5540 5541 5542 5543 5544 5545 5546 5547 5548 5549 5550 5551 5552 5553 5579 5580 5581 5582 5583 5584 5587 5588 5589 5590 5591 5592 5593 5594 5595 5596 5597 5598 5599 5600 5601 5602 5603 5604 5605 5606 5607 5608 5609 5610 5611 5612 5613 5614 5615 5630 5631 5632 5633 5634 5635 5636 5637 5638 5639 5640 5641 5642 5643 5644 5645 5646 5652 5653 5654 5655 5656 5657 5658 5659 5660 5661 5662 5663 5664 5665 5666 5667 5668 5669 5670 5671 5672 5673 5674 5675 5676 5677 5701 5702 5703 5704 5705 5706 5707 5708 5739 5770 5791 5792 5793 5794 5795 5796 5797 5798 5799 5800 5801 5813 5814 5815 5816 5817 5818 5819 5820 5821 5822 5823 5824 5825 5826 5827 5828 5829 5830 5831 5832 5846 5847 5848 5849 5850 5851 5852 5853 5854 5855 5856 5857 5858 5859 5860 5861 5862 5863 5893 5894 5925 5936 5937 5938 5939 5940 5941 5942 5943 5944 5945 5946 5947 5948 5949 5950 5951 5952 5953 5954 5955 5956 5961 5962 5963 5964 5965 5966 5967 5968 5969 5970 5971 5972 5973 5974 5975 5976 5977 5978 5979 5980 5981 5982 5983 5984 5985 5986 5987 5991 5999 6001 6006 6016 6116 6157 6214 6251 6287 6326 6337 6362 6414 6451 6467 6501 6540 6562 6617 6644 6680 6696 6741 6839 6855 6877 6910 6953 6986 7024 7042 7043 7044 7047 7051 7076 7077 7078 7079 7080 7081 7083 7084 7085 7086 7087 7088 7089 7090 7091 7092 7093 7094 7095 7096 7097 7098 7099 7100 7101 7102 7103 7104 7105 7106 7107 7108 7109 7110 7111 7112 7115 7116 7117 7118 7119 7120 7121 7122 7123 7124 7125 7126 7127 7128 7129 7130 7131 7132 7133 7134 7135 7136 7137 7138 7139 7140 7141 7142 7143 7152 7153 7154 7155 7156 7157 7158 7159 7160 7161 7162 7163 7164 7165 7166 7167 7168 7169 7170 7171 7172 7173 7174 7192 7193 7194 7195 7196 7197 7198 7199 7200 7201 7202 7203 7204 7205 7207 7208 7209 7210 7211 7212 7213 7214 7215 7216 7217 7218 7219 7220 7221 7222 7223 7224 7225 7226 7227 7228 7229 7230 7231 7232 7233 7234 7235 7236 7263 7264 7265 7266 7267 7278 7279 7280 7281 7282 7283 7284 7285 7286 7287 7288 7289 7290 7291 7292 7293 7294 7295 7296 7297 7298 7311 7312 7313 7314 7315 7316 7317 7318 7319 7320 7321 7322 7323 7324 7325 7326 7327 7328 7329 7345 7346 7347 7348 7349 7350 7351 7352 7353 7354 7355 7356 7357 7358 7359 7360 7370 7371 7372 7373 7374 7375 7376 7377 7378 7379 7380 7381 7382 7383 7384 7385 7386 7387 7388 7389 7390 7391 7416 7417 7418 7419 7420 7421 7422 7450 7451 7452 7453 7474 7475 7476 7477 7478 7479 7480 7481 7482 7483 7484 7499 7500 7501 7502 7503 7504 7505 7506 7507 7508 7509 7510 7511 7512 7513 7514 7515 7539 7540 7541 7542 7543 7544 7545 7546 7577 7589 7590 7591 7592 7593 7594 7595 7596 7597 7598 7599 7600 7601 7602 7603 7604 7605 7606 7607 7608 7658 7659 7660 7661 7662 7663 7664 7665 7666 7667 7668 7669 7670 7699 7700 7701 7715 7716 7717 7718 7719 7720 7721 7722 7723 7724 7725 7726 7727 7728 7729 7730 7731 7732 7739 7740 7741 7742 7743 7744 7745 7746 7747 7748 7749 7750 7751 7752 7753 7754 7755 7756 7757 7758 7759 7760 7761 7762 7763 7794 7825 7847 7848 7849 7850 7851 7852 7853 7854 7855 7856 7876 7877 7878 7879 7880 7881 7882 7883 7884 7885 7886 7887 7895 7896 7897 7898 7899 7900 7901 7902 7903 7904 7905 7906 7907 7908 7909 7910 7911 7912 7913 7914 7915 7916 7917 7918 7935 7936 7937 7938 7939 7940 7941 7942 7943 7944 7945 7946 7947 7948 7949 7972 7973 7974 7975 7976 7977 7978 7979 7980 8010 8011 8016 8074 8160 8193 8228 8244 8271 8310 8360 8427 8479 8506 8542 8579 8588 8629 8649 8689 8717 8742 8850 8888 8923 8947 9017 9047 9073 9081 9083 9084 9100 9101 9102 9103 9104 9105 9106 9107 9108 9109 9110 9111 9112 9113 9114 9138 9139 9140 9141 9142 9143 9144 9145 9176 9197 9198 9199 9200 9201 9202 9203 9204 9205 9206 9207 9220 9221 9222 9223 9224 9225 9226 9227 9228 9229 9230 9231 9232 9233 9234 9235 9236 9237 9238 9269 9276 9277 9278 9279 9280 9281 9282 9283 9284 9285 9286 9287 9288 9289 9290 9291 9292 9293 9294 9295 9296 9297 9298 9299 9300 9319 9320 9321 9322 9323 9324 9325 9326 9327 9328 9329 9330 9331 9348 9349 9350 9351 9352 9353 9354 9355 9356 9357 9358 9359 9360 9361 9362 9375 9376 9377 9378 9379 9380 9381 9382 9383 9384 9385 9386 9387 9388 9389 9390 9391 9392 9393 9413 9414 9415 9416 9417 9418 9419 9420 9421 9422 9423 9424 9440 9441 9442 9443 9444 9445 9446 9447 9448 9449 9450 9451 9452 9453 9454 9455 9461 9462 9463 9464 9465 9466 9467 9468 9469 9470 9471 9472 9473 9474 9475 9476 9477 9478 9479 9480 9481 9482 9483 9484 9485 9486 9496 9497 9498 9499 9500 9501 9502 9503 9504 9505 9506 9507 9508 9509 9510 9511 9512 9513 9514 9515 9516 9517 9532 9533 9534 9535 9536 9537 9538 9539 9540 9541 9542 9543 9544 9545 9546 9547 9548 9556 9557 9558 9559 9560 9561 9562 9563 9564 9565 9566 9567 9568 9569 9570 9571 9572 9573 9574 9575 9576 9577 9578 9579 9582 9583 9584 9585 9586 9587 9588 9589 9590 9591 9592 9593 9594 9595 9596 9597 9598 9599 9600 9601 9602 9603 9604 9605 9606 9607 9608 9609 9610 9628 9629 9630 9631 9632 9633 9634 9635 9636 9637 9638 9639 9640 9641 9643 9644 9645 9646 9647 9648 9649 9650 9651 9652 9653 9654 9655 9656 9657 9658 9659 9660 9661 9662 9663 9664 9665 9666 9667 9668 9669 9670 9671 9672 9684 9685 9686 9687 9688 9689 9690 9691 9692 9693 9694 9695 9696 9697 9698 9699 9700 9701 9702 9703 9708 9709 9710 9711 9712 9713 9714 9715 9716 9717 9718 9719 9720 9721 9722 9723 9724 9725 9726 9727 9728 9729 9730 9731 9732 9733 9734 9750 9751 9752 9753 9754 9755 9756 9757 9758 9759 9760 9761 9762 9763 9764 9765 9788 9789 9790 9791 9792 9793 9794 9795 9796 9827 9839 9840 9841 9842 9843 9844 9845 9846 9847 9848 9849 9850 9851 9852 9853 9854 9855 9856 9857 9858 9867 9868 9869 9870 9871 9872 9873 9874 9875 9876 9877 9878 9879 9880 9881 9882 9883 9884 9885 9886 9887 9888 9889 9900 9901 9902 9903 9904 9905 9906 9907 9908 9909 9910 9911 9912 9913 9914 9915 9916 9917 9918 9919 9920 9942 9943 9944 9945 9946 9947 9948 9949 9950 9951 9965 9966 9967 9968 9969 9970 9971 9972 9973 9974 9975 9976 9977 9978 9979 9980 9981 9982 10013 10017 10018 10019 10020 10021 10022 10023 10024 10025 10026 10027 10028 10029 10030 10031 10032 10033 10034 10035 10036 10037 10038 10039 10040 10041 10042 10043 10044 10066 10088 10113 10162 10223 10238 10299 10428 10466 10517 10552 10567 10641 10707 10762 10807 10838 10848 10891 10921 10957 10996 11069 11119 11121 11125 11127 11129 11158 11159 11164 11165 11166 11167 11168 11169 11170 11171 11172 11173 11174 11175 11176 11177 11178 11179 11180 11181 11182 11183 11184 11185 11186 11187 11188 11189 11190 11203 11204 11205 11206 11207 11208 11209 11210 11211 11212 11213 11214 11215 11216 11217 11218 11219 11220 11221 11223 11224 11225 11226 11227 11228 11229 11230 11231 11232 11233 11234 11235 11236 11237 11238 11239 11240 11241 11242 11243 11244 11245 11246 11247 11248 11249 11250 11251 11252 11274 11275 11276 11277 11278 11279 11280 11281 11282 11283 11295 11296 11297 11298 11299 11300 11301 11302 11303 11304 11305 11306 11307 11308 11309 11310 11311 11312 11313 11314 11347 11348 11349 11350 11351 11352 11353 11354 11355 11356 11357 11358 11359 11360 11361 11362 11363 11364 11365 11366 11367 11368 11369 11370 11371 11372 11373 11374 11375 11376 11379 11380 11381 11382 11383 11384 11385 11386 11387 11388 11389 11390 11391 11392 11393 11394 11395 11396 11397 11398 11399 11400 11401 11402 11403 11404 11405 11406 11407 11438 11441 11442 11443 11444 11445 11446 11447 11448 11449 11450 11451 11452 11453 11454 11455 11456 11457 11458 11459 11460 11461 11462 11463 11464 11465 11466 11467 11468 11469 11498 11499 11500 11531 11557 11558 11559 11560 11561 11562 11580 11581 11582 11583 11584 11585 11586 11587 11588 11589 11590 11591 11592 11593 11621 11622 11623 11624 11626 11627 11628 11629 11630 11631 11632 11633 11634 11635 11636 11637 11638 11639 11640 11641 11642 11643 11644 11645 11646 11647 11648 11649 11650 11651 11652 11653 11654 11655 11671 11672 11673 11674 11675 11676 11677 11678 11679 11680 11681 11682 11683 11684 11685 11686 11688 11689 11690 11691 11692 11693 11694 11695 11696 11697 11698 11699 11700 11701 11702 11703 11704 11705 11706 11707 11708 11709 11710 11711 11712 11713 11714 11715 11716 11717 11740 11741 11742 11743 11744 11745 11746 11747 11748 11751 11752 11753 11754 11755 11756 11757 11758 11759 11760 11761 11762 11763 11764 11765 11766 11767 11768 11769 11770 11771 11772 11773 11774 11775 11776 11777 11778 11779 11796 11797 11798 11799 11800 11801 11802 11803 11804 11805 11806 11807 11808 11809 11810 11824 11825 11826 11827 11828 11829 11830 11831 11832 11833 11834 11835 11836 11837 11838 11839 11840 11841 11865 11866 11867 11868 11869 11870 11871 11872 11893 11894 11895 11896 11897 11898 11899 11900 11901 11902 11903 11930 11931 11932 11933 11934 11959 11960 11961 11962 11963 11964 11965 11980 11981 11982 11983 11984 11985 11986 11987 11988 11989 11990 11991 11992 11993 11994 11995 11996 12016 12017 12018 12019 12020 12021 12022 12023 12024 12025 12026 12027 12058 12060 12061 12062 12063 12064 12065 12066 12067 12068 12069 12070 12071 12072 12073 12074 12075 12076 12077 12078 12079 12080 12081 12082 12083 12084 12085 12086 12087 12088 12089 12091 12119 12125 12142 12190 12192 12250 12283 12354 12390 12429 12511 12566 12596 12632 12679 12739 12779 12816 12833 12882 12940 13013 13032 13107 13149 13177 13182 13183 13190 13191 13192 13193 13194 13195 13196 13197 13198 13199 13200 13201 13202 13203 13204 13205 13206 13207 13208 13209 13210 13211 13212 13213 13214 13215 13216 13247 13277 13278 13297 13298 13299 13300 13301 13302 13303 13304 13305 13306 13307 13308 13309 13320 13321 13322 13323 13324 13325 13326 13327 13328 13329 13330 13331 13332 13333 13334 13335 13336 13337 13338 13339 13340 13371 13402 13420 13421 13422 13423 13424 13425 13426 13427 13428 13429 13430 13431 13432 13433 13450 13451 13452 13453 13454 13455 13456 13457 13458 13459 13460 13461 13462 13463 13464 13477 13478 13479 13480 13481 13482 13483 13484 13485 13486 13487 13488 13489 13490 13491 13492 13493 13494 13495 13526 13539 13540 13541 13542 13543 13544 13545 13546 13547 13548 13549 13550 13551 13552 13553 13554 13555 13556 13557 13561 13562 13563 13564 13565 13566 13567 13568 13569 13570 13571 13572 13573 13574 13575 13576 13577 13578 13579 13580 13581 13582 13583 13584 13585 13586 13587 13588 13596 13597 13598 13599 13600 13601 13602 13603 13604 13605 13606 13607 13608 13609 13610 13611 13612 13613 13614 13615 13616 13617 13618 13619 13633 13634 13635 13636 13637 13638 13639 13640 13641 13642 13643 13644 13645 13646 13647 13648 13649 13650 13656 13657 13658 13659 13660 13661 13662 13663 13664 13665 13666 13667 13668 13669 13670 13671 13672 13673 13674 13675 13676 13677 13678 13679 13680 13681 13712 13728 13729 13730 13731 13732 13733 13734 13735 13736 13737 13738 13739 13740 13741 13742 13743 13774 13784 13785 13786 13787 13788 13789 13790 13791 13792 13793 13794 13795 13796 13797 13798 13799 13800 13801 13802 13803 13804 13805 13808 13809 13810 13811 13812 13813 13814 13815 13816 13817 13818 13819 13820 13821 13822 13823 13824 13825 13826 13827 13828 13829 13830 13831 13832 13833 13834 13835 13836 13851 13852 13853 13854 13855 13856 13857 13858 13859 13860 13861 13862 13863 13864 13865 13866 13867 13896 13897 13898 13907 13908 13909 13910 13911 13912 13913 13914 13915 13916 13917 13918 13919 13920 13921 13922 13923 13924 13925 13926 13927 13928 13929 13960 13967 13968 13969 13970 13971 13972 13973 13974 13975 13976 13977 13978 13979 13980 13981 13982 13983 13984 13985 13986 13987 13988 13989 13990 13991 14022 14050 14051 14052 14053 14065 14066 14067 14068 14069 14070 14071 14072 14073 14074 14075 14076 14077 14078 14079 14080 14081 14082 14083 14084 14096 14097 14098 14099 14100 14101 14102 14103 14104 14105 14106 14107 14108 14109 14110 14111 14112 14113 14114 14115 14117 14118 14119 14120 14121 14122 14123 14124 14125 14126 14127 14128 14129 14130 14131 14132 14133 14134 14135 14136 14137 14138 14139 14140 14141 14142 14143 14144 14145 14146 14151 14161 14163 14201 14244 14296 14337 14351 14394 14422 14467 14502 14517 14573 14574 14631 14647 14676 14824 14876 14921 14962 15019 15035 15057 15133 15187 15238 15247 15254 15285 15296 15297 15298 15299 15300 15301 15302 15303 15304 15305 15306 15307 15308 15309 15310 15311 15312 15313 15314 15315 15316 15347 15361 15362 15363 15364 15365 15366 15367 15368 15369 15370 15371 15372 15373 15374 15375 15376 15377 15378 15400 15401 15402 15403 15404 15405 15406 15407 15408 15409 15419 15420 15421 15422 15423 15424 15425 15426 15427 15428 15429 15430 15431 15432 15433 15434 15435 15436 15437 15438 15439 15440 15469 15470 15471 15487 15488 15489 15490 15491 15492 15493 15494 15495 15496 15497 15498 15499 15500 15501 15502 15519 15520 15521 15522 15523 15524 15525 15526 15527 15528 15529 15530 15531 15532 15533 15553 15554 15555 15556 15557 15558 15559 15560 15561 15562 15563 15564 15579 15580 15581 15582 15583 15584 15585 15586 15587 15588 15589 15590 15591 15592 15593 15594 15595 15656 15657 15682 15683 15684 15685 15686 15687 15688 15707 15708 15709 15710 15711 15712 15713 15714 15715 15716 15717 15718 15719 15747 15748 15749 15750 15764 15765 15766 15767 15768 15769 15770 15771 15772 15773 15774 15775 15776 15777 15778 15779 15780 15781 15841 15842 15843 15866 15867 15868 15869 15870 15871 15872 15873 15874 15891 15892 15893 15894 15895 15896 15897 15898 15899 15900 15901 15902 15903 15904 15905 15923 15924 15925 15926 15927 15928 15929 15930 15931 15932 15933 15934 15935 15936 15948 15949 15950 15951 15952 15953 15954 15955 15956 15957 15958 15959 15960 15961 15962 15963 15964 15965 15966 15967 15998 16019 16020 16021 16022 16023 16024 16025 16026 16027 16028 16029 16055 16056 16057 16058 16059 16060 16084 16085 16086 16087 16088 16089 16090 16091 16104 16105 16106 16107 16108 16109 16110 16111 16112 16113 16114 16115 16116 16117 16118 16119 16120 16121 16122 16153 16180 16181 16182 16183 16184 16214 16215 16228 16237 16247 16368 16417 16520 16538 16567 16707 16734 16836 16877 16945 17026 17042 17078 17116 17132 17280 17335 17336 17352 17353 17354 17355 17356 17357 17358 17359 17360 17361 17362 17363 17364 17365 17366 17374 17375 17376 17377 17378 17379 17380 17381 17382 17383 17384 17385 17386 17387 17388 17389 17390 17391 17392 17393 17394 17395 17396 17397 17428 17459 17469 17470 17471 17472 17473 17474 17475 17476 17477 17478 17479 17480 17481 17482 17483 17484 17485 17486 17487 17488 17489 17490 17521 17538 17539 17540 17541 17542 17543 17544 17545 17546 17547 17548 17549 17550 17551 17552 17598 17599 17600 17601 17602 17603 17604 17605 17606 17607 17608 17609 17610 17611 17612 17613 17614 17626 17627 17628 17629 17630 17631 17632 17633 17634 17635 17636 17637 17638 17639 17640 17641 17642 17643 17644 17645 17676 17689 17690 17691 17692 17693 17694 17695 17696 17697 17698 17699 17700 17701 17702 17703 17704 17705 17706 17707 17724 17725 17726 17727 17728 17729 17730 17731 17732 17733 17734 17735 17736 17737 17738 17745 17746 17747 17748 17749 17750 17751 17752 17753 17754 17755 17756 17757 17758 17759 17760 17761 17762 17763 17764 17765 17766 17767 17768 17769 17782 17783 17784 17785 17786 17787 17788 17789 17790 17791 17792 17793 17794 17795 17796 17797 17798 17799 17800 17809 17810 17811 17812 17813 17814 17815 17816 17817 17818 17819 17820 17821 17822 17823 17824 17825 17826 17827 17828 17829 17830 17831 17848 17849 17850 17851 17852 17853 17854 17855 17856 17857 17858 17859 17860 17861 17862 17891 17892 17893 17910 17911 17912 17913 17914 17915 17916 17917 17918 17919 17920 17921 17922 17923 17924 17933 17934 17935 17936 17937 17938 17939 17940 17941 17942 17943 17944 17945 17946 17947 17948 17949 17950 17951 17952 17953 17954 17955 17966 17967 17968 17969 17970 17971 17972 17973 17974 17975 17976 17977 17978 17979 17980 17981 17982 17983 17984 17985 17986 18000 18001 18002 18003 18004 18005 18006 18007 18008 18009 18010 18011 18012 18013 18014 18015 18016 18017 18048 18053 18054 18055 18056 18057 18058 18059 18060 18061 18062 18063 18064 18065 18066 18067 18068 18069 18070 18071 18072 18073 18074 18075 18076 18077 18078 18079 18090 18091 18092 18093 18094 18095 18096 18097 18098 18099 18100 18101 18102 18103 18104 18105 18106 18107 18108 18109 18110 18116 18117 18118 18119 18120 18121 18122 18123 18124 18125 18126 18127 18128 18129 18130 18131 18132 18133 18134 18135 18136 18137 18138 18139 18140 18141 18149 18150 18151 18152 18153 18154 18155 18156 18157 18158 18159 18160 18161 18162 18163 18164 18165 18166 18167 18168 18169 18170 18171 18172 18202 18203 18234 18250 18251 18252 18253 18254 18255 18256 18257 18258 18259 18260 18261 18262 18263 18264 18265 18281 18282 18283 18284 18285 18286 18287 18288 18289 18290 18291 18292 18293 18294 18295 18296 18312
c _______________________________________________________________________________
c 
c restarts               : 13212550
c conflicts              : 320            (6 /sec)
c decisions              : 4400           (0.00 % random) (77 /sec)
c propagations           : 1079860        (18893 /sec)
c conflict literals      : 1321           (8.14 % deleted)
c =======================[ UWrMaxSat resources usage ]===========================
c Memory used            : 42.00 MB
c CPU time               : 57.1556 s
c _______________________________________________________________________________
c SATISFIABLE

Vehicle 1: d → 3 → 10 → 7 → 17 → 21 → 14 → 9 → 28 → 4 → 19 → 26 → 13 → 25 → 15 → 6 → 12 → 20 → d, (requests = [0, 1, 2, 3, 14, 38])
Vehicle 2: d → 18 → 16 → 30 → 20 → 12 → 6 → 0 → 15 → 29 → 25 → 13 → 26 → 19 → 4 → 24 → 9 → 14 → 21 → 8 → 17 → 7 → 10 → 3 → 27 → 22 → d, (requests = [5, 6, 7, 11, 16])
Vehicle 3: d → 22 → 27 → 3 → 10 → 7 → 17 → 8 → 21 → 14 → 9 → 28 → 4 → 19 → 26 → 13 → 25 → 29 → 15 → 11 → 0 → 6 → 12 → 20 → 30 → 16 → 18 → d, (requests = [8, 9, 10, 13, 17, 18, 36, 43])
Vehicle 4: d → 18 → 16 → 30 → 20 → 12 → 6 → 15 → 25 → 13 → 26 → 19 → 4 → 28 → 14 → 21 → 8 → 17 → 7 → 10 → 3 → 27 → 22 → 1 → 5 → d, (requests = [12, 20, 22, 23, 34, 35, 44])
Vehicle 5: d → 1 → 5 → 2 → 22 → 27 → 17 → 21 → 14 → 28 → 24 → 4 → 19 → 23 → 26 → 13 → 25 → 15 → 11 → 0 → 12 → 6 → d, (requests = [19, 21, 25, 27, 29])
Vehicle 6: d → 30 → 20 → 12 → 0 → 15 → 25 → 13 → 23 → 19 → 4 → 28 → 9 → 14 → 21 → 17 → 8 → 7 → 3 → 27 → 22 → 2 → 1 → d, (requests = [26, 31, 32, 37, 45])
Vehicle 7: d → 5 → 1 → 22 → 27 → 3 → 10 → 7 → 8 → 21 → 14 → 9 → 24 → 4 → 19 → 26 → 13 → 25 → 29 → 15 → 6 → 12 → 0 → 11 → d, (requests = [24, 33, 40])
======== PPDSP OBJECTIVE ========
Profit    = 304423
Cost      = 76010
Objective = 228413
=================================
  [Time Manager] Step 52 consumed 61.20s. Total Consumed: 3113.48s.
  [Info] Saved 3988 core assumption literals to p4_A-n32-k5_r48v8k3.wcnf.asm

[53/60] Building & Solving: R=48, V=9, K=3
  [Info] Generating MaxSAT Formulation...
[SBC] Added 288 clauses.
[rc2] Generating instance: p4_A-n32-k5_r48v9k3.wcnf ...
[UWrMaxSAT] meta exported to p4_A-n32-k5_r48v9k3.meta
  [Time Manager] Global Remaining Budget: 486.52s | Future Weight Sum: 8.0
  [Time Manager] Recalibrated Budget for this step: 60.82s
  [Info] Injected Assumption file: p4_A-n32-k5_r48v8k3.wcnf.asm
[UWrMaxSAT] Running command:
  stdbuf -oL uwrmaxsat -no-bin -no-sat -no-par -no-scip -ppdsp-time=60 -ppdsp-lastY=17336 -ppdsp=p4_A-n32-k5_r48v9k3.meta -ppdsp-assume=p4_A-n32-k5_r48v8k3.wcnf.asm p4_A-n32-k5_r48v9k3.wcnf | tee p4_A-n32-k5_r48v9k3.wcnf.out
Vehicle 0: d → 21 → 14 → 9 → 28 → 4 → 19 → 26 → 13 → 25 → 29 → 15 → 11 → 0 → 6 → 12 → 20 → 18 → d, (requests = [4, 15, 28, 30])
Vehicle 1: d → 3 → 10 → 7 → 17 → 21 → 14 → 9 → 28 → 4 → 19 → 26 → 13 → 25 → 15 → 6 → 12 → 20 → d, (requests = [0, 1, 2, 3, 14, 38])
Vehicle 2: d → 18 → 16 → 30 → 20 → 12 → 6 → 0 → 15 → 29 → 25 → 13 → 26 → 19 → 4 → 24 → 9 → 14 → 21 → 8 → 17 → 7 → 10 → 3 → 27 → 22 → d, (requests = [5, 6, 7, 11, 16])
Vehicle 3: d → 22 → 27 → 3 → 10 → 7 → 17 → 8 → 21 → 14 → 9 → 28 → 4 → 19 → 26 → 13 → 25 → 29 → 15 → 11 → 0 → 6 → 12 → 20 → 30 → 16 → 18 → d, (requests = [8, 9, 10, 13, 17, 18, 36, 43])
Vehicle 4: d → 18 → 16 → 30 → 20 → 12 → 6 → 15 → 25 → 13 → 26 → 19 → 4 → 28 → 14 → 21 → 8 → 17 → 7 → 10 → 3 → 27 → 22 → 1 → 5 → d, (requests = [12, 20, 22, 23, 34, 35, 44])
Vehicle 5: d → 1 → 5 → 2 → 22 → 27 → 17 → 21 → 14 → 28 → 24 → 4 → 19 → 23 → 26 → 13 → 25 → 15 → 11 → 0 → 12 → 6 → d, (requests = [19, 21, 25, 27, 29])
Vehicle 6: d → 30 → 20 → 12 → 0 → 15 → 25 → 13 → 23 → 19 → 4 → 28 → 9 → 14 → 21 → 17 → 8 → 7 → 3 → 27 → 22 → 2 → 1 → d, (requests = [26, 31, 32, 37, 45])
Vehicle 7: d → 5 → 1 → 22 → 27 → 3 → 10 → 7 → 8 → 21 → 14 → 9 → 24 → 4 → 19 → 26 → 13 → 25 → 29 → 15 → 6 → 12 → 0 → 11 → d, (requests = [24, 33, 40])
Vehicle 8: d → 23 → 25 → 13 → 26 → 19 → 4 → 24 → 9 → 14 → 21 → 8 → 17 → 27 → 3 → 7 → d, (requests = [46, 47])
======== PPDSP OBJECTIVE ========
Profit    = 323589
Cost      = 82542
Objective = 241047
=================================
  [Time Manager] Step 53 consumed 61.24s. Total Consumed: 3174.72s.
  [Info] Saved 4006 core assumption literals to p4_A-n32-k5_r48v9k3.wcnf.asm

[54/60] Building & Solving: R=49, V=9, K=3
  [Info] Generating MaxSAT Formulation...
[SBC] Added 294 clauses.
[rc2] Generating instance: p4_A-n32-k5_r49v9k3.wcnf ...
[UWrMaxSAT] meta exported to p4_A-n32-k5_r49v9k3.meta
  [Time Manager] Global Remaining Budget: 425.28s | Future Weight Sum: 7.0
  [Time Manager] Recalibrated Budget for this step: 60.75s
  [Info] Injected Assumption file: p4_A-n32-k5_r48v9k3.wcnf.asm
[UWrMaxSAT] Running command:
  stdbuf -oL uwrmaxsat -no-bin -no-sat -no-par -no-scip -ppdsp-time=60 -ppdsp-lastY=18306 -ppdsp=p4_A-n32-k5_r49v9k3.meta -ppdsp-assume=p4_A-n32-k5_r48v9k3.wcnf.asm p4_A-n32-k5_r49v9k3.wcnf | tee p4_A-n32-k5_r49v9k3.wcnf.out
Vehicle 0: d → 21 → 14 → 9 → 28 → 4 → 19 → 26 → 13 → 25 → 29 → 15 → 11 → 0 → 6 → 12 → 20 → 18 → d, (requests = [4, 15, 28, 30])
Vehicle 1: d → 3 → 10 → 7 → 17 → 21 → 14 → 9 → 28 → 4 → 19 → 26 → 13 → 25 → 15 → 6 → 12 → 20 → d, (requests = [0, 1, 2, 3, 14, 38])
Vehicle 2: d → 18 → 16 → 30 → 20 → 12 → 6 → 0 → 15 → 29 → 25 → 13 → 26 → 19 → 4 → 24 → 9 → 14 → 21 → 8 → 17 → 7 → 10 → 3 → 27 → 22 → d, (requests = [5, 6, 7, 11, 16])
Vehicle 3: d → 22 → 27 → 3 → 10 → 7 → 17 → 8 → 21 → 14 → 9 → 28 → 4 → 19 → 26 → 13 → 25 → 29 → 15 → 11 → 0 → 6 → 12 → 20 → 30 → 16 → 18 → d, (requests = [8, 9, 10, 13, 17, 18, 36, 43])
Vehicle 4: d → 18 → 16 → 30 → 20 → 12 → 6 → 15 → 25 → 13 → 26 → 19 → 4 → 28 → 14 → 21 → 8 → 17 → 7 → 10 → 3 → 27 → 22 → 1 → 5 → d, (requests = [12, 20, 22, 23, 34, 35, 44])
Vehicle 5: d → 1 → 5 → 2 → 22 → 27 → 17 → 21 → 14 → 28 → 24 → 4 → 19 → 23 → 26 → 13 → 25 → 15 → 11 → 0 → 12 → 6 → d, (requests = [19, 21, 25, 27, 29])
Vehicle 6: d → 30 → 20 → 12 → 0 → 15 → 25 → 13 → 23 → 19 → 4 → 28 → 9 → 14 → 21 → 17 → 8 → 7 → 3 → 27 → 22 → 2 → 1 → d, (requests = [26, 31, 32, 37, 45])
Vehicle 7: d → 5 → 1 → 22 → 27 → 3 → 10 → 7 → 8 → 21 → 14 → 9 → 24 → 4 → 19 → 26 → 13 → 25 → 29 → 15 → 6 → 12 → 0 → 11 → d, (requests = [24, 33, 40])
Vehicle 8: d → 23 → 25 → 13 → 26 → 19 → 4 → 24 → 9 → 14 → 21 → 8 → 17 → 27 → 3 → 7 → d, (requests = [46, 47])
======== PPDSP OBJECTIVE ========
Profit    = 323589
Cost      = 82542
Objective = 241047
=================================
  [Time Manager] Step 54 consumed 61.37s. Total Consumed: 3236.09s.
  [Info] Saved 4111 core assumption literals to p4_A-n32-k5_r49v9k3.wcnf.asm

[55/60] Building & Solving: R=50, V=9, K=3
  [Info] Generating MaxSAT Formulation...
[SBC] Added 300 clauses.
[rc2] Generating instance: p4_A-n32-k5_r50v9k3.wcnf ...
[UWrMaxSAT] meta exported to p4_A-n32-k5_r50v9k3.meta
  [Time Manager] Global Remaining Budget: 363.91s | Future Weight Sum: 6.0
  [Time Manager] Recalibrated Budget for this step: 60.65s
  [Info] Injected Assumption file: p4_A-n32-k5_r49v9k3.wcnf.asm
[UWrMaxSAT] Running command:
  stdbuf -oL uwrmaxsat -no-bin -no-sat -no-par -no-scip -ppdsp-time=60 -ppdsp-lastY=18315 -ppdsp=p4_A-n32-k5_r50v9k3.meta -ppdsp-assume=p4_A-n32-k5_r49v9k3.wcnf.asm p4_A-n32-k5_r50v9k3.wcnf | tee p4_A-n32-k5_r50v9k3.wcnf.out
Vehicle 0: d → 21 → 14 → 9 → 28 → 4 → 19 → 26 → 13 → 25 → 29 → 15 → 11 → 0 → 6 → 12 → 20 → 18 → d, (requests = [4, 15, 28, 30])
Vehicle 1: d → 3 → 10 → 7 → 17 → 21 → 14 → 9 → 28 → 4 → 19 → 26 → 13 → 25 → 15 → 6 → 12 → 20 → d, (requests = [0, 1, 2, 3, 14, 38])
c Using COMiniSatPS SAT solver by Chanseok Oh (2016)
[UWrMaxSAT] meta file: p4_A-n32-k5_r51v9k3.meta
[UWrMaxSAT] meta loaded OK.
[UWrMaxSAT] Loaded 4496 assumption literals from p4_A-n32-k5_r50v9k3.wcnf.asm
c Parsing MaxSAT file...
c Start timer (tic-tac ...)
c c Found solution: 3118917
c ============================[  Problem Statistics ]============================
c |  Number of variables:         10370                                         |
c |  Number of clauses:           67313 (incl.         1980 soft in queue)      |
c ===============================================================================
c [UWrMaxSAT] Timeout reached inside slice loop. Stopping.
c *** Interrupted ***
c [1mSATISFIABLE: Best solution found: 3118917[0m
v 7 148 205 317 353 405 442 458 492 608 635 659 687 830 846 901 944 1014 1131 1172 1229 1266 1341 1352 1429 1466 1482 1511 1590 1659 1696 1711 1840 1870 1925 2020 2050 2052 2054 2056 2070 2071 2072 2073 2074 2075 2076 2077 2078 2079 2080 2081 2082 2083 2084 2085 2086 2088 2089 2090 2091 2092 2093 2094 2095 2096 2097 2098 2099 2100 2101 2102 2103 2104 2105 2106 2107 2108 2109 2110 2111 2112 2113 2114 2115 2116 2117 2119 2120 2121 2122 2123 2124 2125 2126 2127 2128 2129 2130 2131 2132 2133 2134 2135 2136 2137 2138 2139 2140 2141 2142 2143 2144 2145 2146 2147 2148 2150 2151 2152 2153 2154 2155 2156 2157 2158 2159 2160 2161 2162 2163 2164 2165 2166 2167 2168 2169 2170 2171 2172 2173 2174 2175 2176 2177 2178 2179 2186 2187 2188 2189 2190 2191 2192 2193 2194 2195 2196 2197 2198 2199 2200 2201 2202 2203 2204 2205 2206 2207 2208 2209 2210 2213 2214 2215 2216 2217 2218 2219 2220 2221 2222 2223 2224 2225 2226 2227 2228 2229 2230 2231 2232 2233 2234 2235 2236 2237 2238 2239 2240 2241 2265 2266 2267 2268 2269 2270 2271 2272 2274 2275 2276 2277 2278 2279 2280 2281 2282 2283 2284 2285 2286 2287 2288 2289 2290 2291 2292 2293 2294 2295 2296 2297 2298 2299 2300 2301 2302 2303 2306 2307 2308 2309 2310 2311 2312 2313 2314 2315 2316 2317 2318 2319 2320 2321 2322 2323 2324 2325 2326 2327 2328 2329 2330 2331 2332 2333 2334 2339 2340 2341 2342 2343 2344 2345 2346 2347 2348 2349 2350 2351 2352 2353 2354 2355 2356 2357 2358 2359 2360 2361 2362 2363 2364 2365 2367 2368 2369 2370 2371 2372 2373 2374 2375 2376 2377 2378 2379 2380 2381 2382 2383 2384 2385 2386 2387 2388 2389 2390 2391 2392 2393 2394 2395 2396 2410 2411 2412 2413 2414 2415 2416 2417 2418 2419 2420 2421 2422 2423 2424 2425 2426 2427 2452 2453 2454 2455 2456 2457 2458 2468 2469 2470 2471 2472 2473 2474 2475 2476 2477 2478 2479 2480 2481 2482 2483 2484 2485 2486 2487 2488 2489 2493 2494 2495 2496 2497 2498 2499 2500 2501 2502 2503 2504 2505 2506 2507 2508 2509 2510 2511 2512 2513 2514 2515 2516 2517 2518 2519 2520 2533 2534 2535 2536 2537 2538 2539 2540 2541 2542 2543 2544 2545 2546 2547 2548 2549 2550 2551 2554 2555 2556 2557 2558 2559 2560 2561 2562 2563 2564 2565 2566 2567 2568 2569 2570 2571 2572 2573 2574 2575 2576 2577 2578 2579 2580 2581 2582 2585 2586 2587 2588 2589 2590 2591 2592 2593 2594 2595 2596 2597 2598 2599 2600 2601 2602 2603 2604 2605 2606 2607 2608 2609 2610 2611 2612 2613 2640 2641 2642 2643 2644 2652 2653 2654 2655 2656 2657 2658 2659 2660 2661 2662 2663 2664 2665 2666 2667 2668 2669 2670 2671 2672 2673 2674 2675 2701 2702 2703 2704 2705 2706 2709 2710 2711 2712 2713 2714 2715 2716 2717 2718 2719 2720 2721 2722 2723 2724 2725 2726 2727 2728 2729 2730 2731 2732 2733 2734 2735 2736 2737 2739 2740 2741 2742 2743 2744 2745 2746 2747 2748 2749 2750 2751 2752 2753 2754 2755 2756 2757 2758 2759 2760 2761 2762 2763 2764 2765 2766 2767 2768 2795 2796 2797 2798 2799 2816 2817 2818 2819 2820 2821 2822 2823 2824 2825 2826 2827 2828 2829 2830 2841 2842 2843 2844 2845 2846 2847 2848 2849 2850 2851 2852 2853 2854 2855 2856 2857 2858 2859 2860 2861 2870 2871 2872 2873 2874 2875 2876 2877 2878 2879 2880 2881 2882 2883 2884 2885 2886 2887 2888 2889 2890 2891 2892 2894 2895 2896 2897 2898 2899 2900 2901 2902 2903 2904 2905 2906 2907 2908 2909 2910 2911 2912 2913 2914 2915 2916 2917 2918 2919 2920 2921 2922 2923 2929 2930 2931 2932 2933 2934 2935 2936 2937 2938 2939 2940 2941 2942 2943 2944 2945 2946 2947 2948 2949 2950 2951 2952 2953 2954 2966 2967 2968 2969 2970 2971 2972 2973 2974 2975 2976 2977 2978 2979 2980 2981 2982 2983 2984 2985 2987 2988 2989 2990 2991 2992 2993 2994 2995 2996 2997 2998 2999 3000 3001 3002 3003 3004 3005 3006 3007 3008 3009 3010 3011 3012 3013 3014 3015 3016 3031 3032 3033 3034 3035 3036 3037 3038 3039 3040 3041 3042 3043 3044 3045 3046 3047 3050 3051 3052 3053 3054 3055 3056 3057 3058 3059 3060 3061 3062 3063 3064 3065 3066 3067 3068 3069 3070 3071 3072 3073 3074 3075 3076 3077 3078 3080 3081 3082 3083 3084 3085 3086 3087 3088 3089 3090 3091 3092 3093 3094 3095 3096 3097 3098 3099 3100 3101 3102 3103 3104 3105 3106 3107 3108 3109 3111 3112 3113 3114 3115 3116 3117 3118 3119 3120 3121 3122 3123 3124 3125 3126 3127 3128 3129 3130 3131 3132 3133 3134 3135 3136 3137 3138 3139 3140 3156 3157 3158 3159 3160 3161 3162 3163 3164 3165 3166 3167 3168 3169 3170 3171 3173 3174 3175 3176 3177 3178 3179 3180 3181 3182 3183 3184 3185 3186 3187 3188 3189 3190 3191 3192 3193 3194 3195 3196 3197 3198 3199 3200 3201 3202 3232 3233 3237 3238 3239 3240 3241 3242 3243 3244 3245 3246 3247 3248 3249 3250 3251 3252 3253 3254 3255 3256 3257 3258 3259 3260 3261 3262 3263 3264 3295 3309 3310 3311 3312 3313 3314 3315 3316 3317 3318 3319 3320 3321 3322 3323 3324 3325 3326 3329 3330 3331 3332 3333 3334 3335 3336 3337 3338 3339 3340 3341 3342 3343 3344 3345 3346 3347 3348 3349 3350 3351 3352 3353 3354 3355 3356 3357 3373 3374 3375 3376 3377 3378 3379 3380 3381 3382 3383 3384 3385 3386 3387 3388 3419 3446 3447 3448 3449 3450 3463 3464 3465 3466 3467 3468 3469 3470 3471 3472 3473 3474 3475 3476 3477 3478 3479 3480 3481 3510 3511 3512 3517 3518 3519 3520 3521 3522 3523 3524 3525 3526 3527 3528 3529 3530 3531 3532 3533 3534 3535 3536 3537 3538 3539 3540 3541 3542 3543 3554 3555 3556 3557 3558 3559 3560 3561 3562 3563 3564 3565 3566 3567 3568 3569 3570 3571 3572 3573 3574 3578 3579 3580 3581 3582 3583 3584 3585 3586 3587 3588 3589 3590 3591 3592 3593 3594 3595 3596 3597 3598 3599 3600 3601 3602 3603 3604 3605 3622 3623 3624 3625 3626 3627 3628 3629 3630 3631 3632 3633 3634 3635 3636 3679 3680 3681 3682 3683 3684 3685 3686 3687 3688 3689 3690 3691 3692 3693 3694 3695 3696 3697 3698 3700 3701 3702 3703 3704 3705 3706 3707 3708 3709 3710 3711 3712 3713 3714 3715 3716 3717 3718 3719 3720 3721 3722 3723 3724 3725 3726 3727 3728 3729 3760 3791 3819 3820 3821 3822 3848 3849 3850 3851 3852 3853 3856 3857 3858 3859 3860 3861 3862 3863 3864 3865 3866 3867 3868 3869 3870 3871 3872 3873 3874 3875 3876 3877 3878 3879 3880 3881 3882 3883 3884 3899 3900 3901 3902 3903 3904 3905 3906 3907 3908 3909 3910 3911 3912 3913 3914 3915 3946 3948 3949 3950 3951 3952 3953 3954 3955 3956 3957 3958 3959 3960 3961 3962 3963 3964 3965 3966 3967 3968 3969 3970 3971 3972 3973 3974 3975 3976 3977 3979 4008 4116 4145 4185 4227 4266 4295 4316 4383 4435 4462 4502 4535 4544 4585 4605 4645 4673 4728 4770 4806 4844 4879 4946 4973 5003 5022 5023 5024 5035 5036 5037 5038 5039 5040 5041 5042 5043 5044 5045 5046 5047 5048 5049 5050 5051 5052 5053 5054 5055 5056 5057 5060 5061 5062 5063 5064 5065 5066 5067 5068 5069 5070 5071 5072 5073 5074 5075 5076 5077 5078 5079 5080 5081 5082 5083 5084 5085 5086 5087 5088 5091 5092 5093 5094 5095 5096 5097 5098 5099 5100 5101 5102 5103 5104 5105 5106 5107 5108 5109 5110 5111 5112 5113 5114 5115 5116 5117 5118 5119 5148 5149 5150 5166 5167 5168 5169 5170 5171 5172 5173 5174 5175 5176 5177 5178 5179 5180 5181 5183 5184 5185 5186 5187 5188 5189 5190 5191 5192 5193 5194 5195 5196 5197 5198 5199 5200 5201 5202 5203 5204 5205 5206 5207 5208 5209 5210 5211 5212 5220 5221 5222 5223 5224 5225 5226 5227 5228 5229 5230 5231 5232 5233 5234 5235 5236 5237 5238 5239 5240 5241 5242 5243 5270 5271 5272 5273 5274 5299 5300 5301 5302 5303 5304 5305 5327 5328 5329 5330 5331 5332 5333 5334 5335 5336 5364 5365 5366 5367 5398 5405 5406 5407 5408 5409 5410 5411 5412 5413 5414 5415 5416 5417 5418 5419 5420 5421 5422 5423 5424 5425 5426 5427 5428 5429 5442 5443 5444 5445 5446 5447 5448 5449 5450 5451 5452 5453 5454 5455 5456 5457 5458 5459 5460 5483 5484 5485 5486 5487 5488 5489 5490 5491 5501 5502 5503 5504 5505 5506 5507 5508 5509 5510 5511 5512 5513 5514 5515 5516 5517 5518 5519 5520 5521 5522 5526 5527 5528 5529 5530 5531 5532 5533 5534 5535 5536 5537 5538 5539 5540 5541 5542 5543 5544 5545 5546 5547 5548 5549 5550 5551 5552 5553 5579 5580 5581 5582 5583 5584 5587 5588 5589 5590 5591 5592 5593 5594 5595 5596 5597 5598 5599 5600 5601 5602 5603 5604 5605 5606 5607 5608 5609 5610 5611 5612 5613 5614 5615 5630 5631 5632 5633 5634 5635 5636 5637 5638 5639 5640 5641 5642 5643 5644 5645 5646 5652 5653 5654 5655 5656 5657 5658 5659 5660 5661 5662 5663 5664 5665 5666 5667 5668 5669 5670 5671 5672 5673 5674 5675 5676 5677 5701 5702 5703 5704 5705 5706 5707 5708 5739 5770 5791 5792 5793 5794 5795 5796 5797 5798 5799 5800 5801 5813 5814 5815 5816 5817 5818 5819 5820 5821 5822 5823 5824 5825 5826 5827 5828 5829 5830 5831 5832 5846 5847 5848 5849 5850 5851 5852 5853 5854 5855 5856 5857 5858 5859 5860 5861 5862 5863 5893 5894 5925 5936 5937 5938 5939 5940 5941 5942 5943 5944 5945 5946 5947 5948 5949 5950 5951 5952 5953 5954 5955 5956 5961 5962 5963 5964 5965 5966 5967 5968 5969 5970 5971 5972 5973 5974 5975 5976 5977 5978 5979 5980 5981 5982 5983 5984 5985 5986 5987 5991 5999 6001 6006 6016 6116 6157 6214 6251 6287 6326 6337 6362 6414 6451 6467 6501 6540 6562 6617 6644 6680 6696 6741 6839 6855 6877 6910 6953 6986 7024 7042 7043 7044 7047 7051 7076 7077 7078 7079 7080 7081 7083 7084 7085 7086 7087 7088 7089 7090 7091 7092 7093 7094 7095 7096 7097 7098 7099 7100 7101 7102 7103 7104 7105 7106 7107 7108 7109 7110 7111 7112 7115 7116 7117 7118 7119 7120 7121 7122 7123 7124 7125 7126 7127 7128 7129 7130 7131 7132 7133 7134 7135 7136 7137 7138 7139 7140 7141 7142 7143 7152 7153 7154 7155 7156 7157 7158 7159 7160 7161 7162 7163 7164 7165 7166 7167 7168 7169 7170 7171 7172 7173 7174 7192 7193 7194 7195 7196 7197 7198 7199 7200 7201 7202 7203 7204 7205 7207 7208 7209 7210 7211 7212 7213 7214 7215 7216 7217 7218 7219 7220 7221 7222 7223 7224 7225 7226 7227 7228 7229 7230 7231 7232 7233 7234 7235 7236 7263 7264 7265 7266 7267 7278 7279 7280 7281 7282 7283 7284 7285 7286 7287 7288 7289 7290 7291 7292 7293 7294 7295 7296 7297 7298 7311 7312 7313 7314 7315 7316 7317 7318 7319 7320 7321 7322 7323 7324 7325 7326 7327 7328 7329 7345 7346 7347 7348 7349 7350 7351 7352 7353 7354 7355 7356 7357 7358 7359 7360 7370 7371 7372 7373 7374 7375 7376 7377 7378 7379 7380 7381 7382 7383 7384 7385 7386 7387 7388 7389 7390 7391 7416 7417 7418 7419 7420 7421 7422 7450 7451 7452 7453 7474 7475 7476 7477 7478 7479 7480 7481 7482 7483 7484 7499 7500 7501 7502 7503 7504 7505 7506 7507 7508 7509 7510 7511 7512 7513 7514 7515 7539 7540 7541 7542 7543 7544 7545 7546 7577 7589 7590 7591 7592 7593 7594 7595 7596 7597 7598 7599 7600 7601 7602 7603 7604 7605 7606 7607 7608 7658 7659 7660 7661 7662 7663 7664 7665 7666 7667 7668 7669 7670 7699 7700 7701 7715 7716 7717 7718 7719 7720 7721 7722 7723 7724 7725 7726 7727 7728 7729 7730 7731 7732 7739 7740 7741 7742 7743 7744 7745 7746 7747 7748 7749 7750 7751 7752 7753 7754 7755 7756 7757 7758 7759 7760 7761 7762 7763 7794 7825 7847 7848 7849 7850 7851 7852 7853 7854 7855 7856 7876 7877 7878 7879 7880 7881 7882 7883 7884 7885 7886 7887 7895 7896 7897 7898 7899 7900 7901 7902 7903 7904 7905 7906 7907 7908 7909 7910 7911 7912 7913 7914 7915 7916 7917 7918 7935 7936 7937 7938 7939 7940 7941 7942 7943 7944 7945 7946 7947 7948 7949 7972 7973 7974 7975 7976 7977 7978 7979 7980 8010 8011 8016 8074 8160 8193 8228 8244 8271 8310 8360 8427 8479 8506 8542 8579 8588 8629 8649 8689 8717 8742 8850 8888 8923 8947 9017 9047 9073 9081 9083 9084 9100 9101 9102 9103 9104 9105 9106 9107 9108 9109 9110 9111 9112 9113 9114 9138 9139 9140 9141 9142 9143 9144 9145 9176 9197 9198 9199 9200 9201 9202 9203 9204 9205 9206 9207 9220 9221 9222 9223 9224 9225 9226 9227 9228 9229 9230 9231 9232 9233 9234 9235 9236 9237 9238 9269 9276 9277 9278 9279 9280 9281 9282 9283 9284 9285 9286 9287 9288 9289 9290 9291 9292 9293 9294 9295 9296 9297 9298 9299 9300 9319 9320 9321 9322 9323 9324 9325 9326 9327 9328 9329 9330 9331 9348 9349 9350 9351 9352 9353 9354 9355 9356 9357 9358 9359 9360 9361 9362 9375 9376 9377 9378 9379 9380 9381 9382 9383 9384 9385 9386 9387 9388 9389 9390 9391 9392 9393 9413 9414 9415 9416 9417 9418 9419 9420 9421 9422 9423 9424 9440 9441 9442 9443 9444 9445 9446 9447 9448 9449 9450 9451 9452 9453 9454 9455 9461 9462 9463 9464 9465 9466 9467 9468 9469 9470 9471 9472 9473 9474 9475 9476 9477 9478 9479 9480 9481 9482 9483 9484 9485 9486 9496 9497 9498 9499 9500 9501 9502 9503 9504 9505 9506 9507 9508 9509 9510 9511 9512 9513 9514 9515 9516 9517 9532 9533 9534 9535 9536 9537 9538 9539 9540 9541 9542 9543 9544 9545 9546 9547 9548 9556 9557 9558 9559 9560 9561 9562 9563 9564 9565 9566 9567 9568 9569 9570 9571 9572 9573 9574 9575 9576 9577 9578 9579 9582 9583 9584 9585 9586 9587 9588 9589 9590 9591 9592 9593 9594 9595 9596 9597 9598 9599 9600 9601 9602 9603 9604 9605 9606 9607 9608 9609 9610 9628 9629 9630 9631 9632 9633 9634 9635 9636 9637 9638 9639 9640 9641 9643 9644 9645 9646 9647 9648 9649 9650 9651 9652 9653 9654 9655 9656 9657 9658 9659 9660 9661 9662 9663 9664 9665 9666 9667 9668 9669 9670 9671 9672 9684 9685 9686 9687 9688 9689 9690 9691 9692 9693 9694 9695 9696 9697 9698 9699 9700 9701 9702 9703 9708 9709 9710 9711 9712 9713 9714 9715 9716 9717 9718 9719 9720 9721 9722 9723 9724 9725 9726 9727 9728 9729 9730 9731 9732 9733 9734 9750 9751 9752 9753 9754 9755 9756 9757 9758 9759 9760 9761 9762 9763 9764 9765 9788 9789 9790 9791 9792 9793 9794 9795 9796 9827 9839 9840 9841 9842 9843 9844 9845 9846 9847 9848 9849 9850 9851 9852 9853 9854 9855 9856 9857 9858 9867 9868 9869 9870 9871 9872 9873 9874 9875 9876 9877 9878 9879 9880 9881 9882 9883 9884 9885 9886 9887 9888 9889 9900 9901 9902 9903 9904 9905 9906 9907 9908 9909 9910 9911 9912 9913 9914 9915 9916 9917 9918 9919 9920 9942 9943 9944 9945 9946 9947 9948 9949 9950 9951 9965 9966 9967 9968 9969 9970 9971 9972 9973 9974 9975 9976 9977 9978 9979 9980 9981 9982 10013 10017 10018 10019 10020 10021 10022 10023 10024 10025 10026 10027 10028 10029 10030 10031 10032 10033 10034 10035 10036 10037 10038 10039 10040 10041 10042 10043 10044 10066 10088 10113 10162 10223 10238 10299 10428 10466 10517 10552 10567 10641 10707 10762 10807 10838 10848 10891 10921 10957 10996 11069 11119 11121 11125 11127 11129 11158 11159 11164 11165 11166 11167 11168 11169 11170 11171 11172 11173 11174 11175 11176 11177 11178 11179 11180 11181 11182 11183 11184 11185 11186 11187 11188 11189 11190 11203 11204 11205 11206 11207 11208 11209 11210 11211 11212 11213 11214 11215 11216 11217 11218 11219 11220 11221 11223 11224 11225 11226 11227 11228 11229 11230 11231 11232 11233 11234 11235 11236 11237 11238 11239 11240 11241 11242 11243 11244 11245 11246 11247 11248 11249 11250 11251 11252 11274 11275 11276 11277 11278 11279 11280 11281 11282 11283 11295 11296 11297 11298 11299 11300 11301 11302 11303 11304 11305 11306 11307 11308 11309 11310 11311 11312 11313 11314 11347 11348 11349 11350 11351 11352 11353 11354 11355 11356 11357 11358 11359 11360 11361 11362 11363 11364 11365 11366 11367 11368 11369 11370 11371 11372 11373 11374 11375 11376 11379 11380 11381 11382 11383 11384 11385 11386 11387 11388 11389 11390 11391 11392 11393 11394 11395 11396 11397 11398 11399 11400 11401 11402 11403 11404 11405 11406 11407 11438 11441 11442 11443 11444 11445 11446 11447 11448 11449 11450 11451 11452 11453 11454 11455 11456 11457 11458 11459 11460 11461 11462 11463 11464 11465 11466 11467 11468 11469 11498 11499 11500 11531 11557 11558 11559 11560 11561 11562 11580 11581 11582 11583 11584 11585 11586 11587 11588 11589 11590 11591 11592 11593 11621 11622 11623 11624 11626 11627 11628 11629 11630 11631 11632 11633 11634 11635 11636 11637 11638 11639 11640 11641 11642 11643 11644 11645 11646 11647 11648 11649 11650 11651 11652 11653 11654 11655 11671 11672 11673 11674 11675 11676 11677 11678 11679 11680 11681 11682 11683 11684 11685 11686 11688 11689 11690 11691 11692 11693 11694 11695 11696 11697 11698 11699 11700 11701 11702 11703 11704 11705 11706 11707 11708 11709 11710 11711 11712 11713 11714 11715 11716 11717 11740 11741 11742 11743 11744 11745 11746 11747 11748 11751 11752 11753 11754 11755 11756 11757 11758 11759 11760 11761 11762 11763 11764 11765 11766 11767 11768 11769 11770 11771 11772 11773 11774 11775 11776 11777 11778 11779 11796 11797 11798 11799 11800 11801 11802 11803 11804 11805 11806 11807 11808 11809 11810 11824 11825 11826 11827 11828 11829 11830 11831 11832 11833 11834 11835 11836 11837 11838 11839 11840 11841 11865 11866 11867 11868 11869 11870 11871 11872 11893 11894 11895 11896 11897 11898 11899 11900 11901 11902 11903 11930 11931 11932 11933 11934 11959 11960 11961 11962 11963 11964 11965 11980 11981 11982 11983 11984 11985 11986 11987 11988 11989 11990 11991 11992 11993 11994 11995 11996 12016 12017 12018 12019 12020 12021 12022 12023 12024 12025 12026 12027 12058 12060 12061 12062 12063 12064 12065 12066 12067 12068 12069 12070 12071 12072 12073 12074 12075 12076 12077 12078 12079 12080 12081 12082 12083 12084 12085 12086 12087 12088 12089 12091 12119 12125 12142 12190 12192 12250 12283 12354 12390 12429 12511 12566 12596 12632 12679 12739 12779 12816 12833 12882 12940 13013 13032 13107 13149 13177 13182 13183 13190 13191 13192 13193 13194 13195 13196 13197 13198 13199 13200 13201 13202 13203 13204 13205 13206 13207 13208 13209 13210 13211 13212 13213 13214 13215 13216 13247 13277 13278 13297 13298 13299 13300 13301 13302 13303 13304 13305 13306 13307 13308 13309 13320 13321 13322 13323 13324 13325 13326 13327 13328 13329 13330 13331 13332 13333 13334 13335 13336 13337 13338 13339 13340 13371 13402 13420 13421 13422 13423 13424 13425 13426 13427 13428 13429 13430 13431 13432 13433 13450 13451 13452 13453 13454 13455 13456 13457 13458 13459 13460 13461 13462 13463 13464 13477 13478 13479 13480 13481 13482 13483 13484 13485 13486 13487 13488 13489 13490 13491 13492 13493 13494 13495 13526 13539 13540 13541 13542 13543 13544 13545 13546 13547 13548 13549 13550 13551 13552 13553 13554 13555 13556 13557 13561 13562 13563 13564 13565 13566 13567 13568 13569 13570 13571 13572 13573 13574 13575 13576 13577 13578 13579 13580 13581 13582 13583 13584 13585 13586 13587 13588 13596 13597 13598 13599 13600 13601 13602 13603 13604 13605 13606 13607 13608 13609 13610 13611 13612 13613 13614 13615 13616 13617 13618 13619 13633 13634 13635 13636 13637 13638 13639 13640 13641 13642 13643 13644 13645 13646 13647 13648 13649 13650 13656 13657 13658 13659 13660 13661 13662 13663 13664 13665 13666 13667 13668 13669 13670 13671 13672 13673 13674 13675 13676 13677 13678 13679 13680 13681 13712 13728 13729 13730 13731 13732 13733 13734 13735 13736 13737 13738 13739 13740 13741 13742 13743 13774 13784 13785 13786 13787 13788 13789 13790 13791 13792 13793 13794 13795 13796 13797 13798 13799 13800 13801 13802 13803 13804 13805 13808 13809 13810 13811 13812 13813 13814 13815 13816 13817 13818 13819 13820 13821 13822 13823 13824 13825 13826 13827 13828 13829 13830 13831 13832 13833 13834 13835 13836 13851 13852 13853 13854 13855 13856 13857 13858 13859 13860 13861 13862 13863 13864 13865 13866 13867 13896 13897 13898 13907 13908 13909 13910 13911 13912 13913 13914 13915 13916 13917 13918 13919 13920 13921 13922 13923 13924 13925 13926 13927 13928 13929 13960 13967 13968 13969 13970 13971 13972 13973 13974 13975 13976 13977 13978 13979 13980 13981 13982 13983 13984 13985 13986 13987 13988 13989 13990 13991 14022 14050 14051 14052 14053 14065 14066 14067 14068 14069 14070 14071 14072 14073 14074 14075 14076 14077 14078 14079 14080 14081 14082 14083 14084 14096 14097 14098 14099 14100 14101 14102 14103 14104 14105 14106 14107 14108 14109 14110 14111 14112 14113 14114 14115 14117 14118 14119 14120 14121 14122 14123 14124 14125 14126 14127 14128 14129 14130 14131 14132 14133 14134 14135 14136 14137 14138 14139 14140 14141 14142 14143 14144 14145 14146 14151 14161 14163 14201 14244 14296 14337 14351 14394 14422 14467 14502 14517 14573 14574 14631 14647 14676 14824 14876 14921 14962 15019 15035 15057 15133 15187 15238 15247 15254 15285 15296 15297 15298 15299 15300 15301 15302 15303 15304 15305 15306 15307 15308 15309 15310 15311 15312 15313 15314 15315 15316 15347 15361 15362 15363 15364 15365 15366 15367 15368 15369 15370 15371 15372 15373 15374 15375 15376 15377 15378 15400 15401 15402 15403 15404 15405 15406 15407 15408 15409 15419 15420 15421 15422 15423 15424 15425 15426 15427 15428 15429 15430 15431 15432 15433 15434 15435 15436 15437 15438 15439 15440 15469 15470 15471 15487 15488 15489 15490 15491 15492 15493 15494 15495 15496 15497 15498 15499 15500 15501 15502 15519 15520 15521 15522 15523 15524 15525 15526 15527 15528 15529 15530 15531 15532 15533 15553 15554 15555 15556 15557 15558 15559 15560 15561 15562 15563 15564 15579 15580 15581 15582 15583 15584 15585 15586 15587 15588 15589 15590 15591 15592 15593 15594 15595 15656 15657 15682 15683 15684 15685 15686 15687 15688 15707 15708 15709 15710 15711 15712 15713 15714 15715 15716 15717 15718 15719 15747 15748 15749 15750 15764 15765 15766 15767 15768 15769 15770 15771 15772 15773 15774 15775 15776 15777 15778 15779 15780 15781 15841 15842 15843 15866 15867 15868 15869 15870 15871 15872 15873 15874 15891 15892 15893 15894 15895 15896 15897 15898 15899 15900 15901 15902 15903 15904 15905 15923 15924 15925 15926 15927 15928 15929 15930 15931 15932 15933 15934 15935 15936 15948 15949 15950 15951 15952 15953 15954 15955 15956 15957 15958 15959 15960 15961 15962 15963 15964 15965 15966 15967 15998 16019 16020 16021 16022 16023 16024 16025 16026 16027 16028 16029 16055 16056 16057 16058 16059 16060 16084 16085 16086 16087 16088 16089 16090 16091 16104 16105 16106 16107 16108 16109 16110 16111 16112 16113 16114 16115 16116 16117 16118 16119 16120 16121 16122 16153 16180 16181 16182 16183 16184 16214 16215 16228 16237 16247 16368 16417 16520 16538 16567 16707 16734 16836 16877 16945 17026 17042 17078 17116 17132 17280 17335 17336 17352 17353 17354 17355 17356 17357 17358 17359 17360 17361 17362 17363 17364 17365 17366 17374 17375 17376 17377 17378 17379 17380 17381 17382 17383 17384 17385 17386 17387 17388 17389 17390 17391 17392 17393 17394 17395 17396 17397 17428 17459 17469 17470 17471 17472 17473 17474 17475 17476 17477 17478 17479 17480 17481 17482 17483 17484 17485 17486 17487 17488 17489 17490 17521 17538 17539 17540 17541 17542 17543 17544 17545 17546 17547 17548 17549 17550 17551 17552 17598 17599 17600 17601 17602 17603 17604 17605 17606 17607 17608 17609 17610 17611 17612 17613 17614 17626 17627 17628 17629 17630 17631 17632 17633 17634 17635 17636 17637 17638 17639 17640 17641 17642 17643 17644 17645 17676 17689 17690 17691 17692 17693 17694 17695 17696 17697 17698 17699 17700 17701 17702 17703 17704 17705 17706 17707 17724 17725 17726 17727 17728 17729 17730 17731 17732 17733 17734 17735 17736 17737 17738 17745 17746 17747 17748 17749 17750 17751 17752 17753 17754 17755 17756 17757 17758 17759 17760 17761 17762 17763 17764 17765 17766 17767 17768 17769 17782 17783 17784 17785 17786 17787 17788 17789 17790 17791 17792 17793 17794 17795 17796 17797 17798 17799 17800 17809 17810 17811 17812 17813 17814 17815 17816 17817 17818 17819 17820 17821 17822 17823 17824 17825 17826 17827 17828 17829 17830 17831 17848 17849 17850 17851 17852 17853 17854 17855 17856 17857 17858 17859 17860 17861 17862 17891 17892 17893 17910 17911 17912 17913 17914 17915 17916 17917 17918 17919 17920 17921 17922 17923 17924 17933 17934 17935 17936 17937 17938 17939 17940 17941 17942 17943 17944 17945 17946 17947 17948 17949 17950 17951 17952 17953 17954 17955 17966 17967 17968 17969 17970 17971 17972 17973 17974 17975 17976 17977 17978 17979 17980 17981 17982 17983 17984 17985 17986 18000 18001 18002 18003 18004 18005 18006 18007 18008 18009 18010 18011 18012 18013 18014 18015 18016 18017 18048 18053 18054 18055 18056 18057 18058 18059 18060 18061 18062 18063 18064 18065 18066 18067 18068 18069 18070 18071 18072 18073 18074 18075 18076 18077 18078 18079 18090 18091 18092 18093 18094 18095 18096 18097 18098 18099 18100 18101 18102 18103 18104 18105 18106 18107 18108 18109 18110 18116 18117 18118 18119 18120 18121 18122 18123 18124 18125 18126 18127 18128 18129 18130 18131 18132 18133 18134 18135 18136 18137 18138 18139 18140 18141 18149 18150 18151 18152 18153 18154 18155 18156 18157 18158 18159 18160 18161 18162 18163 18164 18165 18166 18167 18168 18169 18170 18171 18172 18202 18203 18234 18250 18251 18252 18253 18254 18255 18256 18257 18258 18259 18260 18261 18262 18263 18264 18265 18281 18282 18283 18284 18285 18286 18287 18288 18289 18290 18291 18292 18293 18294 18295 18296 18312
c _______________________________________________________________________________
c 
c restarts               : 12370564
c conflicts              : 388            (7 /sec)
c decisions              : 4016           (0.00 % random) (70 /sec)
c propagations           : 1590054        (27626 /sec)
c conflict literals      : 1410           (6.25 % deleted)
c =======================[ UWrMaxSat resources usage ]===========================
c Memory used            : 42.00 MB
c CPU time               : 57.5571 s
c _______________________________________________________________________________
c SATISFIABLE

c Using COMiniSatPS SAT solver by Chanseok Oh (2016)
[UWrMaxSAT] meta file: p4_A-n32-k5_r52v9k3.meta
[UWrMaxSAT] meta loaded OK.
[UWrMaxSAT] Loaded 4496 assumption literals from p4_A-n32-k5_r51v9k3.wcnf.asm
c Parsing MaxSAT file...
c Start timer (tic-tac ...)
c c Found solution: 3167859
c ============================[  Problem Statistics ]============================
c |  Number of variables:         10379                                         |
c |  Number of clauses:           67661 (incl.         1989 soft in queue)      |
c ===============================================================================
c [Elapsed time] 0.08 s
c Found solution: 3162421
c [UWrMaxSAT] Timeout reached.
c [1mOptimal solution: 3162421[0m
c _______________________________________________________________________________
c 
c restarts               : 12452179
c conflicts              : 429            (7 /sec)
c decisions              : 4025           (0.00 % random) (70 /sec)
c propagations           : 1651898        (28765 /sec)
c conflict literals      : 2012           (5.50 % deleted)
c =======================[ UWrMaxSat resources usage ]===========================
c Memory used            : 42.00 MB
c CPU time               : 57.4275 s
c _______________________________________________________________________________
o 3162421
s OPTIMUM FOUND
v 7 148 205 317 353 405 442 458 492 608 635 659 687 830 846 901 944 1014 1131 1172 1229 1266 1341 1352 1429 1466 1482 1511 1590 1659 1696 1711 1840 1870 1925 2020 2050 2052 2054 2056 2070 2071 2072 2073 2074 2075 2076 2077 2078 2079 2080 2081 2082 2083 2084 2085 2086 2088 2089 2090 2091 2092 2093 2094 2095 2096 2097 2098 2099 2100 2101 2102 2103 2104 2105 2106 2107 2108 2109 2110 2111 2112 2113 2114 2115 2116 2117 2119 2120 2121 2122 2123 2124 2125 2126 2127 2128 2129 2130 2131 2132 2133 2134 2135 2136 2137 2138 2139 2140 2141 2142 2143 2144 2145 2146 2147 2148 2150 2151 2152 2153 2154 2155 2156 2157 2158 2159 2160 2161 2162 2163 2164 2165 2166 2167 2168 2169 2170 2171 2172 2173 2174 2175 2176 2177 2178 2179 2186 2187 2188 2189 2190 2191 2192 2193 2194 2195 2196 2197 2198 2199 2200 2201 2202 2203 2204 2205 2206 2207 2208 2209 2210 2213 2214 2215 2216 2217 2218 2219 2220 2221 2222 2223 2224 2225 2226 2227 2228 2229 2230 2231 2232 2233 2234 2235 2236 2237 2238 2239 2240 2241 2265 2266 2267 2268 2269 2270 2271 2272 2274 2275 2276 2277 2278 2279 2280 2281 2282 2283 2284 2285 2286 2287 2288 2289 2290 2291 2292 2293 2294 2295 2296 2297 2298 2299 2300 2301 2302 2303 2306 2307 2308 2309 2310 2311 2312 2313 2314 2315 2316 2317 2318 2319 2320 2321 2322 2323 2324 2325 2326 2327 2328 2329 2330 2331 2332 2333 2334 2339 2340 2341 2342 2343 2344 2345 2346 2347 2348 2349 2350 2351 2352 2353 2354 2355 2356 2357 2358 2359 2360 2361 2362 2363 2364 2365 2367 2368 2369 2370 2371 2372 2373 2374 2375 2376 2377 2378 2379 2380 2381 2382 2383 2384 2385 2386 2387 2388 2389 2390 2391 2392 2393 2394 2395 2396 2410 2411 2412 2413 2414 2415 2416 2417 2418 2419 2420 2421 2422 2423 2424 2425 2426 2427 2452 2453 2454 2455 2456 2457 2458 2468 2469 2470 2471 2472 2473 2474 2475 2476 2477 2478 2479 2480 2481 2482 2483 2484 2485 2486 2487 2488 2489 2493 2494 2495 2496 2497 2498 2499 2500 2501 2502 2503 2504 2505 2506 2507 2508 2509 2510 2511 2512 2513 2514 2515 2516 2517 2518 2519 2520 2533 2534 2535 2536 2537 2538 2539 2540 2541 2542 2543 2544 2545 2546 2547 2548 2549 2550 2551 2554 2555 2556 2557 2558 2559 2560 2561 2562 2563 2564 2565 2566 2567 2568 2569 2570 2571 2572 2573 2574 2575 2576 2577 2578 2579 2580 2581 2582 2585 2586 2587 2588 2589 2590 2591 2592 2593 2594 2595 2596 2597 2598 2599 2600 2601 2602 2603 2604 2605 2606 2607 2608 2609 2610 2611 2612 2613 2640 2641 2642 2643 2644 2652 2653 2654 2655 2656 2657 2658 2659 2660 2661 2662 2663 2664 2665 2666 2667 2668 2669 2670 2671 2672 2673 2674 2675 2701 2702 2703 2704 2705 2706 2709 2710 2711 2712 2713 2714 2715 2716 2717 2718 2719 2720 2721 2722 2723 2724 2725 2726 2727 2728 2729 2730 2731 2732 2733 2734 2735 2736 2737 2739 2740 2741 2742 2743 2744 2745 2746 2747 2748 2749 2750 2751 2752 2753 2754 2755 2756 2757 2758 2759 2760 2761 2762 2763 2764 2765 2766 2767 2768 2795 2796 2797 2798 2799 2816 2817 2818 2819 2820 2821 2822 2823 2824 2825 2826 2827 2828 2829 2830 2841 2842 2843 2844 2845 2846 2847 2848 2849 2850 2851 2852 2853 2854 2855 2856 2857 2858 2859 2860 2861 2870 2871 2872 2873 2874 2875 2876 2877 2878 2879 2880 2881 2882 2883 2884 2885 2886 2887 2888 2889 2890 2891 2892 2894 2895 2896 2897 2898 2899 2900 2901 2902 2903 2904 2905 2906 2907 2908 2909 2910 2911 2912 2913 2914 2915 2916 2917 2918 2919 2920 2921 2922 2923 2929 2930 2931 2932 2933 2934 2935 2936 2937 2938 2939 2940 2941 2942 2943 2944 2945 2946 2947 2948 2949 2950 2951 2952 2953 2954 2966 2967 2968 2969 2970 2971 2972 2973 2974 2975 2976 2977 2978 2979 2980 2981 2982 2983 2984 2985 2987 2988 2989 2990 2991 2992 2993 2994 2995 2996 2997 2998 2999 3000 3001 3002 3003 3004 3005 3006 3007 3008 3009 3010 3011 3012 3013 3014 3015 3016 3031 3032 3033 3034 3035 3036 3037 3038 3039 3040 3041 3042 3043 3044 3045 3046 3047 3050 3051 3052 3053 3054 3055 3056 3057 3058 3059 3060 3061 3062 3063 3064 3065 3066 3067 3068 3069 3070 3071 3072 3073 3074 3075 3076 3077 3078 3080 3081 3082 3083 3084 3085 3086 3087 3088 3089 3090 3091 3092 3093 3094 3095 3096 3097 3098 3099 3100 3101 3102 3103 3104 3105 3106 3107 3108 3109 3111 3112 3113 3114 3115 3116 3117 3118 3119 3120 3121 3122 3123 3124 3125 3126 3127 3128 3129 3130 3131 3132 3133 3134 3135 3136 3137 3138 3139 3140 3156 3157 3158 3159 3160 3161 3162 3163 3164 3165 3166 3167 3168 3169 3170 3171 3173 3174 3175 3176 3177 3178 3179 3180 3181 3182 3183 3184 3185 3186 3187 3188 3189 3190 3191 3192 3193 3194 3195 3196 3197 3198 3199 3200 3201 3202 3232 3233 3237 3238 3239 3240 3241 3242 3243 3244 3245 3246 3247 3248 3249 3250 3251 3252 3253 3254 3255 3256 3257 3258 3259 3260 3261 3262 3263 3264 3295 3309 3310 3311 3312 3313 3314 3315 3316 3317 3318 3319 3320 3321 3322 3323 3324 3325 3326 3329 3330 3331 3332 3333 3334 3335 3336 3337 3338 3339 3340 3341 3342 3343 3344 3345 3346 3347 3348 3349 3350 3351 3352 3353 3354 3355 3356 3357 3373 3374 3375 3376 3377 3378 3379 3380 3381 3382 3383 3384 3385 3386 3387 3388 3419 3446 3447 3448 3449 3450 3463 3464 3465 3466 3467 3468 3469 3470 3471 3472 3473 3474 3475 3476 3477 3478 3479 3480 3481 3510 3511 3512 3517 3518 3519 3520 3521 3522 3523 3524 3525 3526 3527 3528 3529 3530 3531 3532 3533 3534 3535 3536 3537 3538 3539 3540 3541 3542 3543 3554 3555 3556 3557 3558 3559 3560 3561 3562 3563 3564 3565 3566 3567 3568 3569 3570 3571 3572 3573 3574 3578 3579 3580 3581 3582 3583 3584 3585 3586 3587 3588 3589 3590 3591 3592 3593 3594 3595 3596 3597 3598 3599 3600 3601 3602 3603 3604 3605 3622 3623 3624 3625 3626 3627 3628 3629 3630 3631 3632 3633 3634 3635 3636 3679 3680 3681 3682 3683 3684 3685 3686 3687 3688 3689 3690 3691 3692 3693 3694 3695 3696 3697 3698 3700 3701 3702 3703 3704 3705 3706 3707 3708 3709 3710 3711 3712 3713 3714 3715 3716 3717 3718 3719 3720 3721 3722 3723 3724 3725 3726 3727 3728 3729 3760 3791 3819 3820 3821 3822 3848 3849 3850 3851 3852 3853 3856 3857 3858 3859 3860 3861 3862 3863 3864 3865 3866 3867 3868 3869 3870 3871 3872 3873 3874 3875 3876 3877 3878 3879 3880 3881 3882 3883 3884 3899 3900 3901 3902 3903 3904 3905 3906 3907 3908 3909 3910 3911 3912 3913 3914 3915 3946 3948 3949 3950 3951 3952 3953 3954 3955 3956 3957 3958 3959 3960 3961 3962 3963 3964 3965 3966 3967 3968 3969 3970 3971 3972 3973 3974 3975 3976 3977 3979 4008 4116 4145 4185 4227 4266 4295 4316 4383 4435 4462 4502 4535 4544 4585 4605 4645 4673 4728 4770 4806 4844 4879 4946 4973 5003 5022 5023 5024 5035 5036 5037 5038 5039 5040 5041 5042 5043 5044 5045 5046 5047 5048 5049 5050 5051 5052 5053 5054 5055 5056 5057 5060 5061 5062 5063 5064 5065 5066 5067 5068 5069 5070 5071 5072 5073 5074 5075 5076 5077 5078 5079 5080 5081 5082 5083 5084 5085 5086 5087 5088 5091 5092 5093 5094 5095 5096 5097 5098 5099 5100 5101 5102 5103 5104 5105 5106 5107 5108 5109 5110 5111 5112 5113 5114 5115 5116 5117 5118 5119 5148 5149 5150 5166 5167 5168 5169 5170 5171 5172 5173 5174 5175 5176 5177 5178 5179 5180 5181 5183 5184 5185 5186 5187 5188 5189 5190 5191 5192 5193 5194 5195 5196 5197 5198 5199 5200 5201 5202 5203 5204 5205 5206 5207 5208 5209 5210 5211 5212 5220 5221 5222 5223 5224 5225 5226 5227 5228 5229 5230 5231 5232 5233 5234 5235 5236 5237 5238 5239 5240 5241 5242 5243 5270 5271 5272 5273 5274 5299 5300 5301 5302 5303 5304 5305 5327 5328 5329 5330 5331 5332 5333 5334 5335 5336 5364 5365 5366 5367 5398 5405 5406 5407 5408 5409 5410 5411 5412 5413 5414 5415 5416 5417 5418 5419 5420 5421 5422 5423 5424 5425 5426 5427 5428 5429 5442 5443 5444 5445 5446 5447 5448 5449 5450 5451 5452 5453 5454 5455 5456 5457 5458 5459 5460 5483 5484 5485 5486 5487 5488 5489 5490 5491 5501 5502 5503 5504 5505 5506 5507 5508 5509 5510 5511 5512 5513 5514 5515 5516 5517 5518 5519 5520 5521 5522 5526 5527 5528 5529 5530 5531 5532 5533 5534 5535 5536 5537 5538 5539 5540 5541 5542 5543 5544 5545 5546 5547 5548 5549 5550 5551 5552 5553 5579 5580 5581 5582 5583 5584 5587 5588 5589 5590 5591 5592 5593 5594 5595 5596 5597 5598 5599 5600 5601 5602 5603 5604 5605 5606 5607 5608 5609 5610 5611 5612 5613 5614 5615 5630 5631 5632 5633 5634 5635 5636 5637 5638 5639 5640 5641 5642 5643 5644 5645 5646 5652 5653 5654 5655 5656 5657 5658 5659 5660 5661 5662 5663 5664 5665 5666 5667 5668 5669 5670 5671 5672 5673 5674 5675 5676 5677 5701 5702 5703 5704 5705 5706 5707 5708 5739 5770 5791 5792 5793 5794 5795 5796 5797 5798 5799 5800 5801 5813 5814 5815 5816 5817 5818 5819 5820 5821 5822 5823 5824 5825 5826 5827 5828 5829 5830 5831 5832 5846 5847 5848 5849 5850 5851 5852 5853 5854 5855 5856 5857 5858 5859 5860 5861 5862 5863 5893 5894 5925 5936 5937 5938 5939 5940 5941 5942 5943 5944 5945 5946 5947 5948 5949 5950 5951 5952 5953 5954 5955 5956 5961 5962 5963 5964 5965 5966 5967 5968 5969 5970 5971 5972 5973 5974 5975 5976 5977 5978 5979 5980 5981 5982 5983 5984 5985 5986 5987 5991 5999 6001 6006 6016 6116 6157 6214 6251 6287 6326 6337 6362 6414 6451 6467 6501 6540 6562 6617 6644 6680 6696 6741 6839 6855 6877 6910 6953 6986 7024 7042 7043 7044 7047 7051 7076 7077 7078 7079 7080 7081 7083 7084 7085 7086 7087 7088 7089 7090 7091 7092 7093 7094 7095 7096 7097 7098 7099 7100 7101 7102 7103 7104 7105 7106 7107 7108 7109 7110 7111 7112 7115 7116 7117 7118 7119 7120 7121 7122 7123 7124 7125 7126 7127 7128 7129 7130 7131 7132 7133 7134 7135 7136 7137 7138 7139 7140 7141 7142 7143 7152 7153 7154 7155 7156 7157 7158 7159 7160 7161 7162 7163 7164 7165 7166 7167 7168 7169 7170 7171 7172 7173 7174 7192 7193 7194 7195 7196 7197 7198 7199 7200 7201 7202 7203 7204 7205 7207 7208 7209 7210 7211 7212 7213 7214 7215 7216 7217 7218 7219 7220 7221 7222 7223 7224 7225 7226 7227 7228 7229 7230 7231 7232 7233 7234 7235 7236 7263 7264 7265 7266 7267 7278 7279 7280 7281 7282 7283 7284 7285 7286 7287 7288 7289 7290 7291 7292 7293 7294 7295 7296 7297 7298 7311 7312 7313 7314 7315 7316 7317 7318 7319 7320 7321 7322 7323 7324 7325 7326 7327 7328 7329 7345 7346 7347 7348 7349 7350 7351 7352 7353 7354 7355 7356 7357 7358 7359 7360 7370 7371 7372 7373 7374 7375 7376 7377 7378 7379 7380 7381 7382 7383 7384 7385 7386 7387 7388 7389 7390 7391 7416 7417 7418 7419 7420 7421 7422 7450 7451 7452 7453 7474 7475 7476 7477 7478 7479 7480 7481 7482 7483 7484 7499 7500 7501 7502 7503 7504 7505 7506 7507 7508 7509 7510 7511 7512 7513 7514 7515 7539 7540 7541 7542 7543 7544 7545 7546 7577 7589 7590 7591 7592 7593 7594 7595 7596 7597 7598 7599 7600 7601 7602 7603 7604 7605 7606 7607 7608 7658 7659 7660 7661 7662 7663 7664 7665 7666 7667 7668 7669 7670 7699 7700 7701 7715 7716 7717 7718 7719 7720 7721 7722 7723 7724 7725 7726 7727 7728 7729 7730 7731 7732 7739 7740 7741 7742 7743 7744 7745 7746 7747 7748 7749 7750 7751 7752 7753 7754 7755 7756 7757 7758 7759 7760 7761 7762 7763 7794 7825 7847 7848 7849 7850 7851 7852 7853 7854 7855 7856 7876 7877 7878 7879 7880 7881 7882 7883 7884 7885 7886 7887 7895 7896 7897 7898 7899 7900 7901 7902 7903 7904 7905 7906 7907 7908 7909 7910 7911 7912 7913 7914 7915 7916 7917 7918 7935 7936 7937 7938 7939 7940 7941 7942 7943 7944 7945 7946 7947 7948 7949 7972 7973 7974 7975 7976 7977 7978 7979 7980 8010 8011 8016 8074 8160 8193 8228 8244 8271 8310 8360 8427 8479 8506 8542 8579 8588 8629 8649 8689 8717 8742 8850 8888 8923 8947 9017 9047 9073 9081 9083 9084 9100 9101 9102 9103 9104 9105 9106 9107 9108 9109 9110 9111 9112 9113 9114 9138 9139 9140 9141 9142 9143 9144 9145 9176 9197 9198 9199 9200 9201 9202 9203 9204 9205 9206 9207 9220 9221 9222 9223 9224 9225 9226 9227 9228 9229 9230 9231 9232 9233 9234 9235 9236 9237 9238 9269 9276 9277 9278 9279 9280 9281 9282 9283 9284 9285 9286 9287 9288 9289 9290 9291 9292 9293 9294 9295 9296 9297 9298 9299 9300 9319 9320 9321 9322 9323 9324 9325 9326 9327 9328 9329 9330 9331 9348 9349 9350 9351 9352 9353 9354 9355 9356 9357 9358 9359 9360 9361 9362 9375 9376 9377 9378 9379 9380 9381 9382 9383 9384 9385 9386 9387 9388 9389 9390 9391 9392 9393 9413 9414 9415 9416 9417 9418 9419 9420 9421 9422 9423 9424 9440 9441 9442 9443 9444 9445 9446 9447 9448 9449 9450 9451 9452 9453 9454 9455 9461 9462 9463 9464 9465 9466 9467 9468 9469 9470 9471 9472 9473 9474 9475 9476 9477 9478 9479 9480 9481 9482 9483 9484 9485 9486 9496 9497 9498 9499 9500 9501 9502 9503 9504 9505 9506 9507 9508 9509 9510 9511 9512 9513 9514 9515 9516 9517 9532 9533 9534 9535 9536 9537 9538 9539 9540 9541 9542 9543 9544 9545 9546 9547 9548 9556 9557 9558 9559 9560 9561 9562 9563 9564 9565 9566 9567 9568 9569 9570 9571 9572 9573 9574 9575 9576 9577 9578 9579 9582 9583 9584 9585 9586 9587 9588 9589 9590 9591 9592 9593 9594 9595 9596 9597 9598 9599 9600 9601 9602 9603 9604 9605 9606 9607 9608 9609 9610 9628 9629 9630 9631 9632 9633 9634 9635 9636 9637 9638 9639 9640 9641 9643 9644 9645 9646 9647 9648 9649 9650 9651 9652 9653 9654 9655 9656 9657 9658 9659 9660 9661 9662 9663 9664 9665 9666 9667 9668 9669 9670 9671 9672 9684 9685 9686 9687 9688 9689 9690 9691 9692 9693 9694 9695 9696 9697 9698 9699 9700 9701 9702 9703 9708 9709 9710 9711 9712 9713 9714 9715 9716 9717 9718 9719 9720 9721 9722 9723 9724 9725 9726 9727 9728 9729 9730 9731 9732 9733 9734 9750 9751 9752 9753 9754 9755 9756 9757 9758 9759 9760 9761 9762 9763 9764 9765 9788 9789 9790 9791 9792 9793 9794 9795 9796 9827 9839 9840 9841 9842 9843 9844 9845 9846 9847 9848 9849 9850 9851 9852 9853 9854 9855 9856 9857 9858 9867 9868 9869 9870 9871 9872 9873 9874 9875 9876 9877 9878 9879 9880 9881 9882 9883 9884 9885 9886 9887 9888 9889 9900 9901 9902 9903 9904 9905 9906 9907 9908 9909 9910 9911 9912 9913 9914 9915 9916 9917 9918 9919 9920 9942 9943 9944 9945 9946 9947 9948 9949 9950 9951 9965 9966 9967 9968 9969 9970 9971 9972 9973 9974 9975 9976 9977 9978 9979 9980 9981 9982 10013 10017 10018 10019 10020 10021 10022 10023 10024 10025 10026 10027 10028 10029 10030 10031 10032 10033 10034 10035 10036 10037 10038 10039 10040 10041 10042 10043 10044 10066 10088 10113 10162 10223 10238 10299 10428 10466 10517 10552 10567 10641 10707 10762 10807 10838 10848 10891 10921 10957 10996 11069 11119 11121 11125 11127 11129 11158 11159 11164 11165 11166 11167 11168 11169 11170 11171 11172 11173 11174 11175 11176 11177 11178 11179 11180 11181 11182 11183 11184 11185 11186 11187 11188 11189 11190 11203 11204 11205 11206 11207 11208 11209 11210 11211 11212 11213 11214 11215 11216 11217 11218 11219 11220 11221 11223 11224 11225 11226 11227 11228 11229 11230 11231 11232 11233 11234 11235 11236 11237 11238 11239 11240 11241 11242 11243 11244 11245 11246 11247 11248 11249 11250 11251 11252 11274 11275 11276 11277 11278 11279 11280 11281 11282 11283 11295 11296 11297 11298 11299 11300 11301 11302 11303 11304 11305 11306 11307 11308 11309 11310 11311 11312 11313 11314 11347 11348 11349 11350 11351 11352 11353 11354 11355 11356 11357 11358 11359 11360 11361 11362 11363 11364 11365 11366 11367 11368 11369 11370 11371 11372 11373 11374 11375 11376 11379 11380 11381 11382 11383 11384 11385 11386 11387 11388 11389 11390 11391 11392 11393 11394 11395 11396 11397 11398 11399 11400 11401 11402 11403 11404 11405 11406 11407 11438 11441 11442 11443 11444 11445 11446 11447 11448 11449 11450 11451 11452 11453 11454 11455 11456 11457 11458 11459 11460 11461 11462 11463 11464 11465 11466 11467 11468 11469 11498 11499 11500 11531 11557 11558 11559 11560 11561 11562 11580 11581 11582 11583 11584 11585 11586 11587 11588 11589 11590 11591 11592 11593 11621 11622 11623 11624 11626 11627 11628 11629 11630 11631 11632 11633 11634 11635 11636 11637 11638 11639 11640 11641 11642 11643 11644 11645 11646 11647 11648 11649 11650 11651 11652 11653 11654 11655 11671 11672 11673 11674 11675 11676 11677 11678 11679 11680 11681 11682 11683 11684 11685 11686 11688 11689 11690 11691 11692 11693 11694 11695 11696 11697 11698 11699 11700 11701 11702 11703 11704 11705 11706 11707 11708 11709 11710 11711 11712 11713 11714 11715 11716 11717 11740 11741 11742 11743 11744 11745 11746 11747 11748 11751 11752 11753 11754 11755 11756 11757 11758 11759 11760 11761 11762 11763 11764 11765 11766 11767 11768 11769 11770 11771 11772 11773 11774 11775 11776 11777 11778 11779 11796 11797 11798 11799 11800 11801 11802 11803 11804 11805 11806 11807 11808 11809 11810 11824 11825 11826 11827 11828 11829 11830 11831 11832 11833 11834 11835 11836 11837 11838 11839 11840 11841 11865 11866 11867 11868 11869 11870 11871 11872 11893 11894 11895 11896 11897 11898 11899 11900 11901 11902 11903 11930 11931 11932 11933 11934 11959 11960 11961 11962 11963 11964 11965 11980 11981 11982 11983 11984 11985 11986 11987 11988 11989 11990 11991 11992 11993 11994 11995 11996 12016 12017 12018 12019 12020 12021 12022 12023 12024 12025 12026 12027 12058 12060 12061 12062 12063 12064 12065 12066 12067 12068 12069 12070 12071 12072 12073 12074 12075 12076 12077 12078 12079 12080 12081 12082 12083 12084 12085 12086 12087 12088 12089 12091 12119 12125 12142 12190 12192 12250 12283 12354 12390 12429 12511 12566 12596 12632 12679 12739 12779 12816 12833 12882 12940 13013 13032 13107 13149 13177 13182 13183 13190 13191 13192 13193 13194 13195 13196 13197 13198 13199 13200 13201 13202 13203 13204 13205 13206 13207 13208 13209 13210 13211 13212 13213 13214 13215 13216 13247 13277 13278 13297 13298 13299 13300 13301 13302 13303 13304 13305 13306 13307 13308 13309 13320 13321 13322 13323 13324 13325 13326 13327 13328 13329 13330 13331 13332 13333 13334 13335 13336 13337 13338 13339 13340 13371 13402 13420 13421 13422 13423 13424 13425 13426 13427 13428 13429 13430 13431 13432 13433 13450 13451 13452 13453 13454 13455 13456 13457 13458 13459 13460 13461 13462 13463 13464 13477 13478 13479 13480 13481 13482 13483 13484 13485 13486 13487 13488 13489 13490 13491 13492 13493 13494 13495 13526 13539 13540 13541 13542 13543 13544 13545 13546 13547 13548 13549 13550 13551 13552 13553 13554 13555 13556 13557 13561 13562 13563 13564 13565 13566 13567 13568 13569 13570 13571 13572 13573 13574 13575 13576 13577 13578 13579 13580 13581 13582 13583 13584 13585 13586 13587 13588 13596 13597 13598 13599 13600 13601 13602 13603 13604 13605 13606 13607 13608 13609 13610 13611 13612 13613 13614 13615 13616 13617 13618 13619 13633 13634 13635 13636 13637 13638 13639 13640 13641 13642 13643 13644 13645 13646 13647 13648 13649 13650 13656 13657 13658 13659 13660 13661 13662 13663 13664 13665 13666 13667 13668 13669 13670 13671 13672 13673 13674 13675 13676 13677 13678 13679 13680 13681 13712 13728 13729 13730 13731 13732 13733 13734 13735 13736 13737 13738 13739 13740 13741 13742 13743 13774 13784 13785 13786 13787 13788 13789 13790 13791 13792 13793 13794 13795 13796 13797 13798 13799 13800 13801 13802 13803 13804 13805 13808 13809 13810 13811 13812 13813 13814 13815 13816 13817 13818 13819 13820 13821 13822 13823 13824 13825 13826 13827 13828 13829 13830 13831 13832 13833 13834 13835 13836 13851 13852 13853 13854 13855 13856 13857 13858 13859 13860 13861 13862 13863 13864 13865 13866 13867 13896 13897 13898 13907 13908 13909 13910 13911 13912 13913 13914 13915 13916 13917 13918 13919 13920 13921 13922 13923 13924 13925 13926 13927 13928 13929 13960 13967 13968 13969 13970 13971 13972 13973 13974 13975 13976 13977 13978 13979 13980 13981 13982 13983 13984 13985 13986 13987 13988 13989 13990 13991 14022 14050 14051 14052 14053 14065 14066 14067 14068 14069 14070 14071 14072 14073 14074 14075 14076 14077 14078 14079 14080 14081 14082 14083 14084 14096 14097 14098 14099 14100 14101 14102 14103 14104 14105 14106 14107 14108 14109 14110 14111 14112 14113 14114 14115 14117 14118 14119 14120 14121 14122 14123 14124 14125 14126 14127 14128 14129 14130 14131 14132 14133 14134 14135 14136 14137 14138 14139 14140 14141 14142 14143 14144 14145 14146 14151 14161 14163 14201 14244 14296 14337 14351 14394 14422 14467 14502 14517 14573 14574 14631 14647 14676 14824 14876 14921 14962 15019 15035 15057 15133 15187 15238 15247 15254 15285 15296 15297 15298 15299 15300 15301 15302 15303 15304 15305 15306 15307 15308 15309 15310 15311 15312 15313 15314 15315 15316 15347 15361 15362 15363 15364 15365 15366 15367 15368 15369 15370 15371 15372 15373 15374 15375 15376 15377 15378 15400 15401 15402 15403 15404 15405 15406 15407 15408 15409 15419 15420 15421 15422 15423 15424 15425 15426 15427 15428 15429 15430 15431 15432 15433 15434 15435 15436 15437 15438 15439 15440 15469 15470 15471 15487 15488 15489 15490 15491 15492 15493 15494 15495 15496 15497 15498 15499 15500 15501 15502 15519 15520 15521 15522 15523 15524 15525 15526 15527 15528 15529 15530 15531 15532 15533 15553 15554 15555 15556 15557 15558 15559 15560 15561 15562 15563 15564 15579 15580 15581 15582 15583 15584 15585 15586 15587 15588 15589 15590 15591 15592 15593 15594 15595 15656 15657 15682 15683 15684 15685 15686 15687 15688 15707 15708 15709 15710 15711 15712 15713 15714 15715 15716 15717 15718 15719 15747 15748 15749 15750 15764 15765 15766 15767 15768 15769 15770 15771 15772 15773 15774 15775 15776 15777 15778 15779 15780 15781 15841 15842 15843 15866 15867 15868 15869 15870 15871 15872 15873 15874 15891 15892 15893 15894 15895 15896 15897 15898 15899 15900 15901 15902 15903 15904 15905 15923 15924 15925 15926 15927 15928 15929 15930 15931 15932 15933 15934 15935 15936 15948 15949 15950 15951 15952 15953 15954 15955 15956 15957 15958 15959 15960 15961 15962 15963 15964 15965 15966 15967 15998 16019 16020 16021 16022 16023 16024 16025 16026 16027 16028 16029 16055 16056 16057 16058 16059 16060 16084 16085 16086 16087 16088 16089 16090 16091 16104 16105 16106 16107 16108 16109 16110 16111 16112 16113 16114 16115 16116 16117 16118 16119 16120 16121 16122 16153 16180 16181 16182 16183 16184 16214 16215 16228 16237 16247 16368 16417 16520 16538 16567 16707 16734 16836 16877 16945 17026 17042 17078 17116 17132 17280 17335 17336 17352 17353 17354 17355 17356 17357 17358 17359 17360 17361 17362 17363 17364 17365 17366 17371 17372 17373 17374 17375 17376 17377 17378 17379 17380 17381 17382 17383 17384 17385 17386 17387 17388 17389 17390 17391 17392 17393 17394 17395 17396 17397 17409 17410 17411 17412 17413 17414 17415 17416 17417 17418 17419 17420 17421 17422 17423 17424 17425 17426 17427 17428 17459 17466 17467 17468 17469 17470 17471 17472 17473 17474 17475 17476 17477 17478 17479 17480 17481 17482 17483 17484 17485 17486 17487 17488 17489 17490 17497 17498 17499 17500 17501 17502 17503 17504 17505 17506 17507 17508 17509 17510 17511 17512 17513 17514 17515 17516 17517 17518 17519 17520 17521 17538 17539 17540 17541 17542 17543 17544 17545 17546 17547 17548 17549 17550 17551 17552 17596 17597 17598 17599 17600 17601 17602 17603 17604 17605 17606 17607 17608 17609 17610 17611 17612 17613 17614 17623 17624 17625 17626 17627 17628 17629 17630 17631 17632 17633 17634 17635 17636 17637 17638 17639 17640 17641 17642 17643 17644 17645 17676 17689 17690 17691 17692 17693 17694 17695 17696 17697 17698 17699 17700 17701 17702 17703 17704 17705 17706 17707 17724 17725 17726 17727 17728 17729 17730 17731 17732 17733 17734 17735 17736 17737 17738 17742 17743 17744 17745 17746 17747 17748 17749 17750 17751 17752 17753 17754 17755 17756 17757 17758 17759 17760 17761 17762 17763 17764 17765 17766 17767 17768 17769 17779 17780 17781 17782 17783 17784 17785 17786 17787 17788 17789 17790 17791 17792 17793 17794 17795 17796 17797 17798 17799 17800 17809 17810 17811 17812 17813 17814 17815 17816 17817 17818 17819 17820 17821 17822 17823 17824 17825 17826 17827 17828 17829 17830 17831 17848 17849 17850 17851 17852 17853 17854 17855 17856 17857 17858 17859 17860 17861 17862 17891 17892 17893 17910 17911 17912 17913 17914 17915 17916 17917 17918 17919 17920 17921 17922 17923 17924 17930 17931 17932 17933 17934 17935 17936 17937 17938 17939 17940 17941 17942 17943 17944 17945 17946 17947 17948 17949 17950 17951 17952 17953 17954 17955 17966 17967 17968 17969 17970 17971 17972 17973 17974 17975 17976 17977 17978 17979 17980 17981 17982 17983 17984 17985 17986 17997 17998 17999 18000 18001 18002 18003 18004 18005 18006 18007 18008 18009 18010 18011 18012 18013 18014 18015 18016 18017 18023 18024 18025 18026 18027 18028 18029 18030 18031 18032 18033 18034 18035 18036 18037 18038 18039 18040 18041 18042 18043 18044 18045 18046 18047 18048 18050 18051 18052 18053 18054 18055 18056 18057 18058 18059 18060 18061 18062 18063 18064 18065 18066 18067 18068 18069 18070 18071 18072 18073 18074 18075 18076 18077 18078 18079 18087 18088 18089 18090 18091 18092 18093 18094 18095 18096 18097 18098 18099 18100 18101 18102 18103 18104 18105 18106 18107 18108 18109 18110 18113 18114 18115 18116 18117 18118 18119 18120 18121 18122 18123 18124 18125 18126 18127 18128 18129 18130 18131 18132 18133 18134 18135 18136 18137 18138 18139 18140 18141 18146 18147 18148 18149 18150 18151 18152 18153 18154 18155 18156 18157 18158 18159 18160 18161 18162 18163 18164 18165 18166 18167 18168 18169 18170 18171 18172 18202 18203 18234 18250 18251 18252 18253 18254 18255 18256 18257 18258 18259 18260 18261 18262 18263 18264 18265 18281 18282 18283 18284 18285 18286 18287 18288 18289 18290 18291 18292 18293 18294 18295 18296 18312 18333
c Using COMiniSatPS SAT solver by Chanseok Oh (2016)
[UWrMaxSAT] meta file: p4_A-n32-k5_r53v9k3.meta
[UWrMaxSAT] meta loaded OK.
[UWrMaxSAT] Loaded 4600 assumption literals from p4_A-n32-k5_r52v9k3.wcnf.asm
c Parsing MaxSAT file...
c Start timer (tic-tac ...)
c c Found solution: 3209122
c ============================[  Problem Statistics ]============================
c |  Number of variables:         10388                                         |
c |  Number of clauses:           68009 (incl.         1998 soft in queue)      |
c ===============================================================================
c [Elapsed time] 0.11 s
c Found solution: 3203933
c [UWrMaxSAT] Timeout reached.
c [1mOptimal solution: 3203933[0m
c _______________________________________________________________________________
c 
c restarts               : 11687873
c conflicts              : 389            (7 /sec)
c decisions              : 4068           (0.00 % random) (72 /sec)
c propagations           : 1577637        (27854 /sec)
c conflict literals      : 1826           (6.31 % deleted)
c =======================[ UWrMaxSat resources usage ]===========================
c Memory used            : 42.00 MB
c CPU time               : 56.6386 s
c _______________________________________________________________________________
o 3203933
s OPTIMUM FOUND
v 7 148 205 317 353 405 442 458 492 608 635 659 687 830 846 901 944 1014 1131 1172 1229 1266 1341 1352 1429 1466 1482 1511 1590 1659 1696 1711 1840 1870 1925 2020 2050 2052 2054 2056 2070 2071 2072 2073 2074 2075 2076 2077 2078 2079 2080 2081 2082 2083 2084 2085 2086 2088 2089 2090 2091 2092 2093 2094 2095 2096 2097 2098 2099 2100 2101 2102 2103 2104 2105 2106 2107 2108 2109 2110 2111 2112 2113 2114 2115 2116 2117 2119 2120 2121 2122 2123 2124 2125 2126 2127 2128 2129 2130 2131 2132 2133 2134 2135 2136 2137 2138 2139 2140 2141 2142 2143 2144 2145 2146 2147 2148 2150 2151 2152 2153 2154 2155 2156 2157 2158 2159 2160 2161 2162 2163 2164 2165 2166 2167 2168 2169 2170 2171 2172 2173 2174 2175 2176 2177 2178 2179 2186 2187 2188 2189 2190 2191 2192 2193 2194 2195 2196 2197 2198 2199 2200 2201 2202 2203 2204 2205 2206 2207 2208 2209 2210 2213 2214 2215 2216 2217 2218 2219 2220 2221 2222 2223 2224 2225 2226 2227 2228 2229 2230 2231 2232 2233 2234 2235 2236 2237 2238 2239 2240 2241 2265 2266 2267 2268 2269 2270 2271 2272 2274 2275 2276 2277 2278 2279 2280 2281 2282 2283 2284 2285 2286 2287 2288 2289 2290 2291 2292 2293 2294 2295 2296 2297 2298 2299 2300 2301 2302 2303 2306 2307 2308 2309 2310 2311 2312 2313 2314 2315 2316 2317 2318 2319 2320 2321 2322 2323 2324 2325 2326 2327 2328 2329 2330 2331 2332 2333 2334 2339 2340 2341 2342 2343 2344 2345 2346 2347 2348 2349 2350 2351 2352 2353 2354 2355 2356 2357 2358 2359 2360 2361 2362 2363 2364 2365 2367 2368 2369 2370 2371 2372 2373 2374 2375 2376 2377 2378 2379 2380 2381 2382 2383 2384 2385 2386 2387 2388 2389 2390 2391 2392 2393 2394 2395 2396 2410 2411 2412 2413 2414 2415 2416 2417 2418 2419 2420 2421 2422 2423 2424 2425 2426 2427 2452 2453 2454 2455 2456 2457 2458 2468 2469 2470 2471 2472 2473 2474 2475 2476 2477 2478 2479 2480 2481 2482 2483 2484 2485 2486 2487 2488 2489 2493 2494 2495 2496 2497 2498 2499 2500 2501 2502 2503 2504 2505 2506 2507 2508 2509 2510 2511 2512 2513 2514 2515 2516 2517 2518 2519 2520 2533 2534 2535 2536 2537 2538 2539 2540 2541 2542 2543 2544 2545 2546 2547 2548 2549 2550 2551 2554 2555 2556 2557 2558 2559 2560 2561 2562 2563 2564 2565 2566 2567 2568 2569 2570 2571 2572 2573 2574 2575 2576 2577 2578 2579 2580 2581 2582 2585 2586 2587 2588 2589 2590 2591 2592 2593 2594 2595 2596 2597 2598 2599 2600 2601 2602 2603 2604 2605 2606 2607 2608 2609 2610 2611 2612 2613 2640 2641 2642 2643 2644 2652 2653 2654 2655 2656 2657 2658 2659 2660 2661 2662 2663 2664 2665 2666 2667 2668 2669 2670 2671 2672 2673 2674 2675 2701 2702 2703 2704 2705 2706 2709 2710 2711 2712 2713 2714 2715 2716 2717 2718 2719 2720 2721 2722 2723 2724 2725 2726 2727 2728 2729 2730 2731 2732 2733 2734 2735 2736 2737 2739 2740 2741 2742 2743 2744 2745 2746 2747 2748 2749 2750 2751 2752 2753 2754 2755 2756 2757 2758 2759 2760 2761 2762 2763 2764 2765 2766 2767 2768 2795 2796 2797 2798 2799 2816 2817 2818 2819 2820 2821 2822 2823 2824 2825 2826 2827 2828 2829 2830 2841 2842 2843 2844 2845 2846 2847 2848 2849 2850 2851 2852 2853 2854 2855 2856 2857 2858 2859 2860 2861 2870 2871 2872 2873 2874 2875 2876 2877 2878 2879 2880 2881 2882 2883 2884 2885 2886 2887 2888 2889 2890 2891 2892 2894 2895 2896 2897 2898 2899 2900 2901 2902 2903 2904 2905 2906 2907 2908 2909 2910 2911 2912 2913 2914 2915 2916 2917 2918 2919 2920 2921 2922 2923 2929 2930 2931 2932 2933 2934 2935 2936 2937 2938 2939 2940 2941 2942 2943 2944 2945 2946 2947 2948 2949 2950 2951 2952 2953 2954 2966 2967 2968 2969 2970 2971 2972 2973 2974 2975 2976 2977 2978 2979 2980 2981 2982 2983 2984 2985 2987 2988 2989 2990 2991 2992 2993 2994 2995 2996 2997 2998 2999 3000 3001 3002 3003 3004 3005 3006 3007 3008 3009 3010 3011 3012 3013 3014 3015 3016 3031 3032 3033 3034 3035 3036 3037 3038 3039 3040 3041 3042 3043 3044 3045 3046 3047 3050 3051 3052 3053 3054 3055 3056 3057 3058 3059 3060 3061 3062 3063 3064 3065 3066 3067 3068 3069 3070 3071 3072 3073 3074 3075 3076 3077 3078 3080 3081 3082 3083 3084 3085 3086 3087 3088 3089 3090 3091 3092 3093 3094 3095 3096 3097 3098 3099 3100 3101 3102 3103 3104 3105 3106 3107 3108 3109 3111 3112 3113 3114 3115 3116 3117 3118 3119 3120 3121 3122 3123 3124 3125 3126 3127 3128 3129 3130 3131 3132 3133 3134 3135 3136 3137 3138 3139 3140 3156 3157 3158 3159 3160 3161 3162 3163 3164 3165 3166 3167 3168 3169 3170 3171 3173 3174 3175 3176 3177 3178 3179 3180 3181 3182 3183 3184 3185 3186 3187 3188 3189 3190 3191 3192 3193 3194 3195 3196 3197 3198 3199 3200 3201 3202 3232 3233 3237 3238 3239 3240 3241 3242 3243 3244 3245 3246 3247 3248 3249 3250 3251 3252 3253 3254 3255 3256 3257 3258 3259 3260 3261 3262 3263 3264 3295 3309 3310 3311 3312 3313 3314 3315 3316 3317 3318 3319 3320 3321 3322 3323 3324 3325 3326 3329 3330 3331 3332 3333 3334 3335 3336 3337 3338 3339 3340 3341 3342 3343 3344 3345 3346 3347 3348 3349 3350 3351 3352 3353 3354 3355 3356 3357 3373 3374 3375 3376 3377 3378 3379 3380 3381 3382 3383 3384 3385 3386 3387 3388 3419 3446 3447 3448 3449 3450 3463 3464 3465 3466 3467 3468 3469 3470 3471 3472 3473 3474 3475 3476 3477 3478 3479 3480 3481 3510 3511 3512 3517 3518 3519 3520 3521 3522 3523 3524 3525 3526 3527 3528 3529 3530 3531 3532 3533 3534 3535 3536 3537 3538 3539 3540 3541 3542 3543 3554 3555 3556 3557 3558 3559 3560 3561 3562 3563 3564 3565 3566 3567 3568 3569 3570 3571 3572 3573 3574 3578 3579 3580 3581 3582 3583 3584 3585 3586 3587 3588 3589 3590 3591 3592 3593 3594 3595 3596 3597 3598 3599 3600 3601 3602 3603 3604 3605 3622 3623 3624 3625 3626 3627 3628 3629 3630 3631 3632 3633 3634 3635 3636 3679 3680 3681 3682 3683 3684 3685 3686 3687 3688 3689 3690 3691 3692 3693 3694 3695 3696 3697 3698 3700 3701 3702 3703 3704 3705 3706 3707 3708 3709 3710 3711 3712 3713 3714 3715 3716 3717 3718 3719 3720 3721 3722 3723 3724 3725 3726 3727 3728 3729 3760 3791 3819 3820 3821 3822 3848 3849 3850 3851 3852 3853 3856 3857 3858 3859 3860 3861 3862 3863 3864 3865 3866 3867 3868 3869 3870 3871 3872 3873 3874 3875 3876 3877 3878 3879 3880 3881 3882 3883 3884 3899 3900 3901 3902 3903 3904 3905 3906 3907 3908 3909 3910 3911 3912 3913 3914 3915 3946 3948 3949 3950 3951 3952 3953 3954 3955 3956 3957 3958 3959 3960 3961 3962 3963 3964 3965 3966 3967 3968 3969 3970 3971 3972 3973 3974 3975 3976 3977 3979 4008 4116 4145 4185 4227 4266 4295 4316 4383 4435 4462 4502 4535 4544 4585 4605 4645 4673 4728 4770 4806 4844 4879 4946 4973 5003 5022 5023 5024 5035 5036 5037 5038 5039 5040 5041 5042 5043 5044 5045 5046 5047 5048 5049 5050 5051 5052 5053 5054 5055 5056 5057 5060 5061 5062 5063 5064 5065 5066 5067 5068 5069 5070 5071 5072 5073 5074 5075 5076 5077 5078 5079 5080 5081 5082 5083 5084 5085 5086 5087 5088 5091 5092 5093 5094 5095 5096 5097 5098 5099 5100 5101 5102 5103 5104 5105 5106 5107 5108 5109 5110 5111 5112 5113 5114 5115 5116 5117 5118 5119 5148 5149 5150 5166 5167 5168 5169 5170 5171 5172 5173 5174 5175 5176 5177 5178 5179 5180 5181 5183 5184 5185 5186 5187 5188 5189 5190 5191 5192 5193 5194 5195 5196 5197 5198 5199 5200 5201 5202 5203 5204 5205 5206 5207 5208 5209 5210 5211 5212 5220 5221 5222 5223 5224 5225 5226 5227 5228 5229 5230 5231 5232 5233 5234 5235 5236 5237 5238 5239 5240 5241 5242 5243 5270 5271 5272 5273 5274 5299 5300 5301 5302 5303 5304 5305 5327 5328 5329 5330 5331 5332 5333 5334 5335 5336 5364 5365 5366 5367 5398 5405 5406 5407 5408 5409 5410 5411 5412 5413 5414 5415 5416 5417 5418 5419 5420 5421 5422 5423 5424 5425 5426 5427 5428 5429 5442 5443 5444 5445 5446 5447 5448 5449 5450 5451 5452 5453 5454 5455 5456 5457 5458 5459 5460 5483 5484 5485 5486 5487 5488 5489 5490 5491 5501 5502 5503 5504 5505 5506 5507 5508 5509 5510 5511 5512 5513 5514 5515 5516 5517 5518 5519 5520 5521 5522 5526 5527 5528 5529 5530 5531 5532 5533 5534 5535 5536 5537 5538 5539 5540 5541 5542 5543 5544 5545 5546 5547 5548 5549 5550 5551 5552 5553 5579 5580 5581 5582 5583 5584 5587 5588 5589 5590 5591 5592 5593 5594 5595 5596 5597 5598 5599 5600 5601 5602 5603 5604 5605 5606 5607 5608 5609 5610 5611 5612 5613 5614 5615 5630 5631 5632 5633 5634 5635 5636 5637 5638 5639 5640 5641 5642 5643 5644 5645 5646 5652 5653 5654 5655 5656 5657 5658 5659 5660 5661 5662 5663 5664 5665 5666 5667 5668 5669 5670 5671 5672 5673 5674 5675 5676 5677 5701 5702 5703 5704 5705 5706 5707 5708 5739 5770 5791 5792 5793 5794 5795 5796 5797 5798 5799 5800 5801 5813 5814 5815 5816 5817 5818 5819 5820 5821 5822 5823 5824 5825 5826 5827 5828 5829 5830 5831 5832 5846 5847 5848 5849 5850 5851 5852 5853 5854 5855 5856 5857 5858 5859 5860 5861 5862 5863 5893 5894 5925 5936 5937 5938 5939 5940 5941 5942 5943 5944 5945 5946 5947 5948 5949 5950 5951 5952 5953 5954 5955 5956 5961 5962 5963 5964 5965 5966 5967 5968 5969 5970 5971 5972 5973 5974 5975 5976 5977 5978 5979 5980 5981 5982 5983 5984 5985 5986 5987 5991 5999 6001 6006 6016 6116 6157 6214 6251 6287 6326 6337 6362 6414 6451 6467 6501 6540 6562 6617 6644 6680 6696 6741 6839 6855 6877 6910 6953 6986 7024 7042 7043 7044 7047 7051 7076 7077 7078 7079 7080 7081 7083 7084 7085 7086 7087 7088 7089 7090 7091 7092 7093 7094 7095 7096 7097 7098 7099 7100 7101 7102 7103 7104 7105 7106 7107 7108 7109 7110 7111 7112 7115 7116 7117 7118 7119 7120 7121 7122 7123 7124 7125 7126 7127 7128 7129 7130 7131 7132 7133 7134 7135 7136 7137 7138 7139 7140 7141 7142 7143 7152 7153 7154 7155 7156 7157 7158 7159 7160 7161 7162 7163 7164 7165 7166 7167 7168 7169 7170 7171 7172 7173 7174 7192 7193 7194 7195 7196 7197 7198 7199 7200 7201 7202 7203 7204 7205 7207 7208 7209 7210 7211 7212 7213 7214 7215 7216 7217 7218 7219 7220 7221 7222 7223 7224 7225 7226 7227 7228 7229 7230 7231 7232 7233 7234 7235 7236 7263 7264 7265 7266 7267 7278 7279 7280 7281 7282 7283 7284 7285 7286 7287 7288 7289 7290 7291 7292 7293 7294 7295 7296 7297 7298 7311 7312 7313 7314 7315 7316 7317 7318 7319 7320 7321 7322 7323 7324 7325 7326 7327 7328 7329 7345 7346 7347 7348 7349 7350 7351 7352 7353 7354 7355 7356 7357 7358 7359 7360 7370 7371 7372 7373 7374 7375 7376 7377 7378 7379 7380 7381 7382 7383 7384 7385 7386 7387 7388 7389 7390 7391 7416 7417 7418 7419 7420 7421 7422 7450 7451 7452 7453 7474 7475 7476 7477 7478 7479 7480 7481 7482 7483 7484 7499 7500 7501 7502 7503 7504 7505 7506 7507 7508 7509 7510 7511 7512 7513 7514 7515 7539 7540 7541 7542 7543 7544 7545 7546 7577 7589 7590 7591 7592 7593 7594 7595 7596 7597 7598 7599 7600 7601 7602 7603 7604 7605 7606 7607 7608 7658 7659 7660 7661 7662 7663 7664 7665 7666 7667 7668 7669 7670 7699 7700 7701 7715 7716 7717 7718 7719 7720 7721 7722 7723 7724 7725 7726 7727 7728 7729 7730 7731 7732 7739 7740 7741 7742 7743 7744 7745 7746 7747 7748 7749 7750 7751 7752 7753 7754 7755 7756 7757 7758 7759 7760 7761 7762 7763 7794 7825 7847 7848 7849 7850 7851 7852 7853 7854 7855 7856 7876 7877 7878 7879 7880 7881 7882 7883 7884 7885 7886 7887 7895 7896 7897 7898 7899 7900 7901 7902 7903 7904 7905 7906 7907 7908 7909 7910 7911 7912 7913 7914 7915 7916 7917 7918 7935 7936 7937 7938 7939 7940 7941 7942 7943 7944 7945 7946 7947 7948 7949 7972 7973 7974 7975 7976 7977 7978 7979 7980 8010 8011 8016 8074 8160 8193 8228 8244 8271 8310 8360 8427 8479 8506 8542 8579 8588 8629 8649 8689 8717 8742 8850 8888 8923 8947 9017 9047 9073 9081 9083 9084 9100 9101 9102 9103 9104 9105 9106 9107 9108 9109 9110 9111 9112 9113 9114 9138 9139 9140 9141 9142 9143 9144 9145 9176 9197 9198 9199 9200 9201 9202 9203 9204 9205 9206 9207 9220 9221 9222 9223 9224 9225 9226 9227 9228 9229 9230 9231 9232 9233 9234 9235 9236 9237 9238 9269 9276 9277 9278 9279 9280 9281 9282 9283 9284 9285 9286 9287 9288 9289 9290 9291 9292 9293 9294 9295 9296 9297 9298 9299 9300 9319 9320 9321 9322 9323 9324 9325 9326 9327 9328 9329 9330 9331 9348 9349 9350 9351 9352 9353 9354 9355 9356 9357 9358 9359 9360 9361 9362 9375 9376 9377 9378 9379 9380 9381 9382 9383 9384 9385 9386 9387 9388 9389 9390 9391 9392 9393 9413 9414 9415 9416 9417 9418 9419 9420 9421 9422 9423 9424 9440 9441 9442 9443 9444 9445 9446 9447 9448 9449 9450 9451 9452 9453 9454 9455 9461 9462 9463 9464 9465 9466 9467 9468 9469 9470 9471 9472 9473 9474 9475 9476 9477 9478 9479 9480 9481 9482 9483 9484 9485 9486 9496 9497 9498 9499 9500 9501 9502 9503 9504 9505 9506 9507 9508 9509 9510 9511 9512 9513 9514 9515 9516 9517 9532 9533 9534 9535 9536 9537 9538 9539 9540 9541 9542 9543 9544 9545 9546 9547 9548 9556 9557 9558 9559 9560 9561 9562 9563 9564 9565 9566 9567 9568 9569 9570 9571 9572 9573 9574 9575 9576 9577 9578 9579 9582 9583 9584 9585 9586 9587 9588 9589 9590 9591 9592 9593 9594 9595 9596 9597 9598 9599 9600 9601 9602 9603 9604 9605 9606 9607 9608 9609 9610 9628 9629 9630 9631 9632 9633 9634 9635 9636 9637 9638 9639 9640 9641 9643 9644 9645 9646 9647 9648 9649 9650 9651 9652 9653 9654 9655 9656 9657 9658 9659 9660 9661 9662 9663 9664 9665 9666 9667 9668 9669 9670 9671 9672 9684 9685 9686 9687 9688 9689 9690 9691 9692 9693 9694 9695 9696 9697 9698 9699 9700 9701 9702 9703 9708 9709 9710 9711 9712 9713 9714 9715 9716 9717 9718 9719 9720 9721 9722 9723 9724 9725 9726 9727 9728 9729 9730 9731 9732 9733 9734 9750 9751 9752 9753 9754 9755 9756 9757 9758 9759 9760 9761 9762 9763 9764 9765 9788 9789 9790 9791 9792 9793 9794 9795 9796 9827 9839 9840 9841 9842 9843 9844 9845 9846 9847 9848 9849 9850 9851 9852 9853 9854 9855 9856 9857 9858 9867 9868 9869 9870 9871 9872 9873 9874 9875 9876 9877 9878 9879 9880 9881 9882 9883 9884 9885 9886 9887 9888 9889 9900 9901 9902 9903 9904 9905 9906 9907 9908 9909 9910 9911 9912 9913 9914 9915 9916 9917 9918 9919 9920 9942 9943 9944 9945 9946 9947 9948 9949 9950 9951 9965 9966 9967 9968 9969 9970 9971 9972 9973 9974 9975 9976 9977 9978 9979 9980 9981 9982 10013 10017 10018 10019 10020 10021 10022 10023 10024 10025 10026 10027 10028 10029 10030 10031 10032 10033 10034 10035 10036 10037 10038 10039 10040 10041 10042 10043 10044 10066 10088 10113 10162 10223 10238 10299 10428 10466 10517 10552 10567 10641 10707 10762 10807 10838 10848 10891 10921 10957 10996 11069 11119 11121 11125 11127 11129 11158 11159 11164 11165 11166 11167 11168 11169 11170 11171 11172 11173 11174 11175 11176 11177 11178 11179 11180 11181 11182 11183 11184 11185 11186 11187 11188 11189 11190 11203 11204 11205 11206 11207 11208 11209 11210 11211 11212 11213 11214 11215 11216 11217 11218 11219 11220 11221 11223 11224 11225 11226 11227 11228 11229 11230 11231 11232 11233 11234 11235 11236 11237 11238 11239 11240 11241 11242 11243 11244 11245 11246 11247 11248 11249 11250 11251 11252 11274 11275 11276 11277 11278 11279 11280 11281 11282 11283 11295 11296 11297 11298 11299 11300 11301 11302 11303 11304 11305 11306 11307 11308 11309 11310 11311 11312 11313 11314 11347 11348 11349 11350 11351 11352 11353 11354 11355 11356 11357 11358 11359 11360 11361 11362 11363 11364 11365 11366 11367 11368 11369 11370 11371 11372 11373 11374 11375 11376 11379 11380 11381 11382 11383 11384 11385 11386 11387 11388 11389 11390 11391 11392 11393 11394 11395 11396 11397 11398 11399 11400 11401 11402 11403 11404 11405 11406 11407 11438 11441 11442 11443 11444 11445 11446 11447 11448 11449 11450 11451 11452 11453 11454 11455 11456 11457 11458 11459 11460 11461 11462 11463 11464 11465 11466 11467 11468 11469 11498 11499 11500 11531 11557 11558 11559 11560 11561 11562 11580 11581 11582 11583 11584 11585 11586 11587 11588 11589 11590 11591 11592 11593 11621 11622 11623 11624 11626 11627 11628 11629 11630 11631 11632 11633 11634 11635 11636 11637 11638 11639 11640 11641 11642 11643 11644 11645 11646 11647 11648 11649 11650 11651 11652 11653 11654 11655 11671 11672 11673 11674 11675 11676 11677 11678 11679 11680 11681 11682 11683 11684 11685 11686 11688 11689 11690 11691 11692 11693 11694 11695 11696 11697 11698 11699 11700 11701 11702 11703 11704 11705 11706 11707 11708 11709 11710 11711 11712 11713 11714 11715 11716 11717 11740 11741 11742 11743 11744 11745 11746 11747 11748 11751 11752 11753 11754 11755 11756 11757 11758 11759 11760 11761 11762 11763 11764 11765 11766 11767 11768 11769 11770 11771 11772 11773 11774 11775 11776 11777 11778 11779 11796 11797 11798 11799 11800 11801 11802 11803 11804 11805 11806 11807 11808 11809 11810 11824 11825 11826 11827 11828 11829 11830 11831 11832 11833 11834 11835 11836 11837 11838 11839 11840 11841 11865 11866 11867 11868 11869 11870 11871 11872 11893 11894 11895 11896 11897 11898 11899 11900 11901 11902 11903 11930 11931 11932 11933 11934 11959 11960 11961 11962 11963 11964 11965 11980 11981 11982 11983 11984 11985 11986 11987 11988 11989 11990 11991 11992 11993 11994 11995 11996 12016 12017 12018 12019 12020 12021 12022 12023 12024 12025 12026 12027 12058 12060 12061 12062 12063 12064 12065 12066 12067 12068 12069 12070 12071 12072 12073 12074 12075 12076 12077 12078 12079 12080 12081 12082 12083 12084 12085 12086 12087 12088 12089 12091 12119 12125 12142 12190 12192 12250 12283 12354 12390 12429 12511 12566 12596 12632 12679 12739 12779 12816 12833 12882 12940 13013 13032 13107 13149 13177 13182 13183 13190 13191 13192 13193 13194 13195 13196 13197 13198 13199 13200 13201 13202 13203 13204 13205 13206 13207 13208 13209 13210 13211 13212 13213 13214 13215 13216 13247 13277 13278 13297 13298 13299 13300 13301 13302 13303 13304 13305 13306 13307 13308 13309 13320 13321 13322 13323 13324 13325 13326 13327 13328 13329 13330 13331 13332 13333 13334 13335 13336 13337 13338 13339 13340 13371 13402 13420 13421 13422 13423 13424 13425 13426 13427 13428 13429 13430 13431 13432 13433 13450 13451 13452 13453 13454 13455 13456 13457 13458 13459 13460 13461 13462 13463 13464 13477 13478 13479 13480 13481 13482 13483 13484 13485 13486 13487 13488 13489 13490 13491 13492 13493 13494 13495 13526 13539 13540 13541 13542 13543 13544 13545 13546 13547 13548 13549 13550 13551 13552 13553 13554 13555 13556 13557 13561 13562 13563 13564 13565 13566 13567 13568 13569 13570 13571 13572 13573 13574 13575 13576 13577 13578 13579 13580 13581 13582 13583 13584 13585 13586 13587 13588 13596 13597 13598 13599 13600 13601 13602 13603 13604 13605 13606 13607 13608 13609 13610 13611 13612 13613 13614 13615 13616 13617 13618 13619 13633 13634 13635 13636 13637 13638 13639 13640 13641 13642 13643 13644 13645 13646 13647 13648 13649 13650 13656 13657 13658 13659 13660 13661 13662 13663 13664 13665 13666 13667 13668 13669 13670 13671 13672 13673 13674 13675 13676 13677 13678 13679 13680 13681 13712 13728 13729 13730 13731 13732 13733 13734 13735 13736 13737 13738 13739 13740 13741 13742 13743 13774 13784 13785 13786 13787 13788 13789 13790 13791 13792 13793 13794 13795 13796 13797 13798 13799 13800 13801 13802 13803 13804 13805 13808 13809 13810 13811 13812 13813 13814 13815 13816 13817 13818 13819 13820 13821 13822 13823 13824 13825 13826 13827 13828 13829 13830 13831 13832 13833 13834 13835 13836 13851 13852 13853 13854 13855 13856 13857 13858 13859 13860 13861 13862 13863 13864 13865 13866 13867 13896 13897 13898 13907 13908 13909 13910 13911 13912 13913 13914 13915 13916 13917 13918 13919 13920 13921 13922 13923 13924 13925 13926 13927 13928 13929 13960 13967 13968 13969 13970 13971 13972 13973 13974 13975 13976 13977 13978 13979 13980 13981 13982 13983 13984 13985 13986 13987 13988 13989 13990 13991 14022 14050 14051 14052 14053 14065 14066 14067 14068 14069 14070 14071 14072 14073 14074 14075 14076 14077 14078 14079 14080 14081 14082 14083 14084 14096 14097 14098 14099 14100 14101 14102 14103 14104 14105 14106 14107 14108 14109 14110 14111 14112 14113 14114 14115 14117 14118 14119 14120 14121 14122 14123 14124 14125 14126 14127 14128 14129 14130 14131 14132 14133 14134 14135 14136 14137 14138 14139 14140 14141 14142 14143 14144 14145 14146 14151 14161 14163 14201 14244 14296 14337 14351 14394 14422 14467 14502 14517 14573 14574 14631 14647 14676 14824 14876 14921 14962 15019 15035 15057 15133 15187 15238 15247 15254 15285 15296 15297 15298 15299 15300 15301 15302 15303 15304 15305 15306 15307 15308 15309 15310 15311 15312 15313 15314 15315 15316 15347 15361 15362 15363 15364 15365 15366 15367 15368 15369 15370 15371 15372 15373 15374 15375 15376 15377 15378 15400 15401 15402 15403 15404 15405 15406 15407 15408 15409 15419 15420 15421 15422 15423 15424 15425 15426 15427 15428 15429 15430 15431 15432 15433 15434 15435 15436 15437 15438 15439 15440 15469 15470 15471 15487 15488 15489 15490 15491 15492 15493 15494 15495 15496 15497 15498 15499 15500 15501 15502 15519 15520 15521 15522 15523 15524 15525 15526 15527 15528 15529 15530 15531 15532 15533 15553 15554 15555 15556 15557 15558 15559 15560 15561 15562 15563 15564 15579 15580 15581 15582 15583 15584 15585 15586 15587 15588 15589 15590 15591 15592 15593 15594 15595 15656 15657 15682 15683 15684 15685 15686 15687 15688 15707 15708 15709 15710 15711 15712 15713 15714 15715 15716 15717 15718 15719 15747 15748 15749 15750 15764 15765 15766 15767 15768 15769 15770 15771 15772 15773 15774 15775 15776 15777 15778 15779 15780 15781 15812 15841 15842 15843 15866 15867 15868 15869 15870 15871 15872 15873 15874 15891 15892 15893 15894 15895 15896 15897 15898 15899 15900 15901 15902 15903 15904 15905 15923 15924 15925 15926 15927 15928 15929 15930 15931 15932 15933 15934 15935 15936 15948 15949 15950 15951 15952 15953 15954 15955 15956 15957 15958 15959 15960 15961 15962 15963 15964 15965 15966 15967 15998 16019 16020 16021 16022 16023 16024 16025 16026 16027 16028 16029 16055 16056 16057 16058 16059 16060 16084 16085 16086 16087 16088 16089 16090 16091 16104 16105 16106 16107 16108 16109 16110 16111 16112 16113 16114 16115 16116 16117 16118 16119 16120 16121 16122 16153 16180 16181 16182 16183 16184 16214 16215 16228 16237 16247 16368 16417 16520 16538 16567 16707 16734 16836 16877 16945 17026 17042 17078 17116 17132 17280 17335 17336 17344 17345 17346 17347 17348 17349 17350 17351 17352 17353 17354 17355 17356 17357 17358 17359 17360 17361 17362 17363 17364 17365 17366 17370 17371 17372 17373 17374 17375 17376 17377 17378 17379 17380 17381 17382 17383 17384 17385 17386 17387 17388 17389 17390 17391 17392 17393 17394 17395 17396 17397 17401 17402 17403 17404 17405 17406 17407 17408 17409 17410 17411 17412 17413 17414 17415 17416 17417 17418 17419 17420 17421 17422 17423 17424 17425 17426 17427 17428 17459 17466 17467 17468 17469 17470 17471 17472 17473 17474 17475 17476 17477 17478 17479 17480 17481 17482 17483 17484 17485 17486 17487 17488 17489 17490 17494 17495 17496 17497 17498 17499 17500 17501 17502 17503 17504 17505 17506 17507 17508 17509 17510 17511 17512 17513 17514 17515 17516 17517 17518 17519 17520 17521 17528 17529 17530 17531 17532 17533 17534 17535 17536 17537 17538 17539 17540 17541 17542 17543 17544 17545 17546 17547 17548 17549 17550 17551 17552 17595 17596 17597 17598 17599 17600 17601 17602 17603 17604 17605 17606 17607 17608 17609 17610 17611 17612 17613 17614 17623 17624 17625 17626 17627 17628 17629 17630 17631 17632 17633 17634 17635 17636 17637 17638 17639 17640 17641 17642 17643 17644 17645 17676 17683 17684 17685 17686 17687 17688 17689 17690 17691 17692 17693 17694 17695 17696 17697 17698 17699 17700 17701 17702 17703 17704 17705 17706 17707 17717 17718 17719 17720 17721 17722 17723 17724 17725 17726 17727 17728 17729 17730 17731 17732 17733 17734 17735 17736 17737 17738 17742 17743 17744 17745 17746 17747 17748 17749 17750 17751 17752 17753 17754 17755 17756 17757 17758 17759 17760 17761 17762 17763 17764 17765 17766 17767 17768 17769 17779 17780 17781 17782 17783 17784 17785 17786 17787 17788 17789 17790 17791 17792 17793 17794 17795 17796 17797 17798 17799 17800 17808 17809 17810 17811 17812 17813 17814 17815 17816 17817 17818 17819 17820 17821 17822 17823 17824 17825 17826 17827 17828 17829 17830 17831 17837 17838 17839 17840 17841 17842 17843 17844 17845 17846 17847 17848 17849 17850 17851 17852 17853 17854 17855 17856 17857 17858 17859 17860 17861 17862 17891 17892 17893 17899 17900 17901 17902 17903 17904 17905 17906 17907 17908 17909 17910 17911 17912 17913 17914 17915 17916 17917 17918 17919 17920 17921 17922 17923 17924 17930 17931 17932 17933 17934 17935 17936 17937 17938 17939 17940 17941 17942 17943 17944 17945 17946 17947 17948 17949 17950 17951 17952 17953 17954 17955 17962 17963 17964 17965 17966 17967 17968 17969 17970 17971 17972 17973 17974 17975 17976 17977 17978 17979 17980 17981 17982 17983 17984 17985 17986 17997 17998 17999 18000 18001 18002 18003 18004 18005 18006 18007 18008 18009 18010 18011 18012 18013 18014 18015 18016 18017 18020 18021 18022 18023 18024 18025 18026 18027 18028 18029 18030 18031 18032 18033 18034 18035 18036 18037 18038 18039 18040 18041 18042 18043 18044 18045 18046 18047 18048 18050 18051 18052 18053 18054 18055 18056 18057 18058 18059 18060 18061 18062 18063 18064 18065 18066 18067 18068 18069 18070 18071 18072 18073 18074 18075 18076 18077 18078 18079 18087 18088 18089 18090 18091 18092 18093 18094 18095 18096 18097 18098 18099 18100 18101 18102 18103 18104 18105 18106 18107 18108 18109 18110 18113 18114 18115 18116 18117 18118 18119 18120 18121 18122 18123 18124 18125 18126 18127 18128 18129 18130 18131 18132 18133 18134 18135 18136 18137 18138 18139 18140 18141 18146 18147 18148 18149 18150 18151 18152 18153 18154 18155 18156 18157 18158 18159 18160 18161 18162 18163 18164 18165 18166 18167 18168 18169 18170 18171 18172 18202 18203 18234 18241 18242 18243 18244 18245 18246 18247 18248 18249 18250 18251 18252 18253 18254 18255 18256 18257 18258 18259 18260 18261 18262 18263 18264 18265 18273 18274 18275 18276 18277 18278 18279 18280 18281 18282 18283 18284 18285 18286 18287 18288 18289 18290 18291 18292 18293 18294 18295 18296 18312 18333 18340
Vehicle 2: d → 18 → 16 → 30 → 20 → 12 → 6 → 0 → 15 → 29 → 25 → 13 → 26 → 19 → 4 → 24 → 9 → 14 → 21 → 8 → 17 → 7 → 10 → 3 → 27 → 22 → d, (requests = [5, 6, 7, 11, 16])
Vehicle 3: d → 22 → 27 → 3 → 10 → 7 → 17 → 8 → 21 → 14 → 9 → 28 → 4 → 19 → 26 → 13 → 25 → 29 → 15 → 11 → 0 → 6 → 12 → 20 → 30 → 16 → 18 → d, (requests = [8, 9, 10, 13, 17, 18, 36, 43])
Vehicle 4: d → 18 → 16 → 30 → 20 → 12 → 6 → 15 → 25 → 13 → 26 → 19 → 4 → 28 → 14 → 21 → 8 → 17 → 7 → 10 → 3 → 27 → 22 → 1 → 5 → d, (requests = [12, 20, 22, 23, 34, 35, 44])
Vehicle 5: d → 1 → 5 → 2 → 22 → 27 → 17 → 21 → 14 → 28 → 24 → 4 → 19 → 23 → 26 → 13 → 25 → 15 → 11 → 0 → 12 → 6 → d, (requests = [19, 21, 25, 27, 29, 49])
Vehicle 6: d → 30 → 20 → 12 → 0 → 15 → 25 → 13 → 23 → 19 → 4 → 28 → 9 → 14 → 21 → 17 → 8 → 7 → 3 → 27 → 22 → 2 → 1 → d, (requests = [26, 31, 32, 37, 45])
Vehicle 7: d → 5 → 1 → 22 → 27 → 3 → 10 → 7 → 8 → 21 → 14 → 9 → 24 → 4 → 19 → 26 → 13 → 25 → 29 → 15 → 6 → 12 → 0 → 11 → d, (requests = [24, 33, 40])
Vehicle 8: d → 23 → 25 → 13 → 26 → 19 → 4 → 24 → 9 → 14 → 21 → 8 → 17 → 27 → 3 → 7 → d, (requests = [46, 47])
======== PPDSP OBJECTIVE ========
Profit    = 327888
Cost      = 82542
Objective = 245346
=================================
  [Time Manager] Step 55 consumed 61.53s. Total Consumed: 3297.63s.
  [Info] Saved 4496 core assumption literals to p4_A-n32-k5_r50v9k3.wcnf.asm

[56/60] Building & Solving: R=51, V=9, K=3
  [Info] Generating MaxSAT Formulation...
[SBC] Added 306 clauses.
[rc2] Generating instance: p4_A-n32-k5_r51v9k3.wcnf ...
[UWrMaxSAT] meta exported to p4_A-n32-k5_r51v9k3.meta
  [Time Manager] Global Remaining Budget: 302.37s | Future Weight Sum: 5.0
  [Time Manager] Recalibrated Budget for this step: 60.47s
  [Info] Injected Assumption file: p4_A-n32-k5_r50v9k3.wcnf.asm
[UWrMaxSAT] Running command:
  stdbuf -oL uwrmaxsat -no-bin -no-sat -no-par -no-scip -ppdsp-time=60 -ppdsp-lastY=18324 -ppdsp=p4_A-n32-k5_r51v9k3.meta -ppdsp-assume=p4_A-n32-k5_r50v9k3.wcnf.asm p4_A-n32-k5_r51v9k3.wcnf | tee p4_A-n32-k5_r51v9k3.wcnf.out
Vehicle 0: d → 21 → 14 → 9 → 28 → 4 → 19 → 26 → 13 → 25 → 29 → 15 → 11 → 0 → 6 → 12 → 20 → 18 → d, (requests = [4, 15, 28, 30])
Vehicle 1: d → 3 → 10 → 7 → 17 → 21 → 14 → 9 → 28 → 4 → 19 → 26 → 13 → 25 → 15 → 6 → 12 → 20 → d, (requests = [0, 1, 2, 3, 14, 38])
Vehicle 2: d → 18 → 16 → 30 → 20 → 12 → 6 → 0 → 15 → 29 → 25 → 13 → 26 → 19 → 4 → 24 → 9 → 14 → 21 → 8 → 17 → 7 → 10 → 3 → 27 → 22 → d, (requests = [5, 6, 7, 11, 16])
Vehicle 3: d → 22 → 27 → 3 → 10 → 7 → 17 → 8 → 21 → 14 → 9 → 28 → 4 → 19 → 26 → 13 → 25 → 29 → 15 → 11 → 0 → 6 → 12 → 20 → 30 → 16 → 18 → d, (requests = [8, 9, 10, 13, 17, 18, 36, 43])
Vehicle 4: d → 18 → 16 → 30 → 20 → 12 → 6 → 15 → 25 → 13 → 26 → 19 → 4 → 28 → 14 → 21 → 8 → 17 → 7 → 10 → 3 → 27 → 22 → 1 → 5 → d, (requests = [12, 20, 22, 23, 34, 35, 44])
Vehicle 5: d → 1 → 5 → 2 → 22 → 27 → 17 → 21 → 14 → 28 → 24 → 4 → 19 → 23 → 26 → 13 → 25 → 15 → 11 → 0 → 12 → 6 → d, (requests = [19, 21, 25, 27, 29, 49])
Vehicle 6: d → 30 → 20 → 12 → 0 → 15 → 25 → 13 → 23 → 19 → 4 → 28 → 9 → 14 → 21 → 17 → 8 → 7 → 3 → 27 → 22 → 2 → 1 → d, (requests = [26, 31, 32, 37, 45])
Vehicle 7: d → 5 → 1 → 22 → 27 → 3 → 10 → 7 → 8 → 21 → 14 → 9 → 24 → 4 → 19 → 26 → 13 → 25 → 29 → 15 → 6 → 12 → 0 → 11 → d, (requests = [24, 33, 40])
Vehicle 8: d → 23 → 25 → 13 → 26 → 19 → 4 → 24 → 9 → 14 → 21 → 8 → 17 → 27 → 3 → 7 → d, (requests = [46, 47])
======== PPDSP OBJECTIVE ========
Profit    = 327888
Cost      = 82542
Objective = 245346
=================================
  [Time Manager] Step 56 consumed 61.36s. Total Consumed: 3358.99s.
  [Info] Saved 4496 core assumption literals to p4_A-n32-k5_r51v9k3.wcnf.asm

[57/60] Building & Solving: R=52, V=9, K=3
  [Info] Generating MaxSAT Formulation...
[SBC] Added 312 clauses.
[rc2] Generating instance: p4_A-n32-k5_r52v9k3.wcnf ...
[UWrMaxSAT] meta exported to p4_A-n32-k5_r52v9k3.meta
  [Time Manager] Global Remaining Budget: 241.01s | Future Weight Sum: 4.0
  [Time Manager] Recalibrated Budget for this step: 60.25s
  [Info] Injected Assumption file: p4_A-n32-k5_r51v9k3.wcnf.asm
[UWrMaxSAT] Running command:
  stdbuf -oL uwrmaxsat -no-bin -no-sat -no-par -no-scip -ppdsp-time=60 -ppdsp-lastY=18333 -ppdsp=p4_A-n32-k5_r52v9k3.meta -ppdsp-assume=p4_A-n32-k5_r51v9k3.wcnf.asm p4_A-n32-k5_r52v9k3.wcnf | tee p4_A-n32-k5_r52v9k3.wcnf.out
Vehicle 0: d → 21 → 14 → 9 → 28 → 4 → 19 → 26 → 13 → 25 → 29 → 15 → 11 → 0 → 6 → 12 → 20 → 18 → d, (requests = [4, 15, 28, 30])
Vehicle 1: d → 3 → 10 → 7 → 17 → 21 → 14 → 9 → 28 → 4 → 19 → 26 → 13 → 25 → 15 → 6 → 12 → 20 → d, (requests = [0, 1, 2, 3, 14, 38])
Vehicle 2: d → 18 → 16 → 30 → 20 → 12 → 6 → 0 → 15 → 29 → 25 → 13 → 26 → 19 → 4 → 24 → 9 → 14 → 21 → 8 → 17 → 7 → 10 → 3 → 27 → 22 → d, (requests = [5, 6, 7, 11, 16])
Vehicle 3: d → 22 → 27 → 3 → 10 → 7 → 17 → 8 → 21 → 14 → 9 → 28 → 4 → 19 → 26 → 13 → 25 → 29 → 15 → 11 → 0 → 6 → 12 → 20 → 30 → 16 → 18 → d, (requests = [8, 9, 10, 13, 17, 18, 36, 43])
Vehicle 4: d → 18 → 16 → 30 → 20 → 12 → 6 → 15 → 25 → 13 → 26 → 19 → 4 → 28 → 14 → 21 → 8 → 17 → 7 → 10 → 3 → 27 → 22 → 1 → 5 → d, (requests = [12, 20, 22, 23, 34, 35, 44])
Vehicle 5: d → 1 → 5 → 2 → 22 → 27 → 17 → 21 → 14 → 28 → 24 → 4 → 19 → 23 → 26 → 13 → 25 → 15 → 11 → 0 → 12 → 6 → d, (requests = [19, 21, 25, 27, 29, 49])
Vehicle 6: d → 30 → 20 → 12 → 0 → 15 → 25 → 13 → 23 → 19 → 4 → 28 → 9 → 14 → 21 → 17 → 8 → 7 → 3 → 27 → 22 → 2 → 1 → d, (requests = [26, 31, 32, 37, 45])
Vehicle 7: d → 5 → 1 → 22 → 27 → 3 → 10 → 7 → 8 → 21 → 14 → 9 → 24 → 4 → 19 → 26 → 13 → 25 → 29 → 15 → 6 → 12 → 0 → 11 → d, (requests = [24, 33, 40])
Vehicle 8: d → 23 → 25 → 13 → 26 → 19 → 4 → 24 → 9 → 14 → 21 → 8 → 17 → 27 → 3 → 7 → d, (requests = [46, 47, 51])
======== PPDSP OBJECTIVE ========
Profit    = 333326
Cost      = 82542
Objective = 250784
=================================
  [Time Manager] Step 57 consumed 61.53s. Total Consumed: 3420.52s.
  [Info] Saved 4600 core assumption literals to p4_A-n32-k5_r52v9k3.wcnf.asm

[58/60] Building & Solving: R=53, V=9, K=3
  [Info] Generating MaxSAT Formulation...
[SBC] Added 318 clauses.
[rc2] Generating instance: p4_A-n32-k5_r53v9k3.wcnf ...
[UWrMaxSAT] meta exported to p4_A-n32-k5_r53v9k3.meta
  [Time Manager] Global Remaining Budget: 179.48s | Future Weight Sum: 3.0
  [Time Manager] Recalibrated Budget for this step: 59.83s
  [Info] Injected Assumption file: p4_A-n32-k5_r52v9k3.wcnf.asm
[UWrMaxSAT] Running command:
  stdbuf -oL uwrmaxsat -no-bin -no-sat -no-par -no-scip -ppdsp-time=59 -ppdsp-lastY=18342 -ppdsp=p4_A-n32-k5_r53v9k3.meta -ppdsp-assume=p4_A-n32-k5_r52v9k3.wcnf.asm p4_A-n32-k5_r53v9k3.wcnf | tee p4_A-n32-k5_r53v9k3.wcnf.out
Vehicle 0: d → 21 → 14 → 9 → 28 → 4 → 19 → 26 → 13 → 25 → 29 → 15 → 11 → 0 → 6 → 12 → 20 → 18 → d, (requests = [4, 15, 28, 30])
Vehicle 1: d → 3 → 10 → 7 → 17 → 21 → 14 → 9 → 28 → 4 → 19 → 26 → 13 → 25 → 15 → 6 → 12 → 20 → d, (requests = [0, 1, 2, 3, 14, 38])
c Using COMiniSatPS SAT solver by Chanseok Oh (2016)
[UWrMaxSAT] meta file: p4_A-n32-k5_r53v9k4.meta
[UWrMaxSAT] meta loaded OK.
[UWrMaxSAT] Loaded 4693 assumption literals from p4_A-n32-k5_r53v9k3.wcnf.asm
c Parsing MaxSAT file...
c Start timer (tic-tac ...)
c c Found solution: 3203933
c ============================[  Problem Statistics ]============================
c |  Number of variables:         10676                                         |
c |  Number of clauses:           79160 (incl.         2286 soft in queue)      |
c ===============================================================================
c [UWrMaxSAT] Timeout reached inside slice loop. Stopping.
c *** Interrupted ***
c [1mSATISFIABLE: Best solution found: 3203933[0m
v 7 148 205 317 353 405 442 458 492 608 635 659 687 830 846 901 944 1014 1131 1172 1229 1266 1341 1352 1429 1466 1482 1511 1590 1659 1696 1711 1840 1870 1925 2020 2050 2052 2054 2056 2070 2071 2072 2073 2074 2075 2076 2077 2078 2079 2080 2081 2082 2083 2084 2085 2086 2088 2089 2090 2091 2092 2093 2094 2095 2096 2097 2098 2099 2100 2101 2102 2103 2104 2105 2106 2107 2108 2109 2110 2111 2112 2113 2114 2115 2116 2117 2119 2120 2121 2122 2123 2124 2125 2126 2127 2128 2129 2130 2131 2132 2133 2134 2135 2136 2137 2138 2139 2140 2141 2142 2143 2144 2145 2146 2147 2148 2150 2151 2152 2153 2154 2155 2156 2157 2158 2159 2160 2161 2162 2163 2164 2165 2166 2167 2168 2169 2170 2171 2172 2173 2174 2175 2176 2177 2178 2179 2186 2187 2188 2189 2190 2191 2192 2193 2194 2195 2196 2197 2198 2199 2200 2201 2202 2203 2204 2205 2206 2207 2208 2209 2210 2213 2214 2215 2216 2217 2218 2219 2220 2221 2222 2223 2224 2225 2226 2227 2228 2229 2230 2231 2232 2233 2234 2235 2236 2237 2238 2239 2240 2241 2265 2266 2267 2268 2269 2270 2271 2272 2274 2275 2276 2277 2278 2279 2280 2281 2282 2283 2284 2285 2286 2287 2288 2289 2290 2291 2292 2293 2294 2295 2296 2297 2298 2299 2300 2301 2302 2303 2306 2307 2308 2309 2310 2311 2312 2313 2314 2315 2316 2317 2318 2319 2320 2321 2322 2323 2324 2325 2326 2327 2328 2329 2330 2331 2332 2333 2334 2339 2340 2341 2342 2343 2344 2345 2346 2347 2348 2349 2350 2351 2352 2353 2354 2355 2356 2357 2358 2359 2360 2361 2362 2363 2364 2365 2367 2368 2369 2370 2371 2372 2373 2374 2375 2376 2377 2378 2379 2380 2381 2382 2383 2384 2385 2386 2387 2388 2389 2390 2391 2392 2393 2394 2395 2396 2410 2411 2412 2413 2414 2415 2416 2417 2418 2419 2420 2421 2422 2423 2424 2425 2426 2427 2452 2453 2454 2455 2456 2457 2458 2468 2469 2470 2471 2472 2473 2474 2475 2476 2477 2478 2479 2480 2481 2482 2483 2484 2485 2486 2487 2488 2489 2493 2494 2495 2496 2497 2498 2499 2500 2501 2502 2503 2504 2505 2506 2507 2508 2509 2510 2511 2512 2513 2514 2515 2516 2517 2518 2519 2520 2533 2534 2535 2536 2537 2538 2539 2540 2541 2542 2543 2544 2545 2546 2547 2548 2549 2550 2551 2554 2555 2556 2557 2558 2559 2560 2561 2562 2563 2564 2565 2566 2567 2568 2569 2570 2571 2572 2573 2574 2575 2576 2577 2578 2579 2580 2581 2582 2585 2586 2587 2588 2589 2590 2591 2592 2593 2594 2595 2596 2597 2598 2599 2600 2601 2602 2603 2604 2605 2606 2607 2608 2609 2610 2611 2612 2613 2640 2641 2642 2643 2644 2652 2653 2654 2655 2656 2657 2658 2659 2660 2661 2662 2663 2664 2665 2666 2667 2668 2669 2670 2671 2672 2673 2674 2675 2701 2702 2703 2704 2705 2706 2709 2710 2711 2712 2713 2714 2715 2716 2717 2718 2719 2720 2721 2722 2723 2724 2725 2726 2727 2728 2729 2730 2731 2732 2733 2734 2735 2736 2737 2739 2740 2741 2742 2743 2744 2745 2746 2747 2748 2749 2750 2751 2752 2753 2754 2755 2756 2757 2758 2759 2760 2761 2762 2763 2764 2765 2766 2767 2768 2795 2796 2797 2798 2799 2816 2817 2818 2819 2820 2821 2822 2823 2824 2825 2826 2827 2828 2829 2830 2841 2842 2843 2844 2845 2846 2847 2848 2849 2850 2851 2852 2853 2854 2855 2856 2857 2858 2859 2860 2861 2870 2871 2872 2873 2874 2875 2876 2877 2878 2879 2880 2881 2882 2883 2884 2885 2886 2887 2888 2889 2890 2891 2892 2894 2895 2896 2897 2898 2899 2900 2901 2902 2903 2904 2905 2906 2907 2908 2909 2910 2911 2912 2913 2914 2915 2916 2917 2918 2919 2920 2921 2922 2923 2929 2930 2931 2932 2933 2934 2935 2936 2937 2938 2939 2940 2941 2942 2943 2944 2945 2946 2947 2948 2949 2950 2951 2952 2953 2954 2966 2967 2968 2969 2970 2971 2972 2973 2974 2975 2976 2977 2978 2979 2980 2981 2982 2983 2984 2985 2987 2988 2989 2990 2991 2992 2993 2994 2995 2996 2997 2998 2999 3000 3001 3002 3003 3004 3005 3006 3007 3008 3009 3010 3011 3012 3013 3014 3015 3016 3031 3032 3033 3034 3035 3036 3037 3038 3039 3040 3041 3042 3043 3044 3045 3046 3047 3050 3051 3052 3053 3054 3055 3056 3057 3058 3059 3060 3061 3062 3063 3064 3065 3066 3067 3068 3069 3070 3071 3072 3073 3074 3075 3076 3077 3078 3080 3081 3082 3083 3084 3085 3086 3087 3088 3089 3090 3091 3092 3093 3094 3095 3096 3097 3098 3099 3100 3101 3102 3103 3104 3105 3106 3107 3108 3109 3111 3112 3113 3114 3115 3116 3117 3118 3119 3120 3121 3122 3123 3124 3125 3126 3127 3128 3129 3130 3131 3132 3133 3134 3135 3136 3137 3138 3139 3140 3156 3157 3158 3159 3160 3161 3162 3163 3164 3165 3166 3167 3168 3169 3170 3171 3173 3174 3175 3176 3177 3178 3179 3180 3181 3182 3183 3184 3185 3186 3187 3188 3189 3190 3191 3192 3193 3194 3195 3196 3197 3198 3199 3200 3201 3202 3232 3233 3237 3238 3239 3240 3241 3242 3243 3244 3245 3246 3247 3248 3249 3250 3251 3252 3253 3254 3255 3256 3257 3258 3259 3260 3261 3262 3263 3264 3295 3309 3310 3311 3312 3313 3314 3315 3316 3317 3318 3319 3320 3321 3322 3323 3324 3325 3326 3329 3330 3331 3332 3333 3334 3335 3336 3337 3338 3339 3340 3341 3342 3343 3344 3345 3346 3347 3348 3349 3350 3351 3352 3353 3354 3355 3356 3357 3373 3374 3375 3376 3377 3378 3379 3380 3381 3382 3383 3384 3385 3386 3387 3388 3419 3446 3447 3448 3449 3450 3463 3464 3465 3466 3467 3468 3469 3470 3471 3472 3473 3474 3475 3476 3477 3478 3479 3480 3481 3510 3511 3512 3517 3518 3519 3520 3521 3522 3523 3524 3525 3526 3527 3528 3529 3530 3531 3532 3533 3534 3535 3536 3537 3538 3539 3540 3541 3542 3543 3554 3555 3556 3557 3558 3559 3560 3561 3562 3563 3564 3565 3566 3567 3568 3569 3570 3571 3572 3573 3574 3578 3579 3580 3581 3582 3583 3584 3585 3586 3587 3588 3589 3590 3591 3592 3593 3594 3595 3596 3597 3598 3599 3600 3601 3602 3603 3604 3605 3622 3623 3624 3625 3626 3627 3628 3629 3630 3631 3632 3633 3634 3635 3636 3679 3680 3681 3682 3683 3684 3685 3686 3687 3688 3689 3690 3691 3692 3693 3694 3695 3696 3697 3698 3700 3701 3702 3703 3704 3705 3706 3707 3708 3709 3710 3711 3712 3713 3714 3715 3716 3717 3718 3719 3720 3721 3722 3723 3724 3725 3726 3727 3728 3729 3760 3791 3819 3820 3821 3822 3848 3849 3850 3851 3852 3853 3856 3857 3858 3859 3860 3861 3862 3863 3864 3865 3866 3867 3868 3869 3870 3871 3872 3873 3874 3875 3876 3877 3878 3879 3880 3881 3882 3883 3884 3899 3900 3901 3902 3903 3904 3905 3906 3907 3908 3909 3910 3911 3912 3913 3914 3915 3946 3948 3949 3950 3951 3952 3953 3954 3955 3956 3957 3958 3959 3960 3961 3962 3963 3964 3965 3966 3967 3968 3969 3970 3971 3972 3973 3974 3975 3976 3977 3979 4008 4116 4145 4185 4227 4266 4295 4316 4383 4435 4462 4502 4535 4544 4585 4605 4645 4673 4728 4770 4806 4844 4879 4946 4973 5003 5022 5023 5024 5035 5036 5037 5038 5039 5040 5041 5042 5043 5044 5045 5046 5047 5048 5049 5050 5051 5052 5053 5054 5055 5056 5057 5060 5061 5062 5063 5064 5065 5066 5067 5068 5069 5070 5071 5072 5073 5074 5075 5076 5077 5078 5079 5080 5081 5082 5083 5084 5085 5086 5087 5088 5091 5092 5093 5094 5095 5096 5097 5098 5099 5100 5101 5102 5103 5104 5105 5106 5107 5108 5109 5110 5111 5112 5113 5114 5115 5116 5117 5118 5119 5148 5149 5150 5166 5167 5168 5169 5170 5171 5172 5173 5174 5175 5176 5177 5178 5179 5180 5181 5183 5184 5185 5186 5187 5188 5189 5190 5191 5192 5193 5194 5195 5196 5197 5198 5199 5200 5201 5202 5203 5204 5205 5206 5207 5208 5209 5210 5211 5212 5220 5221 5222 5223 5224 5225 5226 5227 5228 5229 5230 5231 5232 5233 5234 5235 5236 5237 5238 5239 5240 5241 5242 5243 5270 5271 5272 5273 5274 5299 5300 5301 5302 5303 5304 5305 5327 5328 5329 5330 5331 5332 5333 5334 5335 5336 5364 5365 5366 5367 5398 5405 5406 5407 5408 5409 5410 5411 5412 5413 5414 5415 5416 5417 5418 5419 5420 5421 5422 5423 5424 5425 5426 5427 5428 5429 5442 5443 5444 5445 5446 5447 5448 5449 5450 5451 5452 5453 5454 5455 5456 5457 5458 5459 5460 5483 5484 5485 5486 5487 5488 5489 5490 5491 5501 5502 5503 5504 5505 5506 5507 5508 5509 5510 5511 5512 5513 5514 5515 5516 5517 5518 5519 5520 5521 5522 5526 5527 5528 5529 5530 5531 5532 5533 5534 5535 5536 5537 5538 5539 5540 5541 5542 5543 5544 5545 5546 5547 5548 5549 5550 5551 5552 5553 5579 5580 5581 5582 5583 5584 5587 5588 5589 5590 5591 5592 5593 5594 5595 5596 5597 5598 5599 5600 5601 5602 5603 5604 5605 5606 5607 5608 5609 5610 5611 5612 5613 5614 5615 5630 5631 5632 5633 5634 5635 5636 5637 5638 5639 5640 5641 5642 5643 5644 5645 5646 5652 5653 5654 5655 5656 5657 5658 5659 5660 5661 5662 5663 5664 5665 5666 5667 5668 5669 5670 5671 5672 5673 5674 5675 5676 5677 5701 5702 5703 5704 5705 5706 5707 5708 5739 5770 5791 5792 5793 5794 5795 5796 5797 5798 5799 5800 5801 5813 5814 5815 5816 5817 5818 5819 5820 5821 5822 5823 5824 5825 5826 5827 5828 5829 5830 5831 5832 5846 5847 5848 5849 5850 5851 5852 5853 5854 5855 5856 5857 5858 5859 5860 5861 5862 5863 5893 5894 5925 5936 5937 5938 5939 5940 5941 5942 5943 5944 5945 5946 5947 5948 5949 5950 5951 5952 5953 5954 5955 5956 5961 5962 5963 5964 5965 5966 5967 5968 5969 5970 5971 5972 5973 5974 5975 5976 5977 5978 5979 5980 5981 5982 5983 5984 5985 5986 5987 5991 5999 6001 6006 6016 6116 6157 6214 6251 6287 6326 6337 6362 6414 6451 6467 6501 6540 6562 6617 6644 6680 6696 6741 6839 6855 6877 6910 6953 6986 7024 7042 7043 7044 7047 7051 7076 7077 7078 7079 7080 7081 7083 7084 7085 7086 7087 7088 7089 7090 7091 7092 7093 7094 7095 7096 7097 7098 7099 7100 7101 7102 7103 7104 7105 7106 7107 7108 7109 7110 7111 7112 7115 7116 7117 7118 7119 7120 7121 7122 7123 7124 7125 7126 7127 7128 7129 7130 7131 7132 7133 7134 7135 7136 7137 7138 7139 7140 7141 7142 7143 7152 7153 7154 7155 7156 7157 7158 7159 7160 7161 7162 7163 7164 7165 7166 7167 7168 7169 7170 7171 7172 7173 7174 7192 7193 7194 7195 7196 7197 7198 7199 7200 7201 7202 7203 7204 7205 7207 7208 7209 7210 7211 7212 7213 7214 7215 7216 7217 7218 7219 7220 7221 7222 7223 7224 7225 7226 7227 7228 7229 7230 7231 7232 7233 7234 7235 7236 7263 7264 7265 7266 7267 7278 7279 7280 7281 7282 7283 7284 7285 7286 7287 7288 7289 7290 7291 7292 7293 7294 7295 7296 7297 7298 7311 7312 7313 7314 7315 7316 7317 7318 7319 7320 7321 7322 7323 7324 7325 7326 7327 7328 7329 7345 7346 7347 7348 7349 7350 7351 7352 7353 7354 7355 7356 7357 7358 7359 7360 7370 7371 7372 7373 7374 7375 7376 7377 7378 7379 7380 7381 7382 7383 7384 7385 7386 7387 7388 7389 7390 7391 7416 7417 7418 7419 7420 7421 7422 7450 7451 7452 7453 7474 7475 7476 7477 7478 7479 7480 7481 7482 7483 7484 7499 7500 7501 7502 7503 7504 7505 7506 7507 7508 7509 7510 7511 7512 7513 7514 7515 7539 7540 7541 7542 7543 7544 7545 7546 7577 7589 7590 7591 7592 7593 7594 7595 7596 7597 7598 7599 7600 7601 7602 7603 7604 7605 7606 7607 7608 7658 7659 7660 7661 7662 7663 7664 7665 7666 7667 7668 7669 7670 7699 7700 7701 7715 7716 7717 7718 7719 7720 7721 7722 7723 7724 7725 7726 7727 7728 7729 7730 7731 7732 7739 7740 7741 7742 7743 7744 7745 7746 7747 7748 7749 7750 7751 7752 7753 7754 7755 7756 7757 7758 7759 7760 7761 7762 7763 7794 7825 7847 7848 7849 7850 7851 7852 7853 7854 7855 7856 7876 7877 7878 7879 7880 7881 7882 7883 7884 7885 7886 7887 7895 7896 7897 7898 7899 7900 7901 7902 7903 7904 7905 7906 7907 7908 7909 7910 7911 7912 7913 7914 7915 7916 7917 7918 7935 7936 7937 7938 7939 7940 7941 7942 7943 7944 7945 7946 7947 7948 7949 7972 7973 7974 7975 7976 7977 7978 7979 7980 8010 8011 8016 8074 8160 8193 8228 8244 8271 8310 8360 8427 8479 8506 8542 8579 8588 8629 8649 8689 8717 8742 8850 8888 8923 8947 9017 9047 9073 9081 9083 9084 9100 9101 9102 9103 9104 9105 9106 9107 9108 9109 9110 9111 9112 9113 9114 9138 9139 9140 9141 9142 9143 9144 9145 9176 9197 9198 9199 9200 9201 9202 9203 9204 9205 9206 9207 9220 9221 9222 9223 9224 9225 9226 9227 9228 9229 9230 9231 9232 9233 9234 9235 9236 9237 9238 9269 9276 9277 9278 9279 9280 9281 9282 9283 9284 9285 9286 9287 9288 9289 9290 9291 9292 9293 9294 9295 9296 9297 9298 9299 9300 9319 9320 9321 9322 9323 9324 9325 9326 9327 9328 9329 9330 9331 9348 9349 9350 9351 9352 9353 9354 9355 9356 9357 9358 9359 9360 9361 9362 9375 9376 9377 9378 9379 9380 9381 9382 9383 9384 9385 9386 9387 9388 9389 9390 9391 9392 9393 9413 9414 9415 9416 9417 9418 9419 9420 9421 9422 9423 9424 9440 9441 9442 9443 9444 9445 9446 9447 9448 9449 9450 9451 9452 9453 9454 9455 9461 9462 9463 9464 9465 9466 9467 9468 9469 9470 9471 9472 9473 9474 9475 9476 9477 9478 9479 9480 9481 9482 9483 9484 9485 9486 9496 9497 9498 9499 9500 9501 9502 9503 9504 9505 9506 9507 9508 9509 9510 9511 9512 9513 9514 9515 9516 9517 9532 9533 9534 9535 9536 9537 9538 9539 9540 9541 9542 9543 9544 9545 9546 9547 9548 9556 9557 9558 9559 9560 9561 9562 9563 9564 9565 9566 9567 9568 9569 9570 9571 9572 9573 9574 9575 9576 9577 9578 9579 9582 9583 9584 9585 9586 9587 9588 9589 9590 9591 9592 9593 9594 9595 9596 9597 9598 9599 9600 9601 9602 9603 9604 9605 9606 9607 9608 9609 9610 9628 9629 9630 9631 9632 9633 9634 9635 9636 9637 9638 9639 9640 9641 9643 9644 9645 9646 9647 9648 9649 9650 9651 9652 9653 9654 9655 9656 9657 9658 9659 9660 9661 9662 9663 9664 9665 9666 9667 9668 9669 9670 9671 9672 9684 9685 9686 9687 9688 9689 9690 9691 9692 9693 9694 9695 9696 9697 9698 9699 9700 9701 9702 9703 9708 9709 9710 9711 9712 9713 9714 9715 9716 9717 9718 9719 9720 9721 9722 9723 9724 9725 9726 9727 9728 9729 9730 9731 9732 9733 9734 9750 9751 9752 9753 9754 9755 9756 9757 9758 9759 9760 9761 9762 9763 9764 9765 9788 9789 9790 9791 9792 9793 9794 9795 9796 9827 9839 9840 9841 9842 9843 9844 9845 9846 9847 9848 9849 9850 9851 9852 9853 9854 9855 9856 9857 9858 9867 9868 9869 9870 9871 9872 9873 9874 9875 9876 9877 9878 9879 9880 9881 9882 9883 9884 9885 9886 9887 9888 9889 9900 9901 9902 9903 9904 9905 9906 9907 9908 9909 9910 9911 9912 9913 9914 9915 9916 9917 9918 9919 9920 9942 9943 9944 9945 9946 9947 9948 9949 9950 9951 9965 9966 9967 9968 9969 9970 9971 9972 9973 9974 9975 9976 9977 9978 9979 9980 9981 9982 10013 10017 10018 10019 10020 10021 10022 10023 10024 10025 10026 10027 10028 10029 10030 10031 10032 10033 10034 10035 10036 10037 10038 10039 10040 10041 10042 10043 10044 10066 10088 10113 10162 10223 10238 10299 10428 10466 10517 10552 10567 10641 10707 10762 10807 10838 10848 10891 10921 10957 10996 11069 11119 11121 11125 11127 11129 11158 11159 11164 11165 11166 11167 11168 11169 11170 11171 11172 11173 11174 11175 11176 11177 11178 11179 11180 11181 11182 11183 11184 11185 11186 11187 11188 11189 11190 11203 11204 11205 11206 11207 11208 11209 11210 11211 11212 11213 11214 11215 11216 11217 11218 11219 11220 11221 11223 11224 11225 11226 11227 11228 11229 11230 11231 11232 11233 11234 11235 11236 11237 11238 11239 11240 11241 11242 11243 11244 11245 11246 11247 11248 11249 11250 11251 11252 11274 11275 11276 11277 11278 11279 11280 11281 11282 11283 11295 11296 11297 11298 11299 11300 11301 11302 11303 11304 11305 11306 11307 11308 11309 11310 11311 11312 11313 11314 11347 11348 11349 11350 11351 11352 11353 11354 11355 11356 11357 11358 11359 11360 11361 11362 11363 11364 11365 11366 11367 11368 11369 11370 11371 11372 11373 11374 11375 11376 11379 11380 11381 11382 11383 11384 11385 11386 11387 11388 11389 11390 11391 11392 11393 11394 11395 11396 11397 11398 11399 11400 11401 11402 11403 11404 11405 11406 11407 11438 11441 11442 11443 11444 11445 11446 11447 11448 11449 11450 11451 11452 11453 11454 11455 11456 11457 11458 11459 11460 11461 11462 11463 11464 11465 11466 11467 11468 11469 11498 11499 11500 11531 11557 11558 11559 11560 11561 11562 11580 11581 11582 11583 11584 11585 11586 11587 11588 11589 11590 11591 11592 11593 11621 11622 11623 11624 11626 11627 11628 11629 11630 11631 11632 11633 11634 11635 11636 11637 11638 11639 11640 11641 11642 11643 11644 11645 11646 11647 11648 11649 11650 11651 11652 11653 11654 11655 11671 11672 11673 11674 11675 11676 11677 11678 11679 11680 11681 11682 11683 11684 11685 11686 11688 11689 11690 11691 11692 11693 11694 11695 11696 11697 11698 11699 11700 11701 11702 11703 11704 11705 11706 11707 11708 11709 11710 11711 11712 11713 11714 11715 11716 11717 11740 11741 11742 11743 11744 11745 11746 11747 11748 11751 11752 11753 11754 11755 11756 11757 11758 11759 11760 11761 11762 11763 11764 11765 11766 11767 11768 11769 11770 11771 11772 11773 11774 11775 11776 11777 11778 11779 11796 11797 11798 11799 11800 11801 11802 11803 11804 11805 11806 11807 11808 11809 11810 11824 11825 11826 11827 11828 11829 11830 11831 11832 11833 11834 11835 11836 11837 11838 11839 11840 11841 11865 11866 11867 11868 11869 11870 11871 11872 11893 11894 11895 11896 11897 11898 11899 11900 11901 11902 11903 11930 11931 11932 11933 11934 11959 11960 11961 11962 11963 11964 11965 11980 11981 11982 11983 11984 11985 11986 11987 11988 11989 11990 11991 11992 11993 11994 11995 11996 12016 12017 12018 12019 12020 12021 12022 12023 12024 12025 12026 12027 12058 12060 12061 12062 12063 12064 12065 12066 12067 12068 12069 12070 12071 12072 12073 12074 12075 12076 12077 12078 12079 12080 12081 12082 12083 12084 12085 12086 12087 12088 12089 12091 12119 12125 12142 12190 12192 12250 12283 12354 12390 12429 12511 12566 12596 12632 12679 12739 12779 12816 12833 12882 12940 13013 13032 13107 13149 13177 13182 13183 13190 13191 13192 13193 13194 13195 13196 13197 13198 13199 13200 13201 13202 13203 13204 13205 13206 13207 13208 13209 13210 13211 13212 13213 13214 13215 13216 13247 13277 13278 13297 13298 13299 13300 13301 13302 13303 13304 13305 13306 13307 13308 13309 13320 13321 13322 13323 13324 13325 13326 13327 13328 13329 13330 13331 13332 13333 13334 13335 13336 13337 13338 13339 13340 13371 13402 13420 13421 13422 13423 13424 13425 13426 13427 13428 13429 13430 13431 13432 13433 13450 13451 13452 13453 13454 13455 13456 13457 13458 13459 13460 13461 13462 13463 13464 13477 13478 13479 13480 13481 13482 13483 13484 13485 13486 13487 13488 13489 13490 13491 13492 13493 13494 13495 13526 13539 13540 13541 13542 13543 13544 13545 13546 13547 13548 13549 13550 13551 13552 13553 13554 13555 13556 13557 13561 13562 13563 13564 13565 13566 13567 13568 13569 13570 13571 13572 13573 13574 13575 13576 13577 13578 13579 13580 13581 13582 13583 13584 13585 13586 13587 13588 13596 13597 13598 13599 13600 13601 13602 13603 13604 13605 13606 13607 13608 13609 13610 13611 13612 13613 13614 13615 13616 13617 13618 13619 13633 13634 13635 13636 13637 13638 13639 13640 13641 13642 13643 13644 13645 13646 13647 13648 13649 13650 13656 13657 13658 13659 13660 13661 13662 13663 13664 13665 13666 13667 13668 13669 13670 13671 13672 13673 13674 13675 13676 13677 13678 13679 13680 13681 13712 13728 13729 13730 13731 13732 13733 13734 13735 13736 13737 13738 13739 13740 13741 13742 13743 13774 13784 13785 13786 13787 13788 13789 13790 13791 13792 13793 13794 13795 13796 13797 13798 13799 13800 13801 13802 13803 13804 13805 13808 13809 13810 13811 13812 13813 13814 13815 13816 13817 13818 13819 13820 13821 13822 13823 13824 13825 13826 13827 13828 13829 13830 13831 13832 13833 13834 13835 13836 13851 13852 13853 13854 13855 13856 13857 13858 13859 13860 13861 13862 13863 13864 13865 13866 13867 13896 13897 13898 13907 13908 13909 13910 13911 13912 13913 13914 13915 13916 13917 13918 13919 13920 13921 13922 13923 13924 13925 13926 13927 13928 13929 13960 13967 13968 13969 13970 13971 13972 13973 13974 13975 13976 13977 13978 13979 13980 13981 13982 13983 13984 13985 13986 13987 13988 13989 13990 13991 14022 14050 14051 14052 14053 14065 14066 14067 14068 14069 14070 14071 14072 14073 14074 14075 14076 14077 14078 14079 14080 14081 14082 14083 14084 14096 14097 14098 14099 14100 14101 14102 14103 14104 14105 14106 14107 14108 14109 14110 14111 14112 14113 14114 14115 14117 14118 14119 14120 14121 14122 14123 14124 14125 14126 14127 14128 14129 14130 14131 14132 14133 14134 14135 14136 14137 14138 14139 14140 14141 14142 14143 14144 14145 14146 14151 14161 14163 14201 14244 14296 14337 14351 14394 14422 14467 14502 14517 14573 14574 14631 14647 14676 14824 14876 14921 14962 15019 15035 15057 15133 15187 15238 15247 15254 15285 15296 15297 15298 15299 15300 15301 15302 15303 15304 15305 15306 15307 15308 15309 15310 15311 15312 15313 15314 15315 15316 15347 15361 15362 15363 15364 15365 15366 15367 15368 15369 15370 15371 15372 15373 15374 15375 15376 15377 15378 15400 15401 15402 15403 15404 15405 15406 15407 15408 15409 15419 15420 15421 15422 15423 15424 15425 15426 15427 15428 15429 15430 15431 15432 15433 15434 15435 15436 15437 15438 15439 15440 15469 15470 15471 15487 15488 15489 15490 15491 15492 15493 15494 15495 15496 15497 15498 15499 15500 15501 15502 15519 15520 15521 15522 15523 15524 15525 15526 15527 15528 15529 15530 15531 15532 15533 15553 15554 15555 15556 15557 15558 15559 15560 15561 15562 15563 15564 15579 15580 15581 15582 15583 15584 15585 15586 15587 15588 15589 15590 15591 15592 15593 15594 15595 15656 15657 15682 15683 15684 15685 15686 15687 15688 15707 15708 15709 15710 15711 15712 15713 15714 15715 15716 15717 15718 15719 15747 15748 15749 15750 15764 15765 15766 15767 15768 15769 15770 15771 15772 15773 15774 15775 15776 15777 15778 15779 15780 15781 15812 15841 15842 15843 15866 15867 15868 15869 15870 15871 15872 15873 15874 15891 15892 15893 15894 15895 15896 15897 15898 15899 15900 15901 15902 15903 15904 15905 15923 15924 15925 15926 15927 15928 15929 15930 15931 15932 15933 15934 15935 15936 15948 15949 15950 15951 15952 15953 15954 15955 15956 15957 15958 15959 15960 15961 15962 15963 15964 15965 15966 15967 15998 16019 16020 16021 16022 16023 16024 16025 16026 16027 16028 16029 16055 16056 16057 16058 16059 16060 16084 16085 16086 16087 16088 16089 16090 16091 16104 16105 16106 16107 16108 16109 16110 16111 16112 16113 16114 16115 16116 16117 16118 16119 16120 16121 16122 16153 16180 16181 16182 16183 16184 16214 16215 16228 16237 16247 16368 16417 16520 16538 16567 16707 16734 16836 16877 16945 17026 17042 17078 17116 17132 17280 17335 17336 17344 17345 17346 17347 17348 17349 17350 17351 17352 17353 17354 17355 17356 17357 17358 17359 17360 17361 17362 17363 17364 17365 17366 17370 17371 17372 17373 17374 17375 17376 17377 17378 17379 17380 17381 17382 17383 17384 17385 17386 17387 17388 17389 17390 17391 17392 17393 17394 17395 17396 17397 17401 17402 17403 17404 17405 17406 17407 17408 17409 17410 17411 17412 17413 17414 17415 17416 17417 17418 17419 17420 17421 17422 17423 17424 17425 17426 17427 17428 17459 17466 17467 17468 17469 17470 17471 17472 17473 17474 17475 17476 17477 17478 17479 17480 17481 17482 17483 17484 17485 17486 17487 17488 17489 17490 17494 17495 17496 17497 17498 17499 17500 17501 17502 17503 17504 17505 17506 17507 17508 17509 17510 17511 17512 17513 17514 17515 17516 17517 17518 17519 17520 17521 17528 17529 17530 17531 17532 17533 17534 17535 17536 17537 17538 17539 17540 17541 17542 17543 17544 17545 17546 17547 17548 17549 17550 17551 17552 17595 17596 17597 17598 17599 17600 17601 17602 17603 17604 17605 17606 17607 17608 17609 17610 17611 17612 17613 17614 17623 17624 17625 17626 17627 17628 17629 17630 17631 17632 17633 17634 17635 17636 17637 17638 17639 17640 17641 17642 17643 17644 17645 17676 17683 17684 17685 17686 17687 17688 17689 17690 17691 17692 17693 17694 17695 17696 17697 17698 17699 17700 17701 17702 17703 17704 17705 17706 17707 17717 17718 17719 17720 17721 17722 17723 17724 17725 17726 17727 17728 17729 17730 17731 17732 17733 17734 17735 17736 17737 17738 17742 17743 17744 17745 17746 17747 17748 17749 17750 17751 17752 17753 17754 17755 17756 17757 17758 17759 17760 17761 17762 17763 17764 17765 17766 17767 17768 17769 17779 17780 17781 17782 17783 17784 17785 17786 17787 17788 17789 17790 17791 17792 17793 17794 17795 17796 17797 17798 17799 17800 17808 17809 17810 17811 17812 17813 17814 17815 17816 17817 17818 17819 17820 17821 17822 17823 17824 17825 17826 17827 17828 17829 17830 17831 17837 17838 17839 17840 17841 17842 17843 17844 17845 17846 17847 17848 17849 17850 17851 17852 17853 17854 17855 17856 17857 17858 17859 17860 17861 17862 17891 17892 17893 17899 17900 17901 17902 17903 17904 17905 17906 17907 17908 17909 17910 17911 17912 17913 17914 17915 17916 17917 17918 17919 17920 17921 17922 17923 17924 17930 17931 17932 17933 17934 17935 17936 17937 17938 17939 17940 17941 17942 17943 17944 17945 17946 17947 17948 17949 17950 17951 17952 17953 17954 17955 17962 17963 17964 17965 17966 17967 17968 17969 17970 17971 17972 17973 17974 17975 17976 17977 17978 17979 17980 17981 17982 17983 17984 17985 17986 17997 17998 17999 18000 18001 18002 18003 18004 18005 18006 18007 18008 18009 18010 18011 18012 18013 18014 18015 18016 18017 18020 18021 18022 18023 18024 18025 18026 18027 18028 18029 18030 18031 18032 18033 18034 18035 18036 18037 18038 18039 18040 18041 18042 18043 18044 18045 18046 18047 18048 18050 18051 18052 18053 18054 18055 18056 18057 18058 18059 18060 18061 18062 18063 18064 18065 18066 18067 18068 18069 18070 18071 18072 18073 18074 18075 18076 18077 18078 18079 18087 18088 18089 18090 18091 18092 18093 18094 18095 18096 18097 18098 18099 18100 18101 18102 18103 18104 18105 18106 18107 18108 18109 18110 18113 18114 18115 18116 18117 18118 18119 18120 18121 18122 18123 18124 18125 18126 18127 18128 18129 18130 18131 18132 18133 18134 18135 18136 18137 18138 18139 18140 18141 18146 18147 18148 18149 18150 18151 18152 18153 18154 18155 18156 18157 18158 18159 18160 18161 18162 18163 18164 18165 18166 18167 18168 18169 18170 18171 18172 18202 18203 18234 18241 18242 18243 18244 18245 18246 18247 18248 18249 18250 18251 18252 18253 18254 18255 18256 18257 18258 18259 18260 18261 18262 18263 18264 18265 18273 18274 18275 18276 18277 18278 18279 18280 18281 18282 18283 18284 18285 18286 18287 18288 18289 18290 18291 18292 18293 18294 18295 18296 18312 18333 18340
c _______________________________________________________________________________
c 
c restarts               : 11724801
c conflicts              : 317            (6 /sec)
c decisions              : 4356           (0.00 % random) (77 /sec)
c propagations           : 2431643        (42826 /sec)
c conflict literals      : 488            (5.06 % deleted)
c =======================[ UWrMaxSat resources usage ]===========================
c Memory used            : 42.00 MB
c CPU time               : 56.7799 s
c _______________________________________________________________________________
c SATISFIABLE

c Using COMiniSatPS SAT solver by Chanseok Oh (2016)
[UWrMaxSAT] meta file: p4_A-n32-k5_r54v9k4.meta
[UWrMaxSAT] meta loaded OK.
[UWrMaxSAT] Loaded 4693 assumption literals from p4_A-n32-k5_r53v9k4.wcnf.asm
c Parsing MaxSAT file...
c Start timer (tic-tac ...)
c c Found solution: 3260255
c ============================[  Problem Statistics ]============================
c |  Number of variables:         10685                                         |
c |  Number of clauses:           79508 (incl.         2295 soft in queue)      |
c ===============================================================================
c [Elapsed time] 0.13 s
c Found solution: 3253997
c [UWrMaxSAT] Timeout reached.
c [1mOptimal solution: 3253997[0m
c _______________________________________________________________________________
c 
c restarts               : 11646796
c conflicts              : 310            (6 /sec)
c decisions              : 4610           (0.00 % random) (83 /sec)
c propagations           : 1944241        (34810 /sec)
c conflict literals      : 435            (3.76 % deleted)
c =======================[ UWrMaxSat resources usage ]===========================
c Memory used            : 42.00 MB
c CPU time               : 55.8535 s
c _______________________________________________________________________________
o 3253997
s OPTIMUM FOUND
v 7 148 205 317 353 405 442 458 492 608 635 659 687 830 846 901 944 1014 1131 1172 1229 1266 1341 1352 1429 1466 1482 1511 1590 1659 1696 1711 1840 1870 1925 2020 2050 2052 2054 2056 2070 2071 2072 2073 2074 2075 2076 2077 2078 2079 2080 2081 2082 2083 2084 2085 2086 2088 2089 2090 2091 2092 2093 2094 2095 2096 2097 2098 2099 2100 2101 2102 2103 2104 2105 2106 2107 2108 2109 2110 2111 2112 2113 2114 2115 2116 2117 2119 2120 2121 2122 2123 2124 2125 2126 2127 2128 2129 2130 2131 2132 2133 2134 2135 2136 2137 2138 2139 2140 2141 2142 2143 2144 2145 2146 2147 2148 2150 2151 2152 2153 2154 2155 2156 2157 2158 2159 2160 2161 2162 2163 2164 2165 2166 2167 2168 2169 2170 2171 2172 2173 2174 2175 2176 2177 2178 2179 2186 2187 2188 2189 2190 2191 2192 2193 2194 2195 2196 2197 2198 2199 2200 2201 2202 2203 2204 2205 2206 2207 2208 2209 2210 2213 2214 2215 2216 2217 2218 2219 2220 2221 2222 2223 2224 2225 2226 2227 2228 2229 2230 2231 2232 2233 2234 2235 2236 2237 2238 2239 2240 2241 2265 2266 2267 2268 2269 2270 2271 2272 2274 2275 2276 2277 2278 2279 2280 2281 2282 2283 2284 2285 2286 2287 2288 2289 2290 2291 2292 2293 2294 2295 2296 2297 2298 2299 2300 2301 2302 2303 2306 2307 2308 2309 2310 2311 2312 2313 2314 2315 2316 2317 2318 2319 2320 2321 2322 2323 2324 2325 2326 2327 2328 2329 2330 2331 2332 2333 2334 2339 2340 2341 2342 2343 2344 2345 2346 2347 2348 2349 2350 2351 2352 2353 2354 2355 2356 2357 2358 2359 2360 2361 2362 2363 2364 2365 2367 2368 2369 2370 2371 2372 2373 2374 2375 2376 2377 2378 2379 2380 2381 2382 2383 2384 2385 2386 2387 2388 2389 2390 2391 2392 2393 2394 2395 2396 2410 2411 2412 2413 2414 2415 2416 2417 2418 2419 2420 2421 2422 2423 2424 2425 2426 2427 2452 2453 2454 2455 2456 2457 2458 2468 2469 2470 2471 2472 2473 2474 2475 2476 2477 2478 2479 2480 2481 2482 2483 2484 2485 2486 2487 2488 2489 2493 2494 2495 2496 2497 2498 2499 2500 2501 2502 2503 2504 2505 2506 2507 2508 2509 2510 2511 2512 2513 2514 2515 2516 2517 2518 2519 2520 2533 2534 2535 2536 2537 2538 2539 2540 2541 2542 2543 2544 2545 2546 2547 2548 2549 2550 2551 2554 2555 2556 2557 2558 2559 2560 2561 2562 2563 2564 2565 2566 2567 2568 2569 2570 2571 2572 2573 2574 2575 2576 2577 2578 2579 2580 2581 2582 2585 2586 2587 2588 2589 2590 2591 2592 2593 2594 2595 2596 2597 2598 2599 2600 2601 2602 2603 2604 2605 2606 2607 2608 2609 2610 2611 2612 2613 2640 2641 2642 2643 2644 2652 2653 2654 2655 2656 2657 2658 2659 2660 2661 2662 2663 2664 2665 2666 2667 2668 2669 2670 2671 2672 2673 2674 2675 2701 2702 2703 2704 2705 2706 2709 2710 2711 2712 2713 2714 2715 2716 2717 2718 2719 2720 2721 2722 2723 2724 2725 2726 2727 2728 2729 2730 2731 2732 2733 2734 2735 2736 2737 2739 2740 2741 2742 2743 2744 2745 2746 2747 2748 2749 2750 2751 2752 2753 2754 2755 2756 2757 2758 2759 2760 2761 2762 2763 2764 2765 2766 2767 2768 2795 2796 2797 2798 2799 2816 2817 2818 2819 2820 2821 2822 2823 2824 2825 2826 2827 2828 2829 2830 2841 2842 2843 2844 2845 2846 2847 2848 2849 2850 2851 2852 2853 2854 2855 2856 2857 2858 2859 2860 2861 2870 2871 2872 2873 2874 2875 2876 2877 2878 2879 2880 2881 2882 2883 2884 2885 2886 2887 2888 2889 2890 2891 2892 2894 2895 2896 2897 2898 2899 2900 2901 2902 2903 2904 2905 2906 2907 2908 2909 2910 2911 2912 2913 2914 2915 2916 2917 2918 2919 2920 2921 2922 2923 2929 2930 2931 2932 2933 2934 2935 2936 2937 2938 2939 2940 2941 2942 2943 2944 2945 2946 2947 2948 2949 2950 2951 2952 2953 2954 2966 2967 2968 2969 2970 2971 2972 2973 2974 2975 2976 2977 2978 2979 2980 2981 2982 2983 2984 2985 2987 2988 2989 2990 2991 2992 2993 2994 2995 2996 2997 2998 2999 3000 3001 3002 3003 3004 3005 3006 3007 3008 3009 3010 3011 3012 3013 3014 3015 3016 3025 3026 3027 3028 3029 3030 3031 3032 3033 3034 3035 3036 3037 3038 3039 3040 3041 3042 3043 3044 3045 3046 3047 3050 3051 3052 3053 3054 3055 3056 3057 3058 3059 3060 3061 3062 3063 3064 3065 3066 3067 3068 3069 3070 3071 3072 3073 3074 3075 3076 3077 3078 3080 3081 3082 3083 3084 3085 3086 3087 3088 3089 3090 3091 3092 3093 3094 3095 3096 3097 3098 3099 3100 3101 3102 3103 3104 3105 3106 3107 3108 3109 3111 3112 3113 3114 3115 3116 3117 3118 3119 3120 3121 3122 3123 3124 3125 3126 3127 3128 3129 3130 3131 3132 3133 3134 3135 3136 3137 3138 3139 3140 3156 3157 3158 3159 3160 3161 3162 3163 3164 3165 3166 3167 3168 3169 3170 3171 3173 3174 3175 3176 3177 3178 3179 3180 3181 3182 3183 3184 3185 3186 3187 3188 3189 3190 3191 3192 3193 3194 3195 3196 3197 3198 3199 3200 3201 3202 3232 3233 3237 3238 3239 3240 3241 3242 3243 3244 3245 3246 3247 3248 3249 3250 3251 3252 3253 3254 3255 3256 3257 3258 3259 3260 3261 3262 3263 3264 3295 3309 3310 3311 3312 3313 3314 3315 3316 3317 3318 3319 3320 3321 3322 3323 3324 3325 3326 3329 3330 3331 3332 3333 3334 3335 3336 3337 3338 3339 3340 3341 3342 3343 3344 3345 3346 3347 3348 3349 3350 3351 3352 3353 3354 3355 3356 3357 3367 3368 3369 3370 3371 3372 3373 3374 3375 3376 3377 3378 3379 3380 3381 3382 3383 3384 3385 3386 3387 3388 3419 3446 3447 3448 3449 3450 3463 3464 3465 3466 3467 3468 3469 3470 3471 3472 3473 3474 3475 3476 3477 3478 3479 3480 3481 3510 3511 3512 3517 3518 3519 3520 3521 3522 3523 3524 3525 3526 3527 3528 3529 3530 3531 3532 3533 3534 3535 3536 3537 3538 3539 3540 3541 3542 3543 3554 3555 3556 3557 3558 3559 3560 3561 3562 3563 3564 3565 3566 3567 3568 3569 3570 3571 3572 3573 3574 3578 3579 3580 3581 3582 3583 3584 3585 3586 3587 3588 3589 3590 3591 3592 3593 3594 3595 3596 3597 3598 3599 3600 3601 3602 3603 3604 3605 3622 3623 3624 3625 3626 3627 3628 3629 3630 3631 3632 3633 3634 3635 3636 3679 3680 3681 3682 3683 3684 3685 3686 3687 3688 3689 3690 3691 3692 3693 3694 3695 3696 3697 3698 3700 3701 3702 3703 3704 3705 3706 3707 3708 3709 3710 3711 3712 3713 3714 3715 3716 3717 3718 3719 3720 3721 3722 3723 3724 3725 3726 3727 3728 3729 3746 3747 3748 3749 3750 3751 3752 3753 3754 3755 3756 3757 3758 3759 3760 3791 3819 3820 3821 3822 3848 3849 3850 3851 3852 3853 3855 3856 3857 3858 3859 3860 3861 3862 3863 3864 3865 3866 3867 3868 3869 3870 3871 3872 3873 3874 3875 3876 3877 3878 3879 3880 3881 3882 3883 3884 3899 3900 3901 3902 3903 3904 3905 3906 3907 3908 3909 3910 3911 3912 3913 3914 3915 3924 3925 3926 3927 3928 3929 3930 3931 3932 3933 3934 3935 3936 3937 3938 3939 3940 3941 3942 3943 3944 3945 3946 3948 3949 3950 3951 3952 3953 3954 3955 3956 3957 3958 3959 3960 3961 3962 3963 3964 3965 3966 3967 3968 3969 3970 3971 3972 3973 3974 3975 3976 3977 3979 4008 4116 4145 4185 4227 4266 4295 4316 4383 4435 4462 4502 4535 4544 4585 4605 4645 4673 4728 4770 4806 4844 4879 4946 4973 5003 5022 5023 5024 5035 5036 5037 5038 5039 5040 5041 5042 5043 5044 5045 5046 5047 5048 5049 5050 5051 5052 5053 5054 5055 5056 5057 5060 5061 5062 5063 5064 5065 5066 5067 5068 5069 5070 5071 5072 5073 5074 5075 5076 5077 5078 5079 5080 5081 5082 5083 5084 5085 5086 5087 5088 5091 5092 5093 5094 5095 5096 5097 5098 5099 5100 5101 5102 5103 5104 5105 5106 5107 5108 5109 5110 5111 5112 5113 5114 5115 5116 5117 5118 5119 5148 5149 5150 5166 5167 5168 5169 5170 5171 5172 5173 5174 5175 5176 5177 5178 5179 5180 5181 5183 5184 5185 5186 5187 5188 5189 5190 5191 5192 5193 5194 5195 5196 5197 5198 5199 5200 5201 5202 5203 5204 5205 5206 5207 5208 5209 5210 5211 5212 5220 5221 5222 5223 5224 5225 5226 5227 5228 5229 5230 5231 5232 5233 5234 5235 5236 5237 5238 5239 5240 5241 5242 5243 5270 5271 5272 5273 5274 5299 5300 5301 5302 5303 5304 5305 5327 5328 5329 5330 5331 5332 5333 5334 5335 5336 5364 5365 5366 5367 5398 5405 5406 5407 5408 5409 5410 5411 5412 5413 5414 5415 5416 5417 5418 5419 5420 5421 5422 5423 5424 5425 5426 5427 5428 5429 5442 5443 5444 5445 5446 5447 5448 5449 5450 5451 5452 5453 5454 5455 5456 5457 5458 5459 5460 5483 5484 5485 5486 5487 5488 5489 5490 5491 5501 5502 5503 5504 5505 5506 5507 5508 5509 5510 5511 5512 5513 5514 5515 5516 5517 5518 5519 5520 5521 5522 5526 5527 5528 5529 5530 5531 5532 5533 5534 5535 5536 5537 5538 5539 5540 5541 5542 5543 5544 5545 5546 5547 5548 5549 5550 5551 5552 5553 5579 5580 5581 5582 5583 5584 5587 5588 5589 5590 5591 5592 5593 5594 5595 5596 5597 5598 5599 5600 5601 5602 5603 5604 5605 5606 5607 5608 5609 5610 5611 5612 5613 5614 5615 5630 5631 5632 5633 5634 5635 5636 5637 5638 5639 5640 5641 5642 5643 5644 5645 5646 5652 5653 5654 5655 5656 5657 5658 5659 5660 5661 5662 5663 5664 5665 5666 5667 5668 5669 5670 5671 5672 5673 5674 5675 5676 5677 5701 5702 5703 5704 5705 5706 5707 5708 5739 5770 5791 5792 5793 5794 5795 5796 5797 5798 5799 5800 5801 5813 5814 5815 5816 5817 5818 5819 5820 5821 5822 5823 5824 5825 5826 5827 5828 5829 5830 5831 5832 5846 5847 5848 5849 5850 5851 5852 5853 5854 5855 5856 5857 5858 5859 5860 5861 5862 5863 5893 5894 5925 5936 5937 5938 5939 5940 5941 5942 5943 5944 5945 5946 5947 5948 5949 5950 5951 5952 5953 5954 5955 5956 5961 5962 5963 5964 5965 5966 5967 5968 5969 5970 5971 5972 5973 5974 5975 5976 5977 5978 5979 5980 5981 5982 5983 5984 5985 5986 5987 5991 5999 6001 6006 6016 6116 6157 6214 6251 6287 6326 6337 6362 6414 6451 6467 6501 6540 6562 6617 6644 6680 6696 6741 6839 6855 6877 6910 6953 6986 7024 7042 7043 7044 7047 7051 7076 7077 7078 7079 7080 7081 7083 7084 7085 7086 7087 7088 7089 7090 7091 7092 7093 7094 7095 7096 7097 7098 7099 7100 7101 7102 7103 7104 7105 7106 7107 7108 7109 7110 7111 7112 7115 7116 7117 7118 7119 7120 7121 7122 7123 7124 7125 7126 7127 7128 7129 7130 7131 7132 7133 7134 7135 7136 7137 7138 7139 7140 7141 7142 7143 7152 7153 7154 7155 7156 7157 7158 7159 7160 7161 7162 7163 7164 7165 7166 7167 7168 7169 7170 7171 7172 7173 7174 7192 7193 7194 7195 7196 7197 7198 7199 7200 7201 7202 7203 7204 7205 7207 7208 7209 7210 7211 7212 7213 7214 7215 7216 7217 7218 7219 7220 7221 7222 7223 7224 7225 7226 7227 7228 7229 7230 7231 7232 7233 7234 7235 7236 7263 7264 7265 7266 7267 7278 7279 7280 7281 7282 7283 7284 7285 7286 7287 7288 7289 7290 7291 7292 7293 7294 7295 7296 7297 7298 7311 7312 7313 7314 7315 7316 7317 7318 7319 7320 7321 7322 7323 7324 7325 7326 7327 7328 7329 7345 7346 7347 7348 7349 7350 7351 7352 7353 7354 7355 7356 7357 7358 7359 7360 7370 7371 7372 7373 7374 7375 7376 7377 7378 7379 7380 7381 7382 7383 7384 7385 7386 7387 7388 7389 7390 7391 7416 7417 7418 7419 7420 7421 7422 7450 7451 7452 7453 7474 7475 7476 7477 7478 7479 7480 7481 7482 7483 7484 7499 7500 7501 7502 7503 7504 7505 7506 7507 7508 7509 7510 7511 7512 7513 7514 7515 7539 7540 7541 7542 7543 7544 7545 7546 7577 7589 7590 7591 7592 7593 7594 7595 7596 7597 7598 7599 7600 7601 7602 7603 7604 7605 7606 7607 7608 7658 7659 7660 7661 7662 7663 7664 7665 7666 7667 7668 7669 7670 7699 7700 7701 7715 7716 7717 7718 7719 7720 7721 7722 7723 7724 7725 7726 7727 7728 7729 7730 7731 7732 7739 7740 7741 7742 7743 7744 7745 7746 7747 7748 7749 7750 7751 7752 7753 7754 7755 7756 7757 7758 7759 7760 7761 7762 7763 7794 7825 7847 7848 7849 7850 7851 7852 7853 7854 7855 7856 7876 7877 7878 7879 7880 7881 7882 7883 7884 7885 7886 7887 7895 7896 7897 7898 7899 7900 7901 7902 7903 7904 7905 7906 7907 7908 7909 7910 7911 7912 7913 7914 7915 7916 7917 7918 7935 7936 7937 7938 7939 7940 7941 7942 7943 7944 7945 7946 7947 7948 7949 7972 7973 7974 7975 7976 7977 7978 7979 7980 8010 8011 8016 8074 8160 8193 8228 8244 8271 8310 8360 8427 8479 8506 8542 8579 8588 8629 8649 8689 8717 8742 8850 8888 8923 8947 9017 9047 9073 9081 9083 9084 9093 9094 9095 9096 9097 9098 9099 9100 9101 9102 9103 9104 9105 9106 9107 9108 9109 9110 9111 9112 9113 9114 9138 9139 9140 9141 9142 9143 9144 9145 9176 9197 9198 9199 9200 9201 9202 9203 9204 9205 9206 9207 9220 9221 9222 9223 9224 9225 9226 9227 9228 9229 9230 9231 9232 9233 9234 9235 9236 9237 9238 9269 9276 9277 9278 9279 9280 9281 9282 9283 9284 9285 9286 9287 9288 9289 9290 9291 9292 9293 9294 9295 9296 9297 9298 9299 9300 9319 9320 9321 9322 9323 9324 9325 9326 9327 9328 9329 9330 9331 9348 9349 9350 9351 9352 9353 9354 9355 9356 9357 9358 9359 9360 9361 9362 9375 9376 9377 9378 9379 9380 9381 9382 9383 9384 9385 9386 9387 9388 9389 9390 9391 9392 9393 9413 9414 9415 9416 9417 9418 9419 9420 9421 9422 9423 9424 9434 9435 9436 9437 9438 9439 9440 9441 9442 9443 9444 9445 9446 9447 9448 9449 9450 9451 9452 9453 9454 9455 9461 9462 9463 9464 9465 9466 9467 9468 9469 9470 9471 9472 9473 9474 9475 9476 9477 9478 9479 9480 9481 9482 9483 9484 9485 9486 9496 9497 9498 9499 9500 9501 9502 9503 9504 9505 9506 9507 9508 9509 9510 9511 9512 9513 9514 9515 9516 9517 9532 9533 9534 9535 9536 9537 9538 9539 9540 9541 9542 9543 9544 9545 9546 9547 9548 9556 9557 9558 9559 9560 9561 9562 9563 9564 9565 9566 9567 9568 9569 9570 9571 9572 9573 9574 9575 9576 9577 9578 9579 9582 9583 9584 9585 9586 9587 9588 9589 9590 9591 9592 9593 9594 9595 9596 9597 9598 9599 9600 9601 9602 9603 9604 9605 9606 9607 9608 9609 9610 9628 9629 9630 9631 9632 9633 9634 9635 9636 9637 9638 9639 9640 9641 9643 9644 9645 9646 9647 9648 9649 9650 9651 9652 9653 9654 9655 9656 9657 9658 9659 9660 9661 9662 9663 9664 9665 9666 9667 9668 9669 9670 9671 9672 9684 9685 9686 9687 9688 9689 9690 9691 9692 9693 9694 9695 9696 9697 9698 9699 9700 9701 9702 9703 9708 9709 9710 9711 9712 9713 9714 9715 9716 9717 9718 9719 9720 9721 9722 9723 9724 9725 9726 9727 9728 9729 9730 9731 9732 9733 9734 9750 9751 9752 9753 9754 9755 9756 9757 9758 9759 9760 9761 9762 9763 9764 9765 9788 9789 9790 9791 9792 9793 9794 9795 9796 9812 9813 9814 9815 9816 9817 9818 9819 9820 9821 9822 9823 9824 9825 9826 9827 9839 9840 9841 9842 9843 9844 9845 9846 9847 9848 9849 9850 9851 9852 9853 9854 9855 9856 9857 9858 9867 9868 9869 9870 9871 9872 9873 9874 9875 9876 9877 9878 9879 9880 9881 9882 9883 9884 9885 9886 9887 9888 9889 9900 9901 9902 9903 9904 9905 9906 9907 9908 9909 9910 9911 9912 9913 9914 9915 9916 9917 9918 9919 9920 9942 9943 9944 9945 9946 9947 9948 9949 9950 9951 9965 9966 9967 9968 9969 9970 9971 9972 9973 9974 9975 9976 9977 9978 9979 9980 9981 9982 9991 9992 9993 9994 9995 9996 9997 9998 9999 10000 10001 10002 10003 10004 10005 10006 10007 10008 10009 10010 10011 10012 10013 10017 10018 10019 10020 10021 10022 10023 10024 10025 10026 10027 10028 10029 10030 10031 10032 10033 10034 10035 10036 10037 10038 10039 10040 10041 10042 10043 10044 10066 10088 10113 10162 10223 10238 10299 10428 10466 10517 10552 10567 10641 10707 10762 10807 10838 10848 10891 10921 10957 10996 11069 11119 11121 11125 11127 11129 11158 11159 11164 11165 11166 11167 11168 11169 11170 11171 11172 11173 11174 11175 11176 11177 11178 11179 11180 11181 11182 11183 11184 11185 11186 11187 11188 11189 11190 11203 11204 11205 11206 11207 11208 11209 11210 11211 11212 11213 11214 11215 11216 11217 11218 11219 11220 11221 11223 11224 11225 11226 11227 11228 11229 11230 11231 11232 11233 11234 11235 11236 11237 11238 11239 11240 11241 11242 11243 11244 11245 11246 11247 11248 11249 11250 11251 11252 11274 11275 11276 11277 11278 11279 11280 11281 11282 11283 11295 11296 11297 11298 11299 11300 11301 11302 11303 11304 11305 11306 11307 11308 11309 11310 11311 11312 11313 11314 11347 11348 11349 11350 11351 11352 11353 11354 11355 11356 11357 11358 11359 11360 11361 11362 11363 11364 11365 11366 11367 11368 11369 11370 11371 11372 11373 11374 11375 11376 11379 11380 11381 11382 11383 11384 11385 11386 11387 11388 11389 11390 11391 11392 11393 11394 11395 11396 11397 11398 11399 11400 11401 11402 11403 11404 11405 11406 11407 11438 11441 11442 11443 11444 11445 11446 11447 11448 11449 11450 11451 11452 11453 11454 11455 11456 11457 11458 11459 11460 11461 11462 11463 11464 11465 11466 11467 11468 11469 11498 11499 11500 11531 11557 11558 11559 11560 11561 11562 11580 11581 11582 11583 11584 11585 11586 11587 11588 11589 11590 11591 11592 11593 11621 11622 11623 11624 11626 11627 11628 11629 11630 11631 11632 11633 11634 11635 11636 11637 11638 11639 11640 11641 11642 11643 11644 11645 11646 11647 11648 11649 11650 11651 11652 11653 11654 11655 11671 11672 11673 11674 11675 11676 11677 11678 11679 11680 11681 11682 11683 11684 11685 11686 11688 11689 11690 11691 11692 11693 11694 11695 11696 11697 11698 11699 11700 11701 11702 11703 11704 11705 11706 11707 11708 11709 11710 11711 11712 11713 11714 11715 11716 11717 11740 11741 11742 11743 11744 11745 11746 11747 11748 11751 11752 11753 11754 11755 11756 11757 11758 11759 11760 11761 11762 11763 11764 11765 11766 11767 11768 11769 11770 11771 11772 11773 11774 11775 11776 11777 11778 11779 11796 11797 11798 11799 11800 11801 11802 11803 11804 11805 11806 11807 11808 11809 11810 11824 11825 11826 11827 11828 11829 11830 11831 11832 11833 11834 11835 11836 11837 11838 11839 11840 11841 11865 11866 11867 11868 11869 11870 11871 11872 11893 11894 11895 11896 11897 11898 11899 11900 11901 11902 11903 11930 11931 11932 11933 11934 11959 11960 11961 11962 11963 11964 11965 11980 11981 11982 11983 11984 11985 11986 11987 11988 11989 11990 11991 11992 11993 11994 11995 11996 12016 12017 12018 12019 12020 12021 12022 12023 12024 12025 12026 12027 12058 12060 12061 12062 12063 12064 12065 12066 12067 12068 12069 12070 12071 12072 12073 12074 12075 12076 12077 12078 12079 12080 12081 12082 12083 12084 12085 12086 12087 12088 12089 12091 12119 12125 12142 12190 12192 12250 12283 12354 12390 12429 12511 12566 12596 12632 12679 12739 12779 12816 12833 12882 12940 13013 13032 13107 13149 13177 13182 13183 13190 13191 13192 13193 13194 13195 13196 13197 13198 13199 13200 13201 13202 13203 13204 13205 13206 13207 13208 13209 13210 13211 13212 13213 13214 13215 13216 13247 13277 13278 13297 13298 13299 13300 13301 13302 13303 13304 13305 13306 13307 13308 13309 13320 13321 13322 13323 13324 13325 13326 13327 13328 13329 13330 13331 13332 13333 13334 13335 13336 13337 13338 13339 13340 13371 13402 13420 13421 13422 13423 13424 13425 13426 13427 13428 13429 13430 13431 13432 13433 13450 13451 13452 13453 13454 13455 13456 13457 13458 13459 13460 13461 13462 13463 13464 13477 13478 13479 13480 13481 13482 13483 13484 13485 13486 13487 13488 13489 13490 13491 13492 13493 13494 13495 13526 13539 13540 13541 13542 13543 13544 13545 13546 13547 13548 13549 13550 13551 13552 13553 13554 13555 13556 13557 13561 13562 13563 13564 13565 13566 13567 13568 13569 13570 13571 13572 13573 13574 13575 13576 13577 13578 13579 13580 13581 13582 13583 13584 13585 13586 13587 13588 13596 13597 13598 13599 13600 13601 13602 13603 13604 13605 13606 13607 13608 13609 13610 13611 13612 13613 13614 13615 13616 13617 13618 13619 13633 13634 13635 13636 13637 13638 13639 13640 13641 13642 13643 13644 13645 13646 13647 13648 13649 13650 13656 13657 13658 13659 13660 13661 13662 13663 13664 13665 13666 13667 13668 13669 13670 13671 13672 13673 13674 13675 13676 13677 13678 13679 13680 13681 13712 13728 13729 13730 13731 13732 13733 13734 13735 13736 13737 13738 13739 13740 13741 13742 13743 13774 13784 13785 13786 13787 13788 13789 13790 13791 13792 13793 13794 13795 13796 13797 13798 13799 13800 13801 13802 13803 13804 13805 13808 13809 13810 13811 13812 13813 13814 13815 13816 13817 13818 13819 13820 13821 13822 13823 13824 13825 13826 13827 13828 13829 13830 13831 13832 13833 13834 13835 13836 13851 13852 13853 13854 13855 13856 13857 13858 13859 13860 13861 13862 13863 13864 13865 13866 13867 13896 13897 13898 13907 13908 13909 13910 13911 13912 13913 13914 13915 13916 13917 13918 13919 13920 13921 13922 13923 13924 13925 13926 13927 13928 13929 13960 13967 13968 13969 13970 13971 13972 13973 13974 13975 13976 13977 13978 13979 13980 13981 13982 13983 13984 13985 13986 13987 13988 13989 13990 13991 14022 14050 14051 14052 14053 14065 14066 14067 14068 14069 14070 14071 14072 14073 14074 14075 14076 14077 14078 14079 14080 14081 14082 14083 14084 14096 14097 14098 14099 14100 14101 14102 14103 14104 14105 14106 14107 14108 14109 14110 14111 14112 14113 14114 14115 14117 14118 14119 14120 14121 14122 14123 14124 14125 14126 14127 14128 14129 14130 14131 14132 14133 14134 14135 14136 14137 14138 14139 14140 14141 14142 14143 14144 14145 14146 14151 14161 14163 14201 14244 14296 14337 14351 14394 14422 14467 14502 14517 14573 14574 14631 14647 14676 14824 14876 14921 14962 15019 15035 15057 15133 15187 15238 15247 15254 15285 15296 15297 15298 15299 15300 15301 15302 15303 15304 15305 15306 15307 15308 15309 15310 15311 15312 15313 15314 15315 15316 15347 15361 15362 15363 15364 15365 15366 15367 15368 15369 15370 15371 15372 15373 15374 15375 15376 15377 15378 15400 15401 15402 15403 15404 15405 15406 15407 15408 15409 15419 15420 15421 15422 15423 15424 15425 15426 15427 15428 15429 15430 15431 15432 15433 15434 15435 15436 15437 15438 15439 15440 15469 15470 15471 15487 15488 15489 15490 15491 15492 15493 15494 15495 15496 15497 15498 15499 15500 15501 15502 15519 15520 15521 15522 15523 15524 15525 15526 15527 15528 15529 15530 15531 15532 15533 15553 15554 15555 15556 15557 15558 15559 15560 15561 15562 15563 15564 15579 15580 15581 15582 15583 15584 15585 15586 15587 15588 15589 15590 15591 15592 15593 15594 15595 15656 15657 15682 15683 15684 15685 15686 15687 15688 15707 15708 15709 15710 15711 15712 15713 15714 15715 15716 15717 15718 15719 15747 15748 15749 15750 15764 15765 15766 15767 15768 15769 15770 15771 15772 15773 15774 15775 15776 15777 15778 15779 15780 15781 15812 15841 15842 15843 15866 15867 15868 15869 15870 15871 15872 15873 15874 15891 15892 15893 15894 15895 15896 15897 15898 15899 15900 15901 15902 15903 15904 15905 15923 15924 15925 15926 15927 15928 15929 15930 15931 15932 15933 15934 15935 15936 15948 15949 15950 15951 15952 15953 15954 15955 15956 15957 15958 15959 15960 15961 15962 15963 15964 15965 15966 15967 15998 16019 16020 16021 16022 16023 16024 16025 16026 16027 16028 16029 16055 16056 16057 16058 16059 16060 16084 16085 16086 16087 16088 16089 16090 16091 16104 16105 16106 16107 16108 16109 16110 16111 16112 16113 16114 16115 16116 16117 16118 16119 16120 16121 16122 16153 16180 16181 16182 16183 16184 16214 16215 16228 16237 16247 16368 16417 16520 16538 16567 16707 16734 16836 16877 16945 17026 17042 17078 17116 17132 17280 17335 17336 17337 17338 17339 17340 17341 17342 17343 17344 17345 17346 17347 17348 17349 17350 17351 17352 17353 17354 17355 17356 17357 17358 17359 17360 17361 17362 17363 17364 17365 17366 17368 17369 17370 17371 17372 17373 17374 17375 17376 17377 17378 17379 17380 17381 17382 17383 17384 17385 17386 17387 17388 17389 17390 17391 17392 17393 17394 17395 17396 17397 17401 17402 17403 17404 17405 17406 17407 17408 17409 17410 17411 17412 17413 17414 17415 17416 17417 17418 17419 17420 17421 17422 17423 17424 17425 17426 17427 17428 17450 17451 17452 17453 17454 17455 17456 17457 17458 17459 17466 17467 17468 17469 17470 17471 17472 17473 17474 17475 17476 17477 17478 17479 17480 17481 17482 17483 17484 17485 17486 17487 17488 17489 17490 17493 17494 17495 17496 17497 17498 17499 17500 17501 17502 17503 17504 17505 17506 17507 17508 17509 17510 17511 17512 17513 17514 17515 17516 17517 17518 17519 17520 17521 17524 17525 17526 17527 17528 17529 17530 17531 17532 17533 17534 17535 17536 17537 17538 17539 17540 17541 17542 17543 17544 17545 17546 17547 17548 17549 17550 17551 17552 17583 17595 17596 17597 17598 17599 17600 17601 17602 17603 17604 17605 17606 17607 17608 17609 17610 17611 17612 17613 17614 17623 17624 17625 17626 17627 17628 17629 17630 17631 17632 17633 17634 17635 17636 17637 17638 17639 17640 17641 17642 17643 17644 17645 17676 17683 17684 17685 17686 17687 17688 17689 17690 17691 17692 17693 17694 17695 17696 17697 17698 17699 17700 17701 17702 17703 17704 17705 17706 17707 17710 17711 17712 17713 17714 17715 17716 17717 17718 17719 17720 17721 17722 17723 17724 17725 17726 17727 17728 17729 17730 17731 17732 17733 17734 17735 17736 17737 17738 17742 17743 17744 17745 17746 17747 17748 17749 17750 17751 17752 17753 17754 17755 17756 17757 17758 17759 17760 17761 17762 17763 17764 17765 17766 17767 17768 17769 17779 17780 17781 17782 17783 17784 17785 17786 17787 17788 17789 17790 17791 17792 17793 17794 17795 17796 17797 17798 17799 17800 17808 17809 17810 17811 17812 17813 17814 17815 17816 17817 17818 17819 17820 17821 17822 17823 17824 17825 17826 17827 17828 17829 17830 17831 17834 17835 17836 17837 17838 17839 17840 17841 17842 17843 17844 17845 17846 17847 17848 17849 17850 17851 17852 17853 17854 17855 17856 17857 17858 17859 17860 17861 17862 17882 17883 17884 17885 17886 17887 17888 17889 17890 17891 17892 17893 17896 17897 17898 17899 17900 17901 17902 17903 17904 17905 17906 17907 17908 17909 17910 17911 17912 17913 17914 17915 17916 17917 17918 17919 17920 17921 17922 17923 17924 17930 17931 17932 17933 17934 17935 17936 17937 17938 17939 17940 17941 17942 17943 17944 17945 17946 17947 17948 17949 17950 17951 17952 17953 17954 17955 17958 17959 17960 17961 17962 17963 17964 17965 17966 17967 17968 17969 17970 17971 17972 17973 17974 17975 17976 17977 17978 17979 17980 17981 17982 17983 17984 17985 17986 17997 17998 17999 18000 18001 18002 18003 18004 18005 18006 18007 18008 18009 18010 18011 18012 18013 18014 18015 18016 18017 18020 18021 18022 18023 18024 18025 18026 18027 18028 18029 18030 18031 18032 18033 18034 18035 18036 18037 18038 18039 18040 18041 18042 18043 18044 18045 18046 18047 18048 18050 18051 18052 18053 18054 18055 18056 18057 18058 18059 18060 18061 18062 18063 18064 18065 18066 18067 18068 18069 18070 18071 18072 18073 18074 18075 18076 18077 18078 18079 18087 18088 18089 18090 18091 18092 18093 18094 18095 18096 18097 18098 18099 18100 18101 18102 18103 18104 18105 18106 18107 18108 18109 18110 18113 18114 18115 18116 18117 18118 18119 18120 18121 18122 18123 18124 18125 18126 18127 18128 18129 18130 18131 18132 18133 18134 18135 18136 18137 18138 18139 18140 18141 18146 18147 18148 18149 18150 18151 18152 18153 18154 18155 18156 18157 18158 18159 18160 18161 18162 18163 18164 18165 18166 18167 18168 18169 18170 18171 18172 18193 18194 18195 18196 18197 18198 18199 18200 18201 18202 18203 18234 18241 18242 18243 18244 18245 18246 18247 18248 18249 18250 18251 18252 18253 18254 18255 18256 18257 18258 18259 18260 18261 18262 18263 18264 18265 18267 18268 18269 18270 18271 18272 18273 18274 18275 18276 18277 18278 18279 18280 18281 18282 18283 18284 18285 18286 18287 18288 18289 18290 18291 18292 18293 18294 18295 18296 18312 18333 18340 18344
Vehicle 2: d → 18 → 16 → 30 → 20 → 12 → 6 → 0 → 15 → 29 → 25 → 13 → 26 → 19 → 4 → 24 → 9 → 14 → 21 → 8 → 17 → 7 → 10 → 3 → 27 → 22 → d, (requests = [5, 6, 7, 11, 16])
Vehicle 3: d → 22 → 27 → 3 → 10 → 7 → 17 → 8 → 21 → 14 → 9 → 28 → 4 → 19 → 26 → 13 → 25 → 29 → 15 → 11 → 0 → 6 → 12 → 20 → 30 → 16 → 18 → d, (requests = [8, 9, 10, 13, 17, 18, 36, 43])
Vehicle 4: d → 18 → 16 → 30 → 20 → 12 → 6 → 15 → 25 → 13 → 26 → 19 → 4 → 28 → 14 → 21 → 8 → 17 → 7 → 10 → 3 → 27 → 22 → 1 → 5 → d, (requests = [12, 20, 22, 23, 34, 35, 44])
Vehicle 5: d → 1 → 5 → 2 → 22 → 27 → 17 → 21 → 14 → 28 → 24 → 4 → 19 → 23 → 26 → 13 → 25 → 15 → 11 → 0 → 12 → 6 → d, (requests = [19, 21, 25, 27, 29, 49])
Vehicle 6: d → 30 → 20 → 12 → 0 → 15 → 25 → 13 → 23 → 19 → 4 → 28 → 9 → 14 → 21 → 17 → 8 → 7 → 3 → 27 → 22 → 2 → 1 → d, (requests = [26, 31, 32, 37, 45, 52])
Vehicle 7: d → 5 → 1 → 22 → 27 → 3 → 10 → 7 → 8 → 21 → 14 → 9 → 24 → 4 → 19 → 26 → 13 → 25 → 29 → 15 → 6 → 12 → 0 → 11 → d, (requests = [24, 33, 40])
Vehicle 8: d → 23 → 25 → 13 → 26 → 19 → 4 → 24 → 9 → 14 → 21 → 8 → 17 → 27 → 3 → 7 → d, (requests = [46, 47, 51])
======== PPDSP OBJECTIVE ========
Profit    = 338515
Cost      = 82542
Objective = 255973
=================================
  [Time Manager] Step 58 consumed 60.44s. Total Consumed: 3480.96s.
  [Info] Saved 4693 core assumption literals to p4_A-n32-k5_r53v9k3.wcnf.asm

[59/60] Building & Solving: R=53, V=9, K=4
  [Info] Generating MaxSAT Formulation...
[SBC] Added 318 clauses.
[rc2] Generating instance: p4_A-n32-k5_r53v9k4.wcnf ...
[UWrMaxSAT] meta exported to p4_A-n32-k5_r53v9k4.meta
  [Time Manager] Global Remaining Budget: 119.04s | Future Weight Sum: 2.0
  [Time Manager] Recalibrated Budget for this step: 59.52s
  [Info] Injected Assumption file: p4_A-n32-k5_r53v9k3.wcnf.asm
[UWrMaxSAT] Running command:
  stdbuf -oL uwrmaxsat -no-bin -no-sat -no-par -no-scip -ppdsp-time=59 -ppdsp-lastY=18342 -ppdsp=p4_A-n32-k5_r53v9k4.meta -ppdsp-assume=p4_A-n32-k5_r53v9k3.wcnf.asm p4_A-n32-k5_r53v9k4.wcnf | tee p4_A-n32-k5_r53v9k4.wcnf.out
Vehicle 0: d → 21 → 14 → 9 → 28 → 4 → 19 → 26 → 13 → 25 → 29 → 15 → 11 → 0 → 6 → 12 → 20 → 18 → d, (requests = [4, 15, 28, 30])
Vehicle 1: d → 3 → 10 → 7 → 17 → 21 → 14 → 9 → 28 → 4 → 19 → 26 → 13 → 25 → 15 → 6 → 12 → 20 → d, (requests = [0, 1, 2, 3, 14, 38])
Vehicle 2: d → 18 → 16 → 30 → 20 → 12 → 6 → 0 → 15 → 29 → 25 → 13 → 26 → 19 → 4 → 24 → 9 → 14 → 21 → 8 → 17 → 7 → 10 → 3 → 27 → 22 → d, (requests = [5, 6, 7, 11, 16])
Vehicle 3: d → 22 → 27 → 3 → 10 → 7 → 17 → 8 → 21 → 14 → 9 → 28 → 4 → 19 → 26 → 13 → 25 → 29 → 15 → 11 → 0 → 6 → 12 → 20 → 30 → 16 → 18 → d, (requests = [8, 9, 10, 13, 17, 18, 36, 43])
Vehicle 4: d → 18 → 16 → 30 → 20 → 12 → 6 → 15 → 25 → 13 → 26 → 19 → 4 → 28 → 14 → 21 → 8 → 17 → 7 → 10 → 3 → 27 → 22 → 1 → 5 → d, (requests = [12, 20, 22, 23, 34, 35, 44])
Vehicle 5: d → 1 → 5 → 2 → 22 → 27 → 17 → 21 → 14 → 28 → 24 → 4 → 19 → 23 → 26 → 13 → 25 → 15 → 11 → 0 → 12 → 6 → d, (requests = [19, 21, 25, 27, 29, 49])
Vehicle 6: d → 30 → 20 → 12 → 0 → 15 → 25 → 13 → 23 → 19 → 4 → 28 → 9 → 14 → 21 → 17 → 8 → 7 → 3 → 27 → 22 → 2 → 1 → d, (requests = [26, 31, 32, 37, 45, 52])
Vehicle 7: d → 5 → 1 → 22 → 27 → 3 → 10 → 7 → 8 → 21 → 14 → 9 → 24 → 4 → 19 → 26 → 13 → 25 → 29 → 15 → 6 → 12 → 0 → 11 → d, (requests = [24, 33, 40])
Vehicle 8: d → 23 → 25 → 13 → 26 → 19 → 4 → 24 → 9 → 14 → 21 → 8 → 17 → 27 → 3 → 7 → d, (requests = [46, 47, 51])
======== PPDSP OBJECTIVE ========
Profit    = 338515
Cost      = 82542
Objective = 255973
=================================
  [Time Manager] Step 59 consumed 60.47s. Total Consumed: 3541.43s.
  [Info] Saved 4693 core assumption literals to p4_A-n32-k5_r53v9k4.wcnf.asm

[60/60] Building & Solving: R=54, V=9, K=4
  [Info] Generating MaxSAT Formulation...
[SBC] Added 324 clauses.
[rc2] Generating instance: p4_A-n32-k5_r54v9k4.wcnf ...
[UWrMaxSAT] meta exported to p4_A-n32-k5_r54v9k4.meta
  [Time Manager] Global Remaining Budget: 58.57s | Future Weight Sum: 1.0
  [Time Manager] Recalibrated Budget for this step: 58.57s
  [Info] Injected Assumption file: p4_A-n32-k5_r53v9k4.wcnf.asm
[UWrMaxSAT] Running command:
  stdbuf -oL uwrmaxsat -no-bin -no-sat -no-par -no-scip -ppdsp-time=58 -ppdsp-lastY=18351 -ppdsp=p4_A-n32-k5_r54v9k4.meta -ppdsp-assume=p4_A-n32-k5_r53v9k4.wcnf.asm p4_A-n32-k5_r54v9k4.wcnf | tee p4_A-n32-k5_r54v9k4.wcnf.out
Vehicle 0: d → 21 → 14 → 9 → 28 → 4 → 19 → 26 → 13 → 25 → 29 → 15 → 11 → 0 → 6 → 12 → 20 → 18 → d, (requests = [4, 15, 28, 30])
Vehicle 1: d → 3 → 10 → 7 → 17 → 21 → 14 → 9 → 28 → 4 → 19 → 26 → 13 → 25 → 15 → 6 → 12 → 20 → d, (requests = [0, 1, 2, 3, 14, 38, 53])
Vehicle 2: d → 18 → 16 → 30 → 20 → 12 → 6 → 0 → 15 → 29 → 25 → 13 → 26 → 19 → 4 → 24 → 9 → 14 → 21 → 8 → 17 → 7 → 10 → 3 → 27 → 22 → d, (requests = [5, 6, 7, 11, 16])
Vehicle 3: d → 22 → 27 → 3 → 10 → 7 → 17 → 8 → 21 → 14 → 9 → 28 → 4 → 19 → 26 → 13 → 25 → 29 → 15 → 11 → 0 → 6 → 12 → 20 → 30 → 16 → 18 → d, (requests = [8, 9, 10, 13, 17, 18, 36, 43])
Vehicle 4: d → 18 → 16 → 30 → 20 → 12 → 6 → 15 → 25 → 13 → 26 → 19 → 4 → 28 → 14 → 21 → 8 → 17 → 7 → 10 → 3 → 27 → 22 → 1 → 5 → d, (requests = [12, 20, 22, 23, 34, 35, 44])
Vehicle 5: d → 1 → 5 → 2 → 22 → 27 → 17 → 21 → 14 → 28 → 24 → 4 → 19 → 23 → 26 → 13 → 25 → 15 → 11 → 0 → 12 → 6 → d, (requests = [19, 21, 25, 27, 29, 49])
Vehicle 6: d → 30 → 20 → 12 → 0 → 15 → 25 → 13 → 23 → 19 → 4 → 28 → 9 → 14 → 21 → 17 → 8 → 7 → 3 → 27 → 22 → 2 → 1 → d, (requests = [26, 31, 32, 37, 45, 52])
Vehicle 7: d → 5 → 1 → 22 → 27 → 3 → 10 → 7 → 8 → 21 → 14 → 9 → 24 → 4 → 19 → 26 → 13 → 25 → 29 → 15 → 6 → 12 → 0 → 11 → d, (requests = [24, 33, 40])
Vehicle 8: d → 23 → 25 → 13 → 26 → 19 → 4 → 24 → 9 → 14 → 21 → 8 → 17 → 27 → 3 → 7 → d, (requests = [46, 47, 51])
======== PPDSP OBJECTIVE ========
Profit    = 344773
Cost      = 82542
Objective = 262231
=================================
  [Time Manager] Step 60 consumed 59.58s. Total Consumed: 3601.01s.
  [Info] Saved 4858 core assumption literals to p4_A-n32-k5_r54v9k4.wcnf.asm

>>> ROLLING HORIZON COMPLETED SUCCESSFULLY <<<
