Default row names c1, c2 ... being created.
======================================================================
>>> MULTI-DIMENSIONAL ROLLING HORIZON (MIP) <<<
Instance: A-n32-k5 | Method: p1 | Strategy: CPX
Master Bounds Required -> Requests: 54, Vehicles: 9
Incremental Sequence (R,V,K): [('4', '2', '2'), ('5', '2', '2'), ('6', '2', '2'), ('7', '2', '2'), ('8', '2', '2'), ('9', '2', '2'), ('10', '2', '2'), ('11', '2', '2'), ('11', '3', '2'), ('12', '3', '2'), ('13', '3', '2'), ('14', '3', '2'), ('15', '3', '2'), ('16', '3', '2'), ('17', '3', '2'), ('18', '3', '2'), ('18', '4', '2'), ('19', '4', '2'), ('20', '4', '2'), ('21', '4', '2'), ('22', '4', '2'), ('23', '4', '2'), ('24', '4', '2'), ('24', '5', '2'), ('24', '5', '3'), ('25', '5', '3'), ('26', '5', '3'), ('27', '5', '3'), ('28', '5', '3'), ('29', '5', '3'), ('30', '5', '3'), ('30', '6', '3'), ('31', '6', '3'), ('32', '6', '3'), ('33', '6', '3'), ('34', '6', '3'), ('35', '6', '3'), ('36', '6', '3'), ('36', '7', '3'), ('37', '7', '3'), ('38', '7', '3'), ('39', '7', '3'), ('40', '7', '3'), ('41', '7', '3'), ('42', '7', '3'), ('42', '8', '3'), ('43', '8', '3'), ('44', '8', '3'), ('45', '8', '3'), ('46', '8', '3'), ('47', '8', '3'), ('48', '8', '3'), ('48', '9', '3'), ('49', '9', '3'), ('50', '9', '3'), ('51', '9', '3'), ('52', '9', '3'), ('53', '9', '3'), ('53', '9', '4'), ('54', '9', '4')]
======================================================================
  [Time Manager] Strategy: Complexity-Aware Time Bank (-Cpx)
  [Time Manager] Global Budget: 3600.0s | Steps: 60 | Map Nodes |V|: 32

[1/60] Building & Solving: R=4, V=2, K=2
  [Info] Generating MIP Formulation...
  [Time Manager] Global Remaining Budget: 3600.00s | Future Weight Sum: 41260.0
  [Time Manager] Recalibrated Budget for this step: 11.87s
[CPLEX] Setting time limit to 11 seconds
Version identifier: 22.1.1.0 | 2022-11-28 | 9160aff4d
CPXPARAM_Read_DataCheck                          1
CPXPARAM_Threads                                 1
CPXPARAM_TimeLimit                               11
Found incumbent of value 0.000000 after 0.00 sec. (0.06 ticks)
Tried aggregator 1 time.
MIP Presolve eliminated 56 rows and 1758 columns.
MIP Presolve modified 808 coefficients.
Reduced MIP has 728 rows, 424 columns, and 2748 nonzeros.
Reduced MIP has 300 binaries, 124 generals, 0 SOSs, and 0 indicators.
Presolve time = 0.00 sec. (1.89 ticks)
Probing time = 0.00 sec. (0.52 ticks)
Tried aggregator 1 time.
Detecting symmetries...
Reduced MIP has 728 rows, 424 columns, and 2748 nonzeros.
Reduced MIP has 300 binaries, 124 generals, 0 SOSs, and 0 indicators.
Presolve time = 0.00 sec. (1.69 ticks)
Probing time = 0.00 sec. (0.54 ticks)
Clique table members: 160.
MIP emphasis: balance optimality and feasibility.
MIP search method: dynamic search.
Parallel mode: none, using 1 thread.
Root relaxation solution time = 0.00 sec. (0.99 ticks)

        Nodes                                         Cuts/
   Node  Left     Objective  IInf  Best Integer    Best Bound    ItCnt     Gap

*     0+    0                            0.0000    51804.0000              --- 
      0     0    22879.0868    36        0.0000    22879.0868       50     --- 
      0     0    22553.9660    64        0.0000      Cuts: 67       93     --- 
      0     0    21984.6678    76        0.0000      Cuts: 40      125     --- 
      0     0    21783.5000    72        0.0000      Cuts: 40      143     --- 
      0     0    21721.7963    79        0.0000      Cuts: 26      161     --- 
      0     0    21612.5161    72        0.0000      Cuts: 23      177     --- 
Detecting symmetries...
      0     0    21474.4219    74        0.0000      Cuts: 24      197     --- 
      0     0    21422.6613    71        0.0000      Cuts: 22      212     --- 
      0     0    21152.8709    85        0.0000      Cuts: 26      243     --- 
      0     0    20833.5000    78        0.0000      Cuts: 36      259     --- 
      0     0    20740.5806    84        0.0000      Cuts: 28      292     --- 
      0     0    20652.6667    87        0.0000      Cuts: 44      322     --- 
      0     0    20616.2614    94        0.0000      Cuts: 25      337     --- 
      0     0    20605.2500    94        0.0000      Cuts: 24      357     --- 
      0     0    20591.5625    66        0.0000      Cuts: 18      374     --- 
      0     0    20568.2500    80        0.0000      Cuts: 28      387     --- 
      0     0    20515.3387    92        0.0000      Cuts: 31      411     --- 
      0     0    20513.0000    89        0.0000      Cuts: 36      421     --- 
      0     0    20479.1613    69        0.0000      Cuts: 24      454     --- 
      0     0    20460.5000    82        0.0000      Cuts: 20      466     --- 
      0     0    20407.3387    65        0.0000      Cuts: 28      490     --- 
      0     0    20373.6129   104        0.0000      Cuts: 20      519     --- 
      0     0    20368.0000   102        0.0000      Cuts: 37      532     --- 
      0     0    20325.5000    63        0.0000      Cuts: 17      543     --- 
      0     0    20320.0000    68        0.0000      Cuts: 34      557     --- 
      0     0    20283.5000    89        0.0000      Cuts: 35      574     --- 
      0     0    20276.8710    73        0.0000      Cuts: 25      603     --- 
      0     0    20275.0000    66        0.0000      Cuts: 19      615     --- 
Detecting symmetries...
      0     2    20275.0000    62        0.0000    20272.7500      615     --- 
Elapsed time = 0.06 sec. (122.81 ticks, tree = 0.01 MB, solutions = 1)
    557   331    18811.0722    67        0.0000    19663.8204     8253     --- 
   1040   583     3179.6774    33        0.0000    19476.8054    14702     --- 

Performing restart 1

Repeating presolve.
Tried aggregator 1 time.
Reduced MIP has 728 rows, 424 columns, and 2748 nonzeros.
Reduced MIP has 300 binaries, 124 generals, 0 SOSs, and 0 indicators.
Presolve time = 0.00 sec. (1.31 ticks)
Tried aggregator 1 time.
Reduced MIP has 728 rows, 424 columns, and 2748 nonzeros.
Reduced MIP has 300 binaries, 124 generals, 0 SOSs, and 0 indicators.
Presolve time = 0.00 sec. (1.74 ticks)
Represolve time = 0.00 sec. (5.32 ticks)
   1488     0    20270.7500   105        0.0000      Cuts: 87    21193     --- 
   1488     0    20268.5140   123        0.0000      Cuts: 45    21227     --- 
   1488     0    20157.9492   118        0.0000      Cuts: 49    21306     --- 
   1488     0    20063.3038   112        0.0000     Cuts: 109    21372     --- 
   1488     0    19981.3844   116        0.0000      Cuts: 60    21419     --- 
   1488     0    19938.5388   141        0.0000      Cuts: 78    21493     --- 
   1488     0    19832.7973   131        0.0000      Cuts: 99    21538     --- 
   1488     0    19777.4265   126        0.0000      Cuts: 58    21586     --- 
   1488     0    19758.2222    68        0.0000      Cuts: 51    21608     --- 
   1488     0    19727.5000    64        0.0000      Cuts: 74    21664     --- 
   1488     2    19727.5000    64        0.0000    19322.5378    21664     --- 
   1528    32    18475.9572    74        0.0000    19322.5378    22267     --- 
   1624    91    16856.0000    11        0.0000    19322.5378    23799     --- 
*  1635    43      integral     0    16434.0000    19322.5378    24096   17.58%
*  1821    94      integral     0    17215.0000    18846.0000    27957    9.47%
   1834    95    18767.6144    42    17215.0000    18837.7220    28174    9.43%
   2031    74    18132.4460    89    17215.0000    18233.0000    32515    5.91%

Cover cuts applied:  11
Implied bound cuts applied:  11
Flow cuts applied:  7
Mixed integer rounding cuts applied:  49
Zero-half cuts applied:  80
Lift and project cuts applied:  1
Gomory fractional cuts applied:  16

Root node processing (before b&c):
  Real time             =    0.06 sec. (122.88 ticks)
Sequential b&c:
  Real time             =    0.78 sec. (2013.04 ticks)
                          ------------
Total (root+branch&cut) =    0.84 sec. (2135.92 ticks)
[CPLEX] Status: integer optimal solution
[CPLEX] OPTIMAL OBJ: 17215.0
[CPLEX] Runtime: 0.843 sec
Vehicle 0: d, (requests = [])
Vehicle 1: d → 3 → 10 → 7 → 17 → 21 → 14 → 9 → 28 → 4 → 19 → 26 → 13 → 25 → 15 → 6 → 12 → 20 → d, (requests = [0, 1, 2, 3])
======== PPDSP OBJECTIVE ========
Profit    = 25902
Cost      = 8687
Objective = 17215
=================================
===== RAW XY MODEL =====
1131 1172 1229 1266 1341 1352 1429 1466 1482 1511 1590 1659 1696 1711 1840 1870 1925 2020 2050 2052 2054 2056
  [Time Manager] Step 1 consumed 0.84s. Total Consumed: 0.84s.
  [Info] Saved 2056 core assumption literals to p1_A-n32-k5_r4v2k2.lp.asm

[2/60] Building & Solving: R=5, V=2, K=2
Default row names c1, c2 ... being created.
  [Info] Generating MIP Formulation...
  [Time Manager] Global Remaining Budget: 3599.16s | Future Weight Sum: 41124.0
  [Time Manager] Recalibrated Budget for this step: 12.08s
[CPLEX] Setting time limit to 12 seconds
[CPLEX] Reading assumption from p1_A-n32-k5_r4v2k2.lp.asm ...
[CPLEX] Applying MIP Start with 2056 variables.
Version identifier: 22.1.1.0 | 2022-11-28 | 9160aff4d
CPXPARAM_Read_DataCheck                          1
CPXPARAM_Threads                                 1
CPXPARAM_TimeLimit                               12
1 of 1 MIP starts provided solutions.
MIP start 'm1' defined initial solution with objective 17215.0000.
Tried aggregator 1 time.
MIP Presolve eliminated 54 rows and 1758 columns.
MIP Presolve modified 812 coefficients.
Reduced MIP has 737 rows, 426 columns, and 2802 nonzeros.
Reduced MIP has 302 binaries, 124 generals, 0 SOSs, and 0 indicators.
Presolve time = 0.00 sec. (1.91 ticks)
Probing time = 0.00 sec. (0.53 ticks)
Tried aggregator 1 time.
Detecting symmetries...
Reduced MIP has 737 rows, 426 columns, and 2802 nonzeros.
Reduced MIP has 302 binaries, 124 generals, 0 SOSs, and 0 indicators.
Presolve time = 0.00 sec. (1.71 ticks)
Probing time = 0.00 sec. (0.55 ticks)
Clique table members: 163.
MIP emphasis: balance optimality and feasibility.
MIP search method: dynamic search.
Parallel mode: none, using 1 thread.
Root relaxation solution time = 0.00 sec. (0.99 ticks)

        Nodes                                         Cuts/
   Node  Left     Objective  IInf  Best Integer    Best Bound    ItCnt     Gap

*     0+    0                        17215.0000    70510.0000           309.58%
      0     0    32209.7765    40    17215.0000    32209.7765       55   87.10%
      0     0    31885.7454    71    17215.0000      Cuts: 71      105   85.22%
      0     0    31353.1724    72    17215.0000      Cuts: 41      127   82.13%
      0     0    31213.0741    65    17215.0000      Cuts: 31      141   81.31%
      0     0    31108.3083    74    17215.0000      Cuts: 22      175   80.70%
      0     0    30906.9688    87    17215.0000      Cuts: 43      202   79.54%
Detecting symmetries...
      0     0    30613.2669    93    17215.0000      Cuts: 34      227   77.83%
      0     0    30333.0143    93    17215.0000      Cuts: 41      250   76.20%
      0     0    30039.7619    88    17215.0000      Cuts: 37      281   74.50%
      0     0    29962.0000    61    17215.0000      Cuts: 42      310   74.05%
      0     0    29918.9781    90    17215.0000      Cuts: 15      334   73.80%
      0     0    29915.5180    98    17215.0000      Cuts: 49      348   73.78%
      0     0    29903.5000    67    17215.0000      Cuts: 20      382   73.71%
      0     0    29900.5000    69    17215.0000      Cuts: 19      401   73.69%
      0     0    29900.1040   108    17215.0000   ZeroHalf: 6      412   73.69%
*     0+    0                        26413.0000    29900.1040            13.20%
      0     0        cutoff          26413.0000    29900.1040      412   13.20%
Detecting symmetries...
      0     2    29900.1040   108    26413.0000    29897.8357      412   13.19%
Elapsed time = 0.04 sec. (77.16 ticks, tree = 0.01 MB, solutions = 2)
    510   148    27587.8944    20    26413.0000    28201.9400     6837    6.77%
    913   200        cutoff          26413.0000    27818.7907    11831    5.32%
   1529   139        cutoff          26413.0000    27139.8000    18004    2.75%

Clique cuts applied:  2
Cover cuts applied:  18
Implied bound cuts applied:  97
Flow cuts applied:  2
Mixed integer rounding cuts applied:  51
Zero-half cuts applied:  64
Lift and project cuts applied:  1
Gomory fractional cuts applied:  5

Root node processing (before b&c):
  Real time             =    0.04 sec. (77.22 ticks)
Sequential b&c:
  Real time             =    0.31 sec. (798.33 ticks)
                          ------------
Total (root+branch&cut) =    0.34 sec. (875.54 ticks)
[CPLEX] Status: integer optimal solution
[CPLEX] OPTIMAL OBJ: 26413.0
[CPLEX] Runtime: 0.347 sec
Vehicle 0: d, (requests = [])
Vehicle 1: d → 3 → 10 → 7 → 17 → 21 → 14 → 9 → 28 → 4 → 19 → 26 → 13 → 25 → 29 → 15 → 6 → 12 → 20 → d, (requests = [0, 1, 2, 3, 4])
======== PPDSP OBJECTIVE ========
Profit    = 35255
Cost      = 8842
Objective = 26413
=================================
===== RAW XY MODEL =====
1131 1172 1229 1266 1341 1352 1429 1466 1482 1511 1590 1659 1696 1711 1854 1870 1925 1968 2020 2050 2052 2054 2056 2184
  [Time Manager] Step 2 consumed 0.35s. Total Consumed: 1.19s.
  [Info] Saved 2184 core assumption literals to p1_A-n32-k5_r5v2k2.lp.asm

[3/60] Building & Solving: R=6, V=2, K=2
Default row names c1, c2 ... being created.
  [Info] Generating MIP Formulation...
  [Time Manager] Global Remaining Budget: 3598.81s | Future Weight Sum: 40986.0
  [Time Manager] Recalibrated Budget for this step: 12.29s
[CPLEX] Setting time limit to 12 seconds
[CPLEX] Reading assumption from p1_A-n32-k5_r5v2k2.lp.asm ...
[CPLEX] Applying MIP Start with 2058 variables.
Version identifier: 22.1.1.0 | 2022-11-28 | 9160aff4d
CPXPARAM_Read_DataCheck                          1
CPXPARAM_Threads                                 1
CPXPARAM_TimeLimit                               12
1 of 1 MIP starts provided solutions.
MIP start 'm1' defined initial solution with objective 26413.0000.
Tried aggregator 1 time.
MIP Presolve eliminated 52 rows and 1758 columns.
MIP Presolve modified 816 coefficients.
Reduced MIP has 746 rows, 428 columns, and 2856 nonzeros.
Reduced MIP has 304 binaries, 124 generals, 0 SOSs, and 0 indicators.
Presolve time = 0.00 sec. (1.93 ticks)
Probing time = 0.00 sec. (0.54 ticks)
Tried aggregator 1 time.
Detecting symmetries...
Reduced MIP has 746 rows, 428 columns, and 2856 nonzeros.
Reduced MIP has 304 binaries, 124 generals, 0 SOSs, and 0 indicators.
Presolve time = 0.00 sec. (1.74 ticks)
Probing time = 0.00 sec. (0.57 ticks)
Clique table members: 166.
MIP emphasis: balance optimality and feasibility.
MIP search method: dynamic search.
Parallel mode: none, using 1 thread.
Root relaxation solution time = 0.00 sec. (1.18 ticks)

        Nodes                                         Cuts/
   Node  Left     Objective  IInf  Best Integer    Best Bound    ItCnt     Gap

*     0+    0                        26413.0000    83568.0000           216.39%
      0     0    38734.0690    44    26413.0000    38734.0690       71   46.65%
      0     0    38389.1429    70    26413.0000      Cuts: 78      135   45.34%
      0     0    37838.1304    69    26413.0000      Cuts: 44      153   43.26%
      0     0    37800.5000    67    26413.0000      Cuts: 21      161   43.11%
      0     0    37744.4627    76    26413.0000      Cuts: 12      185   42.90%
      0     0    37610.5000    72    26413.0000      Cuts: 37      198   42.39%
Detecting symmetries...
      0     0    37318.3073    72    26413.0000      Cuts: 28      240   41.29%
      0     0    37188.0000    60    26413.0000      Cuts: 35      272   40.79%
      0     0    37042.5000   104    26413.0000       Cuts: 5      294   40.24%
      0     0    37032.5000    93    26413.0000      Cuts: 38      319   40.21%
      0     0    36972.5672   106    26413.0000  ZeroHalf: 26      354   39.98%
      0     0    36929.3077    76    26413.0000      Cuts: 30      377   39.81%
      0     0    36632.7037   111    26413.0000      Cuts: 41      418   38.69%
      0     0    36512.0000    89    26413.0000      Cuts: 47      474   38.23%
      0     0    36390.6667    88    26413.0000      Cuts: 21      509   37.78%
      0     0    36358.4141   115    26413.0000      Cuts: 49      535   37.65%
      0     0    36352.7500   104    26413.0000      Cuts: 37      544   37.63%
      0     0    36231.2500    66    26413.0000  ZeroHalf: 12      581   37.17%
      0     0    36212.3333    75    26413.0000      Cuts: 50      610   37.10%
      0     0    36212.3333    75    26413.0000      Cuts: 24      623   37.10%
Detecting symmetries...
      0     2    36212.3333    75    26413.0000    36209.0000      623   37.09%
Elapsed time = 0.05 sec. (97.28 ticks, tree = 0.01 MB, solutions = 1)
    495   297    34731.8072    61    26413.0000    35534.9603     7508   34.54%
    994   587    31498.7833    72    26413.0000    35105.1733    14665   32.91%

Performing restart 1

Repeating presolve.
Tried aggregator 1 time.
Reduced MIP has 746 rows, 428 columns, and 2856 nonzeros.
Reduced MIP has 304 binaries, 124 generals, 0 SOSs, and 0 indicators.
Presolve time = 0.00 sec. (1.36 ticks)
Tried aggregator 1 time.
Reduced MIP has 746 rows, 428 columns, and 2856 nonzeros.
Reduced MIP has 304 binaries, 124 generals, 0 SOSs, and 0 indicators.
Presolve time = 0.00 sec. (1.80 ticks)
Represolve time = 0.00 sec. (5.30 ticks)
   1036     0    36129.8006   135    26413.0000      Cuts: 77    15478   32.79%
   1036     0    36084.6949   126    26413.0000      Cuts: 59    15552   32.79%
   1036     0    35898.6092   149    26413.0000     Cuts: 100    15605   32.79%
   1036     0    35809.8650   135    26413.0000      Cuts: 62    15656   32.79%
   1036     0    35724.7068   128    26413.0000      Cuts: 52    15708   32.79%
   1036     0    35655.9762   163    26413.0000      Cuts: 89    15782   32.79%
   1036     0    35630.4387   151    26413.0000      Cuts: 97    15828   32.79%
   1036     0    35590.4383   155    26413.0000      Cuts: 63    15859   32.79%
   1036     0    35570.6948   168    26413.0000      Cuts: 57    15916   32.79%
   1036     0    35562.6277   141    26413.0000     Cuts: 110    15935   32.79%
   1036     0    35560.9077   146    26413.0000      Cuts: 72    15960   32.79%
   1036     2    35560.9077   146    26413.0000    35074.1400    15960   32.79%
   1047    12    33708.9400    57    26413.0000    35074.1400    16413   32.79%
   1096    44    31209.1680    42    26413.0000    35015.8141    17501   32.57%
   1220   132    31566.1139    62    26413.0000    34657.4000    21407   31.21%
   1373   227    33712.6396    33    26413.0000    34393.2573    25542   30.21%
   1526   323    26669.5600    12    26413.0000    34180.7287    29716   29.41%
   1705   396        cutoff          26413.0000    33966.6400    34531   28.60%
   2542   770    32656.5597   106    26413.0000    33068.6230    53382   25.20%
Elapsed time = 1.37 sec. (3483.20 ticks, tree = 0.41 MB, solutions = 1)
   3456  1038    30917.5227    83    26413.0000    32090.1763    71982   21.49%
   4196  1191        cutoff          26413.0000    31555.5750    89516   19.47%
   4902  1307        cutoff          26413.0000    31247.5954   105664   18.30%
   5723  1385    29796.7600    31    26413.0000    30792.5200   124022   16.58%
   6591  1509        cutoff          26413.0000    30443.1189   141429   15.26%
   7396  1550    27627.3375    40    26413.0000    30075.9867   157521   13.87%
   8148  1599    28678.8280    35    26413.0000    29832.8000   173741   12.95%
   8983  1664    29178.7508    52    26413.0000    29562.6660   191723   11.92%
   9639  1541        cutoff          26413.0000    29287.7311   208601   10.88%
  10344  1420    28088.3333    29    26413.0000    28999.6250   224331    9.79%
Elapsed time = 5.02 sec. (13026.92 ticks, tree = 0.74 MB, solutions = 1)
  11101  1277    27560.4200    14    26413.0000    28662.2246   242216    8.52%
  11863  1043    28078.7200    51    26413.0000    28316.3433   259160    7.21%
  12602   750    26617.8772    44    26413.0000    27852.4361   275036    5.45%
  13354   447        cutoff          26413.0000    27320.3077   290130    3.44%

GUB cover cuts applied:  2
Clique cuts applied:  5
Cover cuts applied:  34
Implied bound cuts applied:  21
Flow cuts applied:  15
Mixed integer rounding cuts applied:  89
Zero-half cuts applied:  73
Multi commodity flow cuts applied:  1
Lift and project cuts applied:  41
Gomory fractional cuts applied:  17

Root node processing (before b&c):
  Real time             =    0.05 sec. (97.32 ticks)
Sequential b&c:
  Real time             =    6.70 sec. (17378.09 ticks)
                          ------------
Total (root+branch&cut) =    6.75 sec. (17475.41 ticks)
[CPLEX] Status: integer optimal, tolerance
[CPLEX] OPTIMAL OBJ: 26413.0
[CPLEX] Runtime: 6.753 sec
Vehicle 0: d, (requests = [])
Vehicle 1: d → 3 → 10 → 7 → 17 → 21 → 14 → 9 → 28 → 4 → 19 → 26 → 13 → 25 → 29 → 15 → 6 → 12 → 20 → d, (requests = [0, 1, 2, 3, 4])
======== PPDSP OBJECTIVE ========
Profit    = 35255
Cost      = 8842
Objective = 26413
=================================
===== RAW XY MODEL =====
1131 1172 1229 1266 1341 1352 1429 1466 1482 1511 1590 1659 1696 1711 1854 1870 1925 1968 2020 2050 2052 2054 2056 2184
  [Time Manager] Step 3 consumed 6.75s. Total Consumed: 7.95s.
  [Info] Saved 2186 core assumption literals to p1_A-n32-k5_r6v2k2.lp.asm

[4/60] Building & Solving: R=7, V=2, K=2
Default row names c1, c2 ... being created.
  [Info] Generating MIP Formulation...
  [Time Manager] Global Remaining Budget: 3592.05s | Future Weight Sum: 40846.0
  [Time Manager] Recalibrated Budget for this step: 12.49s
[CPLEX] Setting time limit to 12 seconds
[CPLEX] Reading assumption from p1_A-n32-k5_r6v2k2.lp.asm ...
[CPLEX] Applying MIP Start with 2060 variables.
Version identifier: 22.1.1.0 | 2022-11-28 | 9160aff4d
CPXPARAM_Read_DataCheck                          1
CPXPARAM_Threads                                 1
CPXPARAM_TimeLimit                               12
1 of 1 MIP starts provided solutions.
MIP start 'm1' defined initial solution with objective 26413.0000.
Tried aggregator 1 time.
MIP Presolve eliminated 50 rows and 1758 columns.
MIP Presolve modified 820 coefficients.
Reduced MIP has 755 rows, 430 columns, and 2912 nonzeros.
Reduced MIP has 306 binaries, 124 generals, 0 SOSs, and 0 indicators.
Presolve time = 0.00 sec. (1.96 ticks)
Probing time = 0.00 sec. (0.56 ticks)
Tried aggregator 1 time.
Detecting symmetries...
Reduced MIP has 755 rows, 430 columns, and 2912 nonzeros.
Reduced MIP has 306 binaries, 124 generals, 0 SOSs, and 0 indicators.
Presolve time = 0.00 sec. (1.77 ticks)
Probing time = 0.00 sec. (0.58 ticks)
Clique table members: 167.
MIP emphasis: balance optimality and feasibility.
MIP search method: dynamic search.
Parallel mode: none, using 1 thread.
Root relaxation solution time = 0.00 sec. (1.45 ticks)

        Nodes                                         Cuts/
   Node  Left     Objective  IInf  Best Integer    Best Bound    ItCnt     Gap

*     0+    0                        26413.0000    99396.0000           276.31%
      0     0    46308.7931    50    26413.0000    46308.7931       81   75.33%
      0     0    45942.7143    83    26413.0000      Cuts: 89      151   73.94%
      0     0    45442.4769    85    26413.0000      Cuts: 41      171   72.05%
      0     0    45314.4659    95    26413.0000      Cuts: 28      208   71.56%
      0     0    45141.0000    87    26413.0000      Cuts: 41      228   70.90%
      0     0    44968.5385    98    26413.0000      Cuts: 19      265   70.25%
Detecting symmetries...
      0     0    44879.1852    88    26413.0000      Cuts: 36      286   69.91%
      0     0    44734.5000    93    26413.0000      Cuts: 34      299   69.37%
      0     0    44576.1250    99    26413.0000      Cuts: 15      322   68.77%
      0     0    44535.5000    95    26413.0000      Cuts: 26      334   68.61%
      0     0    44266.5000    97    26413.0000  ZeroHalf: 11      344   67.59%
      0     0    44196.8750   105    26413.0000       Cuts: 8      368   67.33%
      0     0    44131.5000    83    26413.0000      Cuts: 37      389   67.08%
      0     0    44127.5000   103    26413.0000       Cuts: 9      399   67.07%
      0     0    44123.5000    88    26413.0000      Cuts: 25      404   67.05%
      0     0    44123.5000    99    26413.0000      Cuts: 13      409   67.05%
Detecting symmetries...
      0     2    44123.5000    99    26413.0000    44119.0000      409   67.04%
Elapsed time = 0.04 sec. (85.97 ticks, tree = 0.01 MB, solutions = 1)
    504   358    42167.6223    92    26413.0000    43218.8473     7204   63.63%

Performing restart 1

Repeating presolve.
Tried aggregator 1 time.
Reduced MIP has 755 rows, 430 columns, and 2912 nonzeros.
Reduced MIP has 306 binaries, 124 generals, 0 SOSs, and 0 indicators.
Presolve time = 0.00 sec. (1.38 ticks)
Tried aggregator 1 time.
Reduced MIP has 755 rows, 430 columns, and 2912 nonzeros.
Reduced MIP has 306 binaries, 124 generals, 0 SOSs, and 0 indicators.
Presolve time = 0.00 sec. (1.83 ticks)
Represolve time = 0.00 sec. (5.19 ticks)
   1058     0    43935.3333   121    26413.0000      Cuts: 38    14209   62.16%
   1058     0    43845.4138   130    26413.0000      Cuts: 52    14245   62.16%
   1058     0    43713.2500   108    26413.0000      Cuts: 47    14268   62.16%
   1058     0    43524.8333   144    26413.0000      Cuts: 69    14320   62.16%
   1058     0    43438.7500   136    26413.0000      Cuts: 86    14347   62.16%
   1058     0    43377.6667   133    26413.0000      Cuts: 94    14406   62.16%
   1058     0    43327.0000   139    26413.0000      Cuts: 60    14443   62.16%
   1058     0    43324.1667   149    26413.0000      Cuts: 36    14462   62.16%
   1058     0    43322.5000   129    26413.0000      Cuts: 30    14479   62.16%
   1058     0    43311.0833   135    26413.0000      Cuts: 24    14506   62.16%
   1058     2    43311.0833   119    26413.0000    42830.2500    14506   62.16%
   1075    19    42443.9998    69    26413.0000    42830.2500    14969   62.16%
   1143    65    39281.9452    54    26413.0000    42830.2500    16612   62.16%
   1334   184    42187.5666    94    26413.0000    42592.0870    20284   61.25%
   1529   296    36049.2826    62    26413.0000    42309.4500    24532   60.18%
   1738   420    31946.0465    60    26413.0000    42107.8837    28860   59.42%
   1924   522    40905.7200    42    26413.0000    41892.6100    32651   58.61%
   2098   616    39894.7807    75    26413.0000    41804.6885    37142   58.27%
*  2289   574      integral     0    32155.0000    41680.9766    41464   29.63%
   2954   847    36006.5900    40    32155.0000    41094.3000    58580   27.80%
Elapsed time = 1.40 sec. (3477.79 ticks, tree = 0.44 MB, solutions = 2)
*  3058+  862                        32495.0000    41025.5200            26.25%
*  3158+  886                        32726.0000    40950.8396            25.13%
   3923  1188    38682.5556    86    32726.0000    40504.8233    79703   23.77%
   4825  1509    38489.0656    52    32726.0000    40087.0000    97769   22.49%
   6003  1867    37201.5916    36    32726.0000    39663.3769   117522   21.20%
   6940  2041    39153.0167    40    32726.0000    39334.0668   136062   20.19%
   7927  2280    36989.3976    52    32726.0000    39131.9032   154686   19.57%
   8843  2434    infeasible          32726.0000    38943.0000   175254   19.00%
   9802  2580    37032.0637    79    32726.0000    38762.9620   195293   18.45%
  10647  2691    36470.6511    31    32726.0000    38598.9574   214123   17.95%
  11489  2707    38395.7400    59    32726.0000    38415.9170   234082   17.39%
  12327  2753    35353.9768    32    32726.0000    38234.7099   255737   16.83%
Elapsed time = 5.12 sec. (13022.14 ticks, tree = 1.46 MB, solutions = 4)
  13155  2751    37034.3143    63    32726.0000    38040.1864   275838   16.24%
  13918  2722    37816.4320    35    32726.0000    37865.0721   293863   15.70%
  14803  2665    34166.1943    38    32726.0000    37626.9759   314634   14.98%
  15723  2613    infeasible          32726.0000    37404.2621   334983   14.30%
  16612  2570        cutoff          32726.0000    37145.5200   353973   13.50%
  17388  2522        cutoff          32726.0000    36959.6872   371688   12.94%
  18238  2544    36602.6101    26    32726.0000    36784.6516   389795   12.40%
  19112  2523        cutoff          32726.0000    36585.5672   408993   11.79%
  19954  2496    33471.8500    16    32726.0000    36414.5500   428386   11.27%
  20798  2409    34811.5328    93    32726.0000    36215.8586   447536   10.66%
Elapsed time = 8.86 sec. (22569.17 ticks, tree = 1.36 MB, solutions = 4)
  21543  2261        cutoff          32726.0000    36008.5698   464172   10.03%
  22222  2125    35527.1733    32    32726.0000    35849.6683   480466    9.54%
  23040  1997        cutoff          32726.0000    35639.0000   497201    8.90%
  23876  1819        cutoff          32726.0000    35430.3045   513971    8.26%
  24632  1648    34878.9911    63    32726.0000    35235.5767   530045    7.67%
Starting limited solution polishing.
  25532  1399    33600.6039    81    32726.0000    34970.6500   547869    6.86%
  26324  1123    34416.4487    82    32726.0000    34643.6767   562429    5.86%
  27144   801    34036.4353    59    32726.0000    34138.1723   577566    4.32%

GUB cover cuts applied:  2
Clique cuts applied:  6
Cover cuts applied:  71
Implied bound cuts applied:  17
Flow cuts applied:  15
Mixed integer rounding cuts applied:  135
Zero-half cuts applied:  71
Multi commodity flow cuts applied:  1
Gomory fractional cuts applied:  20

Root node processing (before b&c):
  Real time             =    0.04 sec. (86.06 ticks)
Sequential b&c:
  Real time             =   11.96 sec. (30402.26 ticks)
                          ------------
Total (root+branch&cut) =   12.00 sec. (30488.32 ticks)
[CPLEX] Status: time limit exceeded
[CPLEX] OPTIMAL OBJ: 32726.0
[CPLEX] Runtime: 12.003 sec
Vehicle 0: d → 0 → 15 → 29 → d, (requests = [6])
Vehicle 1: d → 3 → 10 → 7 → 17 → 21 → 14 → 9 → 28 → 4 → 19 → 26 → 13 → 25 → 29 → 15 → 6 → 12 → 20 → d, (requests = [0, 1, 2, 3, 4])
======== PPDSP OBJECTIVE ========
Profit    = 43169
Cost      = 10443
Objective = 32726
=================================
===== RAW XY MODEL =====
16 510 960 993 1131 1172 1229 1266 1341 1352 1429 1466 1482 1511 1590 1659 1696 1711 1854 1870 1925 1968 2020 2050 2052 2054 2056 2184 2187
  [Time Manager] Step 4 consumed 12.00s. Total Consumed: 19.95s.
  [Info] Saved 2188 core assumption literals to p1_A-n32-k5_r7v2k2.lp.asm

[5/60] Building & Solving: R=8, V=2, K=2
Default row names c1, c2 ... being created.
  [Info] Generating MIP Formulation...
  [Time Manager] Global Remaining Budget: 3580.05s | Future Weight Sum: 40704.0
  [Time Manager] Recalibrated Budget for this step: 12.67s
[CPLEX] Setting time limit to 12 seconds
[CPLEX] Reading assumption from p1_A-n32-k5_r7v2k2.lp.asm ...
[CPLEX] Applying MIP Start with 2062 variables.
Version identifier: 22.1.1.0 | 2022-11-28 | 9160aff4d
CPXPARAM_Read_DataCheck                          1
CPXPARAM_Threads                                 1
CPXPARAM_TimeLimit                               12
1 of 1 MIP starts provided solutions.
MIP start 'm1' defined initial solution with objective 32726.0000.
Tried aggregator 1 time.
MIP Presolve eliminated 50 rows and 1758 columns.
MIP Presolve modified 820 coefficients.
Reduced MIP has 762 rows, 432 columns, and 2968 nonzeros.
Reduced MIP has 308 binaries, 124 generals, 0 SOSs, and 0 indicators.
Presolve time = 0.00 sec. (1.98 ticks)
Probing time = 0.00 sec. (0.57 ticks)
Tried aggregator 1 time.
Detecting symmetries...
Reduced MIP has 762 rows, 432 columns, and 2968 nonzeros.
Reduced MIP has 308 binaries, 124 generals, 0 SOSs, and 0 indicators.
Presolve time = 0.00 sec. (1.80 ticks)
Probing time = 0.00 sec. (0.59 ticks)
Clique table members: 170.
MIP emphasis: balance optimality and feasibility.
MIP search method: dynamic search.
Parallel mode: none, using 1 thread.
Root relaxation solution time = 0.00 sec. (1.48 ticks)

        Nodes                                         Cuts/
   Node  Left     Objective  IInf  Best Integer    Best Bound    ItCnt     Gap

*     0+    0                        32726.0000   110568.0000           237.86%
      0     0    51717.3333    50    32726.0000    51717.3333       90   58.03%
      0     0    51383.0000    83    32726.0000      Cuts: 82      141   57.01%
      0     0    51087.2000    83    32726.0000      Cuts: 38      185   56.11%
      0     0    50969.9885    81    32726.0000      Cuts: 36      194   55.75%
      0     0    50693.6500   101    32726.0000      Cuts: 22      234   54.90%
      0     0    50561.7308   102    32726.0000      Cuts: 40      249   54.50%
Detecting symmetries...
      0     0    50249.7042   112    32726.0000      Cuts: 27      280   53.55%
      0     0    50230.4429   115    32726.0000      Cuts: 40      310   53.49%
      0     0    50182.9667   121    32726.0000      Cuts: 25      323   53.34%
      0     0    50151.4000   110    32726.0000      Cuts: 49      337   53.25%
      0     0    50147.9000   106    32726.0000      Cuts: 44      342   53.24%
      0     0    50090.7852   114    32726.0000  ZeroHalf: 24      366   53.06%
      0     0    49861.9000   110    32726.0000      Cuts: 65      394   52.36%
      0     0    49642.5000   107    32726.0000      Cuts: 35      419   51.69%
      0     0    49571.1667   128    32726.0000      Cuts: 46      448   51.47%
      0     0    49570.5833   138    32726.0000      Cuts: 33      464   51.47%
Detecting symmetries...
      0     2    49570.5833   127    32726.0000    49553.2500      464   51.42%
Elapsed time = 0.05 sec. (90.51 ticks, tree = 0.01 MB, solutions = 1)
    497   342    48548.0000    86    32726.0000    48678.5933     7589   48.75%
    935   625    41993.9518    76    32726.0000    48478.3969    14036   48.13%

Performing restart 1

Repeating presolve.
Tried aggregator 1 time.
Reduced MIP has 762 rows, 432 columns, and 2968 nonzeros.
Reduced MIP has 308 binaries, 124 generals, 0 SOSs, and 0 indicators.
Presolve time = 0.00 sec. (1.41 ticks)
Tried aggregator 1 time.
Reduced MIP has 762 rows, 432 columns, and 2968 nonzeros.
Reduced MIP has 308 binaries, 124 generals, 0 SOSs, and 0 indicators.
Presolve time = 0.00 sec. (1.86 ticks)
Represolve time = 0.00 sec. (5.45 ticks)
    996     0    49416.6278   129    32726.0000      Cuts: 63    15229   48.12%
    996     0    49242.9572   158    32726.0000      Cuts: 69    15279   48.12%
    996     0    49172.7219   150    32726.0000      Cuts: 70    15314   48.12%
    996     0    49105.8569   158    32726.0000      Cuts: 74    15356   48.12%
    996     0    49013.7337   147    32726.0000      Cuts: 34    15416   48.12%
    996     0    48992.5305   162    32726.0000      Cuts: 77    15472   48.12%
    996     0    48941.5285   161    32726.0000      Cuts: 49    15538   48.12%
    996     0    48924.8957   163    32726.0000      Cuts: 78    15595   48.12%
    996     2    48924.8957   155    32726.0000    48473.3269    15595   48.12%
   1006    12    48657.6083    97    32726.0000    48473.3269    16031   48.12%
   1051    42    41211.4041    42    32726.0000    48473.3269    17569   48.12%
   1192   127    37515.0750    62    32726.0000    48319.3083    20901   47.65%
   1390   261    34849.3272    67    32726.0000    48109.9143    25493   47.01%
   1608   399    47239.1399    90    32726.0000    47602.2850    29970   45.46%
   1843   535        cutoff          32726.0000    47368.7114    34628   44.74%
   2651   966    45371.2563    82    32726.0000    46818.7857    51989   43.06%
Elapsed time = 1.38 sec. (3460.18 ticks, tree = 0.46 MB, solutions = 1)
   3665  1515    33092.4138     6    32726.0000    46332.5979    70916   41.58%
   4524  1895    35187.4000    76    32726.0000    46017.9903    88315   40.62%
   5438  2296    44701.6614    74    32726.0000    45522.5789   107480   39.10%
   6382  2678        cutoff          32726.0000    45160.2000   127607   37.99%
   7200  3000    34505.5230    58    32726.0000    44902.1630   144833   37.21%
   8096  3349    39580.0900    47    32726.0000    44608.7500   162766   36.31%
   8916  3633    43154.9597    83    32726.0000    44391.1000   181417   35.64%
   9757  3913    36590.1887    59    32726.0000    44199.8710   199233   35.06%
  10418  4090    41288.3846    65    32726.0000    44028.2068   214881   34.54%
  11144  4287    infeasible          32726.0000    43854.9000   232718   34.01%
Elapsed time = 5.03 sec. (13008.05 ticks, tree = 2.34 MB, solutions = 1)
  11954  4486        cutoff          32726.0000    43638.1251   250661   33.34%
  12720  4661    33897.4500    49    32726.0000    43411.3404   269046   32.65%
  13487  4826        cutoff          32726.0000    43203.5000   285064   32.02%
  14266  4967    38842.2912    73    32726.0000    42955.2133   301653   31.26%
  15173  5158        cutoff          32726.0000    42697.3430   319824   30.47%
  16065  5291    33021.3900    45    32726.0000    42390.6957   338349   29.53%
  16971  5496    37409.2500    55    32726.0000    42114.6346   355137   28.69%
  17841  5714        cutoff          32726.0000    41884.4807   371341   27.99%
  18723  5946    32970.6440    77    32726.0000    41673.4637   388216   27.34%
  19610  6074    36199.4334    34    32726.0000    41428.8600   405480   26.59%
Elapsed time = 10.75 sec. (22553.29 ticks, tree = 3.20 MB, solutions = 1)
  20522  6238    41206.5626    72    32726.0000    41211.2500   423198   25.93%
  21382  6467    infeasible          32726.0000    41083.4000   438456   25.54%
  22185  6589        cutoff          32726.0000    40935.0000   453509   25.08%
Advanced basis not built.

GUB cover cuts applied:  1
Clique cuts applied:  4
Cover cuts applied:  70
Implied bound cuts applied:  23
Flow cuts applied:  17
Mixed integer rounding cuts applied:  130
Zero-half cuts applied:  75
Lift and project cuts applied:  22
Gomory fractional cuts applied:  14

Root node processing (before b&c):
  Real time             =    0.05 sec. (90.55 ticks)
Sequential b&c:
  Real time             =   11.95 sec. (25654.02 ticks)
                          ------------
Total (root+branch&cut) =   12.00 sec. (25744.57 ticks)
[CPLEX] Status: time limit exceeded
[CPLEX] OPTIMAL OBJ: 32726.0
[CPLEX] Runtime: 12.003 sec
Vehicle 0: d → 0 → 15 → 29 → d, (requests = [6])
Vehicle 1: d → 3 → 10 → 7 → 17 → 21 → 14 → 9 → 28 → 4 → 19 → 26 → 13 → 25 → 29 → 15 → 6 → 12 → 20 → d, (requests = [0, 1, 2, 3, 4])
======== PPDSP OBJECTIVE ========
Profit    = 43169
Cost      = 10443
Objective = 32726
=================================
===== RAW XY MODEL =====
16 510 960 993 1131 1172 1229 1266 1341 1352 1429 1466 1482 1511 1590 1659 1696 1711 1854 1870 1925 1968 2020 2050 2052 2054 2056 2184 2187
  [Time Manager] Step 5 consumed 12.00s. Total Consumed: 31.95s.
  [Info] Saved 2190 core assumption literals to p1_A-n32-k5_r8v2k2.lp.asm

[6/60] Building & Solving: R=9, V=2, K=2
Default row names c1, c2 ... being created.
  [Info] Generating MIP Formulation...
  [Time Manager] Global Remaining Budget: 3568.05s | Future Weight Sum: 40560.0
  [Time Manager] Recalibrated Budget for this step: 12.84s
[CPLEX] Setting time limit to 12 seconds
[CPLEX] Reading assumption from p1_A-n32-k5_r8v2k2.lp.asm ...
[CPLEX] Applying MIP Start with 2064 variables.
Version identifier: 22.1.1.0 | 2022-11-28 | 9160aff4d
CPXPARAM_Read_DataCheck                          1
CPXPARAM_Threads                                 1
CPXPARAM_TimeLimit                               12
1 of 1 MIP starts provided solutions.
MIP start 'm1' defined initial solution with objective 32726.0000.
Tried aggregator 1 time.
MIP Presolve eliminated 48 rows and 1758 columns.
MIP Presolve modified 824 coefficients.
Reduced MIP has 771 rows, 434 columns, and 3022 nonzeros.
Reduced MIP has 310 binaries, 124 generals, 0 SOSs, and 0 indicators.
Presolve time = 0.00 sec. (2.01 ticks)
Probing time = 0.00 sec. (0.58 ticks)
Tried aggregator 1 time.
Detecting symmetries...
Reduced MIP has 771 rows, 434 columns, and 3022 nonzeros.
Reduced MIP has 310 binaries, 124 generals, 0 SOSs, and 0 indicators.
Presolve time = 0.00 sec. (1.83 ticks)
Probing time = 0.00 sec. (0.60 ticks)
Clique table members: 173.
MIP emphasis: balance optimality and feasibility.
MIP search method: dynamic search.
Parallel mode: none, using 1 thread.
Root relaxation solution time = 0.00 sec. (1.59 ticks)

        Nodes                                         Cuts/
   Node  Left     Objective  IInf  Best Integer    Best Bound    ItCnt     Gap

*     0+    0                        32726.0000   120638.0000           268.63%
      0     0    56451.7500    56    32726.0000    56451.7500       99   72.50%
      0     0    56101.0000    91    32726.0000      Cuts: 92      155   71.43%
      0     0    55842.7556    93    32726.0000      Cuts: 40      201   70.64%
      0     0    55716.7941    88    32726.0000      Cuts: 55      216   70.25%
      0     0    55474.5000    89    32726.0000      Cuts: 35      255   69.51%
      0     0    55393.1471   114    32726.0000      Cuts: 29      280   69.26%
Detecting symmetries...
      0     0    55263.0000   110    32726.0000      Cuts: 57      292   68.87%
      0     0    55032.5625   127    32726.0000      Cuts: 48      336   68.16%
      0     0    54959.6500   141    32726.0000      Cuts: 29      366   67.94%
      0     0    54850.2500   115    32726.0000      Cuts: 36      385   67.60%
      0     0    54679.6342   142    32726.0000      Cuts: 35      430   67.08%
      0     0    54573.2500   123    32726.0000      Cuts: 62      450   66.76%
      0     0    54389.0000   131    32726.0000      Cuts: 44      484   66.20%
      0     0    54337.6768   147    32726.0000      Cuts: 47      542   66.04%
      0     0    54143.3636   154    32726.0000      Cuts: 41      586   65.44%
      0     0    54013.7500   141    32726.0000      Cuts: 46      621   65.05%
      0     0    53952.2308   150    32726.0000      Cuts: 39      657   64.86%
      0     0    53926.3892   155    32726.0000      Cuts: 35      687   64.78%
      0     0    53876.6667   165    32726.0000      Cuts: 50      708   64.63%
      0     0    53779.5126   165    32726.0000      Cuts: 39      750   64.33%
      0     0    53729.9382   162    32726.0000      Cuts: 58      784   64.18%
      0     0    53488.9715   160    32726.0000      Cuts: 38      832   63.44%
      0     0    53442.3732   169    32726.0000      Cuts: 82      875   63.30%
      0     0    53405.3097   157    32726.0000      Cuts: 56      895   63.19%
      0     0    53398.0000    79    32726.0000      Cuts: 29      921   63.17%
      0     0    53383.0000    66    32726.0000      Cuts: 20      942   63.12%
      0     0    53342.3333   135    32726.0000      Cuts: 12      980   63.00%
      0     0    53294.0000   173    32726.0000      Cuts: 96     1018   62.85%
      0     0    53294.0000   178    32726.0000      Cuts: 50     1029   62.85%
      0     0    53292.5000   153    32726.0000  ZeroHalf: 14     1036   62.84%
Detecting symmetries...
      0     2    53292.5000   153    32726.0000    53289.0000     1036   62.83%
Elapsed time = 0.11 sec. (188.47 ticks, tree = 0.01 MB, solutions = 1)
    325   200    38821.9870   112    32726.0000    52584.3533     8146   60.68%
    742   469    43691.9677    91    32726.0000    52321.7030    15311   59.88%

Performing restart 1

Repeating presolve.
Tried aggregator 1 time.
MIP Presolve modified 8 coefficients.
Reduced MIP has 771 rows, 434 columns, and 3022 nonzeros.
Reduced MIP has 310 binaries, 124 generals, 0 SOSs, and 0 indicators.
Presolve time = 0.00 sec. (1.58 ticks)
Tried aggregator 1 time.
Reduced MIP has 771 rows, 434 columns, and 3022 nonzeros.
Reduced MIP has 310 binaries, 124 generals, 0 SOSs, and 0 indicators.
Presolve time = 0.00 sec. (1.89 ticks)
Represolve time = 0.01 sec. (7.69 ticks)
   1018     0    53278.6686   191    32726.0000      Cuts: 92    19980   59.65%
   1018     0    53207.6667   191    32726.0000      Cuts: 19    20012   59.65%
   1018     0    52874.9167   151    32726.0000     Cuts: 119    20078   59.65%
   1018     0    52845.3750   150    32726.0000      Cuts: 78    20128   59.65%
   1018     0    52835.8456   179    32726.0000      Cuts: 50    20177   59.65%
   1018     2    52835.8456   179    32726.0000    52245.4691    20177   59.65%
   1029    13    52387.1270    95    32726.0000    52245.4691    20513   59.65%
   1054    28    48210.3894    87    32726.0000    52245.4691    21646   59.65%
   1165    92    51776.7500   119    32726.0000    52245.4691    24606   59.65%
   1307   177    52198.8222   162    32726.0000    52245.4691    29212   59.65%
   1465   254    39321.7268    75    32726.0000    52017.0067    33402   58.95%
   1664   366    49159.8750    75    32726.0000    51875.7989    36843   58.52%
   2361   758    infeasible          32726.0000    51278.9000    54460   56.69%
Elapsed time = 1.51 sec. (3652.43 ticks, tree = 0.41 MB, solutions = 1)
   3228  1302    40370.7007    68    32726.0000    50966.6800    73182   55.74%
   4052  1753    50117.2480   120    32726.0000    50606.0602    89494   54.64%
   4899  2175    infeasible          32726.0000    50295.8759   107054   53.69%
   5818  2711    47212.8533    62    32726.0000    50072.0000   126355   53.00%
   6517  3048    47377.7541    65    32726.0000    49880.7970   142491   52.42%
   7317  3420    37634.3310    40    32726.0000    49579.7045   159176   51.50%
*  7951  3497      integral     0    34782.0000    49453.2500   171399   42.18%
*  8134  3526      integral     0    35081.0000    49395.3333   175338   40.80%
*  8234+ 3351                        37175.0000    49378.6939            32.83%
   8241  3354    46260.8636    59    37175.0000    49376.4350   177132   32.82%
   9181  3798    44604.0230    46    37175.0000    49138.1360   196249   32.18%
   9987  4191    43493.5362    62    37175.0000    48986.3277   212613   31.77%
  10845  4545    41686.0032    46    37175.0000    48831.9795   229559   31.36%
Elapsed time = 5.28 sec. (13199.19 ticks, tree = 2.41 MB, solutions = 4)
* 11198+ 4652                        37381.0000    48758.0000            30.44%
  11198  4654    47365.7032    97    37381.0000    48758.0000   236164   30.44%
  12180  5151    44510.3200    66    37381.0000    48623.2500   253914   30.07%
  13093  5480    44528.2500    74    37381.0000    48431.2000   273460   29.56%
  13949  5828    41751.7173    89    37381.0000    48274.8160   291185   29.14%
  14848  6206    47657.8400    93    37381.0000    48170.8861   308826   28.86%
  15710  6490    37976.2549    74    37381.0000    48023.8833   326812   28.47%
  16638  6864    45867.6618    58    37381.0000    47881.2000   346044   28.09%
  17392  7072    44446.8074    80    37381.0000    47726.8044   363159   27.68%
  18265  7390    46777.2356   110    37381.0000    47591.5667   380543   27.31%
  19003  7604    infeasible          37381.0000    47486.0892   397921   27.03%
Elapsed time = 9.12 sec. (22798.83 ticks, tree = 3.87 MB, solutions = 5)
  19834  7867    46278.5000    61    37381.0000    47360.2986   416150   26.70%
  20653  8154    38082.7255   102    37381.0000    47258.5500   434342   26.42%
  21444  8365    46220.3333   108    37381.0000    47143.3000   452717   26.12%
  22307  8630    39225.1548    55    37381.0000    47053.3667   469369   25.88%
  23146  8879    45920.2080    68    37381.0000    46955.8826   485674   25.61%
  23929  9090    46734.6905    98    37381.0000    46866.5000   502121   25.38%
  24771  9296    41183.5636    44    37381.0000    46779.5746   518830   25.14%

GUB cover cuts applied:  3
Clique cuts applied:  5
Cover cuts applied:  49
Implied bound cuts applied:  25
Flow cuts applied:  5
Mixed integer rounding cuts applied:  144
Zero-half cuts applied:  140
Lift and project cuts applied:  16
Gomory fractional cuts applied:  7

Root node processing (before b&c):
  Real time             =    0.11 sec. (188.58 ticks)
Sequential b&c:
  Real time             =   11.89 sec. (29854.99 ticks)
                          ------------
Total (root+branch&cut) =   12.00 sec. (30043.57 ticks)
[CPLEX] Status: time limit exceeded
[CPLEX] OPTIMAL OBJ: 37381.0
[CPLEX] Runtime: 12.003 sec
Vehicle 0: d → 0 → 15 → 29 → d, (requests = [6])
Vehicle 1: d → 22 → 27 → 3 → 10 → 7 → 17 → 8 → 21 → 14 → 9 → 28 → 4 → 19 → 26 → 13 → 25 → 29 → 15 → 6 → 12 → 20 → d, (requests = [0, 1, 2, 3, 4, 8])
======== PPDSP OBJECTIVE ========
Profit    = 48204
Cost      = 10823
Objective = 37381
=================================
===== RAW XY MODEL =====
16 510 960 993 1131 1172 1229 1266 1302 1341 1352 1429 1466 1482 1511 1577 1659 1696 1711 1756 1854 1870 1892 1925 1968 2039 2050 2052 2054 2056 2184 2187 2192
  [Time Manager] Step 6 consumed 12.00s. Total Consumed: 43.96s.
  [Info] Saved 2192 core assumption literals to p1_A-n32-k5_r9v2k2.lp.asm

[7/60] Building & Solving: R=10, V=2, K=2
Default row names c1, c2 ... being created.
  [Info] Generating MIP Formulation...
  [Time Manager] Global Remaining Budget: 3556.04s | Future Weight Sum: 40414.0
  [Time Manager] Recalibrated Budget for this step: 13.02s
[CPLEX] Setting time limit to 13 seconds
[CPLEX] Reading assumption from p1_A-n32-k5_r9v2k2.lp.asm ...
[CPLEX] Applying MIP Start with 2066 variables.
Version identifier: 22.1.1.0 | 2022-11-28 | 9160aff4d
CPXPARAM_Read_DataCheck                          1
CPXPARAM_Threads                                 1
CPXPARAM_TimeLimit                               13
1 of 1 MIP starts provided solutions.
MIP start 'm1' defined initial solution with objective 37381.0000.
Tried aggregator 1 time.
MIP Presolve eliminated 48 rows and 1758 columns.
MIP Presolve modified 824 coefficients.
Reduced MIP has 778 rows, 436 columns, and 3072 nonzeros.
Reduced MIP has 312 binaries, 124 generals, 0 SOSs, and 0 indicators.
Presolve time = 0.00 sec. (2.03 ticks)
Probing time = 0.00 sec. (0.59 ticks)
Tried aggregator 1 time.
Detecting symmetries...
Reduced MIP has 778 rows, 436 columns, and 3072 nonzeros.
Reduced MIP has 312 binaries, 124 generals, 0 SOSs, and 0 indicators.
Presolve time = 0.00 sec. (1.85 ticks)
Probing time = 0.00 sec. (0.61 ticks)
Clique table members: 176.
MIP emphasis: balance optimality and feasibility.
MIP search method: dynamic search.
Parallel mode: none, using 1 thread.
Root relaxation solution time = 0.00 sec. (1.98 ticks)

        Nodes                                         Cuts/
   Node  Left     Objective  IInf  Best Integer    Best Bound    ItCnt     Gap

*     0+    0                        37381.0000   135782.0000           263.24%
      0     0    63929.8750    64    37381.0000    63929.8750      119   71.02%
      0     0    63572.6216   103    37381.0000     Cuts: 104      188   70.07%
      0     0    63348.4956   107    37381.0000      Cuts: 44      238   69.47%
      0     0    63292.0719   101    37381.0000      Cuts: 55      252   69.32%
      0     0    63069.7613   129    37381.0000      Cuts: 20      298   68.72%
      0     0    62944.4167   125    37381.0000      Cuts: 46      317   68.39%
Detecting symmetries...
      0     0    62653.4145   122    37381.0000      Cuts: 37      366   67.61%
      0     0    62541.9667   128    37381.0000      Cuts: 47      391   67.31%
      0     0    62412.8000    78    37381.0000      Cuts: 34      424   66.96%
      0     0    62237.8646   139    37381.0000      Cuts: 41      470   66.50%
      0     0    62205.0106    82    37381.0000      Cuts: 84      524   66.41%
      0     0    61944.4444   156    37381.0000      Cuts: 33      568   65.71%
      0     0    61739.2500    79    37381.0000      Cuts: 60      602   65.16%
      0     0    61664.3333   143    37381.0000      Cuts: 33      659   64.96%
      0     0    61573.4444   161    37381.0000      Cuts: 78      713   64.72%
      0     0    61517.8571   153    37381.0000      Cuts: 41      748   64.57%
      0     0    61466.0000   144    37381.0000      Cuts: 45      769   64.43%
      0     0    61379.9310    70    37381.0000      Cuts: 32      795   64.20%
      0     0    61342.4167   170    37381.0000      Cuts: 32      836   64.10%
      0     0    61293.5714   185    37381.0000     Cuts: 111      893   63.97%
      0     0    61283.6250    83    37381.0000      Cuts: 37      931   63.94%
      0     0    61283.6250    91    37381.0000      Cuts: 22      947   63.94%
      0     0    61245.0952   175    37381.0000      Cuts: 22      980   63.84%
      0     0    61241.7500    89    37381.0000     Cuts: 112     1014   63.83%
      0     0    61233.1875   187    37381.0000      Cuts: 15     1044   63.81%
Detecting symmetries...
      0     2    61233.1875   187    37381.0000    61225.1667     1044   63.79%
Elapsed time = 0.09 sec. (155.95 ticks, tree = 0.01 MB, solutions = 1)
    372   246    59782.0732   105    37381.0000    60712.1452     9168   62.41%
*   551   367      integral     0    38270.0000    60654.2059    13555   58.49%
*   651+  379                        44368.0000    60457.6598            36.26%
    680   401    59434.1500   132    44368.0000    60439.6059    16981   36.22%
    969   579    60109.0000    96    44368.0000    60224.3839    24840   35.74%

Performing restart 1

Repeating presolve.
Tried aggregator 1 time.
MIP Presolve modified 8 coefficients.
Reduced MIP has 778 rows, 436 columns, and 3072 nonzeros.
Reduced MIP has 312 binaries, 124 generals, 0 SOSs, and 0 indicators.
Presolve time = 0.00 sec. (1.60 ticks)
Tried aggregator 1 time.
Reduced MIP has 778 rows, 436 columns, and 3072 nonzeros.
Reduced MIP has 312 binaries, 124 generals, 0 SOSs, and 0 indicators.
Presolve time = 0.00 sec. (1.91 ticks)
Represolve time = 0.00 sec. (6.81 ticks)
   1036     0    61147.6250   180    44368.0000     Cuts: 120    26849   35.66%
   1036     0    60976.2346   147    44368.0000      Cuts: 91    26906   35.66%
   1036     0    60846.5638   194    44368.0000      Cuts: 89    26964   35.66%
   1036     0    60778.0336   154    44368.0000      Cuts: 75    27037   35.66%
   1036     0    60681.1996   205    44368.0000      Cuts: 91    27110   35.66%
   1036     0    60621.1597   196    44368.0000      Cuts: 78    27166   35.66%
   1036     0    60608.8200   199    44368.0000      Cuts: 61    27200   35.66%
   1036     0    60598.2165   128    44368.0000      Cuts: 62    27235   35.66%
   1036     0    60585.1581   200    44368.0000      Cuts: 93    27268   35.66%
   1036     0    60580.4495   199    44368.0000      Cuts: 88    27293   35.66%
   1036     0    60578.5310   204    44368.0000      Cuts: 66    27312   35.66%
   1036     2    60578.5310   204    44368.0000    60190.0851    27312   35.66%
   1049    12    50683.2896   133    44368.0000    60190.0851    28043   35.66%
   1084    39    57434.0665    48    44368.0000    60190.0851    29631   35.66%
   1169    96        cutoff          44368.0000    60065.3333    31848   35.38%
   1306   182    58734.5843   160    44368.0000    59793.9718    35916   34.77%
   1408   238    58067.3610   164    44368.0000    59681.8000    39400   34.52%
   1929   537    47976.9454    82    44368.0000    59115.4384    56578   33.24%
Elapsed time = 1.56 sec. (3785.12 ticks, tree = 0.29 MB, solutions = 3)
   2567   814    55963.4702    96    44368.0000    58597.2813    80257   32.07%
   3114  1063    50219.0262   124    44368.0000    58212.5000    99463   31.20%
   3721  1355    infeasible          44368.0000    57981.0645   119706   30.68%
   4413  1637    45650.5934    85    44368.0000    57761.4160   141476   30.19%
   5081  1930    55074.6703   112    44368.0000    57602.4286   160667   29.83%
   5682  2189    infeasible          44368.0000    57484.2604   178950   29.56%
   6433  2515    56919.0075    92    44368.0000    57273.0881   199799   29.09%
   7129  2826    45863.2204    49    44368.0000    57146.7429   218201   28.80%
   7825  3123    46483.8852    84    44368.0000    57027.1575   237186   28.53%
   8600  3470    infeasible          44368.0000    56910.8190   258241   28.27%
Elapsed time = 5.12 sec. (13350.30 ticks, tree = 1.76 MB, solutions = 3)
   9356  3824    51176.0000    37    44368.0000    56830.3409   279206   28.09%
  10080  4126    50094.0000    54    44368.0000    56733.8297   298184   27.87%
  10758  4389    53089.2129   139    44368.0000    56656.7175   315946   27.70%
* 11396+ 4665                        44400.0000    56576.3576            27.42%
* 11397+ 4662                        44446.0000    56576.3576            27.29%
  11397  4662    infeasible          44446.0000    56576.2560   332429   27.29%
  11398  4663    55686.0000    31    44446.0000    56576.2273   332513   27.29%
  12217  5049        cutoff          44446.0000    56496.5359   351137   27.11%
  13005  5363    54654.4212    81    44446.0000    56410.3281   370975   26.92%
  13718  5643        cutoff          44446.0000    56337.9449   388972   26.76%
  14403  5898    48893.0323    62    44446.0000    56256.3871   407588   26.57%
  15060  6106    52064.4516    53    44446.0000    56173.6043   425377   26.39%
Elapsed time = 8.89 sec. (22989.07 ticks, tree = 3.17 MB, solutions = 5)
  15732  6354    55221.9619    98    44446.0000    56085.2407   444845   26.19%
  16382  6541    55506.9297   111    44446.0000    55988.4660   464421   25.97%
  17067  6739    50020.1667    49    44446.0000    55884.2000   484111   25.74%
  17787  6957    49592.5432    77    44446.0000    55779.5777   503369   25.50%
  18480  7159    infeasible          44446.0000    55689.2752   521918   25.30%
  19143  7362    55122.2500    81    44446.0000    55608.9861   539558   25.12%
  19821  7535    49684.5000    40    44446.0000    55531.5000   558903   24.94%
  20519  7672    45644.3333    29    44446.0000    55432.2275   577724   24.72%
  21193  7840    47566.8950    37    44446.0000    55339.1333   597077   24.51%
  21888  7974    48424.9732    50    44446.0000    55231.3339   615786   24.27%
Elapsed time = 12.54 sec. (32537.11 ticks, tree = 4.14 MB, solutions = 5)
  22481  8062    46839.3833    30    44446.0000    55111.5000   632948   24.00%

Clique cuts applied:  4
Cover cuts applied:  91
Implied bound cuts applied:  19
Flow cuts applied:  16
Mixed integer rounding cuts applied:  179
Zero-half cuts applied:  124
Multi commodity flow cuts applied:  1
Lift and project cuts applied:  36
Gomory fractional cuts applied:  10

Root node processing (before b&c):
  Real time             =    0.09 sec. (156.06 ticks)
Sequential b&c:
  Real time             =   12.92 sec. (33542.20 ticks)
                          ------------
Total (root+branch&cut) =   13.00 sec. (33698.26 ticks)
[CPLEX] Status: time limit exceeded
[CPLEX] OPTIMAL OBJ: 44446.0
[CPLEX] Runtime: 13.003 sec
Vehicle 0: d → 0 → 15 → 29 → d, (requests = [6])
Vehicle 1: d → 22 → 27 → 3 → 10 → 7 → 17 → 8 → 21 → 14 → 9 → 28 → 4 → 19 → 26 → 13 → 25 → 29 → 15 → 6 → 12 → 20 → 18 → 16 → d, (requests = [0, 1, 2, 3, 4, 8, 9])
======== PPDSP OBJECTIVE ========
Profit    = 55776
Cost      = 11330
Objective = 44446
=================================
===== RAW XY MODEL =====
16 510 960 993 1131 1172 1229 1266 1302 1341 1352 1429 1466 1482 1511 1568 1577 1617 1659 1683 1711 1756 1854 1870 1892 1925 1968 2039 2050 2052 2054 2056 2184 2187 2192 2194
  [Time Manager] Step 7 consumed 13.00s. Total Consumed: 56.96s.
  [Info] Saved 2194 core assumption literals to p1_A-n32-k5_r10v2k2.lp.asm

[8/60] Building & Solving: R=11, V=2, K=2
Default row names c1, c2 ... being created.
  [Info] Generating MIP Formulation...
  [Time Manager] Global Remaining Budget: 3543.04s | Future Weight Sum: 40266.0
  [Time Manager] Recalibrated Budget for this step: 13.20s
[CPLEX] Setting time limit to 13 seconds
[CPLEX] Reading assumption from p1_A-n32-k5_r10v2k2.lp.asm ...
[CPLEX] Applying MIP Start with 2068 variables.
Version identifier: 22.1.1.0 | 2022-11-28 | 9160aff4d
CPXPARAM_Read_DataCheck                          1
CPXPARAM_Threads                                 1
CPXPARAM_TimeLimit                               13
1 of 1 MIP starts provided solutions.
MIP start 'm1' defined initial solution with objective 44446.0000.
Tried aggregator 1 time.
MIP Presolve eliminated 46 rows and 1758 columns.
MIP Presolve modified 828 coefficients.
Reduced MIP has 787 rows, 438 columns, and 3132 nonzeros.
Reduced MIP has 314 binaries, 124 generals, 0 SOSs, and 0 indicators.
Presolve time = 0.00 sec. (2.05 ticks)
Probing time = 0.00 sec. (0.60 ticks)
Tried aggregator 1 time.
Detecting symmetries...
Reduced MIP has 787 rows, 438 columns, and 3132 nonzeros.
Reduced MIP has 314 binaries, 124 generals, 0 SOSs, and 0 indicators.
Presolve time = 0.00 sec. (1.88 ticks)
Probing time = 0.00 sec. (0.62 ticks)
Clique table members: 179.
MIP emphasis: balance optimality and feasibility.
MIP search method: dynamic search.
Parallel mode: none, using 1 thread.
Root relaxation solution time = 0.00 sec. (1.85 ticks)

        Nodes                                         Cuts/
   Node  Left     Objective  IInf  Best Integer    Best Bound    ItCnt     Gap

*     0+    0                        44446.0000   146518.0000           229.65%
      0     0    68904.7500    70    44446.0000    68904.7500      119   55.03%
      0     0    68543.2090   113    44446.0000     Cuts: 112      182   54.22%
      0     0    68217.9632   118    44446.0000      Cuts: 51      209   53.49%
      0     0    68053.1510   107    44446.0000      Cuts: 60      222   53.11%
      0     0    67817.4459   129    44446.0000      Cuts: 16      258   52.58%
      0     0    67728.5149   121    44446.0000      Cuts: 64      276   52.38%
Detecting symmetries...
      0     0    67429.8496   142    44446.0000      Cuts: 46      333   51.71%
      0     0    67249.0149   132    44446.0000      Cuts: 51      368   51.30%
      0     0    67064.5149   142    44446.0000      Cuts: 46      391   50.89%
      0     0    67037.0149   146    44446.0000      Cuts: 22      401   50.83%
      0     0    67003.3432   152    44446.0000      Cuts: 13      408   50.75%
      0     0    66954.6716   141    44446.0000      Cuts: 33      429   50.64%
      0     0    66922.9082   156    44446.0000      Cuts: 38      461   50.57%
      0     0    66919.2649   139    44446.0000      Cuts: 54      475   50.56%
      0     0    66871.1000    86    44446.0000      Cuts: 40      523   50.45%
      0     0    66804.6529   182    44446.0000      Cuts: 33      561   50.31%
      0     0    66722.6107   171    44446.0000      Cuts: 61      617   50.12%
      0     0    66603.3824   150    44446.0000      Cuts: 58      666   49.85%
      0     0    66569.0099   171    44446.0000      Cuts: 32      688   49.78%
      0     0    66561.3432   177    44446.0000      Cuts: 34      702   49.76%
      0     0    66561.3432   166    44446.0000  ZeroHalf: 16      704   49.76%
*     0+    0                        44779.0000    66561.3432            48.64%
      0     0        cutoff          44779.0000    66561.3432      704   48.64%
Detecting symmetries...
      0     2    66561.3432   166    44779.0000    66559.0000      704   48.64%
Elapsed time = 0.08 sec. (142.74 ticks, tree = 0.01 MB, solutions = 2)
    334   226    64988.2528   104    44779.0000    65975.8028     8212   47.34%
    732   477    infeasible          44779.0000    65672.1898    15610   46.66%

Performing restart 1

Repeating presolve.
Tried aggregator 1 time.
MIP Presolve modified 8 coefficients.
Reduced MIP has 787 rows, 438 columns, and 3132 nonzeros.
Reduced MIP has 314 binaries, 124 generals, 0 SOSs, and 0 indicators.
Presolve time = 0.00 sec. (1.63 ticks)
Tried aggregator 1 time.
Reduced MIP has 787 rows, 438 columns, and 3132 nonzeros.
Reduced MIP has 314 binaries, 124 generals, 0 SOSs, and 0 indicators.
Presolve time = 0.00 sec. (1.94 ticks)
Represolve time = 0.01 sec. (7.01 ticks)
   1058     0    66544.5466   184    44779.0000      Cuts: 54    22315   46.37%
   1058     0    66521.3259   166    44779.0000     Cuts: 100    22381   46.37%
   1058     0    66502.6818   180    44779.0000     Cuts: 121    22448   46.37%
   1058     0    66371.1895   169    44779.0000      Cuts: 66    22523   46.37%
   1058     0    66350.3594   197    44779.0000     Cuts: 111    22595   46.37%
   1058     0    66323.6171   194    44779.0000     Cuts: 103    22651   46.37%
   1058     2    66323.6171   190    44779.0000    65542.0235    22651   46.37%
   1070    10    66303.7609   149    44779.0000    65542.0235    23146   46.37%
   1121    44    64381.5549   131    44779.0000    65542.0235    25400   46.37%
   1262   150    65369.5000   156    44779.0000    65542.0235    29034   46.37%
   1374   214    60781.9256    85    44779.0000    65385.7487    33246   46.02%
   1514   301    64244.4315    85    44779.0000    65043.0774    37324   45.25%
   1622   370    64818.8230    82    44779.0000    64891.0000    41619   44.91%
   2235   759    63837.4873   164    44779.0000    64489.3455    58669   44.02%
Elapsed time = 1.49 sec. (3712.27 ticks, tree = 0.41 MB, solutions = 2)
   2882  1109    60312.0000    40    44779.0000    63916.2299    80134   42.74%
   3541  1486    51387.5402    42    44779.0000    63618.5500    99584   42.07%
   4123  1792    48052.0127   131    44779.0000    63318.8889   116384   41.40%
   4828  2164    60697.6828   101    44779.0000    63013.3710   136559   40.72%
   5516  2528    infeasible          44779.0000    62692.7684   155297   40.00%
   6205  2914    62389.4904    61    44779.0000    62481.1412   172631   39.53%
   6950  3283    62104.3846   117    44779.0000    62307.6317   190732   39.14%
   7632  3642    60500.2894   155    44779.0000    62158.9054   208466   38.81%
   8298  3983    51940.8567    56    44779.0000    62041.7500   225749   38.55%
   8907  4330    50658.9709    78    44779.0000    61958.2545   242050   38.36%
Elapsed time = 7.28 sec. (13262.23 ticks, tree = 2.38 MB, solutions = 2)
   9615  4655    60597.7500    62    44779.0000    61825.8235   260252   38.07%
  10288  5003        cutoff          44779.0000    61726.4795   280137   37.85%
  10978  5382    58908.6521   146    44779.0000    61643.9317   297754   37.66%
* 11638+ 5690                        44890.0000    61551.5804            37.12%
  11638  5692    58764.7000    46    44890.0000    61551.5804   314588   37.12%
  11858  5788    59260.2811   101    44890.0000    61524.9638   320134   37.06%
  12569  6105    47604.3396    32    44890.0000    61421.6226   338229   36.83%
  13356  6476    59350.5663   118    44890.0000    61339.7443   357549   36.64%
  14183  6871    56133.2351    41    44890.0000    61244.3840   377033   36.43%
  14912  7204    58326.7694    54    44890.0000    61161.7899   398182   36.25%
  15664  7550    infeasible          44890.0000    61080.0000   416880   36.07%
Elapsed time = 11.06 sec. (22840.64 ticks, tree = 4.02 MB, solutions = 3)
  16380  7873        cutoff          44890.0000    61008.2141   434228   35.91%
  17163  8237    47082.3735    42    44890.0000    60929.5622   453046   35.73%
  17958  8627    52700.3125    76    44890.0000    60841.6038   472752   35.53%
  18758  9048    60659.3356    65    44890.0000    60775.1997   491944   35.39%
  19370  9315    59953.8522    89    44890.0000    60718.7000   507516   35.26%
Advanced basis not built.

GUB cover cuts applied:  1
Clique cuts applied:  7
Cover cuts applied:  82
Implied bound cuts applied:  34
Flow cuts applied:  10
Mixed integer rounding cuts applied:  244
Zero-half cuts applied:  90
Lift and project cuts applied:  17
Gomory fractional cuts applied:  11

Root node processing (before b&c):
  Real time             =    0.08 sec. (142.82 ticks)
Sequential b&c:
  Real time             =   12.92 sec. (27662.01 ticks)
                          ------------
Total (root+branch&cut) =   13.00 sec. (27804.82 ticks)
[CPLEX] Status: time limit exceeded
[CPLEX] OPTIMAL OBJ: 44890.0
[CPLEX] Runtime: 13.003 sec
Vehicle 0: d → 0 → 15 → 29 → d, (requests = [6])
Vehicle 1: d → 22 → 27 → 3 → 10 → 7 → 17 → 21 → 14 → 9 → 28 → 4 → 19 → 26 → 13 → 25 → 29 → 15 → 6 → 12 → 20 → 18 → 16 → d, (requests = [0, 1, 2, 3, 4, 9, 10])
======== PPDSP OBJECTIVE ========
Profit    = 56109
Cost      = 11219
Objective = 44890
=================================
===== RAW XY MODEL =====
16 510 960 993 1131 1172 1229 1266 1341 1352 1429 1466 1482 1511 1568 1590 1617 1659 1683 1711 1756 1854 1870 1892 1925 1968 2039 2050 2052 2054 2056 2184 2187 2194 2196
  [Time Manager] Step 8 consumed 13.00s. Total Consumed: 69.96s.
  [Info] Saved 2196 core assumption literals to p1_A-n32-k5_r11v2k2.lp.asm

[9/60] Building & Solving: R=11, V=3, K=2
Default row names c1, c2 ... being created.
  [Info] Generating MIP Formulation...
  [Time Manager] Global Remaining Budget: 3530.04s | Future Weight Sum: 40116.0
  [Time Manager] Recalibrated Budget for this step: 19.80s
[CPLEX] Setting time limit to 19 seconds
[CPLEX] Reading assumption from p1_A-n32-k5_r11v2k2.lp.asm ...
[CPLEX] Applying MIP Start with 2070 variables.
Version identifier: 22.1.1.0 | 2022-11-28 | 9160aff4d
CPXPARAM_Read_DataCheck                          1
CPXPARAM_Threads                                 1
CPXPARAM_TimeLimit                               19
1 of 1 MIP starts provided solutions.
MIP start 'm1' defined initial solution with objective 45670.0000.
Tried aggregator 1 time.
MIP Presolve eliminated 69 rows and 2637 columns.
MIP Presolve modified 1242 coefficients.
Reduced MIP has 1175 rows, 657 columns, and 4698 nonzeros.
Reduced MIP has 471 binaries, 186 generals, 0 SOSs, and 0 indicators.
Presolve time = 0.00 sec. (3.08 ticks)
Probing time = 0.00 sec. (0.91 ticks)
Tried aggregator 1 time.
Detecting symmetries...
Reduced MIP has 1175 rows, 657 columns, and 4698 nonzeros.
Reduced MIP has 471 binaries, 186 generals, 0 SOSs, and 0 indicators.
Presolve time = 0.00 sec. (2.83 ticks)
Probing time = 0.00 sec. (0.95 ticks)
Clique table members: 263.
MIP emphasis: balance optimality and feasibility.
MIP search method: dynamic search.
Parallel mode: none, using 1 thread.
Root relaxation solution time = 0.00 sec. (2.90 ticks)

        Nodes                                         Cuts/
   Node  Left     Objective  IInf  Best Integer    Best Bound    ItCnt     Gap

*     0+    0                        45670.0000   219777.0000           381.23%
      0     0    69316.3333    70    45670.0000    69316.3333      173   51.78%
      0     0    68982.0644   114    45670.0000     Cuts: 109      244   51.04%
      0     0    68828.6897   135    45670.0000      Cuts: 47      280   50.71%
      0     0    68758.7143   149    45670.0000      Cuts: 81      318   50.56%
      0     0    68607.3537   104    45670.0000      Cuts: 31      341   50.22%
      0     0    68468.2828   128    45670.0000      Cuts: 11      387   49.92%
Detecting symmetries...
      0     0    68373.8382   129    45670.0000      Cuts: 61      433   49.71%
      0     0    68043.1206   136    45670.0000      Cuts: 43      485   48.99%
      0     0    67961.0000   114    45670.0000      Cuts: 54      502   48.81%
      0     0    67815.0000   130    45670.0000      Cuts: 22      534   48.49%
      0     0    67793.4096   207    45670.0000      Cuts: 27      566   48.44%
      0     0    67750.1029   210    45670.0000      Cuts: 57      587   48.35%
      0     0    67587.4444   165    45670.0000      Cuts: 49      616   47.99%
      0     0    67569.7778   158    45670.0000      Cuts: 59      641   47.95%
      0     0    67557.2778   159    45670.0000      Cuts: 26      666   47.92%
      0     0    67534.8000   165    45670.0000      Cuts: 24      687   47.88%
      0     0    67481.3458   163    45670.0000      Cuts: 12      738   47.76%
      0     0    67451.0000   150    45670.0000      Cuts: 50      750   47.69%
      0     0    67333.5000   169    45670.0000  ZeroHalf: 26      782   47.43%
      0     0    67291.3333    91    45670.0000      Cuts: 73      825   47.34%
      0     0    67285.5833   184    45670.0000      Cuts: 42      854   47.33%
      0     0    67250.5000   156    45670.0000      Cuts: 51      895   47.25%
      0     0    67184.1852   180    45670.0000      Cuts: 57      961   47.11%
      0     0    67154.5000   161    45670.0000      Cuts: 74      998   47.04%
      0     0    67135.5000   150    45670.0000      Cuts: 68     1039   47.00%
      0     0    67133.5000    84    45670.0000      Cuts: 15     1062   47.00%
      0     0    67112.3750   181    45670.0000      Cuts: 86     1110   46.95%
      0     0    67109.8333   118    45670.0000     Cuts: 103     1137   46.95%
      0     0    67082.8125   189    45670.0000      Cuts: 28     1187   46.89%
      0     0    67061.5000   205    45670.0000     Cuts: 115     1250   46.84%
      0     0    67052.5000   185    45670.0000      Cuts: 36     1283   46.82%
Detecting symmetries...
      0     2    67052.5000   175    45670.0000    67051.8750     1283   46.82%
Elapsed time = 0.19 sec. (394.08 ticks, tree = 0.01 MB, solutions = 1)
    186   141    66664.1588   109    45670.0000    66815.3335     6137   46.30%
    350   245    66640.4672   116    45670.0000    66658.2460    10478   45.96%
    587   409    65302.7955   108    45670.0000    66622.2948    14423   45.88%
    799   547    66457.6794   148    45670.0000    66532.2248    18538   45.68%
   1025   692    66130.4524   122    45670.0000    66472.6790    22728   45.55%

Performing restart 1

Repeating presolve.
Tried aggregator 1 time.
MIP Presolve modified 12 coefficients.
Reduced MIP has 1175 rows, 657 columns, and 4698 nonzeros.
Reduced MIP has 471 binaries, 186 generals, 0 SOSs, and 0 indicators.
Presolve time = 0.00 sec. (2.45 ticks)
Tried aggregator 1 time.
Reduced MIP has 1175 rows, 657 columns, and 4698 nonzeros.
Reduced MIP has 471 binaries, 186 generals, 0 SOSs, and 0 indicators.
Presolve time = 0.00 sec. (2.92 ticks)
Represolve time = 0.01 sec. (10.07 ticks)
   1032     0    67040.6667   173    45670.0000      Cuts: 56    23313   45.55%
   1032     0    66996.9626   261    45670.0000      Cuts: 73    23366   45.55%
   1032     0    66917.7825   172    45670.0000     Cuts: 108    23433   45.55%
   1032     0    66878.9674   239    45670.0000      Cuts: 81    23490   45.55%
   1032     0    66824.6000   143    45670.0000     Cuts: 101    23600   45.55%
   1032     0    66797.0118   165    45670.0000      Cuts: 97    23632   45.55%
   1032     0    66750.5000   145    45670.0000     Cuts: 103    23697   45.55%
   1032     0    66717.0000   138    45670.0000      Cuts: 51    23734   45.55%
   1032     0    66701.5930   258    45670.0000      Cuts: 44    23803   45.55%
   1032     2    66701.5930   258    45670.0000    66472.6790    23803   45.55%
   1037     7    66202.8333   157    45670.0000    66472.6790    24142   45.55%
   1046    13    64754.5000   127    45670.0000    66472.6790    24484   45.55%
   1062    26    64707.9811   161    45670.0000    66472.6790    25307   45.55%
   1438   326    infeasible          45670.0000    66307.2606    36973   45.19%
Elapsed time = 1.56 sec. (3962.68 ticks, tree = 0.21 MB, solutions = 1)
   1820   605    64397.9261   189    45670.0000    66045.9857    53718   44.62%
   2178   853    65436.6570   113    45670.0000    65886.0000    68606   44.27%
   2490  1043    65224.7765   121    45670.0000    65764.7500    83206   44.00%
   2897  1316    63109.6920   137    45670.0000    65606.5528   100338   43.65%
   3348  1637    56240.4000    53    45670.0000    65432.1064   119316   43.27%
   3764  1910    49817.0000    47    45670.0000    65345.8105   136731   43.08%
   4109  2144    64784.7068   156    45670.0000    65270.1250   152922   42.92%
   4513  2437    63703.6770    83    45670.0000    65226.9845   168092   42.82%
   4930  2708    infeasible          45670.0000    65159.3923   183680   42.67%
   5326  2958    64868.5591   131    45670.0000    65082.7181   200471   42.51%
Elapsed time = 5.16 sec. (13537.45 ticks, tree = 2.06 MB, solutions = 1)
   5785  3305    64254.0275   129    45670.0000    65020.4456   215736   42.37%
   6174  3565    64613.5950   118    45670.0000    64950.9519   231288   42.22%
   6545  3825    60933.4053   165    45670.0000    64887.8750   245556   42.08%
   6995  4136    62406.2500   105    45670.0000    64827.6897   260702   41.95%
*  7032+ 4161                        45756.0000    64824.2949            41.67%
   7519  4524    54384.8736   124    45756.0000    64769.7544   279192   41.55%
   8014  4880    63852.9301   153    45756.0000    64722.9971   299387   41.45%
   8514  5250    62989.0800   173    45756.0000    64680.3667   317446   41.36%
   8869  5501    63022.3851   152    45756.0000    64630.5895   334525   41.25%
   9258  5779    52645.6059   109    45756.0000    64588.2788   351035   41.16%
   9642  6041    58058.7000    77    45756.0000    64543.0526   367072   41.06%
Elapsed time = 8.69 sec. (23108.27 ticks, tree = 4.04 MB, solutions = 2)
  10102  6368    63043.0000    70    45756.0000    64513.5000   385002   40.99%
  10631  6751    48717.7472    44    45756.0000    64476.2007   403419   40.91%
  11091  7076    infeasible          45756.0000    64439.2899   422150   40.83%
* 11352+ 7267                        45761.0000    64418.4150            40.77%
* 11353+ 7264                        45807.0000    64417.5523            40.63%
  11354  7265    infeasible          45807.0000    64417.1418   433281   40.63%
  11820  7578        cutoff          45807.0000    64368.8339   451942   40.52%
  12249  7886    59340.1316   122    45807.0000    64336.7373   468373   40.45%
  12667  8186    63501.9986   202    45807.0000    64297.9518   485596   40.37%
  13083  8472        cutoff          45807.0000    64255.6453   501203   40.27%
  13506  8778    60054.1298   173    45807.0000    64232.0714   516843   40.22%
  14055  9166    57423.0957   113    45807.0000    64168.7500   535647   40.09%
Elapsed time = 13.36 sec. (34947.45 ticks, tree = 6.19 MB, solutions = 4)
  14571  9518    53302.2919   123    45807.0000    64131.5603   554917   40.00%
  15105  9885        cutoff          45807.0000    64098.7582   573177   39.93%
  15662 10271    62577.4000    74    45807.0000    64068.9303   593730   39.87%
  16237 10680    52566.0798    77    45807.0000    64037.4767   612513   39.80%
  16617 10920    54528.2614   104    45807.0000    64003.5000   629486   39.72%
  17022 11178    52144.5449   101    45807.0000    63973.2168   647149   39.66%
  17476 11463    58779.0138    82    45807.0000    63945.0000   663454   39.60%
  17911 11764    60124.0393   168    45807.0000    63928.1825   679678   39.56%
  18345 12052    62358.0633   153    45807.0000    63905.8330   697894   39.51%
  18872 12410    52951.9060    66    45807.0000    63873.3571   716844   39.44%
Elapsed time = 16.90 sec. (44513.23 ticks, tree = 8.18 MB, solutions = 4)
  19379 12770    63568.6382   228    45807.0000    63857.1000   735569   39.40%
  19867 13091    56167.3333   118    45807.0000    63819.5000   756009   39.32%
  20317 13381    60555.2995   151    45807.0000    63792.5103   774699   39.26%
  20760 13644    63418.3212   132    45807.0000    63763.0000   793830   39.20%
  21174 13906    61971.4869   141    45807.0000    63735.2500   811442   39.14%

GUB cover cuts applied:  6
Clique cuts applied:  11
Cover cuts applied:  66
Implied bound cuts applied:  27
Flow cuts applied:  16
Mixed integer rounding cuts applied:  308
Zero-half cuts applied:  148
Lift and project cuts applied:  36
Gomory fractional cuts applied:  7

Root node processing (before b&c):
  Real time             =    0.19 sec. (394.21 ticks)
Sequential b&c:
  Real time             =   18.81 sec. (49579.33 ticks)
                          ------------
Total (root+branch&cut) =   19.00 sec. (49973.54 ticks)
[CPLEX] Status: time limit exceeded
[CPLEX] OPTIMAL OBJ: 45807.0
[CPLEX] Runtime: 19.003 sec
Vehicle 0: d → 0 → 15 → 29 → d, (requests = [6])
Vehicle 1: d → 22 → 27 → 7 → 17 → 21 → 14 → 9 → 28 → 4 → 19 → 26 → 13 → 25 → 29 → 15 → 6 → 12 → 20 → 18 → 16 → d, (requests = [0, 2, 3, 4, 9])
Vehicle 2: d → 22 → 27 → 3 → 10 → 7 → 17 → 8 → 21 → d, (requests = [1, 8, 10])
======== PPDSP OBJECTIVE ========
Profit    = 61144
Cost      = 15337
Objective = 45807
=================================
===== RAW XY MODEL =====
16 510 960 993 1172 1229 1266 1341 1429 1466 1482 1511 1568 1590 1617 1659 1683 1711 1756 1854 1870 1896 1925 1968 2039 2303 2438 2474 2524 2749 2900 2928 3064 3211 2050 3222 2054 2056 2184 2187 3229 2194 3231
  [Time Manager] Step 9 consumed 19.00s. Total Consumed: 88.97s.
  [Info] Saved 3231 core assumption literals to p1_A-n32-k5_r11v3k2.lp.asm

[10/60] Building & Solving: R=12, V=3, K=2
Default row names c1, c2 ... being created.
  [Info] Generating MIP Formulation...
  [Time Manager] Global Remaining Budget: 3511.03s | Future Weight Sum: 39891.0
  [Time Manager] Recalibrated Budget for this step: 20.07s
[CPLEX] Setting time limit to 20 seconds
[CPLEX] Reading assumption from p1_A-n32-k5_r11v3k2.lp.asm ...
[CPLEX] Applying MIP Start with 3105 variables.
Version identifier: 22.1.1.0 | 2022-11-28 | 9160aff4d
CPXPARAM_Read_DataCheck                          1
CPXPARAM_Threads                                 1
CPXPARAM_TimeLimit                               20
1 of 1 MIP starts provided solutions.
MIP start 'm1' defined initial solution with objective 45807.0000.
Tried aggregator 1 time.
MIP Presolve eliminated 66 rows and 2637 columns.
MIP Presolve modified 1248 coefficients.
Reduced MIP has 1188 rows, 660 columns, and 4788 nonzeros.
Reduced MIP has 474 binaries, 186 generals, 0 SOSs, and 0 indicators.
Presolve time = 0.00 sec. (3.12 ticks)
Probing time = 0.00 sec. (0.93 ticks)
Tried aggregator 1 time.
Detecting symmetries...
Reduced MIP has 1188 rows, 660 columns, and 4788 nonzeros.
Reduced MIP has 474 binaries, 186 generals, 0 SOSs, and 0 indicators.
Presolve time = 0.00 sec. (2.88 ticks)
Probing time = 0.00 sec. (0.97 ticks)
Clique table members: 267.
MIP emphasis: balance optimality and feasibility.
MIP search method: dynamic search.
Parallel mode: none, using 1 thread.
Root relaxation solution time = 0.00 sec. (3.47 ticks)

        Nodes                                         Cuts/
   Node  Left     Objective  IInf  Best Integer    Best Bound    ItCnt     Gap

*     0+    0                        45807.0000   240525.0000           425.08%
      0     0    75934.4520    81    45807.0000    75934.4520      184   65.77%
      0     0    75630.7632   138    45807.0000     Cuts: 130      273   65.11%
      0     0    75369.0000   110    45807.0000      Cuts: 62      331   64.54%
      0     0    75129.5333   171    45807.0000      Cuts: 26      366   64.01%
      0     0    75063.7500   123    45807.0000      Cuts: 28      388   63.87%
      0     0    74863.5000   124    45807.0000      Cuts: 34      430   63.43%
Detecting symmetries...
      0     0    74723.3333   134    45807.0000      Cuts: 31      469   63.13%
      0     0    74597.6474   162    45807.0000      Cuts: 55      524   62.85%
      0     0    74543.8000   163    45807.0000      Cuts: 70      565   62.73%
      0     0    74441.3333   148    45807.0000      Cuts: 55      587   62.51%
      0     0    74378.0000   147    45807.0000      Cuts: 35      622   62.37%
      0     0    74363.3333   114    45807.0000      Cuts: 73      641   62.34%
      0     0    74361.2500   124    45807.0000      Cuts: 28      649   62.34%
      0     0    74350.8807   171    45807.0000  ZeroHalf: 43      678   62.31%
      0     0    74338.9167   158    45807.0000      Cuts: 53      697   62.29%
      0     0    74225.6923   168    45807.0000      Cuts: 58      760   62.04%
      0     0    74202.0833   176    45807.0000      Cuts: 65      784   61.99%
      0     0    74143.4857   189    45807.0000      Cuts: 34      816   61.86%
      0     0    74121.2741   212    45807.0000      Cuts: 21      838   61.81%
      0     0    74089.4412   193    45807.0000      Cuts: 39      872   61.74%
      0     0    74080.9500   162    45807.0000      Cuts: 30      896   61.72%
      0     0    74021.9375   185    45807.0000      Cuts: 51      940   61.60%
      0     0    74003.5486   242    45807.0000      Cuts: 37      965   61.56%
      0     0    73911.9662   234    45807.0000      Cuts: 45     1026   61.36%
      0     0    73908.8172   184    45807.0000      Cuts: 14     1045   61.35%
      0     0    73902.2381   195    45807.0000      Cuts: 26     1069   61.33%
Detecting symmetries...
      0     2    73902.2381   180    45807.0000    73902.1111     1069   61.33%
Elapsed time = 0.15 sec. (276.87 ticks, tree = 0.01 MB, solutions = 1)
    185   122    72176.4276   102    45807.0000    73660.9861     7326   60.81%
    450   337    infeasible          45807.0000    73588.5167    14100   60.65%
    675   503    73114.7772   156    45807.0000    73477.6930    20922   60.41%
    950   686    71454.1984   101    45807.0000    73432.3886    26850   60.31%

Performing restart 1

Repeating presolve.
Tried aggregator 1 time.
MIP Presolve modified 12 coefficients.
Reduced MIP has 1188 rows, 660 columns, and 4788 nonzeros.
Reduced MIP has 474 binaries, 186 generals, 0 SOSs, and 0 indicators.
Presolve time = 0.00 sec. (2.49 ticks)
Tried aggregator 1 time.
Reduced MIP has 1188 rows, 660 columns, and 4788 nonzeros.
Reduced MIP has 474 binaries, 186 generals, 0 SOSs, and 0 indicators.
Presolve time = 0.00 sec. (2.97 ticks)
Represolve time = 0.01 sec. (10.86 ticks)
    954     0    73896.6857   243    45807.0000      Cuts: 93    27619   60.30%
    954     0    73875.5000   131    45807.0000      Cuts: 29    27639   60.30%
    954     0    73794.4000   162    45807.0000     Cuts: 136    27695   60.30%
    954     0    73783.6384   248    45807.0000      Cuts: 67    27742   60.30%
    954     0    73782.2434   251    45807.0000      Cuts: 37    27767   60.30%
    954     0    73758.8556   241    45807.0000      Cuts: 37    27827   60.30%
    954     0    73725.3545   259    45807.0000      Cuts: 99    27900   60.30%
    954     0    73680.7419   234    45807.0000      Cuts: 70    27942   60.30%
    954     0    73671.6143   212    45807.0000      Cuts: 70    27990   60.30%
    954     0    73620.7551   222    45807.0000      Cuts: 78    28037   60.30%
    954     0    73608.0631   201    45807.0000      Cuts: 36    28083   60.30%
    954     0    73587.4187   291    45807.0000      Cuts: 64    28137   60.30%
    954     0    73534.2818   268    45807.0000      Cuts: 58    28210   60.30%
    954     0    73532.3803   275    45807.0000      Cuts: 56    28235   60.30%
    954     2    73532.3803   253    45807.0000    73429.9712    28235   60.30%
    956     4    73450.3284   245    45807.0000    73429.9712    28347   60.30%
    962     9    72161.0427   198    45807.0000    73429.9712    28738   60.30%
    971    14    71982.4810   228    45807.0000    73429.9712    29731   60.30%
    996    37    63371.2857    67    45807.0000    73429.9712    32455   60.30%
   1335   296    72948.1000    83    45807.0000    73045.4543    44955   59.46%
Elapsed time = 1.72 sec. (4240.97 ticks, tree = 0.23 MB, solutions = 1)
   1787   630    72307.5250   106    45807.0000    72845.5000    59436   59.03%
   2133   880    61213.2711    75    45807.0000    72740.1667    74701   58.80%
   2475  1118    69767.1853   153    45807.0000    72586.8099    89756   58.46%
   2794  1357    71984.0922   184    45807.0000    72495.0237   103844   58.26%
   3149  1619    70993.3877   214    45807.0000    72448.4524   118876   58.16%
   3619  1985    66880.3226   135    45807.0000    72377.3468   136075   58.00%
   3931  2204    71228.5000   116    45807.0000    72330.3124   151031   57.90%
   4292  2456    69606.9309    90    45807.0000    72262.1477   166577   57.75%
   4677  2740    71075.2469   237    45807.0000    72166.3913   181786   57.54%
   5090  3013    66544.6317   108    45807.0000    72109.0000   200739   57.42%
Elapsed time = 5.33 sec. (13880.12 ticks, tree = 1.92 MB, solutions = 1)
   5460  3265    71019.1162   123    45807.0000    72059.3000   217844   57.31%
   5761  3454    63363.8000   154    45807.0000    72006.7067   233277   57.20%
   6124  3714    68210.2174   145    45807.0000    71973.8737   248487   57.12%
   6574  4035    51501.8244    48    45807.0000    71921.3369   264116   57.01%
   7025  4358    56772.8000    72    45807.0000    71856.1778   283041   56.87%
   7509  4724    60246.1267    83    45807.0000    71828.7396   301541   56.81%
   7916  5030    71641.3674    81    45807.0000    71780.2408   318381   56.70%
   8327  5320    68066.1400    98    45807.0000    71742.5513   334479   56.62%
   8707  5604    infeasible          45807.0000    71718.3649   350483   56.57%
   9104  5892    70267.1969   181    45807.0000    71692.3833   366947   56.51%
Elapsed time = 10.98 sec. (23454.81 ticks, tree = 4.10 MB, solutions = 1)
   9574  6232    63515.9043    43    45807.0000    71674.2786   384665   56.47%
  10047  6567    71571.3607   168    45807.0000    71643.1008   403414   56.40%
  10495  6896    infeasible          45807.0000    71625.3386   419824   56.36%
  10496  6895    infeasible          45807.0000    71623.4014   419824   56.36%
  11007  7271    67892.3418   115    45807.0000    71597.6143   438161   56.30%
  11498  7629    49890.2553    93    45807.0000    71580.8235   454931   56.27%
  11987  7991    67597.2920   120    45807.0000    71548.7078   471106   56.20%
  12490  8362    infeasible          45807.0000    71516.7444   487037   56.13%
  12959  8689    70026.8475   172    45807.0000    71487.3348   501903   56.06%
  13387  8983    67453.5877   146    45807.0000    71463.7194   518775   56.01%
Elapsed time = 14.85 sec. (33265.09 ticks, tree = 6.23 MB, solutions = 1)
  13888  9360    67933.2532   108    45807.0000    71446.3857   535718   55.97%
  14406  9739    56245.5609    73    45807.0000    71429.0633   553035   55.93%
  14852 10029    64475.3044   131    45807.0000    71400.5000   570244   55.87%
  15294 10353    57636.3872    64    45807.0000    71384.9926   589078   55.84%
  15743 10677    64765.8101   132    45807.0000    71358.7800   607495   55.78%
  16142 10956    70581.6877   158    45807.0000    71337.4181   624202   55.73%
  16555 11236    50753.0671    84    45807.0000    71316.5774   638801   55.69%
  16972 11511    65323.9138    88    45807.0000    71293.0458   655177   55.64%
  17357 11793    69616.0556   153    45807.0000    71277.3333   670668   55.60%
  17732 11991    70932.6333   106    45807.0000    71260.3398   688066   55.57%
Elapsed time = 18.45 sec. (42853.66 ticks, tree = 8.15 MB, solutions = 1)
  18182 12319    49208.3894   148    45807.0000    71239.6949   706302   55.52%
* 18354+12425                        45936.0000    71234.0060            55.07%
* 18554+12568                        46036.0000    71227.8858            54.72%
* 18554+12568                        46038.0000    71227.8858            54.72%
  18629 12616    59024.7288    50    46038.0000    71221.3806   724187   54.70%
  19054 12915    65242.4257   140    46038.0000    71203.6782   741731   54.66%
Advanced basis not built.

GUB cover cuts applied:  6
Clique cuts applied:  7
Cover cuts applied:  65
Implied bound cuts applied:  29
Flow cuts applied:  23
Mixed integer rounding cuts applied:  256
Zero-half cuts applied:  175
Lift and project cuts applied:  22
Gomory fractional cuts applied:  12

Root node processing (before b&c):
  Real time             =    0.15 sec. (277.01 ticks)
Sequential b&c:
  Real time             =   19.85 sec. (46534.22 ticks)
                          ------------
Total (root+branch&cut) =   20.00 sec. (46811.23 ticks)
[CPLEX] Status: time limit exceeded
[CPLEX] OPTIMAL OBJ: 46038.0
[CPLEX] Runtime: 20.005 sec
Vehicle 0: d → 0 → 15 → 29 → d, (requests = [6])
Vehicle 1: d → 22 → 27 → 7 → 17 → 8 → 21 → 14 → 9 → 28 → 4 → 19 → 26 → 13 → 25 → 29 → 15 → 6 → 12 → 20 → 18 → 16 → d, (requests = [0, 2, 3, 4, 8, 9, 10])
Vehicle 2: d → 3 → 10 → 7 → 17 → 21 → d, (requests = [1])
======== PPDSP OBJECTIVE ========
Profit    = 61144
Cost      = 15106
Objective = 46038
=================================
===== RAW XY MODEL =====
16 510 960 993 1172 1229 1266 1302 1341 1429 1466 1482 1511 1568 1577 1617 1659 1683 1711 1756 1854 1870 1896 1925 1968 2039 2303 2438 2524 2762 2900 3192 2050 3222 2054 2056 2184 2187 2192 2194 2196
  [Time Manager] Step 10 consumed 20.01s. Total Consumed: 108.97s.
  [Info] Saved 3297 core assumption literals to p1_A-n32-k5_r12v3k2.lp.asm

[11/60] Building & Solving: R=13, V=3, K=2
Default row names c1, c2 ... being created.
  [Info] Generating MIP Formulation...
  [Time Manager] Global Remaining Budget: 3491.03s | Future Weight Sum: 39663.0
  [Time Manager] Recalibrated Budget for this step: 20.33s
[CPLEX] Setting time limit to 20 seconds
[CPLEX] Reading assumption from p1_A-n32-k5_r12v3k2.lp.asm ...
[CPLEX] Applying MIP Start with 3108 variables.
Version identifier: 22.1.1.0 | 2022-11-28 | 9160aff4d
CPXPARAM_Read_DataCheck                          1
CPXPARAM_Threads                                 1
CPXPARAM_TimeLimit                               20
1 of 1 MIP starts provided solutions.
MIP start 'm1' defined initial solution with objective 46038.0000.
Tried aggregator 1 time.
MIP Presolve eliminated 63 rows and 2637 columns.
MIP Presolve modified 1266 coefficients.
Reduced MIP has 1201 rows, 663 columns, and 4869 nonzeros.
Reduced MIP has 477 binaries, 186 generals, 0 SOSs, and 0 indicators.
Presolve time = 0.00 sec. (3.35 ticks)
Probing time = 0.00 sec. (0.95 ticks)
Tried aggregator 1 time.
Detecting symmetries...
Reduced MIP has 1201 rows, 663 columns, and 4869 nonzeros.
Reduced MIP has 477 binaries, 186 generals, 0 SOSs, and 0 indicators.
Presolve time = 0.00 sec. (2.92 ticks)
Probing time = 0.00 sec. (0.99 ticks)
Clique table members: 271.
MIP emphasis: balance optimality and feasibility.
MIP search method: dynamic search.
Parallel mode: none, using 1 thread.
Root relaxation solution time = 0.00 sec. (3.34 ticks)

        Nodes                                         Cuts/
   Node  Left     Objective  IInf  Best Integer    Best Bound    ItCnt     Gap

*     0+    0                        46038.0000   258348.0000           461.16%
      0     0    81875.4520    82    46038.0000    81875.4520      182   77.84%
      0     0    81483.0625   132    46038.0000     Cuts: 131      293   76.99%
      0     0    81352.0000   130    46038.0000      Cuts: 57      343   76.71%
      0     0    81283.6552   107    46038.0000      Cuts: 43      379   76.56%
      0     0    81189.5227   122    46038.0000      Cuts: 54      424   76.35%
      0     0    80996.0000   125    46038.0000      Cuts: 41      456   75.93%
Detecting symmetries...
      0     0    80804.9574   151    46038.0000      Cuts: 16      512   75.52%
      0     0    80706.4000   153    46038.0000      Cuts: 57      562   75.30%
      0     0    80614.2681   166    46038.0000      Cuts: 24      607   75.10%
      0     0    80546.5074   154    46038.0000      Cuts: 54      643   74.96%
      0     0    80523.2593   203    46038.0000      Cuts: 50      674   74.91%
      0     0    80493.9127   229    46038.0000      Cuts: 59      710   74.84%
      0     0    80434.4688   159    46038.0000      Cuts: 44      783   74.71%
      0     0    80381.1667   126    46038.0000      Cuts: 49      820   74.60%
      0     0    80374.5000   139    46038.0000      Cuts: 32      828   74.58%
      0     0    80333.2344   145    46038.0000  ZeroHalf: 37      877   74.49%
      0     0    80302.0000   159    46038.0000      Cuts: 76      918   74.43%
      0     0    80211.2981   167    46038.0000      Cuts: 34      959   74.23%
      0     0    80192.2500   156    46038.0000      Cuts: 52      986   74.19%
      0     0    80097.0000   146    46038.0000      Cuts: 47     1035   73.98%
      0     0    80097.0000   146    46038.0000      Cuts: 32     1056   73.98%
Detecting symmetries...
      0     2    80097.0000   146    46038.0000    80096.7917     1056   73.98%
Elapsed time = 0.12 sec. (235.36 ticks, tree = 0.01 MB, solutions = 1)
    159   116    76948.2463    75    46038.0000    79814.8750     6835   73.37%
    355   252    76305.1291    70    46038.0000    79674.1853    12735   73.06%
    559   375    78133.7165   122    46038.0000    79551.9861    18255   72.80%
    780   523    74815.9752   112    46038.0000    79464.6751    23324   72.61%

Performing restart 1

Repeating presolve.
Tried aggregator 1 time.
MIP Presolve modified 12 coefficients.
Reduced MIP has 1201 rows, 663 columns, and 4869 nonzeros.
Reduced MIP has 477 binaries, 186 generals, 0 SOSs, and 0 indicators.
Presolve time = 0.00 sec. (2.52 ticks)
Tried aggregator 1 time.
Reduced MIP has 1201 rows, 663 columns, and 4869 nonzeros.
Reduced MIP has 477 binaries, 186 generals, 0 SOSs, and 0 indicators.
Presolve time = 0.00 sec. (3.01 ticks)
Represolve time = 0.01 sec. (9.56 ticks)
    906     0    79999.4444   168    46038.0000     Cuts: 125    26860   72.58%
    906     0    79944.9474   185    46038.0000     Cuts: 125    26923   72.58%
    906     0    79875.5000   184    46038.0000      Cuts: 58    27004   72.58%
    906     0    79804.0668   240    46038.0000     Cuts: 121    27080   72.58%
    906     0    79796.8235   233    46038.0000     Cuts: 144    27141   72.58%
    906     0    79775.6828   187    46038.0000      Cuts: 75    27182   72.58%
    906     0    79773.0000    84    46038.0000      Cuts: 43    27217   72.58%
    906     0    79746.0027   246    46038.0000      Cuts: 61    27299   72.58%
    906     0    79737.2000   170    46038.0000      Cuts: 83    27338   72.58%
    906     0    79711.4583   235    46038.0000      Cuts: 63    27423   72.58%
    906     0    79711.1075   249    46038.0000      Cuts: 73    27462   72.58%
    906     2    79711.1075   231    46038.0000    79451.4549    27462   72.58%
    909     5    79681.7097   222    46038.0000    79451.4549    27841   72.58%
    912     8    79166.3931   134    46038.0000    79451.4549    28039   72.58%
    932    25    75726.8509   119    46038.0000    79451.4549    28803   72.58%
   1012    88    78758.0933   208    46038.0000    79451.4549    31515   72.58%
   1351   372    78421.0263   141    46038.0000    79298.9430    44511   72.25%
Elapsed time = 1.66 sec. (4241.52 ticks, tree = 0.31 MB, solutions = 1)
   1771   695    78872.9545   204    46038.0000    79083.6045    61722   71.78%
   2132   960    76134.8144   192    46038.0000    79037.7485    78476   71.68%
   2552  1290    72433.8084   126    46038.0000    78968.1791    94510   71.53%
   2947  1587    71768.1047   144    46038.0000    78856.8209   109670   71.29%
   3365  1891    78302.6807   203    46038.0000    78759.8058   123980   71.08%
   3732  2167    54470.1538    61    46038.0000    78677.1724   139601   70.90%
   4183  2504    75464.4843   157    46038.0000    78579.8249   156448   70.68%
   4599  2804    51264.5426    49    46038.0000    78492.4372   174670   70.49%
   4958  3076    60206.8246    75    46038.0000    78441.2287   190558   70.38%
   5257  3283    76092.3647   202    46038.0000    78378.7512   205616   70.25%
Elapsed time = 5.26 sec. (13826.47 ticks, tree = 2.08 MB, solutions = 1)
   5626  3568    74922.6884   146    46038.0000    78338.1644   221211   70.16%
   5913  3757    77257.4098   162    46038.0000    78266.1541   237309   70.00%
   6282  4018    infeasible          46038.0000    78231.8886   254715   69.93%
   6592  4240    76981.0175   159    46038.0000    78203.7945   269355   69.87%
   6833  4414    76589.8734   193    46038.0000    78174.2860   285428   69.80%
   7178  4667    74896.7472   191    46038.0000    78114.9867   301036   69.68%
   7506  4910    68797.1246   103    46038.0000    78051.8701   316984   69.54%
   7907  5205    70281.0074    66    46038.0000    77995.1852   333255   69.41%
   8373  5555    infeasible          46038.0000    77936.9828   351680   69.29%
   8812  5876    59013.5559    78    46038.0000    77869.6079   372042   69.14%
Elapsed time = 8.74 sec. (23388.74 ticks, tree = 3.69 MB, solutions = 1)
   9208  6168    75894.6294   144    46038.0000    77785.0088   390047   68.96%
   9558  6425    58576.8429    91    46038.0000    77746.3778   406499   68.87%
   9924  6699    75058.9152   154    46038.0000    77671.2500   422124   68.71%
   9968  6734    75632.6154    80    46038.0000    77667.7975   424155   68.70%
  10344  7007    61780.2518    91    46038.0000    77618.0000   439953   68.60%
  10687  7245    infeasible          46038.0000    77587.5455   455735   68.53%
  11104  7557    58373.8425    56    46038.0000    77546.3500   473608   68.44%
  11530  7880    70813.2415   156    46038.0000    77513.7422   489593   68.37%
  11973  8209    75464.9152   144    46038.0000    77486.3892   508175   68.31%
  12434  8542    72160.7140   115    46038.0000    77467.4380   527076   68.27%
Elapsed time = 12.71 sec. (33581.72 ticks, tree = 5.56 MB, solutions = 1)
  12909  8884    75528.6471   136    46038.0000    77431.6634   545474   68.19%
  13333  9187    68261.7902    26    46038.0000    77406.6461   564082   68.14%
  13730  9468    infeasible          46038.0000    77391.9310   579959   68.10%
  14161  9776    75417.6478    62    46038.0000    77362.6368   595329   68.04%
  14556 10081    72504.8313   160    46038.0000    77347.8077   611899   68.01%
  14934 10376    75892.2097   174    46038.0000    77332.8600   626790   67.98%
  15385 10715    73444.8206   188    46038.0000    77298.7333   644398   67.90%
  15770 11011    71490.4266   140    46038.0000    77284.7900   662126   67.87%
  16192 11307    71233.6698    97    46038.0000    77268.5801   681325   67.84%
  16706 11683    73414.9493   158    46038.0000    77254.9309   699980   67.81%
Elapsed time = 16.23 sec. (43162.02 ticks, tree = 7.64 MB, solutions = 1)
  17171 12020    infeasible          46038.0000    77229.9721   718375   67.75%
  17625 12367    74951.3000   158    46038.0000    77216.3929   736752   67.72%
  18049 12668    63962.5111    41    46038.0000    77202.4112   755215   67.69%
  18482 12968    72085.0011   202    46038.0000    77181.4726   770878   67.65%
  18906 13279    54756.5333    59    46038.0000    77166.1038   788002   67.61%

Performing restart 2

Repeating presolve.
Tried aggregator 1 time.
MIP Presolve modified 222 coefficients.
Reduced MIP has 1201 rows, 663 columns, and 6180 nonzeros.
Reduced MIP has 477 binaries, 186 generals, 0 SOSs, and 0 indicators.
Presolve time = 0.00 sec. (4.41 ticks)
Tried aggregator 1 time.
Reduced MIP has 1201 rows, 663 columns, and 6180 nonzeros.
Reduced MIP has 477 binaries, 186 generals, 0 SOSs, and 0 indicators.
Presolve time = 0.00 sec. (3.70 ticks)
Represolve time = 0.01 sec. (17.96 ticks)
  19030     0    79570.3250   254    46038.0000      Cuts: 90   794311   67.60%
  19030     0    79512.3820   226    46038.0000      Cuts: 46   794424   67.60%
  19030     0    79475.7337   214    46038.0000     Cuts: 149   794494   67.60%
  19030     0    79445.4955   278    46038.0000     Cuts: 109   794559   67.60%
  19030     0    79426.0834   280    46038.0000      Cuts: 40   794649   67.60%
  19030     0    79409.1329   266    46038.0000      Cuts: 62   794747   67.60%
  19030     0    79336.1613   264    46038.0000      Cuts: 95   794914   67.60%
  19030     0    79284.9900   272    46038.0000      Cuts: 68   795028   67.60%
  19030     0    79269.7015   261    46038.0000      Cuts: 86   795075   67.60%
  19030     0    79255.9194   295    46038.0000     Cuts: 114   795134   67.60%
  19030     2    79255.9194   282    46038.0000    77158.6270   795134   67.60%
  19050    17    75715.8032    76    46038.0000    77158.6270   797029   67.60%
  19097    50    77770.0356   150    46038.0000    77158.6270   798445   67.60%
  19147    88    70727.4600    50    46038.0000    77158.6270   800297   67.60%

Cover cuts applied:  6
Implied bound cuts applied:  8
Flow cuts applied:  5
Mixed integer rounding cuts applied:  50
Zero-half cuts applied:  71
Lift and project cuts applied:  21
Gomory fractional cuts applied:  8

Root node processing (before b&c):
  Real time             =    0.12 sec. (235.41 ticks)
Sequential b&c:
  Real time             =   19.88 sec. (53210.28 ticks)
                          ------------
Total (root+branch&cut) =   20.00 sec. (53445.69 ticks)
[CPLEX] Status: time limit exceeded
[CPLEX] OPTIMAL OBJ: 46038.0
[CPLEX] Runtime: 20.004 sec
Vehicle 0: d → 0 → 15 → 29 → d, (requests = [6])
Vehicle 1: d → 22 → 27 → 7 → 17 → 8 → 21 → 14 → 9 → 28 → 4 → 19 → 26 → 13 → 25 → 29 → 15 → 6 → 12 → 20 → 18 → 16 → d, (requests = [0, 2, 3, 4, 8, 9, 10])
Vehicle 2: d → 3 → 10 → 7 → 17 → 21 → d, (requests = [1])
======== PPDSP OBJECTIVE ========
Profit    = 61144
Cost      = 15106
Objective = 46038
=================================
===== RAW XY MODEL =====
16 510 960 993 1172 1229 1266 1302 1341 1429 1466 1482 1511 1568 1577 1617 1659 1683 1711 1756 1854 1870 1896 1925 1968 2039 2303 2438 2524 2762 2900 3192 2050 3222 2054 2056 2184 2187 2192 2194 2196
  [Time Manager] Step 11 consumed 20.01s. Total Consumed: 128.98s.
  [Info] Saved 3300 core assumption literals to p1_A-n32-k5_r13v3k2.lp.asm

[12/60] Building & Solving: R=14, V=3, K=2
Default row names c1, c2 ... being created.
  [Info] Generating MIP Formulation...
  [Time Manager] Global Remaining Budget: 3471.02s | Future Weight Sum: 39432.0
  [Time Manager] Recalibrated Budget for this step: 20.60s
[CPLEX] Setting time limit to 20 seconds
[CPLEX] Reading assumption from p1_A-n32-k5_r13v3k2.lp.asm ...
[CPLEX] Applying MIP Start with 3111 variables.
Version identifier: 22.1.1.0 | 2022-11-28 | 9160aff4d
CPXPARAM_Read_DataCheck                          1
CPXPARAM_Threads                                 1
CPXPARAM_TimeLimit                               20
1 of 1 MIP starts provided solutions.
MIP start 'm1' defined initial solution with objective 46038.0000.
Tried aggregator 1 time.
MIP Presolve eliminated 60 rows and 2637 columns.
MIP Presolve modified 1272 coefficients.
Reduced MIP has 1214 rows, 666 columns, and 4962 nonzeros.
Reduced MIP has 480 binaries, 186 generals, 0 SOSs, and 0 indicators.
Presolve time = 0.00 sec. (3.39 ticks)
Probing time = 0.00 sec. (0.97 ticks)
Tried aggregator 1 time.
Detecting symmetries...
Reduced MIP has 1214 rows, 666 columns, and 4962 nonzeros.
Reduced MIP has 480 binaries, 186 generals, 0 SOSs, and 0 indicators.
Presolve time = 0.00 sec. (2.97 ticks)
Probing time = 0.00 sec. (1.01 ticks)
Clique table members: 272.
MIP emphasis: balance optimality and feasibility.
MIP search method: dynamic search.
Parallel mode: none, using 1 thread.
Root relaxation solution time = 0.00 sec. (3.39 ticks)

        Nodes                                         Cuts/
   Node  Left     Objective  IInf  Best Integer    Best Bound    ItCnt     Gap

*     0+    0                        46038.0000   283866.0000           516.59%
      0     0    90381.4520    84    46038.0000    90381.4520      191   96.32%
      0     0    90000.1025   144    46038.0000     Cuts: 131      305   95.49%
      0     0    89904.4264   157    46038.0000      Cuts: 58      358   95.28%
      0     0    89777.3947   103    46038.0000      Cuts: 57      399   95.01%
      0     0    89533.2634   212    46038.0000      Cuts: 57      468   94.48%
      0     0    89471.3120   209    46038.0000      Cuts: 55      493   94.34%
Detecting symmetries...
      0     0    89288.3000   140    46038.0000      Cuts: 36      535   93.94%
      0     0    89226.6667   132    46038.0000      Cuts: 68      573   93.81%
      0     0    89166.2500   147    46038.0000      Cuts: 44      589   93.68%
      0     0    89015.9621   173    46038.0000      Cuts: 58      664   93.35%
      0     0    88960.8750   175    46038.0000      Cuts: 80      703   93.23%
      0     0    88818.8000   171    46038.0000      Cuts: 32      731   92.92%
      0     0    88780.6250   145    46038.0000      Cuts: 40      756   92.84%
      0     0    88713.6699   172    46038.0000      Cuts: 21      805   92.70%
      0     0    88691.5000   141    46038.0000      Cuts: 60      826   92.65%
      0     0    88636.2500   160    46038.0000  ZeroHalf: 47      863   92.53%
      0     0    88613.0833   230    46038.0000      Cuts: 53      913   92.48%
      0     0    88608.0000   143    46038.0000      Cuts: 33      931   92.47%
      0     0    88560.1667   143    46038.0000      Cuts: 39      967   92.36%
      0     0    88555.2500   168    46038.0000      Cuts: 23      982   92.35%
      0     0    88537.2000   162    46038.0000      Cuts: 25     1000   92.31%
      0     0    88529.4000   166    46038.0000      Cuts: 45     1039   92.30%
Detecting symmetries...
      0     2    88529.4000   151    46038.0000    88527.7500     1039   92.29%
Elapsed time = 0.12 sec. (226.66 ticks, tree = 0.01 MB, solutions = 1)
    123    95    85060.4551   102    46038.0000    88324.6667     6511   91.85%
    327   244    87745.8636    92    46038.0000    88111.1358    12449   91.39%
    565   413    87870.4725   209    46038.0000    88001.7220    18598   91.15%
    779   570    87699.7471   175    46038.0000    87961.5205    24239   91.06%

Performing restart 1

Repeating presolve.
Tried aggregator 1 time.
MIP Presolve modified 12 coefficients.
Reduced MIP has 1214 rows, 666 columns, and 4962 nonzeros.
Reduced MIP has 480 binaries, 186 generals, 0 SOSs, and 0 indicators.
Presolve time = 0.00 sec. (2.56 ticks)
Tried aggregator 1 time.
Reduced MIP has 1214 rows, 666 columns, and 4962 nonzeros.
Reduced MIP has 480 binaries, 186 generals, 0 SOSs, and 0 indicators.
Presolve time = 0.00 sec. (3.06 ticks)
Represolve time = 0.01 sec. (9.92 ticks)
    938     0    88490.0714   220    46038.0000      Cuts: 88    28621   91.01%
    938     0    88484.1062   251    46038.0000      Cuts: 81    28687   91.01%
    938     0    88472.0909   168    46038.0000     Cuts: 141    28717   91.01%
    938     0    88456.5055   237    46038.0000      Cuts: 73    28784   91.01%
    938     0    88363.8402   267    46038.0000      Cuts: 75    28899   91.01%
    938     0    88332.6989   262    46038.0000     Cuts: 109    28953   91.01%
    938     2    88332.6989   262    46038.0000    87938.5000    28953   91.01%
    941     5    88297.6000   221    46038.0000    87938.5000    29035   91.01%
    949    13    88207.7000   157    46038.0000    87938.5000    29551   91.01%
    975    35    82253.1136   146    46038.0000    87938.5000    31290   91.01%
   1038    81    85858.3710   171    46038.0000    87938.5000    33877   91.01%
   1278   288    infeasible          46038.0000    87938.5000    47773   91.01%
Elapsed time = 3.59 sec. (3972.00 ticks, tree = 0.25 MB, solutions = 1)
   1584   527    86397.2043   146    46038.0000    87914.3889    63901   90.96%
   1852   724    84265.6667   103    46038.0000    87671.0625    77869   90.43%
   2190  1000    85130.7406   145    46038.0000    87468.6333    92118   89.99%
   2470  1219    83237.0258   105    46038.0000    87396.9389   106972   89.84%
   2757  1443    63892.8407    88    46038.0000    87344.6053   120763   89.72%
   3110  1698    87116.2192   251    46038.0000    87270.6923   136686   89.56%
   3458  1950    68853.1473    95    46038.0000    87165.7350   153052   89.33%
   3791  2187    86959.5519   133    46038.0000    87048.0556   168331   89.08%
   4114  2440    60646.5163    59    46038.0000    86968.6222   183609   88.91%
   4413  2668    85355.2000    51    46038.0000    86929.1559   198054   88.82%
Elapsed time = 7.18 sec. (13567.26 ticks, tree = 1.78 MB, solutions = 1)
   4748  2913    83885.7544   156    46038.0000    86874.9175   212731   88.70%
   5094  3175    85330.6451   232    46038.0000    86850.6940   227573   88.65%
   5459  3467    80530.0000   119    46038.0000    86828.4073   243129   88.60%
   5744  3680    73841.6061   142    46038.0000    86802.6848   258912   88.55%
   6100  3948    85497.9780    47    46038.0000    86754.9803   273965   88.44%
   6413  4171    85761.9389   197    46038.0000    86707.2500   288218   88.34%
   6771  4431    64446.8557    87    46038.0000    86669.6476   304247   88.26%
   7176  4744    83236.9995    68    46038.0000    86655.4818   321104   88.23%
   7567  5019    85264.5667   218    46038.0000    86634.3362   337776   88.18%
   7904  5268    82427.4696   138    46038.0000    86620.3489   353465   88.15%
Elapsed time = 10.71 sec. (23177.24 ticks, tree = 4.46 MB, solutions = 1)
   8228  5514    85607.5571    97    46038.0000    86593.6667   368642   88.09%
   8580  5761    infeasible          46038.0000    86559.8890   384034   88.02%
   8924  6023    84014.1913    65    46038.0000    86526.2000   399388   87.95%
   9282  6291    82253.6107   105    46038.0000    86512.0000   414437   87.91%
   9638  6559    82106.7218    98    46038.0000    86475.9539   431772   87.84%
  10083  6908    59573.8568    68    46038.0000    86449.0116   449607   87.78%
  10319  7074    infeasible          46038.0000    86428.2741   460416   87.73%
  10320  7073    infeasible          46038.0000    86425.6912   460714   87.73%
  10744  7409    84986.6693   105    46038.0000    86382.8333   478308   87.63%
  11074  7632    82914.5739   157    46038.0000    86350.2278   496612   87.56%
Elapsed time = 14.80 sec. (33377.82 ticks, tree = 5.93 MB, solutions = 1)
  11481  7922    82424.6254   137    46038.0000    86324.1000   515102   87.51%
  11802  8138    64296.9667    93    46038.0000    86303.5000   531668   87.46%
  12091  8335    83247.4859    97    46038.0000    86285.1682   547281   87.42%
  12436  8573    84393.7096   113    46038.0000    86264.0000   564065   87.38%
  12806  8870    62292.0844   104    46038.0000    86244.0335   579309   87.33%
  13168  9141    75181.3469    86    46038.0000    86228.9000   595695   87.30%
  13533  9415    83871.4242   104    46038.0000    86197.0333   613301   87.23%
  13859  9642    59429.6613    76    46038.0000    86173.7437   631420   87.18%
  14265  9931    82706.4229    59    46038.0000    86161.0739   649747   87.15%
  14586 10168    74919.3778   196    46038.0000    86140.5312   667639   87.11%
Elapsed time = 18.32 sec. (42936.96 ticks, tree = 7.80 MB, solutions = 1)
* 14838+10340                        46972.0000    86120.8538            83.35%
  14972 10455    79586.3000    71    46972.0000    86117.6000   685522   83.34%
* 15138+10570                        47032.0000    86110.3088            83.09%
  15338 10709    83576.7794   145    47032.0000    86096.5952   702347   83.06%
* 15438+10766                        47313.0000    86090.9167            81.96%
  15627 10898    78589.0000   129    47313.0000    86078.5294   719289   81.93%
  15938 11121    84721.3293   105    47313.0000    86061.5230   734485   81.90%

GUB cover cuts applied:  4
Clique cuts applied:  8
Cover cuts applied:  58
Implied bound cuts applied:  44
Flow cuts applied:  13
Mixed integer rounding cuts applied:  233
Zero-half cuts applied:  123
Lift and project cuts applied:  22
Gomory fractional cuts applied:  5

Root node processing (before b&c):
  Real time             =    0.12 sec. (226.80 ticks)
Sequential b&c:
  Real time             =   19.88 sec. (47111.14 ticks)
                          ------------
Total (root+branch&cut) =   20.00 sec. (47337.93 ticks)
[CPLEX] Status: time limit exceeded
[CPLEX] OPTIMAL OBJ: 47313.0
[CPLEX] Runtime: 20.004 sec
Vehicle 0: d → 0 → 15 → 29 → d, (requests = [6])
Vehicle 1: d → 7 → 17 → 21 → 14 → 9 → 28 → 4 → 19 → 26 → 13 → 25 → 29 → 15 → 6 → 12 → 20 → 18 → d, (requests = [0, 2, 3, 4, 13])
Vehicle 2: d → 22 → 27 → 3 → 10 → 7 → 17 → 8 → 21 → d, (requests = [1, 8, 10])
======== PPDSP OBJECTIVE ========
Profit    = 62078
Cost      = 14765
Objective = 47313
=================================
===== RAW XY MODEL =====
16 510 960 993 1172 1229 1266 1341 1429 1466 1482 1511 1590 1632 1659 1683 1711 1854 1870 1925 1968 2024 2303 2438 2474 2524 2749 2900 2928 3064 3211 2050 3222 2054 2056 2184 2187 3229 3231 3302
  [Time Manager] Step 12 consumed 20.01s. Total Consumed: 148.99s.
  [Info] Saved 3303 core assumption literals to p1_A-n32-k5_r14v3k2.lp.asm

[13/60] Building & Solving: R=15, V=3, K=2
Default row names c1, c2 ... being created.
  [Info] Generating MIP Formulation...
  [Time Manager] Global Remaining Budget: 3451.01s | Future Weight Sum: 39198.0
  [Time Manager] Recalibrated Budget for this step: 20.87s
[CPLEX] Setting time limit to 20 seconds
[CPLEX] Reading assumption from p1_A-n32-k5_r14v3k2.lp.asm ...
[CPLEX] Applying MIP Start with 3114 variables.
Version identifier: 22.1.1.0 | 2022-11-28 | 9160aff4d
CPXPARAM_Read_DataCheck                          1
CPXPARAM_Threads                                 1
CPXPARAM_TimeLimit                               20
1 of 1 MIP starts provided solutions.
MIP start 'm1' defined initial solution with objective 52931.0000.
Tried aggregator 1 time.
MIP Presolve eliminated 57 rows and 2637 columns.
MIP Presolve modified 1278 coefficients.
Reduced MIP has 1227 rows, 669 columns, and 5055 nonzeros.
Reduced MIP has 483 binaries, 186 generals, 0 SOSs, and 0 indicators.
Presolve time = 0.00 sec. (3.44 ticks)
Probing time = 0.00 sec. (0.99 ticks)
Tried aggregator 1 time.
Detecting symmetries...
Reduced MIP has 1227 rows, 669 columns, and 5055 nonzeros.
Reduced MIP has 483 binaries, 186 generals, 0 SOSs, and 0 indicators.
Presolve time = 0.00 sec. (3.02 ticks)
Probing time = 0.00 sec. (1.03 ticks)
Clique table members: 273.
MIP emphasis: balance optimality and feasibility.
MIP search method: dynamic search.
Parallel mode: none, using 1 thread.
Root relaxation solution time = 0.00 sec. (3.46 ticks)

        Nodes                                         Cuts/
   Node  Left     Objective  IInf  Best Integer    Best Bound    ItCnt     Gap

*     0+    0                        52931.0000   300720.0000           468.14%
      0     0    95998.0000    82    52931.0000    95998.0000      189   81.36%
      0     0    95781.4231   114    52931.0000     Cuts: 118      257   80.96%
      0     0    95411.0000    94    52931.0000      Cuts: 50      327   80.26%
      0     0    95158.0541   129    52931.0000      Cuts: 54      378   79.78%
      0     0    95110.2500   120    52931.0000      Cuts: 50      393   79.69%
      0     0    95025.6667   139    52931.0000  ZeroHalf: 55      452   79.53%
Detecting symmetries...
      0     0    94874.7500   138    52931.0000      Cuts: 42      488   79.24%
      0     0    94661.5000    78    52931.0000      Cuts: 40      564   78.84%
      0     0    94605.5000    92    52931.0000      Cuts: 49      610   78.73%
      0     0    94425.2083   156    52931.0000      Cuts: 22      685   78.39%
      0     0    94363.3508   194    52931.0000      Cuts: 89      779   78.28%
      0     0    94299.5833   190    52931.0000      Cuts: 92      831   78.16%
      0     0    94176.0000   140    52931.0000      Cuts: 51      874   77.92%
      0     0    94120.9583   186    52931.0000      Cuts: 45      922   77.82%
      0     0    94045.2000   185    52931.0000      Cuts: 88      955   77.68%
      0     0    94023.4826   272    52931.0000      Cuts: 62     1033   77.63%
      0     0    93981.1623   274    52931.0000      Cuts: 64     1082   77.55%
      0     0    93913.8513   292    52931.0000      Cuts: 71     1130   77.43%
      0     0    93903.3418   308    52931.0000      Cuts: 67     1186   77.41%
      0     0    93893.1176   254    52931.0000      Cuts: 23     1232   77.39%
      0     0    93879.2667   207    52931.0000      Cuts: 60     1310   77.36%
      0     0    93856.4172   284    52931.0000      Cuts: 57     1369   77.32%
      0     0    93847.1026   267    52931.0000      Cuts: 53     1407   77.30%
Detecting symmetries...
      0     2    93847.1026   267    52931.0000    93845.0556     1407   77.30%
Elapsed time = 0.15 sec. (301.39 ticks, tree = 0.01 MB, solutions = 1)
    112    78    92785.3467   153    52931.0000    93568.0975     6146   76.77%
    286   201    87765.4212    91    52931.0000    93421.9273    11888   76.50%
    458   323    91743.4156   119    52931.0000    93348.6364    16875   76.36%
    630   432    infeasible          52931.0000    93293.5333    21978   76.25%
    775   528    88357.9607   113    52931.0000    93225.2650    26896   76.13%
    938   650    92671.1462   130    52931.0000    93193.6333    31940   76.07%

Performing restart 1

Repeating presolve.
Tried aggregator 1 time.
MIP Presolve modified 12 coefficients.
Reduced MIP has 1227 rows, 669 columns, and 5055 nonzeros.
Reduced MIP has 483 binaries, 186 generals, 0 SOSs, and 0 indicators.
Presolve time = 0.00 sec. (2.64 ticks)
Tried aggregator 1 time.
Reduced MIP has 1227 rows, 669 columns, and 5055 nonzeros.
Reduced MIP has 483 binaries, 186 generals, 0 SOSs, and 0 indicators.
Presolve time = 0.00 sec. (3.15 ticks)
Represolve time = 0.01 sec. (10.98 ticks)
    970     0    93821.8571   275    52931.0000     Cuts: 119    33477   76.02%
    970     0    93797.1285   263    52931.0000      Cuts: 22    33547   76.02%
    970     0    93787.1667   169    52931.0000     Cuts: 177    33610   76.02%
    970     0    93784.8000   254    52931.0000     Cuts: 110    33639   76.02%
    970     0    93761.2833   183    52931.0000      Cuts: 64    33699   76.02%
    970     0    93656.4416   277    52931.0000     Cuts: 133    33811   76.02%
    970     0    93598.6111   274    52931.0000      Cuts: 94    33888   76.02%
    970     0    93591.7794   304    52931.0000      Cuts: 87    33925   76.02%
    970     0    93563.0000   186    52931.0000      Cuts: 17    33956   76.02%
    970     0    93482.3017   283    52931.0000      Cuts: 40    34039   76.02%
    970     0    93463.1500   289    52931.0000      Cuts: 76    34112   76.02%
    970     2    93463.1500   289    52931.0000    93167.5063    34112   76.02%
    973     5    93320.8524   219    52931.0000    93167.5063    34453   76.02%
    979     9    92222.7905    82    52931.0000    93167.5063    35249   76.02%
   1228   230    91689.6409   156    52931.0000    93065.4869    44932   75.82%
Elapsed time = 1.72 sec. (4403.80 ticks, tree = 0.39 MB, solutions = 1)
   1460   408    84294.5924   106    52931.0000    92821.6909    60562   75.36%
   1842   729    74808.3365    63    52931.0000    92685.8700    75679   75.11%
   2128   934    91473.5000   205    52931.0000    92480.4583    90961   74.72%
   2469  1180    82195.6290    92    52931.0000    92364.3611   106810   74.50%
   2773  1400    91651.8674   158    52931.0000    92303.5770   122197   74.38%
   3050  1591    86692.0975   113    52931.0000    92267.0321   137976   74.32%
   3350  1787    90420.1420   161    52931.0000    92205.2634   155022   74.20%
   3690  2012    92022.6514   209    52931.0000    92144.1389   170667   74.08%
   3963  2173    90659.1834   124    52931.0000    92081.3340   185158   73.96%
   4221  2341    90638.1000   238    52931.0000    92007.6944   199684   73.83%
Elapsed time = 5.34 sec. (14029.66 ticks, tree = 1.78 MB, solutions = 1)
   4585  2611    82242.6426    84    52931.0000    91989.0287   214125   73.79%
   4962  2887    90577.1875   175    52931.0000    91947.6607   231803   73.71%
   5302  3114    82489.3719   200    52931.0000    91897.7965   249423   73.62%
   5582  3312    87074.4904   156    52931.0000    91873.7498   263794   73.57%
   5896  3540    90085.6206   138    52931.0000    91852.0857   278834   73.53%
   6177  3723    80871.9259   151    52931.0000    91834.1661   293303   73.50%
   6500  3942    90578.7625   177    52931.0000    91816.0592   308112   73.46%
   6867  4216    72738.7808   174    52931.0000    91777.3193   323781   73.39%
   7220  4482    89832.7774   164    52931.0000    91742.8872   341152   73.33%
   7592  4739    90013.0000   139    52931.0000    91689.5235   358005   73.22%
Elapsed time = 8.92 sec. (23609.17 ticks, tree = 3.29 MB, solutions = 1)
   7919  4987    89357.1658   224    52931.0000    91650.6000   373781   73.15%
   8243  5229    85260.4761    63    52931.0000    91619.0158   389044   73.09%
   8555  5463    83217.4375   101    52931.0000    91596.7040   403589   73.05%
   8914  5736    infeasible          52931.0000    91571.4516   418821   73.00%
   9195  5946    89977.1226   206    52931.0000    91555.7365   432552   72.97%
   9584  6240    91535.1613   116    52931.0000    91535.1613   451103   72.93%
   9939  6510    80830.5856   196    52931.0000    91515.3846   467408   72.90%
  10319  6768    81402.9300    84    52931.0000    91494.9237   484751   72.86%
  10643  7020    85910.2559   158    52931.0000    91479.2253   501796   72.83%
  10671  7043    90219.7500   142    52931.0000    91476.9325   503443   72.82%
Elapsed time = 12.65 sec. (33239.05 ticks, tree = 4.79 MB, solutions = 1)
  10672  7044    91051.6343   178    52931.0000    91476.8217   503770   72.82%
  11018  7319    77804.5765   138    52931.0000    91464.5142   520575   72.80%
  11268  7506    89625.7595    82    52931.0000    91454.0968   536740   72.78%
  11609  7774    89421.4356   177    52931.0000    91445.9384   553900   72.76%
  11980  8064    infeasible          52931.0000    91431.8000   569206   72.74%
  12334  8330    90011.6237   198    52931.0000    91412.8534   585088   72.70%
  12619  8531    89527.6963   147    52931.0000    91388.4948   600738   72.66%
  12943  8775    79918.9474   124    52931.0000    91372.8333   616909   72.63%
  13324  9081    87525.3537   174    52931.0000    91356.6662   633203   72.60%
  13684  9341    85711.4367   107    52931.0000    91338.1688   651354   72.56%
Elapsed time = 18.50 sec. (43116.00 ticks, tree = 6.46 MB, solutions = 1)
  14060  9635    90217.3890   104    52931.0000    91321.1714   668752   72.53%
* 14070+ 9578                        56621.0000    91321.1714            61.28%
* 14070+ 9576                        56716.0000    91321.1714            61.01%
  14455  9881    71395.9148   154    56716.0000    91311.7000   685701   61.00%
  14729 10091    88173.5300   147    56716.0000    91299.2333   698759   60.98%
Advanced basis not built.

GUB cover cuts applied:  6
Clique cuts applied:  9
Cover cuts applied:  64
Implied bound cuts applied:  32
Flow cuts applied:  14
Mixed integer rounding cuts applied:  291
Zero-half cuts applied:  149
Lift and project cuts applied:  9
Gomory fractional cuts applied:  6

Root node processing (before b&c):
  Real time             =    0.15 sec. (301.51 ticks)
Sequential b&c:
  Real time             =   19.85 sec. (46502.63 ticks)
                          ------------
Total (root+branch&cut) =   20.00 sec. (46804.14 ticks)
[CPLEX] Status: time limit exceeded
[CPLEX] OPTIMAL OBJ: 56716.0
[CPLEX] Runtime: 20.004 sec
Vehicle 0: d, (requests = [])
Vehicle 1: d → 22 → 27 → 3 → 10 → 7 → 17 → 8 → 21 → 14 → 9 → 28 → 4 → 19 → 26 → 13 → 25 → 29 → 15 → 6 → 12 → 20 → 18 → d, (requests = [0, 1, 2, 3, 4, 8, 10, 13, 14])
Vehicle 2: d → 0 → 15 → 29 → d, (requests = [6])
======== PPDSP OBJECTIVE ========
Profit    = 67696
Cost      = 10980
Objective = 56716
=================================
===== RAW XY MODEL =====
1131 1172 1229 1266 1302 1341 1352 1429 1466 1482 1511 1577 1632 1659 1683 1711 1756 1854 1870 1892 1925 1968 2039 2212 2706 3156 3189 2050 2052 2054 2056 2184 3227 2192 2196 3302 3305
  [Time Manager] Step 13 consumed 20.01s. Total Consumed: 168.99s.
  [Info] Saved 3306 core assumption literals to p1_A-n32-k5_r15v3k2.lp.asm

[14/60] Building & Solving: R=16, V=3, K=2
Default row names c1, c2 ... being created.
  [Info] Generating MIP Formulation...
  [Time Manager] Global Remaining Budget: 3431.01s | Future Weight Sum: 38961.0
  [Time Manager] Recalibrated Budget for this step: 21.14s
[CPLEX] Setting time limit to 21 seconds
[CPLEX] Reading assumption from p1_A-n32-k5_r15v3k2.lp.asm ...
[CPLEX] Applying MIP Start with 3117 variables.
Version identifier: 22.1.1.0 | 2022-11-28 | 9160aff4d
CPXPARAM_Read_DataCheck                          1
CPXPARAM_Threads                                 1
CPXPARAM_TimeLimit                               21
1 of 1 MIP starts provided solutions.
MIP start 'm1' defined initial solution with objective 56716.0000.
Tried aggregator 1 time.
MIP Presolve eliminated 57 rows and 2637 columns.
MIP Presolve modified 1278 coefficients.
Reduced MIP has 1237 rows, 672 columns, and 5130 nonzeros.
Reduced MIP has 486 binaries, 186 generals, 0 SOSs, and 0 indicators.
Presolve time = 0.00 sec. (3.48 ticks)
Probing time = 0.00 sec. (1.00 ticks)
Tried aggregator 1 time.
Detecting symmetries...
Reduced MIP has 1237 rows, 672 columns, and 5130 nonzeros.
Reduced MIP has 486 binaries, 186 generals, 0 SOSs, and 0 indicators.
Presolve time = 0.00 sec. (3.05 ticks)
Probing time = 0.00 sec. (1.04 ticks)
Clique table members: 277.
MIP emphasis: balance optimality and feasibility.
MIP search method: dynamic search.
Parallel mode: none, using 1 thread.
Root relaxation solution time = 0.00 sec. (4.95 ticks)

        Nodes                                         Cuts/
   Node  Left     Objective  IInf  Best Integer    Best Bound    ItCnt     Gap

*     0+    0                        56716.0000   335292.0000           491.18%
      0     0   107404.2963    95    56716.0000   107404.2963      221   89.37%
      0     0   107031.5507   136    56716.0000     Cuts: 133      313   88.71%
      0     0   106876.0000   129    56716.0000      Cuts: 28      389   88.44%
      0     0   106567.6667   112    56716.0000      Cuts: 42      449   87.90%
      0     0   106565.6000   127    56716.0000      Cuts: 70      479   87.89%
      0     0   106512.7740   213    56716.0000      Cuts: 37      539   87.80%
Detecting symmetries...
      0     0   106410.0909   210    56716.0000      Cuts: 65      566   87.62%
      0     0   106255.9091   149    56716.0000      Cuts: 33      579   87.35%
      0     0   106208.5000   152    56716.0000      Cuts: 23      601   87.26%
      0     0   106018.2500   171    56716.0000      Cuts: 49      681   86.93%
      0     0   105849.7500   159    56716.0000      Cuts: 41      726   86.63%
      0     0   105788.0833   171    56716.0000      Cuts: 39      783   86.52%
      0     0   105775.2222   169    56716.0000      Cuts: 22      798   86.50%
      0     0   105713.1489   245    56716.0000      Cuts: 50      840   86.39%
      0     0   105707.7619   256    56716.0000      Cuts: 42      869   86.38%
Detecting symmetries...
      0     2   105707.7619   256    56716.0000   105698.6587      869   86.36%
Elapsed time = 0.10 sec. (202.29 ticks, tree = 0.01 MB, solutions = 1)
    227   178   105375.8444    81    56716.0000   105420.9834     6526   85.88%
    399   300   105133.9156    82    56716.0000   105302.4215    11887   85.67%
    637   479    99951.3285   151    56716.0000   105219.5037    18131   85.52%
    866   627   104281.9005   158    56716.0000   105127.4800    24101   85.36%

Performing restart 1

Repeating presolve.
Tried aggregator 1 time.
MIP Presolve modified 12 coefficients.
Reduced MIP has 1237 rows, 672 columns, and 5130 nonzeros.
Reduced MIP has 486 binaries, 186 generals, 0 SOSs, and 0 indicators.
Presolve time = 0.00 sec. (2.67 ticks)
Tried aggregator 1 time.
Reduced MIP has 1237 rows, 672 columns, and 5130 nonzeros.
Reduced MIP has 486 binaries, 186 generals, 0 SOSs, and 0 indicators.
Presolve time = 0.00 sec. (3.19 ticks)
Represolve time = 0.01 sec. (9.63 ticks)
    996     0   105534.9270   260    56716.0000      Cuts: 49    27707   85.26%
    996     0   105488.1107   262    56716.0000      Cuts: 88    27792   85.26%
    996     0   105467.4444   164    56716.0000     Cuts: 116    27854   85.26%
    996     0   105423.9375   270    56716.0000      Cuts: 66    27916   85.26%
    996     0   105398.2286   269    56716.0000      Cuts: 47    28018   85.26%
    996     0   105383.5327   283    56716.0000     Cuts: 162    28068   85.26%
    996     0   105369.9414   291    56716.0000     Cuts: 110    28149   85.26%
    996     0   105288.3835   287    56716.0000     Cuts: 123    28211   85.26%
    996     0   105173.9537   277    56716.0000      Cuts: 82    28338   85.26%
    996     0   105101.5016   291    56716.0000      Cuts: 97    28483   85.26%
    996     0   105082.9909   209    56716.0000      Cuts: 37    28549   85.26%
    996     0   105070.7176   306    56716.0000      Cuts: 62    28616   85.26%
    996     0   105060.5654   299    56716.0000      Cuts: 48    28664   85.24%
    996     0   105046.8125   308    56716.0000      Cuts: 48    28724   85.22%
    996     0   105030.4688   320    56716.0000      Cuts: 56    28763   85.19%
    996     0   105012.6236   292    56716.0000      Cuts: 50    28807   85.16%
    996     0   105007.1818   279    56716.0000      Cuts: 37    28836   85.15%
    996     2   105007.1818   263    56716.0000   105006.0486    28836   85.14%
    999     5   104881.4000   147    56716.0000   104984.3947    29129   85.11%
   1004    10   104728.4286   182    56716.0000   104984.3947    29709   85.11%
   1013    17   102696.8488   227    56716.0000   104984.3947    30541   85.11%
   1034    32   103266.4806   157    56716.0000   104758.9016    32388   84.71%
   1259   223    94794.1625   144    56716.0000   104521.5000    45101   84.29%
Elapsed time = 1.88 sec. (4741.83 ticks, tree = 0.39 MB, solutions = 1)
   1477   387    98323.4000   135    56716.0000   104149.2222    60120   83.63%
   1692   551   102507.6341   177    56716.0000   103880.7716    73773   83.16%
   1898   706    97149.1806   192    56716.0000   103738.5322    86813   82.91%
   2126   867   102099.9752   163    56716.0000   103661.4313    99982   82.77%
   2402  1069   101751.2222    76    56716.0000   103554.7523   116244   82.58%
   2598  1206    92323.5721   130    56716.0000   103511.2810   131772   82.51%
   2863  1414   101146.4254   217    56716.0000   103477.6867   145831   82.45%
   3135  1610   100159.5265   164    56716.0000   103446.7110   159945   82.39%
   3402  1806   103334.0658   174    56716.0000   103387.6013   173644   82.29%
   3646  1998    79239.0740    59    56716.0000   103370.3257   187758   82.26%
Elapsed time = 5.42 sec. (14368.88 ticks, tree = 1.54 MB, solutions = 1)
   3877  2153   102350.7030   134    56716.0000   103309.1622   203011   82.15%
   4168  2365   102359.0624   158    56716.0000   103234.1253   219206   82.02%
   4422  2557   101049.3167   153    56716.0000   103208.2904   232799   81.97%
   4778  2837   102400.8095   205    56716.0000   103142.6167   246880   81.86%
   5074  3044    99417.1515   124    56716.0000   103087.1554   261069   81.76%
   5324  3208    97947.9194   188    56716.0000   103038.8822   274764   81.68%
   5606  3415   100235.6562   234    56716.0000   102996.4366   289822   81.60%
   5911  3634    97856.9967   174    56716.0000   102971.1789   307272   81.56%
   6225  3859    99941.9373   187    56716.0000   102914.6840   324229   81.46%
   6506  4074    97314.0650   174    56716.0000   102893.8511   339591   81.42%
Elapsed time = 8.96 sec. (23967.45 ticks, tree = 3.00 MB, solutions = 1)
   6784  4271    98683.2333    81    56716.0000   102863.0000   354516   81.37%
   7071  4456   100777.2613   157    56716.0000   102822.0195   370250   81.29%
   7376  4682    99851.5064   128    56716.0000   102781.8790   384812   81.22%
   7635  4848   101682.6000    95    56716.0000   102758.1549   399228   81.18%
   7956  5095    95536.7765   139    56716.0000   102728.9701   416450   81.13%
   8319  5348    infeasible          56716.0000   102704.5666   433309   81.09%
   8646  5584    95260.5000   125    56716.0000   102676.3168   450387   81.04%
   8935  5795   101719.5231   168    56716.0000   102664.1714   466935   81.01%
   9245  6018   101677.0667    47    56716.0000   102639.5338   482408   80.97%
   9594  6267    93324.8000    60    56716.0000   102600.5525   496276   80.90%
Elapsed time = 12.49 sec. (33567.20 ticks, tree = 4.45 MB, solutions = 1)
   9937  6520    97401.6123    93    56716.0000   102579.2818   511176   80.86%
  10273  6763    71268.9778    41    56716.0000   102553.9428   525059   80.82%
  10661  7071   101754.0912    89    56716.0000   102534.3983   539936   80.79%
  10957  7276    infeasible          56716.0000   102514.8924   553083   80.75%
* 10958+ 7271                        61613.0000   102514.8924            66.39%
* 10958+ 7271                        61697.0000   102514.8924            66.16%
* 10958+ 7270                        61934.0000   102514.8924            65.52%
* 10958+ 7270                        62018.0000   102514.8924            65.30%
* 10958+ 7237                        63660.0000   102514.8924            61.04%
* 10958+ 7232                        63900.0000   102514.8924            60.43%
* 10958+ 7226                        64221.0000   102514.8924            59.63%
  10958  7228   101718.6129    81    64221.0000   102514.5000   553305   59.63%
  11315  7478    93701.6092   211    64221.0000   102482.3333   569734   59.58%
  11688  7768    86799.7667    96    64221.0000   102459.7595   588043   59.54%
  12077  8070    88962.9654    64    64221.0000   102449.1316   604036   59.53%
  12432  8330    76112.3135    71    64221.0000   102436.5923   622409   59.51%
  12807  8622    95204.8583    96    64221.0000   102420.1399   638165   59.48%
Elapsed time = 17.28 sec. (45164.34 ticks, tree = 6.23 MB, solutions = 8)
  13100  8829    92396.5641   134    64221.0000   102403.2330   654091   59.45%
  13418  9071   102032.6181   148    64221.0000   102389.9000   669087   59.43%
  13816  9382    77371.1408    53    64221.0000   102380.5364   682630   59.42%
  14126  9622   100990.8360   145    64221.0000   102373.1136   696649   59.41%
  14460  9890    98427.8038   166    64221.0000   102354.6500   710076   59.38%
  14710 10067    infeasible          64221.0000   102345.0606   723960   59.36%
  15037 10305   101605.9243   186    64221.0000   102333.7894   738824   59.35%
  15376 10551    infeasible          64221.0000   102325.1364   754694   59.33%
  15686 10772    99251.2681   139    64221.0000   102317.5731   770552   59.32%
  15996 10979    80962.0157    84    64221.0000   102304.5278   782231   59.30%
Elapsed time = 20.99 sec. (54760.40 ticks, tree = 7.75 MB, solutions = 8)

GUB cover cuts applied:  11
Clique cuts applied:  6
Cover cuts applied:  62
Implied bound cuts applied:  50
Flow cuts applied:  30
Mixed integer rounding cuts applied:  371
Zero-half cuts applied:  153
Lift and project cuts applied:  19
Gomory fractional cuts applied:  7

Root node processing (before b&c):
  Real time             =    0.10 sec. (202.52 ticks)
Sequential b&c:
  Real time             =   20.90 sec. (54583.44 ticks)
                          ------------
Total (root+branch&cut) =   21.00 sec. (54785.96 ticks)
[CPLEX] Status: time limit exceeded
[CPLEX] OPTIMAL OBJ: 64221.0
[CPLEX] Runtime: 21.004 sec
Vehicle 0: d → 4 → 19 → 26 → 13 → 25 → 15 → 11 → d, (requests = [15])
Vehicle 1: d → 22 → 27 → 3 → 10 → 7 → 17 → 8 → 21 → 14 → 9 → 28 → 4 → 19 → 26 → 13 → 25 → 29 → 15 → 6 → 12 → 20 → 18 → d, (requests = [0, 1, 2, 3, 4, 8, 10, 13, 14])
Vehicle 2: d → 0 → 15 → 29 → d, (requests = [6])
======== PPDSP OBJECTIVE ========
Profit    = 79220
Cost      = 14999
Objective = 64221
=================================
===== RAW XY MODEL =====
148 384 442 492 635 816 846 997 1131 1172 1229 1266 1302 1341 1352 1429 1466 1482 1511 1577 1632 1659 1683 1711 1756 1854 1870 1892 1925 1968 2039 2212 2706 3156 3189 2050 2052 2054 2056 2184 3227 2192 2196 3302 3305 3307
  [Time Manager] Step 14 consumed 21.01s. Total Consumed: 190.00s.
  [Info] Saved 3309 core assumption literals to p1_A-n32-k5_r16v3k2.lp.asm

[15/60] Building & Solving: R=17, V=3, K=2
Default row names c1, c2 ... being created.
  [Info] Generating MIP Formulation...
  [Time Manager] Global Remaining Budget: 3410.00s | Future Weight Sum: 38721.0
  [Time Manager] Recalibrated Budget for this step: 21.40s
[CPLEX] Setting time limit to 21 seconds
[CPLEX] Reading assumption from p1_A-n32-k5_r16v3k2.lp.asm ...
[CPLEX] Applying MIP Start with 3120 variables.
Version identifier: 22.1.1.0 | 2022-11-28 | 9160aff4d
CPXPARAM_Read_DataCheck                          1
CPXPARAM_Threads                                 1
CPXPARAM_TimeLimit                               21
1 of 1 MIP starts provided solutions.
MIP start 'm1' defined initial solution with objective 64221.0000.
Tried aggregator 1 time.
MIP Presolve eliminated 54 rows and 2637 columns.
MIP Presolve modified 1284 coefficients.
Reduced MIP has 1250 rows, 675 columns, and 5211 nonzeros.
Reduced MIP has 489 binaries, 186 generals, 0 SOSs, and 0 indicators.
Presolve time = 0.00 sec. (3.51 ticks)
Probing time = 0.00 sec. (1.02 ticks)
Tried aggregator 1 time.
Detecting symmetries...
Reduced MIP has 1250 rows, 675 columns, and 5211 nonzeros.
Reduced MIP has 489 binaries, 186 generals, 0 SOSs, and 0 indicators.
Presolve time = 0.00 sec. (3.10 ticks)
Probing time = 0.00 sec. (1.06 ticks)
Clique table members: 281.
MIP emphasis: balance optimality and feasibility.
MIP search method: dynamic search.
Parallel mode: none, using 1 thread.
Root relaxation solution time = 0.00 sec. (4.22 ticks)

        Nodes                                         Cuts/
   Node  Left     Objective  IInf  Best Integer    Best Bound    ItCnt     Gap

*     0+    0                        64221.0000   356559.0000           455.21%
      0     0   113923.7407   100    64221.0000   113923.7407      217   77.39%
      0     0   113567.0574   159    64221.0000     Cuts: 145      339   76.84%
      0     0   113449.2071   214    64221.0000      Cuts: 66      428   76.65%
      0     0   113345.3493   205    64221.0000      Cuts: 72      473   76.49%
      0     0   113188.6986   141    64221.0000      Cuts: 43      496   76.25%
      0     0   113157.2917   142    64221.0000      Cuts: 36      520   76.20%
Detecting symmetries...
      0     0   112922.8919   168    64221.0000  ZeroHalf: 26      607   75.83%
      0     0   112831.0000   167    64221.0000      Cuts: 69      626   75.69%
      0     0   112629.4184   190    64221.0000      Cuts: 79      703   75.38%
      0     0   112470.7698   211    64221.0000      Cuts: 55      765   75.13%
      0     0   112401.6296   203    64221.0000      Cuts: 57      818   75.02%
      0     0   112308.6667   174    64221.0000      Cuts: 68      896   74.88%
      0     0   112304.6667   180    64221.0000      Cuts: 67      924   74.87%
      0     0   112304.6667   184    64221.0000      Cuts: 36      935   74.87%
Detecting symmetries...
      0     2   112304.6667   184    64221.0000   112304.2500      935   74.87%
Elapsed time = 0.11 sec. (222.10 ticks, tree = 0.01 MB, solutions = 1)
    103    80   111138.9458   167    64221.0000   111999.7500     4912   74.40%
    244   182    infeasible          64221.0000   111856.5694     9752   74.17%
    450   328   110950.5167   225    64221.0000   111708.1212    15862   73.94%
    620   452   111456.3281   151    64221.0000   111644.4286    21393   73.84%
    831   602   109716.1754   157    64221.0000   111603.2000    26958   73.78%

Performing restart 1

Repeating presolve.
Tried aggregator 1 time.
MIP Presolve modified 12 coefficients.
Reduced MIP has 1250 rows, 675 columns, and 5211 nonzeros.
Reduced MIP has 489 binaries, 186 generals, 0 SOSs, and 0 indicators.
Presolve time = 0.00 sec. (2.71 ticks)
Tried aggregator 1 time.
Reduced MIP has 1250 rows, 675 columns, and 5211 nonzeros.
Reduced MIP has 489 binaries, 186 generals, 0 SOSs, and 0 indicators.
Presolve time = 0.00 sec. (3.23 ticks)
Represolve time = 0.01 sec. (10.70 ticks)
    948     0   112212.7407   211    64221.0000      Cuts: 59    30579   73.75%
    948     0   112170.8918   301    64221.0000     Cuts: 104    30676   73.75%
    948     0   112158.4163   186    64221.0000     Cuts: 111    30784   73.75%
    948     0   112150.0628   220    64221.0000      Cuts: 68    30865   73.75%
    948     0   112141.7726   211    64221.0000      Cuts: 57    30946   73.75%
    948     0   112139.8385   218    64221.0000      Cuts: 71    30993   73.75%
    948     0   112132.7776   261    64221.0000      Cuts: 47    31066   73.75%
    948     2   112132.7776   250    64221.0000   111584.5500    31066   73.75%
    951     5   112127.4170   263    64221.0000   111584.5500    31160   73.75%
    957    11   112001.5000   238    64221.0000   111584.5500    31806   73.75%
    983    36   108587.1256   184    64221.0000   111584.5500    33374   73.75%
   1216   233    90776.6645   114    64221.0000   111584.5500    41799   73.75%
Elapsed time = 1.58 sec. (4291.69 ticks, tree = 1.35 MB, solutions = 1)
   1466   405   108567.5284   184    64221.0000   111583.7500    51649   73.75%
   1723   602   104218.0725   164    64221.0000   111359.9182    63049   73.40%
   1968   789   108550.8732   154    64221.0000   111287.2670    72604   73.29%
   2227   975   110291.6667   115    64221.0000   111147.5885    82757   73.07%
   2460  1140   110571.2161   177    64221.0000   111028.2389    93297   72.88%
   2747  1346   103052.7155   154    64221.0000   110940.9259   102750   72.75%
   3060  1590   105638.4935   146    64221.0000   110870.2899   112443   72.64%
   3374  1825    94823.7855   154    64221.0000   110800.2500   123473   72.53%
   3640  2033   103408.9949   134    64221.0000   110683.5926   133778   72.35%
   3912  2238   109225.8849   185    64221.0000   110628.1979   144137   72.26%
Elapsed time = 5.24 sec. (13891.22 ticks, tree = 14.76 MB, solutions = 1)
   4200  2457    64322.0873    42    64221.0000   110590.8333   154090   72.20%
   4466  2643   110387.2000   147    64221.0000   110558.0000   164309   72.15%
   4742  2845   107858.1667   160    64221.0000   110489.7490   174960   72.05%
   5019  3077    76731.9111    68    64221.0000   110463.7500   185375   72.01%
   5349  3318    infeasible          64221.0000   110432.1667   196019   71.96%
   5699  3590    97962.9606   122    64221.0000   110378.9000   207466   71.87%
   5996  3818   106333.7500   199    64221.0000   110367.1308   219017   71.86%
   6308  4072    94256.5153   130    64221.0000   110331.0110   229257   71.80%
   6637  4327   101431.2500   163    64221.0000   110294.0000   239758   71.74%
   6883  4499   100222.9473   144    64221.0000   110240.8148   249527   71.66%
Elapsed time = 10.92 sec. (23465.31 ticks, tree = 35.49 MB, solutions = 1)
   7158  4715   109953.6667   178    64221.0000   110202.4541   259672   71.60%
   7496  4984        cutoff          64221.0000   110164.7609   270178   71.54%
   7827  5260   109389.8750   208    64221.0000   110138.7778   281689   71.50%
   8180  5548   109161.2500   189    64221.0000   110121.8268   292861   71.47%
   8501  5796   109537.2078   177    64221.0000   110080.3630   304443   71.41%
   8837  6072   106613.2437   143    64221.0000   110060.6940   315191   71.38%
   9140  6294   109415.7641   190    64221.0000   110046.3333   325566   71.36%
   9431  6515   104419.1197    82    64221.0000   110004.4444   335742   71.29%
   9795  6813   108587.3907   189    64221.0000   109980.5833   346283   71.25%
  10101  7059   108429.2012   205    64221.0000   109956.1667   356138   71.22%
Elapsed time = 14.56 sec. (33048.78 ticks, tree = 62.09 MB, solutions = 1)
* 10429+ 7302                        67321.0000   109941.0000            63.31%
* 10429+ 7287                        68283.0000   109941.0000            61.01%
  10429  7289   109516.4545   161    68283.0000   109939.5676   365660   61.01%
* 10430+ 7196                        72303.0000   109939.5676            52.05%
* 10430+ 7194                        72411.0000   109939.5676            51.83%
  10430  7194    infeasible          72411.0000   109939.3410   365660   51.83%
  10818  7495   108452.0000   186    72411.0000   109899.6379   376685   51.77%
  11133  7739   104603.3616   133    72411.0000   109876.4667   387795   51.74%
  11507  8041   107197.7680   141    72411.0000   109845.1256   399741   51.70%
  11848  8308    94344.3569   146    72411.0000   109816.3815   412300   51.66%
  12184  8579   108703.6227   151    72411.0000   109795.8333   423549   51.63%
  12524  8821   104736.4472   152    72411.0000   109759.6169   434558   51.58%
  12902  9116    90194.1719   143    72411.0000   109733.6915   446253   51.54%
  13208  9358   105458.8850   190    72411.0000   109715.2500   456691   51.52%
Elapsed time = 19.21 sec. (44611.55 ticks, tree = 85.84 MB, solutions = 5)
  13581  9659   104599.2563   186    72411.0000   109708.4062   469927   51.51%
  13963  9961   107241.2593   150    72411.0000   109693.6169   485808   51.49%
  14334 10248   107653.8333   210    72411.0000   109670.9563   498714   51.46%
* 14448+10032                        78610.0000   109657.9091            39.50%
  14623 10166   109283.0909   132    78610.0000   109639.3082   513041   39.47%

GUB cover cuts applied:  3
Clique cuts applied:  2
Cover cuts applied:  58
Implied bound cuts applied:  43
Flow cuts applied:  20
Mixed integer rounding cuts applied:  288
Zero-half cuts applied:  106
Lift and project cuts applied:  4
Gomory fractional cuts applied:  15

Root node processing (before b&c):
  Real time             =    0.11 sec. (222.29 ticks)
Sequential b&c:
  Real time             =   20.89 sec. (48984.03 ticks)
                          ------------
Total (root+branch&cut) =   21.00 sec. (49206.32 ticks)
[CPLEX] Status: time limit exceeded
[CPLEX] OPTIMAL OBJ: 78610.0
[CPLEX] Runtime: 21.004 sec
Vehicle 0: d → 4 → 19 → 26 → 13 → 25 → 15 → 11 → d, (requests = [15])
Vehicle 1: d → 22 → 27 → 3 → 10 → 7 → 17 → 8 → 21 → 14 → 9 → 28 → 4 → 19 → 26 → 13 → 25 → 29 → 15 → 6 → 12 → 20 → 18 → d, (requests = [0, 1, 2, 3, 4, 8, 10, 13, 14])
Vehicle 2: d → 16 → 18 → 20 → 12 → 6 → 0 → 15 → 29 → 25 → 13 → 26 → 19 → 4 → 24 → 9 → 14 → d, (requests = [6, 11, 12, 16])
======== PPDSP OBJECTIVE ========
Profit    = 99166
Cost      = 20556
Objective = 78610
=================================
===== RAW XY MODEL =====
148 384 442 492 635 816 846 997 1131 1172 1229 1266 1302 1341 1352 1429 1466 1482 1511 1577 1632 1659 1683 1711 1756 1854 1870 1892 1925 1968 2039 2212 2349 2389 2499 2587 2639 2676 2706 2727 2793 2809 2849 2974 3010 3048 3150 3205 2050 2052 2054 2056 2184 3227 2192 2196 3297 3300 3302 3305 3307 3312
  [Time Manager] Step 15 consumed 21.01s. Total Consumed: 211.00s.
  [Info] Saved 3312 core assumption literals to p1_A-n32-k5_r17v3k2.lp.asm

[16/60] Building & Solving: R=18, V=3, K=2
Default row names c1, c2 ... being created.
  [Info] Generating MIP Formulation...
  [Time Manager] Global Remaining Budget: 3389.00s | Future Weight Sum: 38478.0
  [Time Manager] Recalibrated Budget for this step: 21.67s
[CPLEX] Setting time limit to 21 seconds
[CPLEX] Reading assumption from p1_A-n32-k5_r17v3k2.lp.asm ...
[CPLEX] Applying MIP Start with 3123 variables.
Version identifier: 22.1.1.0 | 2022-11-28 | 9160aff4d
CPXPARAM_Read_DataCheck                          1
CPXPARAM_Threads                                 1
CPXPARAM_TimeLimit                               21
1 of 1 MIP starts provided solutions.
MIP start 'm1' defined initial solution with objective 83945.0000.
Tried aggregator 1 time.
MIP Presolve eliminated 54 rows and 2637 columns.
MIP Presolve modified 1284 coefficients.
Reduced MIP has 1260 rows, 678 columns, and 5286 nonzeros.
Reduced MIP has 492 binaries, 186 generals, 0 SOSs, and 0 indicators.
Presolve time = 0.00 sec. (3.55 ticks)
Probing time = 0.00 sec. (1.04 ticks)
Tried aggregator 1 time.
Detecting symmetries...
Reduced MIP has 1260 rows, 678 columns, and 5286 nonzeros.
Reduced MIP has 492 binaries, 186 generals, 0 SOSs, and 0 indicators.
Presolve time = 0.00 sec. (3.14 ticks)
Probing time = 0.00 sec. (1.08 ticks)
Clique table members: 285.
MIP emphasis: balance optimality and feasibility.
MIP search method: dynamic search.
Parallel mode: none, using 1 thread.
Root relaxation solution time = 0.00 sec. (4.90 ticks)

        Nodes                                         Cuts/
   Node  Left     Objective  IInf  Best Integer    Best Bound    ItCnt     Gap

*     0+    0                        83945.0000   372564.0000           343.82%
      0     0   119258.0667   102    83945.0000   119258.0667      230   42.07%
      0     0   118878.2042   149    83945.0000     Cuts: 153      355   41.61%
      0     0   118672.7304   193    83945.0000      Cuts: 53      445   41.37%
      0     0   118564.9516   226    83945.0000      Cuts: 81      528   41.24%
      0     0   118454.0018   235    83945.0000      Cuts: 45      594   41.11%
      0     0   118294.2973   154    83945.0000      Cuts: 48      639   40.92%
Detecting symmetries...
      0     0   118278.2500   146    83945.0000      Cuts: 56      650   40.90%
      0     0   118216.7281   170    83945.0000  ZeroHalf: 65      698   40.83%
      0     0   118140.6071   171    83945.0000      Cuts: 53      747   40.74%
      0     0   117908.5313   187    83945.0000      Cuts: 84      829   40.46%
      0     0   117749.4615   209    83945.0000      Cuts: 77      945   40.27%
      0     0   117721.9800   206    83945.0000      Cuts: 73     1030   40.24%
      0     0   117702.8729   272    83945.0000      Cuts: 68     1078   40.21%
      0     0   117637.4000   176    83945.0000      Cuts: 21     1168   40.14%
      0     0   117628.3594   198    83945.0000      Cuts: 47     1214   40.13%
      0     0   117600.4286   199    83945.0000      Cuts: 46     1248   40.09%
      0     0   117588.6667   189    83945.0000      Cuts: 44     1279   40.08%
Detecting symmetries...
      0     2   117588.6667   182    83945.0000   117587.0000     1279   40.08%
Elapsed time = 0.14 sec. (269.04 ticks, tree = 0.01 MB, solutions = 1)
     97    71   117432.9500   177    83945.0000   117442.1452     5271   39.90%
    287   205   116871.9867   173    83945.0000   117420.9742    11053   39.88%
    427   317   115988.6444   186    83945.0000   117220.6667    17129   39.64%
    615   481   109230.8708    55    83945.0000   117121.7930    22780   39.52%
    765   596   116782.3587   122    83945.0000   117056.1970    27631   39.44%
    920   703   116868.1935   161    83945.0000   117016.6159    33324   39.40%

Performing restart 1

Repeating presolve.
Tried aggregator 1 time.
MIP Presolve modified 24 coefficients.
Reduced MIP has 1260 rows, 678 columns, and 5286 nonzeros.
Reduced MIP has 492 binaries, 186 generals, 0 SOSs, and 0 indicators.
Presolve time = 0.00 sec. (2.81 ticks)
Tried aggregator 1 time.
Reduced MIP has 1260 rows, 678 columns, and 5286 nonzeros.
Reduced MIP has 492 binaries, 186 generals, 0 SOSs, and 0 indicators.
Presolve time = 0.00 sec. (3.27 ticks)
Represolve time = 0.01 sec. (11.07 ticks)
    974     0   117513.8333   189    83945.0000      Cuts: 50    35568   39.40%
    974     0   117506.1667   193    83945.0000     Cuts: 114    35617   39.40%
    974     0   117499.0000   204    83945.0000      Cuts: 56    35644   39.40%
    974     0   117493.8110   202    83945.0000      Cuts: 73    35677   39.40%
    974     0   117490.2836   203    83945.0000      Cuts: 61    35722   39.40%
    974     2   117490.2836   182    83945.0000   117016.2016    35722   39.40%
    977     4   116713.8814   240    83945.0000   117016.2016    36138   39.40%
    982     7   116668.8684   210    83945.0000   117016.2016    36754   39.40%
   1190   163   116141.0454   159    83945.0000   117016.2016    46667   39.40%
Elapsed time = 1.54 sec. (3999.70 ticks, tree = 0.16 MB, solutions = 1)
   1376   288   116489.6465   184    83945.0000   116946.1844    59899   39.31%
   1628   465   114759.8527   121    83945.0000   116842.2400    75281   39.19%
   1924   671   113971.6668   123    83945.0000   116713.0069    90812   39.04%
   2185   864    infeasible          83945.0000   116632.4353   105153   38.94%
   2438  1064   115636.9373   103    83945.0000   116570.2787   120069   38.87%
   2742  1287   115821.2505   117    83945.0000   116422.2500   135585   38.69%
   3083  1535   115621.2026   188    83945.0000   116376.2000   150943   38.63%
   3392  1765    infeasible          83945.0000   116301.8384   166800   38.55%
   3602  1904   114089.0833   192    83945.0000   116156.1653   181637   38.37%
   3856  2098   101006.4482   102    83945.0000   116100.6667   196005   38.31%
Elapsed time = 5.18 sec. (13651.17 ticks, tree = 1.46 MB, solutions = 1)
   4121  2299   114540.0000   160    83945.0000   116007.9000   211258   38.20%
   4394  2486   113119.2426   135    83945.0000   115900.2000   225167   38.07%
   4726  2728   115485.5333   198    83945.0000   115838.7460   241294   37.99%
   5057  2959   114637.3099   145    83945.0000   115794.3200   259588   37.94%
   5336  3154   114986.8533   116    83945.0000   115746.5259   275163   37.88%
   5653  3392   114332.5964   156    83945.0000   115715.9304   290293   37.85%
   5942  3615   114430.1065   214    83945.0000   115670.4500   305290   37.79%
   6183  3790   106189.2000   170    83945.0000   115625.1421   320399   37.74%
   6502  4009    infeasible          83945.0000   115551.4108   336802   37.65%
   6816  4245   114065.5081   153    83945.0000   115522.4263   354960   37.62%
Elapsed time = 8.80 sec. (23298.78 ticks, tree = 2.86 MB, solutions = 1)
   7140  4491   104624.5669   129    83945.0000   115491.2333   371780   37.58%
   7469  4726   107073.7706    92    83945.0000   115430.3727   390019   37.51%
   7764  4942   110188.3395   139    83945.0000   115389.3967   406042   37.46%
   8084  5194   108034.5819   206    83945.0000   115364.9412   421962   37.43%
   8455  5481   114966.5920   168    83945.0000   115310.8158   436546   37.36%
   8788  5707    99842.3290   111    83945.0000   115257.4950   451642   37.30%
   9132  5942   112376.0069   202    83945.0000   115212.6250   469820   37.25%
   9507  6204   107541.3933   121    83945.0000   115162.2098   486955   37.19%
   9822  6432   113695.1236   160    83945.0000   115138.4733   503229   37.16%
  10152  6676   113736.2225   257    83945.0000   115105.2927   519947   37.12%
Elapsed time = 12.37 sec. (32901.54 ticks, tree = 4.31 MB, solutions = 1)
  10539  6985   114155.9629   138    83945.0000   115069.1777   538379   37.08%
  10716  7129   113640.7500   158    83945.0000   115054.8385   547015   37.06%
  11121  7432   112982.8992   135    83945.0000   115008.9989   563648   37.01%
  11456  7668    infeasible          83945.0000   114984.6200   579501   36.98%
  11812  7952   110917.9837   133    83945.0000   114964.7250   595411   36.95%
  12114  8150   112489.8118   131    83945.0000   114929.1888   610210   36.91%
  12465  8410   111941.3033   176    83945.0000   114901.9000   625103   36.88%
  12799  8654   103470.6520   147    83945.0000   114869.5428   639673   36.84%
  13148  8893   113710.2453   199    83945.0000   114818.0050   656709   36.78%
  13482  9140   109674.7611   148    83945.0000   114784.0641   674028   36.74%
Elapsed time = 17.67 sec. (46213.74 ticks, tree = 6.15 MB, solutions = 1)
  13767  9330   112528.0000   130    83945.0000   114756.1403   689768   36.70%
  14057  9528   113892.5506   213    83945.0000   114719.4463   707167   36.66%
  14344  9735   112501.5229   209    83945.0000   114698.0200   723916   36.63%
  14691  9984   112361.3746   203    83945.0000   114662.4043   739962   36.59%
  15119 10299   114484.9333   138    83945.0000   114644.5343   756409   36.57%
  15442 10537   113906.4583   191    83945.0000   114626.6434   771932   36.55%
  15708 10719   107510.4894   110    83945.0000   114613.0667   786976   36.53%
  16062 10990   113571.8889   206    83945.0000   114584.1915   802842   36.50%

GUB cover cuts applied:  3
Clique cuts applied:  6
Cover cuts applied:  46
Implied bound cuts applied:  32
Flow cuts applied:  8
Mixed integer rounding cuts applied:  281
Zero-half cuts applied:  114
Lift and project cuts applied:  11
Gomory fractional cuts applied:  7

Root node processing (before b&c):
  Real time             =    0.14 sec. (269.09 ticks)
Sequential b&c:
  Real time             =   20.86 sec. (54568.78 ticks)
                          ------------
Total (root+branch&cut) =   21.00 sec. (54837.87 ticks)
[CPLEX] Status: time limit exceeded
[CPLEX] OPTIMAL OBJ: 83945.0
[CPLEX] Runtime: 21.004 sec
Vehicle 0: d → 4 → 19 → 26 → 13 → 25 → 15 → 11 → d, (requests = [15])
Vehicle 1: d → 22 → 27 → 3 → 10 → 7 → 17 → 8 → 21 → 14 → 9 → 28 → 4 → 19 → 26 → 13 → 25 → 29 → 15 → 6 → 12 → 20 → 18 → d, (requests = [0, 1, 2, 3, 4, 8, 10, 13, 14, 17])
Vehicle 2: d → 16 → 18 → 20 → 12 → 6 → 0 → 15 → 29 → 25 → 13 → 26 → 19 → 4 → 24 → 9 → 14 → d, (requests = [6, 11, 12, 16])
======== PPDSP OBJECTIVE ========
Profit    = 104501
Cost      = 20556
Objective = 83945
=================================
===== RAW XY MODEL =====
148 384 442 492 635 816 846 997 1131 1172 1229 1266 1302 1341 1352 1429 1466 1482 1511 1577 1632 1659 1683 1711 1756 1854 1870 1892 1925 1968 2039 2212 2349 2389 2499 2587 2639 2676 2706 2727 2793 2809 2849 2974 3010 3048 3150 3205 2050 2052 2054 2056 2184 3227 2192 2196 3297 3300 3302 3305 3307 3312 3314
  [Time Manager] Step 16 consumed 21.01s. Total Consumed: 232.01s.
  [Info] Saved 3315 core assumption literals to p1_A-n32-k5_r18v3k2.lp.asm

[17/60] Building & Solving: R=18, V=4, K=2
Default row names c1, c2 ... being created.
  [Info] Generating MIP Formulation...
  [Time Manager] Global Remaining Budget: 3367.99s | Future Weight Sum: 38232.0
  [Time Manager] Recalibrated Budget for this step: 28.89s
[CPLEX] Setting time limit to 28 seconds
[CPLEX] Reading assumption from p1_A-n32-k5_r18v3k2.lp.asm ...
[CPLEX] Applying MIP Start with 3126 variables.
Version identifier: 22.1.1.0 | 2022-11-28 | 9160aff4d
CPXPARAM_Read_DataCheck                          1
CPXPARAM_Threads                                 1
CPXPARAM_TimeLimit                               28
1 of 1 MIP starts provided solutions.
MIP start 'm1' defined initial solution with objective 83945.0000.
Tried aggregator 1 time.
MIP Presolve eliminated 72 rows and 3516 columns.
MIP Presolve modified 1712 coefficients.
Reduced MIP has 1674 rows, 904 columns, and 7048 nonzeros.
Reduced MIP has 656 binaries, 248 generals, 0 SOSs, and 0 indicators.
Presolve time = 0.00 sec. (4.72 ticks)
Probing time = 0.00 sec. (1.41 ticks)
Tried aggregator 1 time.
Detecting symmetries...
Reduced MIP has 1674 rows, 904 columns, and 7048 nonzeros.
Reduced MIP has 656 binaries, 248 generals, 0 SOSs, and 0 indicators.
Presolve time = 0.00 sec. (4.54 ticks)
Probing time = 0.00 sec. (1.46 ticks)
Clique table members: 374.
MIP emphasis: balance optimality and feasibility.
MIP search method: dynamic search.
Parallel mode: none, using 1 thread.
Root relaxation solution time = 0.00 sec. (7.10 ticks)

        Nodes                                         Cuts/
   Node  Left     Objective  IInf  Best Integer    Best Bound    ItCnt     Gap

*     0+    0                        83945.0000   496752.0000           491.76%
      0     0   119258.0667   102    83945.0000   119258.0667      311   42.07%
      0     0   119003.8077   141    83945.0000     Cuts: 155      423   41.76%
      0     0   118576.7500   116    83945.0000      Cuts: 70      560   41.26%
      0     0   118302.0000   113    83945.0000      Cuts: 83      615   40.93%
      0     0   118302.0000   136    83945.0000      Cuts: 99      646   40.93%
      0     0   118302.0000   136    83945.0000      Cuts: 70      647   40.93%
      0     2   118302.0000   136    83945.0000   118302.0000      647   40.93%
Elapsed time = 0.11 sec. (267.25 ticks, tree = 0.01 MB, solutions = 1)
     98    78   115939.3812    60    83945.0000   118100.1000     4487   40.69%
    245   176   117690.7274   189    83945.0000   117967.9855     9180   40.53%
    434   299   108768.1087   179    83945.0000   117930.0442    13879   40.48%
    614   447   117742.3745   144    83945.0000   117868.4159    18979   40.41%
    778   569   113761.6178   120    83945.0000   117830.5760    23998   40.37%
    953   697   117438.6729   154    83945.0000   117768.8849    28887   40.29%

Performing restart 1

Repeating presolve.
Tried aggregator 1 time.
MIP Presolve modified 32 coefficients.
Reduced MIP has 1674 rows, 904 columns, and 7048 nonzeros.
Reduced MIP has 656 binaries, 248 generals, 0 SOSs, and 0 indicators.
Presolve time = 0.00 sec. (3.73 ticks)
Tried aggregator 1 time.
Reduced MIP has 1674 rows, 904 columns, and 7048 nonzeros.
Reduced MIP has 656 binaries, 248 generals, 0 SOSs, and 0 indicators.
Presolve time = 0.00 sec. (4.71 ticks)
Represolve time = 0.01 sec. (12.84 ticks)
   1014     0   118294.8333   158    83945.0000      Cuts: 54    31137   40.28%
   1014     0   118197.4500   181    83945.0000     Cuts: 128    31255   40.28%
   1014     0   118089.6800   174    83945.0000      Cuts: 98    31338   40.28%
   1014     0   118059.7757   191    83945.0000      Cuts: 54    31414   40.28%
   1014     0   117967.2500   164    83945.0000      Cuts: 72    31538   40.28%
   1014     0   117923.5000   166    83945.0000      Cuts: 74    31620   40.28%
   1014     0   117867.1262   263    83945.0000      Cuts: 64    31774   40.28%
   1014     0   117861.7357   265    83945.0000      Cuts: 90    31826   40.28%
   1014     0   117838.6667   272    83945.0000      Cuts: 24    31884   40.28%
   1014     0   117823.8560   237    83945.0000     Cuts: 129    31953   40.28%
   1014     0   117791.1183   267    83945.0000      Cuts: 36    32020   40.28%
   1014     0   117774.4152   198    83945.0000      Cuts: 76    32078   40.28%
   1014     0   117745.2829   249    83945.0000     Cuts: 104    32168   40.26%
   1014     0   117730.5692   238    83945.0000      Cuts: 88    32215   40.25%
   1014     0   117727.1038   275    83945.0000      Cuts: 63    32257   40.24%
   1014     2   117727.1038   266    83945.0000   117726.9453    32257   40.24%
   1016     4   117715.2814   232    83945.0000   117710.9205    32332   40.22%
   1020     8   117611.5026   164    83945.0000   117710.9205    32652   40.22%
   1083    61   114007.4728   199    83945.0000   117674.7869    38986   40.18%
Elapsed time = 3.82 sec. (4712.81 ticks, tree = 0.21 MB, solutions = 1)
   1199   161   114691.4425   107    83945.0000   117610.0586    48012   40.10%
   1440   371    93183.8775   107    83945.0000   117397.7857    59414   39.85%
   1591   485   113715.1311   127    83945.0000   117147.4939    72163   39.55%
   1813   668   112565.5164   191    83945.0000   117132.6548    87401   39.53%
   2046   849    98157.1778   160    83945.0000   117051.2280   101469   39.44%
   2234   996   116236.1364   218    83945.0000   116940.8879   113778   39.31%
   2435  1159   116551.7103   252    83945.0000   116846.8123   126534   39.19%
   2613  1297   112839.4167   174    83945.0000   116649.7439   140226   38.96%
   2830  1480   109083.9400   157    83945.0000   116564.2797   154142   38.86%
   3007  1611  -1.00000e+75   171    83945.0000   116473.0000   167427   38.75%
Elapsed time = 7.40 sec. (14382.97 ticks, tree = 1.42 MB, solutions = 1)
   3185  1740   108307.3727   144    83945.0000   116395.0000   179974   38.66%
   3370  1880   115171.4281   158    83945.0000   116350.5417   192513   38.60%
   3529  1992   114490.6283   267    83945.0000   116268.6107   206398   38.51%
   3734  2156   110602.3889   238    83945.0000   116231.0004   219541   38.46%
   3974  2363   112113.7881   167    83945.0000   116215.3556   232929   38.44%
   4159  2504   114730.7796   210    83945.0000   116155.0423   246819   38.37%
   4341  2654   112542.4708   211    83945.0000   116119.1667   260422   38.33%
   4619  2886   115762.0525   180    83945.0000   116099.8725   272749   38.30%
   4866  3101    infeasible          83945.0000   116081.8940   286094   38.28%
   5119  3313    97378.4645    61    83945.0000   116064.8099   298713   38.26%
Elapsed time = 10.96 sec. (24023.80 ticks, tree = 2.78 MB, solutions = 1)
   5378  3538   106668.5598    92    83945.0000   116022.7917   311474   38.21%
   5601  3708   113928.0833   191    83945.0000   115981.3889   325372   38.16%
   5821  3883   103222.5844   124    83945.0000   115945.9828   338057   38.12%
   6059  4086   101646.7845   165    83945.0000   115922.0821   353197   38.09%
   6226  4211   110412.8750   123    83945.0000   115908.4992   365812   38.08%
   6425  4376   111523.8333   205    83945.0000   115888.0000   379232   38.05%
   6647  4545    99919.6825   123    83945.0000   115859.8125   392750   38.02%
   6874  4722   115617.9231   229    83945.0000   115824.8750   405890   37.98%
   7061  4868    infeasible          83945.0000   115790.8623   418765   37.94%
   7277  5042   110598.7601   249    83945.0000   115772.5111   431334   37.91%
Elapsed time = 14.52 sec. (33669.74 ticks, tree = 4.34 MB, solutions = 1)
   7461  5187   110794.2203   141    83945.0000   115740.8699   444207   37.88%
   7695  5363   104198.6019    80    83945.0000   115711.2320   458108   37.84%
   7988  5609   110333.2399   161    83945.0000   115687.0385   471415   37.81%
   8244  5828   109916.5000    87    83945.0000   115659.7881   486972   37.78%
   8504  6031   111601.6667   183    83945.0000   115649.6667   501852   37.77%
   8719  6197   112618.8160   188    83945.0000   115609.7321   516103   37.72%
   8953  6380   113094.3180   197    83945.0000   115593.5903   531283   37.70%
   9159  6543   113967.9193   214    83945.0000   115580.0568   545013   37.69%
   9363  6714   109935.6227   192    83945.0000   115565.7071   558372   37.67%
   9560  6864   112234.7500   198    83945.0000   115559.2496   571311   37.66%
Elapsed time = 18.05 sec. (43253.87 ticks, tree = 5.78 MB, solutions = 1)
   9786  7063    98411.3726    93    83945.0000   115547.3750   584591   37.65%
  10011  7247   108259.4285   154    83945.0000   115532.7680   597965   37.63%
  10217  7417   114711.2500   141    83945.0000   115529.0168   610811   37.62%
  10444  7605   109234.5349   111    83945.0000   115510.2894   624689   37.60%
  10687  7791   111500.8539   192    83945.0000   115458.2660   638018   37.54%
  10888  7945   105640.8879   179    83945.0000   115440.0654   651312   37.52%
  11091  8087   113442.5816   193    83945.0000   115411.4828   665984   37.48%
  11156  8146   115126.2337   276    83945.0000   115408.8588   671423   37.48%
  11414  8351   114413.1728   195    83945.0000   115396.0000   684726   37.47%
  11661  8571    97933.7059   161    83945.0000   115376.5194   699679   37.44%
Elapsed time = 22.89 sec. (55609.20 ticks, tree = 7.40 MB, solutions = 1)
  11834  8693   109466.4697   240    83945.0000   115362.5388   713116   37.43%
  12040  8855   112953.6920    97    83945.0000   115349.9108   727487   37.41%
  12264  9019   112493.0400   128    83945.0000   115338.2677   742234   37.40%
  12453  9167    infeasible          83945.0000   115334.0088   755806   37.39%
  12655  9322    infeasible          83945.0000   115319.8567   770083   37.38%
  12883  9507    infeasible          83945.0000   115315.5161   784373   37.37%
  13125  9700    99520.2534    79    83945.0000   115304.4658   797693   37.36%
  13374  9898   111058.6901   138    83945.0000   115297.7005   811229   37.35%
  13524 10002   114783.7666   197    83945.0000   115287.5386   823489   37.34%
  13782 10208   114268.7471   124    83945.0000   115271.8865   837513   37.32%
Elapsed time = 26.47 sec. (65261.46 ticks, tree = 9.02 MB, solutions = 1)
  13924 10309   113357.3790   228    83945.0000   115256.9871   849986   37.30%
  14102 10440   109280.8333   163    83945.0000   115242.4823   863148   37.28%
  14270 10561   112303.8798   156    83945.0000   115231.9017   875490   37.27%
  14428 10661   114541.7500   281    83945.0000   115209.5000   886477   37.24%

GUB cover cuts applied:  6
Clique cuts applied:  15
Cover cuts applied:  63
Implied bound cuts applied:  76
Flow cuts applied:  14
Mixed integer rounding cuts applied:  380
Zero-half cuts applied:  163
Lift and project cuts applied:  1
Gomory fractional cuts applied:  10

Root node processing (before b&c):
  Real time             =    0.11 sec. (267.33 ticks)
Sequential b&c:
  Real time             =   27.89 sec. (69022.72 ticks)
                          ------------
Total (root+branch&cut) =   28.00 sec. (69290.05 ticks)
[CPLEX] Status: time limit exceeded
[CPLEX] OPTIMAL OBJ: 83945.0
[CPLEX] Runtime: 28.004 sec
Vehicle 0: d → 4 → 19 → 26 → 13 → 25 → 15 → 11 → d, (requests = [15])
Vehicle 1: d → 22 → 27 → 3 → 10 → 7 → 17 → 8 → 21 → 14 → 9 → 28 → 4 → 19 → 26 → 13 → 25 → 29 → 15 → 6 → 12 → 20 → 18 → d, (requests = [0, 1, 2, 3, 4, 8, 10, 13, 14, 17])
Vehicle 2: d → 16 → 18 → 20 → 12 → 6 → 0 → 15 → 29 → 25 → 13 → 26 → 19 → 4 → 24 → 9 → 14 → d, (requests = [6, 11, 12, 16])
Vehicle 3: d, (requests = [])
======== PPDSP OBJECTIVE ========
Profit    = 104501
Cost      = 20556
Objective = 83945
=================================
===== RAW XY MODEL =====
148 384 442 492 635 816 846 997 1131 1172 1229 1266 1302 1341 1352 1429 1466 1482 1511 1577 1632 1659 1683 1711 1756 1854 1870 1892 1925 1968 2039 2212 2349 2389 2499 2587 2639 2676 2706 2727 2793 2809 2849 2974 3010 3048 3150 3205 2050 2052 2054 2056 2184 3227 2192 2196 3297 3300 3302 3305 3307 3312 3314
  [Time Manager] Step 17 consumed 28.01s. Total Consumed: 260.01s.
  [Info] Saved 4357 core assumption literals to p1_A-n32-k5_r18v4k2.lp.asm

[18/60] Building & Solving: R=19, V=4, K=2
Default row names c1, c2 ... being created.
  [Info] Generating MIP Formulation...
  [Time Manager] Global Remaining Budget: 3339.99s | Future Weight Sum: 37904.0
  [Time Manager] Recalibrated Budget for this step: 29.25s
[CPLEX] Setting time limit to 29 seconds
[CPLEX] Reading assumption from p1_A-n32-k5_r18v4k2.lp.asm ...
[CPLEX] Applying MIP Start with 4168 variables.
Version identifier: 22.1.1.0 | 2022-11-28 | 9160aff4d
CPXPARAM_Read_DataCheck                          1
CPXPARAM_Threads                                 1
CPXPARAM_TimeLimit                               29
1 of 1 MIP starts provided solutions.
MIP start 'm1' defined initial solution with objective 83945.0000.
Tried aggregator 1 time.
MIP Presolve eliminated 68 rows and 3516 columns.
MIP Presolve modified 1728 coefficients.
Reduced MIP has 1691 rows, 908 columns, and 7144 nonzeros.
Reduced MIP has 660 binaries, 248 generals, 0 SOSs, and 0 indicators.
Presolve time = 0.00 sec. (4.80 ticks)
Probing time = 0.00 sec. (1.44 ticks)
Tried aggregator 1 time.
Detecting symmetries...
Reduced MIP has 1691 rows, 908 columns, and 7144 nonzeros.
Reduced MIP has 660 binaries, 248 generals, 0 SOSs, and 0 indicators.
Presolve time = 0.00 sec. (4.60 ticks)
Probing time = 0.00 sec. (1.49 ticks)
Clique table members: 379.
MIP emphasis: balance optimality and feasibility.
MIP search method: dynamic search.
Parallel mode: none, using 1 thread.
Root relaxation solution time = 0.00 sec. (7.26 ticks)

        Nodes                                         Cuts/
   Node  Left     Objective  IInf  Best Integer    Best Bound    ItCnt     Gap

*     0+    0                        83945.0000   518872.0000           518.11%
      0     0   124276.7133   119    83945.0000   124276.7133      322   48.05%
      0     0   123779.0625   170    83945.0000     Cuts: 175      475   47.45%
      0     0   123628.8293   227    83945.0000      Cuts: 67      573   47.27%
      0     0   123577.4538   235    83945.0000      Cuts: 83      633   47.21%
      0     0   123483.2444   212    83945.0000      Cuts: 53      718   47.10%
      0     0   123422.3269   237    83945.0000      Cuts: 49      799   47.03%
      0     0   123393.8700   276    83945.0000      Cuts: 48      848   46.99%
      0     0   123335.8377   231    83945.0000      Cuts: 52      916   46.92%
      0     0   123242.5833   226    83945.0000      Cuts: 46      969   46.81%
      0     0   123237.4890   323    83945.0000      Cuts: 17      992   46.81%
      0     0   123230.5500   315    83945.0000      Cuts: 26     1010   46.80%
      0     2   123230.5500   315    83945.0000   123224.7500     1010   46.79%
Elapsed time = 0.13 sec. (247.98 ticks, tree = 0.01 MB, solutions = 1)
     80    74   121509.4961   139    83945.0000   123168.7529     4880   46.73%
    239   184   121938.7945   173    83945.0000   123096.9167     9252   46.64%
    417   304    infeasible          83945.0000   123043.6199    13597   46.58%
    615   426   119308.3537   113    83945.0000   122979.5858    18363   46.50%
    752   539   122360.8834   168    83945.0000   122925.8700    22910   46.44%
    932   663   108225.6877   118    83945.0000   122902.4265    27735   46.41%

Performing restart 1

Repeating presolve.
Tried aggregator 1 time.
MIP Presolve modified 32 coefficients.
Reduced MIP has 1691 rows, 908 columns, and 7144 nonzeros.
Reduced MIP has 660 binaries, 248 generals, 0 SOSs, and 0 indicators.
Presolve time = 0.00 sec. (3.77 ticks)
Tried aggregator 1 time.
Reduced MIP has 1691 rows, 908 columns, and 7144 nonzeros.
Reduced MIP has 660 binaries, 248 generals, 0 SOSs, and 0 indicators.
Presolve time = 0.00 sec. (4.77 ticks)
Represolve time = 0.01 sec. (13.41 ticks)
    976     0   123202.0000   148    83945.0000      Cuts: 66    29228   46.39%
    976     0   123202.0000   151    83945.0000      Cuts: 85    29243   46.39%
    976     0   123202.0000   152    83945.0000      Cuts: 80    29254   46.39%
    976     0   123202.0000   147    83945.0000      Cuts: 69    29255   46.39%
    976     0   123181.3226   285    83945.0000  ZeroHalf: 42    29342   46.39%
    976     0   123092.2000   213    83945.0000     Cuts: 105    29372   46.39%
    976     0   123023.1908   273    83945.0000      Cuts: 87    29475   46.39%
    976     0   123000.9485   317    83945.0000      Cuts: 64    29549   46.39%
    976     0   122958.3997   322    83945.0000      Cuts: 69    29663   46.39%
    976     0   122921.6627   321    83945.0000      Cuts: 32    29725   46.39%
    976     0   122904.5842   356    83945.0000      Cuts: 32    29763   46.39%
    976     0   122877.1789   341    83945.0000      Cuts: 27    29803   46.38%
    976     0   122864.7048   297    83945.0000      Cuts: 66    29852   46.36%
    976     0   122804.0640   366    83945.0000      Cuts: 36    29910   46.29%
    976     0   122781.9082   341    83945.0000      Cuts: 54    29958   46.26%
    976     0   122734.8003   382    83945.0000      Cuts: 44    30034   46.21%
    976     0   122706.2348   362    83945.0000     Cuts: 130    30053   46.17%
    976     0   122638.1296   169    83945.0000      Cuts: 59    30083   46.09%
    976     0   122612.5933   283    83945.0000      Cuts: 48    30128   46.06%
    976     0   122599.7963   160    83945.0000      Cuts: 61    30156   46.05%
    976     0   122537.6667   152    83945.0000      Cuts: 65    30192   45.97%
    976     0   122477.4500   258    83945.0000      Cuts: 35    30254   45.90%
    976     0   122439.9792   275    83945.0000      Cuts: 79    30304   45.86%
    976     0   122432.9583   181    83945.0000      Cuts: 45    30341   45.85%
    976     0   122340.5898   210    83945.0000      Cuts: 74    30516   45.74%
    976     0   122162.9745   392    83945.0000      Cuts: 89    30684   45.53%
    976     0   122150.6903   417    83945.0000     Cuts: 132    30752   45.51%
    976     2   122150.6903   400    83945.0000   122149.9271    30752   45.51%
    978     4   122101.4724   395    83945.0000   122101.2307    30910   45.45%
    980     6   122021.4627   377    83945.0000   122019.6734    31038   45.36%
   1015    37   117606.5706   201    83945.0000   121979.9545    34651   45.31%
Elapsed time = 2.23 sec. (5420.17 ticks, tree = 0.18 MB, solutions = 1)
   1141   141   119184.0680   242    83945.0000   121801.0488    43432   45.10%
   1310   282   114678.3571   148    83945.0000   121762.9864    54545   45.05%
   1491   433   119545.1527   316    83945.0000   121658.2306    68116   44.93%
   1677   579   120189.1889   196    83945.0000   121537.4167    81803   44.78%
   1895   767   120074.0109   231    83945.0000   121400.4244    94992   44.62%
   2018   869   116804.6458   177    83945.0000   121369.0933   106392   44.58%
   2151   959   115413.4831   225    83945.0000   121333.0347   118004   44.54%
   2252  1026   119892.0479   303    83945.0000   121306.0000   128958   44.51%
   2393  1139   120181.5965   170    83945.0000   121292.7745   140616   44.49%
   2545  1262   119289.3200   241    83945.0000   121253.4221   152394   44.44%
Elapsed time = 5.82 sec. (15104.61 ticks, tree = 1.34 MB, solutions = 1)
   2728  1406   119050.5728   146    83945.0000   121120.1932   160243   44.29%
   2856  1500   120365.0233   221    83945.0000   121069.5167   169182   44.22%
   2989  1599   110479.9689   168    83945.0000   121034.7518   180288   44.18%
   3155  1727   119054.4692   221    83945.0000   121018.4025   193963   44.16%
   3388  1922   114001.9147   156    83945.0000   120988.2656   207591   44.13%
   3569  2076   113281.6970   131    83945.0000   120976.8393   219666   44.11%
   3714  2187   116374.0956   167    83945.0000   120945.6384   231648   44.08%
   3856  2307   114210.3164   167    83945.0000   120915.3878   243004   44.04%
   4008  2430   116004.9361   185    83945.0000   120897.1410   254454   44.02%
   4136  2511   120218.3980   134    83945.0000   120849.6796   266196   43.96%
Elapsed time = 11.53 sec. (24709.46 ticks, tree = 4.97 MB, solutions = 1)
   4341  2676   114788.2153   192    83945.0000   120782.2867   279409   43.88%
   4463  2766   119310.9154   160    83945.0000   120776.4722   290494   43.88%
   4567  2850   117981.8122   210    83945.0000   120765.7471   301395   43.86%
   4738  2972   119152.6667   179    83945.0000   120748.1133   315574   43.84%
   4880  3074    infeasible          83945.0000   120740.0350   329876   43.83%
   5043  3204   119605.0000   161    83945.0000   120710.2476   341299   43.80%
   5167  3284   107924.8865   147    83945.0000   120699.2778   353194   43.78%
   5306  3393    infeasible          83945.0000   120674.9965   365349   43.75%
   5425  3483   118991.6533   277    83945.0000   120644.2083   377099   43.72%
   5569  3591   109174.9735   152    83945.0000   120627.1410   389911   43.70%
Elapsed time = 15.07 sec. (34323.14 ticks, tree = 6.17 MB, solutions = 1)
   5692  3676   116993.5750   242    83945.0000   120604.2779   401708   43.67%
   5847  3787   118167.7207   276    83945.0000   120582.3485   413489   43.64%
   5990  3894   120455.9417   293    83945.0000   120565.5664   425258   43.62%
   6145  4015   111934.8000   118    83945.0000   120542.0164   439364   43.60%
   6356  4163   120374.1458   188    83945.0000   120517.1579   453667   43.57%
   6519  4285   118591.8667   174    83945.0000   120495.8228   468679   43.54%
   6711  4425   117756.9223   196    83945.0000   120453.0000   484932   43.49%
   6941  4614   117523.1506   240    83945.0000   120444.2040   499262   43.48%
   7077  4706   118164.9547   218    83945.0000   120436.4765   511299   43.47%
   7216  4807   116962.8426   154    83945.0000   120415.0327   522908   43.45%
Elapsed time = 18.63 sec. (43924.21 ticks, tree = 7.36 MB, solutions = 1)
   7368  4914   117575.1600   164    83945.0000   120390.3333   535397   43.42%
   7546  5056   107434.7254   101    83945.0000   120373.9167   547940   43.40%
   7729  5200   120016.7953   318    83945.0000   120343.9000   558580   43.36%
   7870  5307   117581.6143   311    83945.0000   120331.4847   570142   43.35%
   8008  5417   116973.8333   299    83945.0000   120323.3833   581723   43.34%
   8174  5533   120074.7368   271    83945.0000   120316.1591   594088   43.33%
   8317  5641   119265.5765   358    83945.0000   120308.6050   606039   43.32%
   8510  5796   117716.3723   233    83945.0000   120291.7120   619761   43.30%
   8695  5941   118015.1404   228    83945.0000   120284.8697   634762   43.29%
   8874  6064    infeasible          83945.0000   120276.5242   649374   43.28%
Elapsed time = 22.24 sec. (53529.74 ticks, tree = 8.25 MB, solutions = 1)
   9063  6202   117501.9155   230    83945.0000   120239.1044   663912   43.24%
   9266  6370   115843.7500   185    83945.0000   120228.5889   678695   43.22%
   9480  6542   115256.7639   271    83945.0000   120223.1414   693527   43.22%
   9665  6687   116180.2009   183    83945.0000   120213.6667   708009   43.21%
   9816  6804   110878.5891   169    83945.0000   120187.4791   722754   43.17%
  10029  6951   119686.7796   288    83945.0000   120173.3922   738102   43.16%
  10205  7088   117355.7895   218    83945.0000   120169.7419   751678   43.15%
  10387  7232   116976.3162   162    83945.0000   120158.5000   766062   43.14%
  10584  7377   119702.4167   178    83945.0000   120145.9333   779410   43.12%
* 10736+ 7491                        86889.0000   120128.8236            38.26%
* 10737+ 7490                        87494.0000   120128.8236            37.30%
* 10737+ 7475                        88185.0000   120128.8236            36.22%
  10737  7477   119253.0667   258    88185.0000   120127.9585   788176   36.22%
Elapsed time = 26.37 sec. (63960.36 ticks, tree = 9.27 MB, solutions = 4)
* 10738+ 7459                        88897.0000   120127.9585            35.13%
* 10738+ 7455                        89095.0000   120127.9585            34.83%
Advanced basis not built.

GUB cover cuts applied:  2
Clique cuts applied:  14
Cover cuts applied:  49
Implied bound cuts applied:  40
Flow cuts applied:  32
Mixed integer rounding cuts applied:  412
Zero-half cuts applied:  145
Gomory fractional cuts applied:  5

Root node processing (before b&c):
  Real time             =    0.13 sec. (248.23 ticks)
Sequential b&c:
  Real time             =   28.87 sec. (69593.06 ticks)
                          ------------
Total (root+branch&cut) =   29.00 sec. (69841.29 ticks)
[CPLEX] Status: time limit exceeded
[CPLEX] OPTIMAL OBJ: 89095.0
[CPLEX] Runtime: 29.006 sec
Vehicle 0: d → 4 → 19 → 26 → 13 → 25 → 15 → 11 → d, (requests = [15])
Vehicle 1: d → 22 → 27 → 3 → 10 → 7 → 17 → 8 → 21 → 14 → 9 → 28 → 4 → 19 → 26 → 13 → 25 → 29 → 15 → 11 → 0 → 6 → 12 → 20 → 18 → d, (requests = [0, 1, 2, 3, 4, 8, 10, 13, 14, 17, 18])
Vehicle 2: d → 16 → 18 → 20 → 12 → 6 → 0 → 15 → 29 → 25 → 13 → 26 → 19 → 4 → 24 → 9 → 14 → d, (requests = [6, 11, 12, 16])
Vehicle 3: d, (requests = [])
======== PPDSP OBJECTIVE ========
Profit    = 110031
Cost      = 20936
Objective = 89095
=================================
===== RAW XY MODEL =====
148 384 442 492 635 816 846 997 1031 1131 1172 1229 1266 1302 1341 1352 1377 1429 1466 1482 1516 1577 1632 1659 1683 1711 1756 1854 1870 1892 1925 1968 2039 2212 2349 2389 2499 2587 2639 2676 2706 2727 2793 2809 2849 2974 3010 3048 3150 3205 2050 2052 2054 2056 2184 3227 2192 2196 3297 3300 3302 3305 3307 3312 3314 4422
  [Time Manager] Step 18 consumed 29.01s. Total Consumed: 289.02s.
  [Info] Saved 4424 core assumption literals to p1_A-n32-k5_r19v4k2.lp.asm

[19/60] Building & Solving: R=20, V=4, K=2
Default row names c1, c2 ... being created.
  [Info] Generating MIP Formulation...
  [Time Manager] Global Remaining Budget: 3310.98s | Future Weight Sum: 37572.0
  [Time Manager] Recalibrated Budget for this step: 29.61s
[CPLEX] Setting time limit to 29 seconds
[CPLEX] Reading assumption from p1_A-n32-k5_r19v4k2.lp.asm ...
[CPLEX] Applying MIP Start with 4172 variables.
Version identifier: 22.1.1.0 | 2022-11-28 | 9160aff4d
CPXPARAM_Read_DataCheck                          1
CPXPARAM_Threads                                 1
CPXPARAM_TimeLimit                               29
1 of 1 MIP starts provided solutions.
MIP start 'm1' defined initial solution with objective 89095.0000.
Tried aggregator 1 time.
MIP Presolve eliminated 64 rows and 3516 columns.
MIP Presolve modified 1736 coefficients.
Reduced MIP has 1708 rows, 912 columns, and 7252 nonzeros.
Reduced MIP has 664 binaries, 248 generals, 0 SOSs, and 0 indicators.
Presolve time = 0.00 sec. (4.85 ticks)
Probing time = 0.00 sec. (1.46 ticks)
Tried aggregator 1 time.
Detecting symmetries...
Reduced MIP has 1708 rows, 912 columns, and 7252 nonzeros.
Reduced MIP has 664 binaries, 248 generals, 0 SOSs, and 0 indicators.
Presolve time = 0.00 sec. (4.66 ticks)
Probing time = 0.00 sec. (1.51 ticks)
Clique table members: 384.
MIP emphasis: balance optimality and feasibility.
MIP search method: dynamic search.
Parallel mode: none, using 1 thread.
Root relaxation solution time = 0.00 sec. (8.32 ticks)

        Nodes                                         Cuts/
   Node  Left     Objective  IInf  Best Integer    Best Bound    ItCnt     Gap

*     0+    0                        89095.0000   545392.0000           512.15%
      0     0   130897.4962   122    89095.0000   130897.4962      342   46.92%
      0     0   130408.5000   172    89095.0000     Cuts: 184      510   46.37%
      0     0   130288.3896   233    89095.0000      Cuts: 74      592   46.24%
      0     0   130214.5910   315    89095.0000     Cuts: 122      684   46.15%
      0     0   130089.1247   238    89095.0000      Cuts: 69      759   46.01%
      0     0   130029.4540   219    89095.0000      Cuts: 67      804   45.94%
      0     0   130013.0653   329    89095.0000      Cuts: 58      846   45.93%
      0     0   129924.6563   286    89095.0000      Cuts: 60      918   45.83%
      0     0   129906.7965   343    89095.0000      Cuts: 48      959   45.81%
      0     0   129900.8337   340    89095.0000      Cuts: 17      977   45.80%
      0     0   129900.8337   341    89095.0000       Cuts: 4      982   45.80%
      0     2   129900.8337   341    89095.0000   129900.6667      982   45.80%
Elapsed time = 0.13 sec. (274.42 ticks, tree = 0.01 MB, solutions = 1)
     58    44   129670.2101   242    89095.0000   129683.5268     4992   45.56%
    171   124    infeasible          89095.0000   129651.2545     9077   45.52%
    280   199   121693.5507   100    89095.0000   129548.6263    13488   45.41%
    406   288   127105.9657   106    89095.0000   129527.7522    17520   45.38%

Performing restart 1

Repeating presolve.
Tried aggregator 1 time.
MIP Presolve modified 48 coefficients.
Reduced MIP has 1708 rows, 912 columns, and 7252 nonzeros.
Reduced MIP has 664 binaries, 248 generals, 0 SOSs, and 0 indicators.
Presolve time = 0.00 sec. (3.92 ticks)
Tried aggregator 1 time.
Reduced MIP has 1708 rows, 912 columns, and 7252 nonzeros.
Reduced MIP has 664 binaries, 248 generals, 0 SOSs, and 0 indicators.
Presolve time = 0.00 sec. (4.83 ticks)
Represolve time = 0.01 sec. (14.09 ticks)
    509     0   129844.7790   349    89095.0000      Cuts: 11    21187   45.35%
    509     0   129832.3823   352    89095.0000      Cuts: 56    21264   45.35%
    509     0   129829.5768   342    89095.0000     Cuts: 112    21321   45.35%
    509     0   129812.1784   267    89095.0000      Cuts: 91    21360   45.35%
    509     0   129775.4307   286    89095.0000     Cuts: 115    21470   45.35%
    509     0   129699.8702   282    89095.0000      Cuts: 74    21607   45.35%
    509     0   129671.2924   275    89095.0000      Cuts: 71    21712   45.35%
    509     0   129637.4715   284    89095.0000      Cuts: 62    21805   45.35%
    509     0   129627.2671   295    89095.0000      Cuts: 49    21847   45.35%
    509     0   129596.2669   200    89095.0000      Cuts: 40    21927   45.35%
    509     0   129586.9181   198    89095.0000      Cuts: 77    22012   45.35%
    509     0   129458.9505   205    89095.0000      Cuts: 68    22272   45.30%
    509     0   129400.6491   295    89095.0000     Cuts: 121    22424   45.24%
    509     0   129352.6962   292    89095.0000      Cuts: 90    22553   45.19%
    509     0   129319.3344   320    89095.0000      Cuts: 71    22656   45.15%
    509     0   129316.1140   417    89095.0000      Cuts: 64    22713   45.14%
    509     2   129316.1140   406    89095.0000   129312.0912    22713   45.14%
    511     4   129121.3704   270    89095.0000   129121.3237    23003   44.93%
    513     6   128381.0907   270    89095.0000   129100.6536    23244   44.90%
    515     8   129061.4853   339    89095.0000   129096.2500    23369   44.90%
    517    10   128763.9536   332    89095.0000   129096.2500    23592   44.90%
    589    71   127012.8699   294    89095.0000   129068.3812    29481   44.87%
Elapsed time = 2.02 sec. (5572.38 ticks, tree = 0.10 MB, solutions = 1)
    679   140   127383.7360   270    89095.0000   129018.6250    37961   44.81%
    772   208   126473.8386   312    89095.0000   128486.4203    45715   44.21%
    907   312   126350.6859   275    89095.0000   128241.7460    53761   43.94%
   1100   465   124368.6774   181    89095.0000   128115.3885    61981   43.80%
   1242   575   123052.7500   136    89095.0000   128019.8176    71536   43.69%
   1425   720   118985.7973   144    89095.0000   127922.7698    80711   43.58%
   1653   881   126636.1699   371    89095.0000   127839.2794    90202   43.49%
   1875  1048   120777.3335   226    89095.0000   127782.4271    98652   43.42%
   2048  1181   127108.5937   213    89095.0000   127725.7500   107669   43.36%
   2239  1337   117686.3361   104    89095.0000   127635.5850   117019   43.26%
Elapsed time = 5.42 sec. (15252.56 ticks, tree = 15.53 MB, solutions = 1)
   2451  1508   111770.6525   105    89095.0000   127519.2279   126701   43.13%
   2632  1646   127422.5811   216    89095.0000   127475.5580   134614   43.08%
   2837  1806   125249.8507   211    89095.0000   127398.5061   144219   42.99%
   3027  1952   123529.0831   185    89095.0000   127339.3005   152354   42.93%
   3192  2059   125023.6468   192    89095.0000   127304.8258   161606   42.89%
   3362  2191   117765.4239   293    89095.0000   127298.7811   170144   42.88%
   3533  2318   122798.8259   134    89095.0000   127287.1546   178632   42.87%
   3738  2465   120408.0316   193    89095.0000   127268.8269   186806   42.85%
   3883  2572   118739.5753   172    89095.0000   127258.0929   195434   42.83%
   4060  2695   124084.3333   174    89095.0000   127232.0000   204877   42.80%
Elapsed time = 8.97 sec. (25135.34 ticks, tree = 33.56 MB, solutions = 1)
   4219  2811   127192.9714   166    89095.0000   127208.8200   213425   42.78%
   4391  2924   126488.7000   212    89095.0000   127168.9283   221920   42.73%
   4558  3045   119454.8196   109    89095.0000   127158.9289   231043   42.72%
   4777  3215   119033.3878   147    89095.0000   127120.3320   241030   42.68%
   4981  3372   123916.1344   214    89095.0000   127105.7361   250625   42.66%
   5236  3577   116489.7663   224    89095.0000   127092.4435   259534   42.65%
   5455  3757   121998.5247   227    89095.0000   127062.3892   267463   42.61%
   5671  3933   114715.9984    99    89095.0000   127052.5392   275822   42.60%
   5852  4077   116362.4482   248    89095.0000   127039.7464   285068   42.59%
   6068  4251   105849.4286    78    89095.0000   127021.6205   294160   42.57%
Elapsed time = 12.40 sec. (34730.10 ticks, tree = 55.31 MB, solutions = 1)
   6305  4433   125276.8151   172    89095.0000   127006.2405   302175   42.55%
   6509  4601   105187.1346   129    89095.0000   126991.9244   310601   42.54%
   6722  4762    infeasible          89095.0000   126979.3225   319261   42.52%
   6885  4872    infeasible          89095.0000   126963.0260   328525   42.50%
   7135  5090   125065.5327   235    89095.0000   126951.6863   336930   42.49%
   7350  5259   110908.7839   168    89095.0000   126938.7867   345654   42.48%
   7539  5404    99859.9859   172    89095.0000   126919.3494   353442   42.45%
   7747  5556   121462.5556   150    89095.0000   126912.4434   362613   42.45%
   7958  5710   121963.3801   173    89095.0000   126901.8499   372153   42.43%
   8185  5891    infeasible          89095.0000   126886.5833   382085   42.42%
Elapsed time = 18.39 sec. (44362.20 ticks, tree = 73.57 MB, solutions = 1)
   8410  6081   125528.0456   171    89095.0000   126876.5328   390987   42.41%
   8571  6204    infeasible          89095.0000   126858.2063   400254   42.39%
   8779  6367   125007.7419   233    89095.0000   126834.0544   409239   42.36%
   8991  6520   121705.2653   169    89095.0000   126818.4085   418068   42.34%
   9174  6663   118689.2809   190    89095.0000   126805.3421   426778   42.33%
   9392  6846   117587.7186   217    89095.0000   126796.4395   435221   42.32%
   9558  6973   120811.7500   189    89095.0000   126788.5630   443236   42.31%
   9777  7137   120160.1980   169    89095.0000   126778.2059   451491   42.30%
   9977  7303   119338.1864   276    89095.0000   126775.2306   459594   42.29%
  10173  7450    infeasible          89095.0000   126760.6372   468282   42.28%
Elapsed time = 21.91 sec. (54024.75 ticks, tree = 90.85 MB, solutions = 1)
  10370  7606   124905.1597   230    89095.0000   126739.3285   476803   42.25%
  10588  7781   117912.6246   169    89095.0000   126725.6923   486058   42.24%
  10690  7850   125668.6081   153    89095.0000   126713.1237   490938   42.22%
  10691  7851   125841.5000   185    89095.0000   126711.1469   491089   42.22%
  10894  8012   121476.4460   182    89095.0000   126696.4583   499584   42.20%
  11143  8211   125573.9967   201    89095.0000   126676.2500   508520   42.18%
  11401  8415    infeasible          89095.0000   126650.2755   518479   42.15%
  11636  8604   122397.0825   316    89095.0000   126638.7537   527796   42.14%
  11887  8822    infeasible          89095.0000   126625.1023   536649   42.12%
  12092  8990   122651.4435   140    89095.0000   126616.0000   545618   42.11%
Elapsed time = 26.61 sec. (65552.96 ticks, tree = 111.42 MB, solutions = 1)
  12309  9160   124046.1415   324    89095.0000   126601.1300   554642   42.10%
  12534  9346   120501.3349   190    89095.0000   126588.8629   563337   42.08%
  12762  9536   120893.3873   231    89095.0000   126571.5158   571570   42.06%
  12970  9709   118205.8125   149    89095.0000   126565.3207   579904   42.06%
  13168  9855    98886.6143   191    89095.0000   126549.4849   588350   42.04%
  13371 10007   125500.4917   211    89095.0000   126544.6941   595330   42.03%
Advanced basis not built.

GUB cover cuts applied:  5
Clique cuts applied:  26
Cover cuts applied:  29
Implied bound cuts applied:  28
Flow cuts applied:  17
Mixed integer rounding cuts applied:  363
Zero-half cuts applied:  89
Multi commodity flow cuts applied:  1
Lift and project cuts applied:  10
Gomory fractional cuts applied:  15

Root node processing (before b&c):
  Real time             =    0.13 sec. (274.48 ticks)
Sequential b&c:
  Real time             =   28.87 sec. (71566.43 ticks)
                          ------------
Total (root+branch&cut) =   29.00 sec. (71840.91 ticks)
[CPLEX] Status: time limit exceeded
[CPLEX] OPTIMAL OBJ: 89095.0
[CPLEX] Runtime: 29.006 sec
Vehicle 0: d → 4 → 19 → 26 → 13 → 25 → 15 → 11 → d, (requests = [15])
Vehicle 1: d → 22 → 27 → 3 → 10 → 7 → 17 → 8 → 21 → 14 → 9 → 28 → 4 → 19 → 26 → 13 → 25 → 29 → 15 → 11 → 0 → 6 → 12 → 20 → 18 → d, (requests = [0, 1, 2, 3, 4, 8, 10, 13, 14, 17, 18])
Vehicle 2: d → 16 → 18 → 20 → 12 → 6 → 0 → 15 → 29 → 25 → 13 → 26 → 19 → 4 → 24 → 9 → 14 → d, (requests = [6, 11, 12, 16])
Vehicle 3: d, (requests = [])
======== PPDSP OBJECTIVE ========
Profit    = 110031
Cost      = 20936
Objective = 89095
=================================
===== RAW XY MODEL =====
148 384 442 492 635 816 846 997 1031 1131 1172 1229 1266 1302 1341 1352 1377 1429 1466 1482 1516 1577 1632 1659 1683 1711 1756 1854 1870 1892 1925 1968 2039 2212 2349 2389 2499 2587 2639 2676 2706 2727 2793 2809 2849 2974 3010 3048 3150 3205 2050 2052 2054 2056 2184 3227 2192 2196 3297 3300 3302 3305 3307 3312 3314 4422
  [Time Manager] Step 19 consumed 29.01s. Total Consumed: 318.03s.
  [Info] Saved 4428 core assumption literals to p1_A-n32-k5_r20v4k2.lp.asm

[20/60] Building & Solving: R=21, V=4, K=2
Default row names c1, c2 ... being created.
  [Info] Generating MIP Formulation...
  [Time Manager] Global Remaining Budget: 3281.97s | Future Weight Sum: 37236.0
  [Time Manager] Recalibrated Budget for this step: 29.97s
[CPLEX] Setting time limit to 29 seconds
[CPLEX] Reading assumption from p1_A-n32-k5_r20v4k2.lp.asm ...
[CPLEX] Applying MIP Start with 4176 variables.
Version identifier: 22.1.1.0 | 2022-11-28 | 9160aff4d
CPXPARAM_Read_DataCheck                          1
CPXPARAM_Threads                                 1
CPXPARAM_TimeLimit                               29
1 of 1 MIP starts provided solutions.
MIP start 'm1' defined initial solution with objective 89095.0000.
Tried aggregator 1 time.
MIP Presolve eliminated 60 rows and 3516 columns.
MIP Presolve modified 1752 coefficients.
Reduced MIP has 1725 rows, 916 columns, and 7348 nonzeros.
Reduced MIP has 668 binaries, 248 generals, 0 SOSs, and 0 indicators.
Presolve time = 0.00 sec. (4.92 ticks)
Probing time = 0.00 sec. (1.49 ticks)
Tried aggregator 1 time.
Detecting symmetries...
Reduced MIP has 1725 rows, 916 columns, and 7348 nonzeros.
Reduced MIP has 668 binaries, 248 generals, 0 SOSs, and 0 indicators.
Presolve time = 0.00 sec. (4.71 ticks)
Probing time = 0.00 sec. (1.54 ticks)
Clique table members: 389.
MIP emphasis: balance optimality and feasibility.
MIP search method: dynamic search.
Parallel mode: none, using 1 thread.
Root relaxation solution time = 0.00 sec. (9.98 ticks)

        Nodes                                         Cuts/
   Node  Left     Objective  IInf  Best Integer    Best Bound    ItCnt     Gap

*     0+    0                        89095.0000   562280.0000           531.10%
      0     0   134195.3817   130    89095.0000   134195.3817      392   50.62%
      0     0   133671.3855   225    89095.0000     Cuts: 188      583   50.03%
      0     0   133616.5000   164    89095.0000      Cuts: 88      621   49.97%
      0     0   133514.5378   165    89095.0000      Cuts: 33      699   49.86%
      0     0   133442.0000   160    89095.0000     Cuts: 120      823   49.77%
      0     0   133236.1879   260    89095.0000      Cuts: 50      921   49.54%
      0     0   133180.6286   186    89095.0000      Cuts: 73      988   49.48%
      0     0   133090.4765   358    89095.0000      Cuts: 54     1090   49.38%
      0     0   133076.9741   316    89095.0000      Cuts: 65     1173   49.37%
      0     0   133066.3966   310    89095.0000      Cuts: 45     1215   49.35%
      0     0   133062.9677   364    89095.0000      Cuts: 35     1251   49.35%
      0     2   133062.9677   364    89095.0000   133062.4545     1251   49.35%
Elapsed time = 0.16 sec. (336.85 ticks, tree = 0.01 MB, solutions = 1)
     53    51   131577.5560   121    89095.0000   132870.7430     5213   49.13%
    160   130   131577.2910    90    89095.0000   132787.4801     9715   49.04%
    285   219   132141.1146   132    89095.0000   132729.2859    13833   48.98%
    405   305   132548.2786   115    89095.0000   132629.1283    17872   48.86%
    518   391   131087.3750   256    89095.0000   132598.7808    22611   48.83%
    654   507    infeasible          89095.0000   132595.9457    26928   48.83%
    779   597   131925.2076   242    89095.0000   132565.3055    31016   48.79%
    925   711   132407.2008   127    89095.0000   132527.5361    35242   48.75%

Performing restart 1

Repeating presolve.
Tried aggregator 1 time.
MIP Presolve modified 48 coefficients.
Reduced MIP has 1725 rows, 916 columns, and 7348 nonzeros.
Reduced MIP has 668 binaries, 248 generals, 0 SOSs, and 0 indicators.
Presolve time = 0.00 sec. (3.96 ticks)
Tried aggregator 1 time.
Reduced MIP has 1725 rows, 916 columns, and 7348 nonzeros.
Reduced MIP has 668 binaries, 248 generals, 0 SOSs, and 0 indicators.
Presolve time = 0.00 sec. (4.89 ticks)
Represolve time = 0.01 sec. (14.62 ticks)
    980     0   133035.7347   308    89095.0000      Cuts: 99    38017   48.75%
    980     0   133022.9237   369    89095.0000      Cuts: 84    38065   48.75%
    980     0   132983.5000   150    89095.0000      Cuts: 20    38107   48.75%
    980     0   132961.2222   253    89095.0000      Cuts: 43    38160   48.75%
    980     0   132958.9545   365    89095.0000      Cuts: 59    38199   48.75%
    980     0   132927.0122   292    89095.0000      Cuts: 36    38229   48.75%
    980     0   132869.5217   289    89095.0000      Cuts: 96    38312   48.75%
    980     0   132664.9495   203    89095.0000      Cuts: 74    38456   48.75%
    980     0   132624.7728   219    89095.0000      Cuts: 94    38560   48.75%
    980     0   132585.0000   190    89095.0000      Cuts: 93    38678   48.75%
    980     0   132559.5318   279    89095.0000      Cuts: 68    38900   48.75%
    980     0   132547.1864   356    89095.0000      Cuts: 87    38967   48.75%
    980     0   132540.2197   355    89095.0000      Cuts: 56    39050   48.75%
    980     0   132502.6632   277    89095.0000      Cuts: 48    39211   48.72%
    980     0   132501.3792   245    89095.0000     Cuts: 143    39256   48.72%
    980     0   132471.7388   272    89095.0000      Cuts: 77    39417   48.69%
    980     0   132450.2830   348    89095.0000      Cuts: 87    39619   48.66%
    980     0   132434.4166   273    89095.0000     Cuts: 104    39805   48.64%
    980     0   132420.4311   310    89095.0000      Cuts: 67    39908   48.63%
    980     0   132402.3886   434    89095.0000      Cuts: 99    40052   48.61%
    980     0   132336.5450   323    89095.0000      Cuts: 69    40200   48.53%
    980     0   132321.8303   334    89095.0000      Cuts: 69    40253   48.52%
    980     2   132321.8303   313    89095.0000   132321.8148    40253   48.52%
    986     8   132051.5579   264    89095.0000   132268.3037    40970   48.46%
Elapsed time = 2.15 sec. (5295.84 ticks, tree = 0.04 MB, solutions = 1)
   1055    65    infeasible          89095.0000   132179.0619    48720   48.36%
   1148   133   123935.7649   174    89095.0000   131998.5000    54556   48.15%
   1275   239   130097.4005   309    89095.0000   131893.0000    60084   48.04%
   1440   380   129747.6223   178    89095.0000   131770.0373    68287   47.90%
   1666   580   123846.7129   147    89095.0000   131607.1944    77166   47.72%
   1849   738   115868.4363   128    89095.0000   131556.5909    86331   47.66%
   2016   865    infeasible          89095.0000   131419.7765    94553   47.51%
   2217  1037   127638.2308   189    89095.0000   131345.2000   102942   47.42%
   2395  1195   127845.8278   368    89095.0000   131314.6076   111538   47.39%
   2571  1351   127455.5658   260    89095.0000   131183.7225   120365   47.24%
Elapsed time = 5.71 sec. (14916.17 ticks, tree = 15.98 MB, solutions = 1)
   2706  1457   122530.2666   124    89095.0000   131145.9140   128439   47.20%
   2894  1615   130637.6214   173    89095.0000   130984.3131   136669   47.02%
   3012  1701   120703.8962   180    89095.0000   130900.0400   144739   46.92%
   3198  1864   130755.5074   285    89095.0000   130830.6944   152659   46.84%
   3317  1954   127298.2920   184    89095.0000   130707.1471   161284   46.71%
   3475  2075   129056.5096   149    89095.0000   130690.7686   169664   46.69%
   3650  2226   114148.9624   174    89095.0000   130649.6804   178387   46.64%
   3764  2309   127793.2503   193    89095.0000   130634.6852   186658   46.62%
   3900  2401   126320.1362   197    89095.0000   130589.1485   195758   46.57%
   4102  2566    93366.4392   104    89095.0000   130541.5211   204120   46.52%
Elapsed time = 9.33 sec. (24518.29 ticks, tree = 32.91 MB, solutions = 1)
   4260  2687   128175.8329   250    89095.0000   130475.2306   212808   46.45%
   4398  2795   125275.5604   227    89095.0000   130447.8501   221513   46.41%
   4510  2876   129546.8724   302    89095.0000   130434.6286   229721   46.40%
   4640  2974   122377.9375   208    89095.0000   130382.0000   238001   46.34%
   4883  3180   127926.4726   315    89095.0000   130344.0000   246473   46.30%
   5050  3308   127954.1525   257    89095.0000   130306.9602   255136   46.26%
   5261  3481   129234.5000   127    89095.0000   130287.7068   263196   46.23%
   5422  3610   125011.9400   184    89095.0000   130195.5526   271384   46.13%
   5568  3719   128676.8071   141    89095.0000   130173.0286   280958   46.11%
   5747  3869   120761.7951   118    89095.0000   130153.5778   290022   46.08%
Elapsed time = 12.89 sec. (34158.32 ticks, tree = 49.89 MB, solutions = 1)
   5966  4045   123720.4733   203    89095.0000   130123.8041   299452   46.05%
   6078  4127   126017.9238   178    89095.0000   130085.1046   307098   46.01%
   6255  4273   111033.7101   216    89095.0000   130073.7767   318133   45.99%
   6377  4363   126743.4000   282    89095.0000   130063.5485   327335   45.98%
   6580  4518   127531.0573   205    89095.0000   130042.4237   335608   45.96%
   6740  4657    93851.5866   179    89095.0000   130031.7337   345526   45.95%
   6891  4777   125021.4405   189    89095.0000   130012.1765   357485   45.93%
   7094  4939   126215.1667   229    89095.0000   130004.5854   370877   45.92%
   7265  5082   122861.7731   257    89095.0000   129989.9145   385626   45.90%
   7466  5250   129901.2000   151    89095.0000   129935.5256   397005   45.84%
Elapsed time = 16.47 sec. (43818.00 ticks, tree = 61.78 MB, solutions = 1)
   7659  5417   124529.4094   193    89095.0000   129916.8154   405675   45.82%
   7813  5536   128766.6664   177    89095.0000   129908.6727   414155   45.81%
   7964  5663   128013.6822   264    89095.0000   129905.1619   423221   45.81%
   8101  5778   108699.8481   178    89095.0000   129900.4000   433210   45.80%
   8325  5969   123892.5556   188    89095.0000   129889.8290   441002   45.79%
   8503  6120   127066.1667   142    89095.0000   129878.4555   449290   45.78%
   8684  6272   127411.0398   186    89095.0000   129870.6458   456631   45.77%
   8924  6480   129790.7106   326    89095.0000   129847.1707   464542   45.74%
   9054  6584   127150.7500   203    89095.0000   129825.3615   472327   45.72%
   9210  6705   128635.3333   161    89095.0000   129802.0000   480970   45.69%
Elapsed time = 22.12 sec. (53442.58 ticks, tree = 82.00 MB, solutions = 1)
   9348  6806   111476.3871   187    89095.0000   129776.9465   489349   45.66%
   9559  6990   104483.9922   125    89095.0000   129748.4037   497786   45.63%
   9739  7131   124170.5794   277    89095.0000   129731.6667   507229   45.61%
   9915  7272    infeasible          89095.0000   129704.2231   515966   45.58%
  10123  7435   127568.0333   180    89095.0000   129676.0500   525163   45.55%
  10321  7602   127444.5000   227    89095.0000   129657.1148   534014   45.53%
  10491  7747   117364.5081   193    89095.0000   129630.6010   543601   45.50%
  10718  7935   125193.9804   159    89095.0000   129584.2210   553464   45.44%
  10781  7992   128994.5795   224    89095.0000   129569.2000   557403   45.43%
  10782  7993   129349.6667   127    89095.0000   129567.8788   557447   45.43%
Elapsed time = 26.96 sec. (65811.35 ticks, tree = 98.91 MB, solutions = 1)
  10950  8135   126683.7400   367    89095.0000   129547.1874   567251   45.40%
  11120  8274   128240.7467   226    89095.0000   129530.1623   577719   45.38%
  11271  8385   128350.5000   200    89095.0000   129513.9309   586357   45.37%
  11398  8478   127934.2500   198    89095.0000   129497.6941   595374   45.35%
  11528  8578   125701.8600   232    89095.0000   129481.4522   605182   45.33%

GUB cover cuts applied:  3
Clique cuts applied:  6
Cover cuts applied:  51
Implied bound cuts applied:  39
Flow cuts applied:  25
Mixed integer rounding cuts applied:  446
Zero-half cuts applied:  125
Multi commodity flow cuts applied:  1
Lift and project cuts applied:  3
Gomory fractional cuts applied:  8

Root node processing (before b&c):
  Real time             =    0.16 sec. (336.91 ticks)
Sequential b&c:
  Real time             =   28.84 sec. (71003.16 ticks)
                          ------------
Total (root+branch&cut) =   29.00 sec. (71340.07 ticks)
[CPLEX] Status: time limit exceeded
[CPLEX] OPTIMAL OBJ: 89095.0
[CPLEX] Runtime: 29.006 sec
Vehicle 0: d → 4 → 19 → 26 → 13 → 25 → 15 → 11 → d, (requests = [15])
Vehicle 1: d → 22 → 27 → 3 → 10 → 7 → 17 → 8 → 21 → 14 → 9 → 28 → 4 → 19 → 26 → 13 → 25 → 29 → 15 → 11 → 0 → 6 → 12 → 20 → 18 → d, (requests = [0, 1, 2, 3, 4, 8, 10, 13, 14, 17, 18])
Vehicle 2: d → 16 → 18 → 20 → 12 → 6 → 0 → 15 → 29 → 25 → 13 → 26 → 19 → 4 → 24 → 9 → 14 → d, (requests = [6, 11, 12, 16])
Vehicle 3: d, (requests = [])
======== PPDSP OBJECTIVE ========
Profit    = 110031
Cost      = 20936
Objective = 89095
=================================
===== RAW XY MODEL =====
148 384 442 492 635 816 846 997 1031 1131 1172 1229 1266 1302 1341 1352 1377 1429 1466 1482 1516 1577 1632 1659 1683 1711 1756 1854 1870 1892 1925 1968 2039 2212 2349 2389 2499 2587 2639 2676 2706 2727 2793 2809 2849 2974 3010 3048 3150 3205 2050 2052 2054 2056 2184 3227 2192 2196 3297 3300 3302 3305 3307 3312 3314 4422
  [Time Manager] Step 20 consumed 29.01s. Total Consumed: 347.03s.
  [Info] Saved 4432 core assumption literals to p1_A-n32-k5_r21v4k2.lp.asm

[21/60] Building & Solving: R=22, V=4, K=2
Default row names c1, c2 ... being created.
  [Info] Generating MIP Formulation...
  [Time Manager] Global Remaining Budget: 3252.97s | Future Weight Sum: 36896.0
  [Time Manager] Recalibrated Budget for this step: 30.33s
[CPLEX] Setting time limit to 30 seconds
[CPLEX] Reading assumption from p1_A-n32-k5_r21v4k2.lp.asm ...
[CPLEX] Applying MIP Start with 4180 variables.
Version identifier: 22.1.1.0 | 2022-11-28 | 9160aff4d
CPXPARAM_Read_DataCheck                          1
CPXPARAM_Threads                                 1
CPXPARAM_TimeLimit                               30
1 of 1 MIP starts provided solutions.
MIP start 'm1' defined initial solution with objective 89095.0000.
Tried aggregator 1 time.
MIP Presolve eliminated 56 rows and 3516 columns.
MIP Presolve modified 1760 coefficients.
Reduced MIP has 1742 rows, 920 columns, and 7460 nonzeros.
Reduced MIP has 672 binaries, 248 generals, 0 SOSs, and 0 indicators.
Presolve time = 0.00 sec. (4.97 ticks)
Probing time = 0.00 sec. (1.51 ticks)
Tried aggregator 1 time.
Detecting symmetries...
Reduced MIP has 1742 rows, 920 columns, and 7460 nonzeros.
Reduced MIP has 672 binaries, 248 generals, 0 SOSs, and 0 indicators.
Presolve time = 0.00 sec. (4.78 ticks)
Probing time = 0.00 sec. (1.56 ticks)
Clique table members: 390.
MIP emphasis: balance optimality and feasibility.
MIP search method: dynamic search.
Parallel mode: none, using 1 thread.
Root relaxation solution time = 0.00 sec. (8.82 ticks)

        Nodes                                         Cuts/
   Node  Left     Objective  IInf  Best Integer    Best Bound    ItCnt     Gap

*     0+    0                        89095.0000   584384.0000           555.91%
      0     0   139709.6384   124    89095.0000   139709.6384      371   56.81%
      0     0   139366.5714   167    89095.0000     Cuts: 190      479   56.42%
      0     0   139105.4062   185    89095.0000      Cuts: 48      571   56.13%
      0     0   139072.7500   180    89095.0000      Cuts: 78      586   56.09%
      0     0   138835.8447   269    89095.0000  ZeroHalf: 57      735   55.83%
      0     0   138734.9286   174    89095.0000     Cuts: 167      821   55.72%
      0     0   138585.1429   183    89095.0000      Cuts: 33      891   55.55%
      0     0   138577.4643   192    89095.0000      Cuts: 66      919   55.54%
      0     0   138525.5846   265    89095.0000      Cuts: 18     1007   55.48%
      0     0   138525.5846   277    89095.0000      Cuts: 31     1034   55.48%
      0     2   138525.5846   273    89095.0000   138525.3958     1034   55.48%
Elapsed time = 0.15 sec. (329.37 ticks, tree = 0.01 MB, solutions = 1)
     44    32   137398.0502   165    89095.0000   138401.7741     4820   55.34%
    131    95   137326.5600   197    89095.0000   138358.1481     9039   55.29%
    218   158   137696.6034   213    89095.0000   138278.8818    13472   55.20%
    305   222   137345.4636   214    89095.0000   138253.7832    17922   55.18%
    387   280   136026.1459   126    89095.0000   138155.6905    22096   55.07%
    470   349    89221.8726    42    89095.0000   138104.2000    26705   55.01%
    543   403   137270.1371   138    89095.0000   138055.2381    29533   54.95%
    626   458   134449.0731   154    89095.0000   138044.0110    33063   54.94%
    708   512    infeasible          89095.0000   138023.6000    36541   54.92%

Performing restart 1

Repeating presolve.
Tried aggregator 1 time.
MIP Presolve modified 48 coefficients.
Reduced MIP has 1742 rows, 920 columns, and 7460 nonzeros.
Reduced MIP has 672 binaries, 248 generals, 0 SOSs, and 0 indicators.
Presolve time = 0.00 sec. (4.01 ticks)
Tried aggregator 1 time.
Reduced MIP has 1742 rows, 920 columns, and 7460 nonzeros.
Reduced MIP has 672 binaries, 248 generals, 0 SOSs, and 0 indicators.
Presolve time = 0.00 sec. (4.95 ticks)
Represolve time = 0.01 sec. (14.06 ticks)
   1022     0   138493.0596   303    89095.0000      Cuts: 40    49724   54.84%
   1022     0   138426.0000   169    89095.0000      Cuts: 80    49812   54.84%
   1022     0   138426.0000   160    89095.0000     Cuts: 105    49856   54.84%
   1022     0   138426.0000   155    89095.0000     Cuts: 102    49869   54.84%
   1022     0   138422.4194   205    89095.0000      Cuts: 72    49899   54.84%
   1022     0   138341.9452   230    89095.0000      Cuts: 94    50013   54.84%
   1022     0   138240.1116   320    89095.0000      Cuts: 98    50208   54.84%
   1022     0   138197.7578   314    89095.0000     Cuts: 134    50377   54.84%
   1022     0   138182.7726   332    89095.0000      Cuts: 72    50448   54.84%
   1022     0   138142.3653   319    89095.0000      Cuts: 82    50588   54.84%
   1022     0   138109.2266   320    89095.0000      Cuts: 39    50638   54.84%
   1022     0   138101.7630   319    89095.0000      Cuts: 55    50673   54.84%
   1022     2   138101.7630   312    89095.0000   137955.5143    50673   54.84%
Elapsed time = 1.82 sec. (4591.22 ticks, tree = 0.01 MB, solutions = 1)
   1029     9   136789.9553   270    89095.0000   137955.5143    51871   54.84%
   1073    39   137494.6152   253    89095.0000   137837.9461    55703   54.71%
   1213   151   136408.5978   298    89095.0000   137771.7340    62886   54.63%
   1350   256    infeasible          89095.0000   137534.3214    73221   54.37%
   1438   328   135793.7105   252    89095.0000   137432.1877    85123   54.25%
   1525   387   135667.7304   299    89095.0000   137369.7660    97149   54.18%
   1715   551   135227.0367   158    89095.0000   137342.1626   109053   54.15%
   1865   671   136805.1881   209    89095.0000   137190.4406   122625   53.98%
   2055   827   127468.6795   211    89095.0000   137176.1709   135497   53.97%
   2158   904   135362.0300   240    89095.0000   137076.3099   146600   53.85%
Elapsed time = 5.28 sec. (14412.52 ticks, tree = 0.76 MB, solutions = 1)
   2274   996   136553.5000   262    89095.0000   136962.3175   157619   53.73%
   2458  1145   134659.2245    78    89095.0000   136906.8365   170199   53.66%
   2632  1274   132627.2620   209    89095.0000   136861.1536   183161   53.61%
   2764  1364   135626.6335   259    89095.0000   136777.8577   193388   53.52%
   2942  1516   108448.8897    83    89095.0000   136714.0578   206133   53.45%
   3054  1600   135440.9999   223    89095.0000   136560.7107   217467   53.28%
   3183  1698    infeasible          89095.0000   136520.9102   230262   53.23%
   3297  1785   134004.2046   194    89095.0000   136448.7556   241106   53.15%
   3405  1869   128103.2041   120    89095.0000   136442.1071   254195   53.14%
   3580  1993   130738.3619   213    89095.0000   136375.7931   266901   53.07%
Elapsed time = 8.69 sec. (24031.91 ticks, tree = 1.60 MB, solutions = 1)
   3736  2108   134837.3495   227    89095.0000   136333.5420   280926   53.02%
   3889  2223   132815.7452   280    89095.0000   136307.4648   293524   52.99%
   4013  2323   130533.2036   154    89095.0000   136258.9454   307111   52.94%
   4132  2407   131002.6258   266    89095.0000   136213.1676   318900   52.89%
   4235  2476   135699.4762   213    89095.0000   136180.5624   331775   52.85%
   4337  2539   130642.2876   104    89095.0000   136101.4485   345168   52.76%
   4472  2652   109861.9571   151    89095.0000   136073.1707   358115   52.73%
   4600  2747   129483.7283   209    89095.0000   136045.3796   371426   52.70%
   4764  2869   133509.3542   266    89095.0000   136022.4632   383529   52.67%
   4886  2950   115428.1990    82    89095.0000   136014.5681   395997   52.66%
Elapsed time = 12.11 sec. (33742.03 ticks, tree = 2.39 MB, solutions = 1)
   5039  3069   127286.8752   200    89095.0000   135978.4566   409148   52.62%
   5228  3205   133760.5875   227    89095.0000   135928.9054   424102   52.57%
   5371  3309   135800.1203   194    89095.0000   135875.0725   436937   52.51%
   5477  3383    infeasible          89095.0000   135857.5552   449793   52.49%
   5585  3458   125083.5126   143    89095.0000   135808.1363   461695   52.43%
   5721  3541   133400.9365   180    89095.0000   135764.7500   474426   52.38%
   5863  3646    infeasible          89095.0000   135732.0025   487667   52.35%
   5972  3726   125525.9949   147    89095.0000   135712.4138   498625   52.32%
   6140  3858    infeasible          89095.0000   135704.3438   511528   52.31%
   6265  3953    infeasible          89095.0000   135682.6538   524158   52.29%
Elapsed time = 15.65 sec. (43474.57 ticks, tree = 3.17 MB, solutions = 1)
   6408  4066   134917.7330   192    89095.0000   135658.7105   535669   52.26%
   6515  4131   134190.1753   183    89095.0000   135612.9375   548048   52.21%
   6657  4242   131002.8356   260    89095.0000   135585.1250   560557   52.18%
   6865  4411   130928.0833   161    89095.0000   135568.3738   573934   52.16%
   7034  4543   119492.1982   179    89095.0000   135508.2395   588532   52.09%
   7234  4690   133909.2075   224    89095.0000   135481.7600   602219   52.06%
   7440  4839   121633.7865   187    89095.0000   135459.4255   617325   52.04%
   7587  4949   126084.9652   157    89095.0000   135430.9657   631283   52.01%
   7732  5061   125476.4481   107    89095.0000   135392.7944   643893   51.96%
   7936  5237   131306.9450   198    89095.0000   135372.5146   656830   51.94%
Elapsed time = 19.18 sec. (53177.45 ticks, tree = 4.52 MB, solutions = 1)
   8074  5342   121093.5154   114    89095.0000   135360.2217   670103   51.93%
   8255  5478    97131.8148   129    89095.0000   135325.0457   683360   51.89%
   8352  5530    infeasible          89095.0000   135259.1200   695539   51.81%
   8489  5626   129047.3247   204    89095.0000   135247.1019   708748   51.80%
   8612  5706        cutoff          89095.0000   135222.5030   721725   51.77%
   8739  5795   134134.5357   176    89095.0000   135185.6922   733813   51.73%
   8898  5925   131972.6720   289    89095.0000   135164.9668   745635   51.71%
   8998  5984   130968.9103   182    89095.0000   135113.9155   758939   51.65%
   9174  6112   116130.6262   163    89095.0000   135088.5148   774010   51.62%
   9341  6234   127254.4077   253    89095.0000   135061.4293   788993   51.59%
Elapsed time = 22.63 sec. (62777.47 ticks, tree = 5.30 MB, solutions = 1)
   9504  6354   133345.9235   239    89095.0000   135051.7354   804545   51.58%
   9651  6464   132151.0750   193    89095.0000   135042.8717   820995   51.57%
   9826  6597   131209.0234   271    89095.0000   135026.2471   836936   51.55%
  10004  6736   121695.4929   156    89095.0000   135018.2022   851300   51.54%
  10150  6851   133978.6138   221    89095.0000   135005.4287   865796   51.53%
  10357  7001   131147.2004   225    89095.0000   134975.3571   881683   51.50%
  10523  7137    infeasible          89095.0000   134968.1294   897572   51.49%
  10675  7253   131468.0983   265    89095.0000   134951.5312   913166   51.47%
  10828  7367   129966.7763   221    89095.0000   134935.3053   928813   51.45%
  10990  7480   125880.0000   244    89095.0000   134926.2015   942228   51.44%
Elapsed time = 28.26 sec. (72457.97 ticks, tree = 6.26 MB, solutions = 1)
  11154  7606   132325.0439   174    89095.0000   134909.1677   954363   51.42%
  11243  7674   133616.5000   162    89095.0000   134896.2944   963229   51.41%
Advanced basis not built.

GUB cover cuts applied:  5
Clique cuts applied:  20
Cover cuts applied:  35
Implied bound cuts applied:  58
Flow cuts applied:  19
Mixed integer rounding cuts applied:  308
Zero-half cuts applied:  112
Multi commodity flow cuts applied:  2
Lift and project cuts applied:  3
Gomory fractional cuts applied:  15

Root node processing (before b&c):
  Real time             =    0.15 sec. (329.44 ticks)
Sequential b&c:
  Real time             =   29.85 sec. (75996.87 ticks)
                          ------------
Total (root+branch&cut) =   30.00 sec. (76326.31 ticks)
[CPLEX] Status: time limit exceeded
[CPLEX] OPTIMAL OBJ: 89095.0
[CPLEX] Runtime: 30.006 sec
Vehicle 0: d → 4 → 19 → 26 → 13 → 25 → 15 → 11 → d, (requests = [15])
Vehicle 1: d → 22 → 27 → 3 → 10 → 7 → 17 → 8 → 21 → 14 → 9 → 28 → 4 → 19 → 26 → 13 → 25 → 29 → 15 → 11 → 0 → 6 → 12 → 20 → 18 → d, (requests = [0, 1, 2, 3, 4, 8, 10, 13, 14, 17, 18])
Vehicle 2: d → 16 → 18 → 20 → 12 → 6 → 0 → 15 → 29 → 25 → 13 → 26 → 19 → 4 → 24 → 9 → 14 → d, (requests = [6, 11, 12, 16])
Vehicle 3: d, (requests = [])
======== PPDSP OBJECTIVE ========
Profit    = 110031
Cost      = 20936
Objective = 89095
=================================
===== RAW XY MODEL =====
148 384 442 492 635 816 846 997 1031 1131 1172 1229 1266 1302 1341 1352 1377 1429 1466 1482 1516 1577 1632 1659 1683 1711 1756 1854 1870 1892 1925 1968 2039 2212 2349 2389 2499 2587 2639 2676 2706 2727 2793 2809 2849 2974 3010 3048 3150 3205 2050 2052 2054 2056 2184 3227 2192 2196 3297 3300 3302 3305 3307 3312 3314 4422
  [Time Manager] Step 21 consumed 30.01s. Total Consumed: 377.04s.
  [Info] Saved 4436 core assumption literals to p1_A-n32-k5_r22v4k2.lp.asm

[22/60] Building & Solving: R=23, V=4, K=2
Default row names c1, c2 ... being created.
  [Info] Generating MIP Formulation...
  [Time Manager] Global Remaining Budget: 3222.96s | Future Weight Sum: 36552.0
  [Time Manager] Recalibrated Budget for this step: 30.68s
[CPLEX] Setting time limit to 30 seconds
[CPLEX] Reading assumption from p1_A-n32-k5_r22v4k2.lp.asm ...
[CPLEX] Applying MIP Start with 4184 variables.
Version identifier: 22.1.1.0 | 2022-11-28 | 9160aff4d
CPXPARAM_Read_DataCheck                          1
CPXPARAM_Threads                                 1
CPXPARAM_TimeLimit                               30
1 of 1 MIP starts provided solutions.
MIP start 'm1' defined initial solution with objective 89095.0000.
Tried aggregator 1 time.
MIP Presolve eliminated 52 rows and 3516 columns.
MIP Presolve modified 1768 coefficients.
Reduced MIP has 1759 rows, 924 columns, and 7572 nonzeros.
Reduced MIP has 676 binaries, 248 generals, 0 SOSs, and 0 indicators.
Presolve time = 0.00 sec. (5.02 ticks)
Probing time = 0.00 sec. (1.54 ticks)
Tried aggregator 1 time.
Detecting symmetries...
Reduced MIP has 1759 rows, 924 columns, and 7572 nonzeros.
Reduced MIP has 676 binaries, 248 generals, 0 SOSs, and 0 indicators.
Presolve time = 0.00 sec. (4.84 ticks)
Probing time = 0.00 sec. (1.59 ticks)
Clique table members: 391.
MIP emphasis: balance optimality and feasibility.
MIP search method: dynamic search.
Parallel mode: none, using 1 thread.
Root relaxation solution time = 0.00 sec. (11.74 ticks)

        Nodes                                         Cuts/
   Node  Left     Objective  IInf  Best Integer    Best Bound    ItCnt     Gap

*     0+    0                        89095.0000   620460.0000           596.40%
      0     0   148720.1746   125    89095.0000   148720.1746      397   66.92%
      0     0   148384.7917   184    89095.0000     Cuts: 183      584   66.55%
      0     0   148121.9669   238    89095.0000      Cuts: 63      680   66.25%
      0     0   148085.2451   258    89095.0000     Cuts: 128      724   66.21%
      0     0   147922.4118   186    89095.0000      Cuts: 61      748   66.03%
      0     0   147822.5000   221    89095.0000      Cuts: 51      814   65.92%
      0     0   147543.2500   178    89095.0000     Cuts: 114      947   65.60%
      0     0   147531.0000   157    89095.0000      Cuts: 19      963   65.59%
      0     0   147531.0000   155    89095.0000   ZeroHalf: 3      967   65.59%
      0     0   147531.0000   155    89095.0000   ZeroHalf: 2      970   65.59%
      0     2   147531.0000   155    89095.0000   147531.0000      970   65.59%
Elapsed time = 0.11 sec. (272.69 ticks, tree = 0.01 MB, solutions = 1)
     45    37   146833.6535   123    89095.0000   147361.0471     4814   65.40%
    118    96   146273.6699   142    89095.0000   147265.0000     9031   65.29%
    200   164   146062.1957   187    89095.0000   147206.4918    13088   65.22%
    312   254   143605.5537   122    89095.0000   147198.0302    17400   65.21%
    378   306   139495.6115   126    89095.0000   147171.8927    22189   65.19%
    472   372   146420.3543   196    89095.0000   147116.4929    26749   65.12%
    547   428   136864.8510   111    89095.0000   147104.9266    31681   65.11%
    642   493   146474.0703   170    89095.0000   147077.3333    36050   65.08%
    733   558    infeasible          89095.0000   147053.1667    40774   65.05%

Performing restart 1

Repeating presolve.
Tried aggregator 1 time.
MIP Presolve modified 64 coefficients.
Reduced MIP has 1759 rows, 924 columns, and 7572 nonzeros.
Reduced MIP has 676 binaries, 248 generals, 0 SOSs, and 0 indicators.
Presolve time = 0.00 sec. (4.13 ticks)
Tried aggregator 1 time.
Reduced MIP has 1759 rows, 924 columns, and 7572 nonzeros.
Reduced MIP has 676 binaries, 248 generals, 0 SOSs, and 0 indicators.
Presolve time = 0.00 sec. (5.02 ticks)
Represolve time = 0.01 sec. (14.66 ticks)
   1064     0   147489.3333   180    89095.0000      Cuts: 11    58412   64.85%
   1064     0   147463.0000   166    89095.0000      Cuts: 71    58464   64.85%
   1064     0   147445.0000   164    89095.0000      Cuts: 71    58481   64.85%
   1064     0   147445.0000   166    89095.0000      Cuts: 95    58492   64.85%
   1064     0   147445.0000   167    89095.0000      Cuts: 80    58506   64.85%
   1064     2   147445.0000   167    89095.0000   146871.7956    58506   64.85%
Elapsed time = 1.60 sec. (4177.30 ticks, tree = 0.01 MB, solutions = 1)
   1070     4   145124.3521   250    89095.0000   146871.7956    59828   64.85%
   1077    11   144427.6590   199    89095.0000   146871.7956    61022   64.85%
   1090    18   143059.2667   151    89095.0000   146871.7956    62344   64.85%
   1135    58   126897.3521   118    89095.0000   146871.7956    64138   64.85%
   1172    87   145995.0342   342    89095.0000   146871.7956    66832   64.85%
   1249   153   141769.1070   282    89095.0000   146871.7956    74473   64.85%
   1355   251   145005.2583   203    89095.0000   146871.7956    82144   64.85%
   1460   338   140995.2301   181    89095.0000   146871.7956    91694   64.85%
   1641   488   140493.0152   256    89095.0000   146871.7956   104702   64.85%
   1753   571   143589.6440   198    89095.0000   146794.6794   118500   64.76%
Elapsed time = 4.94 sec. (14038.07 ticks, tree = 0.49 MB, solutions = 1)
   1908   696   143288.5084   374    89095.0000   146730.8929   133130   64.69%
   2102   867   145616.7541   256    89095.0000   146670.2574   148171   64.62%
   2287  1006   143620.0625   202    89095.0000   146522.0327   161408   64.46%
   2458  1140   145637.2019   240    89095.0000   146449.0605   173970   64.37%
   2663  1298   144813.9334   255    89095.0000   146393.9000   188610   64.31%
   2818  1419   143826.0199   301    89095.0000   146294.2477   203475   64.20%
   2966  1534   145013.7833   263    89095.0000   146260.5208   217860   64.16%
   3136  1657   143990.4167   270    89095.0000   146185.6687   232844   64.08%
   3307  1800   143833.1195   215    89095.0000   146103.5000   248302   63.99%
   3482  1931   139409.1181   300    89095.0000   146026.4431   263844   63.90%
Elapsed time = 8.61 sec. (23688.70 ticks, tree = 1.52 MB, solutions = 1)
   3674  2070   144313.2097   187    89095.0000   145953.6583   279923   63.82%
   3835  2190   144334.2500   188    89095.0000   145908.7523   295734   63.77%
   3986  2290   143249.3371   194    89095.0000   145855.8098   311144   63.71%
   4136  2402   140966.4987   263    89095.0000   145829.5430   324826   63.68%
   4283  2516   137210.1587   199    89095.0000   145806.2222   340069   63.65%
   4461  2655   145259.0333   252    89095.0000   145777.8571   355540   63.62%
   4668  2828   138070.9194   194    89095.0000   145757.0972   370155   63.60%
   4894  3001    infeasible          89095.0000   145684.2500   387317   63.52%
   5083  3152   130269.4648    91    89095.0000   145656.3125   402068   63.48%
   5256  3279   139275.7429   269    89095.0000   145603.1540   417013   63.42%
Elapsed time = 12.23 sec. (33333.26 ticks, tree = 2.58 MB, solutions = 1)
   5458  3433   144553.7271   337    89095.0000   145583.0130   432306   63.40%
   5619  3563   108348.7428   121    89095.0000   145578.2500   446744   63.40%
   5769  3673   141079.8125   166    89095.0000   145565.6250   461002   63.38%
   5936  3804    infeasible          89095.0000   145543.7710   476170   63.36%
   6078  3910   142489.3596   321    89095.0000   145532.8253   490999   63.35%
   6229  4029   135223.1380   258    89095.0000   145516.2475   506044   63.33%
   6428  4179   142408.7500   229    89095.0000   145503.0000   520294   63.31%
   6592  4296    infeasible          89095.0000   145492.0000   535590   63.30%
   6738  4403   143870.9937   287    89095.0000   145435.2809   551508   63.24%
   6923  4547   142714.5116   210    89095.0000   145409.1811   566017   63.21%
Elapsed time = 15.79 sec. (42963.57 ticks, tree = 3.66 MB, solutions = 1)
   7071  4667   140064.0052   279    89095.0000   145387.4778   580834   63.18%
   7240  4801   127535.3312   208    89095.0000   145366.2755   597514   63.16%
   7422  4927   143459.6921   248    89095.0000   145354.6584   611863   63.15%
   7602  5062   117182.7179   173    89095.0000   145340.5849   626816   63.13%
   7807  5222   141319.8000   171    89095.0000   145324.3321   641542   63.11%
   7948  5319   131816.4062   144    89095.0000   145290.8563   656949   63.07%
   8108  5429   132681.6570   215    89095.0000   145278.7845   671577   63.06%
   8290  5565   144225.6339   289    89095.0000   145261.6667   687117   63.04%
   8470  5699   144144.6429   255    89095.0000   145253.6793   703442   63.03%
   8661  5859   142485.6977   302    89095.0000   145248.4618   719162   63.03%
Elapsed time = 19.12 sec. (52578.06 ticks, tree = 4.64 MB, solutions = 1)
   8830  5997   138442.7425   206    89095.0000   145234.0024   733931   63.01%
   9034  6153   140200.5633   138    89095.0000   145203.6991   748953   62.98%
   9251  6320   138902.9444   187    89095.0000   145178.9791   765100   62.95%
   9392  6423   135371.2780   237    89095.0000   145157.8915   779849   62.92%
   9547  6540   136082.5000   291    89095.0000   145135.9677   793782   62.90%
   9742  6707    infeasible          89095.0000   145127.3845   809102   62.89%
   9901  6813   135334.8178   239    89095.0000   145075.5500   824188   62.83%
  10072  6956    infeasible          89095.0000   145061.4852   837492   62.82%
  10250  7101   120920.4228   138    89095.0000   145046.8213   852309   62.80%
  10397  7200   143766.1578   312    89095.0000   145028.8701   867240   62.78%
Elapsed time = 22.49 sec. (62139.77 ticks, tree = 5.65 MB, solutions = 1)
  10593  7348   141800.5714   209    89095.0000   145006.7500   883206   62.76%
  10796  7502   140818.0000   190    89095.0000   144984.2021   898650   62.73%
  11000  7665        cutoff          89095.0000   144974.4667   912756   62.72%
  11163  7798   142339.7291   241    89095.0000   144958.0000   926725   62.70%
  11346  7941   138623.2500   171    89095.0000   144941.4583   942009   62.68%
  11531  8080   144411.6074   272    89095.0000   144921.7700   957739   62.66%
  11694  8207   137962.7370   297    89095.0000   144909.9290   973159   62.65%
* 11704+ 8210                        89895.0000   144909.9290            61.20%
* 11704+ 8169                        95765.0000   144909.9290            51.32%
* 11704+ 8158                        96461.0000   144909.9290            50.23%
* 11704+ 8144                        97017.0000   144909.9290            49.37%
* 11704+ 8100                       100293.0000   144909.9290            44.49%
  11706  8104   139567.0250   270   100293.0000   144902.9095   974990   44.48%

GUB cover cuts applied:  2
Clique cuts applied:  14
Cover cuts applied:  35
Implied bound cuts applied:  54
Flow cuts applied:  5
Mixed integer rounding cuts applied:  258
Zero-half cuts applied:  89
Lift and project cuts applied:  1
Gomory fractional cuts applied:  9

Root node processing (before b&c):
  Real time             =    0.11 sec. (272.94 ticks)
Sequential b&c:
  Real time             =   31.32 sec. (77326.37 ticks)
                          ------------
Total (root+branch&cut) =   31.44 sec. (77599.30 ticks)
[CPLEX] Status: time limit exceeded
[CPLEX] OPTIMAL OBJ: 100293.0
[CPLEX] Runtime: 31.442 sec
Vehicle 0: d → 4 → 19 → 26 → 13 → 25 → 15 → 11 → d, (requests = [15])
Vehicle 1: d → 22 → 27 → 3 → 10 → 7 → 17 → 8 → 21 → 14 → 9 → 28 → 4 → 19 → 26 → 13 → 25 → 29 → 15 → 11 → 0 → 6 → 12 → 20 → 18 → d, (requests = [0, 1, 2, 3, 4, 8, 10, 13, 14, 17, 18])
Vehicle 2: d → 16 → 30 → 20 → 12 → 6 → 0 → 15 → 29 → 25 → 13 → 26 → 19 → 4 → 28 → 14 → 21 → 8 → 17 → d, (requests = [5, 6, 11, 12, 22])
Vehicle 3: d → 26 → 19 → 4 → 24 → d, (requests = [16])
======== PPDSP OBJECTIVE ========
Profit    = 125579
Cost      = 25286
Objective = 100293
=================================
===== RAW XY MODEL =====
148 384 442 492 635 816 846 997 1031 1131 1172 1229 1266 1302 1341 1352 1377 1429 1466 1482 1516 1577 1632 1659 1683 1711 1756 1854 1870 1892 1925 1968 2039 2212 2353 2389 2470 2587 2639 2666 2706 2739 2772 2809 2849 2877 3010 3048 3107 3150 3177 3205 3468 3928 4115 4167 4334 2050 2052 2054 2056 2184 3226 3227 2192 2196 3297 3300 3302 3305 3307 4356 3314 4422 4439
  [Time Manager] Step 22 consumed 31.44s. Total Consumed: 408.49s.
  [Info] Saved 4440 core assumption literals to p1_A-n32-k5_r23v4k2.lp.asm

[23/60] Building & Solving: R=24, V=4, K=2
Default row names c1, c2 ... being created.
  [Info] Generating MIP Formulation...
  [Time Manager] Global Remaining Budget: 3191.51s | Future Weight Sum: 36204.0
  [Time Manager] Recalibrated Budget for this step: 31.03s
[CPLEX] Setting time limit to 31 seconds
[CPLEX] Reading assumption from p1_A-n32-k5_r23v4k2.lp.asm ...
[CPLEX] Applying MIP Start with 4188 variables.
Version identifier: 22.1.1.0 | 2022-11-28 | 9160aff4d
CPXPARAM_Read_DataCheck                          1
CPXPARAM_Threads                                 1
CPXPARAM_TimeLimit                               31
1 of 1 MIP starts provided solutions.
MIP start 'm1' defined initial solution with objective 100293.0000.
Tried aggregator 1 time.
MIP Presolve eliminated 48 rows and 3516 columns.
MIP Presolve modified 1776 coefficients.
Reduced MIP has 1776 rows, 928 columns, and 7680 nonzeros.
Reduced MIP has 680 binaries, 248 generals, 0 SOSs, and 0 indicators.
Presolve time = 0.00 sec. (5.06 ticks)
Probing time = 0.00 sec. (1.56 ticks)
Tried aggregator 1 time.
Detecting symmetries...
Reduced MIP has 1776 rows, 928 columns, and 7680 nonzeros.
Reduced MIP has 680 binaries, 248 generals, 0 SOSs, and 0 indicators.
Presolve time = 0.00 sec. (4.91 ticks)
Probing time = 0.00 sec. (1.61 ticks)
Clique table members: 396.
MIP emphasis: balance optimality and feasibility.
MIP search method: dynamic search.
Parallel mode: none, using 1 thread.
Root relaxation solution time = 0.00 sec. (12.47 ticks)

        Nodes                                         Cuts/
   Node  Left     Objective  IInf  Best Integer    Best Bound    ItCnt     Gap

*     0+    0                       100293.0000   646372.0000           544.48%
      0     0   154826.1963   150   100293.0000   154826.1963      420   54.37%
      0     0   154429.0000   177   100293.0000     Cuts: 223      603   53.98%
      0     0   154233.1250   178   100293.0000      Cuts: 81      702   53.78%
      0     0   154225.0000   180   100293.0000      Cuts: 84      727   53.77%
      0     0   154149.0384   215   100293.0000      Cuts: 60      832   53.70%
      0     0   154054.7500   195   100293.0000      Cuts: 95      860   53.60%
      0     0   153864.9012   279   100293.0000      Cuts: 59      945   53.42%
      0     0   153817.5000   216   100293.0000     Cuts: 113     1016   53.37%
      0     0   153537.8758   255   100293.0000      Cuts: 47     1090   53.09%
      0     0   153536.2250   199   100293.0000      Cuts: 55     1133   53.09%
      0     0   153533.1562   286   100293.0000      Cuts: 45     1151   53.08%
      0     0   153492.0466   180   100293.0000      Cuts: 29     1260   53.04%
      0     0   153416.0000   166   100293.0000      Cuts: 56     1297   52.97%
      0     0   153325.0000   175   100293.0000      Cuts: 39     1324   52.88%
      0     0   153325.0000   175   100293.0000      Cuts: 11     1333   52.88%
      0     2   153325.0000   175   100293.0000   153325.0000     1333   52.88%
Elapsed time = 0.16 sec. (350.24 ticks, tree = 0.01 MB, solutions = 1)
     36    30   152885.3431   384   100293.0000   153119.1042     5231   52.67%
     93    69   152819.2294   227   100293.0000   153063.4460     8922   52.62%
    149   107   152770.7588   185   100293.0000   153062.4601    12714   52.62%
    215   147   152981.3421   155   100293.0000   152980.0000    17324   52.53%
    262   181   152199.8834   351   100293.0000   152955.1048    20997   52.51%
    328   225   151687.0499   201   100293.0000   152952.2113    25577   52.51%
    396   271    infeasible         100293.0000   152927.2515    30316   52.48%
    443   300   152658.6634   164   100293.0000   152881.5546    33797   52.43%

Performing restart 1

Repeating presolve.
Tried aggregator 1 time.
MIP Presolve modified 64 coefficients.
Reduced MIP has 1776 rows, 928 columns, and 7680 nonzeros.
Reduced MIP has 680 binaries, 248 generals, 0 SOSs, and 0 indicators.
Presolve time = 0.00 sec. (4.18 ticks)
Tried aggregator 1 time.
Reduced MIP has 1776 rows, 928 columns, and 7680 nonzeros.
Reduced MIP has 680 binaries, 248 generals, 0 SOSs, and 0 indicators.
Presolve time = 0.00 sec. (5.09 ticks)
Represolve time = 0.01 sec. (16.25 ticks)
    513     0   153314.0000   168   100293.0000      Cuts: 25    37642   52.41%
    513     0   153282.0000   170   100293.0000      Cuts: 24    37702   52.41%
    513     0   153270.0000   166   100293.0000      Cuts: 12    37754   52.41%
    513     0   153239.0000   172   100293.0000      Cuts: 16    37847   52.41%
    513     0   153235.5000   173   100293.0000      Cuts: 21    37875   52.41%
    513     0   153228.0000   188   100293.0000       Cuts: 8    37909   52.41%
    513     2   153228.0000   188   100293.0000   152852.6063    37909   52.41%
    516     5   152808.0861   393   100293.0000   152852.6063    38533   52.41%
Elapsed time = 1.73 sec. (4750.63 ticks, tree = 0.01 MB, solutions = 1)
    527    11   149048.7423   171   100293.0000   152852.6063    40166   52.41%
    539    23   148174.0289   250   100293.0000   152852.6063    41600   52.41%
    551    30   152776.0789   255   100293.0000   152852.6063    42702   52.41%
    566    43   147982.8817   195   100293.0000   152852.6063    45783   52.41%
    612    82   151511.2649   219   100293.0000   152852.6063    49327   52.41%
    667   132   147982.0203   221   100293.0000   152832.5893    54602   52.39%
    752   202   145390.3517   209   100293.0000   152807.7944    62973   52.36%
    857   294   151465.5740   236   100293.0000   152641.4395    72491   52.20%
    979   383   150405.5843   285   100293.0000   152502.8618    83469   52.06%
   1076   463   150513.0989   232   100293.0000   152467.5561    96138   52.02%
Elapsed time = 5.20 sec. (14815.31 ticks, tree = 0.42 MB, solutions = 1)
   1189   554   148825.9401   252   100293.0000   152243.5700   108526   51.80%
   1321   655   149983.1591   179   100293.0000   152096.2020   122723   51.65%
   1408   720   150902.0406   193   100293.0000   151996.3333   135595   51.55%
   1549   831    infeasible         100293.0000   151859.5000   149702   51.42%
   1640   902   147413.8524   379   100293.0000   151779.3957   162013   51.34%
   1786  1029   135313.1988   208   100293.0000   151767.8549   177504   51.32%
   1922  1145   148981.6136   156   100293.0000   151660.8678   191422   51.22%
   2056  1258   110620.8148   150   100293.0000   151626.0459   205947   51.18%
   2144  1330   150162.8144   232   100293.0000   151489.3706   220639   51.05%
   2367  1518        cutoff         100293.0000   151443.0622   235100   51.00%
Elapsed time = 8.72 sec. (24427.84 ticks, tree = 1.49 MB, solutions = 1)
   2524  1643   147433.2034   239   100293.0000   151378.8468   250615   50.94%
   2691  1772   148608.4231   213   100293.0000   151250.4737   267323   50.81%
   2881  1934   147096.1763   207   100293.0000   151212.8268   282930   50.77%
   3020  2051   148269.0055   178   100293.0000   151188.6720   297410   50.75%
   3172  2168    infeasible         100293.0000   151145.4934   312341   50.70%
   3354  2314   146451.3170   189   100293.0000   151125.0000   327329   50.68%
   3553  2473   148516.2376   201   100293.0000   151109.9803   342371   50.67%
   3705  2589   117395.6557   110   100293.0000   151054.0961   356734   50.61%
   3918  2769   143336.2510   223   100293.0000   151043.3596   372857   50.60%
   4055  2879   142834.2892   201   100293.0000   150987.7434   387550   50.55%
Elapsed time = 12.22 sec. (34036.17 ticks, tree = 2.60 MB, solutions = 1)
   4226  3015   150333.4596   183   100293.0000   150937.6420   403742   50.50%
   4367  3126   145300.5539   200   100293.0000   150902.6411   418987   50.46%
   4531  3248   143173.0812   211   100293.0000   150854.5000   434462   50.41%
   4669  3366   143715.7857   279   100293.0000   150839.9125   449159   50.40%
   4843  3498   133697.4776   192   100293.0000   150773.7135   466022   50.33%
   5045  3651   148511.5699   155   100293.0000   150729.1972   480688   50.29%
   5264  3820   143771.7973    64   100293.0000   150710.3486   495552   50.27%
   5426  3940   148926.4966   176   100293.0000   150672.2741   511571   50.23%
   5695  4151   144527.9097   226   100293.0000   150635.7714   527796   50.20%
   5888  4308   148553.3645   227   100293.0000   150608.9907   543340   50.17%
Elapsed time = 15.69 sec. (43653.93 ticks, tree = 3.81 MB, solutions = 1)
   6053  4441   143700.3162   162   100293.0000   150580.0525   558406   50.14%
   6248  4594   147034.8675   177   100293.0000   150545.8419   573412   50.11%
   6403  4722   139404.8682   171   100293.0000   150535.9955   589881   50.10%
   6633  4900   149585.2407   309   100293.0000   150520.5000   605461   50.08%
   6762  4985   146307.0615   209   100293.0000   150512.6312   622236   50.07%
   6985  5174   148034.7913   265   100293.0000   150496.5618   637212   50.06%
   7143  5288   148971.4780   183   100293.0000   150462.7198   652459   50.02%
   7304  5411   149087.9746   229   100293.0000   150440.1294   668591   50.00%
   7470  5547   122455.1564   244   100293.0000   150427.6690   685590   49.99%
   7722  5726   150140.4613   226   100293.0000   150405.5843   701156   49.97%
Elapsed time = 19.19 sec. (53312.46 ticks, tree = 4.88 MB, solutions = 1)
   7909  5877   145781.5523   277   100293.0000   150386.0875   718090   49.95%
   8102  6023   148856.5896   182   100293.0000   150364.0176   733680   49.92%
   8277  6154   150227.2088   350   100293.0000   150350.1579   750477   49.91%
   8414  6277   145773.9058   203   100293.0000   150344.9541   766290   49.91%
   8620  6448   129494.2573   275   100293.0000   150334.6245   781388   49.90%
   8761  6552   140062.4835   243   100293.0000   150322.9782   796518   49.88%
   8943  6704   144801.3851   199   100293.0000   150308.1111   811565   49.87%
   9145  6873   133333.7276   179   100293.0000   150292.8129   827653   49.85%
   9373  7054   117580.2138   132   100293.0000   150278.6983   843108   49.84%
   9577  7209   146594.1995   221   100293.0000   150245.3333   859803   49.81%
Elapsed time = 22.61 sec. (62908.53 ticks, tree = 6.00 MB, solutions = 1)
   9777  7374   137668.7734   212   100293.0000   150225.3768   876497   49.79%
   9949  7502    infeasible         100293.0000   150204.0202   892056   49.77%
  10145  7668   146675.0707   226   100293.0000   150187.7613   908510   49.75%
  10299  7793   143034.0584   166   100293.0000   150174.6987   923981   49.74%
  10473  7941   149082.7992   196   100293.0000   150161.8305   940123   49.72%
  10642  8072   147918.6886   267   100293.0000   150145.4590   956256   49.71%
* 10773+ 8133                       105723.0000   150123.9549            42.00%
  10774  8136   149844.2602   252   105723.0000   150122.8498   971341   42.00%
  10775  8137   150118.9715   181   105723.0000   150119.8165   971356   41.99%
  10987  8307   142493.6481   178   105723.0000   150095.4325   987943   41.97%
  11176  8465   147265.5329   307   105723.0000   150077.1717  1003805   41.95%
Elapsed time = 28.41 sec. (77295.54 ticks, tree = 7.28 MB, solutions = 2)
  11338  8598   141260.2215   102   105723.0000   150056.3466  1020079   41.93%
  11512  8728   148887.3278   279   105723.0000   150040.2189  1035271   41.92%
  11693  8871   149506.2500   260   105723.0000   150028.3224  1050308   41.91%
  11912  9049   148832.3971   253   105723.0000   150011.1315  1065555   41.89%
  12074  9176   122124.8051   151   105723.0000   149996.7765  1080942   41.88%
  12234  9306   143352.2510   162   105723.0000   149984.4110  1095392   41.87%
  12405  9432   137744.5866   183   105723.0000   149966.8592  1110623   41.85%

GUB cover cuts applied:  3
Clique cuts applied:  6
Cover cuts applied:  34
Implied bound cuts applied:  44
Flow cuts applied:  8
Mixed integer rounding cuts applied:  243
Zero-half cuts applied:  115
Lift and project cuts applied:  1
Gomory fractional cuts applied:  12

Root node processing (before b&c):
  Real time             =    0.16 sec. (350.36 ticks)
Sequential b&c:
  Real time             =   30.84 sec. (83884.84 ticks)
                          ------------
Total (root+branch&cut) =   31.00 sec. (84235.20 ticks)
[CPLEX] Status: time limit exceeded
[CPLEX] OPTIMAL OBJ: 105723.0
[CPLEX] Runtime: 31.005 sec
Vehicle 0: d → 4 → 19 → 26 → 13 → 25 → 15 → 11 → d, (requests = [15])
Vehicle 1: d → 5 → 2 → 22 → 27 → 3 → 10 → 7 → 17 → 8 → 21 → 14 → 9 → 28 → 4 → 19 → 26 → 13 → 25 → 29 → 15 → 11 → 0 → 6 → 12 → 20 → 18 → d, (requests = [0, 1, 2, 3, 4, 8, 10, 13, 14, 17, 18, 21])
Vehicle 2: d → 16 → 30 → 20 → 12 → 6 → 0 → 15 → 29 → 25 → 13 → 26 → 19 → 4 → 28 → 14 → 21 → 8 → 17 → d, (requests = [5, 6, 11, 12, 22])
Vehicle 3: d → 26 → 19 → 4 → 24 → d, (requests = [16])
======== PPDSP OBJECTIVE ========
Profit    = 131105
Cost      = 25382
Objective = 105723
=================================
===== RAW XY MODEL =====
148 384 442 492 635 816 846 997 1031 1111 1131 1172 1187 1229 1266 1302 1341 1352 1377 1429 1466 1482 1516 1577 1632 1659 1683 1711 1756 1854 1870 1892 1925 1968 2022 2212 2353 2389 2470 2587 2639 2666 2706 2739 2772 2809 2849 2877 3010 3048 3107 3150 3177 3205 3468 3928 4115 4167 4334 2050 2052 2054 2056 2184 3226 3227 2192 2196 3297 3300 3302 3305 3307 4356 3314 4422 4434 4439
  [Time Manager] Step 23 consumed 31.01s. Total Consumed: 439.49s.
  [Info] Saved 4444 core assumption literals to p1_A-n32-k5_r24v4k2.lp.asm

[24/60] Building & Solving: R=24, V=5, K=2
Default row names c1, c2 ... being created.
  [Info] Generating MIP Formulation...
  [Time Manager] Global Remaining Budget: 3160.51s | Future Weight Sum: 35852.0
  [Time Manager] Recalibrated Budget for this step: 38.79s
[CPLEX] Setting time limit to 38 seconds
[CPLEX] Reading assumption from p1_A-n32-k5_r24v4k2.lp.asm ...
[CPLEX] Applying MIP Start with 4192 variables.
Version identifier: 22.1.1.0 | 2022-11-28 | 9160aff4d
CPXPARAM_Read_DataCheck                          1
CPXPARAM_Threads                                 1
CPXPARAM_TimeLimit                               38
1 of 1 MIP starts provided solutions.
MIP start 'm1' defined initial solution with objective 113445.0000.
Tried aggregator 1 time.
MIP Presolve eliminated 60 rows and 4395 columns.
MIP Presolve modified 2220 coefficients.
Reduced MIP has 2214 rows, 1160 columns, and 9600 nonzeros.
Reduced MIP has 850 binaries, 310 generals, 0 SOSs, and 0 indicators.
Presolve time = 0.00 sec. (6.32 ticks)
Probing time = 0.00 sec. (2.00 ticks)
Tried aggregator 1 time.
Detecting symmetries...
Reduced MIP has 2214 rows, 1160 columns, and 9600 nonzeros.
Reduced MIP has 850 binaries, 310 generals, 0 SOSs, and 0 indicators.
Presolve time = 0.00 sec. (6.43 ticks)
Probing time = 0.00 sec. (2.06 ticks)
Clique table members: 489.
MIP emphasis: balance optimality and feasibility.
MIP search method: dynamic search.
Parallel mode: none, using 1 thread.
Root relaxation solution time = 0.01 sec. (20.23 ticks)

        Nodes                                         Cuts/
   Node  Left     Objective  IInf  Best Integer    Best Bound    ItCnt     Gap

*     0+    0                       113445.0000   807965.0000           612.21%
      0     0   154826.1963   151   113445.0000   154826.1963      573   36.48%
      0     0   154429.0000   147   113445.0000     Cuts: 230      704   36.13%
      0     0   154257.0000   169   113445.0000     Cuts: 109      807   35.98%
      0     0   154240.0000   164   113445.0000       Cuts: 5      810   35.96%
      0     0   154240.0000   163   113445.0000       Cuts: 4      819   35.96%
      0     0   154240.0000   163   113445.0000  ZeroHalf: 11      821   35.96%
      0     2   154240.0000   163   113445.0000   154238.0000      821   35.96%
Elapsed time = 0.17 sec. (389.30 ticks, tree = 0.01 MB, solutions = 1)
     37    33   153761.0768   187   113445.0000   154104.2519     3906   35.84%
    100    88   150273.5971   141   113445.0000   154053.9486     6675   35.80%
    162   123   148557.0669   179   113445.0000   153932.0792     9757   35.69%
    232   173   153592.9743   200   113445.0000   153881.5088    12332   35.64%
    333   236   141541.5925   125   113445.0000   153875.2093    15238   35.64%
    420   303   153528.4902   157   113445.0000   153833.1998    18049   35.60%
    504   359   153457.7811   154   113445.0000   153799.2255    20786   35.57%
    582   422   149637.3753   169   113445.0000   153786.0000    23527   35.56%
    673   497    infeasible         113445.0000   153784.6077    26499   35.56%
    928   668   152779.8107   144   113445.0000   153703.9619    37158   35.49%
Elapsed time = 3.57 sec. (3521.49 ticks, tree = 8.82 MB, solutions = 1)

Performing restart 1

Repeating presolve.
Tried aggregator 1 time.
MIP Presolve modified 80 coefficients.
Reduced MIP has 2214 rows, 1160 columns, and 9600 nonzeros.
Reduced MIP has 850 binaries, 310 generals, 0 SOSs, and 0 indicators.
Presolve time = 0.00 sec. (5.19 ticks)
Tried aggregator 1 time.
Reduced MIP has 2214 rows, 1160 columns, and 9600 nonzeros.
Reduced MIP has 850 binaries, 310 generals, 0 SOSs, and 0 indicators.
Presolve time = 0.00 sec. (6.65 ticks)
Represolve time = 0.01 sec. (19.35 ticks)
    936     0   154238.0000   166   113445.0000      Cuts: 20    38419   35.49%
    936     0   154238.0000   174   113445.0000     Cuts: 102    38448   35.49%
    936     0   154238.0000   170   113445.0000     Cuts: 102    38492   35.49%
    936     0   154238.0000   178   113445.0000      Cuts: 86    38507   35.49%
    936     0   154238.0000   177   113445.0000     Cuts: 113    38521   35.49%
    937     3   154136.8537   195   113445.0000   153703.9619    38803   35.49%
    944    10   152957.2571   327   113445.0000   153703.9619    40559   35.49%
    970    34   149189.9906   219   113445.0000   153703.9619    46078   35.49%
   1009    58   150979.1114   203   113445.0000   153703.9619    55077   35.49%
   1110   138   153292.0000   161   113445.0000   153703.9619    64731   35.49%
   1237   241   150490.0661   149   113445.0000   153539.0000    75306   35.34%
   1361   342   147652.8831   194   113445.0000   153488.0743    85610   35.30%
   1522   491   137202.0097   126   113445.0000   153479.6177    94276   35.29%
   1648   592   141117.4644   222   113445.0000   153415.1818   104839   35.23%
   1820   745   148526.6771   228   113445.0000   153339.6846   118334   35.17%
Elapsed time = 7.21 sec. (13377.51 ticks, tree = 0.88 MB, solutions = 1)
   2005   896   151214.1667   242   113445.0000   153327.0716   131042   35.16%
   2182  1055   148987.4735   189   113445.0000   153271.4359   144883   35.11%
   2336  1185   151469.7924   150   113445.0000   153188.1806   157598   35.03%
   2430  1259   150074.8858   213   113445.0000   153143.7114   168268   34.99%
   2535  1330   152493.0521   341   113445.0000   153092.5000   179299   34.95%
   2650  1429   150372.5778   273   113445.0000   153083.1000   189840   34.94%
   2760  1516   146434.3092   164   113445.0000   153048.8849   200692   34.91%
   2897  1620   148887.5000   209   113445.0000   152985.7372   211981   34.85%
   2994  1705   150972.8462   307   113445.0000   152968.0000   221541   34.84%
   3123  1810   150635.6818   269   113445.0000   152951.6932   232956   34.82%
Elapsed time = 10.81 sec. (23080.66 ticks, tree = 1.88 MB, solutions = 1)
   3253  1920   145676.1386   226   113445.0000   152942.2540   243997   34.82%
   3383  2027   144909.1146   174   113445.0000   152913.6689   255187   34.79%
   3514  2138   152763.7500   219   113445.0000   152911.1587   266545   34.79%
   3626  2229   150179.7404   298   113445.0000   152904.1108   277416   34.78%
   3792  2365   150996.3875   294   113445.0000   152874.3478   287792   34.76%
   3867  2413    infeasible         113445.0000   152861.1521   297971   34.74%
   3991  2524   148732.1639   189   113445.0000   152854.9286   309546   34.74%
   4087  2598   152511.2720   270   113445.0000   152846.5625   320696   34.73%
   4210  2700   145797.3265   181   113445.0000   152815.4167   333606   34.70%
   4389  2862   146983.1042   240   113445.0000   152809.2539   346209   34.70%
Elapsed time = 14.30 sec. (32738.92 ticks, tree = 2.89 MB, solutions = 1)
   4491  2951   147265.9430   268   113445.0000   152796.5000   357561   34.69%
   4604  3036    infeasible         113445.0000   152791.9359   368268   34.68%
   4694  3107   151359.0168   450   113445.0000   152774.9512   378861   34.67%
   4828  3224   131851.5504   204   113445.0000   152767.5747   391138   34.66%
   4969  3333   150980.2276   354   113445.0000   152763.7500   403016   34.66%
   5049  3393   151176.8080   246   113445.0000   152746.5957   413637   34.64%
   5174  3488  -1.00000e+75   217   113445.0000   152684.2835   425631   34.59%
   5289  3583        cutoff         113445.0000   152677.5323   436491   34.58%
   5410  3681   151811.5914   349   113445.0000   152662.5568   446768   34.57%
   5521  3771   148007.1968   291   113445.0000   152645.2083   457783   34.55%
Elapsed time = 17.89 sec. (42516.67 ticks, tree = 3.71 MB, solutions = 1)
   5661  3897   149986.3333   235   113445.0000   152623.8278   469361   34.54%
   5781  3997    infeasible         113445.0000   152622.1267   480263   34.53%
   5869  4068   151891.1676   221   113445.0000   152582.1346   490444   34.50%
   6006  4172   150560.3200   220   113445.0000   152566.6166   502495   34.49%
   6117  4256   142090.1849   239   113445.0000   152552.1350   515296   34.47%
   6260  4382   141286.3660   240   113445.0000   152531.9683   526635   34.45%
   6346  4447    infeasible         113445.0000   152515.6500   537818   34.44%
   6402  4487   149661.2000   206   113445.0000   152501.1581   549185   34.43%
   6498  4571   144719.8589   245   113445.0000   152500.2657   559778   34.43%
   6637  4682   144062.0000   209   113445.0000   152499.0862   571553   34.43%
Elapsed time = 21.41 sec. (52326.80 ticks, tree = 4.68 MB, solutions = 1)
   6743  4764   149516.5127   319   113445.0000   152479.5115   582686   34.41%
   6874  4877   141630.4906   206   113445.0000   152462.1720   594190   34.39%
*  6936+ 4877                       117258.0000   152457.5000            30.02%
   6943  4882   151086.8308   268   117258.0000   152450.5093   604722   30.01%
   7042  4960   150845.8295   296   117258.0000   152429.1413   616180   29.99%
   7095  4992   147912.8617   280   117258.0000   152426.0869   626218   29.99%
   7204  5083   149970.3462   180   117258.0000   152418.5939   638783   29.99%
   7344  5197        cutoff         117258.0000   152414.0000   648962   29.98%
   7432  5267   138187.3359   173   117258.0000   152409.2742   659498   29.98%
   7502  5316   148760.9083   310   117258.0000   152400.4486   668528   29.97%
   7625  5412   148387.2500   204   117258.0000   152389.7411   679587   29.96%
Elapsed time = 24.95 sec. (62000.68 ticks, tree = 5.48 MB, solutions = 2)
   7718  5479   150087.1667   189   117258.0000   152377.6300   691352   29.95%
   7855  5596   134391.4970   190   117258.0000   152370.9250   704178   29.95%
   7974  5688   148812.0000   149   117258.0000   152339.4086   717131   29.92%
   8112  5796   148094.0990   237   117258.0000   152319.5290   730781   29.90%
   8289  5932   138749.2480   229   117258.0000   152310.9174   744442   29.89%
   8437  6051    infeasible         117258.0000   152299.8265   758492   29.88%
   8583  6166   147705.0209   240   117258.0000   152292.4359   772070   29.88%
   8750  6310   145473.1606   268   117258.0000   152278.1554   785118   29.87%
   8886  6410   145492.8000   203   117258.0000   152263.2351   797606   29.85%
   9013  6501   150023.4750   250   117258.0000   152253.6143   808802   29.84%
Elapsed time = 28.53 sec. (71628.46 ticks, tree = 6.46 MB, solutions = 2)
   9125  6594   150945.5833   233   117258.0000   152236.1549   819897   29.83%
   9235  6690   142029.5032   221   117258.0000   152219.1013   830332   29.82%
   9349  6782   144505.3620   242   117258.0000   152213.5000   841041   29.81%
   9477  6890   144812.2984   232   117258.0000   152209.2492   851684   29.81%
   9581  6974   150999.0000   161   117258.0000   152194.3574   862698   29.79%
   9662  7033   135214.6039   219   117258.0000   152192.6210   873943   29.79%
   9749  7092   143697.1677   236   117258.0000   152183.4577   884031   29.79%
   9863  7187   148164.6778   293   117258.0000   152168.9476   894603   29.77%
   9970  7266   151295.7000   336   117258.0000   152149.5000   906858   29.76%
  10085  7368   140492.6103   231   117258.0000   152147.1818   917929   29.75%
Elapsed time = 32.12 sec. (81225.39 ticks, tree = 7.56 MB, solutions = 2)
  10161  7421   150720.4220   286   117258.0000   152128.4969   928169   29.74%
  10292  7524        cutoff         117258.0000   152120.6160   939456   29.73%
* 10297+ 7520                       118349.0000   152111.5831            28.53%
* 10297+ 7520                       118460.0000   152111.5831            28.41%
* 10297+ 7518                       118590.0000   152111.5831            28.27%
* 10297+ 7517                       118701.0000   152111.5831            28.15%
  10297  7519   149357.3048   272   118701.0000   152105.6283   940929   28.14%
* 10298+ 7517                       118888.0000   152105.6283            27.94%
Advanced basis not built.

GUB cover cuts applied:  9
Clique cuts applied:  20
Cover cuts applied:  56
Implied bound cuts applied:  67
Flow cuts applied:  4
Mixed integer rounding cuts applied:  524
Zero-half cuts applied:  31
Lift and project cuts applied:  4
Gomory fractional cuts applied:  12

Root node processing (before b&c):
  Real time             =    0.17 sec. (389.66 ticks)
Sequential b&c:
  Real time             =   37.90 sec. (88929.64 ticks)
                          ------------
Total (root+branch&cut) =   38.06 sec. (89319.29 ticks)
[CPLEX] Status: time limit exceeded
[CPLEX] OPTIMAL OBJ: 118888.0
[CPLEX] Runtime: 38.070 sec
Vehicle 0: d → 4 → 19 → 26 → 13 → 25 → 15 → 11 → d, (requests = [15])
Vehicle 1: d → 5 → 2 → 22 → 27 → 3 → 10 → 7 → 17 → 21 → 14 → 28 → 9 → 24 → 4 → 19 → 26 → 13 → 25 → 29 → 15 → 11 → 0 → 6 → 12 → 20 → 18 → d, (requests = [0, 1, 2, 3, 4, 10, 13, 14, 17, 18, 19, 21])
Vehicle 2: d → 16 → 30 → 20 → 12 → 6 → 15 → 25 → 13 → 26 → 19 → 4 → 28 → 14 → 21 → 8 → d, (requests = [5, 11, 12])
Vehicle 3: d, (requests = [])
Vehicle 4: d → 12 → 6 → 0 → 15 → 29 → 25 → 13 → 26 → 19 → 4 → 24 → 9 → 14 → 21 → 17 → 7 → 10 → 3 → 27 → 22 → 2 → 5 → d, (requests = [6, 7, 16, 20, 22, 23])
======== PPDSP OBJECTIVE ========
Profit    = 148986
Cost      = 30098
Objective = 118888
=================================
===== RAW XY MODEL =====
148 384 442 492 635 816 846 997 1031 1111 1131 1172 1187 1229 1266 1337 1352 1377 1429 1466 1501 1516 1590 1632 1659 1683 1711 1756 1797 1854 1870 1892 1930 1968 2022 2353 2404 2484 2587 2639 2666 2702 2739 2809 2849 2877 3010 3048 3107 3177 3205 4460 4514 4568 4597 4636 4637 4679 4747 4768 4835 4887 4914 4954 4996 5057 5134 5151 5222 5258 5296 5331 5398 5449 2050 2052 2054 2056 2184 3226 5475 5476 2196 3297 3300 3302 3305 3307 5485 3314 4422 4426 5489 4434 5491 5492
  [Time Manager] Step 24 consumed 38.07s. Total Consumed: 477.56s.
  [Info] Saved 5492 core assumption literals to p1_A-n32-k5_r24v5k2.lp.asm

[25/60] Building & Solving: R=24, V=5, K=3
Default row names c1, c2 ... being created.
  [Info] Generating MIP Formulation...
  [Time Manager] Global Remaining Budget: 3122.44s | Future Weight Sum: 35412.0
  [Time Manager] Recalibrated Budget for this step: 52.90s
[CPLEX] Setting time limit to 52 seconds
[CPLEX] Reading assumption from p1_A-n32-k5_r24v5k2.lp.asm ...
[CPLEX] Applying MIP Start with 5240 variables.
Version identifier: 22.1.1.0 | 2022-11-28 | 9160aff4d
CPXPARAM_Read_DataCheck                          1
CPXPARAM_Threads                                 1
CPXPARAM_TimeLimit                               52
1 of 1 MIP starts provided solutions.
MIP start 'm1' defined initial solution with objective 118888.0000.
Tried aggregator 1 time.
MIP Presolve eliminated 60 rows and 4265 columns.
MIP Presolve modified 2740 coefficients.
Reduced MIP has 2604 rows, 1290 columns, and 11850 nonzeros.
Reduced MIP has 980 binaries, 310 generals, 0 SOSs, and 0 indicators.
Presolve time = 0.00 sec. (7.28 ticks)
Probing time = 0.00 sec. (2.47 ticks)
Tried aggregator 1 time.
Detecting symmetries...
Reduced MIP has 2604 rows, 1290 columns, and 11850 nonzeros.
Reduced MIP has 980 binaries, 310 generals, 0 SOSs, and 0 indicators.
Presolve time = 0.00 sec. (7.69 ticks)
Probing time = 0.00 sec. (2.55 ticks)
Clique table members: 554.
MIP emphasis: balance optimality and feasibility.
MIP search method: dynamic search.
Parallel mode: none, using 1 thread.
Root relaxation solution time = 0.01 sec. (24.21 ticks)

        Nodes                                         Cuts/
   Node  Left     Objective  IInf  Best Integer    Best Bound    ItCnt     Gap

*     0+    0                       118888.0000   807965.0000           579.60%
      0     0   155009.6276   141   118888.0000   155009.6276      599   30.38%
      0     0   154636.5000   135   118888.0000     Cuts: 139      790   30.07%
      0     0   154481.0323   186   118888.0000     Cuts: 142      939   29.94%
      0     0   154471.8158   175   118888.0000      Cuts: 73      961   29.93%
      0     0   154431.0000   141   118888.0000      Cuts: 49      973   29.90%
      0     0   154431.0000   167   118888.0000     Cuts: 101     1010   29.90%
      0     0   154405.7812   196   118888.0000  ZeroHalf: 35     1095   29.87%
      0     0   154363.7500   198   118888.0000      Cuts: 87     1129   29.84%
      0     0   154221.3911   213   118888.0000      Cuts: 68     1302   29.72%
      0     0   154124.2895   254   118888.0000     Cuts: 106     1429   29.64%
      0     0   154047.5000    90   118888.0000      Cuts: 66     1518   29.57%
      0     0   154029.5000   224   118888.0000      Cuts: 66     1617   29.56%
      0     0   154024.3125   243   118888.0000      Cuts: 90     1683   29.55%
      0     2   154024.3125   229   118888.0000   154023.4737     1683   29.55%
Elapsed time = 0.30 sec. (695.73 ticks, tree = 0.01 MB, solutions = 1)
     10    12   153735.0495    91   118888.0000   154023.4737     2868   29.55%
     31    33   152047.3537    91   118888.0000   154023.4737     5807   29.55%
     64    58   153674.2360   200   118888.0000   153890.2942     8859   29.44%
    100    92   152232.2331    74   118888.0000   153890.2942    12087   29.44%
    135   119   151336.9981   140   118888.0000   153885.1967    15377   29.44%
    200   163   153581.1914   227   118888.0000   153864.0122    19058   29.42%
    213   172   153411.9120   116   118888.0000   153860.2255    22037   29.42%
    256   209   152728.2599   197   118888.0000   153860.2255    25662   29.42%
    325   262   152521.9643   237   118888.0000   153845.7807    28353   29.40%
    560   435   150538.1125   127   118888.0000   153753.1988    37552   29.33%
Elapsed time = 1.48 sec. (3895.06 ticks, tree = 2.16 MB, solutions = 1)
    762   600   152223.0862    91   118888.0000   153714.9355    46494   29.29%
    942   730   146365.8591   139   118888.0000   153692.6156    56402   29.28%

Performing restart 1

Repeating presolve.
Tried aggregator 1 time.
MIP Presolve modified 80 coefficients.
Reduced MIP has 2604 rows, 1290 columns, and 11850 nonzeros.
Reduced MIP has 980 binaries, 310 generals, 0 SOSs, and 0 indicators.
Presolve time = 0.00 sec. (6.20 ticks)
Tried aggregator 1 time.
Reduced MIP has 2604 rows, 1290 columns, and 11850 nonzeros.
Reduced MIP has 980 binaries, 310 generals, 0 SOSs, and 0 indicators.
Presolve time = 0.00 sec. (7.95 ticks)
Represolve time = 0.01 sec. (22.12 ticks)
    956     0   153919.7290   300   118888.0000     Cuts: 128    58232   29.27%
    956     0   153830.3710   289   118888.0000     Cuts: 129    58377   29.27%
    956     0   153816.9412   104   118888.0000     Cuts: 122    58443   29.27%
    956     0   153810.6619    99   118888.0000     Cuts: 152    58527   29.27%
    956     0   153720.5076   394   118888.0000      Cuts: 96    58860   29.27%
*   956+    0                       118980.0000   153688.2463            29.17%
    956     0        cutoff         118980.0000   153688.2463    58860   29.17%
    956     0   153681.6795   299   118980.0000     Cuts: 139    59108   29.17%
    956     0   153663.2632   231   118980.0000      Cuts: 91    59214   29.15%
    956     0   153651.5682   224   118980.0000     Cuts: 143    59363   29.14%
    956     0   153639.0000   102   118980.0000      Cuts: 74    59468   29.13%
    956     0   153636.5385   112   118980.0000     Cuts: 133    59591   29.13%
    956     0   153635.6592   201   118980.0000     Cuts: 132    59709   29.13%
    956     0   153630.2295   419   118980.0000     Cuts: 183    59867   29.12%
*   956+    0                       119218.0000   153630.2295            28.86%
    956     0   153629.6406   365   119218.0000     Cuts: 151    59944   28.86%
    956     0   153629.6406   372   119218.0000      Cuts: 94    59983   28.86%
    956     0   153629.6406   374   119218.0000     Cuts: 101    60015   28.86%
    956     0   153629.3756   371   119218.0000      Cuts: 26    60037   28.86%
    956     2   153629.3756   371   119218.0000   153629.2193    60037   28.86%
    961     5   152755.8712   103   119218.0000   153627.7392    60598   28.86%
    980    18   150971.9467   229   119218.0000   153627.7392    64070   28.86%
   1024    54   153621.9284   406   119218.0000   153626.3333    68333   28.86%
   1067    93   149991.5932   201   119218.0000   153626.3333    75155   28.86%
   1131   150   150451.4727   300   119218.0000   153625.0257    80089   28.86%
   1219   231   145648.9516   285   119218.0000   153611.3292    86016   28.85%
   1295   292   152942.8167   268   119218.0000   153577.4518    91823   28.82%
Elapsed time = 5.90 sec. (16031.77 ticks, tree = 3.65 MB, solutions = 3)
   1378   363   153366.3394   253   119218.0000   153557.7979    97156   28.80%
   1492   464   153247.0551   317   119218.0000   153554.2414   102433   28.80%
   1566   525   152947.6161   181   119218.0000   153542.8849   109912   28.79%
   1694   636   136795.8207   206   119218.0000   153542.2992   116897   28.79%
   1785   709    infeasible         119218.0000   153538.4258   122767   28.79%
   1866   781   147140.2172   253   119218.0000   153525.8460   129268   28.78%
   1983   885   148214.8420   256   119218.0000   153521.2706   136027   28.77%
   2071   964   146121.8603   162   119218.0000   153515.3178   143524   28.77%
   2160  1034   153472.8483   317   119218.0000   153507.7629   150780   28.76%
   2266  1122   151791.3852   137   119218.0000   153503.2620   157245   28.76%
Elapsed time = 9.26 sec. (25808.16 ticks, tree = 11.00 MB, solutions = 3)
   2410  1251   145031.4448   245   119218.0000   153496.8992   164473   28.75%
   2517  1345   137712.0943   163   119218.0000   153475.8333   172371   28.74%
   2619  1420   153205.5635   366   119218.0000   153471.2284   179073   28.73%
   2736  1527   148548.9440   244   119218.0000   153448.6157   187021   28.71%
   2831  1608   152863.3611   217   119218.0000   153438.0628   194628   28.70%
   2943  1706   146858.3077   198   119218.0000   153430.8231   202678   28.70%
*  2956+ 1717                       119310.0000   153430.8231            28.60%
   3079  1826   151866.0969   227   119310.0000   153426.2468   210095   28.59%
   3129  1862   152067.6711   226   119310.0000   153418.5385   216037   28.59%
   3276  1985    infeasible         119310.0000   153397.1667   222400   28.57%
   3323  2022   148718.3069   106   119310.0000   153394.5111   228592   28.57%
Elapsed time = 12.46 sec. (35469.68 ticks, tree = 29.59 MB, solutions = 4)
   3408  2090   151721.3788   122   119310.0000   153369.1473   235021   28.55%
   3548  2217   152509.6039   206   119310.0000   153364.3265   241903   28.54%
   3615  2267   152528.2479   172   119310.0000   153356.4873   248170   28.54%
   3696  2335   153049.6060   203   119310.0000   153342.4491   254001   28.52%
   3757  2380   145809.4122   210   119310.0000   153338.3482   260858   28.52%
   3892  2501   149880.9474   156   119310.0000   153334.0611   266892   28.52%
   4018  2602   152153.9211   121   119310.0000   153330.6602   273383   28.51%
   4111  2674   150828.2296   180   119310.0000   153323.5665   280795   28.51%
   4188  2739   143973.2903   137   119310.0000   153308.1571   287011   28.50%
   4248  2783   152372.7667   226   119310.0000   153303.5000   293841   28.49%
Elapsed time = 15.84 sec. (45266.78 ticks, tree = 43.57 MB, solutions = 4)
   4350  2865   152635.4842   233   119310.0000   153295.6281   300413   28.49%
   4425  2929   150001.6627   149   119310.0000   153281.5214   307358   28.47%
   4525  3018   147551.1451   266   119310.0000   153277.3615   313908   28.47%
   4616  3095   148804.7889   248   119310.0000   153275.1108   320288   28.47%
   4697  3158   151068.9143   182   119310.0000   153269.5289   325993   28.46%
   4737  3186   147427.3159   170   119310.0000   153264.5481   332799   28.46%
   4806  3241   146170.6699   159   119310.0000   153253.0610   339848   28.45%
   4954  3362   152854.5752   205   119310.0000   153238.9590   347019   28.44%
   5065  3449   152768.8283   208   119310.0000   153238.5130   353368   28.44%
   5158  3528   152658.9243   222   119310.0000   153228.8959   359310   28.43%
Elapsed time = 19.36 sec. (55078.32 ticks, tree = 58.01 MB, solutions = 4)
   5247  3602   150932.4548   289   119310.0000   153223.5892   365975   28.42%
   5339  3681   144111.1713   229   119310.0000   153217.2082   371963   28.42%
   5408  3737   144098.0119   124   119310.0000   153206.2801   377654   28.41%
   5504  3812   152289.2380   190   119310.0000   153201.9839   383512   28.41%
   5605  3893   152492.5482   221   119310.0000   153198.5756   390547   28.40%
   5682  3956   152813.5702   284   119310.0000   153197.9985   397334   28.40%
   5781  4037   151247.5165   216   119310.0000   153193.6388   403456   28.40%
   5901  4139   143965.4862   245   119310.0000   153188.7252   410481   28.40%
*  5956+ 4178                       119476.0000   153186.1283            28.21%
   5990  4207   152071.4013   184   119476.0000   153183.3036   416892   28.21%
   6067  4266   152131.3684   189   119476.0000   153173.7719   424344   28.20%
Elapsed time = 22.77 sec. (64796.02 ticks, tree = 74.11 MB, solutions = 5)
   6155  4335   150364.8698   363   119476.0000   153165.6565   430602   28.20%
   6227  4389   152996.1667   106   119476.0000   153160.0235   436417   28.19%
   6332  4482   147797.8401   230   119476.0000   153153.4967   443285   28.19%
   6434  4568   149943.9315   226   119476.0000   153150.5342   450314   28.19%
   6510  4628   148199.4349   109   119476.0000   153146.3672   457064   28.18%
   6556  4662   152461.1737   352   119476.0000   153145.9523   462482   28.18%
   6610  4708   151509.6182   287   119476.0000   153144.6428   468695   28.18%
   6649  4741   151150.3796   248   119476.0000   153139.9626   473834   28.18%
   6704  4786   144320.4200   175   119476.0000   153133.1255   480738   28.17%
   6782  4854   150508.0371   220   119476.0000   153117.3462   487368   28.16%
Elapsed time = 26.25 sec. (74664.21 ticks, tree = 86.12 MB, solutions = 5)
   6825  4881   152101.8735   284   119476.0000   153110.5000   493828   28.15%
   6919  4961   151688.2500   190   119476.0000   153105.4410   500907   28.15%
   6998  5030    infeasible         119476.0000   153104.5317   507162   28.15%
   7086  5105   152846.0000   244   119476.0000   153099.9540   513683   28.14%
   7205  5208   150405.6577   253   119476.0000   153099.8526   520195   28.14%
   7276  5269   140507.5350   230   119476.0000   153096.4161   526825   28.14%
   7396  5381   149227.8363   227   119476.0000   153092.7062   533079   28.14%
   7466  5438   149609.5667   186   119476.0000   153087.1203   539417   28.13%
   7525  5483   150849.0572   295   119476.0000   153085.2308   545585   28.13%
   7587  5534   147566.9649   296   119476.0000   153080.7895   551671   28.13%
Elapsed time = 29.89 sec. (84639.39 ticks, tree = 97.63 MB, solutions = 5)
   7693  5622    infeasible         119476.0000   153076.7940   557194   28.12%
   7816  5729   152487.5451   244   119476.0000   153063.8108   563898   28.11%
   7892  5792   152031.2467   282   119476.0000   153062.5257   569714   28.11%
   7947  5834   147444.3747   216   119476.0000   153058.2857   575731   28.11%
   7992  5873   149313.8520   183   119476.0000   153058.2857   582031   28.11%
   8093  5958   150273.3915   312   119476.0000   153058.2857   589084   28.11%
   8183  6029   149529.6086   259   119476.0000   153056.2340   596866   28.11%
   8244  6074   150296.4422   292   119476.0000   153055.8327   604442   28.11%
   8336  6145   147914.1675   172   119476.0000   153051.9652   611978   28.10%
   8725  6460   149801.6203   199   119476.0000   153037.6727   638402   28.09%
Elapsed time = 36.80 sec. (97256.59 ticks, tree = 117.66 MB, solutions = 5)
   8974  6654   150235.5207   250   119476.0000   153021.3482   663180   28.08%
   9241  6865   152123.5499   219   119476.0000   152992.9023   689235   28.05%
   9489  7052   150474.9581   249   119476.0000   152970.1818   714520   28.03%
   9759  7268   152288.6667   142   119476.0000   152945.4824   738727   28.01%
   9994  7440   152694.8345    80   119476.0000   152926.0000   762596   28.00%
  10233  7619   150740.8072   358   119476.0000   152891.5013   788071   27.97%
* 10516+ 7846                       119514.0000   152856.9856            27.90%
* 10516+ 7846                       119551.0000   152856.9856            27.86%
* 10516+ 7846                       119555.0000   152856.9856            27.85%
* 10517+ 7847                       119602.0000   152856.9856            27.80%
  10517  7849   151843.7317   367   119602.0000   152855.4731   809372   27.80%
  10518  7850   152537.8675   424   119602.0000   152853.0266   809662   27.80%
  10838  8103   147490.8528   397   119602.0000   152840.4034   838633   27.79%

GUB cover cuts applied:  6
Clique cuts applied:  7
Cover cuts applied:  55
Implied bound cuts applied:  63
Flow cuts applied:  32
Mixed integer rounding cuts applied:  389
Zero-half cuts applied:  129
Lift and project cuts applied:  7
Gomory fractional cuts applied:  23

Root node processing (before b&c):
  Real time             =    0.30 sec. (696.18 ticks)
Sequential b&c:
  Real time             =   51.70 sec. (136965.61 ticks)
                          ------------
Total (root+branch&cut) =   52.00 sec. (137661.79 ticks)
[CPLEX] Status: time limit exceeded
[CPLEX] OPTIMAL OBJ: 119602.0
[CPLEX] Runtime: 52.007 sec
Vehicle 0: d → 4 → 19 → 23 → 25 → 15 → 11 → d, (requests = [15])
Vehicle 1: d → 5 → 2 → 22 → 27 → 3 → 7 → 17 → 21 → 14 → 28 → 9 → 24 → 4 → 19 → 23 → 25 → 29 → 15 → 11 → 0 → 12 → 20 → 18 → d, (requests = [0, 1, 2, 3, 4, 10, 13, 14, 17, 18, 19, 21])
Vehicle 2: d → 16 → 30 → 20 → 12 → 6 → 25 → 23 → 19 → 4 → 28 → 14 → 21 → 8 → d, (requests = [5, 11, 12])
Vehicle 3: d, (requests = [])
Vehicle 4: d → 12 → 0 → 15 → 29 → 25 → 13 → 26 → 19 → 4 → 24 → 9 → 14 → 21 → 17 → 7 → 10 → 27 → 22 → 5 → d, (requests = [6, 7, 16, 20, 22, 23])
======== PPDSP OBJECTIVE ========
Profit    = 148986
Cost      = 29384
Objective = 119602
=================================
===== RAW XY MODEL =====
148 384 492 632 762 816 997 1037 1111 1128 1172 1187 1266 1337 1377 1429 1501 1516 1590 1632 1656 1683 1711 1756 1786 1797 1854 1892 1930 1968 2022 2353 2414 2484 2587 2666 2739 2809 2849 2877 2952 3020 3107 3177 3205 4460 4597 4636 4679 4747 4792 4829 4887 4914 4954 4996 5057 5134 5154 5222 5258 5296 5331 5398 5449 2050 2052 2054 2056 2184 3226 5475 5476 2196 3297 3300 3302 3305 3307 5485 3314 4422 4426 5489 4434 5491 5492
  [Time Manager] Step 25 consumed 52.01s. Total Consumed: 529.57s.
  [Info] Saved 5492 core assumption literals to p1_A-n32-k5_r24v5k3.lp.asm

[26/60] Building & Solving: R=25, V=5, K=3
Default row names c1, c2 ... being created.
  [Info] Generating MIP Formulation...
  [Time Manager] Global Remaining Budget: 3070.43s | Future Weight Sum: 34812.0
  [Time Manager] Recalibrated Budget for this step: 53.36s
[CPLEX] Setting time limit to 53 seconds
[CPLEX] Reading assumption from p1_A-n32-k5_r24v5k3.lp.asm ...
[CPLEX] Applying MIP Start with 5240 variables.
Version identifier: 22.1.1.0 | 2022-11-28 | 9160aff4d
CPXPARAM_Read_DataCheck                          1
CPXPARAM_Threads                                 1
CPXPARAM_TimeLimit                               53
1 of 1 MIP starts provided solutions.
MIP start 'm1' defined initial solution with objective 119602.0000.
Tried aggregator 1 time.
MIP Presolve eliminated 55 rows and 4265 columns.
MIP Presolve modified 2750 coefficients.
Reduced MIP has 2625 rows, 1295 columns, and 12000 nonzeros.
Reduced MIP has 985 binaries, 310 generals, 0 SOSs, and 0 indicators.
Presolve time = 0.00 sec. (7.34 ticks)
Probing time = 0.00 sec. (2.51 ticks)
Tried aggregator 1 time.
Detecting symmetries...
Reduced MIP has 2625 rows, 1295 columns, and 12000 nonzeros.
Reduced MIP has 985 binaries, 310 generals, 0 SOSs, and 0 indicators.
Presolve time = 0.00 sec. (7.78 ticks)
Probing time = 0.00 sec. (2.56 ticks)
Clique table members: 560.
MIP emphasis: balance optimality and feasibility.
MIP search method: dynamic search.
Parallel mode: none, using 1 thread.
Root relaxation solution time = 0.01 sec. (30.73 ticks)

        Nodes                                         Cuts/
   Node  Left     Objective  IInf  Best Integer    Best Bound    ItCnt     Gap

*     0+    0                       119602.0000   832585.0000           596.13%
      0     0   159882.6331   161   119602.0000   159882.6331      711   33.68%
      0     0   159529.6667   202   119602.0000     Cuts: 148      818   33.38%
      0     0   159355.0000   172   119602.0000     Cuts: 161      919   33.24%
      0     0   159329.0000   279   119602.0000      Cuts: 46     1024   33.22%
      0     0   159320.2500   184   119602.0000      Cuts: 57     1051   33.21%
      0     0   159169.5000   201   119602.0000      Cuts: 32     1239   33.08%
      0     0   159001.4883   313   119602.0000      Cuts: 47     1357   32.94%
      0     0   158967.1739   223   119602.0000      Cuts: 72     1462   32.91%
      0     0   158946.0000   180   119602.0000      Cuts: 50     1493   32.90%
      0     0   158946.0000   179   119602.0000      Cuts: 62     1499   32.90%
      0     0   158928.9041   212   119602.0000      Cuts: 58     1584   32.88%
      0     0   158898.0000   199   119602.0000     Cuts: 104     1618   32.86%
      0     0   158842.9412   104   119602.0000      Cuts: 83     1728   32.81%
      0     0   158805.4545   232   119602.0000      Cuts: 58     1836   32.78%
      0     0   158795.5833   235   119602.0000      Cuts: 95     1928   32.77%
      0     2   158795.5833   235   119602.0000   158794.3000     1928   32.77%
Elapsed time = 0.27 sec. (626.77 ticks, tree = 0.01 MB, solutions = 1)
     22    24   156286.6210   177   119602.0000   158792.0000     5233   32.77%
     50    46   158666.6337   346   119602.0000   158666.5000     8791   32.66%
     70    64   155773.1164   166   119602.0000   158659.2083    12330   32.66%
    100    82   154619.7644    89   119602.0000   158630.5707    14770   32.63%
    140   113   157918.4036   186   119602.0000   158560.4429    18592   32.57%
    176   143   157136.1988   128   119602.0000   158557.7762    22530   32.57%
    212   165   156796.4827   154   119602.0000   158554.3182    25828   32.57%
    260   206   158063.2237   145   119602.0000   158549.9474    28617   32.56%
    299   233   157889.9667   101   119602.0000   158542.4390    32711   32.56%
    418   315   158303.0950   166   119602.0000   158529.7992    45118   32.55%
Elapsed time = 1.47 sec. (3821.38 ticks, tree = 0.46 MB, solutions = 1)
    529   400   156614.6900   112   119602.0000   158512.6187    57098   32.53%
    678   514   157424.4372   103   119602.0000   158496.0819    72342   32.52%
    797   593   158134.6663   160   119602.0000   158438.6797    86213   32.47%
    972   715   158053.1034   211   119602.0000   158395.9514   100667   32.44%

Performing restart 1

Repeating presolve.
Tried aggregator 1 time.
MIP Presolve modified 100 coefficients.
Reduced MIP has 2625 rows, 1295 columns, and 12000 nonzeros.
Reduced MIP has 985 binaries, 310 generals, 0 SOSs, and 0 indicators.
Presolve time = 0.00 sec. (6.34 ticks)
Tried aggregator 1 time.
Reduced MIP has 2625 rows, 1295 columns, and 12000 nonzeros.
Reduced MIP has 985 binaries, 310 generals, 0 SOSs, and 0 indicators.
Presolve time = 0.00 sec. (8.04 ticks)
Represolve time = 0.01 sec. (25.18 ticks)
   1008     0   158723.6220   353   119602.0000     Cuts: 176   104283   32.44%
   1008     0   158658.2562   240   119602.0000      Cuts: 99   104516   32.44%
   1008     0   158647.3694   240   119602.0000      Cuts: 93   104584   32.44%
   1008     0   158632.2561   346   119602.0000      Cuts: 96   104725   32.44%
   1008     0   158539.4200   444   119602.0000      Cuts: 59   104988   32.44%
   1008     0   158529.7410   372   119602.0000     Cuts: 152   105078   32.44%
   1008     0   158515.2005   418   119602.0000      Cuts: 63   105164   32.44%
   1008     0   158501.2317   391   119602.0000      Cuts: 74   105285   32.44%
   1008     0   158499.8348   394   119602.0000     Cuts: 124   105353   32.44%
   1008     0   158491.6611   341   119602.0000      Cuts: 66   105485   32.44%
   1008     0   158477.3713   305   119602.0000      Cuts: 58   105651   32.44%
   1008     0   158477.3713   306   119602.0000      Cuts: 58   105681   32.44%
   1008     2   158477.3713   306   119602.0000   158395.9514   105681   32.44%
   1014     6   157569.8683    95   119602.0000   158395.9514   106769   32.44%
   1021    13   156998.1864   209   119602.0000   158395.9514   108285   32.44%
   1030    22   156276.7820   264   119602.0000   158395.9514   110588   32.44%
   1053    35   158469.0000   102   119602.0000   158395.9514   114242   32.44%
   1075    55   155890.9848   221   119602.0000   158395.9514   117484   32.44%
Elapsed time = 5.94 sec. (16189.49 ticks, tree = 0.23 MB, solutions = 1)
   1089    62   154768.5960   252   119602.0000   158395.9514   120433   32.44%
   1118    87   155917.4361   302   119602.0000   158395.9514   125299   32.44%
   1180   149   144143.6635   270   119602.0000   158395.9514   128967   32.44%
   1248   206   157552.2777   291   119602.0000   158395.9514   131905   32.44%
   1335   284   157959.7067   371   119602.0000   158254.0000   136844   32.32%
   1420   364   147137.9803   276   119602.0000   158205.1848   141387   32.28%
   1509   443   151578.0108   190   119602.0000   158204.0435   147728   32.28%
   1579   495    infeasible         119602.0000   158180.2456   153827   32.26%
   1644   547   153798.7949   312   119602.0000   158136.5096   160304   32.22%
   1756   649   156993.5090   208   119602.0000   158123.2630   165917   32.21%
Elapsed time = 9.33 sec. (25935.85 ticks, tree = 4.03 MB, solutions = 1)
   1865   739   153784.8359   218   119602.0000   158087.1378   172637   32.18%
   1927   775   156785.8161   245   119602.0000   158057.8521   179612   32.15%
   2075   906   156177.2945   296   119602.0000   158053.0000   185665   32.15%
   2162   979   154561.6247   194   119602.0000   158043.0454   193105   32.14%
   2262  1059    infeasible         119602.0000   158009.8035   201044   32.11%
   2361  1142   154552.3294   259   119602.0000   158003.0942   208604   32.11%
   2492  1251   154755.0000   179   119602.0000   157981.6216   215394   32.09%
   2578  1315    infeasible         119602.0000   157973.4644   223346   32.08%
   2691  1412   134691.5131   283   119602.0000   157968.3956   230567   32.08%
   2801  1502   151776.8347   309   119602.0000   157953.1978   238123   32.07%
Elapsed time = 12.75 sec. (35598.93 ticks, tree = 21.15 MB, solutions = 1)
   2901  1582   153930.2663   223   119602.0000   157950.7522   244831   32.06%
   3032  1689    infeasible         119602.0000   157939.8119   252177   32.05%
   3115  1754   155579.6665    91   119602.0000   157924.1961   259594   32.04%
   3229  1848   156822.0453   166   119602.0000   157918.2791   267335   32.04%
   3322  1923   157873.1152   395   119602.0000   157899.9669   273930   32.02%
   3459  2040   155037.1284   225   119602.0000   157872.2899   281914   32.00%
   3581  2142   152302.4330   183   119602.0000   157867.1747   290594   31.99%
   3695  2236   156260.9140   184   119602.0000   157859.1344   297978   31.99%
   3872  2392   153691.3297   187   119602.0000   157849.6244   305223   31.98%
   4040  2529   157651.3220   220   119602.0000   157826.0419   313090   31.96%
Elapsed time = 18.55 sec. (45259.64 ticks, tree = 42.00 MB, solutions = 1)
   4136  2613    infeasible         119602.0000   157809.0427   321232   31.95%
   4270  2737   140759.6399   230   119602.0000   157783.5458   328833   31.92%
   4375  2819   149634.0739   246   119602.0000   157776.7733   335109   31.92%
   4487  2910    infeasible         119602.0000   157766.1887   341756   31.91%
   4617  3020   156642.1389   206   119602.0000   157761.9722   349077   31.91%
   4731  3118   157302.3277   201   119602.0000   157756.9238   357503   31.90%
   4862  3239   154236.5012   218   119602.0000   157742.0142   364582   31.89%
   4952  3311   156215.8157   218   119602.0000   157737.8438   372235   31.89%
   5109  3442   152993.7948   129   119602.0000   157731.6667   379782   31.88%
   5227  3539    infeasible         119602.0000   157711.9310   387393   31.86%
Elapsed time = 22.00 sec. (54957.64 ticks, tree = 60.74 MB, solutions = 1)
   5388  3689   150238.6498   278   119602.0000   157709.2246   395148   31.86%
   5507  3780   155243.1965   143   119602.0000   157704.5000   402798   31.86%
   5636  3895   151950.6645   308   119602.0000   157702.7024   410607   31.86%
   5771  4012   148885.5262   188   119602.0000   157698.0511   418412   31.85%
   5930  4144    infeasible         119602.0000   157693.2131   425751   31.85%
   6094  4291    infeasible         119602.0000   157686.4713   433033   31.84%
   6201  4378   155548.7197   127   119602.0000   157683.5720   440752   31.84%
   6309  4477   153808.3366   180   119602.0000   157680.8953   448619   31.84%
   6462  4619   156384.9348   320   119602.0000   157677.8935   456552   31.84%
   6581  4717   153746.5915   131   119602.0000   157672.9445   463908   31.83%
Elapsed time = 25.41 sec. (64545.82 ticks, tree = 83.13 MB, solutions = 1)
   6712  4831    infeasible         119602.0000   157660.1283   471957   31.82%
   6809  4914    infeasible         119602.0000   157657.5565   479883   31.82%
   6890  4973   152177.8621   212   119602.0000   157650.9346   487425   31.81%
   7083  5159   123085.0040    83   119602.0000   157649.4693   495724   31.81%
   7211  5273   151326.8324   210   119602.0000   157640.7273   503343   31.80%
   7317  5351    infeasible         119602.0000   157634.8568   510921   31.80%
   7435  5443   153431.8948   202   119602.0000   157629.3443   518227   31.79%
   7576  5571   153579.9231   157   119602.0000   157622.5569   525986   31.79%
   7637  5611   157551.4395    92   119602.0000   157615.2267   533529   31.78%
   7773  5727   155844.6907   229   119602.0000   157613.2787   540884   31.78%
Elapsed time = 28.70 sec. (74184.07 ticks, tree = 100.48 MB, solutions = 1)
   7874  5811   155894.3321   188   119602.0000   157610.8929   549456   31.78%
   7999  5919    infeasible         119602.0000   157606.4150   557549   31.78%
   8108  6014   154972.3065   231   119602.0000   157602.0012   564816   31.77%
   8199  6087   156371.1350   273   119602.0000   157598.0002   572326   31.77%
   8285  6160   157513.3912   121   119602.0000   157594.7665   579001   31.77%
   8427  6280   156230.5500   200   119602.0000   157594.1515   586667   31.77%
   8586  6420   152711.1426   193   119602.0000   157592.4102   593721   31.76%
   8696  6504   156123.1613   169   119602.0000   157589.0016   601192   31.76%
   8847  6645   154240.9608   293   119602.0000   157589.0000   608089   31.76%
   8971  6758   154815.4000   214   119602.0000   157588.3750   615502   31.76%
Elapsed time = 31.96 sec. (83826.39 ticks, tree = 119.11 MB, solutions = 1)
   9050  6822   156762.4734   212   119602.0000   157583.6927   622420   31.76%
   9193  6949    infeasible         119602.0000   157583.1232   629492   31.76%
   9305  7043    infeasible         119602.0000   157580.2093   636704   31.75%
   9365  7080   156090.5000   266   119602.0000   157572.9253   643822   31.75%
   9522  7231   149614.1519   151   119602.0000   157571.8319   652048   31.75%
   9630  7317    infeasible         119602.0000   157563.5054   659522   31.74%
   9768  7441    infeasible         119602.0000   157561.9032   667581   31.74%
   9880  7531   157561.5713   111   119602.0000   157561.3088   674417   31.74%
  10070  7707   156034.4825   219   119602.0000   157560.5156   682479   31.74%
  10582  8143   154131.7857   295   119602.0000   157547.8611   712288   31.73%
Elapsed time = 36.25 sec. (96422.91 ticks, tree = 147.29 MB, solutions = 1)
  11088  8572   154842.5917   130   119602.0000   157533.6685   742956   31.71%
* 11089+ 8571                       119625.0000   157533.6685            31.69%
* 11089+ 8571                       119654.0000   157533.6685            31.66%
* 11089+ 8571                       119742.0000   157533.6685            31.56%
* 11089+ 8558                       123961.0000   157533.6685            27.08%
  11089  8560   154034.9549   409   123961.0000   157533.1973   743442   27.08%
  11090  8559    infeasible         123961.0000   157532.1863   744243   27.08%
  11479  8883   155329.3097   175   123961.0000   157505.1875   772127   27.06%
  11964  9314    infeasible         123961.0000   157489.5750   800652   27.05%
  12336  9628   151830.9878   234   123961.0000   157466.2665   827432   27.03%
  12855 10086   145127.0781   174   123961.0000   157455.5519   856689   27.02%
  13299 10486   156832.5587   217   123961.0000   157444.7889   884791   27.01%

GUB cover cuts applied:  6
Clique cuts applied:  9
Cover cuts applied:  50
Implied bound cuts applied:  34
Flow cuts applied:  29
Mixed integer rounding cuts applied:  521
Zero-half cuts applied:  134
Lift and project cuts applied:  9
Gomory fractional cuts applied:  5

Root node processing (before b&c):
  Real time             =    0.27 sec. (627.04 ticks)
Sequential b&c:
  Real time             =   52.73 sec. (133175.93 ticks)
                          ------------
Total (root+branch&cut) =   53.00 sec. (133802.97 ticks)
[CPLEX] Status: time limit exceeded
[CPLEX] OPTIMAL OBJ: 123961.0
[CPLEX] Runtime: 53.007 sec
Vehicle 0: d → 4 → 19 → 23 → 25 → 15 → 11 → d, (requests = [15])
Vehicle 1: d → 5 → 2 → 22 → 27 → 3 → 7 → 17 → 21 → 14 → 28 → 9 → 24 → 4 → 19 → 23 → 25 → 29 → 15 → 11 → 0 → 12 → 20 → 18 → d, (requests = [0, 1, 2, 3, 4, 10, 13, 14, 17, 18, 19, 21])
Vehicle 2: d → 16 → 30 → 20 → 12 → 6 → 25 → 23 → 19 → 4 → 28 → 14 → 21 → 8 → d, (requests = [5, 11, 12])
Vehicle 3: d → 1 → 22 → 27 → 10 → 7 → 8 → d, (requests = [8, 24])
Vehicle 4: d → 12 → 0 → 15 → 29 → 25 → 13 → 26 → 19 → 4 → 24 → 9 → 14 → 21 → 17 → 7 → 10 → 27 → 22 → 5 → d, (requests = [6, 7, 16, 20, 22, 23])
======== PPDSP OBJECTIVE ========
Profit    = 158945
Cost      = 34984
Objective = 123961
=================================
===== RAW XY MODEL =====
148 384 492 632 762 816 997 1037 1111 1128 1172 1187 1266 1337 1377 1429 1501 1516 1590 1632 1656 1683 1711 1756 1786 1797 1854 1892 1930 1968 2022 2353 2414 2484 2587 2666 2739 2809 2849 2877 2952 3020 3107 3177 3205 3370 3548 3603 3643 4047 4190 4309 4460 4597 4636 4679 4747 4792 4829 4887 4914 4954 4996 5057 5134 5154 5222 5258 5296 5331 5398 5449 2050 2052 2054 2056 2184 3226 5475 5476 4348 2196 3297 3300 3302 3305 3307 5485 3314 4422 4426 5489 4434 5491 5492 5559
  [Time Manager] Step 26 consumed 53.01s. Total Consumed: 582.58s.
  [Info] Saved 5560 core assumption literals to p1_A-n32-k5_r25v5k3.lp.asm

[27/60] Building & Solving: R=26, V=5, K=3
Default row names c1, c2 ... being created.
  [Info] Generating MIP Formulation...
  [Time Manager] Global Remaining Budget: 3017.42s | Future Weight Sum: 34207.0
  [Time Manager] Recalibrated Budget for this step: 53.81s
[CPLEX] Setting time limit to 53 seconds
[CPLEX] Reading assumption from p1_A-n32-k5_r25v5k3.lp.asm ...
[CPLEX] Applying MIP Start with 5245 variables.
Version identifier: 22.1.1.0 | 2022-11-28 | 9160aff4d
CPXPARAM_Read_DataCheck                          1
CPXPARAM_Threads                                 1
CPXPARAM_TimeLimit                               53
1 of 1 MIP starts provided solutions.
MIP start 'm1' defined initial solution with objective 123961.0000.
Tried aggregator 1 time.
MIP Presolve eliminated 55 rows and 4265 columns.
MIP Presolve modified 2750 coefficients.
Reduced MIP has 2641 rows, 1300 columns, and 12160 nonzeros.
Reduced MIP has 990 binaries, 310 generals, 0 SOSs, and 0 indicators.
Presolve time = 0.00 sec. (7.41 ticks)
Probing time = 0.00 sec. (2.54 ticks)
Tried aggregator 1 time.
Detecting symmetries...
Reduced MIP has 2641 rows, 1300 columns, and 12160 nonzeros.
Reduced MIP has 990 binaries, 310 generals, 0 SOSs, and 0 indicators.
Presolve time = 0.00 sec. (7.85 ticks)
Probing time = 0.00 sec. (2.56 ticks)
Clique table members: 561.
MIP emphasis: balance optimality and feasibility.
MIP search method: dynamic search.
Parallel mode: none, using 1 thread.
Root relaxation solution time = 0.01 sec. (26.22 ticks)

        Nodes                                         Cuts/
   Node  Left     Objective  IInf  Best Integer    Best Bound    ItCnt     Gap

*     0+    0                       123961.0000   882620.0000           612.01%
      0     0   169885.1445   169   123961.0000   169885.1445      649   37.05%
      0     0   169516.0433   211   123961.0000     Cuts: 118      833   36.75%
      0     0   169322.0000   173   123961.0000     Cuts: 176      986   36.59%
      0     0   169322.0000   173   123961.0000      Cuts: 60      987   36.59%
      0     0   169312.3235   179   123961.0000  ZeroHalf: 37     1042   36.59%
      0     0   169298.5000   173   123961.0000      Cuts: 77     1069   36.57%
      0     0   169217.8890   109   123961.0000      Cuts: 40     1258   36.51%
      0     0   169034.3333   217   123961.0000      Cuts: 83     1449   36.36%
      0     0   168955.7500   176   123961.0000      Cuts: 92     1563   36.30%
      0     0   168771.8846   115   123961.0000      Cuts: 73     1782   36.15%
      0     0   168739.6000   235   123961.0000      Cuts: 91     1890   36.12%
      0     0   168736.5000    89   123961.0000     Cuts: 114     1994   36.12%
      0     0   168736.0000   100   123961.0000      Cuts: 51     2053   36.12%
      0     2   168736.0000    87   123961.0000   168735.8947     2053   36.12%
Elapsed time = 0.31 sec. (702.18 ticks, tree = 0.01 MB, solutions = 1)
     19    21   168181.3814   148   123961.0000   168719.5675     4930   36.11%
     46    48   165082.2381   183   123961.0000   168719.5675     8142   36.11%
     95    87   153493.1188   113   123961.0000   168719.5675    11270   36.11%
    126   111   167275.7497   188   123961.0000   168717.2857    13658   36.11%
    160   139   162329.2347   178   123961.0000   168717.2857    16469   36.11%
    189   164   155573.6236   284   123961.0000   168703.4125    18993   36.09%
    240   209   167824.7269   235   123961.0000   168703.4125    21505   36.09%
    286   248    infeasible         123961.0000   168701.7608    23803   36.09%
    338   289   167544.6470   204   123961.0000   168695.5000    26620   36.09%
    479   403    infeasible         123961.0000   168675.6840    35970   36.07%
Elapsed time = 1.56 sec. (3843.71 ticks, tree = 4.38 MB, solutions = 1)
    600   496   168392.7991   216   123961.0000   168665.8110    46446   36.06%
    734   608   165165.9755   105   123961.0000   168653.5918    59483   36.05%
    914   755   165318.4061   126   123961.0000   168626.4429    68909   36.03%

Performing restart 1

Repeating presolve.
Tried aggregator 1 time.
MIP Presolve modified 100 coefficients.
Reduced MIP has 2641 rows, 1300 columns, and 12160 nonzeros.
Reduced MIP has 990 binaries, 310 generals, 0 SOSs, and 0 indicators.
Presolve time = 0.00 sec. (6.41 ticks)
Tried aggregator 1 time.
Reduced MIP has 2641 rows, 1300 columns, and 12160 nonzeros.
Reduced MIP has 990 binaries, 310 generals, 0 SOSs, and 0 indicators.
Presolve time = 0.00 sec. (8.11 ticks)
Represolve time = 0.01 sec. (23.58 ticks)
    970     0   168717.0290   207   123961.0000      Cuts: 48    72585   36.03%
    970     0   168702.6058   326   123961.0000     Cuts: 167    72782   36.03%
    970     0   168690.0016   412   123961.0000     Cuts: 144    72965   36.03%
    970     0   168683.3209   315   123961.0000      Cuts: 89    73042   36.03%
    970     0   168680.3970   227   123961.0000      Cuts: 51    73085   36.03%
    970     0   168680.3970   232   123961.0000      Cuts: 49    73109   36.03%
    970     0   168680.3970   226   123961.0000       Cuts: 8    73116   36.03%
    970     0   168680.3970   235   123961.0000     Cuts: 117    73141   36.03%
    970     0   168680.3970   232   123961.0000      Cuts: 26    73156   36.03%
    970     2   168680.3970   232   123961.0000   168624.2089    73156   36.03%
    974     6   168652.3125   215   123961.0000   168624.2089    73663   36.03%
    979    10   167150.0274   201   123961.0000   168624.2089    74814   36.03%
    989    18   166925.6954   205   123961.0000   168624.2089    77035   36.03%
   1001    30   164995.9018   179   123961.0000   168624.2089    79445   36.03%
   1015    40   167926.9221   236   123961.0000   168624.2089    81328   36.03%
   1023    47   165589.4534   302   123961.0000   168624.2089    82412   36.03%
Elapsed time = 5.81 sec. (15278.46 ticks, tree = 0.28 MB, solutions = 1)
   1036    56   168617.8033   215   123961.0000   168620.7391    84934   36.03%
   1054    71   168425.2549   173   123961.0000   168620.4866    87595   36.03%
   1092   109   166529.4667   185   123961.0000   168620.4866    90843   36.03%
   1143   159   158322.4626   227   123961.0000   168620.4866    94764   36.03%
   1230   236   160421.3443   219   123961.0000   168617.7960   101444   36.02%
   1287   285   166583.4868   163   123961.0000   168528.8197   110179   35.95%
   1376   360   166270.8124   173   123961.0000   168488.0840   119696   35.92%
   1450   422   167582.0881   207   123961.0000   168477.7512   127988   35.91%
   1530   497   162467.9322   284   123961.0000   168475.3000   136707   35.91%
   1658   615   167296.2120   188   123961.0000   168468.8200   146069   35.90%
Elapsed time = 9.16 sec. (25056.82 ticks, tree = 1.09 MB, solutions = 1)
   1713   660   167226.5676   190   123961.0000   168461.6619   157412   35.90%
   1796   732   163525.2293   152   123961.0000   168460.0299   169581   35.90%
   1863   794   159518.2369   224   123961.0000   168459.1091   179351   35.90%
   1950   873   166824.9852   183   123961.0000   168456.5169   189833   35.89%
   2032   941   165872.6465   192   123961.0000   168455.5797   202529   35.89%
   2117  1014   165295.3000   280   123961.0000   168450.4561   217045   35.89%
   2209  1092   164016.5289   141   123961.0000   168449.2697   227005   35.89%
   2324  1179   166032.3337   144   123961.0000   168443.1017   234726   35.88%
   2410  1251   164984.2507   246   123961.0000   168436.2617   242949   35.88%
   2505  1329   163550.4023   196   123961.0000   168432.4500   250366   35.88%
Elapsed time = 12.44 sec. (34814.61 ticks, tree = 6.68 MB, solutions = 1)
   2629  1438   168411.5017    90   123961.0000   168427.2459   258317   35.87%
   2718  1504   166510.2448   199   123961.0000   168424.6862   265831   35.87%
   2808  1576   168014.0155   214   123961.0000   168419.2215   274344   35.86%
   2922  1678   166872.3161   265   123961.0000   168414.6595   282053   35.86%
   3043  1779   168028.7264   124   123961.0000   168409.0747   289614   35.86%
   3120  1842   167328.8161   391   123961.0000   168404.3443   297873   35.85%
   3240  1938   162937.9721   306   123961.0000   168393.1044   304939   35.84%
   3324  1999   165893.7253   105   123961.0000   168388.5818   312801   35.84%
   3406  2066    infeasible         123961.0000   168379.9884   320382   35.83%
   3498  2138   161754.1619   185   123961.0000   168376.3142   328664   35.83%
Elapsed time = 15.74 sec. (44493.31 ticks, tree = 19.27 MB, solutions = 1)
   3600  2227   159255.2993   210   123961.0000   168365.8503   337265   35.82%
   3793  2395   163076.4428   191   123961.0000   168360.0393   343900   35.82%
   3946  2533   162382.0421   147   123961.0000   168352.9385   350452   35.81%
   4013  2579   163261.1285   251   123961.0000   168348.7573   358237   35.81%
   4139  2680    infeasible         123961.0000   168345.5017   365741   35.81%
   4270  2789   165121.0304   228   123961.0000   168342.8378   373146   35.80%
   4394  2895   160756.5545   193   123961.0000   168339.7795   381065   35.80%
   4535  3017   163995.9388   259   123961.0000   168332.9637   389026   35.80%
   4629  3093   163958.5920   215   123961.0000   168326.6564   396791   35.79%
   4736  3172   167305.8000   117   123961.0000   168314.2441   405158   35.78%
Elapsed time = 18.98 sec. (54133.06 ticks, tree = 38.94 MB, solutions = 1)
   4823  3241    infeasible         123961.0000   168307.7664   412989   35.77%
   4931  3332   167677.6200   361   123961.0000   168306.0880   421670   35.77%
   5058  3441   167147.6578   271   123961.0000   168301.6534   430193   35.77%
   5133  3499   166021.4586   164   123961.0000   168298.0518   438403   35.77%
   5258  3607   165920.3398   154   123961.0000   168296.8753   446431   35.77%
   5397  3728   165728.6406   205   123961.0000   168293.1967   455291   35.76%
   5526  3835   166417.1268   183   123961.0000   168282.4365   463283   35.75%
   5619  3908   168165.3713   109   123961.0000   168279.2023   471397   35.75%
   5743  4006   167890.4309   171   123961.0000   168273.5911   479508   35.75%
   5874  4118   167086.3611   233   123961.0000   168270.4519   487416   35.74%
Elapsed time = 22.30 sec. (63934.37 ticks, tree = 52.87 MB, solutions = 1)
   5945  4171   167965.6998   210   123961.0000   168256.3278   494877   35.73%
   6060  4272   162467.4247   190   123961.0000   168254.8777   503704   35.73%
   6190  4382   165667.0287   258   123961.0000   168251.7678   511123   35.73%
   6300  4472   162612.4187   209   123961.0000   168246.6624   519881   35.73%
   6373  4530   163352.3767   256   123961.0000   168245.5558   528305   35.72%
   6475  4614   166701.3234   287   123961.0000   168231.7038   536685   35.71%
   6544  4671   165739.5730   181   123961.0000   168229.3234   543654   35.71%
   6631  4736   166917.3960   269   123961.0000   168217.4131   551303   35.70%
   6723  4811    infeasible         123961.0000   168213.8818   559140   35.70%
   6779  4855   162331.0722   141   123961.0000   168211.3768   566396   35.70%
Elapsed time = 25.75 sec. (73689.32 ticks, tree = 66.07 MB, solutions = 1)
   6850  4912   161568.6497   194   123961.0000   168207.7386   573862   35.69%
   6914  4962   160930.7087   200   123961.0000   168199.4620   581393   35.69%
   6971  5004   163514.6571   273   123961.0000   168192.2571   589667   35.68%
   7032  5048   166891.1880   132   123961.0000   168187.3094   596839   35.68%
   7116  5112   165129.2695   222   123961.0000   168180.2432   604682   35.67%
   7170  5144   165182.7347   235   123961.0000   168167.7516   611625   35.66%
   7249  5205    infeasible         123961.0000   168160.2000   618487   35.66%
   7368  5299   164590.4289   170   123961.0000   168150.1116   625666   35.65%
   7509  5423   167176.9661   210   123961.0000   168143.8151   632889   35.64%
   7594  5490   166011.4681   219   123961.0000   168140.7734   640318   35.64%
Elapsed time = 29.34 sec. (83453.46 ticks, tree = 75.05 MB, solutions = 1)
   7652  5532   166303.6923   275   123961.0000   168138.1942   647661   35.64%
   7732  5594   161625.9558   128   123961.0000   168133.2258   654997   35.63%
   7826  5672   162163.6345   236   123961.0000   168131.3313   662495   35.63%
   7898  5718   167030.2508   121   123961.0000   168124.6607   668867   35.63%
   7952  5760   164233.8715   189   123961.0000   168122.9694   676272   35.63%
   8012  5803   160987.8519   322   123961.0000   168121.0000   683148   35.62%
   8141  5906   153355.7691   176   123961.0000   168117.8642   691251   35.62%
   8184  5936   162449.2984   174   123961.0000   168115.7200   697648   35.62%
   8284  6024   153050.3143   180   123961.0000   168104.4048   705230   35.61%
   8712  6390   165965.2518   183   123961.0000   168087.1705   733312   35.60%
Elapsed time = 36.36 sec. (95990.40 ticks, tree = 89.98 MB, solutions = 1)
   9091  6697   156353.5459   213   123961.0000   168065.5520   763984   35.58%
   9399  6949   153959.7754   113   123961.0000   168042.4521   793105   35.56%
   9808  7289    infeasible         123961.0000   168029.1400   825299   35.55%
  10181  7587   166698.1902   228   123961.0000   168020.8230   858064   35.54%
  10522  7862   162516.9537   215   123961.0000   168005.6170   890019   35.53%
* 10671+ 7977                       124207.0000   167993.8265            35.25%
  10671  7979   167565.9000    99   124207.0000   167993.1091   904884   35.25%
  10672  7980   167561.5000   104   124207.0000   167993.0000   905031   35.25%
  11087  8321   166436.0833   178   124207.0000   167967.0119   934152   35.23%
  11363  8531    infeasible         124207.0000   167935.3321   965432   35.21%

GUB cover cuts applied:  4
Clique cuts applied:  8
Cover cuts applied:  61
Implied bound cuts applied:  57
Flow cuts applied:  16
Mixed integer rounding cuts applied:  415
Zero-half cuts applied:  104
Lift and project cuts applied:  1
Gomory fractional cuts applied:  11

Root node processing (before b&c):
  Real time             =    0.31 sec. (702.35 ticks)
Sequential b&c:
  Real time             =   52.69 sec. (139612.56 ticks)
                          ------------
Total (root+branch&cut) =   53.00 sec. (140314.90 ticks)
[CPLEX] Status: time limit exceeded
[CPLEX] OPTIMAL OBJ: 124207.0
[CPLEX] Runtime: 53.007 sec
Vehicle 0: d → 4 → 19 → 23 → 25 → 15 → 11 → d, (requests = [15])
Vehicle 1: d → 5 → 2 → 22 → 27 → 3 → 7 → 17 → 21 → 14 → 28 → 9 → 24 → 4 → 19 → 23 → 25 → 29 → 15 → 6 → 12 → 20 → 18 → d, (requests = [0, 1, 2, 3, 4, 10, 13, 14, 17, 19, 21])
Vehicle 2: d → 16 → 30 → 20 → 12 → 6 → 25 → 23 → 19 → 4 → 28 → 14 → 21 → 8 → d, (requests = [5, 11, 12])
Vehicle 3: d → 1 → 22 → 27 → 10 → 7 → 8 → d, (requests = [8, 24])
Vehicle 4: d → 11 → 0 → 12 → 6 → 15 → 29 → 25 → 13 → 26 → 19 → 4 → 24 → 9 → 14 → 21 → 17 → 7 → 10 → 27 → 22 → 5 → d, (requests = [6, 7, 16, 18, 20, 22, 23])
======== PPDSP OBJECTIVE ========
Profit    = 158945
Cost      = 34738
Objective = 124207
=================================
===== RAW XY MODEL =====
148 384 492 632 762 816 997 1111 1128 1172 1187 1229 1266 1337 1429 1501 1511 1590 1632 1656 1683 1711 1756 1786 1797 1854 1892 1930 1968 2022 2353 2414 2484 2587 2666 2739 2809 2849 2877 2952 3020 3107 3177 3205 3370 3548 3603 3643 4047 4190 4309 4457 4597 4636 4652 4679 4747 4792 4797 4835 4887 4914 4954 4996 5057 5134 5154 5222 5258 5296 5331 5398 5448 2050 2052 2054 2056 2184 3226 5475 5476 4348 2196 3297 3300 3302 3305 3307 5485 3314 5487 4426 5489 4434 5491 5492 5559
  [Time Manager] Step 27 consumed 53.01s. Total Consumed: 635.59s.
  [Info] Saved 5565 core assumption literals to p1_A-n32-k5_r26v5k3.lp.asm

[28/60] Building & Solving: R=27, V=5, K=3
Default row names c1, c2 ... being created.
  [Info] Generating MIP Formulation...
  [Time Manager] Global Remaining Budget: 2964.41s | Future Weight Sum: 33597.0
  [Time Manager] Recalibrated Budget for this step: 54.26s
[CPLEX] Setting time limit to 54 seconds
[CPLEX] Reading assumption from p1_A-n32-k5_r26v5k3.lp.asm ...
[CPLEX] Applying MIP Start with 5250 variables.
Version identifier: 22.1.1.0 | 2022-11-28 | 9160aff4d
CPXPARAM_Read_DataCheck                          1
CPXPARAM_Threads                                 1
CPXPARAM_TimeLimit                               54
1 of 1 MIP starts provided solutions.
MIP start 'm1' defined initial solution with objective 124207.0000.
Tried aggregator 1 time.
MIP Presolve eliminated 50 rows and 4265 columns.
MIP Presolve modified 2770 coefficients.
Reduced MIP has 2662 rows, 1305 columns, and 12325 nonzeros.
Reduced MIP has 995 binaries, 310 generals, 0 SOSs, and 0 indicators.
Presolve time = 0.00 sec. (7.54 ticks)
Probing time = 0.00 sec. (2.58 ticks)
Tried aggregator 1 time.
Detecting symmetries...
Reduced MIP has 2662 rows, 1305 columns, and 12325 nonzeros.
Reduced MIP has 995 binaries, 310 generals, 0 SOSs, and 0 indicators.
Presolve time = 0.00 sec. (7.94 ticks)
Probing time = 0.00 sec. (2.57 ticks)
Clique table members: 567.
MIP emphasis: balance optimality and feasibility.
MIP search method: dynamic search.
Parallel mode: none, using 1 thread.
Root relaxation solution time = 0.01 sec. (30.30 ticks)

        Nodes                                         Cuts/
   Node  Left     Objective  IInf  Best Integer    Best Bound    ItCnt     Gap

*     0+    0                       124207.0000   920485.0000           641.09%
      0     0   177457.3284   162   124207.0000   177457.3284      708   42.87%
      0     0   177088.8621   150   124207.0000     Cuts: 186      839   42.58%
      0     0   176932.0000   180   124207.0000     Cuts: 151      972   42.45%
      0     0   176922.5141   260   124207.0000      Cuts: 27     1090   42.44%
      0     0   176903.0862   298   124207.0000      Cuts: 92     1173   42.43%
      0     0   176617.3459   268   124207.0000      Cuts: 50     1492   42.20%
      0     0   176600.5190   287   124207.0000      Cuts: 51     1522   42.18%
      0     0   176526.0000   181   124207.0000      Cuts: 46     1609   42.12%
      0     0   176526.0000   189   124207.0000      Cuts: 83     1618   42.12%
      0     0   176512.9091   221   124207.0000  ZeroHalf: 48     1681   42.11%
      0     2   176512.9091   221   124207.0000   176509.3333     1681   42.11%
Elapsed time = 0.22 sec. (543.86 ticks, tree = 0.01 MB, solutions = 1)
     22    24   175127.1006   104   124207.0000   176420.0664     4733   42.04%
     58    50   176250.5485   276   124207.0000   176420.0664     7836   42.04%
     72    64   175371.3196   140   124207.0000   176420.0664    10048   42.04%
    120   106   176021.4282   221   124207.0000   176335.1484    12135   41.97%
    195   155   176230.6621   145   124207.0000   176294.9355    14472   41.94%
    239   192   175976.5865   125   124207.0000   176292.4540    16976   41.93%
    281   220   176190.7128   385   124207.0000   176287.1010    19258   41.93%
    309   246    infeasible         124207.0000   176287.1010    21222   41.93%
    341   266   176281.2492    91   124207.0000   176280.7003    23483   41.92%
    520   404   175888.5837   212   124207.0000   176251.2712    35277   41.90%
Elapsed time = 1.33 sec. (3709.22 ticks, tree = 3.40 MB, solutions = 1)
    679   529   173197.2715   152   124207.0000   176249.5144    48941   41.90%
    885   695   172664.5258   117   124207.0000   176226.3874    63428   41.88%

Performing restart 1

Repeating presolve.
Tried aggregator 1 time.
MIP Presolve modified 100 coefficients.
Reduced MIP has 2662 rows, 1305 columns, and 12325 nonzeros.
Reduced MIP has 995 binaries, 310 generals, 0 SOSs, and 0 indicators.
Presolve time = 0.00 sec. (6.48 ticks)
Tried aggregator 1 time.
Reduced MIP has 2662 rows, 1305 columns, and 12325 nonzeros.
Reduced MIP has 995 binaries, 310 generals, 0 SOSs, and 0 indicators.
Presolve time = 0.00 sec. (8.21 ticks)
Represolve time = 0.01 sec. (25.26 ticks)
   1022     0   176407.2193   345   124207.0000     Cuts: 221    77139   41.87%
   1022     0   176388.2971   435   124207.0000     Cuts: 112    77331   41.87%
   1022     0   176376.3020   366   124207.0000      Cuts: 58    77434   41.87%
   1022     0   176370.5251   393   124207.0000     Cuts: 134    77518   41.87%
   1022     0   176359.8665   450   124207.0000      Cuts: 40    77626   41.87%
   1022     0   176352.9779   306   124207.0000      Cuts: 90    77726   41.87%
   1022     0   176327.4823   271   124207.0000      Cuts: 87    77844   41.87%
   1022     0   176295.0326   319   124207.0000      Cuts: 82    78036   41.87%
   1022     0   176292.8300   235   124207.0000     Cuts: 151    78095   41.87%
   1022     0   176274.8506   389   124207.0000      Cuts: 68    78207   41.87%
   1022     0   176274.8506   395   124207.0000      Cuts: 73    78229   41.87%
   1022     2   176274.8506   395   124207.0000   176217.8605    78229   41.87%
   1024     4   176273.1955   389   124207.0000   176217.8605    78257   41.87%
   1029     9   176226.7780   233   124207.0000   176217.8605    78869   41.87%
   1036    16   175478.6180   189   124207.0000   176217.8605    79940   41.87%
   1046    26   173745.6494   245   124207.0000   176217.8605    81080   41.87%
   1056    32   172055.4870   357   124207.0000   176217.8605    82409   41.87%
   1066    40   171438.8922   241   124207.0000   176217.8605    83916   41.87%
   1081    51   175266.2299   217   124207.0000   176217.8605    86739   41.87%
Elapsed time = 5.77 sec. (16419.45 ticks, tree = 0.23 MB, solutions = 1)
   1097    64   175265.7563   384   124207.0000   176217.8605    89858   41.87%
   1111    76   173120.1413   347   124207.0000   176217.8605    91657   41.87%
   1172   137   170077.0904   276   124207.0000   176217.8605    95800   41.87%
   1197   153   175687.5646   266   124207.0000   176217.8605   100616   41.87%
   1238   185   174703.7568   146   124207.0000   176217.8605   106439   41.87%
   1285   224   172600.4529   199   124207.0000   176217.8605   110934   41.87%
   1335   263   174209.1997   284   124207.0000   176184.2476   117921   41.85%
   1394   312   175288.5000   179   124207.0000   176158.1141   126852   41.83%
   1461   363   174874.5017   107   124207.0000   176136.8442   135866   41.81%
   1535   416   172817.0909   165   124207.0000   176124.5000   145502   41.80%
Elapsed time = 9.35 sec. (26442.42 ticks, tree = 0.61 MB, solutions = 1)
   1573   446   175790.8512   297   124207.0000   176118.8133   151347   41.79%
   1645   498   175700.2028   189   124207.0000   176110.7166   161801   41.79%
   1686   529   172601.5915   302   124207.0000   176086.0274   170671   41.77%
   1732   559   173748.7207   359   124207.0000   176070.5759   179019   41.76%
   1778   585   174868.4194   190   124207.0000   176049.6313   188005   41.74%
   1854   638   175665.1615   185   124207.0000   175996.3370   198415   41.70%
   1926   700   171099.0911   294   124207.0000   175982.3037   205837   41.68%
   1974   743   172614.2599   179   124207.0000   175975.9024   215183   41.68%
   2041   804   175126.1667   355   124207.0000   175964.0692   225974   41.67%
   2100   849   174679.2260   221   124207.0000   175958.4996   235404   41.67%
Elapsed time = 12.96 sec. (36280.16 ticks, tree = 1.04 MB, solutions = 1)
   2180   905   174665.2916   111   124207.0000   175910.3729   247842   41.63%
   2252   959    infeasible         124207.0000   175886.8902   259376   41.61%
   2300  1001   173387.7411   243   124207.0000   175870.5449   270301   41.59%
   2375  1068   174215.6220   179   124207.0000   175857.1353   279222   41.58%
   2448  1125   172544.7424   168   124207.0000   175854.5632   290011   41.58%
   2519  1188   174725.6566   197   124207.0000   175853.0418   298570   41.58%
   2566  1219   173503.0000   163   124207.0000   175828.7406   309218   41.56%
   2606  1238   174606.9061   163   124207.0000   175810.0261   319387   41.55%
   2676  1297   172002.8259   195   124207.0000   175801.7685   330423   41.54%
   2748  1350   175589.5396   323   124207.0000   175788.4210   341174   41.53%
Elapsed time = 16.58 sec. (46115.44 ticks, tree = 1.53 MB, solutions = 1)
   2809  1394   175410.9145   220   124207.0000   175781.4223   353159   41.52%
   2863  1418   175672.4027   116   124207.0000   175771.2870   360075   41.51%
   2914  1439   174206.7941   326   124207.0000   175763.2643   370781   41.51%
   2982  1495   174148.5000   180   124207.0000   175748.2072   378728   41.50%
   3033  1531   168909.1171   232   124207.0000   175747.1250   389635   41.50%
   3094  1568   172352.0570   260   124207.0000   175731.4084   400821   41.48%
   3161  1607    infeasible         124207.0000   175707.4428   411911   41.46%
   3208  1645   172102.8199   204   124207.0000   175701.1336   423835   41.46%
   3270  1687   174876.8686   190   124207.0000   175699.3867   434621   41.46%
   3343  1734    infeasible         124207.0000   175697.7988   446993   41.46%
Elapsed time = 20.29 sec. (55931.91 ticks, tree = 2.81 MB, solutions = 1)
   3395  1770   174920.6220   145   124207.0000   175689.1512   458133   41.45%
   3449  1798   174960.6555   195   124207.0000   175674.5487   468499   41.44%
   3511  1836   174925.3737   123   124207.0000   175670.9930   480039   41.43%
   3558  1871   173625.2808   238   124207.0000   175664.2412   492374   41.43%
   3638  1921   174710.4653   216   124207.0000   175643.1984   503852   41.41%
   3703  1972   175281.6424   186   124207.0000   175642.2708   513328   41.41%
   3771  2022   172196.9067   215   124207.0000   175639.1893   523158   41.41%
   3843  2054    infeasible         124207.0000   175619.6609   533515   41.39%
   3911  2094    infeasible         124207.0000   175600.5208   543026   41.38%
   3965  2126   173841.4251   226   124207.0000   175591.8529   554549   41.37%
Elapsed time = 24.09 sec. (65639.24 ticks, tree = 3.18 MB, solutions = 1)
   4020  2167   175256.6537    88   124207.0000   175590.6196   565935   41.37%
   4098  2236   173774.2865   215   124207.0000   175587.5295   577566   41.37%
   4184  2310   170396.3612   143   124207.0000   175580.7222   588003   41.36%
   4242  2348   173541.8667   284   124207.0000   175575.0556   595069   41.36%
   4328  2424    infeasible         124207.0000   175573.3331   602242   41.36%
   4440  2520   174883.6500   154   124207.0000   175567.7056   608858   41.35%
   4528  2594   174878.0690   189   124207.0000   175566.5242   617080   41.35%
   4643  2687   175405.6429   118   124207.0000   175564.0089   624027   41.35%
   4718  2744   174539.3815   223   124207.0000   175557.5000   630383   41.34%
   4798  2805   171375.0289   257   124207.0000   175555.8750   638195   41.34%
Elapsed time = 27.90 sec. (75402.81 ticks, tree = 12.28 MB, solutions = 1)
   4849  2847   172376.7686   237   124207.0000   175554.5263   644300   41.34%
   4939  2924   168641.5640   290   124207.0000   175551.9167   651844   41.34%
   5037  3001   171459.7030   193   124207.0000   175547.8113   659834   41.33%
   5138  3081   167815.9864   178   124207.0000   175538.4356   666642   41.33%
   5217  3146   166872.0332   229   124207.0000   175530.8852   673536   41.32%
   5310  3222   174529.0241   187   124207.0000   175523.6682   680864   41.32%
   5357  3247   174264.6319   159   124207.0000   175509.1861   688264   41.30%
   5418  3284   173514.4179   206   124207.0000   175504.0740   695591   41.30%
   5525  3371   165051.1214   318   124207.0000   175498.2852   703354   41.30%
   5626  3453   175216.0282   310   124207.0000   175497.8122   711097   41.29%
Elapsed time = 34.20 sec. (85129.58 ticks, tree = 23.52 MB, solutions = 1)
   5709  3518    infeasible         124207.0000   175487.4717   718615   41.29%
   5830  3613   171736.0248   184   124207.0000   175479.4091   725143   41.28%
   5900  3665    infeasible         124207.0000   175476.2950   732122   41.28%
   5950  3701   173968.5296   390   124207.0000   175454.6797   739369   41.26%
   6022  3747   173141.3150   329   124207.0000   175449.1090   746414   41.26%
   6082  3789    infeasible         124207.0000   175444.8750   753686   41.25%
   6185  3879   172255.0054   275   124207.0000   175443.0000   761139   41.25%
   6304  3979   169643.2571   353   124207.0000   175441.0329   768271   41.25%
   6389  4046   174525.7017   291   124207.0000   175434.6931   775467   41.24%
   6753  4332    infeasible         124207.0000   175409.6837   803313   41.22%
Elapsed time = 39.31 sec. (97742.35 ticks, tree = 42.93 MB, solutions = 1)
   7167  4665    infeasible         124207.0000   175386.9914   830692   41.21%
   7457  4878   174999.6829   209   124207.0000   175374.6418   858495   41.20%
   7920  5252   173763.6667   268   124207.0000   175359.4346   886863   41.18%
   8255  5521    infeasible         124207.0000   175353.3553   915362   41.18%
   8539  5721   174947.0670   214   124207.0000   175341.8082   943507   41.17%
   8870  5980   174022.6667   231   124207.0000   175338.2710   971041   41.17%
   9176  6216   174708.4917   248   124207.0000   175329.2989   997946   41.16%
   9438  6405   173728.1250   266   124207.0000   175315.5000  1025726   41.15%
   9741  6654   161856.5901   236   124207.0000   175311.2523  1052502   41.14%
  10057  6891   173370.2500   347   124207.0000   175296.0064  1078655   41.13%
Elapsed time = 52.96 sec. (136150.89 ticks, tree = 90.73 MB, solutions = 1)

GUB cover cuts applied:  11
Clique cuts applied:  12
Cover cuts applied:  56
Implied bound cuts applied:  58
Flow cuts applied:  15
Mixed integer rounding cuts applied:  521
Zero-half cuts applied:  126
Gomory fractional cuts applied:  12

Root node processing (before b&c):
  Real time             =    0.22 sec. (543.97 ticks)
Sequential b&c:
  Real time             =   53.78 sec. (138410.69 ticks)
                          ------------
Total (root+branch&cut) =   54.00 sec. (138954.66 ticks)
[CPLEX] Status: time limit exceeded
[CPLEX] OPTIMAL OBJ: 124207.0
[CPLEX] Runtime: 54.007 sec
Vehicle 0: d → 4 → 19 → 23 → 25 → 15 → 11 → d, (requests = [15])
Vehicle 1: d → 5 → 2 → 22 → 27 → 3 → 7 → 17 → 21 → 14 → 28 → 9 → 24 → 4 → 19 → 23 → 25 → 29 → 15 → 6 → 12 → 20 → 18 → d, (requests = [0, 1, 2, 3, 4, 10, 13, 14, 17, 19, 21])
Vehicle 2: d → 16 → 30 → 20 → 12 → 6 → 25 → 23 → 19 → 4 → 28 → 14 → 21 → 8 → d, (requests = [5, 11, 12])
Vehicle 3: d → 1 → 22 → 27 → 10 → 7 → 8 → d, (requests = [8, 24])
Vehicle 4: d → 11 → 0 → 12 → 6 → 15 → 29 → 25 → 13 → 26 → 19 → 4 → 24 → 9 → 14 → 21 → 17 → 7 → 10 → 27 → 22 → 5 → d, (requests = [6, 7, 16, 18, 20, 22, 23])
======== PPDSP OBJECTIVE ========
Profit    = 158945
Cost      = 34738
Objective = 124207
=================================
===== RAW XY MODEL =====
148 384 492 632 762 816 997 1111 1128 1172 1187 1229 1266 1337 1429 1501 1511 1590 1632 1656 1683 1711 1756 1786 1797 1854 1892 1930 1968 2022 2353 2414 2484 2587 2666 2739 2809 2849 2877 2952 3020 3107 3177 3205 3370 3548 3603 3643 4047 4190 4309 4457 4597 4636 4652 4679 4747 4792 4797 4835 4887 4914 4954 4996 5057 5134 5154 5222 5258 5296 5331 5398 5448 2050 2052 2054 2056 2184 3226 5475 5476 4348 2196 3297 3300 3302 3305 3307 5485 3314 5487 4426 5489 4434 5491 5492 5559
  [Time Manager] Step 28 consumed 54.01s. Total Consumed: 689.60s.
  [Info] Saved 5570 core assumption literals to p1_A-n32-k5_r27v5k3.lp.asm

[29/60] Building & Solving: R=28, V=5, K=3
Default row names c1, c2 ... being created.
  [Info] Generating MIP Formulation...
  [Time Manager] Global Remaining Budget: 2910.40s | Future Weight Sum: 32982.0
  [Time Manager] Recalibrated Budget for this step: 54.71s
[CPLEX] Setting time limit to 54 seconds
[CPLEX] Reading assumption from p1_A-n32-k5_r27v5k3.lp.asm ...
[CPLEX] Applying MIP Start with 5255 variables.
Version identifier: 22.1.1.0 | 2022-11-28 | 9160aff4d
CPXPARAM_Read_DataCheck                          1
CPXPARAM_Threads                                 1
CPXPARAM_TimeLimit                               54
1 of 1 MIP starts provided solutions.
MIP start 'm1' defined initial solution with objective 124207.0000.
Tried aggregator 1 time.
MIP Presolve eliminated 50 rows and 4265 columns.
MIP Presolve modified 2770 coefficients.
Reduced MIP has 2678 rows, 1310 columns, and 12495 nonzeros.
Reduced MIP has 1000 binaries, 310 generals, 0 SOSs, and 0 indicators.
Presolve time = 0.00 sec. (7.61 ticks)
Probing time = 0.00 sec. (2.58 ticks)
Tried aggregator 1 time.
Detecting symmetries...
Reduced MIP has 2678 rows, 1310 columns, and 12495 nonzeros.
Reduced MIP has 1000 binaries, 310 generals, 0 SOSs, and 0 indicators.
Presolve time = 0.00 sec. (8.03 ticks)
Probing time = 0.00 sec. (2.57 ticks)
Clique table members: 573.
MIP emphasis: balance optimality and feasibility.
MIP search method: dynamic search.
Parallel mode: none, using 1 thread.
Root relaxation solution time = 0.01 sec. (26.23 ticks)

        Nodes                                         Cuts/
   Node  Left     Objective  IInf  Best Integer    Best Bound    ItCnt     Gap

*     0+    0                       124207.0000   954950.0000           668.84%
      0     0   184344.9683   142   124207.0000   184344.9683      677   48.42%
      0     0   183902.4408   157   124207.0000     Cuts: 197      843   48.06%
      0     0   183782.0000   185   124207.0000     Cuts: 127      925   47.96%
      0     0   183782.0000   185   124207.0000      Cuts: 63      927   47.96%
      0     0   183737.7500   214   124207.0000  ZeroHalf: 52     1103   47.93%
      0     0   183664.0000   209   124207.0000      Cuts: 88     1145   47.87%
      0     0   183469.8750   200   124207.0000      Cuts: 66     1424   47.71%
      0     0   183284.1667   198   124207.0000     Cuts: 120     1614   47.56%
      0     0   183283.3333   219   124207.0000      Cuts: 98     1639   47.56%
      0     2   183283.3333   219   124207.0000   183281.2105     1639   47.56%
Elapsed time = 0.21 sec. (534.09 ticks, tree = 0.01 MB, solutions = 1)
     10    12   182868.4157   133   124207.0000   183275.0000     4559   47.56%
     21    23   181537.4042   133   124207.0000   183275.0000     6787   47.56%
     50    42   182935.4166   272   124207.0000   183082.4032     9791   47.40%
     75    67   181361.1808   122   124207.0000   183082.4032    13246   47.40%
    113    99   175301.8954    60   124207.0000   183074.2371    16713   47.39%
    160   130   181682.1196   131   124207.0000   183046.3276    19516   47.37%
    244   183   182606.7500   206   124207.0000   183018.4799    23150   47.35%
    280   219   179233.5671    96   124207.0000   183018.4799    26840   47.35%
    365   276   182880.0133   413   124207.0000   182985.7957    30076   47.32%
    493   376   181489.1090   184   124207.0000   182966.6348    43343   47.31%
Elapsed time = 1.39 sec. (3712.53 ticks, tree = 0.50 MB, solutions = 1)

Performing restart 1

Repeating presolve.
Tried aggregator 1 time.
MIP Presolve modified 100 coefficients.
Reduced MIP has 2678 rows, 1310 columns, and 12495 nonzeros.
Reduced MIP has 1000 binaries, 310 generals, 0 SOSs, and 0 indicators.
Presolve time = 0.00 sec. (6.55 ticks)
Tried aggregator 1 time.
Reduced MIP has 2678 rows, 1310 columns, and 12495 nonzeros.
Reduced MIP has 1000 binaries, 310 generals, 0 SOSs, and 0 indicators.
Presolve time = 0.00 sec. (8.30 ticks)
Represolve time = 0.01 sec. (22.32 ticks)
    532     0   183146.6667   214   124207.0000      Cuts: 76    46202   47.29%
    532     0   183079.9896   277   124207.0000      Cuts: 76    46369   47.29%
    532     0   183057.8768   272   124207.0000     Cuts: 170    46572   47.29%
    532     0   183044.0000   209   124207.0000     Cuts: 152    46675   47.29%
    532     0   182985.9070   105   124207.0000     Cuts: 146    46802   47.29%
    532     0   182941.6064   120   124207.0000     Cuts: 141    46949   47.29%
    532     0   182938.2500   102   124207.0000     Cuts: 100    47012   47.28%
    532     0   182936.0331   101   124207.0000      Cuts: 49    47097   47.28%
    532     0   182928.0943    96   124207.0000      Cuts: 42    47200   47.28%
    532     0   182916.2816   265   124207.0000     Cuts: 117    47338   47.27%
    532     0   182910.1791   373   124207.0000     Cuts: 243    47546   47.26%
    532     0   182910.1791   398   124207.0000     Cuts: 125    47600   47.26%
    532     0   182910.1791   400   124207.0000      Cuts: 42    47624   47.26%
    532     0   182910.1791   399   124207.0000      Cuts: 25    47640   47.26%
    532     0   182910.1791   401   124207.0000      Cuts: 28    47650   47.26%
    532     2   182910.1791   401   124207.0000   182910.1791    47650   47.26%
    534     4   182907.4292   391   124207.0000   182907.4211    47801   47.26%
    536     6   182334.7630   205   124207.0000   182905.8031    48934   47.26%
    539     9   182893.1411   122   124207.0000   182900.9860    50210   47.25%
    544    14   182764.4009   137   124207.0000   182900.9860    52728   47.25%
    549    19   182709.2482   166   124207.0000   182900.9860    53690   47.25%
    555    24   181980.3494   115   124207.0000   182900.9860    54015   47.25%
    562    31   181503.7212   171   124207.0000   182900.9860    55312   47.25%
    578    46   177450.8002   121   124207.0000   182900.9860    56447   47.25%
    594    57   182859.4685   257   124207.0000   182890.4716    57160   47.25%
Elapsed time = 5.74 sec. (16900.01 ticks, tree = 0.95 MB, solutions = 1)
    601    62   180697.7130   319   124207.0000   182890.4716    58585   47.25%
    605    66   180492.3768   360   124207.0000   182890.4716    59240   47.25%
    610    71   180054.7727   280   124207.0000   182890.4716    61852   47.25%
    614    75   179829.3810    88   124207.0000   182890.4716    62906   47.25%
    632    89   175562.9754   223   124207.0000   182890.4716    64282   47.25%
    666   115   182702.3150   417   124207.0000   182867.8631    65683   47.23%
    670   119   182595.5600   387   124207.0000   182867.8631    66027   47.23%
    681   130   182090.3920   383   124207.0000   182867.8631    66954   47.23%
    708   153   179278.0175   327   124207.0000   182867.8631    69222   47.23%
    742   179   180293.7500   246   124207.0000   182867.8242    71946   47.23%
Elapsed time = 9.03 sec. (27352.82 ticks, tree = 3.08 MB, solutions = 1)
    789   215   182647.3537   336   124207.0000   182862.7745    76226   47.22%
    865   279   182074.3860   290   124207.0000   182861.8880    80979   47.22%
    908   319   181982.7712   385   124207.0000   182851.6230    85111   47.22%
    965   370   177334.5326   154   124207.0000   182839.7516    90082   47.21%
   1012   405   180894.0375   247   124207.0000   182815.6152    94860   47.19%
   1065   448    infeasible         124207.0000   182807.4478    99820   47.18%
   1120   499   180385.7540   313   124207.0000   182807.0519   108792   47.18%
   1172   545   178756.4167   189   124207.0000   182804.4069   114955   47.18%
   1235   604   177182.8348   202   124207.0000   182795.7964   125333   47.17%
   1291   656   171961.8119   225   124207.0000   182792.6537   133567   47.17%
Elapsed time = 14.00 sec. (37143.36 ticks, tree = 6.17 MB, solutions = 1)
   1331   688   179913.1034   283   124207.0000   182781.2130   139378   47.16%
   1403   755   176672.1865   249   124207.0000   182768.5860   143988   47.15%
   1453   793    infeasible         124207.0000   182764.5716   149850   47.15%
   1492   830   177565.0456   221   124207.0000   182763.6578   156261   47.14%
   1578   902   178568.8892   142   124207.0000   182760.4152   161759   47.14%
   1646   956   182591.3610   147   124207.0000   182757.1813   168419   47.14%
   1689   995   177253.2719   218   124207.0000   182745.9718   175192   47.13%
   1738  1034   178656.1961   183   124207.0000   182742.5833   182001   47.13%
   1809  1097   179664.8451   157   124207.0000   182737.2730   188488   47.12%
   1895  1167   180497.1858   186   124207.0000   182702.3150   194141   47.10%
Elapsed time = 17.42 sec. (46935.74 ticks, tree = 11.90 MB, solutions = 1)
   1972  1231   180647.7600   220   124207.0000   182689.3651   199936   47.08%
   2056  1298   180082.3023   310   124207.0000   182670.5908   206046   47.07%
   2171  1399   178721.4165   211   124207.0000   182664.6398   212792   47.06%
   2230  1442   178012.3274   159   124207.0000   182644.3061   219245   47.05%
   2291  1491   179198.7051   190   124207.0000   182640.3468   225128   47.05%
   2372  1566   164834.1225   243   124207.0000   182632.4077   231341   47.04%
   2523  1695   182208.6893   458   124207.0000   182617.0213   236405   47.03%
   2592  1760   181361.7692    95   124207.0000   182614.5839   242279   47.02%
   2680  1832    infeasible         124207.0000   182612.2913   248405   47.02%
   2774  1920   175666.5806   203   124207.0000   182604.3448   255366   47.02%
Elapsed time = 20.70 sec. (56717.63 ticks, tree = 30.25 MB, solutions = 1)
   2850  1978   181235.5756   284   124207.0000   182598.7878   262095   47.01%
   2972  2084   174803.6532   181   124207.0000   182598.0762   268991   47.01%
   3032  2131    infeasible         124207.0000   182589.2619   276712   47.00%
   3120  2209   167910.5327   237   124207.0000   182581.9503   283779   47.00%
   3193  2269   181296.3210   205   124207.0000   182570.5155   290389   46.99%
   3301  2363   179578.4661   473   124207.0000   182555.2257   297985   46.98%
   3374  2424   180535.9184   229   124207.0000   182547.1558   304274   46.97%
   3434  2468   174141.2480   227   124207.0000   182542.9324   311572   46.97%
   3521  2538    infeasible         124207.0000   182537.3794   317912   46.96%
   3582  2585   177293.1761   261   124207.0000   182533.1168   325035   46.96%
Elapsed time = 24.04 sec. (66442.91 ticks, tree = 42.73 MB, solutions = 1)
   3646  2634   177754.0503   253   124207.0000   182531.7718   331985   46.96%
   3737  2703   180384.8103   243   124207.0000   182527.1987   338204   46.95%
   3827  2783   181904.3446   248   124207.0000   182517.6920   345098   46.95%
   3917  2859   180178.4953   130   124207.0000   182510.6430   352138   46.94%
   4004  2926   182009.2487   242   124207.0000   182503.2006   358893   46.93%
   4084  2995   179688.6755   210   124207.0000   182500.6759   364968   46.93%
   4168  3061    infeasible         124207.0000   182490.8072   371081   46.92%
   4242  3125   178986.4000   165   124207.0000   182488.3996   377946   46.92%
   4298  3165   177102.2688   219   124207.0000   182484.7257   384536   46.92%
   4377  3228   179149.4970   234   124207.0000   182473.4925   391208   46.91%
Elapsed time = 27.28 sec. (76138.80 ticks, tree = 56.49 MB, solutions = 1)
   4492  3323   178954.6953   202   124207.0000   182464.7210   397788   46.90%
   4567  3384   173993.2658    91   124207.0000   182461.3927   403514   46.90%
   4680  3470   181852.0195   232   124207.0000   182458.0842   410718   46.90%
   4725  3503   177359.0896   268   124207.0000   182454.7970   417599   46.90%
   4814  3567   180049.8783   331   124207.0000   182440.7173   423617   46.88%
   4870  3612   176823.0070   226   124207.0000   182432.5107   430400   46.88%
   4950  3680   181921.8528   173   124207.0000   182426.6681   437279   46.87%
   5016  3728   179221.4631   246   124207.0000   182425.0129   443801   46.87%
   5083  3777    infeasible         124207.0000   182420.3927   450978   46.87%
   5143  3823    infeasible         124207.0000   182414.4282   458020   46.86%
Elapsed time = 30.61 sec. (85862.09 ticks, tree = 69.61 MB, solutions = 1)
   5223  3879   180532.0833   238   124207.0000   182408.5950   464630   46.86%
   5296  3935   178971.9108   171   124207.0000   182405.4777   471853   46.86%
   5378  4002   181344.5940   232   124207.0000   182398.2932   478207   46.85%
   5457  4061   176276.1442   160   124207.0000   182390.1411   485513   46.84%
   5517  4103   179312.0437   278   124207.0000   182381.6990   492024   46.84%
   5625  4203   173885.1702   131   124207.0000   182378.6191   499298   46.83%
   5701  4263   178274.9952   292   124207.0000   182376.7174   505818   46.83%
   5769  4310    infeasible         124207.0000   182363.9023   512226   46.82%
   5858  4383   177348.4857   114   124207.0000   182358.0522   519294   46.82%
   6162  4613   179939.2746   162   124207.0000   182334.6593   546016   46.80%
Elapsed time = 34.97 sec. (98363.11 ticks, tree = 82.79 MB, solutions = 1)
   6482  4880   177776.8507   313   124207.0000   182316.4706   574718   46.78%
   6865  5184   176699.4500   166   124207.0000   182294.3030   601986   46.77%
   7178  5436    infeasible         124207.0000   182274.1364   629166   46.75%
   7514  5706   170250.7881   220   124207.0000   182255.7389   657354   46.74%
   7856  5983   174859.9171   179   124207.0000   182248.7460   683794   46.73%
   8223  6282   179910.8724   148   124207.0000   182240.4793   711570   46.72%
   8517  6513   180530.3958   202   124207.0000   182225.9282   738464   46.71%
   8930  6875   181708.4003   312   124207.0000   182214.7499   767417   46.70%
   9258  7143   180112.4527   188   124207.0000   182200.2099   794921   46.69%
   9599  7398   172529.3565   118   124207.0000   182188.8880   822935   46.68%
Elapsed time = 50.60 sec. (136663.41 ticks, tree = 147.34 MB, solutions = 1)
   9886  7617   180891.2453   187   124207.0000   182176.5174   851556   46.67%
  10318  7986    infeasible         124207.0000   182168.6481   877573   46.67%

GUB cover cuts applied:  2
Clique cuts applied:  17
Cover cuts applied:  18
Implied bound cuts applied:  42
Flow cuts applied:  26
Mixed integer rounding cuts applied:  309
Zero-half cuts applied:  127
Lift and project cuts applied:  2
Gomory fractional cuts applied:  24

Root node processing (before b&c):
  Real time             =    0.21 sec. (534.20 ticks)
Sequential b&c:
  Real time             =   53.79 sec. (145529.42 ticks)
                          ------------
Total (root+branch&cut) =   54.00 sec. (146063.62 ticks)
[CPLEX] Status: time limit exceeded
[CPLEX] OPTIMAL OBJ: 124207.0
[CPLEX] Runtime: 54.007 sec
Vehicle 0: d → 4 → 19 → 23 → 25 → 15 → 11 → d, (requests = [15])
Vehicle 1: d → 5 → 2 → 22 → 27 → 3 → 7 → 17 → 21 → 14 → 28 → 9 → 24 → 4 → 19 → 23 → 25 → 29 → 15 → 6 → 12 → 20 → 18 → d, (requests = [0, 1, 2, 3, 4, 10, 13, 14, 17, 19, 21])
Vehicle 2: d → 16 → 30 → 20 → 12 → 6 → 25 → 23 → 19 → 4 → 28 → 14 → 21 → 8 → d, (requests = [5, 11, 12])
Vehicle 3: d → 1 → 22 → 27 → 10 → 7 → 8 → d, (requests = [8, 24])
Vehicle 4: d → 11 → 0 → 12 → 6 → 15 → 29 → 25 → 13 → 26 → 19 → 4 → 24 → 9 → 14 → 21 → 17 → 7 → 10 → 27 → 22 → 5 → d, (requests = [6, 7, 16, 18, 20, 22, 23])
======== PPDSP OBJECTIVE ========
Profit    = 158945
Cost      = 34738
Objective = 124207
=================================
===== RAW XY MODEL =====
148 384 492 632 762 816 997 1111 1128 1172 1187 1229 1266 1337 1429 1501 1511 1590 1632 1656 1683 1711 1756 1786 1797 1854 1892 1930 1968 2022 2353 2414 2484 2587 2666 2739 2809 2849 2877 2952 3020 3107 3177 3205 3370 3548 3603 3643 4047 4190 4309 4457 4597 4636 4652 4679 4747 4792 4797 4835 4887 4914 4954 4996 5057 5134 5154 5222 5258 5296 5331 5398 5448 2050 2052 2054 2056 2184 3226 5475 5476 4348 2196 3297 3300 3302 3305 3307 5485 3314 5487 4426 5489 4434 5491 5492 5559
  [Time Manager] Step 29 consumed 54.01s. Total Consumed: 743.61s.
  [Info] Saved 5575 core assumption literals to p1_A-n32-k5_r28v5k3.lp.asm

[30/60] Building & Solving: R=29, V=5, K=3
Default row names c1, c2 ... being created.
  [Info] Generating MIP Formulation...
  [Time Manager] Global Remaining Budget: 2856.39s | Future Weight Sum: 32362.0
  [Time Manager] Recalibrated Budget for this step: 55.16s
[CPLEX] Setting time limit to 55 seconds
[CPLEX] Reading assumption from p1_A-n32-k5_r28v5k3.lp.asm ...
[CPLEX] Applying MIP Start with 5260 variables.
Version identifier: 22.1.1.0 | 2022-11-28 | 9160aff4d
CPXPARAM_Read_DataCheck                          1
CPXPARAM_Threads                                 1
CPXPARAM_TimeLimit                               55
1 of 1 MIP starts provided solutions.
MIP start 'm1' defined initial solution with objective 124207.0000.
Tried aggregator 1 time.
MIP Presolve eliminated 45 rows and 4265 columns.
MIP Presolve modified 2790 coefficients.
Reduced MIP has 2699 rows, 1315 columns, and 12665 nonzeros.
Reduced MIP has 1005 binaries, 310 generals, 0 SOSs, and 0 indicators.
Presolve time = 0.00 sec. (7.75 ticks)
Probing time = 0.00 sec. (2.59 ticks)
Tried aggregator 1 time.
Detecting symmetries...
Reduced MIP has 2699 rows, 1315 columns, and 12665 nonzeros.
Reduced MIP has 1005 binaries, 310 generals, 0 SOSs, and 0 indicators.
Presolve time = 0.00 sec. (8.13 ticks)
Probing time = 0.00 sec. (2.58 ticks)
Clique table members: 574.
MIP emphasis: balance optimality and feasibility.
MIP search method: dynamic search.
Parallel mode: none, using 1 thread.
Root relaxation solution time = 0.01 sec. (29.60 ticks)

        Nodes                                         Cuts/
   Node  Left     Objective  IInf  Best Integer    Best Bound    ItCnt     Gap

*     0+    0                       124207.0000   979750.0000           688.80%
      0     0   189318.5846   140   124207.0000   189318.5846      671   52.42%
      0     0   188928.9667   161   124207.0000     Cuts: 206      838   52.11%
      0     0   188742.0000   178   124207.0000     Cuts: 115      924   51.96%
      0     0   188742.0000   188   124207.0000      Cuts: 67      933   51.96%
      0     0   188742.0000   188   124207.0000      Cuts: 85      935   51.96%
      0     2   188742.0000   185   124207.0000   188742.0000      935   51.96%
Elapsed time = 0.20 sec. (491.82 ticks, tree = 0.01 MB, solutions = 1)
     12    14   188022.0196   214   124207.0000   188501.0973     3515   51.76%
     50    48   186253.3930   102   124207.0000   188476.1674     5463   51.74%
     97    83   187998.6516   162   124207.0000   188476.1674     7579   51.74%
    134   114   188057.6675   167   124207.0000   188463.5615     9929   51.73%
    173   144   188024.5512   117   124207.0000   188403.6007    13230   51.69%
    200   163   188019.0000   168   124207.0000   188389.6211    14853   51.67%
    222   177   183428.5628    74   124207.0000   188389.6211    17851   51.67%
    253   200   187608.9493   227   124207.0000   188369.6099    20728   51.66%
    320   251   187431.1514   157   124207.0000   188358.4102    23193   51.65%
    495   382   187881.2943   185   124207.0000   188283.6739    31937   51.59%
Elapsed time = 1.37 sec. (3702.44 ticks, tree = 4.57 MB, solutions = 1)
    785   628   187825.6886   202   124207.0000   188260.1801    40877   51.57%
    940   746   187641.7498   159   124207.0000   188224.1812    50458   51.54%

Performing restart 1

Repeating presolve.
Tried aggregator 1 time.
MIP Presolve modified 100 coefficients.
Reduced MIP has 2699 rows, 1315 columns, and 12665 nonzeros.
Reduced MIP has 1005 binaries, 310 generals, 0 SOSs, and 0 indicators.
Presolve time = 0.00 sec. (6.63 ticks)
Tried aggregator 1 time.
Reduced MIP has 2699 rows, 1315 columns, and 12665 nonzeros.
Reduced MIP has 1005 binaries, 310 generals, 0 SOSs, and 0 indicators.
Presolve time = 0.00 sec. (8.40 ticks)
Represolve time = 0.01 sec. (22.73 ticks)
   1036     0   188629.6848   229   124207.0000     Cuts: 133    55222   51.53%
   1036     0   188379.7395   212   124207.0000     Cuts: 113    55363   51.53%
   1036     0   188144.5385   391   124207.0000     Cuts: 177    55647   51.48%
   1036     0   188078.8177   322   124207.0000     Cuts: 100    55772   51.42%
   1036     0   188040.8981   367   124207.0000      Cuts: 63    55940   51.39%
   1036     0   188024.7388   445   124207.0000      Cuts: 82    56089   51.38%
   1036     0   188018.4729   420   124207.0000      Cuts: 42    56206   51.38%
   1036     0   188013.2584   392   124207.0000     Cuts: 228    56345   51.37%
   1036     0   188013.1085   397   124207.0000      Cuts: 57    56402   51.37%
   1036     0   187992.8648   390   124207.0000      Cuts: 31    56565   51.35%
   1036     0   187988.5943   401   124207.0000     Cuts: 238    56609   51.35%
   1036     0   187978.5298   386   124207.0000      Cuts: 37    56697   51.34%
   1036     0   187976.4841   398   124207.0000      Cuts: 99    56793   51.34%
   1036     0   187976.4485   391   124207.0000      Cuts: 15    56821   51.34%
   1036     0   187968.6922   379   124207.0000      Cuts: 99    56936   51.34%
   1036     0   187968.6922   381   124207.0000      Cuts: 62    56977   51.34%
   1036     2   187968.6922   379   124207.0000   187967.2860    56977   51.33%
   1039     5   187908.4646    98   124207.0000   187933.0317    57514   51.31%
   1044    10   187171.2966   188   124207.0000   187933.0317    58588   51.31%
   1059    25   186823.4095   180   124207.0000   187933.0317    63933   51.31%
   1094    51   185921.4173   371   124207.0000   187902.0000    70422   51.28%
   1130    83   187687.7447    86   124207.0000   187869.5901    73314   51.26%
   1201   144    infeasible         124207.0000   187819.8985    76768   51.22%
   1230   169   184485.4833   411   124207.0000   187803.9862    80369   51.20%
Elapsed time = 5.82 sec. (16190.65 ticks, tree = 1.29 MB, solutions = 1)
   1314   248   175592.5120   283   124207.0000   187803.9862    84819   51.20%
   1399   320   187529.5714   204   124207.0000   187789.2449    90986   51.19%
   1504   416   187222.9770   228   124207.0000   187787.1770    97460   51.19%
   1586   489   182597.5727   142   124207.0000   187778.0327   103117   51.18%
   1666   555   184314.3147   276   124207.0000   187713.8790   109226   51.13%
   1768   647   184271.5000   253   124207.0000   187712.6115   115606   51.13%
   1931   796   186622.2088   317   124207.0000   187685.7176   121583   51.11%
   2034   888   181487.3724   238   124207.0000   187629.9167   127771   51.06%
   2086   932   186295.8246   218   124207.0000   187588.3077   135007   51.03%
   2176  1010   186364.6842   257   124207.0000   187565.2223   141707   51.01%
Elapsed time = 9.22 sec. (25900.11 ticks, tree = 17.15 MB, solutions = 1)
   2253  1079   186481.7500   248   124207.0000   187553.8286   149061   51.00%
   2348  1164   185389.0621   276   124207.0000   187553.0878   155879   51.00%
   2461  1259   187148.6610    98   124207.0000   187472.0943   163055   50.94%
   2545  1333   185922.9167   216   124207.0000   187435.1225   170437   50.91%
   2659  1433   186431.2785   235   124207.0000   187424.7500   177480   50.90%
   2773  1540   176712.8741   160   124207.0000   187391.4545   184853   50.87%
   2860  1615   183798.3710   122   124207.0000   187367.7500   192173   50.85%
   2982  1717   182627.1356   314   124207.0000   187356.2167   199490   50.84%
   3100  1822   183825.2545   153   124207.0000   187339.6034   207361   50.83%
   3182  1893   186976.2727   405   124207.0000   187312.5411   215009   50.81%
Elapsed time = 12.64 sec. (35575.80 ticks, tree = 30.40 MB, solutions = 1)
   3294  1996   186475.0577   158   124207.0000   187312.3225   223575   50.81%
   3370  2062   186936.2658   154   124207.0000   187310.3214   231131   50.80%
   3443  2127   184264.3299   201   124207.0000   187265.7495   239133   50.77%
   3629  2293   182788.7436   144   124207.0000   187239.1230   246068   50.75%
   3709  2355   184794.5460   226   124207.0000   187219.8365   252872   50.73%
   3770  2394   186009.3688   227   124207.0000   187207.3214   258273   50.72%
   3839  2447    infeasible         124207.0000   187203.0477   264652   50.72%
   3933  2519   186764.0178   104   124207.0000   187199.3333   271258   50.72%
   4041  2612   178735.6595   171   124207.0000   187199.1410   278650   50.72%
   4134  2687   186541.1537   246   124207.0000   187177.2889   285618   50.70%
Elapsed time = 16.05 sec. (45330.87 ticks, tree = 44.18 MB, solutions = 1)
   4231  2775   168593.8487   232   124207.0000   187175.7500   291848   50.70%
   4352  2878    infeasible         124207.0000   187174.3000   299491   50.70%
   4393  2909   185961.9952   163   124207.0000   187172.5664   306832   50.69%
   4473  2985   182219.3699   255   124207.0000   187171.4487   312509   50.69%
   4551  3050   186322.7917   221   124207.0000   187167.7875   319719   50.69%
   4583  3074   186485.9556   307   124207.0000   187138.3276   327211   50.67%
   4682  3158   185280.9035   251   124207.0000   187129.5000   334281   50.66%
   4796  3258   187065.7407   206   124207.0000   187121.7620   341280   50.65%
   4874  3324   179068.0502   259   124207.0000   187119.8000   348044   50.65%
   4956  3398   186482.5333   225   124207.0000   187118.3059   354411   50.65%
Elapsed time = 19.58 sec. (55345.26 ticks, tree = 59.14 MB, solutions = 1)
   5023  3455   186771.0132   343   124207.0000   187106.7794   360903   50.64%
   5098  3521   185753.6547   188   124207.0000   187106.3295   367495   50.64%
   5182  3597   182226.0531   171   124207.0000   187095.5380   373758   50.63%
   5242  3639   185966.0000   101   124207.0000   187091.0000   379552   50.63%
   5342  3721   182800.2493   227   124207.0000   187087.4358   386256   50.63%
   5413  3773   180879.7000   163   124207.0000   187083.0375   393056   50.62%
   5516  3869   176312.7180   270   124207.0000   187081.2875   399133   50.62%
   5594  3936   184140.4811   101   124207.0000   187079.6429   405930   50.62%
   5684  4006   183097.9958   307   124207.0000   187072.3253   412289   50.61%
   5763  4069   186117.2797   304   124207.0000   187071.3102   418908   50.61%
Elapsed time = 23.27 sec. (65113.15 ticks, tree = 73.36 MB, solutions = 1)
   5843  4133   186829.0946   361   124207.0000   187068.9583   424481   50.61%
   5935  4215   184479.2101   319   124207.0000   187068.2656   431160   50.61%
   6037  4298    infeasible         124207.0000   187061.0405   438802   50.60%
   6135  4381   186013.0699   199   124207.0000   187060.2631   446124   50.60%
   6219  4451    infeasible         124207.0000   187056.2170   454355   50.60%
   6303  4519   186658.3693   204   124207.0000   187054.0264   461969   50.60%
   6395  4595   186873.6007   310   124207.0000   187053.1429   468474   50.60%
   6453  4640   186993.2469   230   124207.0000   187051.7378   474807   50.60%
   6519  4698    infeasible         124207.0000   187051.6854   481964   50.60%
   6585  4751   184999.3291   288   124207.0000   187049.4988   487509   50.59%
Elapsed time = 28.72 sec. (74921.28 ticks, tree = 85.05 MB, solutions = 1)
   6688  4835   186610.1109   313   124207.0000   187044.2127   493959   50.59%
   6748  4888   186165.3750   183   124207.0000   187042.5139   500905   50.59%
   6836  4963   177999.4486   200   124207.0000   187041.7283   507613   50.59%
   6921  5035   182894.0278   226   124207.0000   187038.3633   513456   50.59%
   7041  5143   186206.5000   211   124207.0000   187037.3058   519574   50.59%
   7132  5222   183981.3560   399   124207.0000   187035.8022   527072   50.58%
   7193  5272   180826.5848   235   124207.0000   187035.3465   532809   50.58%
   7299  5366   180149.0714   322   124207.0000   187034.2192   539757   50.58%
   7365  5418   186042.3838   334   124207.0000   187032.9536   545905   50.58%
   7409  5448   186039.1803   329   124207.0000   187027.9272   552665   50.58%
Elapsed time = 32.59 sec. (84946.02 ticks, tree = 98.61 MB, solutions = 1)
   7478  5511   181627.7626   208   124207.0000   187023.6106   558689   50.57%
   7570  5582   185679.2934   292   124207.0000   187020.5303   565513   50.57%
   7634  5627   186208.9928   232   124207.0000   187017.1667   571681   50.57%
   7699  5682   184351.5275   362   124207.0000   187016.7595   577896   50.57%
   7771  5744   179375.0131   300   124207.0000   187013.5164   583919   50.57%
   7837  5802   181246.4615   232   124207.0000   187010.2463   590582   50.56%
   7917  5866   181315.0353   181   124207.0000   187004.6944   597692   50.56%
   7978  5919   184515.5162   235   124207.0000   186999.8167   604173   50.55%
   8039  5968   186649.6629   287   124207.0000   186994.7955   610612   50.55%
   8296  6178   182125.6817   235   124207.0000   186982.4983   635961   50.54%
Elapsed time = 37.14 sec. (97599.18 ticks, tree = 113.13 MB, solutions = 1)
   8594  6427   184927.5024   288   124207.0000   186978.0606   661572   50.54%
   8881  6659   185853.0125   316   124207.0000   186971.9719   691318   50.53%
   9135  6870    infeasible         124207.0000   186963.6854   718187   50.53%
   9443  7129   186465.0000   189   124207.0000   186939.7241   743573   50.51%
   9741  7387   185993.7917   306   124207.0000   186928.6190   770887   50.50%
  10059  7640    infeasible         124207.0000   186922.8854   796991   50.49%
  10329  7858   184809.0816   423   124207.0000   186916.0385   823741   50.49%
  10624  8106   175903.9570   197   124207.0000   186901.7625   850432   50.48%
  10935  8358   183109.9611   182   124207.0000   186873.6007   875975   50.45%
  11214  8582    infeasible         124207.0000   186859.8831   903146   50.44%
Elapsed time = 50.53 sec. (136021.08 ticks, tree = 156.92 MB, solutions = 1)
* 11397+ 8729                       130646.0000   186856.4000            43.02%
* 11397+ 8729                       130679.0000   186856.4000            42.99%
* 11397+ 8729                       130774.0000   186856.4000            42.88%
* 11397+ 8720                       135175.0000   186856.4000            38.23%
  11397  8722   186035.8593   303   135175.0000   186855.3110   924168   38.23%
* 11398+ 8721                       135426.0000   186855.3110            37.98%
* 11398+ 8721                       135692.0000   186855.3110            37.71%
Advanced basis not built.

GUB cover cuts applied:  4
Clique cuts applied:  16
Cover cuts applied:  26
Implied bound cuts applied:  73
Flow cuts applied:  20
Mixed integer rounding cuts applied:  285
Zero-half cuts applied:  84
Gomory fractional cuts applied:  13

Root node processing (before b&c):
  Real time             =    0.20 sec. (492.17 ticks)
Sequential b&c:
  Real time             =   54.80 sec. (145612.50 ticks)
                          ------------
Total (root+branch&cut) =   55.00 sec. (146104.67 ticks)
[CPLEX] Status: time limit exceeded
[CPLEX] OPTIMAL OBJ: 135692.0
[CPLEX] Runtime: 55.008 sec
Vehicle 0: d → 4 → 19 → 23 → 25 → 6 → 0 → 11 → 29 → d, (requests = [6, 15, 27])
Vehicle 1: d → 5 → 2 → 22 → 27 → 7 → 17 → 21 → 14 → 28 → 9 → 24 → 4 → 19 → 23 → 25 → 29 → 15 → 6 → 12 → 20 → 18 → d, (requests = [0, 2, 3, 4, 10, 13, 14, 19, 21, 25])
Vehicle 2: d → 16 → 30 → 20 → 12 → 6 → 25 → 23 → 19 → 4 → 28 → 14 → 21 → 8 → d, (requests = [5, 11, 12])
Vehicle 3: d → 1 → 22 → 27 → 10 → 3 → 7 → 8 → 21 → d, (requests = [1, 8, 24])
Vehicle 4: d → 11 → 0 → 12 → 6 → 25 → 13 → 26 → 19 → 4 → 24 → 9 → 14 → 21 → 17 → 7 → 10 → 27 → 22 → 5 → d, (requests = [7, 16, 18, 20, 22, 23])
======== PPDSP OBJECTIVE ========
Profit    = 170510
Cost      = 34818
Objective = 135692
=================================
===== RAW XY MODEL =====
12 148 193 382 632 762 807 960 997 1111 1172 1187 1229 1266 1337 1429 1501 1511 1590 1632 1656 1683 1711 1756 1786 1797 1854 1896 1930 1968 2022 2353 2414 2484 2587 2666 2739 2809 2849 2877 2952 3020 3107 3177 3205 3370 3419 3548 3593 3639 4019 4047 4190 4309 4457 4597 4636 4662 4679 4747 4792 4797 4835 4887 4914 4996 5057 5134 5154 5222 5258 5296 5331 5448 2050 4341 2054 2056 2184 3226 2187 5476 4348 2196 3297 3300 3302 3305 3307 5485 5487 4426 5489 4434 5491 5492 5559 5562 5571
  [Time Manager] Step 30 consumed 55.01s. Total Consumed: 798.62s.
  [Info] Saved 5580 core assumption literals to p1_A-n32-k5_r29v5k3.lp.asm

[31/60] Building & Solving: R=30, V=5, K=3
Default row names c1, c2 ... being created.
  [Info] Generating MIP Formulation...
  [Time Manager] Global Remaining Budget: 2801.38s | Future Weight Sum: 31737.0
  [Time Manager] Recalibrated Budget for this step: 55.61s
[CPLEX] Setting time limit to 55 seconds
[CPLEX] Reading assumption from p1_A-n32-k5_r29v5k3.lp.asm ...
[CPLEX] Applying MIP Start with 5265 variables.
Version identifier: 22.1.1.0 | 2022-11-28 | 9160aff4d
CPXPARAM_Read_DataCheck                          1
CPXPARAM_Threads                                 1
CPXPARAM_TimeLimit                               55
1 of 1 MIP starts provided solutions.
MIP start 'm1' defined initial solution with objective 135692.0000.
Tried aggregator 1 time.
MIP Presolve eliminated 45 rows and 4265 columns.
MIP Presolve modified 2782 coefficients.
Reduced MIP has 2715 rows, 1320 columns, and 12820 nonzeros.
Reduced MIP has 1010 binaries, 310 generals, 0 SOSs, and 0 indicators.
Presolve time = 0.00 sec. (7.82 ticks)
Probing time = 0.00 sec. (2.59 ticks)
Tried aggregator 1 time.
Detecting symmetries...
Reduced MIP has 2715 rows, 1320 columns, and 12820 nonzeros.
Reduced MIP has 1010 binaries, 310 generals, 0 SOSs, and 0 indicators.
Presolve time = 0.00 sec. (8.21 ticks)
Probing time = 0.00 sec. (2.58 ticks)
Clique table members: 580.
MIP emphasis: balance optimality and feasibility.
MIP search method: dynamic search.
Parallel mode: none, using 1 thread.
Root relaxation solution time = 0.01 sec. (24.75 ticks)

        Nodes                                         Cuts/
   Node  Left     Objective  IInf  Best Integer    Best Bound    ItCnt     Gap

*     0+    0                       135692.0000  1002660.0000           638.92%
      0     0   193900.3215   146   135692.0000   193900.3215      658   42.90%
      0     0   193531.3529   157   135692.0000     Cuts: 202      814   42.63%
      0     0   193324.0000   184   135692.0000     Cuts: 127      869   42.47%
      0     0   193324.0000   184   135692.0000      Cuts: 44      870   42.47%
      0     0   193276.0959   213   135692.0000  ZeroHalf: 44     1018   42.44%
      0     0   193189.5000   199   135692.0000     Cuts: 102     1053   42.37%
      0     0   192934.9469   191   135692.0000      Cuts: 66     1262   42.19%
      0     0   192828.0000   169   135692.0000     Cuts: 120     1371   42.11%
      0     0   192773.0000    95   135692.0000     Cuts: 128     1481   42.07%
      0     0   192747.0000   224   135692.0000      Cuts: 65     1681   42.05%
      0     0   192747.0000   243   135692.0000     Cuts: 109     1724   42.05%
      0     2   192747.0000   223   135692.0000   192746.9446     1724   42.05%
Elapsed time = 0.27 sec. (620.91 ticks, tree = 0.01 MB, solutions = 1)
     15    17   190499.8123   152   135692.0000   192745.7684     4608   42.05%
     39    32   192389.2057   388   135692.0000   192704.6429     7583   42.02%
     51    44   191161.8201   149   135692.0000   192704.6429    10694   42.02%
     86    77   185459.9555   155   135692.0000   192704.6429    13689   42.02%
    134   107    infeasible         135692.0000   192646.4717    16902   41.97%
    162   129   189556.3994   111   135692.0000   192582.1640    20025   41.93%
    206   163   192310.0034   376   135692.0000   192524.3564    23113   41.88%
    227   184   191131.5083   100   135692.0000   192524.3564    26554   41.88%
    260   207   192395.6046   231   135692.0000   192523.5000    29534   41.88%
    400   322   184489.4025   228   135692.0000   192498.4118    42324   41.86%
Elapsed time = 1.56 sec. (3828.28 ticks, tree = 0.52 MB, solutions = 1)

Performing restart 1

Repeating presolve.
Tried aggregator 1 time.
MIP Presolve modified 100 coefficients.
Reduced MIP has 2715 rows, 1320 columns, and 12820 nonzeros.
Reduced MIP has 1010 binaries, 310 generals, 0 SOSs, and 0 indicators.
Presolve time = 0.00 sec. (6.69 ticks)
Tried aggregator 1 time.
Reduced MIP has 2715 rows, 1320 columns, and 12820 nonzeros.
Reduced MIP has 1010 binaries, 310 generals, 0 SOSs, and 0 indicators.
Presolve time = 0.00 sec. (8.48 ticks)
Represolve time = 0.01 sec. (22.89 ticks)
    484     0   192729.5862   240   135692.0000     Cuts: 154    49053   41.86%
    484     0   192655.0000   206   135692.0000      Cuts: 67    49336   41.86%
    484     0   192648.6747   355   135692.0000      Cuts: 85    49425   41.86%
    484     0   192625.4898   346   135692.0000      Cuts: 69    49543   41.86%
    484     0   192611.7367   231   135692.0000     Cuts: 119    49665   41.86%
    484     0   192601.0000   189   135692.0000      Cuts: 73    49781   41.86%
    484     0   192601.0000   192   135692.0000     Cuts: 107    49791   41.86%
    484     0   192601.0000   193   135692.0000     Cuts: 124    49796   41.86%
    484     2   192601.0000   193   135692.0000   192492.5000    49796   41.86%
    487     5   192468.6362   491   135692.0000   192492.5000    50505   41.86%
    489     7   192434.5000    75   135692.0000   192492.5000    50739   41.86%
    491     9   192333.1953   469   135692.0000   192492.5000    51269   41.86%
    494    12   191738.5116   151   135692.0000   192492.5000    52567   41.86%
    500    18   191401.5215   116   135692.0000   192492.5000    54546   41.86%
    506    20   191365.7552   445   135692.0000   192467.5394    57591   41.84%
    510    24   191052.9200   173   135692.0000   192467.5394    60228   41.84%
    516    30   190344.4348   307   135692.0000   192467.5394    61841   41.84%
    526    38   188216.9642   187   135692.0000   192467.5394    64268   41.84%
Elapsed time = 8.09 sec. (17155.40 ticks, tree = 0.22 MB, solutions = 1)
    546    56   186256.2094   213   135692.0000   192467.5394    67896   41.84%
    582    81   192320.5960   335   135692.0000   192404.6080    72415   41.80%
    596    91   191061.5582   173   135692.0000   192404.6080    77040   41.80%
    609   100   190575.7615   170   135692.0000   192404.5077    83406   41.80%
    621   106   191627.1509   213   135692.0000   192396.0951    87162   41.79%
    633   118   186212.9266   249   135692.0000   192396.0951    90693   41.79%
    644   129   182627.0667   222   135692.0000   192396.0951    93268   41.79%
    673   153   192145.2816   118   135692.0000   192373.5340    98406   41.77%
    690   166   192238.4583   228   135692.0000   192369.2101   104202   41.77%
    730   204   187400.4830   216   135692.0000   192369.2101   110331   41.77%
Elapsed time = 11.76 sec. (27298.42 ticks, tree = 0.33 MB, solutions = 1)
    751   217   189212.7792   223   135692.0000   192337.9113   115711   41.75%
    795   251   191460.1450   400   135692.0000   192324.7543   123738   41.74%
    844   294   191703.0000   184   135692.0000   192306.6747   131197   41.72%
    877   325   184121.5894   165   135692.0000   192306.6747   140720   41.72%
    961   403   189642.2259   210   135692.0000   192304.5556   148932   41.72%
   1012   454   161076.3239   177   135692.0000   192304.5556   154253   41.72%
   1092   526   192029.2041   193   135692.0000   192237.2778   162640   41.67%
   1131   559   188839.2242   161   135692.0000   192233.1176   172845   41.67%
   1201   618   190576.0000   169   135692.0000   192201.2857   183156   41.65%
   1265   681   185572.1525   179   135692.0000   192201.2857   191105   41.65%
Elapsed time = 15.19 sec. (37363.13 ticks, tree = 0.82 MB, solutions = 1)
   1351   760   188505.2165   209   135692.0000   192162.0121   199548   41.62%
   1421   826   184236.6189   285   135692.0000   192159.8938   211133   41.61%
   1472   877   169754.9892   200   135692.0000   192159.8938   222431   41.61%
   1531   928   190067.6884   225   135692.0000   192151.1490   234272   41.61%
   1580   967   189145.2967   297   135692.0000   192095.1419   246403   41.57%
   1645  1020   190467.4436   261   135692.0000   192010.6806   258302   41.50%
   1684  1049   190637.3337   385   135692.0000   191983.8356   270143   41.49%
   1736  1091   190681.3998   224   135692.0000   191975.8762   281709   41.48%
   1786  1133   187750.3478   324   135692.0000   191917.5748   292124   41.44%
   1842  1181   189003.1056   300   135692.0000   191906.7651   305152   41.43%
Elapsed time = 18.59 sec. (47093.12 ticks, tree = 1.33 MB, solutions = 1)
   1882  1205   189848.2908   195   135692.0000   191884.5337   315209   41.41%
   1935  1249   185109.7500    92   135692.0000   191884.5175   327918   41.41%
   2005  1307   185930.3459   206   135692.0000   191868.1002   339410   41.40%
   2103  1392   191412.7431   235   135692.0000   191855.6270   347635   41.39%
   2154  1429   191394.3948   337   135692.0000   191850.1312   355334   41.39%
   2222  1485   189878.7418   172   135692.0000   191826.7465   362920   41.37%
   2289  1534    infeasible         135692.0000   191821.3631   371602   41.37%
   2323  1554   190647.7447   279   135692.0000   191812.9909   379766   41.36%
   2390  1615    infeasible         135692.0000   191812.7000   391188   41.36%
   2435  1642   191169.8415   213   135692.0000   191808.3333   403783   41.36%
Elapsed time = 22.23 sec. (57117.74 ticks, tree = 4.63 MB, solutions = 1)
   2513  1710   189823.8421   263   135692.0000   191801.9239   416126   41.35%
   2567  1756   189918.3349   233   135692.0000   191799.1940   428213   41.35%
   2638  1812   191248.4756   285   135692.0000   191786.6089   441018   41.34%
   2681  1845   191075.3671   239   135692.0000   191776.1250   452134   41.33%
   2748  1899   190763.5042   219   135692.0000   191774.8091   465034   41.33%
   2803  1936    infeasible         135692.0000   191771.4814   477825   41.33%
   2867  1984   190114.0574   271   135692.0000   191761.0297   491872   41.32%
   2910  2011   187876.3479   208   135692.0000   191758.7030   502995   41.32%
   2997  2086   190102.5958   270   135692.0000   191749.2639   516792   41.31%
   3058  2135    infeasible         135692.0000   191743.7745   529635   41.31%
Elapsed time = 25.80 sec. (66934.32 ticks, tree = 5.30 MB, solutions = 1)
   3138  2202   191232.3461   218   135692.0000   191742.4347   537768   41.31%
   3178  2226   191490.2200   315   135692.0000   191716.4306   545380   41.29%
   3284  2323   190586.4508   251   135692.0000   191709.8683   552620   41.28%
   3336  2363   188548.1667   230   135692.0000   191703.0000   560836   41.28%
   3398  2413    infeasible         135692.0000   191702.6316   568878   41.28%
   3475  2480    infeasible         135692.0000   191699.3226   577397   41.28%
   3524  2512   189968.1264   239   135692.0000   191695.6047   585060   41.27%
   3588  2562   190892.9714   151   135692.0000   191693.8925   593072   41.27%
   3647  2605   188713.1478   239   135692.0000   191686.1484   600478   41.27%
   3700  2639   190199.7126   265   135692.0000   191684.3064   609136   41.26%
Elapsed time = 29.36 sec. (76652.84 ticks, tree = 12.85 MB, solutions = 1)
   3766  2693   185497.1732   261   135692.0000   191677.6345   617324   41.26%
   3860  2770   190292.7272   227   135692.0000   191675.7808   625008   41.26%
   3915  2810   188889.4654   175   135692.0000   191673.4584   633356   41.26%
   3973  2856    infeasible         135692.0000   191671.9769   641448   41.26%
   4045  2913   190712.1430   310   135692.0000   191664.5393   649522   41.25%
   4110  2964   189944.2485   281   135692.0000   191663.5068   657218   41.25%
   4165  3005   188276.9426   184   135692.0000   191658.3846   665529   41.25%
   4250  3072   189125.3366   236   135692.0000   191644.6270   673397   41.24%
   4337  3143   188698.7188   265   135692.0000   191641.1765   681092   41.23%
   4458  3242   190963.6175   180   135692.0000   191633.0000   689109   41.23%
Elapsed time = 32.91 sec. (86407.86 ticks, tree = 24.20 MB, solutions = 1)
   4540  3304   189781.7715   163   135692.0000   191627.1509   697062   41.22%
   4605  3343   189697.8491   190   135692.0000   191616.6000   704901   41.21%
   4646  3366   190694.9112   258   135692.0000   191608.4360   712981   41.21%
   4706  3408   191261.1177   213   135692.0000   191602.5672   721302   41.20%
   4772  3454    infeasible         135692.0000   191597.4688   729548   41.20%
   4872  3536   190575.3244   312   135692.0000   191587.6855   736572   41.19%
   4959  3613   190180.0625   267   135692.0000   191586.6541   744167   41.19%
   5031  3663   190182.9593   179   135692.0000   191579.2462   752462   41.19%
   5078  3689   187782.0279   310   135692.0000   191572.1479   760822   41.18%
   5333  3860    infeasible         135692.0000   191537.2745   794408   41.16%
Elapsed time = 39.44 sec. (99115.96 ticks, tree = 35.58 MB, solutions = 1)
   5627  4105   190877.0625   269   135692.0000   191520.1826   825250   41.14%
   5881  4302   186132.7389   222   135692.0000   191492.3500   856973   41.12%
   6174  4544   190485.4878   238   135692.0000   191478.2051   888364   41.11%
   6476  4788   188585.7923   275   135692.0000   191458.0072   917928   41.10%
   6731  4973   188969.3501   212   135692.0000   191442.0205   949526   41.09%
   6983  5162    infeasible         135692.0000   191421.0662   981925   41.07%
   7266  5378    infeasible         135692.0000   191406.3767  1014283   41.06%
   7481  5517   189766.3000   237   135692.0000   191391.0393  1046688   41.05%
   7729  5704   181656.6287   303   135692.0000   191377.1650  1076679   41.04%
   7958  5875    infeasible         135692.0000   191367.0558  1107037   41.03%
Elapsed time = 53.40 sec. (137448.55 ticks, tree = 76.31 MB, solutions = 1)
*  8084+ 5977                       140268.0000   191360.0833            36.42%
   8214  6074   190340.1058   191   140268.0000   191351.5859  1137473   36.42%

Clique cuts applied:  17
Cover cuts applied:  27
Implied bound cuts applied:  36
Flow cuts applied:  14
Mixed integer rounding cuts applied:  280
Zero-half cuts applied:  90
Lift and project cuts applied:  1
Gomory fractional cuts applied:  7

Root node processing (before b&c):
  Real time             =    0.27 sec. (621.05 ticks)
Sequential b&c:
  Real time             =   54.73 sec. (141297.15 ticks)
                          ------------
Total (root+branch&cut) =   55.00 sec. (141918.21 ticks)
[CPLEX] Status: time limit exceeded
[CPLEX] OPTIMAL OBJ: 140268.0
[CPLEX] Runtime: 55.007 sec
Vehicle 0: d → 4 → 19 → 23 → 25 → 6 → 0 → 11 → 29 → d, (requests = [6, 15, 27])
Vehicle 1: d → 5 → 2 → 22 → 27 → 7 → 17 → 21 → 14 → 28 → 9 → 24 → 4 → 19 → 23 → 25 → 29 → 15 → 6 → 12 → 20 → 18 → d, (requests = [0, 2, 3, 4, 10, 13, 14, 19, 21, 25])
Vehicle 2: d → 16 → 30 → 20 → 12 → 6 → 25 → 23 → 19 → 4 → 28 → 14 → 21 → 8 → d, (requests = [5, 11, 12])
Vehicle 3: d → 1 → 22 → 27 → 10 → 3 → 7 → 8 → 21 → d, (requests = [1, 8, 24])
Vehicle 4: d → 11 → 0 → 12 → 6 → 25 → 13 → 23 → 26 → 19 → 4 → 24 → 9 → 14 → 21 → 17 → 7 → 10 → 27 → 22 → 5 → d, (requests = [7, 16, 18, 20, 22, 23, 29])
======== PPDSP OBJECTIVE ========
Profit    = 175092
Cost      = 34824
Objective = 140268
=================================
===== RAW XY MODEL =====
12 148 193 382 632 762 807 960 997 1111 1172 1187 1229 1266 1337 1429 1501 1511 1590 1632 1656 1683 1711 1756 1786 1797 1854 1896 1930 1968 2022 2353 2414 2484 2587 2666 2739 2809 2849 2877 2952 3020 3107 3177 3205 3370 3419 3548 3593 3639 4019 4047 4190 4309 4457 4597 4636 4662 4679 4747 4792 4797 4835 4884 4914 4996 5057 5134 5154 5207 5222 5258 5296 5331 5448 2050 4341 2054 2056 2184 3226 2187 5476 4348 2196 3297 3300 3302 3305 3307 5485 5487 4426 5489 4434 5491 5492 5559 5562 5571 5585
  [Time Manager] Step 31 consumed 55.01s. Total Consumed: 853.63s.
  [Info] Saved 5585 core assumption literals to p1_A-n32-k5_r30v5k3.lp.asm

[32/60] Building & Solving: R=30, V=6, K=3
Default row names c1, c2 ... being created.
  [Info] Generating MIP Formulation...
  [Time Manager] Global Remaining Budget: 2746.37s | Future Weight Sum: 31107.0
  [Time Manager] Recalibrated Budget for this step: 66.75s
[CPLEX] Setting time limit to 66 seconds
[CPLEX] Reading assumption from p1_A-n32-k5_r30v5k3.lp.asm ...
[CPLEX] Applying MIP Start with 5270 variables.
Version identifier: 22.1.1.0 | 2022-11-28 | 9160aff4d
CPXPARAM_Read_DataCheck                          1
CPXPARAM_Threads                                 1
CPXPARAM_TimeLimit                               66
1 of 1 MIP starts provided solutions.
MIP start 'm1' defined initial solution with objective 150131.0000.
Tried aggregator 1 time.
MIP Presolve eliminated 54 rows and 5118 columns.
MIP Presolve modified 3332 coefficients.
Reduced MIP has 3252 rows, 1584 columns, and 15384 nonzeros.
Reduced MIP has 1212 binaries, 372 generals, 0 SOSs, and 0 indicators.
Presolve time = 0.00 sec. (9.36 ticks)
Probing time = 0.00 sec. (2.70 ticks)
Tried aggregator 1 time.
Detecting symmetries...
Reduced MIP has 3252 rows, 1584 columns, and 15384 nonzeros.
Reduced MIP has 1212 binaries, 372 generals, 0 SOSs, and 0 indicators.
Presolve time = 0.00 sec. (10.11 ticks)
Probing time = 0.00 sec. (2.70 ticks)
Clique table members: 690.
MIP emphasis: balance optimality and feasibility.
MIP search method: dynamic search.
Parallel mode: none, using 1 thread.
Root relaxation solution time = 0.01 sec. (15.86 ticks)

        Nodes                                         Cuts/
   Node  Left     Objective  IInf  Best Integer    Best Bound    ItCnt     Gap

*     0+    0                       150131.0000  1203192.0000           701.43%
      0     0   194044.0000   128   150131.0000   194044.0000      600   29.25%
      0     0   194044.0000   187   150131.0000     Cuts: 201      679   29.25%
      0     0   194044.0000   188   150131.0000      Cuts: 48      682   29.25%
      0     2   194044.0000   188   150131.0000   194044.0000      682   29.25%
Elapsed time = 0.19 sec. (488.37 ticks, tree = 0.01 MB, solutions = 1)
     18    20   193265.2621   156   150131.0000   193835.2273     3525   29.11%
     66    64   193218.9761   182   150131.0000   193752.9722     5770   29.06%
     97    91   193680.6529   147   150131.0000   193735.5301     8271   29.04%
    160   139   193363.2189   207   150131.0000   193598.9829    10432   28.95%
    207   173   190603.1522   129   150131.0000   193597.3432    12779   28.95%
    261   209   190277.5722   130   150131.0000   193587.3843    14612   28.95%
    348   269   191054.9878   107   150131.0000   193566.7127    17052   28.93%
    399   304   189704.2435   158   150131.0000   193557.4755    19102   28.93%
    434   327    infeasible         150131.0000   193542.1325    20912   28.92%
    610   456   190535.9815   204   150131.0000   193456.3750    28805   28.86%
Elapsed time = 1.35 sec. (3639.84 ticks, tree = 7.83 MB, solutions = 1)
    877   680   191463.1850   133   150131.0000   193408.6166    36970   28.83%

Performing restart 1

Repeating presolve.
Tried aggregator 1 time.
MIP Presolve modified 120 coefficients.
Reduced MIP has 3252 rows, 1584 columns, and 15384 nonzeros.
Reduced MIP has 1212 binaries, 372 generals, 0 SOSs, and 0 indicators.
Presolve time = 0.00 sec. (7.95 ticks)
Tried aggregator 1 time.
Reduced MIP has 3252 rows, 1584 columns, and 15384 nonzeros.
Reduced MIP has 1212 binaries, 372 generals, 0 SOSs, and 0 indicators.
Presolve time = 0.01 sec. (10.43 ticks)
Represolve time = 0.01 sec. (26.10 ticks)
   1010     0   194044.0000   191   150131.0000      Cuts: 71    42651   28.82%
   1010     0   194044.0000   191   150131.0000      Cuts: 92    42656   28.82%
   1010     0   193937.8518   217   150131.0000      Cuts: 57    42846   28.82%
   1010     0   193635.1863   217   150131.0000     Cuts: 184    43066   28.82%
   1010     0   193435.3410   232   150131.0000      Cuts: 80    43295   28.82%
   1010     0   193399.2485   284   150131.0000     Cuts: 113    43405   28.82%
*  1010+    0                       150155.0000   193395.7526            28.80%
   1010     0        cutoff         150155.0000   193395.7526    43405   28.80%
   1010     0   193391.9060   323   150155.0000     Cuts: 114    43497   28.79%
   1010     0   193386.3135   322   150155.0000      Cuts: 70    43585   28.79%
   1010     0   193324.0000   161   150155.0000      Cuts: 71    43767   28.75%
   1010     0   193324.0000   187   150155.0000     Cuts: 121    43798   28.75%
   1010     0   193324.0000   187   150155.0000     Cuts: 127    43799   28.75%
   1010     2   193324.0000   187   150155.0000   193324.0000    43799   28.75%
   1012     4   193137.3090   373   150155.0000   193200.4544    44670   28.67%
   1020    10   192565.1722    94   150155.0000   193200.4544    47807   28.67%
   1028    18   191929.5290   308   150155.0000   193200.4544    50946   28.67%
   1063    52   187350.7662    92   150155.0000   193200.4544    54959   28.67%
   1090    71   191090.5833   230   150155.0000   193135.6409    61368   28.62%
   1107    88   189315.6140   257   150155.0000   193135.6409    66862   28.62%
   1144   115   191335.0047   261   150155.0000   192976.3182    73940   28.52%
   1190   155   191890.4823   238   150155.0000   192882.2941    82122   28.46%
Elapsed time = 5.71 sec. (14889.63 ticks, tree = 0.51 MB, solutions = 2)
   1212   170   187487.5700   225   150155.0000   192881.4064    91028   28.45%
   1232   186   189022.9875   150   150155.0000   192806.5000   100556   28.40%
   1266   215   192301.5000   178   150155.0000   192743.3510   109526   28.36%
   1301   247   187231.2174   287   150155.0000   192743.3510   114510   28.36%
   1383   323   192562.6889    78   150155.0000   192740.8259   121696   28.36%
   1425   359   188209.6604   232   150155.0000   192662.2235   132481   28.31%
   1463   393   190974.5021   235   150155.0000   192650.7647   142058   28.30%
   1492   418   191226.3423   262   150155.0000   192601.0000   154354   28.27%
   1567   487   190132.1545   207   150155.0000   192565.8824   164692   28.24%
   1681   597   192162.7915    87   150155.0000   192565.1722   172147   28.24%
Elapsed time = 9.36 sec. (24713.05 ticks, tree = 1.30 MB, solutions = 2)
   1722   634   189999.7262   203   150155.0000   192565.1722   183364   28.24%
   1781   684   192082.4442   230   150155.0000   192560.0705   195145   28.24%
   1836   733   187495.6241   260   150155.0000   192559.0560   206504   28.24%
   1917   809   185463.0617   220   150155.0000   192547.6437   216370   28.23%
   1960   848   187008.9115   225   150155.0000   192546.7437   227158   28.23%
*  2010+  894                       150317.0000   192546.7437            28.09%
   2045   927   190097.3636   216   150317.0000   192538.0355   237025   28.09%
   2074   952   191211.0898   158   150317.0000   192536.8824   246294   28.09%
   2108   976   191364.5054   246   150317.0000   192528.5000   255581   28.08%
   2131   991   191446.5000   231   150317.0000   192505.7741   264321   28.07%
   2184  1034   191460.5011   143   150317.0000   192496.2354   274516   28.06%
Elapsed time = 13.20 sec. (34659.00 ticks, tree = 1.74 MB, solutions = 3)
   2220  1061    infeasible         150317.0000   192489.2353   283149   28.06%
   2257  1090   191609.2704   173   150317.0000   192480.6401   293789   28.05%
   2296  1120   191959.8003    96   150317.0000   192477.8214   303089   28.05%
   2322  1139   191185.9806   309   150317.0000   192475.6059   312414   28.05%
   2360  1170   191487.3562   273   150317.0000   192468.9654   321590   28.04%
   2401  1205   192252.3224   255   150317.0000   192466.8795   331531   28.04%
   2444  1236    infeasible         150317.0000   192463.1568   340744   28.04%
   2490  1276    infeasible         150317.0000   192460.8128   350756   28.04%
   2515  1297   187034.8844   182   150317.0000   192459.1059   359281   28.04%
   2544  1318   191972.5032   269   150317.0000   192458.2622   369309   28.03%
Elapsed time = 18.68 sec. (44590.14 ticks, tree = 2.05 MB, solutions = 3)
   2573  1345   188148.4294   327   150317.0000   192458.2622   379481   28.03%
   2610  1374   191806.1504   159   150317.0000   192455.4719   388508   28.03%
   2635  1387   191920.3249   193   150317.0000   192452.6272   399527   28.03%
   2663  1407   190720.5661   166   150317.0000   192450.9994   408420   28.03%
   2696  1435   192139.5825   394   150317.0000   192438.5995   416700   28.02%
   2740  1470   191274.3333   219   150317.0000   192432.1251   425780   28.02%
   2775  1497   192393.8978    81   150317.0000   192427.0177   434517   28.01%
   2795  1511   190490.4078   175   150317.0000   192425.4681   444118   28.01%
   2817  1523   191804.0000   206   150317.0000   192416.7857   453194   28.01%
   2844  1550   188266.2332   219   150317.0000   192416.7857   461436   28.01%
Elapsed time = 22.42 sec. (54381.67 ticks, tree = 2.39 MB, solutions = 3)
   2879  1579   189155.5636   206   150317.0000   192416.5000   471638   28.01%
   2938  1634   191796.5000   180   150317.0000   192416.0767   480646   28.01%
   2981  1668   191446.6469   351   150317.0000   192411.3187   490376   28.00%
   3014  1693   192359.2169   247   150317.0000   192401.7500   499507   28.00%
   3066  1737   191856.5000   189   150317.0000   192401.6520   509841   28.00%
   3156  1823   177468.9830   144   150317.0000   192401.6520   518433   28.00%
   3206  1861   190360.2901   203   150317.0000   192397.3729   528936   27.99%
   3228  1875   190791.8548   166   150317.0000   192393.3860   537882   27.99%
   3258  1891   192006.0037   169   150317.0000   192390.2436   547766   27.99%
   3274  1901   191745.1386   161   150317.0000   192388.8834   556149   27.99%
Elapsed time = 26.13 sec. (64571.18 ticks, tree = 2.78 MB, solutions = 3)
   3292  1913   191523.4341   356   150317.0000   192388.5138   565658   27.99%
   3336  1948   184482.5613   182   150317.0000   192384.1667   574984   27.99%
   3375  1979   191400.6732   206   150317.0000   192381.0976   584908   27.98%
   3405  2003   190980.5641   257   150317.0000   192378.5378   594396   27.98%
   3423  2017   188154.7378   254   150317.0000   192376.0000   602138   27.98%
   3487  2074   190132.1328   258   150317.0000   192371.0420   610659   27.98%
   3526  2102   191572.2364   326   150317.0000   192368.4941   621327   27.98%
   3566  2138   191551.4880   146   150317.0000   192366.8171   630639   27.97%
   3615  2173   190727.7897   170   150317.0000   192363.7755   642481   27.97%
   3633  2181   191781.0702   225   150317.0000   192361.2320   652340   27.97%
Elapsed time = 29.66 sec. (74435.41 ticks, tree = 3.18 MB, solutions = 3)
   3680  2222   190291.7517   303   150317.0000   192359.6190   662179   27.97%
   3704  2239   191791.5000   211   150317.0000   192356.7101   671099   27.97%
   3723  2250   190230.3674   230   150317.0000   192352.5652   680858   27.96%
   3744  2263   191860.5000   319   150317.0000   192348.6030   690088   27.96%
   3781  2294   191656.9812   206   150317.0000   192346.9052   699942   27.96%
   3815  2324   190184.3641   168   150317.0000   192345.8067   708387   27.96%
   3837  2340    infeasible         150317.0000   192345.8067   718068   27.96%
   3856  2350    infeasible         150317.0000   192341.9862   727187   27.96%
   3887  2373   190698.1507   265   150317.0000   192340.7128   737101   27.96%
   3906  2382   191154.2529   188   150317.0000   192337.6980   745813   27.95%
Elapsed time = 33.25 sec. (84350.92 ticks, tree = 3.44 MB, solutions = 3)
   3955  2418   191058.4489   228   150317.0000   192337.2791   755557   27.95%
   3977  2428    infeasible         150317.0000   192331.9587   765004   27.95%
   4001  2448   190159.3098   215   150317.0000   192331.3502   774005   27.95%
*  4010+ 2451                       150319.0000   192328.9084            27.95%
   4034  2467   190407.8899   239   150319.0000   192326.0000   784341   27.95%
   4051  2478   188669.0000   212   150319.0000   192325.3751   792801   27.94%
   4097  2510    infeasible         150319.0000   192324.5657   802679   27.94%
   4127  2534   183140.5222   164   150319.0000   192319.9111   811384   27.94%
   4180  2579   190860.1431   215   150319.0000   192319.7187   820567   27.94%
   4204  2592   191524.1538   201   150319.0000   192316.3338   831050   27.94%
   4343  2700   190743.9955   254   150319.0000   192308.1384   870254   27.93%
Elapsed time = 37.84 sec. (97061.06 ticks, tree = 3.82 MB, solutions = 4)
   4466  2784   191534.8259   268   150319.0000   192301.3929   914472   27.93%
   4584  2869   191564.2546   286   150319.0000   192289.2109   956790   27.92%
   4707  2952   190186.4076   154   150319.0000   192280.4481   999879   27.91%
   4833  3044   187116.1548   205   150319.0000   192269.1346  1036868   27.91%
   5004  3192   186442.9240   240   150319.0000   192266.4358  1076083   27.91%
   5191  3339   191016.3167   214   150319.0000   192262.3781  1113302   27.90%
   5348  3469   185865.3673   248   150319.0000   192257.2351  1151019   27.90%
   5460  3541   191899.8717   170   150319.0000   192244.1354  1187821   27.89%
   5571  3624   188559.2333   365   150319.0000   192228.3025  1226218   27.88%
   5714  3727   188266.5632   267   150319.0000   192222.8859  1267406   27.88%
Elapsed time = 54.31 sec. (135514.99 ticks, tree = 5.12 MB, solutions = 4)
   5920  3894   190182.3049   199   150319.0000   192212.9721  1314364   27.87%
   6128  4078   184131.7166   134   150319.0000   192208.1759  1356576   27.87%
   6283  4179   189267.3968   278   150319.0000   192193.3064  1401917   27.86%
   6423  4269   186357.2709   186   150319.0000   192172.6453  1447282   27.84%
   6598  4399   188647.9034   193   150319.0000   192166.2299  1494780   27.84%
   6782  4546   181795.0565   156   150319.0000   192156.4876  1540817   27.83%
   6936  4661    infeasible         150319.0000   192151.8446  1585891   27.83%
   7049  4741    infeasible         150319.0000   192144.8735  1624257   27.82%

Clique cuts applied:  18
Cover cuts applied:  17
Implied bound cuts applied:  49
Flow cuts applied:  6
Mixed integer rounding cuts applied:  227
Zero-half cuts applied:  182
Gomory fractional cuts applied:  15

Root node processing (before b&c):
  Real time             =    0.19 sec. (488.67 ticks)
Sequential b&c:
  Real time             =   65.81 sec. (165961.90 ticks)
                          ------------
Total (root+branch&cut) =   66.00 sec. (166450.57 ticks)
[CPLEX] Status: time limit exceeded
[CPLEX] OPTIMAL OBJ: 150319.0
[CPLEX] Runtime: 66.007 sec
Vehicle 0: d → 4 → 19 → 23 → 25 → 6 → 0 → 11 → 29 → d, (requests = [6, 15, 27])
Vehicle 1: d → 5 → 2 → 22 → 27 → 7 → 17 → 21 → 14 → 28 → 9 → 24 → 4 → 19 → 23 → 25 → 29 → 15 → 6 → 12 → 20 → 18 → d, (requests = [0, 2, 3, 4, 10, 13, 14, 19, 21, 25])
Vehicle 2: d → 16 → 18 → 30 → 20 → 12 → 6 → 25 → 23 → 19 → 4 → 28 → 14 → 21 → 8 → d, (requests = [5, 11, 12])
Vehicle 3: d → 1 → 22 → 27 → 10 → 3 → 7 → 8 → 21 → d, (requests = [1, 8, 24])
Vehicle 4: d → 11 → 0 → 12 → 6 → 25 → 13 → 23 → 26 → 19 → 4 → 24 → 9 → 14 → 21 → 17 → 7 → 10 → 27 → 22 → 5 → d, (requests = [7, 16, 18, 20, 22, 23, 29])
Vehicle 5: d → 22 → 27 → 3 → 7 → 21 → 14 → 28 → 4 → 19 → 26 → 13 → 25 → 6 → 12 → 20 → 18 → 16 → d, (requests = [9, 17, 28])
======== PPDSP OBJECTIVE ========
Profit    = 192959
Cost      = 42640
Objective = 150319
=================================
===== RAW XY MODEL =====
12 148 193 382 632 762 807 960 997 1111 1172 1187 1229 1266 1337 1429 1501 1511 1590 1632 1656 1683 1711 1756 1786 1797 1854 1896 1930 1968 2022 2353 2414 2484 2587 2666 2727 2803 2809 2849 2877 2952 3020 3107 3177 3205 3370 3419 3548 3593 3639 4019 4047 4190 4309 4457 4597 4636 4662 4679 4747 4792 4797 4835 4884 4914 4996 5057 5134 5154 5207 5222 5258 5296 5331 5448 5689 5733 5790 5831 5990 6027 6062 6129 6178 6220 6244 6272 6317 6392 6431 6453 6486 6600 2050 4341 2054 2056 2184 3226 2187 5476 4348 6619 2196 3297 3300 3302 3305 3307 5485 6627 5487 4426 5489 4434 5491 5492 5559 5562 5571 6638 5585
  [Time Manager] Step 32 consumed 66.01s. Total Consumed: 919.64s.
  [Info] Saved 6639 core assumption literals to p1_A-n32-k5_r30v6k3.lp.asm

[33/60] Building & Solving: R=31, V=6, K=3
Default row names c1, c2 ... being created.
  [Info] Generating MIP Formulation...
  [Time Manager] Global Remaining Budget: 2680.36s | Future Weight Sum: 30351.0
  [Time Manager] Recalibrated Budget for this step: 67.29s
[CPLEX] Setting time limit to 67 seconds
[CPLEX] Reading assumption from p1_A-n32-k5_r30v6k3.lp.asm ...
[CPLEX] Applying MIP Start with 6324 variables.
Version identifier: 22.1.1.0 | 2022-11-28 | 9160aff4d
CPXPARAM_Read_DataCheck                          1
CPXPARAM_Threads                                 1
CPXPARAM_TimeLimit                               67
1 of 1 MIP starts provided solutions.
MIP start 'm1' defined initial solution with objective 150319.0000.
Tried aggregator 1 time.
MIP Presolve eliminated 48 rows and 5118 columns.
MIP Presolve modified 3344 coefficients.
Reduced MIP has 3277 rows, 1590 columns, and 15570 nonzeros.
Reduced MIP has 1218 binaries, 372 generals, 0 SOSs, and 0 indicators.
Presolve time = 0.00 sec. (9.44 ticks)
Probing time = 0.00 sec. (2.71 ticks)
Tried aggregator 1 time.
Detecting symmetries...
Reduced MIP has 3277 rows, 1590 columns, and 15570 nonzeros.
Reduced MIP has 1218 binaries, 372 generals, 0 SOSs, and 0 indicators.
Presolve time = 0.00 sec. (10.21 ticks)
Probing time = 0.00 sec. (2.70 ticks)
Clique table members: 691.
MIP emphasis: balance optimality and feasibility.
MIP search method: dynamic search.
Parallel mode: none, using 1 thread.
Root relaxation solution time = 0.01 sec. (17.93 ticks)

        Nodes                                         Cuts/
   Node  Left     Objective  IInf  Best Integer    Best Bound    ItCnt     Gap

*     0+    0                       150319.0000  1272654.0000           746.64%
      0     0   205621.0000   131   150319.0000   205621.0000      636   36.79%
      0     0   205621.0000   187   150319.0000     Cuts: 203      739   36.79%
      0     0   205621.0000   189   150319.0000      Cuts: 49      745   36.79%
      0     2   205621.0000   189   150319.0000   205621.0000      745   36.79%
Elapsed time = 0.13 sec. (348.43 ticks, tree = 0.01 MB, solutions = 1)
      9    11   204501.1317   258   150319.0000   205458.5940     3649   36.68%
     21    23   203481.9408   169   150319.0000   205458.5940     6606   36.68%
     67    62   204940.5826   121   150319.0000   205427.3296     9791   36.66%
     83    78   203494.9313   142   150319.0000   205427.3296    11945   36.66%
    117   100   204363.9967   260   150319.0000   205231.3521    14729   36.53%
    171   141   200873.6606   147   150319.0000   205196.9055    18193   36.51%
    228   175   205037.5297   157   150319.0000   205155.5040    21410   36.48%
    250   197   204417.6475   125   150319.0000   205155.5040    23286   36.48%
    280   221   204701.3460   175   150319.0000   205145.6966    26009   36.47%
    511   395   201869.3808   139   150319.0000   205006.6994    38764   36.38%
Elapsed time = 1.34 sec. (3509.84 ticks, tree = 0.59 MB, solutions = 1)

Performing restart 1

Repeating presolve.
Tried aggregator 1 time.
MIP Presolve modified 126 coefficients.
Reduced MIP has 3277 rows, 1590 columns, and 15570 nonzeros.
Reduced MIP has 1218 binaries, 372 generals, 0 SOSs, and 0 indicators.
Presolve time = 0.00 sec. (8.06 ticks)
Tried aggregator 1 time.
Reduced MIP has 3277 rows, 1590 columns, and 15570 nonzeros.
Reduced MIP has 1218 binaries, 372 generals, 0 SOSs, and 0 indicators.
Presolve time = 0.01 sec. (10.53 ticks)
Represolve time = 0.01 sec. (27.28 ticks)
    536     0   205621.0000   189   150319.0000      Cuts: 73    41489   36.38%
    536     0   205401.5087   178   150319.0000      Cuts: 70    41767   36.38%
    536     0   205138.3529   162   150319.0000     Cuts: 281    41844   36.38%
    536     0   204901.0000   187   150319.0000     Cuts: 172    41931   36.31%
    536     0   204901.0000   188   150319.0000      Cuts: 99    41936   36.31%
    536     0   204901.0000   189   150319.0000     Cuts: 104    41939   36.31%
    536     0   204901.0000   196   150319.0000      Cuts: 98    41953   36.31%
    536     0   204901.0000   190   150319.0000     Cuts: 212    41967   36.31%
    536     2   204901.0000   190   150319.0000   204901.0000    41967   36.31%
    537     3   204769.4559   229   150319.0000   204769.3906    42408   36.22%
    539     5   204603.4039   353   150319.0000   204769.0000    43253   36.22%
    543     9   204379.8434   246   150319.0000   204769.0000    43821   36.22%
    546    12   204192.2857   228   150319.0000   204769.0000    44683   36.22%
    551    17   203776.1666   341   150319.0000   204769.0000    47556   36.22%
    556    22   203432.3569   193   150319.0000   204769.0000    48905   36.22%
    563    27   203002.7357   315   150319.0000   204769.0000    49788   36.22%
    571    33   200903.8062   170   150319.0000   204769.0000    51060   36.22%
    579    41   200628.0205   169   150319.0000   204769.0000    51966   36.22%
Elapsed time = 5.78 sec. (15579.62 ticks, tree = 0.55 MB, solutions = 1)
    597    51   204665.6027   267   150319.0000   204665.1931    53045   36.15%
    603    57   204348.7783   220   150319.0000   204658.9658    54144   36.15%
    612    66   202782.8497   262   150319.0000   204658.9658    55842   36.15%
    631    82   199703.2258   179   150319.0000   204658.9658    58495   36.15%
    662   104   202636.1563   285   150319.0000   204619.7879    61302   36.12%
    682   117   202908.4636   423   150319.0000   204541.7102    64858   36.07%
    696   131   202227.4521   305   150319.0000   204541.7102    67018   36.07%
    725   159   199247.6184   248   150319.0000   204541.7102    69066   36.07%
    767   192    infeasible         150319.0000   204447.2632    73670   36.01%
    801   224   200279.2145   187   150319.0000   204447.0773    79281   36.01%
Elapsed time = 9.51 sec. (25718.53 ticks, tree = 3.92 MB, solutions = 1)
    852   267   202727.2388   542   150319.0000   204410.9671    83589   35.98%
    884   297   195933.0266   227   150319.0000   204410.9671    86483   35.98%
    926   339   194329.2704   357   150319.0000   204410.9671    89400   35.98%
    972   380   202989.6145   121   150319.0000   204372.5000    92049   35.96%
   1014   414   201978.7886   162   150319.0000   204348.7783    97541   35.94%
   1066   454   202680.1238   325   150319.0000   204333.1809   103301   35.93%
   1142   522   201666.9512   289   150319.0000   204315.5105   108543   35.92%
   1203   582   189172.5389   200   150319.0000   204315.5105   111898   35.92%
   1247   622    infeasible         150319.0000   204315.5105   115661   35.92%
   1296   667   203567.9073   354   150319.0000   204282.5106   120848   35.90%
Elapsed time = 12.85 sec. (35459.47 ticks, tree = 12.11 MB, solutions = 1)
   1337   702   202483.5117   232   150319.0000   204255.0000   126765   35.88%
   1372   733   202866.4071   138   150319.0000   204255.0000   133441   35.88%
   1410   765   203567.6612   287   150319.0000   204246.6655   138042   35.88%
   1457   805   202672.9134   164   150319.0000   204239.8411   144452   35.87%
   1497   839   197035.1911   212   150319.0000   204239.8411   151575   35.87%
   1560   894   202137.8990   227   150319.0000   204165.5672   158153   35.82%
   1585   911   200528.8928   341   150319.0000   204125.5278   163333   35.79%
   1643   957    infeasible         150319.0000   204087.5000   168616   35.77%
   1728  1036   202146.0583   384   150319.0000   204072.8529   174800   35.76%
   1790  1094   200987.9674   204   150319.0000   204066.5435   180867   35.76%
Elapsed time = 16.29 sec. (45239.62 ticks, tree = 22.36 MB, solutions = 1)
   1838  1132   200464.1623   148   150319.0000   204062.8943   186895   35.75%
   1886  1168   203326.2383   173   150319.0000   204037.4254   193252   35.74%
   1931  1205   201314.4437   269   150319.0000   204034.1765   199313   35.73%
   2011  1272    infeasible         150319.0000   204028.1810   205918   35.73%
   2091  1346   202171.7681   247   150319.0000   204016.8235   212585   35.72%
   2119  1370   201042.5000   216   150319.0000   204015.7532   220171   35.72%
   2158  1407   197302.5493   311   150319.0000   204015.7532   226236   35.72%
   2239  1480   199217.9812   284   150319.0000   203990.4023   232492   35.71%
   2331  1566   196587.7811   254   150319.0000   203990.4023   238267   35.71%
   2438  1662   196574.6800   183   150319.0000   203988.7773   244195   35.70%
Elapsed time = 21.31 sec. (54944.68 ticks, tree = 37.81 MB, solutions = 1)
   2494  1710   200922.9969   207   150319.0000   203970.6333   249656   35.69%
   2560  1766   203010.2553   215   150319.0000   203963.9364   255783   35.69%
   2638  1828    infeasible         150319.0000   203963.6140   262880   35.69%
   2689  1869   203302.2697   245   150319.0000   203956.7059   269756   35.68%
   2756  1928   203468.2753   227   150319.0000   203953.1667   276610   35.68%
   2813  1973   203042.6889   200   150319.0000   203943.4728   282809   35.67%
   2916  2070   202931.8409   213   150319.0000   203941.5000   288932   35.67%
   2963  2107   200027.1748   250   150319.0000   203938.6792   295707   35.67%
   3036  2162   203285.8563   226   150319.0000   203926.3077   302470   35.66%
   3093  2215    infeasible         150319.0000   203926.3077   308179   35.66%
Elapsed time = 24.86 sec. (64608.03 ticks, tree = 50.40 MB, solutions = 1)
   3166  2282   198666.2320   283   150319.0000   203921.4790   314321   35.66%
   3256  2364   198535.9968   258   150319.0000   203921.3083   319692   35.66%
   3317  2417   202851.2742   388   150319.0000   203915.8333   326039   35.66%
   3359  2453   201437.8153   251   150319.0000   203913.6864   332945   35.65%
   3443  2531   202340.7798   377   150319.0000   203908.9734   339441   35.65%
   3534  2610   202117.8748   234   150319.0000   203899.1667   345630   35.64%
   3574  2640    infeasible         150319.0000   203898.9052   352578   35.64%
   3656  2715   203273.8487   233   150319.0000   203898.6623   358786   35.64%
   3716  2769   202267.7859   355   150319.0000   203898.1262   365288   35.64%
   3811  2859   203602.6526   264   150319.0000   203897.4610   371030   35.64%
Elapsed time = 28.19 sec. (74241.32 ticks, tree = 67.03 MB, solutions = 1)
   3857  2899   201283.6666   238   150319.0000   203896.9392   377295   35.64%
   3906  2936   203746.0925   124   150319.0000   203896.5839   384185   35.64%
   3996  3011   202264.6295   211   150319.0000   203887.7068   389982   35.64%
   4040  3045   198408.2147   240   150319.0000   203885.1885   397431   35.64%
   4129  3124   200087.2002   287   150319.0000   203883.2792   404305   35.63%
   4203  3182    infeasible         150319.0000   203882.2131   411430   35.63%
   4255  3224   200856.3056   322   150319.0000   203879.6907   418625   35.63%
   4320  3285   202407.7413   104   150319.0000   203877.5954   425672   35.63%
   4396  3343    infeasible         150319.0000   203872.0373   432242   35.63%
   4436  3371   200919.0908   391   150319.0000   203865.3876   438431   35.62%
Elapsed time = 31.63 sec. (83920.15 ticks, tree = 78.83 MB, solutions = 1)
   4494  3415   201992.6856   307   150319.0000   203855.2634   445267   35.62%
   4574  3485   203205.0146   251   150319.0000   203852.0000   451605   35.61%
   4619  3526   198549.7089   244   150319.0000   203850.6210   458201   35.61%
   4714  3612   203543.1682   147   150319.0000   203846.4187   465417   35.61%
   4783  3675   198743.9285   235   150319.0000   203844.6667   471773   35.61%
   4869  3751   194746.6901   177   150319.0000   203838.0461   478380   35.60%
   4922  3796   201672.7203   255   150319.0000   203836.7716   485203   35.60%
   4991  3853   202221.0441   187   150319.0000   203833.0246   491923   35.60%
   5081  3931   186195.0161   179   150319.0000   203824.5983   498239   35.59%
   5342  4168   198667.1290   261   150319.0000   203818.4634   522630   35.59%
Elapsed time = 35.99 sec. (96409.37 ticks, tree = 93.90 MB, solutions = 1)
   5672  4464   203279.4762   227   150319.0000   203807.6635   548826   35.58%
   6022  4760   201379.8710   208   150319.0000   203796.0000   575637   35.58%
   6211  4924   200916.5750   218   150319.0000   203787.7714   602127   35.57%
   6516  5193   194171.8467   254   150319.0000   203762.1152   628627   35.55%
*  6536+ 5211                       153390.0000   203762.1152            32.84%
   6841  5485   198982.2367   125   153390.0000   203756.4722   655530   32.84%
   7074  5672   203266.1512   424   153390.0000   203746.9167   683201   32.83%
   7422  5976   201314.5283   338   153390.0000   203739.0273   710164   32.82%
   7783  6291   202167.2371   254   153390.0000   203724.9476   736577   32.82%
   8075  6539   202228.6923   249   153390.0000   203711.6264   762814   32.81%
   8361  6790   202427.7500   205   153390.0000   203697.0083   790766   32.80%
Elapsed time = 49.44 sec. (134673.55 ticks, tree = 161.64 MB, solutions = 2)
   8647  7021   202887.9129   343   153390.0000   203683.7454   817904   32.79%
   8975  7305   199916.6799   374   153390.0000   203674.2500   844797   32.78%
   9206  7503    infeasible         153390.0000   203660.0560   871555   32.77%
   9600  7878   203064.3422   411   153390.0000   203656.7604   897226   32.77%
   9935  8167   195749.8737   235   153390.0000   203644.1641   924517   32.76%
  10213  8410    infeasible         153390.0000   203632.3747   951753   32.75%
  10514  8677   200997.4764   114   153390.0000   203618.8243   977487   32.75%
  10802  8935   196620.3144   238   153390.0000   203603.1050  1003603   32.74%
* 10836+ 8961                       153531.0000   203602.6769            32.61%
* 11036+ 9147                       153628.0000   203598.3141            32.53%
  11129  9226   200219.1514   221   153628.0000   203590.1667  1029517   32.52%
* 11136+ 9231                       157174.0000   203590.1667            29.53%
* 11256+ 9337                       157211.0000   203583.9043            29.50%
* 11256+ 9337                       157213.0000   203583.9043            29.50%
  11257  9340   203559.5459   195   157213.0000   203578.5000  1041588   29.49%
Elapsed time = 66.20 sec. (176468.45 ticks, tree = 221.99 MB, solutions = 7)
Advanced basis not built.

Clique cuts applied:  12
Cover cuts applied:  17
Implied bound cuts applied:  68
Flow cuts applied:  8
Mixed integer rounding cuts applied:  263
Zero-half cuts applied:  233
Gomory fractional cuts applied:  21

Root node processing (before b&c):
  Real time             =    0.13 sec. (348.86 ticks)
Sequential b&c:
  Real time             =   66.87 sec. (178164.28 ticks)
                          ------------
Total (root+branch&cut) =   67.00 sec. (178513.14 ticks)
[CPLEX] Status: time limit exceeded
[CPLEX] OPTIMAL OBJ: 157213.0
[CPLEX] Runtime: 67.009 sec
Vehicle 0: d → 4 → 19 → 23 → 25 → 6 → 0 → 11 → 29 → d, (requests = [6, 15, 27])
Vehicle 1: d → 5 → 2 → 22 → 27 → 17 → 21 → 14 → 28 → 9 → 24 → 4 → 19 → 23 → 25 → 29 → 15 → 6 → 12 → 20 → 18 → d, (requests = [0, 2, 3, 4, 14, 19, 21, 25, 30])
Vehicle 2: d → 16 → 18 → 30 → 20 → 12 → 6 → 25 → 23 → 26 → 19 → 4 → 28 → 14 → 21 → 8 → d, (requests = [5, 11, 12, 29])
Vehicle 3: d → 1 → 22 → 27 → 3 → 10 → 7 → 8 → 21 → d, (requests = [1, 8, 10, 24])
Vehicle 4: d → 11 → 0 → 12 → 6 → 25 → 13 → 26 → 19 → 4 → 24 → 9 → 14 → 21 → 17 → 7 → 10 → 27 → 22 → 5 → d, (requests = [7, 16, 18, 20, 22, 23])
Vehicle 5: d → 22 → 27 → 3 → 7 → 21 → 14 → 28 → 4 → 19 → 23 → 25 → 6 → 12 → 20 → 18 → 16 → d, (requests = [9, 13, 17])
======== PPDSP OBJECTIVE ========
Profit    = 199576
Cost      = 42363
Objective = 157213
=================================
===== RAW XY MODEL =====
12 148 193 382 632 762 807 960 997 1111 1172 1187 1229 1337 1429 1501 1511 1590 1632 1656 1683 1711 1756 1786 1797 1854 1906 1930 1968 2022 2353 2414 2484 2587 2666 2727 2803 2809 2849 2877 2959 3020 3048 3107 3177 3205 3370 3422 3548 3593 3643 4019 4047 4183 4309 4457 4597 4636 4662 4679 4747 4792 4797 4835 4887 4914 4996 5057 5134 5154 5222 5258 5296 5331 5448 5689 5733 5790 5831 5990 6062 6129 6178 6217 6244 6272 6317 6347 6392 6453 6486 6600 2050 4341 2054 2056 2184 3226 2187 5476 4348 6619 4350 3297 3300 6623 3305 3307 5485 6627 5487 4426 5489 4434 5491 5492 5559 5562 5571 5583 6704
  [Time Manager] Step 33 consumed 67.01s. Total Consumed: 986.65s.
  [Info] Saved 6708 core assumption literals to p1_A-n32-k5_r31v6k3.lp.asm

[34/60] Building & Solving: R=32, V=6, K=3
Default row names c1, c2 ... being created.
  [Info] Generating MIP Formulation...
  [Time Manager] Global Remaining Budget: 2613.35s | Future Weight Sum: 29589.0
  [Time Manager] Recalibrated Budget for this step: 67.83s
[CPLEX] Setting time limit to 67 seconds
[CPLEX] Reading assumption from p1_A-n32-k5_r31v6k3.lp.asm ...
[CPLEX] Applying MIP Start with 6330 variables.
Version identifier: 22.1.1.0 | 2022-11-28 | 9160aff4d
CPXPARAM_Read_DataCheck                          1
CPXPARAM_Threads                                 1
CPXPARAM_TimeLimit                               67
1 of 1 MIP starts provided solutions.
MIP start 'm1' defined initial solution with objective 157213.0000.
Tried aggregator 1 time.
MIP Presolve eliminated 48 rows and 5118 columns.
MIP Presolve modified 3356 coefficients.
Reduced MIP has 3296 rows, 1596 columns, and 15774 nonzeros.
Reduced MIP has 1224 binaries, 372 generals, 0 SOSs, and 0 indicators.
Presolve time = 0.00 sec. (9.75 ticks)
Probing time = 0.00 sec. (2.72 ticks)
Tried aggregator 1 time.
Detecting symmetries...
Reduced MIP has 3296 rows, 1596 columns, and 15774 nonzeros.
Reduced MIP has 1224 binaries, 372 generals, 0 SOSs, and 0 indicators.
Presolve time = 0.00 sec. (10.29 ticks)
Probing time = 0.00 sec. (2.71 ticks)
Clique table members: 698.
MIP emphasis: balance optimality and feasibility.
MIP search method: dynamic search.
Parallel mode: none, using 1 thread.
Root relaxation solution time = 0.01 sec. (19.35 ticks)

        Nodes                                         Cuts/
   Node  Left     Objective  IInf  Best Integer    Best Bound    ItCnt     Gap

*     0+    0                       157213.0000  1333566.0000           748.25%
      0     0   215773.0000   132   157213.0000   215773.0000      643   37.25%
      0     0   215773.0000   193   157213.0000     Cuts: 206      729   37.25%
      0     0   215773.0000   190   157213.0000      Cuts: 50      731   37.25%
      0     0   215773.0000   190   157213.0000      Cuts: 49      732   37.25%
      0     2   215773.0000   190   157213.0000   215773.0000      732   37.25%
Elapsed time = 0.14 sec. (354.22 ticks, tree = 0.01 MB, solutions = 1)
     11    13   214782.5374   183   157213.0000   215609.8378     3256   37.15%
     51    53   212917.8420   104   157213.0000   215609.8378     5553   37.15%
    107    91   214953.3683   213   157213.0000   215608.3803     7694   37.14%
    140   122   210911.9527   112   157213.0000   215608.3803     9442   37.14%
    185   160   206617.7659    78   157213.0000   215499.2951    11565   37.07%
    245   204   215006.9321   219   157213.0000   215442.1686    13659   37.04%
    288   241   214393.4798    91   157213.0000   215414.4330    15856   37.02%
    330   271   215065.8268   131   157213.0000   215405.8868    18008   37.02%
    381   308   212260.5715   147   157213.0000   215383.4199    20324   37.00%
    564   431   213622.3225   104   157213.0000   215239.6812    28305   36.91%
Elapsed time = 1.36 sec. (3577.03 ticks, tree = 9.15 MB, solutions = 1)
    805   645   214610.1765   208   157213.0000   215102.8169    36709   36.82%

Performing restart 1

Repeating presolve.
Tried aggregator 1 time.
MIP Presolve modified 144 coefficients.
Reduced MIP has 3296 rows, 1596 columns, and 15774 nonzeros.
Reduced MIP has 1224 binaries, 372 generals, 0 SOSs, and 0 indicators.
Presolve time = 0.00 sec. (8.30 ticks)
Tried aggregator 1 time.
Reduced MIP has 3296 rows, 1596 columns, and 15774 nonzeros.
Reduced MIP has 1224 binaries, 372 generals, 0 SOSs, and 0 indicators.
Presolve time = 0.01 sec. (10.68 ticks)
Represolve time = 0.01 sec. (27.10 ticks)
    932     0   215571.0468   306   157213.0000      Cuts: 55    41600   36.80%
    932     0   215430.6667   308   157213.0000     Cuts: 217    41768   36.80%
    932     0   215125.4592   197   157213.0000     Cuts: 103    41922   36.80%
    932     0   215053.0000   188   157213.0000     Cuts: 104    42089   36.79%
    932     0   215053.0000   189   157213.0000      Cuts: 86    42091   36.79%
    932     0   215053.0000   190   157213.0000      Cuts: 86    42095   36.79%
    932     0   215053.0000   198   157213.0000      Cuts: 93    42109   36.79%
    932     0   215053.0000   197   157213.0000     Cuts: 167    42123   36.79%
    932     2   215053.0000   197   157213.0000   215053.0000    42123   36.79%
    935     5   214747.8180   306   157213.0000   214921.0000    43348   36.71%
    940    10   214029.3655   214   157213.0000   214921.0000    45899   36.71%
    955    20   212229.1316   147   157213.0000   214921.0000    50682   36.71%
    964    25   212785.6837   366   157213.0000   214920.1176    55597   36.71%
    982    40   211830.2884   308   157213.0000   214920.1176    61668   36.71%
    998    52   213671.0904   411   157213.0000   214853.5532    64255   36.66%
   1014    63   212820.3173    90   157213.0000   214835.1600    69127   36.65%
   1050    95   208028.8369   232   157213.0000   214835.1600    74282   36.65%
Elapsed time = 5.60 sec. (15057.92 ticks, tree = 1.37 MB, solutions = 1)
   1119   157   213899.5870   227   157213.0000   214743.9977    78177   36.59%
   1164   199   208102.6298   245   157213.0000   214743.9977    82756   36.59%
   1199   224   211516.5125   224   157213.0000   214678.0000    87542   36.55%
   1267   288   206377.8190   262   157213.0000   214678.0000    92355   36.55%
   1352   361   214165.1483   346   157213.0000   214633.5000    96979   36.52%
   1388   393   213194.2086   228   157213.0000   214633.0000   101769   36.52%
   1443   442   208460.2789   206   157213.0000   214619.2274   107696   36.51%
   1480   473   212458.1118   214   157213.0000   214546.5385   113958   36.47%
   1538   524   206081.1469   214   157213.0000   214546.5385   120103   36.47%
   1587   567   214040.6836   159   157213.0000   214463.9886   126190   36.42%
Elapsed time = 9.10 sec. (24751.22 ticks, tree = 11.79 MB, solutions = 1)
   1632   608   212285.9550   298   157213.0000   214462.3067   132322   36.42%
   1703   667   211645.1978   302   157213.0000   214406.5353   138403   36.38%
   1772   724   211622.7173   281   157213.0000   214398.0000   145392   36.37%
   1845   785   213982.8393   330   157213.0000   214344.8018   151223   36.34%
   1913   847   209754.1936   357   157213.0000   214341.2381   157434   36.34%
   2042   965   213361.0047   197   157213.0000   214334.8000   164165   36.33%
   2106  1019    infeasible         157213.0000   214330.0000   170872   36.33%
   2165  1068   210305.2463   189   157213.0000   214301.5054   177670   36.31%
   2213  1107   212799.3990   299   157213.0000   214297.3866   183957   36.31%
   2268  1148   212033.7882   251   157213.0000   214268.0627   190582   36.29%
Elapsed time = 12.62 sec. (34423.07 ticks, tree = 26.31 MB, solutions = 1)
   2337  1203   211203.8414   207   157213.0000   214267.4628   196644   36.29%
   2408  1266   211853.7714   153   157213.0000   214237.5667   203223   36.27%
   2478  1324   210775.9846   262   157213.0000   214208.4619   209910   36.25%
   2520  1358   210625.1902   330   157213.0000   214182.0000   215723   36.24%
   2576  1408   210276.6185   261   157213.0000   214180.4911   220948   36.24%
   2633  1455   210812.3839   197   157213.0000   214179.9907   226892   36.24%
   2697  1507   212044.3396   222   157213.0000   214169.7111   232602   36.23%
   2758  1561   211123.9822   331   157213.0000   214167.6596   238417   36.23%
   2831  1624   213615.5997   162   157213.0000   214139.1158   244581   36.21%
   2878  1667   209830.3080   265   157213.0000   214137.3848   250540   36.21%
Elapsed time = 16.41 sec. (44230.68 ticks, tree = 41.49 MB, solutions = 1)
   2915  1696   214021.6206   255   157213.0000   214134.2003   255883   36.21%
   2961  1736   211262.5819   221   157213.0000   214117.1518   261003   36.20%
   3024  1787   213534.7991   140   157213.0000   214098.6309   265789   36.18%
   3073  1828   212548.6333   296   157213.0000   214094.0083   271812   36.18%
   3188  1927   210687.6727   230   157213.0000   214090.2921   277691   36.18%
   3241  1970   210177.8895   329   157213.0000   214063.2500   283310   36.16%
   3290  2009   213488.3147   206   157213.0000   214046.2857   288517   36.15%
   3367  2080   213743.5469   282   157213.0000   214044.7209   294351   36.15%
   3418  2127   210771.3045   339   157213.0000   214034.7931   300229   36.14%
   3499  2203   208622.2472   288   157213.0000   214029.5259   306156   36.14%
Elapsed time = 20.00 sec. (53939.03 ticks, tree = 55.88 MB, solutions = 1)
   3557  2252   210616.0199   342   157213.0000   214029.0819   311606   36.14%
   3610  2295   212571.1513   377   157213.0000   214028.0417   316857   36.14%
   3656  2335   210206.1152   266   157213.0000   214025.5000   322900   36.14%
   3697  2372   208824.7699   389   157213.0000   214025.5000   328313   36.14%
   3734  2403   213395.5560   208   157213.0000   214018.4523   333602   36.13%
   3794  2451   211877.6047   230   157213.0000   214017.1988   339672   36.13%
   3862  2509    infeasible         157213.0000   214015.4464   345910   36.13%
   3919  2562   213138.5840   261   157213.0000   214014.0517   351080   36.13%
   3966  2601   211043.4154   320   157213.0000   214013.6018   356949   36.13%
   4021  2644   209580.9923    94   157213.0000   213993.3459   362586   36.12%
Elapsed time = 25.32 sec. (63643.84 ticks, tree = 68.27 MB, solutions = 1)
   4052  2667   210109.8380   240   157213.0000   213987.1824   367771   36.11%
   4135  2737   203897.8871   252   157213.0000   213986.6134   373435   36.11%
   4191  2781   211345.7471   330   157213.0000   213981.2143   378791   36.11%
   4229  2811   208149.8222   262   157213.0000   213978.2528   384713   36.11%
   4292  2870   205631.9001   306   157213.0000   213977.1023   389846   36.11%
   4388  2955   208809.4726   245   157213.0000   213973.8973   395826   36.10%
   4440  2996   213253.8050   278   157213.0000   213961.7669   401733   36.10%
   4532  3086   200850.1976   167   157213.0000   213961.7669   407228   36.10%
   4588  3134   211811.1313   351   157213.0000   213958.2865   413109   36.09%
   4636  3178   211902.2925   297   157213.0000   213957.7106   418718   36.09%
Elapsed time = 28.86 sec. (73409.38 ticks, tree = 82.16 MB, solutions = 1)
   4713  3249   207261.6908   241   157213.0000   213953.0897   424441   36.09%
   4782  3314   208049.0027   203   157213.0000   213951.5128   429978   36.09%
   4852  3366   208762.2074   238   157213.0000   213939.7921   435965   36.08%
   4913  3419   211877.8618   368   157213.0000   213936.9538   441849   36.08%
   4966  3460    infeasible         157213.0000   213934.5000   448940   36.08%
   4997  3487   207646.3366   241   157213.0000   213931.8042   455282   36.08%
   5077  3561   208174.9042   280   157213.0000   213924.6511   460559   36.07%
   5143  3615   209329.1365   273   157213.0000   213922.6763   466446   36.07%
   5193  3651   212067.0549   218   157213.0000   213918.7500   472081   36.07%
   5251  3701   210570.3803   244   157213.0000   213914.1285   477560   36.07%
Elapsed time = 32.52 sec. (83107.16 ticks, tree = 95.58 MB, solutions = 1)
   5309  3749   210507.0876   112   157213.0000   213910.9063   483388   36.06%
   5370  3805   210800.3442   300   157213.0000   213910.3223   489197   36.06%
   5439  3867   212602.7838   192   157213.0000   213909.0588   494085   36.06%
   5495  3915   211978.0983   359   157213.0000   213897.3787   500322   36.06%
   5571  3987   211157.6709   315   157213.0000   213895.8010   505669   36.05%
   5632  4036   212163.1627   359   157213.0000   213892.9935   510712   36.05%
   5724  4116   213491.4695   284   157213.0000   213890.3667   517380   36.05%
   5810  4190    infeasible         157213.0000   213890.3667   521765   36.05%
   5886  4254   211902.7385   310   157213.0000   213884.2453   527680   36.05%
   6149  4488   213389.8081   284   157213.0000   213875.1119   549471   36.04%
Elapsed time = 37.35 sec. (95686.28 ticks, tree = 119.10 MB, solutions = 1)
   6420  4732   213589.9919   243   157213.0000   213859.0000   572601   36.03%
   6664  4949   206665.9346   210   157213.0000   213851.9437   595436   36.03%
   6955  5195   213366.7045   307   157213.0000   213835.3754   618640   36.02%
   7162  5364   211908.1210   210   157213.0000   213828.2245   640372   36.01%
   7363  5537   206254.3173   267   157213.0000   213824.6781   662105   36.01%
   7596  5724   212418.0215   299   157213.0000   213817.1973   684941   36.00%
   7889  5992   213215.8000   290   157213.0000   213813.0000   709643   36.00%
   8127  6183   213139.3933   174   157213.0000   213801.7447   731837   35.99%
   8359  6383   212317.6839   227   157213.0000   213798.5274   754790   35.99%
   8632  6603   211349.8274   213   157213.0000   213796.4702   778036   35.99%
Elapsed time = 51.98 sec. (134100.99 ticks, tree = 180.42 MB, solutions = 1)
   8819  6756   205690.8129   390   157213.0000   213790.9120   800372   35.99%
   9022  6932   208416.1475   216   157213.0000   213781.3971   822455   35.98%
   9311  7173   212647.2447   198   157213.0000   213775.2460   844653   35.98%
   9519  7341   212139.1548   465   157213.0000   213771.4959   867063   35.98%
*  9732+ 7520                       157684.0000   213769.1581            35.57%
   9749  7539   209318.3230   231   157684.0000   213769.1581   889049   35.57%
  10003  7751   209786.6980   232   157684.0000   213766.2451   911453   35.57%
  10221  7939   209492.1395   312   157684.0000   213763.0938   928629   35.56%
* 10253+ 7957                       157686.0000   213762.9762            35.56%
  10253  7959   213750.2972   314   157686.0000   213762.9108   934644   35.56%
Advanced basis not built.

Clique cuts applied:  13
Cover cuts applied:  4
Implied bound cuts applied:  74
Flow cuts applied:  6
Mixed integer rounding cuts applied:  174
Zero-half cuts applied:  138
Lift and project cuts applied:  1
Gomory fractional cuts applied:  24

Root node processing (before b&c):
  Real time             =    0.14 sec. (354.48 ticks)
Sequential b&c:
  Real time             =   66.86 sec. (167024.87 ticks)
                          ------------
Total (root+branch&cut) =   67.00 sec. (167379.36 ticks)
[CPLEX] Status: time limit exceeded
[CPLEX] OPTIMAL OBJ: 157686.0
[CPLEX] Runtime: 67.009 sec
Vehicle 0: d → 4 → 19 → 23 → 25 → 6 → 0 → 11 → 29 → d, (requests = [6, 15, 27])
Vehicle 1: d → 5 → 2 → 22 → 27 → 17 → 21 → 14 → 28 → 9 → 24 → 4 → 19 → 26 → 13 → 25 → 29 → 15 → 6 → 12 → 20 → 18 → d, (requests = [0, 3, 4, 14, 19, 21, 25, 28, 30])
Vehicle 2: d → 16 → 30 → 20 → 12 → 6 → 25 → 23 → 26 → 19 → 4 → 28 → 14 → 21 → 8 → d, (requests = [5, 11, 12, 29])
Vehicle 3: d → 1 → 22 → 27 → 3 → 10 → 7 → 8 → 21 → d, (requests = [1, 8, 10, 24])
Vehicle 4: d → 11 → 0 → 12 → 6 → 25 → 13 → 26 → 19 → 4 → 24 → 9 → 14 → 21 → 17 → 7 → 10 → 27 → 22 → 5 → d, (requests = [7, 16, 18, 20, 22, 23])
Vehicle 5: d → 22 → 27 → 3 → 7 → 21 → 14 → 28 → 4 → 19 → 23 → 25 → 6 → 12 → 20 → 18 → 16 → d, (requests = [9, 13, 17])
======== PPDSP OBJECTIVE ========
Profit    = 200091
Cost      = 42405
Objective = 157686
=================================
===== RAW XY MODEL =====
12 148 193 382 632 762 807 960 997 1111 1172 1187 1229 1337 1429 1466 1501 1511 1590 1632 1659 1683 1711 1756 1797 1854 1870 1906 1930 1968 2022 2353 2414 2484 2587 2666 2739 2809 2849 2877 2959 3020 3048 3107 3177 3205 3370 3422 3548 3593 3643 4019 4047 4183 4309 4457 4597 4636 4662 4679 4747 4792 4797 4835 4887 4914 4996 5057 5134 5154 5222 5258 5296 5331 5448 5689 5733 5790 5831 5990 6062 6129 6178 6217 6244 6272 6317 6347 6392 6453 6486 6600 2050 4341 2056 2184 3226 2187 5476 4348 6619 4350 3297 3300 6623 3305 3307 5485 6627 5487 4426 5489 4434 5491 5492 5559 5562 5571 5577 5583 6704
  [Time Manager] Step 34 consumed 67.01s. Total Consumed: 1053.66s.
  [Info] Saved 6714 core assumption literals to p1_A-n32-k5_r32v6k3.lp.asm

[35/60] Building & Solving: R=33, V=6, K=3
Default row names c1, c2 ... being created.
  [Info] Generating MIP Formulation...
  [Time Manager] Global Remaining Budget: 2546.34s | Future Weight Sum: 28821.0
  [Time Manager] Recalibrated Budget for this step: 68.38s
[CPLEX] Setting time limit to 68 seconds
[CPLEX] Reading assumption from p1_A-n32-k5_r32v6k3.lp.asm ...
[CPLEX] Applying MIP Start with 6336 variables.
Version identifier: 22.1.1.0 | 2022-11-28 | 9160aff4d
CPXPARAM_Read_DataCheck                          1
CPXPARAM_Threads                                 1
CPXPARAM_TimeLimit                               68
1 of 1 MIP starts provided solutions.
MIP start 'm1' defined initial solution with objective 157686.0000.
Tried aggregator 1 time.
MIP Presolve eliminated 48 rows and 5118 columns.
MIP Presolve modified 3356 coefficients.
Reduced MIP has 3315 rows, 1602 columns, and 15948 nonzeros.
Reduced MIP has 1230 binaries, 372 generals, 0 SOSs, and 0 indicators.
Presolve time = 0.00 sec. (9.82 ticks)
Probing time = 0.00 sec. (2.73 ticks)
Tried aggregator 1 time.
Detecting symmetries...
Reduced MIP has 3315 rows, 1602 columns, and 15948 nonzeros.
Reduced MIP has 1230 binaries, 372 generals, 0 SOSs, and 0 indicators.
Presolve time = 0.01 sec. (10.39 ticks)
Probing time = 0.00 sec. (2.71 ticks)
Clique table members: 699.
MIP emphasis: balance optimality and feasibility.
MIP search method: dynamic search.
Parallel mode: none, using 1 thread.
Root relaxation solution time = 0.01 sec. (19.42 ticks)

        Nodes                                         Cuts/
   Node  Left     Objective  IInf  Best Integer    Best Bound    ItCnt     Gap

*     0+    0                       157686.0000  1377222.0000           773.40%
      0     0   223049.0000   135   157686.0000   223049.0000      652   41.45%
      0     0   223049.0000   194   157686.0000     Cuts: 207      726   41.45%
      0     0   223049.0000   192   157686.0000      Cuts: 49      728   41.45%
      0     0   223049.0000   190   157686.0000      Cuts: 50      729   41.45%
      0     2   223049.0000   190   157686.0000   223049.0000      729   41.45%
Elapsed time = 0.15 sec. (338.76 ticks, tree = 0.01 MB, solutions = 1)
     10    12   222083.1512   136   157686.0000   222885.0072     2955   41.35%
     23    25   221888.9349   102   157686.0000   222885.0072     6856   41.35%
     45    43   218805.7853    93   157686.0000   222885.0072     9085   41.35%
     66    55   222108.7889   219   157686.0000   222884.8853    10377   41.35%
     98    83   222242.0960   278   157686.0000   222774.4745    13523   41.28%
    119   104   211279.5094    96   157686.0000   222774.4745    16113   41.28%
    161   135   220994.8530   209   157686.0000   222747.4183    19016   41.26%
    204   173   220207.2131   148   157686.0000   222714.8886    22031   41.24%
    244   199   219691.8218   128   157686.0000   222655.9355    25475   41.20%
    439   354   219852.1361   132   157686.0000   222506.5464    38475   41.11%
Elapsed time = 1.55 sec. (3622.03 ticks, tree = 0.75 MB, solutions = 1)

Performing restart 1

Repeating presolve.
Tried aggregator 1 time.
MIP Presolve modified 144 coefficients.
Reduced MIP has 3315 rows, 1602 columns, and 15948 nonzeros.
Reduced MIP has 1230 binaries, 372 generals, 0 SOSs, and 0 indicators.
Presolve time = 0.00 sec. (8.37 ticks)
Tried aggregator 1 time.
Reduced MIP has 3315 rows, 1602 columns, and 15948 nonzeros.
Reduced MIP has 1230 binaries, 372 generals, 0 SOSs, and 0 indicators.
Presolve time = 0.01 sec. (10.78 ticks)
Represolve time = 0.01 sec. (26.61 ticks)
    491     0   222689.0000   160   157686.0000     Cuts: 134    43611   41.05%
    491     0   222329.0000   165   157686.0000     Cuts: 160    43778   40.99%
    491     0   222329.0000   192   157686.0000     Cuts: 115    43818   40.99%
    491     0   222329.0000   193   157686.0000      Cuts: 98    43822   40.99%
    491     0   222329.0000   194   157686.0000      Cuts: 72    43838   40.99%
    491     0   222329.0000   196   157686.0000     Cuts: 106    43843   40.99%
    491     2   222329.0000   196   157686.0000   222329.0000    43843   40.99%
    492     3   222146.7143   332   157686.0000   222146.7143    44481   40.88%
    494     5   222059.1941   339   157686.0000   222135.3226    45049   40.87%
    496     7   220828.3581   327   157686.0000   222059.1302    46936   40.82%
    499    10   221928.5435   219   157686.0000   222059.1302    48265   40.82%
    502    13   221726.9855   111   157686.0000   222059.1302    49645   40.82%
    507    18   221605.2251   104   157686.0000   222059.1302    50338   40.82%
    513    24   221070.9486   197   157686.0000   222059.1302    52330   40.82%
    519    29   220205.3410   215   157686.0000   222059.1302    53498   40.82%
    526    32   218893.9275   150   157686.0000   222059.1302    56462   40.82%
Elapsed time = 6.07 sec. (15073.89 ticks, tree = 0.35 MB, solutions = 1)
    532    38   218819.0849   158   157686.0000   222059.1302    57185   40.82%
    548    51   216442.1467   197   157686.0000   222059.1302    58389   40.82%
    557    56   221660.8598   365   157686.0000   222054.4286    60249   40.82%
    563    62   221010.2057   121   157686.0000   222054.4286    62749   40.82%
    569    68   220706.1307   250   157686.0000   222054.4286    64032   40.82%
    583    82   218703.3912   190   157686.0000   222054.4286    68965   40.82%
    614   110   213324.7995   252   157686.0000   222054.4286    72770   40.82%
    622   112   221314.9185   287   157686.0000   222017.0000    75644   40.80%
    629   119   220938.7075   279   157686.0000   222017.0000    77248   40.80%
    645   135   219709.8393   363   157686.0000   222017.0000    80756   40.80%
Elapsed time = 10.04 sec. (25448.30 ticks, tree = 0.75 MB, solutions = 1)
    671   161   217448.7697   277   157686.0000   222017.0000    84695   40.80%
    699   183   220402.0658   272   157686.0000   221973.0000    91078   40.77%
    720   204   219072.8049   234   157686.0000   221973.0000    96667   40.77%
    761   241   208454.0575   285   157686.0000   221973.0000   104582   40.77%
    828   297   220955.8105   213   157686.0000   221767.2000   111010   40.64%
    873   339   216808.6465   240   157686.0000   221767.2000   118267   40.64%
    928   392   209538.7595   217   157686.0000   221767.2000   124388   40.64%
    957   414   220197.2329   129   157686.0000   221766.3000   133521   40.64%
    993   443   215888.6467   201   157686.0000   221721.8789   142642   40.61%
   1033   475   221366.0596   219   157686.0000   221720.3713   154287   40.61%
Elapsed time = 13.89 sec. (35305.00 ticks, tree = 1.13 MB, solutions = 1)
   1063   501   218341.7254   209   157686.0000   221706.0326   164389   40.60%
   1166   603   207120.4057   249   157686.0000   221706.0326   172780   40.60%
   1201   632   219207.0115   258   157686.0000   221681.2619   179405   40.58%
   1225   651   221309.5405   185   157686.0000   221671.0998   185797   40.58%
   1308   726   221522.4087   451   157686.0000   221670.5579   195534   40.58%
   1339   753   220691.2411   205   157686.0000   221660.8598   205755   40.57%
   1400   806   220009.0494   237   157686.0000   221636.6739   216496   40.56%
   1440   842   219192.3467   221   157686.0000   221636.0000   227814   40.56%
   1472   870   219564.8241   271   157686.0000   221628.8411   237384   40.55%
   1522   914   220911.4838   290   157686.0000   221628.4556   246834   40.55%
Elapsed time = 17.70 sec. (45085.96 ticks, tree = 1.66 MB, solutions = 1)
   1555   943   215719.7881   138   157686.0000   221610.0682   256188   40.54%
   1603   985   219714.8167   225   157686.0000   221606.0000   267097   40.54%
   1643  1021   219037.4390   178   157686.0000   221606.0000   278020   40.54%
   1684  1054   220909.6967   116   157686.0000   221584.8599   289641   40.52%
   1719  1079   220876.3302   212   157686.0000   221573.8500   301295   40.52%
   1781  1132   218535.7453   328   157686.0000   221571.0563   311125   40.51%
   1834  1178   220804.3323   267   157686.0000   221562.2383   320983   40.51%
   1880  1220   215824.2044   182   157686.0000   221562.2383   333276   40.51%
   1923  1255   218937.4746   207   157686.0000   221551.1667   342916   40.50%
   1984  1308   214573.0031   373   157686.0000   221548.9953   353085   40.50%
Elapsed time = 23.16 sec. (54882.93 ticks, tree = 2.14 MB, solutions = 1)
   2011  1323   221116.0000   183   157686.0000   221540.9167   363090   40.49%
   2082  1390   219570.1458   159   157686.0000   221531.6837   373147   40.49%
   2130  1428   219401.9268    88   157686.0000   221522.2794   385155   40.48%
   2173  1459   220960.2151   233   157686.0000   221519.6919   397787   40.48%
   2201  1483   216461.6880   269   157686.0000   221515.8799   408870   40.48%
   2273  1547   220442.6286   266   157686.0000   221508.4846   418585   40.47%
   2306  1574   215940.1707   224   157686.0000   221496.6138   430513   40.47%
   2334  1594   220309.9911   316   157686.0000   221495.9412   442148   40.47%
   2400  1656   219744.7394   316   157686.0000   221490.5000   453555   40.46%
   2461  1713   217326.5554   250   157686.0000   221486.6501   464694   40.46%
Elapsed time = 27.09 sec. (64698.94 ticks, tree = 2.63 MB, solutions = 1)
   2510  1758   219314.4133   172   157686.0000   221477.4436   473331   40.45%
   2562  1804   217771.3461   141   157686.0000   221474.9688   484854   40.45%
   2617  1853   218404.3906   370   157686.0000   221466.3024   497017   40.45%
   2651  1881   219158.4168   236   157686.0000   221455.6736   506601   40.44%
   2728  1954   218916.5966   170   157686.0000   221450.6629   517216   40.44%
   2775  1995   216304.4153   382   157686.0000   221447.7403   528720   40.44%
   2825  2035   216857.3629   196   157686.0000   221444.8820   540813   40.43%
   2884  2084   221189.5171   217   157686.0000   221426.9598   552857   40.42%
   2936  2130   221157.4451   195   157686.0000   221417.2388   564455   40.42%
   2962  2150   217114.1619   283   157686.0000   221414.9106   576020   40.42%
Elapsed time = 30.83 sec. (74421.59 ticks, tree = 3.21 MB, solutions = 1)
   2997  2178   219150.0905   433   157686.0000   221398.4334   586081   40.40%
   3102  2275   220808.7556   109   157686.0000   221392.6339   597377   40.40%
   3155  2318   216803.8663   232   157686.0000   221390.9395   608782   40.40%
   3188  2343   220081.3371   475   157686.0000   221387.7490   620362   40.40%
   3236  2382   220489.4841   323   157686.0000   221368.1429   631442   40.39%
   3306  2448   216929.7462   230   157686.0000   221367.7500   642421   40.39%
   3369  2500   217530.4964   224   157686.0000   221366.0596   653333   40.38%
   3424  2547   220270.2800   225   157686.0000   221357.5000   664689   40.38%
   3474  2589    infeasible         157686.0000   221355.9761   676094   40.38%
   3510  2614   221139.9810   103   157686.0000   221348.8571   686708   40.37%
Elapsed time = 34.51 sec. (84112.02 ticks, tree = 3.72 MB, solutions = 1)
   3541  2635   219103.1062   265   157686.0000   221347.7261   698790   40.37%
   3587  2677   218299.5042   230   157686.0000   221337.3085   711449   40.37%
   3630  2706   221290.9714   324   157686.0000   221335.6296   723453   40.36%
   3685  2755   221053.0281   208   157686.0000   221334.2792   734292   40.36%
   3725  2785   220639.5953   183   157686.0000   221331.3333   746764   40.36%
   3786  2837   215611.1386   244   157686.0000   221323.0000   758191   40.36%
   3831  2876   214815.5397   284   157686.0000   221320.6000   770324   40.36%
   3861  2902   218613.0000   267   157686.0000   221320.0756   781913   40.35%
   3941  2976   217594.7979   319   157686.0000   221318.9994   794506   40.35%
   4159  3152   218610.0449   257   157686.0000   221301.0543   838020   40.34%
Elapsed time = 39.24 sec. (96659.40 ticks, tree = 4.36 MB, solutions = 1)
   4416  3391   219313.2165   219   157686.0000   221282.4551   884016   40.33%
   4629  3566   217866.8255   261   157686.0000   221272.3187   932813   40.32%
   4821  3724   214045.1110   210   157686.0000   221250.6403   978886   40.31%
   5063  3932   219826.9821   368   157686.0000   221228.8242  1023993   40.30%
   5227  4058   218995.7031   264   157686.0000   221211.1748  1069733   40.29%
   5488  4296   219194.8780   161   157686.0000   221198.8691  1115485   40.28%
   5708  4488   218110.0745   238   157686.0000   221187.7114  1161181   40.27%
   5948  4703   219862.5965   203   157686.0000   221170.3633  1208455   40.26%
   6120  4851   217959.9259   165   157686.0000   221162.0112  1254525   40.25%
   6444  5123   218213.1026   320   157686.0000   221156.9600  1302320   40.25%
Elapsed time = 53.38 sec. (135060.30 ticks, tree = 6.78 MB, solutions = 1)
   6647  5286   213426.3946   190   157686.0000   221145.8713  1350319   40.24%
   6851  5456   220005.6354   200   157686.0000   221123.8428  1397800   40.23%
   7151  5714   219792.8442   277   157686.0000   221113.2590  1444204   40.22%
   7390  5913   213590.7554   210   157686.0000   221098.0000  1491606   40.21%
   7578  6066    infeasible         157686.0000   221089.5000  1537530   40.21%
   7701  6153   219878.3911   179   157686.0000   221077.4164  1583365   40.20%
   7930  6346   216996.4370   388   157686.0000   221066.2697  1622656   40.19%
*  8091+ 6483                       161795.0000   221061.7531            36.63%
   8171  6549   216405.2093   286   161795.0000   221058.9437  1667564   36.63%
*  8191+ 6563                       161955.0000   221058.8441            36.49%
*  8291+ 6649                       162031.0000   221058.2578            36.43%
   8362  6708   218389.6891   301   162031.0000   221055.2911  1713088   36.43%

Clique cuts applied:  14
Cover cuts applied:  4
Implied bound cuts applied:  100
Mixed integer rounding cuts applied:  138
Zero-half cuts applied:  146
Gomory fractional cuts applied:  16

Root node processing (before b&c):
  Real time             =    0.15 sec. (339.07 ticks)
Sequential b&c:
  Real time             =   67.85 sec. (169731.60 ticks)
                          ------------
Total (root+branch&cut) =   68.00 sec. (170070.66 ticks)
[CPLEX] Status: time limit exceeded
[CPLEX] OPTIMAL OBJ: 162031.0
[CPLEX] Runtime: 68.009 sec
Vehicle 0: d → 4 → 19 → 23 → 25 → 6 → 0 → 11 → 29 → d, (requests = [6, 14, 15, 27])
Vehicle 1: d → 5 → 2 → 22 → 27 → 17 → 21 → 14 → 28 → 24 → 4 → 19 → 26 → 13 → 25 → 29 → 15 → 6 → 12 → 20 → 18 → d, (requests = [0, 2, 4, 19, 21, 25, 28, 30])
Vehicle 2: d → 16 → 30 → 20 → 12 → 6 → 25 → 23 → 26 → 19 → 4 → 28 → 14 → 21 → 8 → d, (requests = [5, 11, 12, 29])
Vehicle 3: d → 1 → 22 → 27 → 3 → 10 → 7 → 8 → 21 → d, (requests = [1, 8, 10, 24])
Vehicle 4: d → 11 → 0 → 12 → 6 → 25 → 13 → 26 → 19 → 4 → 24 → 9 → 14 → 21 → 17 → 7 → 10 → 27 → 22 → 5 → d, (requests = [7, 16, 18, 20, 22, 23])
Vehicle 5: d → 22 → 27 → 3 → 7 → 21 → 14 → 9 → 24 → 4 → 19 → 23 → 25 → 6 → 12 → 20 → 18 → 16 → d, (requests = [3, 9, 13, 17])
======== PPDSP OBJECTIVE ========
Profit    = 204536
Cost      = 42505
Objective = 162031
=================================
===== RAW XY MODEL =====
12 148 193 382 632 762 807 960 997 1111 1172 1187 1229 1429 1466 1501 1511 1590 1632 1659 1683 1711 1756 1797 1854 1870 1906 1945 1968 2022 2353 2414 2484 2587 2666 2739 2809 2849 2877 2959 3020 3048 3107 3177 3205 3370 3422 3548 3593 3643 4019 4047 4183 4309 4457 4597 4636 4662 4679 4747 4792 4797 4835 4887 4914 4996 5057 5134 5154 5222 5258 5296 5331 5448 5689 5733 5790 5831 5898 5990 6043 6129 6178 6217 6244 6272 6317 6347 6358 6392 6453 6600 2050 4341 2054 6613 2184 3226 2187 5476 4348 6619 4350 3297 3300 6623 3304 3307 5485 6627 5487 4426 5489 4434 5491 5492 5559 5562 5571 5577 5583 6704
  [Time Manager] Step 35 consumed 68.01s. Total Consumed: 1121.67s.
  [Info] Saved 6720 core assumption literals to p1_A-n32-k5_r33v6k3.lp.asm

[36/60] Building & Solving: R=34, V=6, K=3
Default row names c1, c2 ... being created.
  [Info] Generating MIP Formulation...
  [Time Manager] Global Remaining Budget: 2478.33s | Future Weight Sum: 28047.0
  [Time Manager] Recalibrated Budget for this step: 68.92s
[CPLEX] Setting time limit to 68 seconds
[CPLEX] Reading assumption from p1_A-n32-k5_r33v6k3.lp.asm ...
[CPLEX] Applying MIP Start with 6342 variables.
Version identifier: 22.1.1.0 | 2022-11-28 | 9160aff4d
CPXPARAM_Read_DataCheck                          1
CPXPARAM_Threads                                 1
CPXPARAM_TimeLimit                               68
1 of 1 MIP starts provided solutions.
MIP start 'm1' defined initial solution with objective 162031.0000.
Tried aggregator 1 time.
MIP Presolve eliminated 42 rows and 5118 columns.
MIP Presolve modified 3380 coefficients.
Reduced MIP has 3340 rows, 1608 columns, and 16140 nonzeros.
Reduced MIP has 1236 binaries, 372 generals, 0 SOSs, and 0 indicators.
Presolve time = 0.00 sec. (9.92 ticks)
Probing time = 0.00 sec. (2.74 ticks)
Tried aggregator 1 time.
Detecting symmetries...
Reduced MIP has 3340 rows, 1608 columns, and 16140 nonzeros.
Reduced MIP has 1236 binaries, 372 generals, 0 SOSs, and 0 indicators.
Presolve time = 0.01 sec. (10.49 ticks)
Probing time = 0.00 sec. (2.71 ticks)
Clique table members: 694.
MIP emphasis: balance optimality and feasibility.
MIP search method: dynamic search.
Parallel mode: none, using 1 thread.
Root relaxation solution time = 0.01 sec. (19.94 ticks)

        Nodes                                         Cuts/
   Node  Left     Objective  IInf  Best Integer    Best Bound    ItCnt     Gap

*     0+    0                       162031.0000  1437900.0000           787.42%
      0     0   233162.0000   135   162031.0000   233162.0000      675   43.90%
      0     0   233162.0000   193   162031.0000     Cuts: 209      767   43.90%
      0     0   233162.0000   194   162031.0000      Cuts: 50      773   43.90%
      0     2   233162.0000   194   162031.0000   233162.0000      773   43.90%
Elapsed time = 0.13 sec. (298.01 ticks, tree = 0.01 MB, solutions = 1)
      8    10   232857.5780   219   162031.0000   232890.0902     4168   43.73%
     15    17   231885.2542   163   162031.0000   232890.0902     6232   43.73%
     45    45    infeasible         162031.0000   232890.0902     8091   43.73%
     59    55   232065.1650   161   162031.0000   232857.3773    10863   43.71%
    102    91   228231.6349   116   162031.0000   232857.3773    13641   43.71%
    135   113   232335.1798   163   162031.0000   232822.3449    16708   43.69%
    188   153   232209.4996   208   162031.0000   232816.5188    20200   43.69%
    240   195   232474.5834   104   162031.0000   232652.5147    23324   43.59%
    280   226   230174.1794   106   162031.0000   232633.2482    26171   43.57%
    444   346   232560.6502   113   162031.0000   232588.1538    38508   43.55%
Elapsed time = 1.41 sec. (3498.28 ticks, tree = 0.57 MB, solutions = 1)
    567   439   231208.5606   234   162031.0000   232551.6458    49831   43.52%
    731   588   228906.1642   157   162031.0000   232506.8175    62292   43.50%
    843   676   229440.2266   140   162031.0000   232470.0000    74703   43.47%
    942   742   224609.7267   219   162031.0000   232445.5173    86524   43.46%

Performing restart 1

Repeating presolve.
Tried aggregator 1 time.
MIP Presolve modified 144 coefficients.
Reduced MIP has 3340 rows, 1608 columns, and 16140 nonzeros.
Reduced MIP has 1236 binaries, 372 generals, 0 SOSs, and 0 indicators.
Presolve time = 0.00 sec. (9.55 ticks)
Tried aggregator 1 time.
Reduced MIP has 3340 rows, 1608 columns, and 16140 nonzeros.
Reduced MIP has 1236 binaries, 372 generals, 0 SOSs, and 0 indicators.
Presolve time = 0.01 sec. (10.92 ticks)
Represolve time = 0.01 sec. (28.62 ticks)
    964     0   233097.3750   196   162031.0000      Cuts: 88    88997   43.46%
    964     0   232724.8144   185   162031.0000      Cuts: 99    89269   43.46%
    964     0   232652.0000   290   162031.0000     Cuts: 159    89395   43.46%
    964     0   232442.0000   195   162031.0000     Cuts: 128    89488   43.46%
    964     0   232442.0000   193   162031.0000      Cuts: 65    89496   43.46%
    964     0   232342.5351   220   162031.0000      Cuts: 60    89713   43.39%
    964     0   232179.4868   212   162031.0000     Cuts: 186    89761   43.29%
    964     0   232091.6327   216   162031.0000      Cuts: 72    89844   43.24%
    964     0   232049.8354   236   162031.0000      Cuts: 69    89951   43.21%
    964     0   232012.8086   234   162031.0000     Cuts: 148    90084   43.19%
    964     0   232010.7681   219   162031.0000      Cuts: 70    90102   43.19%
    964     0   231998.7942   262   162031.0000      Cuts: 31    90210   43.18%
    964     0   231995.5181   238   162031.0000     Cuts: 159    90229   43.18%
    964     0   231945.8984   268   162031.0000      Cuts: 92    90487   43.15%
    964     0   231921.0535   272   162031.0000      Cuts: 81    90617   43.13%
    964     0   231887.8439   376   162031.0000      Cuts: 96    90927   43.11%
    964     0   231822.7210   245   162031.0000      Cuts: 78    91131   43.07%
    964     0   231779.6160   424   162031.0000     Cuts: 106    91243   43.05%
    964     0   231758.1900   352   162031.0000     Cuts: 134    91365   43.03%
    964     0   231758.1900   357   162031.0000      Cuts: 63    91390   43.03%
    964     0   231758.1900   357   162031.0000      Cuts: 40    91400   43.03%
    964     0   231747.3393   316   162031.0000      Cuts: 32    91480   43.03%
    964     0   231725.9886   358   162031.0000     Cuts: 144    91626   43.01%
    964     2   231725.9886   358   162031.0000   231725.7996    91626   43.01%
    965     3   231719.0000   200   162031.0000   231719.0000    91794   43.01%
    967     5   231388.1126   326   162031.0000   231674.9881    92937   42.98%
    968     6   231263.9124   327   162031.0000   231674.9881    93127   42.98%
    970     8   230960.9960   225   162031.0000   231674.9881    94778   42.98%
    973    11   230253.4383   195   162031.0000   231674.9881    96276   42.98%
Elapsed time = 6.59 sec. (17760.72 ticks, tree = 0.16 MB, solutions = 1)
    976    14   229511.6710   326   162031.0000   231674.9881    97404   42.98%
    980    18   229909.1236    95   162031.0000   231674.9881    98437   42.98%
    983    21   229378.3399   336   162031.0000   231674.9881    99416   42.98%
    986    24   229320.7512   370   162031.0000   231674.9881   100952   42.98%
    990    28   228475.3476   280   162031.0000   231674.9881   102529   42.98%
    994    28   231644.0126   438   162031.0000   231641.0692   104753   42.96%
    997    31   231110.5708   349   162031.0000   231638.0055   105467   42.96%
   1002    36   231544.8429   368   162031.0000   231638.0055   108061   42.96%
   1006    40   231492.5435   356   162031.0000   231638.0055   108787   42.96%
   1011    45   228696.5757   223   162031.0000   231638.0055   109657   42.96%
Elapsed time = 10.65 sec. (29781.33 ticks, tree = 0.81 MB, solutions = 1)
   1016    50   229163.2101   246   162031.0000   231638.0055   112123   42.96%
   1022    56   228916.1680   232   162031.0000   231638.0055   113848   42.96%
   1026    60   227731.8203   304   162031.0000   231638.0055   117034   42.96%
   1031    65   227062.1759   262   162031.0000   231638.0055   119623   42.96%
   1038    72   224995.2768   276   162031.0000   231638.0055   122017   42.96%
   1046    79   223336.0639   319   162031.0000   231638.0055   123722   42.96%
   1057    90   222588.8603   278   162031.0000   231638.0055   126277   42.96%
   1069   101   217108.6312   333   162031.0000   231638.0055   128546   42.96%
   1087   117   205793.7792   343   162031.0000   231638.0055   130314   42.96%
   1105   133   194418.1364   193   162031.0000   231638.0055   136460   42.96%
Elapsed time = 14.27 sec. (40008.55 ticks, tree = 1.25 MB, solutions = 1)
   1131   153   231260.6849   553   162031.0000   231611.7336   139555   42.94%
   1139   161   230372.9375   436   162031.0000   231611.7336   142392   42.94%
   1158   180   229439.4539   186   162031.0000   231611.7336   147854   42.94%
   1168   190   228917.7130   379   162031.0000   231611.7336   151375   42.94%
   1184   202   228759.0000   175   162031.0000   231602.0000   157156   42.94%
   1197   215   225737.6791   283   162031.0000   231602.0000   164211   42.94%
   1223   237   231459.5366   106   162031.0000   231518.7808   170414   42.89%
   1244   258   230002.4816   190   162031.0000   231518.7808   176920   42.89%
   1278   290    infeasible         162031.0000   231518.7808   185875   42.89%
   1305   313   229030.0790   177   162031.0000   231511.1579   196091   42.88%
Elapsed time = 17.55 sec. (49866.77 ticks, tree = 1.40 MB, solutions = 1)
   1326   328   229982.1500   156   162031.0000   231492.2874   205939   42.87%
   1363   364   225530.1859   243   162031.0000   231492.2874   212054   42.87%
   1390   387   229681.8516   390   162031.0000   231480.7631   219926   42.86%
   1430   427   226012.0623   279   162031.0000   231480.7631   227817   42.86%
   1462   455   229612.4242   280   162031.0000   231459.5366   237040   42.85%
   1491   478   231231.2312   214   162031.0000   231455.6686   246911   42.85%
   1506   485   231208.9624   344   162031.0000   231449.6415   256355   42.84%
   1522   495   231203.9412   260   162031.0000   231433.9375   266954   42.83%
   1549   522   228738.6095   317   162031.0000   231433.9375   275916   42.83%
   1594   561   230810.9798   343   162031.0000   231433.1250   285417   42.83%
Elapsed time = 20.93 sec. (59717.02 ticks, tree = 1.62 MB, solutions = 1)
   1611   575   226862.0319   298   162031.0000   231433.1250   294927   42.83%
   1629   588   229861.7795   185   162031.0000   231408.9357   304222   42.82%
   1654   608   229073.4770   192   162031.0000   231361.9083   314685   42.79%
   1684   633   223526.3653   214   162031.0000   231361.9083   324923   42.79%
   1721   666   215259.9574   116   162031.0000   231361.9083   335597   42.79%
   1759   694   226910.8104   190   162031.0000   231361.5064   345785   42.79%
   1786   715   228650.4133   277   162031.0000   231351.5516   356454   42.78%
   1825   751   220676.6198   328   162031.0000   231351.5516   366639   42.78%
   1844   766   227633.0033   224   162031.0000   231347.3262   375245   42.78%
   1884   802   228820.7635   271   162031.0000   231332.4994   385794   42.77%
Elapsed time = 24.35 sec. (69647.10 ticks, tree = 1.91 MB, solutions = 1)
   1907   817   228761.8295   205   162031.0000   231332.4836   398263   42.77%
   1951   851   231278.4880   268   162031.0000   231318.5518   408910   42.76%
   1999   895   224665.9254   287   162031.0000   231318.5518   419623   42.76%
   2044   936   228274.9926   118   162031.0000   231315.0769   429410   42.76%
   2076   964   228296.2198   222   162031.0000   231313.8925   439639   42.76%
   2103   987   231306.7500   194   162031.0000   231306.2500   449211   42.75%
   2126  1006   229677.3322   449   162031.0000   231303.3005   460228   42.75%
   2173  1049   230717.6681   307   162031.0000   231284.3061   471050   42.74%
   2208  1078   230349.7333   202   162031.0000   231277.4262   481437   42.74%
   2244  1110   230562.8844   252   162031.0000   231274.1053   491195   42.73%
Elapsed time = 27.77 sec. (79707.05 ticks, tree = 2.30 MB, solutions = 1)
   2283  1147   224276.3044   307   162031.0000   231274.1053   500263   42.73%
   2328  1186   229903.2754   208   162031.0000   231265.7873   510057   42.73%
   2349  1199    infeasible         162031.0000   231261.7502   521287   42.73%
   2403  1249    infeasible         162031.0000   231261.7502   532749   42.73%
   2422  1268   228594.8767   499   162031.0000   231260.5447   543390   42.73%
   2467  1313   220946.9878   248   162031.0000   231260.5447   554488   42.73%
   2498  1339   226234.4302   285   162031.0000   231254.3930   564836   42.72%
   2552  1393   220593.0425   249   162031.0000   231254.3930   575116   42.72%
   2595  1431   229495.3481   280   162031.0000   231253.0249   585601   42.72%
   2654  1490   225665.0623   235   162031.0000   231253.0249   596831   42.72%
Elapsed time = 31.11 sec. (89551.19 ticks, tree = 2.71 MB, solutions = 1)
   2677  1509   229534.3095   359   162031.0000   231249.5724   606776   42.72%
   2698  1530   227930.2593   294   162031.0000   231249.5724   616977   42.72%
   2725  1557   223385.6265   264   162031.0000   231249.5724   625921   42.72%
   2759  1581   230960.6555   452   162031.0000   231245.5376   634340   42.72%
   2805  1625    infeasible         162031.0000   231245.5376   640556   42.72%
   2829  1643   230683.2132   223   162031.0000   231231.1058   646170   42.71%
   2878  1682    infeasible         162031.0000   231230.2365   652553   42.71%
   2927  1723   230256.6639   145   162031.0000   231227.2957   659302   42.71%
   3002  1797   222449.5595   245   162031.0000   231227.2957   664834   42.71%
   3200  1971   229693.2593   227   162031.0000   231206.7134   689634   42.69%
Elapsed time = 35.44 sec. (102250.04 ticks, tree = 9.78 MB, solutions = 1)
   3362  2095   223310.2016   321   162031.0000   231188.2848   716978   42.68%
   3575  2268   231088.9294   355   162031.0000   231171.8158   743542   42.67%
   3777  2448   226592.1935   173   162031.0000   231126.3426   768101   42.64%
   3964  2615   226158.7585   278   162031.0000   231115.0000   794842   42.64%
   4127  2749   229550.0150   242   162031.0000   231093.1085   821061   42.62%
   4260  2861   228577.1089   280   162031.0000   231084.4232   847189   42.62%
   4433  3009   228714.6626   158   162031.0000   231065.5767   874391   42.61%
   4670  3208   230762.0526   337   162031.0000   231042.5000   900237   42.59%
   4896  3402   230481.2033   549   162031.0000   231028.5886   925883   42.58%
   5153  3627   230529.9643   307   162031.0000   231024.0625   952224   42.58%
Elapsed time = 51.25 sec. (140651.52 ticks, tree = 45.77 MB, solutions = 1)
   5434  3882    infeasible         162031.0000   231011.6951   979157   42.57%
   5610  4020   230189.4157   281   162031.0000   230993.3971  1004435   42.56%
   5922  4296   205674.5627   194   162031.0000   230988.0724  1030333   42.56%
   6103  4449   228979.9023   176   162031.0000   230966.3333  1056914   42.54%
   6332  4648   221691.0840   212   162031.0000   230958.5427  1081680   42.54%
   6494  4786   226257.5462   194   162031.0000   230950.5866  1108324   42.53%
   6649  4912   230286.8365   483   162031.0000   230930.3088  1133860   42.52%
*  6864+ 5106                       163374.0000   230928.1455            41.35%
   6927  5165   230263.1528   208   163374.0000   230926.2170  1159556   41.35%
   7095  5307   226461.1611   272   163374.0000   230919.5396  1184571   41.34%
*  7264+ 5449                       163568.0000   230917.7279            41.18%
   7348  5525   230567.5396   348   163568.0000   230914.6284  1209613   41.17%
Elapsed time = 64.48 sec. (178991.17 ticks, tree = 88.53 MB, solutions = 3)
   7550  5699   228867.8151   180   163568.0000   230907.1165  1235548   41.17%
*  7664+ 5786                       163709.0000   230899.0000            41.04%
   7707  5829   219829.3136   197   163709.0000   230899.0000  1260738   41.04%

Clique cuts applied:  1
Cover cuts applied:  11
Implied bound cuts applied:  70
Flow cuts applied:  15
Mixed integer rounding cuts applied:  162
Zero-half cuts applied:  279
Gomory fractional cuts applied:  18

Root node processing (before b&c):
  Real time             =    0.13 sec. (298.31 ticks)
Sequential b&c:
  Real time             =   67.87 sec. (188546.17 ticks)
                          ------------
Total (root+branch&cut) =   68.00 sec. (188844.48 ticks)
[CPLEX] Status: time limit exceeded
[CPLEX] OPTIMAL OBJ: 163709.0
[CPLEX] Runtime: 68.008 sec
Vehicle 0: d → 1 → 22 → 27 → 3 → 10 → 7 → 8 → 21 → 14 → 28 → 4 → 19 → 23 → 25 → 6 → 0 → 11 → 29 → d, (requests = [1, 6, 8, 14, 15, 24, 27])
Vehicle 1: d → 5 → 2 → 22 → 27 → 17 → 21 → 14 → 28 → 24 → 4 → 19 → 26 → 13 → 25 → 29 → 15 → 6 → 12 → 20 → 18 → d, (requests = [0, 2, 4, 19, 21, 25, 28, 30])
Vehicle 2: d → 16 → 30 → 20 → 12 → 6 → 25 → 23 → 26 → 19 → 4 → 28 → 14 → 21 → 8 → d, (requests = [5, 11, 12, 29])
Vehicle 3: d, (requests = [])
Vehicle 4: d → 11 → 0 → 12 → 6 → 25 → 13 → 26 → 19 → 4 → 24 → 9 → 14 → 21 → 17 → 7 → 10 → 27 → 22 → 5 → d, (requests = [7, 16, 18, 20, 22, 23])
Vehicle 5: d → 22 → 27 → 3 → 7 → 21 → 14 → 9 → 24 → 4 → 19 → 23 → 25 → 6 → 12 → 20 → 18 → 16 → d, (requests = [3, 9, 10, 13, 17])
======== PPDSP OBJECTIVE ========
Profit    = 204536
Cost      = 40827
Objective = 163709
=================================
===== RAW XY MODEL =====
12 55 107 148 193 233 278 328 382 477 632 687 732 762 807 868 901 960 994 1111 1172 1187 1229 1429 1466 1501 1511 1590 1632 1659 1683 1711 1756 1797 1854 1870 1906 1945 1968 2022 2353 2414 2484 2587 2666 2739 2809 2849 2877 2959 3020 3048 3107 3177 3205 4457 4597 4636 4662 4679 4747 4792 4797 4835 4887 4914 4996 5057 5134 5154 5222 5258 5296 5331 5448 5689 5733 5790 5831 5898 5990 6043 6129 6178 6217 6244 6272 6317 6347 6358 6392 6453 6600 2050 2051 2054 6613 2184 3226 2187 5476 2191 6619 6620 3297 3300 6623 3304 3307 5485 6627 5487 4426 5489 4434 5491 5492 5556 5562 5571 5577 5583 6704
  [Time Manager] Step 36 consumed 68.01s. Total Consumed: 1189.68s.
  [Info] Saved 6726 core assumption literals to p1_A-n32-k5_r34v6k3.lp.asm

[37/60] Building & Solving: R=35, V=6, K=3
Default row names c1, c2 ... being created.
  [Info] Generating MIP Formulation...
  [Time Manager] Global Remaining Budget: 2410.32s | Future Weight Sum: 27267.0
  [Time Manager] Recalibrated Budget for this step: 69.48s
[CPLEX] Setting time limit to 69 seconds
[CPLEX] Reading assumption from p1_A-n32-k5_r34v6k3.lp.asm ...
[CPLEX] Applying MIP Start with 6348 variables.
Version identifier: 22.1.1.0 | 2022-11-28 | 9160aff4d
CPXPARAM_Read_DataCheck                          1
CPXPARAM_Threads                                 1
CPXPARAM_TimeLimit                               69
1 of 1 MIP starts provided solutions.
MIP start 'm1' defined initial solution with objective 163709.0000.
Tried aggregator 1 time.
MIP Presolve eliminated 36 rows and 5118 columns.
MIP Presolve modified 3404 coefficients.
Reduced MIP has 3365 rows, 1614 columns, and 16362 nonzeros.
Reduced MIP has 1242 binaries, 372 generals, 0 SOSs, and 0 indicators.
Presolve time = 0.00 sec. (10.07 ticks)
Probing time = 0.00 sec. (2.74 ticks)
Tried aggregator 1 time.
Detecting symmetries...
Reduced MIP has 3365 rows, 1614 columns, and 16362 nonzeros.
Reduced MIP has 1242 binaries, 372 generals, 0 SOSs, and 0 indicators.
Presolve time = 0.01 sec. (10.59 ticks)
Probing time = 0.00 sec. (2.72 ticks)
Clique table members: 695.
MIP emphasis: balance optimality and feasibility.
MIP search method: dynamic search.
Parallel mode: none, using 1 thread.
Root relaxation solution time = 0.01 sec. (18.46 ticks)

        Nodes                                         Cuts/
   Node  Left     Objective  IInf  Best Integer    Best Bound    ItCnt     Gap

*     0+    0                       163709.0000  1470690.0000           798.36%
      0     0   238627.0000   136   163709.0000   238627.0000      668   45.76%
      0     0   238627.0000   195   163709.0000     Cuts: 207      758   45.76%
      0     0   238627.0000   196   163709.0000      Cuts: 49      764   45.76%
      0     2   238627.0000   196   163709.0000   238627.0000      764   45.76%
Elapsed time = 0.13 sec. (285.70 ticks, tree = 0.01 MB, solutions = 1)
      9    11   237622.1779   275   163709.0000   238463.2382     3207   45.66%
     30    32   235901.6144    95   163709.0000   238463.2382     5292   45.66%
     71    57   237976.9490   232   163709.0000   238461.2824     7456   45.66%
     98    80   235013.5239   188   163709.0000   238461.2824     9766   45.66%
    120    95   237626.5203   198   163709.0000   238339.7278    11220   45.59%
    169   133   235945.3370   150   163709.0000   238338.5732    13642   45.59%
    212   164   237740.8939   126   163709.0000   238301.5429    15600   45.56%
    263   207   233302.1206    89   163709.0000   238301.5429    17207   45.56%
    317   251   236757.9108   118   163709.0000   238297.5291    19194   45.56%
    500   394   235313.9564   177   163709.0000   238070.3287    26853   45.42%
Elapsed time = 1.36 sec. (3554.76 ticks, tree = 8.28 MB, solutions = 1)
    740   601   209889.9269   188   163709.0000   238049.4971    34937   45.41%
    931   748   237180.2519   222   163709.0000   238011.9009    43257   45.39%

Performing restart 1

Repeating presolve.
Tried aggregator 1 time.
MIP Presolve modified 144 coefficients.
Reduced MIP has 3365 rows, 1614 columns, and 16362 nonzeros.
Reduced MIP has 1242 binaries, 372 generals, 0 SOSs, and 0 indicators.
Presolve time = 0.00 sec. (9.66 ticks)
Tried aggregator 1 time.
Reduced MIP has 3365 rows, 1614 columns, and 16362 nonzeros.
Reduced MIP has 1242 binaries, 372 generals, 0 SOSs, and 0 indicators.
Presolve time = 0.01 sec. (11.03 ticks)
Represolve time = 0.02 sec. (28.57 ticks)
    946     0   238627.0000   201   163709.0000     Cuts: 100    44787   45.39%
    946     0   238627.0000   202   163709.0000     Cuts: 112    44791   45.39%
    946     0   238404.0574   212   163709.0000      Cuts: 60    45081   45.39%
    946     0   238161.0000   171   163709.0000     Cuts: 251    45224   45.39%
    946     0   237907.0000   194   163709.0000     Cuts: 169    45302   45.32%
    946     0   237907.0000   196   163709.0000      Cuts: 98    45311   45.32%
    946     0   237907.0000   197   163709.0000      Cuts: 90    45315   45.32%
    946     2   237907.0000   197   163709.0000   237907.0000    45315   45.32%
    949     5   237668.1225   322   163709.0000   237794.0233    46842   45.25%
    953     9   237398.5913   244   163709.0000   237794.0233    47634   45.25%
    956    12   236386.3381   386   163709.0000   237794.0233    50190   45.25%
    965    19   235120.0932   271   163709.0000   237794.0233    54525   45.25%
    976    28   234297.6325   344   163709.0000   237794.0233    56527   45.25%
    994    41   235145.5680   249   163709.0000   237667.3205    63604   45.18%
   1011    52   237218.9957   296   163709.0000   237596.0000    71714   45.13%
Elapsed time = 7.35 sec. (15164.72 ticks, tree = 0.64 MB, solutions = 1)
   1037    72   236432.4524   490   163709.0000   237397.4056    75851   45.01%
   1067   101   228794.5934   238   163709.0000   237397.4056    78668   45.01%
   1117   146   235324.4923   396   163709.0000   237292.8132    82387   44.95%
   1162   191   233548.8311   382   163709.0000   237292.8132    85617   44.95%
   1214   243   229165.9706   253   163709.0000   237292.8132    89307   44.95%
   1266   290   234204.1792   162   163709.0000   237292.0000    94239   44.95%
   1326   344   229173.1597   247   163709.0000   237266.3667    99198   44.93%
   1381   394   230099.6722   220   163709.0000   237247.2385   104277   44.92%
   1419   421   233973.0818   324   163709.0000   237236.9185   110058   44.91%
   1466   468   233197.1585   236   163709.0000   237236.9185   115906   44.91%
Elapsed time = 10.74 sec. (24904.10 ticks, tree = 7.66 MB, solutions = 1)
   1519   509    infeasible         163709.0000   237208.2778   121533   44.90%
   1558   544   236230.0861   364   163709.0000   237184.0000   127136   44.88%
   1640   621   232538.5404   191   163709.0000   237182.6667   133418   44.88%
   1691   668   235918.0395   221   163709.0000   237182.0000   139075   44.88%
   1757   724   233179.3326   275   163709.0000   237174.1476   145188   44.88%
   1796   752   236989.8168   319   163709.0000   237137.5386   150310   44.85%
   1847   803   229204.2000   263   163709.0000   237137.5386   156310   44.85%
   1909   857   235885.5762   224   163709.0000   237102.7857   162511   44.83%
   1969   904   236023.5469   290   163709.0000   236988.8842   169086   44.76%
   2017   938   235169.6134   304   163709.0000   236982.4595   176462   44.76%
Elapsed time = 14.25 sec. (34778.26 ticks, tree = 17.29 MB, solutions = 1)
   2089  1002   235332.1244   257   163709.0000   236971.7033   182714   44.75%
   2139  1038   236333.4851   207   163709.0000   236932.6111   189222   44.73%
   2179  1066   232813.0167   287   163709.0000   236922.5556   196569   44.72%
   2227  1104   234657.1214   282   163709.0000   236913.6875   203594   44.72%
   2271  1140   235215.7612   199   163709.0000   236899.9412   209667   44.71%
   2342  1202   236474.5000   272   163709.0000   236899.0444   216246   44.71%
   2388  1244   235976.1701   300   163709.0000   236887.5714   221319   44.70%
   2441  1281   234862.6348   315   163709.0000   236884.5859   228744   44.70%
   2490  1318   236440.6783   389   163709.0000   236882.5000   235601   44.70%
   2546  1364   236262.2285   345   163709.0000   236855.0204   242328   44.68%
Elapsed time = 17.73 sec. (44693.06 ticks, tree = 29.58 MB, solutions = 1)
   2583  1387   236554.1302   383   163709.0000   236843.0000   248826   44.67%
   2627  1425    infeasible         163709.0000   236842.8665   254644   44.67%
   2722  1510   236119.6773   233   163709.0000   236819.7729   260960   44.66%
   2768  1546   234892.9138   332   163709.0000   236771.6644   267146   44.63%
   2824  1594   234634.3958   256   163709.0000   236749.9235   274207   44.62%
   2865  1627   234727.2697   498   163709.0000   236745.2644   279743   44.61%
   2901  1659   234286.1317   321   163709.0000   236744.3415   284625   44.61%
   2982  1732   225851.2954   185   163709.0000   236744.3415   291565   44.61%
   3020  1762   235656.1176   408   163709.0000   236736.3895   297170   44.61%
   3130  1869   205077.5545   296   163709.0000   236736.3895   303233   44.61%
Elapsed time = 21.07 sec. (54411.26 ticks, tree = 44.98 MB, solutions = 1)
   3171  1898   235195.4826   210   163709.0000   236728.2290   308769   44.60%
   3218  1935   234320.8454   292   163709.0000   236726.7032   314134   44.60%
   3266  1975   235379.6256   433   163709.0000   236726.5328   319697   44.60%
   3304  2007   231435.1834   277   163709.0000   236726.4635   325842   44.60%
   3341  2044   227550.8320   240   163709.0000   236726.4635   331789   44.60%
   3392  2089   231364.7494   273   163709.0000   236721.5503   338049   44.60%
   3435  2118   235804.9227   200   163709.0000   236707.3127   342638   44.59%
   3477  2152   233624.6754   455   163709.0000   236697.2016   349528   44.58%
   3525  2188   236190.9565   298   163709.0000   236692.1172   355144   44.58%
   3572  2227   236291.6508   220   163709.0000   236689.5000   360835   44.58%
Elapsed time = 24.50 sec. (64227.97 ticks, tree = 54.73 MB, solutions = 1)
   3590  2239   231453.4674   233   163709.0000   236689.5000   367111   44.58%
   3651  2300   224882.2314   202   163709.0000   236689.5000   372913   44.58%
   3710  2352   234005.9698   188   163709.0000   236684.2071   378417   44.58%
   3756  2390   235874.7117   396   163709.0000   236682.1748   384471   44.57%
   3811  2437   230926.5826   235   163709.0000   236677.8607   390601   44.57%
   3844  2466   233111.2500   214   163709.0000   236676.1699   396672   44.57%
   3903  2512   233821.8431   299   163709.0000   236670.0980   403081   44.57%
   3928  2527   236335.1667   276   163709.0000   236650.6844   408226   44.56%
   3964  2555   236323.3500   281   163709.0000   236649.4998   413916   44.55%
   4006  2588   235998.8444   318   163709.0000   236646.5095   419244   44.55%
Elapsed time = 27.91 sec. (74187.97 ticks, tree = 65.71 MB, solutions = 1)
   4069  2647   232781.5562   232   163709.0000   236639.1754   424242   44.55%
   4120  2692   231322.4964   222   163709.0000   236638.2905   430911   44.55%
   4172  2732   233496.9218   322   163709.0000   236635.7139   436786   44.55%
   4201  2753   235353.2231   446   163709.0000   236623.8542   441461   44.54%
   4283  2831   219591.0344   236   163709.0000   236617.8299   448096   44.54%
   4340  2880   232928.2820   267   163709.0000   236616.8295   453887   44.54%
   4381  2911   233316.9035   218   163709.0000   236610.8399   459639   44.53%
   4427  2947    infeasible         163709.0000   236604.8698   465828   44.53%
   4472  2985   233664.9797   252   163709.0000   236604.5474   471156   44.53%
   4512  3013   235385.9345   390   163709.0000   236603.4369   477294   44.53%
Elapsed time = 31.32 sec. (83978.15 ticks, tree = 74.06 MB, solutions = 1)
   4535  3032   231661.7022   279   163709.0000   236603.0956   482780   44.53%
   4629  3121   230778.4103   304   163709.0000   236602.6949   488472   44.53%
   4721  3201    infeasible         163709.0000   236600.4568   494502   44.53%
   4751  3223   234378.5163   333   163709.0000   236595.9700   500053   44.52%
   4786  3246   233931.4435   258   163709.0000   236592.0918   505634   44.52%
   4837  3283   236217.8049   370   163709.0000   236589.3444   510860   44.52%
   4887  3333   228086.3589   447   163709.0000   236589.3444   516005   44.52%
   4923  3355   235367.2943   206   163709.0000   236584.9108   522650   44.52%
   4961  3385   231067.1608   213   163709.0000   236584.4366   528399   44.52%
   5141  3520   229364.4851   289   163709.0000   236566.6847   553052   44.50%
Elapsed time = 35.68 sec. (96662.25 ticks, tree = 88.84 MB, solutions = 1)
   5299  3640    infeasible         163709.0000   236545.0979   576714   44.49%
   5439  3742   231029.3830   357   163709.0000   236534.6176   599206   44.48%
   5558  3813    infeasible         163709.0000   236522.7893   621527   44.48%
   5726  3955   231664.5323   320   163709.0000   236508.8663   644053   44.47%
   5874  4059   235900.1007   183   163709.0000   236502.1834   667614   44.46%
   6119  4273   235645.0000   277   163709.0000   236499.1694   689909   44.46%
   6277  4391   233102.6538   298   163709.0000   236491.4288   712454   44.46%
   6490  4569    infeasible         163709.0000   236484.6667   735476   44.45%
   6662  4707   233734.1672   282   163709.0000   236465.3245   758483   44.44%
   6884  4901   235954.5000   172   163709.0000   236457.3196   780755   44.44%
Elapsed time = 50.61 sec. (135169.07 ticks, tree = 129.08 MB, solutions = 1)
   7046  5042   233584.0459   376   163709.0000   236441.5455   802000   44.43%
   7277  5230    infeasible         163709.0000   236435.7621   827613   44.42%
   7453  5379   227110.5472   237   163709.0000   236432.3732   851541   44.42%
   7591  5486   235138.8853   302   163709.0000   236426.5350   873913   44.42%
   7778  5637   234183.0437   210   163709.0000   236419.4240   897153   44.41%
   7976  5801   231563.1321   194   163709.0000   236409.5691   920182   44.41%
   8097  5880   231964.2005   270   163709.0000   236404.7724   944786   44.41%
   8285  6037   232730.9900   274   163709.0000   236395.8903   967209   44.40%
   8491  6215   231389.0233   272   163709.0000   236392.7237   988411   44.40%
   8725  6417   232383.7176   366   163709.0000   236386.8194  1009920   44.39%
Elapsed time = 63.84 sec. (173557.80 ticks, tree = 165.62 MB, solutions = 1)
   8933  6591   233441.3381   245   163709.0000   236380.5456  1030600   44.39%
   9112  6724   234446.8235   203   163709.0000   236370.7106  1052964   44.38%
*  9246+ 6824                       164727.0000   236364.4594            43.49%
*  9246+ 6824                       166553.0000   236364.4594            41.92%
   9246  6826   235371.3490   205   166553.0000   236364.4594  1069187   41.92%
*  9346+ 6902                       166674.0000   236363.1020            41.81%

Clique cuts applied:  15
Cover cuts applied:  8
Implied bound cuts applied:  74
Flow cuts applied:  6
Mixed integer rounding cuts applied:  210
Zero-half cuts applied:  168
Gomory fractional cuts applied:  18

Root node processing (before b&c):
  Real time             =    0.13 sec. (286.01 ticks)
Sequential b&c:
  Real time             =   68.87 sec. (187532.81 ticks)
                          ------------
Total (root+branch&cut) =   69.00 sec. (187818.83 ticks)
[CPLEX] Status: time limit exceeded
[CPLEX] OPTIMAL OBJ: 166674.0
[CPLEX] Runtime: 69.009 sec
Vehicle 0: d → 1 → 22 → 27 → 3 → 10 → 7 → 8 → 21 → 14 → 28 → 4 → 19 → 23 → 25 → 6 → 0 → 11 → 29 → d, (requests = [1, 6, 8, 15, 24, 27])
Vehicle 1: d → 5 → 2 → 22 → 27 → 17 → 21 → 14 → 28 → 24 → 4 → 19 → 26 → 13 → 25 → 29 → 15 → 6 → 12 → 20 → 18 → d, (requests = [0, 2, 4, 14, 19, 21, 25, 28, 30])
Vehicle 2: d → 16 → 30 → 20 → 12 → 6 → 25 → 23 → 26 → 19 → 4 → 28 → 14 → 21 → 8 → d, (requests = [5, 11, 12, 29])
Vehicle 3: d, (requests = [])
Vehicle 4: d → 11 → 0 → 12 → 6 → 25 → 13 → 26 → 19 → 4 → 24 → 9 → 14 → 21 → 17 → 7 → 10 → 27 → 22 → 2 → d, (requests = [7, 16, 18, 22, 23, 32])
Vehicle 5: d → 22 → 27 → 3 → 7 → 21 → 14 → 9 → 24 → 4 → 19 → 23 → 25 → 6 → 12 → 20 → 18 → 16 → d, (requests = [3, 9, 10, 13, 17])
======== PPDSP OBJECTIVE ========
Profit    = 207590
Cost      = 40916
Objective = 166674
=================================
===== RAW XY MODEL =====
12 55 107 148 193 233 278 328 382 477 632 687 732 762 807 868 901 960 994 1111 1172 1187 1229 1429 1466 1501 1511 1590 1632 1659 1683 1711 1756 1797 1854 1870 1906 1945 1968 2022 2353 2414 2484 2587 2666 2739 2809 2849 2877 2959 3020 3048 3107 3177 3205 4457 4540 4597 4662 4679 4747 4792 4797 4835 4887 4914 4996 5057 5134 5151 5222 5258 5296 5331 5448 5689 5733 5790 5831 5898 5990 6043 6129 6178 6217 6244 6272 6317 6347 6358 6392 6453 6600 2050 2051 2054 6613 2184 3226 2187 5476 2191 6619 6620 3297 3300 6623 3305 3307 5485 6627 5487 4426 4434 5491 5492 5556 5562 5571 5577 5583 6704 6719
  [Time Manager] Step 37 consumed 69.01s. Total Consumed: 1258.69s.
  [Info] Saved 6732 core assumption literals to p1_A-n32-k5_r35v6k3.lp.asm

[38/60] Building & Solving: R=36, V=6, K=3
Default row names c1, c2 ... being created.
  [Info] Generating MIP Formulation...
  [Time Manager] Global Remaining Budget: 2341.31s | Future Weight Sum: 26481.0
  [Time Manager] Recalibrated Budget for this step: 70.02s
[CPLEX] Setting time limit to 70 seconds
[CPLEX] Reading assumption from p1_A-n32-k5_r35v6k3.lp.asm ...
[CPLEX] Applying MIP Start with 6354 variables.
Version identifier: 22.1.1.0 | 2022-11-28 | 9160aff4d
CPXPARAM_Read_DataCheck                          1
CPXPARAM_Threads                                 1
CPXPARAM_TimeLimit                               70
1 of 1 MIP starts provided solutions.
MIP start 'm1' defined initial solution with objective 166674.0000.
Tried aggregator 1 time.
MIP Presolve eliminated 30 rows and 5118 columns.
MIP Presolve modified 3408 coefficients.
Reduced MIP has 3390 rows, 1620 columns, and 16584 nonzeros.
Reduced MIP has 1248 binaries, 372 generals, 0 SOSs, and 0 indicators.
Presolve time = 0.00 sec. (10.27 ticks)
Probing time = 0.00 sec. (2.74 ticks)
Tried aggregator 1 time.
Detecting symmetries...
Reduced MIP has 3390 rows, 1620 columns, and 16584 nonzeros.
Reduced MIP has 1248 binaries, 372 generals, 0 SOSs, and 0 indicators.
Presolve time = 0.01 sec. (10.72 ticks)
Probing time = 0.00 sec. (2.72 ticks)
Clique table members: 696.
MIP emphasis: balance optimality and feasibility.
MIP search method: dynamic search.
Parallel mode: none, using 1 thread.
Root relaxation solution time = 0.01 sec. (19.34 ticks)

        Nodes                                         Cuts/
   Node  Left     Objective  IInf  Best Integer    Best Bound    ItCnt     Gap

*     0+    0                       166674.0000  1512510.0000           807.47%
      0     0   245597.0000   141   166674.0000   245597.0000      659   47.35%
      0     0   245597.0000   197   166674.0000     Cuts: 208      737   47.35%
      0     0   245597.0000   198   166674.0000      Cuts: 48      740   47.35%
      0     2   245597.0000   198   166674.0000   245597.0000      740   47.35%
Elapsed time = 0.16 sec. (370.17 ticks, tree = 0.01 MB, solutions = 1)
     10    12   244223.4654   271   166674.0000   245430.5670     3401   47.25%
     20    22   244001.6811   240   166674.0000   245430.5670     5448   47.25%
     52    45   245308.3720   234   166674.0000   245430.1075     7327   47.25%
     65    58   244603.3436   105   166674.0000   245430.1075     8406   47.25%
     92    81    infeasible         166674.0000   245430.1075    10430   47.25%
    119   104   244743.2165   254   166674.0000   245265.0081    12272   47.15%
    170   147   241965.2080   166   166674.0000   245240.1377    14079   47.14%
    211   174   241194.0064   198   166674.0000   245181.9462    16116   47.10%
    264   217   244674.1503   174   166674.0000   245095.5355    17956   47.05%
    453   365   243206.2031   129   166674.0000   245034.4229    26021   47.01%
Elapsed time = 1.33 sec. (3646.04 ticks, tree = 10.09 MB, solutions = 1)
    678   513   244228.8662   256   166674.0000   244889.5926    34491   46.93%
    865   673   243447.5292   128   166674.0000   244873.3038    42737   46.92%

Performing restart 1

Repeating presolve.
Tried aggregator 1 time.
MIP Presolve modified 150 coefficients.
Reduced MIP has 3390 rows, 1620 columns, and 16584 nonzeros.
Reduced MIP has 1248 binaries, 372 generals, 0 SOSs, and 0 indicators.
Presolve time = 0.00 sec. (9.79 ticks)
Tried aggregator 1 time.
Reduced MIP has 3390 rows, 1620 columns, and 16584 nonzeros.
Reduced MIP has 1248 binaries, 372 generals, 0 SOSs, and 0 indicators.
Presolve time = 0.01 sec. (11.15 ticks)
Represolve time = 0.02 sec. (28.95 ticks)
   1008     0   245597.0000   199   166674.0000     Cuts: 106    52021   46.90%
   1008     0   245371.1667   207   166674.0000      Cuts: 55    52473   46.90%
   1008     0   245114.5829   281   166674.0000     Cuts: 235    52626   46.90%
   1008     0   244877.0000   183   166674.0000      Cuts: 80    52677   46.90%
   1008     0   244877.0000   199   166674.0000     Cuts: 114    52696   46.90%
   1008     0   244877.0000   200   166674.0000     Cuts: 104    52703   46.90%
   1008     0   244877.0000   202   166674.0000      Cuts: 87    52708   46.90%
   1008     0   244877.0000   206   166674.0000     Cuts: 100    52721   46.90%
   1008     2   244877.0000   206   166674.0000   244841.7121    52721   46.90%
   1011     5   244614.1064   260   166674.0000   244758.0000    54067   46.85%
   1015     9   244246.3959   290   166674.0000   244758.0000    57371   46.85%
   1020    14   243572.8622   299   166674.0000   244758.0000    59906   46.85%
   1029    23   240592.3994   245   166674.0000   244758.0000    63647   46.85%
   1048    40   238522.5176   237   166674.0000   244758.0000    67451   46.85%
   1071    58   242926.5451   286   166674.0000   244613.3295    72985   46.76%
   1089    75   240738.5428   401   166674.0000   244613.3295    77039   46.76%
Elapsed time = 7.88 sec. (16290.34 ticks, tree = 1.07 MB, solutions = 1)
   1108    94   236851.2183   320   166674.0000   244613.3295    82022   46.76%
   1171   149   244339.6000   216   166674.0000   244609.0028    87193   46.76%
   1213   185   244154.0000   144   166674.0000   244566.0000    91642   46.73%
   1303   266   244027.1786   336   166674.0000   244494.3163    95962   46.69%
   1351   310   243016.3878   229   166674.0000   244434.6765   100949   46.65%
   1403   351   242980.6250   333   166674.0000   244407.4096   107414   46.64%
   1451   395   244045.6303   179   166674.0000   244368.2575   112207   46.61%
   1496   428   242704.9174   339   166674.0000   244337.6000   116889   46.60%
   1557   475   244041.1298   300   166674.0000   244296.7896   123426   46.57%
   1608   520   243776.0257   222   166674.0000   244271.2618   128689   46.56%
Elapsed time = 11.57 sec. (26277.98 ticks, tree = 11.12 MB, solutions = 1)
   1657   557   244101.4455    99   166674.0000   244247.7970   135218   46.54%
   1693   585   242867.6635   212   166674.0000   244233.8069   140954   46.53%
   1746   624   243559.6484   158   166674.0000   244184.8121   148083   46.50%
   1794   661   242780.9666   166   166674.0000   244154.0000   154836   46.49%
   1837   697    infeasible         166674.0000   244135.3954   159477   46.47%
   1897   749   242583.0277   320   166674.0000   244117.2550   164258   46.46%
   1969   810   241062.8926   215   166674.0000   244105.0000   170531   46.46%
   2044   881   225073.5351   327   166674.0000   244091.0677   175172   46.45%
   2111   942   240496.8203   231   166674.0000   244085.2241   180560   46.44%
   2181  1001    infeasible         166674.0000   244078.8719   187093   46.44%
Elapsed time = 14.95 sec. (35978.69 ticks, tree = 22.50 MB, solutions = 1)
   2221  1035   243238.5098   288   166674.0000   244061.6000   193362   46.43%
   2282  1083   239054.5739   226   166674.0000   244039.9149   199771   46.42%
   2353  1135   243236.4773   322   166674.0000   244029.6425   206182   46.41%
   2427  1201   243944.7119   381   166674.0000   244014.3182   212159   46.40%
   2469  1237   240420.0463   221   166674.0000   244014.1369   218870   46.40%
   2527  1285   243472.5990   264   166674.0000   244013.0191   224910   46.40%
   2577  1321   242683.5001   229   166674.0000   243974.6500   231053   46.38%
   2661  1395    infeasible         166674.0000   243960.6743   237841   46.37%
   2713  1427    infeasible         166674.0000   243952.0445   244189   46.36%
   2773  1479   240614.9082   259   166674.0000   243936.1250   249636   46.36%
Elapsed time = 18.16 sec. (45629.95 ticks, tree = 36.93 MB, solutions = 1)
   2879  1572   236091.2360   232   166674.0000   243902.2035   256270   46.33%
   2924  1609   240061.0017   232   166674.0000   243901.8471   262739   46.33%
   2966  1633   242811.2621   302   166674.0000   243900.4851   269039   46.33%
   3011  1670   241318.7831   242   166674.0000   243894.4063   275575   46.33%
   3066  1719   234662.8333   316   166674.0000   243883.6146   280241   46.32%
   3171  1815   242557.4027   223   166674.0000   243878.4543   286647   46.32%
   3237  1869    infeasible         166674.0000   243875.6654   293757   46.32%
   3288  1908   242810.2753   251   166674.0000   243865.2714   299305   46.31%
   3379  1995   241436.6614   198   166674.0000   243862.4692   303660   46.31%
   3419  2027   240848.7764   306   166674.0000   243858.8292   310173   46.31%
Elapsed time = 21.54 sec. (55394.36 ticks, tree = 50.57 MB, solutions = 1)
   3475  2066   243312.3499   256   166674.0000   243855.8015   315681   46.31%
   3517  2102   242282.6745   411   166674.0000   243852.4318   320795   46.31%
   3572  2147    infeasible         166674.0000   243846.6312   327002   46.30%
   3592  2163   242212.4200   425   166674.0000   243829.9715   332360   46.29%
   3685  2252   243270.1472   194   166674.0000   243822.7925   338285   46.29%
   3731  2290   237886.8845   239   166674.0000   243802.5446   343307   46.28%
   3776  2329   240127.7559   374   166674.0000   243802.0072   347775   46.27%
   3826  2363    infeasible         166674.0000   243791.8176   354368   46.27%
   3895  2428   242223.6194   359   166674.0000   243778.7262   359844   46.26%
   3922  2441   243378.8669   426   166674.0000   243768.1245   365404   46.25%
Elapsed time = 24.92 sec. (65300.82 ticks, tree = 59.08 MB, solutions = 1)
   3990  2487   242963.7901   207   166674.0000   243764.0000   371344   46.25%
   4020  2507   243325.0352   247   166674.0000   243759.1150   376370   46.25%
   4055  2528   240957.0606   281   166674.0000   243757.4259   381774   46.25%
   4118  2581   240658.9892   249   166674.0000   243743.8000   388222   46.24%
   4195  2642    infeasible         166674.0000   243733.4887   393655   46.23%
   4228  2660   242466.2772   303   166674.0000   243716.1116   399340   46.22%
   4278  2696   237520.0572   261   166674.0000   243704.3013   404997   46.22%
   4378  2784   242940.1739   182   166674.0000   243694.9600   411152   46.21%
   4497  2895   242712.7214   273   166674.0000   243685.5822   416950   46.20%
   4543  2935   238562.8447   261   166674.0000   243684.6379   422964   46.20%
Elapsed time = 28.28 sec. (75033.74 ticks, tree = 73.84 MB, solutions = 1)
   4577  2957   240231.1387   160   166674.0000   243683.9611   428742   46.20%
   4622  2988   239092.1841   221   166674.0000   243680.7662   434186   46.20%
   4638  2992   242693.5343   214   166674.0000   243677.7408   440052   46.20%
   4675  3009    infeasible         166674.0000   243674.0190   446940   46.20%
   4750  3074   242883.7000   294   166674.0000   243666.0532   452057   46.19%
   4800  3114   240212.2019   190   166674.0000   243659.8551   457555   46.19%
   4852  3156   232278.4227   334   166674.0000   243659.5000   463148   46.19%
   4892  3180   242468.8489   299   166674.0000   243654.0388   469322   46.19%
   4941  3212    infeasible         166674.0000   243646.6813   475364   46.18%
   4985  3250   240452.2179   290   166674.0000   243638.5000   480716   46.18%
Elapsed time = 31.84 sec. (84865.62 ticks, tree = 82.56 MB, solutions = 1)
   5023  3278   241953.3371   314   166674.0000   243634.3067   485590   46.17%
   5086  3325    infeasible         166674.0000   243632.4545   492710   46.17%
   5127  3351    infeasible         166674.0000   243627.1716   499362   46.17%
   5188  3395   243119.2394   240   166674.0000   243604.2289   504572   46.16%
   5226  3415    infeasible         166674.0000   243596.6667   510651   46.15%
   5286  3469   242775.0900   216   166674.0000   243592.3252   515609   46.15%
   5333  3500   242965.8960   308   166674.0000   243584.8820   522772   46.14%
   5382  3539   243197.3615   210   166674.0000   243581.7643   529734   46.14%
   5411  3551   241409.5000   209   166674.0000   243576.7976   536180   46.14%
   5559  3646   243038.1519   156   166674.0000   243544.6504   559121   46.12%
Elapsed time = 36.39 sec. (97762.17 ticks, tree = 93.14 MB, solutions = 1)
   5706  3748    infeasible         166674.0000   243528.8496   580271   46.11%
   5926  3916   240611.3749   267   166674.0000   243517.0000   602979   46.10%
   6148  4075   236408.6176   273   166674.0000   243504.3884   625557   46.10%
   6293  4183   240820.8519   253   166674.0000   243494.0315   649315   46.09%
   6474  4329   242035.4155   366   166674.0000   243482.9163   671103   46.08%
   6629  4442   243008.8400   257   166674.0000   243472.8750   692304   46.08%
   6802  4579   236927.0870   302   166674.0000   243470.7437   715726   46.08%
   7006  4734    infeasible         166674.0000   243464.7315   737934   46.07%
   7208  4898   230022.6855   306   166674.0000   243453.8505   760147   46.07%
   7360  4994   240727.3742   180   166674.0000   243443.7651   782169   46.06%
Elapsed time = 51.97 sec. (136010.06 ticks, tree = 132.80 MB, solutions = 1)
   7527  5091   242914.6500   258   166674.0000   243428.0000   804352   46.05%
   7683  5213   242425.5727   310   166674.0000   243425.8228   826465   46.05%
   7889  5367   240506.8511   450   166674.0000   243419.1055   849919   46.05%
   8145  5596   237543.8679   280   166674.0000   243412.5327   872747   46.04%
   8327  5740    infeasible         166674.0000   243402.6402   894879   46.04%
   8536  5921   240095.1500   200   166674.0000   243390.8042   916234   46.03%
   8753  6094   239387.7445   219   166674.0000   243371.9535   939029   46.02%
   8956  6256   223820.5500   241   166674.0000   243366.0734   960514   46.01%
   9181  6437   242739.6812   340   166674.0000   243359.3284   983413   46.01%
   9406  6613   242762.5239   270   166674.0000   243354.5622  1005960   46.01%
Elapsed time = 65.06 sec. (174241.51 ticks, tree = 168.69 MB, solutions = 1)
   9565  6728   237923.6137   314   166674.0000   243346.4816  1024660   46.00%
   9746  6885   232738.7333   464   166674.0000   243344.0625  1043980   46.00%
*  9908+ 7026                       173025.0000   243342.3156            40.64%
*  9908+ 7026                       173068.0000   243342.3156            40.61%
  10006  7101   240119.0000   203   173068.0000   243341.5000  1064540   40.60%

GUB cover cuts applied:  1
Clique cuts applied:  19
Cover cuts applied:  29
Implied bound cuts applied:  57
Flow cuts applied:  6
Mixed integer rounding cuts applied:  240
Zero-half cuts applied:  111
Gomory fractional cuts applied:  20

Root node processing (before b&c):
  Real time             =    0.16 sec. (370.44 ticks)
Sequential b&c:
  Real time             =   69.84 sec. (187277.49 ticks)
                          ------------
Total (root+branch&cut) =   70.00 sec. (187647.94 ticks)
[CPLEX] Status: time limit exceeded
[CPLEX] OPTIMAL OBJ: 173068.0
[CPLEX] Runtime: 70.009 sec
Vehicle 0: d → 1 → 22 → 27 → 3 → 10 → 7 → 8 → 21 → 14 → 28 → 4 → 19 → 23 → 25 → 6 → 0 → 11 → 29 → d, (requests = [1, 6, 8, 15, 24, 27])
Vehicle 1: d → 5 → 2 → 22 → 27 → 17 → 21 → 14 → 28 → 24 → 4 → 19 → 26 → 13 → 25 → 29 → 15 → 6 → 12 → 20 → 18 → d, (requests = [0, 2, 4, 14, 19, 21, 25, 28, 30])
Vehicle 2: d → 16 → 30 → 20 → 12 → 6 → 25 → 23 → 26 → 19 → 4 → 28 → 14 → 21 → 17 → 8 → d, (requests = [5, 11, 12, 29, 35])
Vehicle 3: d, (requests = [])
Vehicle 4: d → 11 → 0 → 12 → 6 → 25 → 13 → 26 → 19 → 4 → 24 → 9 → 14 → 21 → 17 → 7 → 10 → 27 → 22 → 2 → d, (requests = [7, 16, 18, 22, 23, 32])
Vehicle 5: d → 22 → 27 → 3 → 7 → 21 → 14 → 9 → 24 → 4 → 19 → 23 → 25 → 6 → 12 → 20 → 18 → 16 → d, (requests = [3, 9, 10, 13, 17])
======== PPDSP OBJECTIVE ========
Profit    = 214560
Cost      = 41492
Objective = 173068
=================================
===== RAW XY MODEL =====
12 55 107 148 193 233 278 328 382 477 632 687 732 762 807 868 901 960 994 1111 1172 1187 1229 1429 1466 1501 1511 1590 1632 1659 1683 1711 1756 1797 1854 1870 1906 1945 1968 2022 2353 2414 2484 2587 2666 2739 2749 2809 2849 2886 2959 3020 3048 3107 3177 3205 4457 4540 4597 4662 4679 4747 4792 4797 4835 4887 4914 4996 5057 5134 5151 5222 5258 5296 5331 5448 5689 5733 5790 5831 5898 5990 6043 6129 6178 6217 6244 6272 6317 6347 6358 6392 6453 6600 2050 2051 2054 6613 2184 3226 2187 5476 2191 6619 6620 3297 3300 6623 3305 3307 5485 6627 5487 4426 4434 5491 5492 5556 5562 5571 5577 5583 6704 6719 6735
  [Time Manager] Step 38 consumed 70.01s. Total Consumed: 1328.70s.
  [Info] Saved 6738 core assumption literals to p1_A-n32-k5_r36v6k3.lp.asm

[39/60] Building & Solving: R=36, V=7, K=3
Default row names c1, c2 ... being created.
  [Info] Generating MIP Formulation...
  [Time Manager] Global Remaining Budget: 2271.30s | Future Weight Sum: 25689.0
  [Time Manager] Recalibrated Budget for this step: 81.70s
[CPLEX] Setting time limit to 81 seconds
[CPLEX] Reading assumption from p1_A-n32-k5_r36v6k3.lp.asm ...
[CPLEX] Applying MIP Start with 6360 variables.
Version identifier: 22.1.1.0 | 2022-11-28 | 9160aff4d
CPXPARAM_Read_DataCheck                          1
CPXPARAM_Threads                                 1
CPXPARAM_TimeLimit                               81
1 of 1 MIP starts provided solutions.
MIP start 'm1' defined initial solution with objective 189238.0000.
Tried aggregator 1 time.
MIP Presolve eliminated 35 rows and 5971 columns.
MIP Presolve modified 3982 coefficients.
Reduced MIP has 3949 rows, 1890 columns, and 19348 nonzeros.
Reduced MIP has 1456 binaries, 434 generals, 0 SOSs, and 0 indicators.
Presolve time = 0.01 sec. (11.96 ticks)
Probing time = 0.00 sec. (2.81 ticks)
Tried aggregator 1 time.
Detecting symmetries...
Reduced MIP has 3949 rows, 1890 columns, and 19348 nonzeros.
Reduced MIP has 1456 binaries, 434 generals, 0 SOSs, and 0 indicators.
Presolve time = 0.01 sec. (12.75 ticks)
Probing time = 0.00 sec. (2.78 ticks)
Clique table members: 806.
MIP emphasis: balance optimality and feasibility.
MIP search method: dynamic search.
Parallel mode: none, using 1 thread.
Root relaxation solution time = 0.01 sec. (21.35 ticks)

        Nodes                                         Cuts/
   Node  Left     Objective  IInf  Best Integer    Best Bound    ItCnt     Gap

*     0+    0                       189238.0000  1764595.0000           832.47%
      0     0   245597.0000   144   189238.0000   245597.0000      788   29.78%
      0     0   245560.0000   210   189238.0000     Cuts: 204      988   29.76%
      0     0   245505.4261   206   189238.0000      Cuts: 76     1065   29.73%
      0     0   245353.9126   304   189238.0000      Cuts: 50     1334   29.65%
      0     0   245226.8676   325   189238.0000     Cuts: 153     1434   29.59%
      0     0   244952.5000   220   189238.0000      Cuts: 95     1529   29.44%
      0     0   244877.0000   165   189238.0000      Cuts: 16     1591   29.40%
      0     0   244877.0000   196   189238.0000     Cuts: 123     1626   29.40%
      0     0   244876.2735   325   189238.0000  ZeroHalf: 49     1648   29.40%
      0     2   244876.2735   325   189238.0000   244875.6714     1648   29.40%
Elapsed time = 0.35 sec. (737.77 ticks, tree = 0.01 MB, solutions = 1)
      7     9   244254.1600   243   189238.0000   244733.6684     3643   29.33%
     17    19   243216.1749   252   189238.0000   244733.6684     6001   29.33%
     37    39   242108.1801   137   189238.0000   244733.6684     8558   29.33%
     77    66   244665.1216   313   189238.0000   244732.2230    11071   29.33%
     83    72   243781.4845   213   189238.0000   244732.2230    13158   29.33%
     93    82   242746.0389   196   189238.0000   244732.2230    15561   29.33%
    120   107   241589.8943   134   189238.0000   244732.2230    17044   29.33%
    161   133   243675.5517   251   189238.0000   244652.2672    18620   29.28%
    175   147   242494.6901   135   189238.0000   244652.2672    20209   29.28%
    260   215   242233.7597   154   189238.0000   244637.6560    25752   29.28%
Elapsed time = 3.50 sec. (3966.60 ticks, tree = 2.53 MB, solutions = 1)
    322   255   240744.7889   147   189238.0000   244637.6466    32791   29.28%
    404   316   242720.9670   118   189238.0000   244600.8216    40899   29.26%
    509   395   244008.9893   162   189238.0000   244556.0430    49495   29.23%
    600   463   243993.5526   236   189238.0000   244483.9169    55368   29.19%
    720   557   244079.0745   119   189238.0000   244395.1750    62004   29.15%
    847   664   243474.1330   229   189238.0000   244369.6924    68702   29.13%
    965   757   242868.8619   248   189238.0000   244352.3050    75286   29.12%

Performing restart 1

Repeating presolve.
Tried aggregator 1 time.
MIP Presolve modified 175 coefficients.
Reduced MIP has 3949 rows, 1890 columns, and 19348 nonzeros.
Reduced MIP has 1456 binaries, 434 generals, 0 SOSs, and 0 indicators.
Presolve time = 0.01 sec. (11.31 ticks)
Tried aggregator 1 time.
Reduced MIP has 3949 rows, 1890 columns, and 19348 nonzeros.
Reduced MIP has 1456 binaries, 434 generals, 0 SOSs, and 0 indicators.
Presolve time = 0.01 sec. (13.25 ticks)
Represolve time = 0.02 sec. (36.37 ticks)
    996     0   244818.5106   318   189238.0000     Cuts: 138    78249   29.12%
    996     0   244770.5417   313   189238.0000     Cuts: 125    78379   29.12%
    996     0   244668.2886   223   189238.0000      Cuts: 84    78625   29.12%
    996     0   244641.1383   235   189238.0000     Cuts: 138    78728   29.12%
    996     0   244617.8095   235   189238.0000     Cuts: 153    78857   29.12%
    996     0   244607.8961   222   189238.0000     Cuts: 106    78931   29.12%
    996     0   244575.1385   376   189238.0000      Cuts: 56    79117   29.12%
    996     0   244563.3288   373   189238.0000     Cuts: 178    79160   29.12%
    996     0   244516.2865   242   189238.0000     Cuts: 102    79294   29.12%
    996     0   244508.5835   264   189238.0000     Cuts: 114    79380   29.12%
    996     2   244508.5835   250   189238.0000   244347.7999    79380   29.12%
   1000     6   244375.7666   253   189238.0000   244347.7999    80820   29.12%
   1002     8   244233.9505   382   189238.0000   244347.7999    82039   29.12%
Elapsed time = 8.93 sec. (18140.67 ticks, tree = 0.08 MB, solutions = 1)
   1004    10   244203.0556   447   189238.0000   244347.7999    85028   29.12%
   1006    12   244133.4099   321   189238.0000   244347.7999    86745   29.12%
   1009    15   243997.3127   406   189238.0000   244347.7999    88965   29.12%
   1013    19   243681.1216   121   189238.0000   244347.7999    90902   29.12%
   1018    24   243470.6136   486   189238.0000   244347.7999    91499   29.12%
   1021    27   242058.6980   353   189238.0000   244347.7999    94074   29.12%
   1026    32   241970.8292   263   189238.0000   244347.7999    94943   29.12%
   1033    37   241557.8558   181   189238.0000   244347.7999    97588   29.12%
   1039    43   241462.0369   257   189238.0000   244347.7999    99926   29.12%
   1050    50    infeasible         189238.0000   244347.7999   103949   29.12%
Elapsed time = 12.92 sec. (30369.42 ticks, tree = 0.19 MB, solutions = 1)
   1058    54   244267.4894   237   189238.0000   244267.4894   105386   29.08%
   1063    59   243342.8525    86   189238.0000   244254.9286   107284   29.07%
   1068    64   243021.4176   212   189238.0000   244254.9286   110431   29.07%
   1076    71   241548.7313   192   189238.0000   244254.9286   113068   29.07%
   1090    85   239628.9708   183   189238.0000   244254.9286   115105   29.07%
   1106    97   244070.1227   396   189238.0000   244232.8257   117003   29.06%
   1117   108   243065.8096   409   189238.0000   244232.8257   117982   29.06%
   1134   124   238724.0050   335   189238.0000   244232.8257   120567   29.06%
   1150   132   243108.4405   379   189238.0000   244230.1146   122804   29.06%
   1175   157   241421.2979   319   189238.0000   244230.1146   125406   29.06%
Elapsed time = 16.44 sec. (40591.26 ticks, tree = 2.33 MB, solutions = 1)
   1206   186   238078.4207   200   189238.0000   244230.1146   128699   29.06%
   1236   209   242624.6858   528   189238.0000   244203.0410   130856   29.05%
   1266   234   243072.3272   226   189238.0000   244168.6664   135454   29.03%
   1288   250   243311.1688   248   189238.0000   244162.9109   140008   29.02%
   1318   274   242414.6374   379   189238.0000   244130.5705   144505   29.01%
   1338   290   243080.7400   509   189238.0000   244128.1292   147741   29.01%
   1358   310   239493.9391   310   189238.0000   244128.1292   151995   29.01%
   1389   337   237675.6111   289   189238.0000   244113.5212   157434   29.00%
   1405   349   243007.3905   336   189238.0000   244080.9958   162508   28.98%
   1431   371   239475.9906   187   189238.0000   244069.4145   166677   28.97%
Elapsed time = 19.94 sec. (50625.79 ticks, tree = 7.99 MB, solutions = 1)
   1451   387   243353.2500   386   189238.0000   244034.4737   170476   28.96%
   1478   410   241689.1696   367   189238.0000   244002.5588   175961   28.94%
   1499   429   237078.0029   327   189238.0000   244002.5588   178890   28.94%
   1546   468   242267.1990   141   189238.0000   243991.2653   184132   28.93%
   1564   486   241539.3306   122   189238.0000   243991.2653   189464   28.93%
   1592   506   243733.2610   174   189238.0000   243961.6784   194182   28.92%
   1613   526   239198.9055   252   189238.0000   243961.6784   196595   28.92%
   1644   549   241704.8651   342   189238.0000   243908.3988   203125   28.89%
   1678   583   237508.9907   241   189238.0000   243908.3988   207760   28.89%
   1716   615   242901.1738   429   189238.0000   243899.0644   213370   28.88%
Elapsed time = 23.27 sec. (60766.17 ticks, tree = 12.94 MB, solutions = 1)
   1752   644   243421.1000   235   189238.0000   243895.1229   218629   28.88%
   1780   662    infeasible         189238.0000   243894.6043   224100   28.88%
   1811   684   236520.9511   290   189238.0000   243893.9208   230270   28.88%
   1861   724   238112.2682   281   189238.0000   243890.0000   236458   28.88%
   1897   750    infeasible         189238.0000   243877.3755   242416   28.87%
   1922   773   237949.1245   337   189238.0000   243865.1528   247833   28.87%
   1962   806   242744.0000   437   189238.0000   243862.2459   253830   28.87%
   1985   821    infeasible         189238.0000   243854.7161   262464   28.86%
*  1996+  828                       189870.0000   243854.7161            28.43%
   2038   868    infeasible         189870.0000   243854.7161   267802   28.43%
   2073   898   239982.7823   363   189870.0000   243853.0000   273010   28.43%
Elapsed time = 27.02 sec. (71008.82 ticks, tree = 20.47 MB, solutions = 2)
   2128   953   233790.8404   336   189870.0000   243853.0000   277284   28.43%
   2185   998   243127.9438   285   189870.0000   243839.9929   282352   28.42%
   2217  1028   238538.0000   307   189870.0000   243839.9929   286898   28.42%
   2299  1102   227244.2068   207   189870.0000   243839.9929   292080   28.42%
   2346  1143   239785.4747   508   189870.0000   243831.1664   297899   28.42%
   2392  1185   231024.0867   343   189870.0000   243831.1664   302969   28.42%
   2433  1218   240637.4924   409   189870.0000   243815.4676   308223   28.41%
   2465  1244   241080.7469   194   189870.0000   243800.1318   313374   28.40%
   2476  1249   242307.5449   190   189870.0000   243797.7824   319319   28.40%
   2512  1279   239673.4615   256   189870.0000   243793.0402   324988   28.40%
Elapsed time = 30.39 sec. (80799.11 ticks, tree = 33.42 MB, solutions = 2)
   2565  1332   233643.4594   316   189870.0000   243793.0402   331135   28.40%
   2617  1370    infeasible         189870.0000   243779.0000   336821   28.39%
   2651  1398   243242.1176   171   189870.0000   243762.6250   342602   28.38%
   2686  1425   242251.2022   203   189870.0000   243736.0028   347869   28.37%
   2728  1457   243246.5000   453   189870.0000   243733.2547   353905   28.37%
   2767  1492   243027.5989   331   189870.0000   243731.4401   359202   28.37%
   2809  1530   242876.1569   213   189870.0000   243728.1111   365149   28.37%
   2841  1550   242910.4364   500   189870.0000   243714.1200   372078   28.36%
   2858  1563   241698.0000   368   189870.0000   243712.0397   378381   28.36%
   2901  1602   242547.6654   222   189870.0000   243707.8659   384481   28.36%
Elapsed time = 33.92 sec. (90688.04 ticks, tree = 42.94 MB, solutions = 2)
   2937  1630   241086.7085   193   189870.0000   243702.1590   389819   28.35%
   2962  1649   242514.1806   393   189870.0000   243691.4956   395718   28.35%
   3039  1723   234992.0000   208   189870.0000   243691.4956   401006   28.35%
   3073  1745   243190.4444   112   189870.0000   243669.6667   407055   28.34%
   3095  1761   243467.9194   230   189870.0000   243664.6338   412741   28.33%
   3128  1794   235422.0670   425   189870.0000   243664.6338   419031   28.33%
   3180  1844    infeasible         189870.0000   243664.6338   426077   28.33%
   3215  1868   240240.6918   226   189870.0000   243662.0718   432192   28.33%
   3277  1920   239763.6782   347   189870.0000   243661.3077   438482   28.33%
   3430  2045   240515.6508   317   189870.0000   243625.4031   462556   28.31%
Elapsed time = 39.92 sec. (103362.53 ticks, tree = 55.24 MB, solutions = 2)
   3564  2154   242124.1006   510   189870.0000   243608.2000   484984   28.30%
   3715  2279   243002.4261   636   189870.0000   243588.2401   507829   28.29%
   3833  2377   240206.9051   442   189870.0000   243566.5000   531489   28.28%
   3991  2502   238181.9100   200   189870.0000   243532.8279   555999   28.26%
   4127  2606   241339.7276   327   189870.0000   243510.8815   580878   28.25%
   4288  2745   239569.1305   201   189870.0000   243489.1308   603026   28.24%
   4452  2875   237412.3539   269   189870.0000   243467.3468   627842   28.23%
   4615  3007   242919.0875   537   189870.0000   243433.0000   651712   28.21%
   4855  3210   241938.3784   338   189870.0000   243421.5714   676881   28.20%
*  4996+ 3330                       190188.0000   243412.5980            27.99%
   5024  3360   230379.5617   291   190188.0000   243412.5980   701288   27.99%
Elapsed time = 53.22 sec. (141830.11 ticks, tree = 95.68 MB, solutions = 3)
   5173  3465   241658.9348   179   190188.0000   243398.6669   726969   27.98%
   5358  3615    infeasible         190188.0000   243380.7250   752304   27.97%
   5606  3830   236811.4654   274   190188.0000   243376.0774   775855   27.97%
   5787  3969   242988.8375   274   190188.0000   243361.0193   799336   27.96%
   5924  4074   242093.0524   227   190188.0000   243352.6786   820816   27.95%
   6064  4181   241650.8252   300   190188.0000   243332.5306   844135   27.94%
   6225  4309   239705.1179   458   190188.0000   243316.8204   867538   27.93%
   6379  4425   238266.4692   662   190188.0000   243303.6429   891819   27.93%
   6560  4582   242661.4560   239   190188.0000   243292.6556   916164   27.92%
   6788  4776   241290.6667   418   190188.0000   243287.5500   940815   27.92%
Elapsed time = 66.47 sec. (180266.59 ticks, tree = 142.85 MB, solutions = 3)
   6938  4895    infeasible         190188.0000   243279.9485   964519   27.92%
   7078  4999   240576.1007   281   190188.0000   243267.4667   988722   27.91%
   7221  5111   239236.5984   358   190188.0000   243258.0000  1012855   27.90%
   7387  5243   241476.2813   308   190188.0000   243255.0136  1037664   27.90%
   7509  5336   242778.1411   332   190188.0000   243246.5000  1061125   27.90%
   7647  5446   241841.4380   136   190188.0000   243242.4706  1085767   27.90%
   7789  5550   242676.6662   358   190188.0000   243232.9426  1109877   27.89%
*  7896+ 5623                       190333.0000   243222.1714            27.79%
   7896  5625   240973.6820   189   190333.0000   243222.1714  1132695   27.79%
*  7996+ 5707                       190779.0000   243216.0667            27.49%
   8045  5750   240681.5993   294   190779.0000   243213.5260  1156381   27.48%

GUB cover cuts applied:  3
Clique cuts applied:  4
Cover cuts applied:  20
Implied bound cuts applied:  52
Flow cuts applied:  9
Mixed integer rounding cuts applied:  170
Zero-half cuts applied:  106
Lift and project cuts applied:  1
Gomory fractional cuts applied:  8

Root node processing (before b&c):
  Real time             =    0.35 sec. (738.15 ticks)
Sequential b&c:
  Real time             =   80.65 sec. (216797.08 ticks)
                          ------------
Total (root+branch&cut) =   81.00 sec. (217535.23 ticks)
[CPLEX] Status: time limit exceeded
[CPLEX] OPTIMAL OBJ: 190779.0
[CPLEX] Runtime: 81.009 sec
Vehicle 0: d → 1 → 22 → 27 → 3 → 10 → 7 → 8 → 21 → 14 → 28 → 4 → 19 → 23 → 25 → 6 → 0 → 11 → 29 → d, (requests = [1, 6, 8, 15, 24, 27])
Vehicle 1: d → 5 → 2 → 22 → 27 → 17 → 21 → 14 → 28 → 24 → 4 → 19 → 26 → 13 → 25 → 29 → 15 → 6 → 12 → 20 → 18 → d, (requests = [0, 2, 4, 14, 19, 21, 25, 28, 30])
Vehicle 2: d → 16 → 30 → 20 → 12 → 6 → 25 → 23 → 26 → 19 → 4 → 28 → 14 → 21 → 8 → 17 → d, (requests = [5, 11, 12, 29, 35])
Vehicle 3: d, (requests = [])
Vehicle 4: d → 11 → 0 → 12 → 6 → 25 → 13 → 26 → 19 → 4 → 24 → 9 → 14 → 21 → 17 → 7 → 10 → 27 → 22 → 2 → d, (requests = [7, 16, 18, 22, 23, 32])
Vehicle 5: d → 22 → 27 → 3 → 7 → 21 → 14 → 9 → 24 → 4 → 19 → 23 → 25 → 6 → 12 → 20 → 18 → 16 → d, (requests = [3, 9, 10, 13, 17])
Vehicle 6: d → 30 → 20 → 12 → 6 → 25 → 23 → 19 → 4 → 28 → 14 → 21 → 7 → 27 → 22 → 5 → 1 → d, (requests = [20, 26, 31, 34])
======== PPDSP OBJECTIVE ========
Profit    = 241972
Cost      = 51193
Objective = 190779
=================================
===== RAW XY MODEL =====
12 55 107 148 193 233 278 328 382 477 632 687 732 762 807 868 901 960 994 1111 1172 1187 1229 1429 1466 1501 1511 1590 1632 1659 1683 1711 1756 1797 1854 1870 1906 1945 1968 2022 2353 2414 2470 2587 2666 2739 2772 2809 2849 2877 2959 3020 3048 3107 3177 3205 4457 4540 4597 4662 4679 4747 4792 4797 4835 4887 4914 4996 5057 5134 5151 5222 5258 5296 5331 5448 5689 5733 5790 5831 5898 5990 6043 6129 6178 6217 6244 6272 6317 6347 6358 6392 6453 6600 6802 6895 6900 6956 6990 7129 7208 7351 7391 7418 7448 7494 7562 7625 7649 7719 7761 2050 2051 2054 6613 2184 3226 2187 5476 2191 6619 6620 3297 3300 6623 3305 3307 5485 6627 5487 4426 7783 4434 5491 5492 5556 5562 7789 5571 5577 5583 6704 7794 6719 7797 6735
  [Time Manager] Step 39 consumed 81.01s. Total Consumed: 1409.71s.
  [Info] Saved 7798 core assumption literals to p1_A-n32-k5_r36v7k3.lp.asm

[40/60] Building & Solving: R=37, V=7, K=3
Default row names c1, c2 ... being created.
  [Info] Generating MIP Formulation...
  [Time Manager] Global Remaining Budget: 2190.29s | Future Weight Sum: 24765.0
  [Time Manager] Recalibrated Budget for this step: 82.34s
[CPLEX] Setting time limit to 82 seconds
[CPLEX] Reading assumption from p1_A-n32-k5_r36v7k3.lp.asm ...
[CPLEX] Applying MIP Start with 7420 variables.
Version identifier: 22.1.1.0 | 2022-11-28 | 9160aff4d
CPXPARAM_Read_DataCheck                          1
CPXPARAM_Threads                                 1
CPXPARAM_TimeLimit                               82
1 of 1 MIP starts provided solutions.
MIP start 'm1' defined initial solution with objective 196939.0000.
Tried aggregator 1 time.
MIP Presolve eliminated 35 rows and 5971 columns.
MIP Presolve modified 3982 coefficients.
Reduced MIP has 3971 rows, 1897 columns, and 19551 nonzeros.
Reduced MIP has 1463 binaries, 434 generals, 0 SOSs, and 0 indicators.
Presolve time = 0.00 sec. (12.05 ticks)
Probing time = 0.00 sec. (2.82 ticks)
Tried aggregator 1 time.
Detecting symmetries...
Reduced MIP has 3971 rows, 1897 columns, and 19551 nonzeros.
Reduced MIP has 1463 binaries, 434 generals, 0 SOSs, and 0 indicators.
Presolve time = 0.01 sec. (12.86 ticks)
Probing time = 0.00 sec. (2.78 ticks)
Clique table members: 807.
MIP emphasis: balance optimality and feasibility.
MIP search method: dynamic search.
Parallel mode: none, using 1 thread.
Root relaxation solution time = 0.02 sec. (30.29 ticks)

        Nodes                                         Cuts/
   Node  Left     Objective  IInf  Best Integer    Best Bound    ItCnt     Gap

*     0+    0                       196939.0000  1807715.0000           817.91%
      0     0   251757.0000   147   196939.0000   251757.0000      822   27.84%
      0     0   251727.4302   211   196939.0000     Cuts: 209      971   27.82%
      0     0   251633.5840   216   196939.0000      Cuts: 76     1087   27.77%
      0     0   251624.7609   206   196939.0000      Cuts: 99     1127   27.77%
      0     0   251494.3364   191   196939.0000      Cuts: 52     1426   27.70%
      0     0   251353.4706   206   196939.0000     Cuts: 137     1510   27.63%
      0     0   251037.0000   168   196939.0000      Cuts: 36     1695   27.47%
      0     0   251037.0000   199   196939.0000     Cuts: 122     1730   27.47%
      0     0   251013.2436   241   196939.0000  ZeroHalf: 45     1877   27.46%
      0     0   250969.7500   226   196939.0000     Cuts: 101     1933   27.44%
      0     0   250879.5000   252   196939.0000      Cuts: 68     2010   27.39%
      0     0   250841.1667   260   196939.0000      Cuts: 61     2079   27.37%
      0     0   250800.5000   263   196939.0000      Cuts: 55     2152   27.35%
      0     0   250746.9514   266   196939.0000      Cuts: 51     2249   27.32%
      0     0   250718.4640   252   196939.0000     Cuts: 116     2346   27.31%
      0     0   250660.2344   264   196939.0000      Cuts: 60     2560   27.28%
      0     0   250632.6071   245   196939.0000      Cuts: 94     2697   27.26%
      0     0   250587.0278   242   196939.0000      Cuts: 63     2855   27.24%
      0     0   250577.7213   241   196939.0000      Cuts: 67     2950   27.24%
      0     2   250577.7213   241   196939.0000   250577.6852     2950   27.24%
Elapsed time = 0.59 sec. (1361.90 ticks, tree = 0.01 MB, solutions = 1)
      4     6   250189.4180   189   196939.0000   250450.6324     5400   27.17%
      6     8   249541.1600   284   196939.0000   250450.6324     7847   27.17%
      9    11   249573.5625   219   196939.0000   250450.6324     9862   27.17%
     17    19   249102.9434   176   196939.0000   250450.6324    12152   27.17%
     47    44    infeasible         196939.0000   250450.6324    14359   27.17%
     56    53   250070.0267    86   196939.0000   250444.0714    15828   27.17%
     60    57   249313.6566   173   196939.0000   250444.0714    17562   27.17%
     65    58   249922.0000   223   196939.0000   250232.3971    19918   27.06%
     70    63   249593.9047   116   196939.0000   250232.3971    20865   27.06%
    120   102   249459.2356   173   196939.0000   250227.4950    25730   27.06%
Elapsed time = 1.91 sec. (4941.94 ticks, tree = 1.61 MB, solutions = 1)
    187   151   249757.5515   228   196939.0000   250215.5471    31264   27.05%
    251   201   249236.0709   106   196939.0000   250213.7824    36753   27.05%
    326   251   249866.9208   232   196939.0000   250158.2333    42905   27.02%
    411   315   249043.8053   375   196939.0000   250142.2333    49391   27.02%
    509   387   249664.7754   244   196939.0000   250097.3034    55723   26.99%
    579   445   248766.7344   152   196939.0000   250092.8636    62894   26.99%
    654   503   249579.8155   239   196939.0000   250070.0267    69602   26.98%
    719   552   249895.3254   102   196939.0000   250055.6495    76508   26.97%
    757   587   244678.4313   202   196939.0000   250055.6495    82953   26.97%
    826   638   249992.2220   108   196939.0000   250044.9104    89405   26.97%
Elapsed time = 5.42 sec. (14738.68 ticks, tree = 10.62 MB, solutions = 1)
    941   718   248871.0059   160   196939.0000   250040.4369    96246   26.96%

Performing restart 1

Repeating presolve.
Tried aggregator 1 time.
MIP Presolve modified 175 coefficients.
Reduced MIP has 3971 rows, 1897 columns, and 19551 nonzeros.
Reduced MIP has 1463 binaries, 434 generals, 0 SOSs, and 0 indicators.
Presolve time = 0.01 sec. (11.45 ticks)
Tried aggregator 1 time.
Reduced MIP has 3971 rows, 1897 columns, and 19551 nonzeros.
Reduced MIP has 1463 binaries, 434 generals, 0 SOSs, and 0 indicators.
Presolve time = 0.01 sec. (13.40 ticks)
Represolve time = 0.02 sec. (41.76 ticks)
    974     0   250463.4064   359   196939.0000     Cuts: 124   100696   26.96%
    974     0   250433.1499   445   196939.0000      Cuts: 56   100881   26.96%
    974     0   250423.4260   440   196939.0000      Cuts: 52   100992   26.96%
    974     0   250383.7077   439   196939.0000     Cuts: 107   101181   26.96%
    974     0   250383.6171   437   196939.0000      Cuts: 55   101218   26.96%
    974     0   250347.6667   225   196939.0000      Cuts: 37   101384   26.96%
    974     0   250328.7960   539   196939.0000      Cuts: 99   101587   26.96%
    974     0   250314.0000   192   196939.0000     Cuts: 109   101708   26.96%
    974     0   250314.0000   200   196939.0000      Fract: 2   101715   26.96%
    974     2   250314.0000   200   196939.0000   250033.0437   101715   26.96%
    975     3   250310.6111   242   196939.0000   250033.0437   101850   26.96%
    977     5   248167.0007   235   196939.0000   250033.0437   104480   26.96%
    978     6   249592.4646   342   196939.0000   250033.0437   104748   26.96%
    980     8   249097.0756   241   196939.0000   250033.0437   108080   26.96%
    982    10   249093.7853   259   196939.0000   250033.0437   109898   26.96%
    984    11   249033.7291   217   196939.0000   250033.0437   110865   26.96%
    987    14   248893.2680   290   196939.0000   250033.0437   111450   26.96%
    990    14   247700.8385   324   196939.0000   250033.0437   112864   26.96%
Elapsed time = 10.47 sec. (29161.78 ticks, tree = 0.28 MB, solutions = 1)
    992    16   247428.5037   234   196939.0000   250033.0437   114228   26.96%
    995    18   247336.7083   171   196939.0000   250033.0437   115103   26.96%
   1001    22   246110.1721   172   196939.0000   250033.0437   116803   26.96%
   1009    24   250055.0000   189   196939.0000   250033.0437   119955   26.96%
   1011    26   249859.5000   354   196939.0000   250033.0437   121007   26.96%
   1014    29   249100.4924   352   196939.0000   250033.0437   122420   26.96%
   1019    34   248391.4561   249   196939.0000   250033.0437   124790   26.96%
   1022    37   248019.7670   356   196939.0000   250033.0437   127546   26.96%
   1026    41   247518.5338   238   196939.0000   250033.0437   130030   26.96%
   1030    45   247661.5860   202   196939.0000   250033.0437   130407   26.96%
Elapsed time = 14.62 sec. (41556.37 ticks, tree = 0.60 MB, solutions = 1)
   1034    49   247653.9353   318   196939.0000   250033.0437   130847   26.96%
   1038    51   246270.0190   224   196939.0000   250033.0437   131324   26.96%
   1042    53   250214.0699   247   196939.0000   250033.0437   132192   26.96%
   1046    57   250135.3275   241   196939.0000   250033.0437   132897   26.96%
   1051    62   249764.1746   240   196939.0000   250033.0437   134146   26.96%
   1057    67   247065.6808   240   196939.0000   250033.0437   135566   26.96%
   1062    72   246993.6046   339   196939.0000   250033.0437   136196   26.96%
   1067    77   246132.1691   357   196939.0000   250033.0437   137581   26.96%
   1076    86   245992.2160   328   196939.0000   250033.0437   138319   26.96%
   1084    94   244405.3688   191   196939.0000   250033.0437   139261   26.96%
Elapsed time = 18.22 sec. (52095.13 ticks, tree = 2.26 MB, solutions = 1)
   1095   102   249151.8523   226   196939.0000   250033.0437   141247   26.96%
   1111   118   247996.5099   240   196939.0000   250033.0437   143236   26.96%
   1121   122   250095.3751   357   196939.0000   250033.0437   146753   26.96%
   1139   140   249413.2551   159   196939.0000   250033.0437   148967   26.96%
   1162   159   248763.9627   236   196939.0000   250033.0437   152269   26.96%
   1189   186   244400.5900   300   196939.0000   250033.0437   154001   26.96%
   1234   229   233286.0235   201   196939.0000   250033.0437   156220   26.96%
   1276   267   248039.7083   305   196939.0000   250033.0437   159706   26.96%
   1305   296   244769.3210   394   196939.0000   250033.0437   162412   26.96%
   1323   313   239658.4969   457   196939.0000   250033.0437   165242   26.96%
Elapsed time = 21.60 sec. (61859.25 ticks, tree = 9.60 MB, solutions = 1)
   1354   341   248214.1148   298   196939.0000   250033.0437   168718   26.96%
   1388   373   245268.4366   294   196939.0000   250033.0437   172045   26.96%
   1437   420   239720.2982   187   196939.0000   250033.0437   175452   26.96%
   1483   460   248106.2456   341   196939.0000   250033.0437   180568   26.96%
   1521   492   248612.1430   312   196939.0000   250033.0437   185376   26.96%
   1563   530   242106.4726   363   196939.0000   250033.0437   190200   26.96%
   1614   577   249566.8333   238   196939.0000   250033.0437   194313   26.96%
   1642   605   245270.7456   264   196939.0000   250033.0437   199002   26.96%
   1680   639   246385.0565   294   196939.0000   250033.0437   205313   26.96%
   1703   658   247506.4045   242   196939.0000   250033.0437   211373   26.96%
Elapsed time = 27.47 sec. (71686.18 ticks, tree = 21.16 MB, solutions = 1)
   1742   693   249342.5537   229   196939.0000   250033.0437   216370   26.96%
   1789   732   249034.2246   421   196939.0000   250033.0437   221495   26.96%
   1821   760   248432.7323   287   196939.0000   250033.0437   227285   26.96%
   1886   818   237725.4643   220   196939.0000   250033.0437   232584   26.96%
   1938   862   244173.3027   257   196939.0000   250033.0437   236985   26.96%
   1960   874   249421.5000   188   196939.0000   249953.6594   241430   26.92%
   2014   928   240641.8615   264   196939.0000   249953.6594   246169   26.92%
   2174  1087   222801.0306   109   196939.0000   249953.6594   251008   26.92%
*  2250  1156      integral     0   206042.0000   249953.6594   252083   21.31%
   2282  1181   243144.8023   273   206042.0000   249952.9468   256064   21.31%
   2325  1213   248637.1340   281   206042.0000   249944.2107   261461   21.31%
Elapsed time = 30.97 sec. (81345.61 ticks, tree = 28.92 MB, solutions = 2)
   2414  1292   248558.7744   300   206042.0000   249941.9726   267538   21.31%
   2469  1343   241835.0874   194   206042.0000   249940.9066   273236   21.31%
   2483  1349   249662.3074   267   206042.0000   249924.1666   277949   21.30%
   2501  1361    infeasible         206042.0000   249924.1666   284158   21.30%
   2529  1385   248939.0492   346   206042.0000   249891.5623   289126   21.28%
   2554  1404    infeasible         206042.0000   249882.9046   294491   21.28%
   2596  1440   245085.6426   314   206042.0000   249859.5000   300176   21.27%
   2611  1451   247342.7055   253   206042.0000   249859.5000   305668   21.27%
   2655  1495   244893.6206   477   206042.0000   249859.5000   311717   21.27%
   2712  1550   242636.3544   319   206042.0000   249859.5000   317503   21.27%
Elapsed time = 34.33 sec. (91095.65 ticks, tree = 36.89 MB, solutions = 2)
   2738  1572   249086.2273   718   206042.0000   249852.2500   322342   21.26%
   2777  1609   244903.1092   219   206042.0000   249852.2500   327887   21.26%
   2804  1626   246428.0455   197   206042.0000   249838.6321   333513   21.26%
   2843  1657   243778.7583   216   206042.0000   249837.5297   339938   21.26%
   2922  1729   248750.1581   275   206042.0000   249811.9705   345724   21.24%
   2955  1755   247211.3927   134   206042.0000   249806.7250   351967   21.24%
   2983  1777    infeasible         206042.0000   249786.4683   357880   21.23%
   3008  1792   249227.2197   257   206042.0000   249700.9015   363729   21.19%
   3032  1808   248959.8325    60   206042.0000   249696.3205   369498   21.19%
   3144  1900   248382.2768   288   206042.0000   249682.9162   392117   21.18%
Elapsed time = 38.76 sec. (103893.36 ticks, tree = 46.89 MB, solutions = 2)
   3302  2025   249016.2167   384   206042.0000   249623.7284   414580   21.15%
   3427  2122   245366.1926   207   206042.0000   249578.4000   436918   21.13%
   3571  2250   248163.9458   401   206042.0000   249549.6610   459510   21.12%
   3716  2359   249067.5794   322   206042.0000   249471.0000   483313   21.08%
   3899  2523   241769.6892   236   206042.0000   249459.7653   507075   21.07%
   4020  2619   249164.1540   296   206042.0000   249432.7235   529503   21.06%
   4199  2768    infeasible         206042.0000   249426.4709   552707   21.06%
   4414  2954   247896.2239   253   206042.0000   249391.3097   576179   21.04%
   4602  3119   242066.8126   228   206042.0000   249379.2500   600365   21.03%
   4807  3300   241932.3663   273   206042.0000   249376.0753   621665   21.03%
Elapsed time = 51.66 sec. (142173.79 ticks, tree = 86.48 MB, solutions = 2)
   4962  3422   247020.6967   260   206042.0000   249370.9268   643059   21.03%
   5120  3550   246651.8478   404   206042.0000   249368.4946   666715   21.03%
   5290  3690    infeasible         206042.0000   249360.6349   691391   21.02%
   5469  3839   244425.0508   391   206042.0000   249349.6875   715435   21.02%
   5682  4014   249324.0686   542   206042.0000   249336.9958   739754   21.01%
   5810  4114   248767.4905   356   206042.0000   249324.7447   763623   21.01%
   5928  4192    infeasible         206042.0000   249315.3936   787357   21.00%
   6009  4255   244548.5803   220   206042.0000   249305.2407   809601   21.00%
   6166  4386   242343.8040   364   206042.0000   249294.5785   832590   20.99%
   6315  4511   246722.2924   246   206042.0000   249279.7772   854042   20.98%
Elapsed time = 67.57 sec. (180532.64 ticks, tree = 123.51 MB, solutions = 2)
   6516  4694   245762.6407   325   206042.0000   249277.5444   878506   20.98%
   6636  4778    infeasible         206042.0000   249238.7638   901186   20.97%
   6821  4947   246398.9467   380   206042.0000   249229.9745   924715   20.96%
   6936  5031   248906.8110   391   206042.0000   249214.1265   945291   20.95%
   7137  5211    infeasible         206042.0000   249199.7218   967939   20.95%
   7263  5298   245585.0503   214   206042.0000   249188.2292   991044   20.94%
*  7374+ 5382                       206524.0000   249180.2130            20.65%
   7391  5397   247666.9561   313   206524.0000   249178.9000  1013555   20.65%
   7573  5565   236523.3598   329   206524.0000   249178.2179  1036554   20.65%
   7758  5724   237659.1438   240   206524.0000   249163.7500  1059226   20.65%
   8009  5956    infeasible         206524.0000   249151.8523  1080840   20.64%
Elapsed time = 81.23 sec. (219094.72 ticks, tree = 171.11 MB, solutions = 3)

GUB cover cuts applied:  3
Cover cuts applied:  35
Implied bound cuts applied:  68
Flow cuts applied:  13
Mixed integer rounding cuts applied:  340
Zero-half cuts applied:  98
Lift and project cuts applied:  1
Gomory fractional cuts applied:  8

Root node processing (before b&c):
  Real time             =    0.59 sec. (1359.58 ticks)
Sequential b&c:
  Real time             =   81.41 sec. (219958.21 ticks)
                          ------------
Total (root+branch&cut) =   82.00 sec. (221317.79 ticks)
[CPLEX] Status: time limit exceeded
[CPLEX] OPTIMAL OBJ: 206524.0
[CPLEX] Runtime: 82.009 sec
Vehicle 0: d → 1 → 22 → 27 → 3 → 10 → 7 → 8 → 21 → 14 → 28 → 4 → 19 → 23 → 25 → 6 → 12 → 0 → 11 → 29 → d, (requests = [1, 6, 8, 15, 24, 27, 33, 36])
Vehicle 1: d → 5 → 2 → 22 → 27 → 17 → 21 → 14 → 28 → 24 → 4 → 19 → 26 → 13 → 25 → 29 → 15 → 6 → 12 → 20 → 18 → d, (requests = [0, 2, 4, 14, 19, 21, 25, 28, 30])
Vehicle 2: d → 16 → 30 → 20 → 12 → 6 → 25 → 23 → 26 → 19 → 4 → 28 → 14 → 21 → 8 → 17 → d, (requests = [5, 11, 12, 29, 35])
Vehicle 3: d, (requests = [])
Vehicle 4: d → 11 → 0 → 12 → 6 → 25 → 13 → 26 → 19 → 4 → 24 → 9 → 14 → 21 → 17 → 7 → 10 → 27 → 22 → 2 → d, (requests = [7, 16, 18, 22, 23, 32])
Vehicle 5: d → 22 → 27 → 3 → 7 → 21 → 14 → 9 → 24 → 4 → 19 → 23 → 25 → 6 → 12 → 20 → 18 → 16 → d, (requests = [3, 9, 10, 13, 17])
Vehicle 6: d → 30 → 20 → 12 → 6 → 25 → 23 → 19 → 4 → 28 → 14 → 21 → 7 → 27 → 22 → 5 → 1 → d, (requests = [20, 26, 31, 34])
======== PPDSP OBJECTIVE ========
Profit    = 258245
Cost      = 51721
Objective = 206524
=================================
===== RAW XY MODEL =====
12 55 107 148 205 233 278 328 382 385 477 632 687 732 762 807 868 901 960 994 1111 1172 1187 1229 1429 1466 1501 1511 1590 1632 1659 1683 1711 1756 1797 1854 1870 1906 1945 1968 2022 2353 2414 2470 2587 2666 2739 2772 2809 2849 2877 2959 3020 3048 3107 3177 3205 4457 4540 4597 4662 4679 4747 4792 4797 4835 4887 4914 4996 5057 5134 5151 5222 5258 5296 5331 5448 5689 5733 5790 5831 5898 5990 6043 6129 6178 6217 6244 6272 6317 6347 6358 6392 6453 6600 6802 6895 6900 6956 6990 7129 7208 7351 7391 7418 7448 7494 7562 7625 7649 7719 7761 2050 2051 2054 6613 2184 3226 2187 5476 2191 6619 6620 3297 3300 6623 3305 3307 5485 6627 5487 4426 7783 4434 5491 5492 5556 5562 7789 5571 5577 5583 6704 7794 6719 6721 7797 6735 7862
  [Time Manager] Step 40 consumed 82.01s. Total Consumed: 1491.73s.
  [Info] Saved 7868 core assumption literals to p1_A-n32-k5_r37v7k3.lp.asm

[41/60] Building & Solving: R=38, V=7, K=3
Default row names c1, c2 ... being created.
  [Info] Generating MIP Formulation...
  [Time Manager] Global Remaining Budget: 2108.27s | Future Weight Sum: 23834.0
  [Time Manager] Recalibrated Budget for this step: 82.97s
[CPLEX] Setting time limit to 82 seconds
[CPLEX] Reading assumption from p1_A-n32-k5_r37v7k3.lp.asm ...
[CPLEX] Applying MIP Start with 7427 variables.
Version identifier: 22.1.1.0 | 2022-11-28 | 9160aff4d
CPXPARAM_Read_DataCheck                          1
CPXPARAM_Threads                                 1
CPXPARAM_TimeLimit                               82
1 of 1 MIP starts provided solutions.
MIP start 'm1' defined initial solution with objective 214586.0000.
Tried aggregator 1 time.
MIP Presolve eliminated 35 rows and 5971 columns.
MIP Presolve modified 3970 coefficients.
Reduced MIP has 3993 rows, 1904 columns, and 19817 nonzeros.
Reduced MIP has 1470 binaries, 434 generals, 0 SOSs, and 0 indicators.
Presolve time = 0.00 sec. (12.16 ticks)
Probing time = 0.00 sec. (2.82 ticks)
Tried aggregator 1 time.
Detecting symmetries...
Reduced MIP has 3993 rows, 1904 columns, and 19817 nonzeros.
Reduced MIP has 1470 binaries, 434 generals, 0 SOSs, and 0 indicators.
Presolve time = 0.01 sec. (13.01 ticks)
Probing time = 0.00 sec. (2.79 ticks)
Clique table members: 808.
MIP emphasis: balance optimality and feasibility.
MIP search method: dynamic search.
Parallel mode: none, using 1 thread.
Root relaxation solution time = 0.01 sec. (22.27 ticks)

        Nodes                                         Cuts/
   Node  Left     Objective  IInf  Best Integer    Best Bound    ItCnt     Gap

*     0+    0                       214586.0000  1864149.0000           768.72%
      0     0   259819.0000   149   214586.0000   259819.0000      802   21.08%
      0     0   259819.0000   210   214586.0000     Cuts: 214      914   21.08%
      0     0   259819.0000   203   214586.0000      Cuts: 86      936   21.08%
      0     0   259628.7641   190   214586.0000      Cuts: 52     1237   20.99%
      0     0   259459.0000   174   214586.0000     Cuts: 147     1347   20.91%
      0     0   259099.0000   200   214586.0000     Cuts: 116     1475   20.74%
      0     0   259099.0000   200   214586.0000      Cuts: 49     1476   20.74%
      0     2   259099.0000   200   214586.0000   259099.0000     1476   20.74%
Elapsed time = 0.20 sec. (493.24 ticks, tree = 0.01 MB, solutions = 1)
      4     6   258229.0000   217   214586.0000   258892.5000     3703   20.65%
      7     9   257807.5000   189   214586.0000   258892.5000     6713   20.65%
     10    12   257216.9084   312   214586.0000   258892.5000     8463   20.65%
     15    17   256734.2352   277   214586.0000   258892.5000    10116   20.65%
     23    25   256308.4676   273   214586.0000   258892.5000    12399   20.65%
     36    38   255557.9291   171   214586.0000   258892.5000    14326   20.65%
     56    56   251017.2904   128   214586.0000   258892.5000    16335   20.65%
     89    77   258355.3199   128   214586.0000   258752.3105    19372   20.58%
     97    85   257970.8246   199   214586.0000   258752.3105    22306   20.58%
    133   113   258566.3139   142   214586.0000   258670.2000    30024   20.54%
Elapsed time = 1.50 sec. (3978.50 ticks, tree = 0.69 MB, solutions = 1)
    210   184   257911.1250   294   214586.0000   258663.0833    40346   20.54%
    302   263   258330.5000   180   214586.0000   258662.5000    50838   20.54%
    333   290    infeasible         214586.0000   258662.5000    60946   20.54%
    406   355   255672.7396   252   214586.0000   258617.5828    70411   20.52%
    509   438   258086.2288   144   214586.0000   258613.3804    81346   20.52%
    551   471   254535.2761   193   214586.0000   258566.3139    91603   20.50%
    602   512   254704.1419   171   214586.0000   258533.8725   101813   20.48%
    704   597   253644.5735   150   214586.0000   258511.1739   111347   20.47%
    737   618    infeasible         214586.0000   258482.5970   119362   20.46%
    816   687   257228.1250   250   214586.0000   258454.3709   129348   20.44%
Elapsed time = 5.22 sec. (13663.72 ticks, tree = 1.52 MB, solutions = 1)
    951   821   239252.7680   210   214586.0000   258454.3709   140738   20.44%

Performing restart 1

Repeating presolve.
Tried aggregator 1 time.
MIP Presolve modified 175 coefficients.
Reduced MIP has 3993 rows, 1904 columns, and 19817 nonzeros.
Reduced MIP has 1470 binaries, 434 generals, 0 SOSs, and 0 indicators.
Presolve time = 0.01 sec. (11.60 ticks)
Tried aggregator 1 time.
Reduced MIP has 3993 rows, 1904 columns, and 19817 nonzeros.
Reduced MIP has 1470 binaries, 434 generals, 0 SOSs, and 0 indicators.
Presolve time = 0.01 sec. (13.58 ticks)
Represolve time = 0.02 sec. (35.99 ticks)
   1032     0   259037.3394   380   214586.0000      Cuts: 58   146178   20.44%
   1032     0   258959.2760   351   214586.0000     Cuts: 148   146351   20.44%
   1032     0   258892.8846   269   214586.0000     Cuts: 116   146419   20.44%
   1032     0   258831.8684   273   214586.0000     Cuts: 113   146753   20.44%
   1032     0   258811.2500   252   214586.0000     Cuts: 108   146872   20.44%
   1032     0   258770.3684   283   214586.0000      Cuts: 86   147224   20.44%
   1032     0   258718.2854   576   214586.0000     Cuts: 152   147650   20.44%
   1032     0   258651.8469   270   214586.0000     Cuts: 113   148012   20.44%
   1032     0   258616.7703   386   214586.0000     Cuts: 149   148121   20.44%
   1032     0   258616.7449   393   214586.0000      Cuts: 99   148149   20.44%
   1032     0   258601.1000   251   214586.0000      Cuts: 54   148274   20.44%
   1032     0   258597.2333   262   214586.0000     Cuts: 142   148379   20.44%
   1032     0   258593.9479   349   214586.0000     Cuts: 105   148479   20.44%
   1032     2   258593.9479   330   214586.0000   258454.0833   148479   20.44%
   1033     3   258417.1631   236   214586.0000   258454.0833   149890   20.44%
   1035     5   258318.0000   219   214586.0000   258454.0833   150438   20.44%
   1036     6   258198.0713   212   214586.0000   258454.0833   150662   20.44%
   1038     7   256881.2169   191   214586.0000   258454.0833   153255   20.44%
   1040     9   256847.6123   140   214586.0000   258454.0833   155075   20.44%
   1045    14   255802.3360   231   214586.0000   258454.0833   157414   20.44%
   1051    20   256485.9801   626   214586.0000   258454.0833   158961   20.44%
   1053    22   256485.9801   625   214586.0000   258454.0833   160311   20.44%
Elapsed time = 13.53 sec. (33627.38 ticks, tree = 0.16 MB, solutions = 1)
   1054    23   256471.7759   501   214586.0000   258454.0833   160612   20.44%
   1066    30    infeasible         214586.0000   258454.0833   164907   20.44%
   1068    32   258388.1186   252   214586.0000   258454.0833   166655   20.44%
   1072    36   258333.7328   308   214586.0000   258454.0833   167352   20.44%
   1077    41   258054.6984   196   214586.0000   258454.0833   169298   20.44%
   1082    46   257462.9633   225   214586.0000   258454.0833   173843   20.44%
   1085    47   256084.3846   318   214586.0000   258454.0833   176172   20.44%
   1092    52    infeasible         214586.0000   258454.0833   179907   20.44%
   1112    70   254355.2890   240   214586.0000   258454.0833   182930   20.44%
   1121    73   256394.1081   259   214586.0000   258416.6962   185916   20.43%
Elapsed time = 16.90 sec. (43912.44 ticks, tree = 1.10 MB, solutions = 1)
   1128    76   258073.6628   375   214586.0000   258388.1186   190355   20.41%
   1151    99   257450.4162   283   214586.0000   258388.1186   192793   20.41%
   1165   111   251329.5801   256   214586.0000   258388.1186   195780   20.41%
   1174   116   257038.3578   348   214586.0000   258380.2815   198562   20.41%
   1183   119    infeasible         214586.0000   258360.3456   202570   20.40%
   1201   137   256309.0093   287   214586.0000   258360.3456   205934   20.40%
   1224   156    infeasible         214586.0000   258360.3456   208560   20.40%
   1240   170   255240.8545   281   214586.0000   258330.9747   213100   20.39%
   1266   196   255042.4806   469   214586.0000   258330.9747   215294   20.39%
   1287   210   255790.9808   345   214586.0000   258330.7492   220211   20.39%
Elapsed time = 20.22 sec. (53681.45 ticks, tree = 5.73 MB, solutions = 1)
   1312   235   254350.1484   273   214586.0000   258330.7492   223883   20.39%
   1344   263   256755.1250   234   214586.0000   258259.0000   229692   20.35%
   1364   283   254787.1778   311   214586.0000   258259.0000   233404   20.35%
   1377   292   255762.3756   338   214586.0000   258259.0000   237248   20.35%
   1398   313   252002.2937   376   214586.0000   258259.0000   239953   20.35%
   1432   345   249723.7675   127   214586.0000   258259.0000   244087   20.35%
   1458   364   255100.4898   289   214586.0000   258238.3110   250060   20.34%
   1480   382   255908.9122   248   214586.0000   258203.3144   253759   20.33%
   1530   430   250374.6804   294   214586.0000   258203.3144   258553   20.33%
   1578   470   256333.2606   239   214586.0000   258202.0627   263300   20.33%
Elapsed time = 23.89 sec. (64370.59 ticks, tree = 12.25 MB, solutions = 1)
   1595   477    infeasible         214586.0000   258170.0347   267997   20.31%
   1615   495   253532.6395   349   214586.0000   258168.4407   272765   20.31%
   1681   552   257955.0034   208   214586.0000   258139.9334   278280   20.30%
   1710   579    infeasible         214586.0000   258139.9334   282984   20.30%
   1738   597   257471.9573   338   214586.0000   258121.4674   287619   20.29%
   1756   609    infeasible         214586.0000   258121.4674   294116   20.29%
   1772   623    infeasible         214586.0000   258092.0012   298258   20.27%
   1792   643   250578.9504   462   214586.0000   258092.0012   304378   20.27%
   1820   667   256537.2880   279   214586.0000   258086.0325   310023   20.27%
   1835   678   256591.3173   363   214586.0000   258076.6792   315683   20.27%
Elapsed time = 27.35 sec. (74668.07 ticks, tree = 17.97 MB, solutions = 1)
   1852   690   253279.3840   206   214586.0000   258071.7250   320450   20.26%
   1877   709   254719.2106   318   214586.0000   258064.3118   325903   20.26%
   1907   735   255914.5495   259   214586.0000   258053.3297   331455   20.26%
   1920   740   257315.9935   284   214586.0000   258050.9893   337848   20.26%
   1933   749   257315.5000   229   214586.0000   258038.6459   344679   20.25%
   1946   760   255094.6111   237   214586.0000   258038.6459   351289   20.25%
   1973   785   250951.1813   276   214586.0000   258038.6459   356425   20.25%
   1986   790    infeasible         214586.0000   258035.4524   361719   20.25%
   2026   826    infeasible         214586.0000   258034.9375   366512   20.25%
   2070   869   251917.4990   412   214586.0000   258028.8922   371550   20.24%
Elapsed time = 30.87 sec. (84886.26 ticks, tree = 21.26 MB, solutions = 1)
   2125   919   256214.4530   313   214586.0000   257997.6667   377587   20.23%
   2152   942   255907.8074   167   214586.0000   257993.2553   382422   20.23%
   2191   977   250973.7901   225   214586.0000   257993.2553   388256   20.23%
   2229  1005   256561.3548   309   214586.0000   257993.2553   394026   20.23%
   2254  1024   254353.7083   421   214586.0000   257942.2120   399670   20.20%
   2286  1056   249515.0208   461   214586.0000   257942.2120   405350   20.20%
   2346  1116   245932.8346   390   214586.0000   257942.2120   409907   20.20%
   2420  1185   257399.2143   323   214586.0000   257935.8686   413924   20.20%
   2441  1200   256119.9084   307   214586.0000   257916.0000   419935   20.19%
   2457  1210   257299.4571   450   214586.0000   257894.4194   425517   20.18%
Elapsed time = 34.46 sec. (95479.70 ticks, tree = 30.64 MB, solutions = 1)
   2469  1220   255063.0281   301   214586.0000   257894.4194   431203   20.18%
   2499  1244   253789.2512   264   214586.0000   257889.9201   435899   20.18%
   2551  1288   257292.3000   237   214586.0000   257872.2976   441602   20.17%
   2581  1312    infeasible         214586.0000   257872.2976   447602   20.17%
   2616  1345   252276.6000   137   214586.0000   257841.5000   453165   20.16%
   2636  1357   256352.3649   279   214586.0000   257810.8636   458515   20.14%
   2653  1370    infeasible         214586.0000   257810.8636   464763   20.14%
   2669  1382   256652.0413   433   214586.0000   257774.9976   469961   20.13%
   2685  1394   255931.0993   243   214586.0000   257774.2267   476483   20.13%
   2806  1499   251277.5636   340   214586.0000   257755.7185   498813   20.12%
Elapsed time = 38.79 sec. (108129.96 ticks, tree = 38.26 MB, solutions = 1)
   2916  1591   256284.9138   518   214586.0000   257738.0000   521151   20.11%
   3010  1671   255489.6250   241   214586.0000   257681.0892   538979   20.08%
   3132  1761   256150.7805   473   214586.0000   257668.1119   559237   20.08%
   3270  1882   252131.6590   377   214586.0000   257642.1067   579354   20.06%
   3412  2007   243445.3571   344   214586.0000   257620.9149   598012   20.05%
   3548  2125    infeasible         214586.0000   257615.7455   618561   20.05%
   3659  2207   257531.5657   490   214586.0000   257595.5095   640777   20.04%
   3724  2244   257191.5200    80   214586.0000   257593.2820   663486   20.04%
   3874  2373   256314.4302   282   214586.0000   257550.9757   687343   20.02%
   4079  2560   253092.2528   297   214586.0000   257541.6404   710109   20.02%
Elapsed time = 53.81 sec. (146729.97 ticks, tree = 68.52 MB, solutions = 1)
   4201  2648   257190.5015   310   214586.0000   257518.1982   733120   20.01%
   4301  2735   253405.5491   403   214586.0000   257508.8687   753683   20.00%
   4361  2771   255253.2465   369   214586.0000   257491.1125   775919   19.99%
   4451  2843   256051.2380   150   214586.0000   257481.2780   798368   19.99%
   4632  3008   256200.3448   515   214586.0000   257477.6364   819853   19.99%
   4774  3133   251163.9104   289   214586.0000   257467.5000   843216   19.98%
   4918  3259   254475.6667   394   214586.0000   257465.6778   865750   19.98%
   5058  3377   256850.0556   256   214586.0000   257462.8733   889474   19.98%
   5166  3469   255470.9464   362   214586.0000   257461.3157   913519   19.98%
   5305  3596   249724.9028   234   214586.0000   257459.1295   937411   19.98%
Elapsed time = 66.77 sec. (185286.08 ticks, tree = 96.94 MB, solutions = 1)
   5411  3681   256205.5233   267   214586.0000   257442.4248   959441   19.97%
   5513  3767   254070.8414   308   214586.0000   257433.7419   982812   19.97%
   5656  3887    infeasible         214586.0000   257429.2717  1006904   19.97%
   5793  4000   254328.1680   494   214586.0000   257399.2143  1028039   19.95%
   5982  4162   251764.4894   337   214586.0000   257396.8944  1049110   19.95%
   6114  4272   255745.9194   219   214586.0000   257390.9837  1071053   19.95%
   6281  4420   256893.4000   301   214586.0000   257373.1194  1092344   19.94%
   6403  4520   256800.6152   225   214586.0000   257350.9795  1114694   19.93%
   6525  4623   244366.2168   310   214586.0000   257345.5223  1135381   19.93%
   6699  4772   247353.8346   210   214586.0000   257339.1021  1158092   19.92%
Elapsed time = 81.82 sec. (223755.86 ticks, tree = 135.70 MB, solutions = 1)

GUB cover cuts applied:  6
Clique cuts applied:  3
Cover cuts applied:  29
Implied bound cuts applied:  40
Flow cuts applied:  13
Mixed integer rounding cuts applied:  331
Zero-half cuts applied:  127
Lift and project cuts applied:  1
Gomory fractional cuts applied:  7

Root node processing (before b&c):
  Real time             =    0.20 sec. (493.37 ticks)
Sequential b&c:
  Real time             =   81.80 sec. (223739.09 ticks)
                          ------------
Total (root+branch&cut) =   82.00 sec. (224232.46 ticks)
[CPLEX] Status: time limit exceeded
[CPLEX] OPTIMAL OBJ: 214586.0
[CPLEX] Runtime: 82.010 sec
Vehicle 0: d → 1 → 22 → 27 → 3 → 10 → 7 → 8 → 21 → 14 → 28 → 4 → 19 → 23 → 25 → 6 → 12 → 0 → 11 → 29 → d, (requests = [1, 6, 8, 15, 24, 27, 33, 36])
Vehicle 1: d → 5 → 2 → 22 → 27 → 17 → 21 → 14 → 28 → 24 → 4 → 19 → 26 → 13 → 25 → 29 → 15 → 6 → 12 → 20 → 18 → d, (requests = [0, 2, 4, 14, 19, 21, 25, 28, 30])
Vehicle 2: d → 16 → 30 → 20 → 12 → 6 → 25 → 23 → 26 → 19 → 4 → 28 → 14 → 21 → 8 → 17 → d, (requests = [5, 11, 12, 29, 35])
Vehicle 3: d, (requests = [])
Vehicle 4: d → 11 → 0 → 12 → 6 → 25 → 13 → 26 → 19 → 4 → 24 → 9 → 14 → 21 → 17 → 7 → 10 → 27 → 22 → 2 → d, (requests = [7, 16, 18, 22, 23, 32])
Vehicle 5: d → 22 → 27 → 3 → 7 → 21 → 14 → 9 → 24 → 4 → 19 → 23 → 25 → 6 → 12 → 20 → 18 → 16 → d, (requests = [3, 9, 10, 13, 17])
Vehicle 6: d → 30 → 20 → 12 → 6 → 25 → 23 → 19 → 4 → 28 → 14 → 21 → 7 → 27 → 22 → 5 → 1 → d, (requests = [20, 26, 31, 34, 37])
======== PPDSP OBJECTIVE ========
Profit    = 266307
Cost      = 51721
Objective = 214586
=================================
===== RAW XY MODEL =====
12 55 107 148 205 233 278 328 382 385 477 632 687 732 762 807 868 901 960 994 1111 1172 1187 1229 1429 1466 1501 1511 1590 1632 1659 1683 1711 1756 1797 1854 1870 1906 1945 1968 2022 2353 2414 2470 2587 2666 2739 2772 2809 2849 2877 2959 3020 3048 3107 3177 3205 4457 4540 4597 4662 4679 4747 4792 4797 4835 4887 4914 4996 5057 5134 5151 5222 5258 5296 5331 5448 5689 5733 5790 5831 5898 5990 6043 6129 6178 6217 6244 6272 6317 6347 6358 6392 6453 6600 6802 6895 6900 6956 6990 7129 7208 7351 7391 7418 7448 7494 7562 7625 7649 7719 7761 2050 2051 2054 6613 2184 3226 2187 5476 2191 6619 6620 3297 3300 6623 3305 3307 5485 6627 5487 4426 7783 4434 5491 5492 5556 5562 7789 5571 5577 5583 6704 7794 6719 6721 7797 6735 7862 7875
  [Time Manager] Step 41 consumed 82.01s. Total Consumed: 1573.74s.
  [Info] Saved 7875 core assumption literals to p1_A-n32-k5_r38v7k3.lp.asm

[42/60] Building & Solving: R=39, V=7, K=3
Default row names c1, c2 ... being created.
  [Info] Generating MIP Formulation...
  [Time Manager] Global Remaining Budget: 2026.26s | Future Weight Sum: 22896.0
  [Time Manager] Recalibrated Budget for this step: 83.63s
[CPLEX] Setting time limit to 83 seconds
[CPLEX] Reading assumption from p1_A-n32-k5_r38v7k3.lp.asm ...
[CPLEX] Applying MIP Start with 7434 variables.
Version identifier: 22.1.1.0 | 2022-11-28 | 9160aff4d
CPXPARAM_Read_DataCheck                          1
CPXPARAM_Threads                                 1
CPXPARAM_TimeLimit                               83
1 of 1 MIP starts provided solutions.
MIP start 'm1' defined initial solution with objective 214586.0000.
Tried aggregator 1 time.
MIP Presolve eliminated 28 rows and 5971 columns.
MIP Presolve modified 3998 coefficients.
Reduced MIP has 4022 rows, 1911 columns, and 20041 nonzeros.
Reduced MIP has 1477 binaries, 434 generals, 0 SOSs, and 0 indicators.
Presolve time = 0.01 sec. (12.32 ticks)
Probing time = 0.00 sec. (2.83 ticks)
Tried aggregator 1 time.
Detecting symmetries...
Reduced MIP has 4022 rows, 1911 columns, and 20041 nonzeros.
Reduced MIP has 1477 binaries, 434 generals, 0 SOSs, and 0 indicators.
Presolve time = 0.01 sec. (13.17 ticks)
Probing time = 0.00 sec. (2.79 ticks)
Clique table members: 816.
MIP emphasis: balance optimality and feasibility.
MIP search method: dynamic search.
Parallel mode: none, using 1 thread.
Root relaxation solution time = 0.02 sec. (28.89 ticks)

        Nodes                                         Cuts/
   Node  Left     Objective  IInf  Best Integer    Best Bound    ItCnt     Gap

*     0+    0                       214586.0000  1914052.0000           791.97%
      0     0   266948.0000   151   214586.0000   266948.0000      881   24.40%
      0     0   266948.0000   211   214586.0000     Cuts: 211      993   24.40%
      0     0   266948.0000   207   214586.0000      Cuts: 61     1012   24.40%
      0     0   266948.0000   206   214586.0000      Cuts: 58     1017   24.40%
      0     2   266948.0000   206   214586.0000   266948.0000     1017   24.40%
Elapsed time = 0.20 sec. (486.67 ticks, tree = 0.01 MB, solutions = 1)
      6     8   265592.2500   373   214586.0000   266766.8614     2856   24.32%
     10    12   265307.0000   245   214586.0000   266766.8614     5041   24.32%
     16    18   264639.3267   267   214586.0000   266766.8614     7352   24.32%
     40    41   263616.7696   160   214586.0000   266766.8614     9746   24.32%
     73    69   266443.6808   218   214586.0000   266762.1089    11324   24.31%
     89    84   265703.3786   114   214586.0000   266762.1089    12979   24.31%
    100    95   264234.5263    99   214586.0000   266762.1089    14509   24.31%
    114   107   260854.8415   182   214586.0000   266762.1089    17467   24.31%
    122   111   265684.4687   307   214586.0000   266683.1023    19303   24.28%
    210   185   265598.9771   129   214586.0000   266443.6808    28707   24.17%
Elapsed time = 1.60 sec. (3997.24 ticks, tree = 1.80 MB, solutions = 1)
    308   260    infeasible         214586.0000   266443.2626    35454   24.17%
    480   400   265236.3927   142   214586.0000   266324.0780    42452   24.11%
    620   515   266042.2161   128   214586.0000   266238.8049    49351   24.07%
    767   634   265205.9259   122   214586.0000   266190.5761    56360   24.05%
    875   726   253806.1604   300   214586.0000   266186.4770    63112   24.05%

Performing restart 1

Repeating presolve.
Tried aggregator 1 time.
MIP Presolve modified 168 coefficients.
Reduced MIP has 4022 rows, 1911 columns, and 20041 nonzeros.
Reduced MIP has 1477 binaries, 434 generals, 0 SOSs, and 0 indicators.
Presolve time = 0.01 sec. (11.79 ticks)
Tried aggregator 1 time.
Reduced MIP has 4022 rows, 1911 columns, and 20041 nonzeros.
Reduced MIP has 1477 binaries, 434 generals, 0 SOSs, and 0 indicators.
Presolve time = 0.01 sec. (13.79 ticks)
Represolve time = 0.02 sec. (35.83 ticks)
   1024     0   266713.0599   210   214586.0000      Cuts: 52    71899   24.04%
   1024     0   266473.3191   210   214586.0000     Cuts: 244    72137   24.04%
   1024     0   266233.0631   311   214586.0000      Cuts: 99    72375   24.04%
   1024     0   266214.5789   223   214586.0000      Cuts: 96    72581   24.04%
   1024     0   266173.0652   228   214586.0000     Cuts: 117    72761   24.04%
   1024     0   266122.6946   465   214586.0000     Cuts: 144    73097   24.02%
   1024     0   266094.5752   367   214586.0000      Cuts: 32    73224   24.00%
   1024     0   265998.8286   499   214586.0000     Cuts: 148    73432   23.96%
   1024     0   265986.1256   484   214586.0000     Cuts: 166    73533   23.95%
   1024     0   265955.7788   503   214586.0000      Cuts: 42    73683   23.94%
   1024     0   265938.6471   356   214586.0000      Cuts: 27    73758   23.93%
   1024     0   265934.5632   463   214586.0000       Cuts: 8    73809   23.93%
   1024     0   265865.7732   377   214586.0000      Cuts: 32    74008   23.90%
   1024     0   265864.1364   362   214586.0000     Cuts: 120    74016   23.90%
   1024     0   265850.0620   242   214586.0000      Cuts: 72    74111   23.89%
   1024     0   265845.5532   376   214586.0000     Cuts: 184    74203   23.89%
   1024     0   265811.6858   248   214586.0000     Cuts: 101    74286   23.87%
   1024     0   265800.2027   252   214586.0000     Cuts: 146    74357   23.87%
   1024     0   265791.0311   366   214586.0000      Cuts: 54    74496   23.86%
   1024     2   265791.0311   366   214586.0000   265788.3489    74496   23.86%
   1027     5   264055.0582   268   214586.0000   265701.6037    75878   23.82%
   1030     8   263804.4986   247   214586.0000   265701.6037    77888   23.82%
   1034    12   263462.6906   322   214586.0000   265701.6037    80401   23.82%
   1037    15   263134.7161   325   214586.0000   265701.6037    82722   23.82%
Elapsed time = 7.36 sec. (19773.19 ticks, tree = 0.12 MB, solutions = 1)
   1046    22   262547.3840   402   214586.0000   265701.6037    86479   23.82%
   1054    22   265367.4017   312   214586.0000   265701.5681    90299   23.82%
   1068    36   264051.3133   342   214586.0000   265701.5681    93800   23.82%
   1075    39   265471.5509   250   214586.0000   265665.2118    97635   23.80%
   1080    44   264027.8111   350   214586.0000   265665.2118   100688   23.80%
   1094    58   262038.7630   351   214586.0000   265665.2118   102983   23.80%
   1112    72    infeasible         214586.0000   265665.2118   105669   23.80%
   1124    84   262981.0405   147   214586.0000   265569.1143   109821   23.76%
   1155   112   256596.2576   249   214586.0000   265569.1143   115025   23.76%
   1170   123   263592.2300   296   214586.0000   265452.3580   118248   23.70%
Elapsed time = 10.86 sec. (30058.61 ticks, tree = 2.42 MB, solutions = 1)
   1205   153   259174.7145   168   214586.0000   265452.3580   121872   23.70%
   1225   169   264174.8151   283   214586.0000   265374.7345   126587   23.67%
   1244   188   260334.2497   261   214586.0000   265374.7345   131434   23.67%
   1294   237   255458.9784   228   214586.0000   265374.7345   136270   23.67%
   1341   272   265115.0913   154   214586.0000   265346.5466   140814   23.66%
   1377   302   263642.9436   280   214586.0000   265346.0381   146282   23.65%
   1398   315   264337.4883   322   214586.0000   265304.9777   151328   23.64%
   1418   334   259965.6034   389   214586.0000   265304.9777   156311   23.64%
   1465   375   265023.5150   337   214586.0000   265252.9093   161541   23.61%
   1495   398   264791.1195   368   214586.0000   265169.6629   165787   23.57%
Elapsed time = 14.11 sec. (39892.09 ticks, tree = 11.96 MB, solutions = 1)
   1511   408   264765.9800   231   214586.0000   265163.1280   168500   23.57%
   1544   437   264904.1640   379   214586.0000   265157.6441   174291   23.57%
   1576   465   263830.8916   250   214586.0000   265155.6410   179908   23.57%
   1610   491   264742.7299   275   214586.0000   265136.4067   184528   23.56%
   1639   512   263525.1586   440   214586.0000   265128.7998   190428   23.55%
   1666   539   257664.0915   302   214586.0000   265128.7998   196183   23.55%
   1722   589   264528.5391   332   214586.0000   265120.6346   201674   23.55%
   1758   621   264111.0026   285   214586.0000   265118.3614   207317   23.55%
   1798   659   263375.5482   247   214586.0000   265118.3614   210065   23.55%
   1842   697   259677.1134   302   214586.0000   265114.5130   214788   23.55%
Elapsed time = 17.43 sec. (49635.87 ticks, tree = 21.08 MB, solutions = 1)
   1873   720   264959.7891   252   214586.0000   265101.7985   219413   23.54%
   1904   747   262414.4950   436   214586.0000   265096.0422   224605   23.54%
   1954   793   264787.7843   254   214586.0000   265093.4108   229818   23.54%
   1992   814   264405.8656   262   214586.0000   265082.9052   235043   23.53%
   2030   836    infeasible         214586.0000   265057.7483   241515   23.52%
   2058   855   264049.5382   391   214586.0000   265043.5134   247603   23.51%
   2082   869   262857.4220   369   214586.0000   265018.7782   254235   23.50%
   2110   895   258013.4613   262   214586.0000   265018.7782   259316   23.50%
   2134   909   260258.6423   229   214586.0000   265006.6475   265080   23.50%
   2157   918   264635.7551   357   214586.0000   264989.1148   271199   23.49%
Elapsed time = 20.89 sec. (59891.81 ticks, tree = 28.56 MB, solutions = 1)
   2175   928    infeasible         214586.0000   264986.4156   277775   23.49%
   2205   946   264154.5546   248   214586.0000   264975.5000   284291   23.48%
   2231   964   264524.5385   352   214586.0000   264967.8183   290981   23.48%
   2250   979   262916.6211   357   214586.0000   264963.6765   296858   23.48%
   2299  1020   254566.3519   269   214586.0000   264963.6765   301975   23.48%
   2330  1045   260847.1601   237   214586.0000   264960.7500   308114   23.48%
   2384  1093   263883.3846   326   214586.0000   264960.5385   312813   23.48%
   2455  1160   251766.1381   265   214586.0000   264960.5385   319002   23.48%
   2480  1181   261648.2333   399   214586.0000   264956.9037   324510   23.47%
   2560  1249   264370.0574   206   214586.0000   264955.6874   330389   23.47%
Elapsed time = 24.29 sec. (69707.69 ticks, tree = 39.14 MB, solutions = 1)
   2599  1284   262269.8107   261   214586.0000   264954.0426   336153   23.47%
   2632  1299    infeasible         214586.0000   264946.4495   341817   23.47%
   2676  1333   262281.4155   242   214586.0000   264932.3103   347875   23.46%
   2723  1372   257395.3901   230   214586.0000   264922.7854   353139   23.46%
   2798  1440   263282.8422   166   214586.0000   264921.6925   358811   23.46%
   2835  1472   257046.4138   231   214586.0000   264920.0448   364649   23.46%
   2878  1495    infeasible         214586.0000   264919.4106   371260   23.46%
   2904  1519   257183.5209   335   214586.0000   264919.1180   377147   23.46%
   2953  1559   264540.3803   130   214586.0000   264917.5000   382640   23.46%
   2987  1575   263731.7249   241   214586.0000   264908.0166   388555   23.45%
Elapsed time = 27.67 sec. (79496.62 ticks, tree = 49.84 MB, solutions = 1)
   3035  1613   263341.6642   321   214586.0000   264904.9920   394169   23.45%
   3087  1659   263184.3147   336   214586.0000   264903.4062   399756   23.45%
   3118  1686   263973.2000   205   214586.0000   264903.2715   405779   23.45%
   3143  1699   262437.9385   294   214586.0000   264901.2175   410873   23.45%
   3179  1723   264363.2000   284   214586.0000   264898.2579   415624   23.45%
   3219  1755    infeasible         214586.0000   264897.6898   421080   23.45%
   3239  1771   262149.5018   276   214586.0000   264896.9433   424764   23.45%
   3274  1800   259451.6656   209   214586.0000   264889.6545   430386   23.44%
   3299  1817   263256.9798   359   214586.0000   264876.3512   434835   23.44%
   3321  1832   261893.0445   180   214586.0000   264870.6891   439488   23.43%
Elapsed time = 32.74 sec. (89296.03 ticks, tree = 58.83 MB, solutions = 1)
   3336  1843   260611.9164   407   214586.0000   264870.1140   444023   23.43%
   3365  1862   264310.5417   265   214586.0000   264862.5000   449094   23.43%
   3403  1898    infeasible         214586.0000   264862.5000   455005   23.43%
   3430  1921   260013.1444   230   214586.0000   264860.3701   460227   23.43%
   3441  1922   264433.9333   230   214586.0000   264854.3445   464837   23.43%
   3461  1932   261520.6751   394   214586.0000   264850.8507   471068   23.42%
   3514  1977   260634.0702   356   214586.0000   264841.3622   477365   23.42%
   3538  1986    infeasible         214586.0000   264839.6543   483479   23.42%
   3552  1992   263945.6886   368   214586.0000   264830.1916   489163   23.41%
   3615  2032   259316.6886   370   214586.0000   264821.1890   508564   23.41%
Elapsed time = 37.30 sec. (102717.52 ticks, tree = 65.25 MB, solutions = 1)
   3722  2108   257809.5148   201   214586.0000   264812.6818   528526   23.41%
   3859  2216   261446.2879   258   214586.0000   264794.7459   548336   23.40%
   3922  2250    infeasible         214586.0000   264790.8888   568666   23.40%
   4057  2347   263824.4392   232   214586.0000   264768.6932   588404   23.39%
   4173  2441   252988.4871   286   214586.0000   264748.6106   608631   23.38%
   4295  2529   263961.4906   382   214586.0000   264721.7488   628313   23.36%
   4408  2607   263853.0118   325   214586.0000   264681.3696   647671   23.35%
   4539  2708   263488.2928   291   214586.0000   264646.1486   667190   23.33%
   4638  2761   262051.4357   282   214586.0000   264617.7138   689176   23.32%
   4791  2894   261315.6741   279   214586.0000   264610.1623   706161   23.31%
Elapsed time = 50.50 sec. (141147.33 ticks, tree = 91.90 MB, solutions = 1)
   4959  3032   263523.0204   303   214586.0000   264601.0116   728017   23.31%
   5170  3220   262063.0491   284   214586.0000   264594.3124   747074   23.30%
   5327  3333   261831.2139   273   214586.0000   264572.6785   769412   23.29%
   5449  3433   257604.2185   179   214586.0000   264569.6735   788773   23.29%
   5589  3528   263459.2587   179   214586.0000   264552.3971   809832   23.29%
   5693  3605   263478.8831   359   214586.0000   264545.0000   829047   23.28%
   5801  3676   263521.8745   211   214586.0000   264535.4140   849475   23.28%
   5943  3789    infeasible         214586.0000   264528.5833   868493   23.27%
   6087  3902   261425.0553   203   214586.0000   264523.9375   888470   23.27%
   6217  4006   261235.5051   146   214586.0000   264497.4691   909400   23.26%
Elapsed time = 63.75 sec. (179396.15 ticks, tree = 126.51 MB, solutions = 1)
   6314  4057   263212.5495   223   214586.0000   264476.7788   929926   23.25%
   6470  4190   263748.8833   263   214586.0000   264472.5551   949936   23.25%
   6600  4287   262174.1583   404   214586.0000   264454.5000   971030   23.24%
   6747  4426   262432.9667   309   214586.0000   264453.6381   989730   23.24%
   6858  4509   260220.7348   337   214586.0000   264434.2940  1007814   23.23%
   6974  4600   260657.9416   272   214586.0000   264427.9313  1027589   23.23%
   7065  4663   260262.9201   394   214586.0000   264414.8141  1047793   23.22%
   7170  4736   261747.9342   321   214586.0000   264394.3809  1066885   23.21%
   7313  4847   260332.5395   323   214586.0000   264384.6645  1088895   23.21%
   7442  4954   260920.8804   253   214586.0000   264377.3354  1108515   23.20%
Elapsed time = 78.84 sec. (217959.33 ticks, tree = 152.15 MB, solutions = 1)
   7553  5033   262193.9643   421   214586.0000   264372.0904  1131276   23.20%
   7704  5147    infeasible         214586.0000   264364.3274  1151068   23.20%
   7777  5184    infeasible         214586.0000   264343.3071  1172446   23.19%
Advanced basis not built.

GUB cover cuts applied:  1
Clique cuts applied:  20
Cover cuts applied:  30
Implied bound cuts applied:  43
Flow cuts applied:  22
Mixed integer rounding cuts applied:  180
Zero-half cuts applied:  115
Gomory fractional cuts applied:  11

Root node processing (before b&c):
  Real time             =    0.20 sec. (486.81 ticks)
Sequential b&c:
  Real time             =   82.80 sec. (229351.53 ticks)
                          ------------
Total (root+branch&cut) =   83.00 sec. (229838.34 ticks)
[CPLEX] Status: time limit exceeded
[CPLEX] OPTIMAL OBJ: 214586.0
[CPLEX] Runtime: 83.010 sec
Vehicle 0: d → 1 → 22 → 27 → 3 → 10 → 7 → 8 → 21 → 14 → 28 → 4 → 19 → 23 → 25 → 6 → 12 → 0 → 11 → 29 → d, (requests = [1, 6, 8, 15, 24, 27, 33, 36])
Vehicle 1: d → 5 → 2 → 22 → 27 → 17 → 21 → 14 → 28 → 24 → 4 → 19 → 26 → 13 → 25 → 29 → 15 → 6 → 12 → 20 → 18 → d, (requests = [0, 2, 4, 14, 19, 21, 25, 28, 30])
Vehicle 2: d → 16 → 30 → 20 → 12 → 6 → 25 → 23 → 26 → 19 → 4 → 28 → 14 → 21 → 8 → 17 → d, (requests = [5, 11, 12, 29, 35])
Vehicle 3: d, (requests = [])
Vehicle 4: d → 11 → 0 → 12 → 6 → 25 → 13 → 26 → 19 → 4 → 24 → 9 → 14 → 21 → 17 → 7 → 10 → 27 → 22 → 2 → d, (requests = [7, 16, 18, 22, 23, 32])
Vehicle 5: d → 22 → 27 → 3 → 7 → 21 → 14 → 9 → 24 → 4 → 19 → 23 → 25 → 6 → 12 → 20 → 18 → 16 → d, (requests = [3, 9, 10, 13, 17])
Vehicle 6: d → 30 → 20 → 12 → 6 → 25 → 23 → 19 → 4 → 28 → 14 → 21 → 7 → 27 → 22 → 5 → 1 → d, (requests = [20, 26, 31, 34, 37])
======== PPDSP OBJECTIVE ========
Profit    = 266307
Cost      = 51721
Objective = 214586
=================================
===== RAW XY MODEL =====
12 55 107 148 205 233 278 328 382 385 477 632 687 732 762 807 868 901 960 994 1111 1172 1187 1229 1429 1466 1501 1511 1590 1632 1659 1683 1711 1756 1797 1854 1870 1906 1945 1968 2022 2353 2414 2470 2587 2666 2739 2772 2809 2849 2877 2959 3020 3048 3107 3177 3205 4457 4540 4597 4662 4679 4747 4792 4797 4835 4887 4914 4996 5057 5134 5151 5222 5258 5296 5331 5448 5689 5733 5790 5831 5898 5990 6043 6129 6178 6217 6244 6272 6317 6347 6358 6392 6453 6600 6802 6895 6900 6956 6990 7129 7208 7351 7391 7418 7448 7494 7562 7625 7649 7719 7761 2050 2051 2054 6613 2184 3226 2187 5476 2191 6619 6620 3297 3300 6623 3305 3307 5485 6627 5487 4426 7783 4434 5491 5492 5556 5562 7789 5571 5577 5583 6704 7794 6719 6721 7797 6735 7862 7875
  [Time Manager] Step 42 consumed 83.01s. Total Consumed: 1656.75s.
  [Info] Saved 7882 core assumption literals to p1_A-n32-k5_r39v7k3.lp.asm

[43/60] Building & Solving: R=40, V=7, K=3
Default row names c1, c2 ... being created.
  [Info] Generating MIP Formulation...
  [Time Manager] Global Remaining Budget: 1943.25s | Future Weight Sum: 21951.0
  [Time Manager] Recalibrated Budget for this step: 84.28s
[CPLEX] Setting time limit to 84 seconds
[CPLEX] Reading assumption from p1_A-n32-k5_r39v7k3.lp.asm ...
[CPLEX] Applying MIP Start with 7441 variables.
Version identifier: 22.1.1.0 | 2022-11-28 | 9160aff4d
CPXPARAM_Read_DataCheck                          1
CPXPARAM_Threads                                 1
CPXPARAM_TimeLimit                               84
1 of 1 MIP starts provided solutions.
MIP start 'm1' defined initial solution with objective 214586.0000.
Tried aggregator 1 time.
MIP Presolve eliminated 28 rows and 5971 columns.
MIP Presolve modified 3984 coefficients.
Reduced MIP has 4044 rows, 1918 columns, and 20272 nonzeros.
Reduced MIP has 1484 binaries, 434 generals, 0 SOSs, and 0 indicators.
Presolve time = 0.00 sec. (12.36 ticks)
Probing time = 0.00 sec. (2.83 ticks)
Tried aggregator 1 time.
Detecting symmetries...
Reduced MIP has 4044 rows, 1918 columns, and 20272 nonzeros.
Reduced MIP has 1484 binaries, 434 generals, 0 SOSs, and 0 indicators.
Presolve time = 0.01 sec. (13.30 ticks)
Probing time = 0.00 sec. (2.79 ticks)
Clique table members: 810.
MIP emphasis: balance optimality and feasibility.
MIP search method: dynamic search.
Parallel mode: none, using 1 thread.
Root relaxation solution time = 0.01 sec. (23.68 ticks)

        Nodes                                         Cuts/
   Node  Left     Objective  IInf  Best Integer    Best Bound    ItCnt     Gap

*     0+    0                       214586.0000  1989953.0000           827.35%
      0     0   277791.0000   152   214586.0000   277791.0000      857   29.45%
      0     0   277779.2500   218   214586.0000     Cuts: 212     1005   29.45%
      0     0   277722.9688   211   214586.0000      Cuts: 63     1111   29.42%
      0     0   277577.6475   200   214586.0000      Cuts: 56     1377   29.35%
      0     0   277431.0000   209   214586.0000     Cuts: 134     1519   29.29%
      0     0   277071.0000   173   214586.0000      Cuts: 41     1623   29.12%
      0     0   277071.0000   204   214586.0000     Cuts: 128     1655   29.12%
      0     0   277042.1944   366   214586.0000  ZeroHalf: 45     1791   29.11%
      0     0   277004.9167   365   214586.0000      Cuts: 98     1871   29.09%
      0     0   276910.0000   262   214586.0000     Cuts: 119     1942   29.04%
      0     0   276806.7500   246   214586.0000      Cuts: 74     2189   29.00%
      0     0   276683.7500   247   214586.0000      Cuts: 78     2549   28.94%
      0     0   276677.0000   239   214586.0000      Cuts: 31     2595   28.94%
      0     2   276677.0000   234   214586.0000   276676.7500     2595   28.94%
Elapsed time = 0.57 sec. (1347.56 ticks, tree = 0.01 MB, solutions = 1)
      5     7   276309.5573   287   214586.0000   276676.7500     5742   28.94%
      9    11   276218.3700   106   214586.0000   276676.7500     7518   28.94%
     17    19   274661.1460   165   214586.0000   276676.7500     9688   28.94%
     19    21   274347.8604   226   214586.0000   276676.7500    12056   28.94%
     30    32   273798.4511    94   214586.0000   276676.7500    13439   28.94%
     54    50    infeasible         214586.0000   276676.7500    15390   28.94%
     60    54   275671.0000   197   214586.0000   276495.9709    17113   28.85%
     64    58   275131.9394   188   214586.0000   276495.9709    19011   28.85%
     73    67   274712.2010   173   214586.0000   276495.9709    20669   28.85%
    169   139   275885.8333   259   214586.0000   276481.2539    26877   28.84%
Elapsed time = 1.90 sec. (4932.76 ticks, tree = 3.27 MB, solutions = 1)
    259   216   274411.6114   337   214586.0000   276424.5138    33330   28.82%
    316   264   274698.1568   167   214586.0000   276423.5698    40263   28.82%
    404   337   270728.6607   180   214586.0000   276397.4128    46772   28.80%
    497   417   270840.3533   131   214586.0000   276356.4341    53676   28.79%
    581   474   276129.7318   299   214586.0000   276316.7946    60430   28.77%
    710   567   275775.5568   358   214586.0000   276315.1480    67345   28.77%
    781   630   274852.3211   145   214586.0000   276296.0880    74368   28.76%
    853   682   274530.7837   461   214586.0000   276280.9601    80668   28.75%
    897   726   239967.7741   376   214586.0000   276280.9601    86753   28.75%

Performing restart 1

Repeating presolve.
Tried aggregator 1 time.
MIP Presolve modified 168 coefficients.
Reduced MIP has 4044 rows, 1918 columns, and 20272 nonzeros.
Reduced MIP has 1484 binaries, 434 generals, 0 SOSs, and 0 indicators.
Presolve time = 0.01 sec. (11.90 ticks)
Tried aggregator 1 time.
Reduced MIP has 4044 rows, 1918 columns, and 20272 nonzeros.
Reduced MIP has 1484 binaries, 434 generals, 0 SOSs, and 0 indicators.
Presolve time = 0.01 sec. (13.92 ticks)
Represolve time = 0.02 sec. (38.11 ticks)
   1002     0   276555.5499   380   214586.0000      Cuts: 67    92739   28.72%
   1002     0   276510.6364   253   214586.0000      Cuts: 71    92858   28.72%
   1002     0   276499.5000   257   214586.0000     Cuts: 102    92953   28.72%
   1002     0   276433.5895   249   214586.0000      Cuts: 41    93064   28.72%
   1002     0   276399.7606   374   214586.0000     Cuts: 130    93379   28.72%
   1002     0   276348.2013   326   214586.0000     Cuts: 124    93676   28.72%
   1002     0   276348.0477   333   214586.0000     Cuts: 173    93733   28.72%
   1002     0   276348.0477   337   214586.0000      Cuts: 81    93750   28.72%
   1002     0   276348.0477   328   214586.0000      Cuts: 30    93757   28.72%
   1002     0   276342.7616   359   214586.0000      Cuts: 20    93915   28.72%
   1002     2   276342.7616   359   214586.0000   276221.6973    93915   28.72%
Elapsed time = 7.18 sec. (19308.31 ticks, tree = 0.01 MB, solutions = 1)
   1003     3   276303.0449   301   214586.0000   276221.6973    94590   28.72%
   1005     5   276240.6524   416   214586.0000   276221.6973    95420   28.72%
   1006     6   276022.3333   222   214586.0000   276221.6973    96643   28.72%
   1008     8   275772.2199   145   214586.0000   276221.6973   101398   28.72%
   1010    10   275656.6364   241   214586.0000   276221.6973   104052   28.72%
   1013    13   275614.6969   252   214586.0000   276221.6973   106923   28.72%
   1016    14   274322.5000   246   214586.0000   276221.6973   109621   28.72%
   1017    15   274136.0091   405   214586.0000   276221.6973   111106   28.72%
   1019    17   274258.4691   346   214586.0000   276221.6973   111720   28.72%
   1022    20   274179.4152   199   214586.0000   276221.6973   112558   28.72%
Elapsed time = 11.23 sec. (31706.52 ticks, tree = 0.20 MB, solutions = 1)
   1025    23   274038.1625   430   214586.0000   276221.6973   114661   28.72%
   1029    26   273834.3258   152   214586.0000   276221.6973   116547   28.72%
   1034    31   273501.5158   262   214586.0000   276221.6973   117498   28.72%
   1038    35   273250.7002   151   214586.0000   276221.6973   118940   28.72%
   1042    39   271601.9835   347   214586.0000   276221.6973   123489   28.72%
   1048    45   271394.4184   214   214586.0000   276221.6973   124846   28.72%
   1053    50   270372.6739   188   214586.0000   276221.6973   128894   28.72%
   1061    56   269992.4823   301   214586.0000   276221.6973   132192   28.72%
   1067    62   269682.8329   314   214586.0000   276221.6973   134605   28.72%
   1072    67   269400.2231   269   214586.0000   276221.6973   135909   28.72%
Elapsed time = 15.10 sec. (42439.68 ticks, tree = 0.91 MB, solutions = 1)
   1081    76   269110.1832   302   214586.0000   276221.6973   137719   28.72%
   1096    91   266750.2995   302   214586.0000   276221.6973   140375   28.72%
   1101    92   274881.6384   331   214586.0000   276221.6973   142351   28.72%
   1107    98   274275.1232   249   214586.0000   276221.6973   144447   28.72%
   1116   107   273652.8261   592   214586.0000   276221.6973   147620   28.72%
   1122   107   274829.6667   218   214586.0000   276200.0968   152480   28.71%
   1127   112   274600.3333   247   214586.0000   276200.0968   153934   28.71%
   1136   121   274189.0383   582   214586.0000   276200.0968   154975   28.71%
   1143   126   273072.3400   337   214586.0000   276200.0968   158754   28.71%
   1163   146   272394.4421   400   214586.0000   276200.0968   161159   28.71%
Elapsed time = 20.60 sec. (53339.09 ticks, tree = 3.35 MB, solutions = 1)
   1181   164   270765.6530   243   214586.0000   276200.0968   163395   28.71%
   1190   168   274323.0000   190   214586.0000   276022.0000   165549   28.63%
   1203   181   273489.0000   205   214586.0000   276022.0000   167106   28.63%
   1226   204   271790.7045   321   214586.0000   276022.0000   169501   28.63%
   1237   214   268159.0000   311   214586.0000   276022.0000   171230   28.63%
   1257   234   240124.2500   215   214586.0000   276022.0000   173941   28.63%
   1295   272   232339.0000   171   214586.0000   276022.0000   175636   28.63%
   1327   298   275498.0207   209   214586.0000   276013.5000   177780   28.63%
   1366   329   275814.5000   249   214586.0000   276007.0000   181153   28.62%
   1396   359   273395.7840   226   214586.0000   276007.0000   185401   28.62%
Elapsed time = 24.05 sec. (63284.25 ticks, tree = 6.54 MB, solutions = 1)
   1418   378   268003.1094   352   214586.0000   276007.0000   189898   28.62%
   1446   402   275933.6746   359   214586.0000   275973.0000   193953   28.61%
   1474   426   275340.2000   505   214586.0000   275949.9399   198303   28.60%
   1493   445   272052.3438   287   214586.0000   275949.9399   202548   28.60%
   1518   464    infeasible         214586.0000   275949.9399   207382   28.60%
   1544   488   273297.0369   426   214586.0000   275933.6746   212534   28.59%
   1580   516   275355.3433   464   214586.0000   275902.1142   216304   28.57%
   1609   545   272643.0773   296   214586.0000   275902.1142   221757   28.57%
   1635   567   274094.8513   349   214586.0000   275891.4623   227326   28.57%
   1658   584    infeasible         214586.0000   275891.4623   232798   28.57%
Elapsed time = 27.52 sec. (73262.52 ticks, tree = 14.56 MB, solutions = 1)
   1686   608    infeasible         214586.0000   275881.5186   237566   28.56%
   1709   625   273506.3816   138   214586.0000   275850.4471   243169   28.55%
   1735   647   274116.7259   302   214586.0000   275790.0000   249008   28.52%
   1762   668   273143.4040   301   214586.0000   275786.8732   253169   28.52%
   1799   703    infeasible         214586.0000   275786.8732   257623   28.52%
   1834   732   272631.1188   260   214586.0000   275758.4204   262670   28.51%
   1896   793   260366.1337   253   214586.0000   275758.4204   268116   28.51%
   1922   808   274820.1026   157   214586.0000   275748.2817   271930   28.50%
   1953   831    infeasible         214586.0000   275748.2817   279056   28.50%
   1991   869   271621.3282   301   214586.0000   275745.2375   283126   28.50%
Elapsed time = 31.02 sec. (83214.54 ticks, tree = 23.80 MB, solutions = 1)
   2012   886   272728.5938   147   214586.0000   275734.2667   289130   28.50%
   2055   923   270644.0807   255   214586.0000   275732.4167   293564   28.50%
   2090   944   275397.2522   256   214586.0000   275726.3247   298946   28.49%
   2116   964   274762.5325   412   214586.0000   275719.8216   304599   28.49%
   2157  1005   270132.8873   352   214586.0000   275719.8216   309102   28.49%
   2189  1025   272492.2208   295   214586.0000   275695.5877   314629   28.48%
   2212  1041   269893.7600   223   214586.0000   275677.0800   320495   28.47%
   2270  1094   273952.1311   194   214586.0000   275657.9572   324848   28.46%
   2299  1119   270827.5377   349   214586.0000   275657.9572   328197   28.46%
   2329  1137   274352.7041   217   214586.0000   275638.8507   333627   28.45%
Elapsed time = 34.53 sec. (93129.75 ticks, tree = 33.36 MB, solutions = 1)
   2345  1145   274545.1953   241   214586.0000   275566.0700   339382   28.42%
   2380  1176   272510.7107   271   214586.0000   275554.7901   345225   28.41%
   2415  1203   272185.8720   263   214586.0000   275549.9078   350647   28.41%
   2446  1226   269883.3162   238   214586.0000   275549.1269   356770   28.41%
   2504  1284   257081.4911   281   214586.0000   275549.1269   361810   28.41%
   2533  1309   272864.5029   338   214586.0000   275520.3448   367469   28.40%
   2561  1331   273897.6206   534   214586.0000   275516.7319   373674   28.39%
   2584  1350   274931.3410   313   214586.0000   275497.5843   379231   28.39%
   2617  1379   273984.2258   445   214586.0000   275493.3324   384405   28.38%
   2687  1421   273690.8556   230   214586.0000   275443.0442   405240   28.36%
Elapsed time = 39.07 sec. (105904.20 ticks, tree = 41.32 MB, solutions = 1)
   2820  1518   274590.2271   332   214586.0000   275441.3271   427415   28.36%
   2940  1608    infeasible         214586.0000   275410.0000   450495   28.34%
   3062  1704   273805.8706   227   214586.0000   275377.9673   472416   28.33%
   3241  1856   271219.9407   200   214586.0000   275366.5233   493983   28.32%
   3397  1990   272319.3287   285   214586.0000   275358.5000   514005   28.32%
   3560  2135   272925.5598   337   214586.0000   275353.0542   536395   28.32%
   3687  2232    infeasible         214586.0000   275339.5625   559107   28.31%
   3778  2299   272045.3297   530   214586.0000   275326.7386   581424   28.31%
   3888  2370   271675.7632   312   214586.0000   275285.0270   604713   28.29%
   4034  2494   273546.5210   248   214586.0000   275270.4815   628061   28.28%
Elapsed time = 54.32 sec. (144187.03 ticks, tree = 76.84 MB, solutions = 1)
   4171  2616   272566.3341   184   214586.0000   275262.2460   651095   28.28%
   4295  2707   274889.8083   405   214586.0000   275248.4474   673227   28.27%
   4443  2826   271365.7851   332   214586.0000   275245.7616   696168   28.27%
   4518  2877   274665.0272   401   214586.0000   275238.2335   718669   28.26%
   4649  2984   271597.1724   397   214586.0000   275220.0739   741331   28.26%
   4773  3076   275216.5479   182   214586.0000   275216.5458   764887   28.25%
   4890  3175   272218.9703   350   214586.0000   275214.4398   787185   28.25%
*  5002+ 3279                       215844.0000   275213.5124            27.51%
   5028  3301   271909.1060   329   215844.0000   275208.8228   807352   27.50%
   5181  3418   272937.8115   320   215844.0000   275203.4683   830991   27.50%
   5276  3489    infeasible         215844.0000   275199.7697   853902   27.50%
Elapsed time = 67.57 sec. (182634.50 ticks, tree = 112.24 MB, solutions = 2)
   5421  3602   272394.5838   322   215844.0000   275193.1673   877952   27.50%
   5549  3696   272385.9285   281   215844.0000   275181.1746   901344   27.49%
   5722  3838   273944.5525   233   215844.0000   275172.2639   924273   27.49%
   5853  3939   270833.8580   357   215844.0000   275163.9801   946837   27.48%
   6051  4109    infeasible         215844.0000   275161.1398   968713   27.48%
   6171  4204   272764.0000   236   215844.0000   275151.4700   993235   27.48%
   6329  4334   274460.5444   391   215844.0000   275145.7119  1016810   27.47%
   6488  4475   270860.8649   435   215844.0000   275141.9671  1039829   27.47%
   6607  4575   271986.2336   233   215844.0000   275138.2209  1061313   27.47%
   6740  4674   272700.8276   220   215844.0000   275128.6418  1083214   27.47%
Elapsed time = 80.91 sec. (220855.64 ticks, tree = 154.52 MB, solutions = 2)
   6872  4774   273901.2526   301   215844.0000   275122.0750  1107000   27.46%
   6945  4821   270332.9807   256   215844.0000   275113.6122  1127502   27.46%

Clique cuts applied:  16
Cover cuts applied:  10
Implied bound cuts applied:  68
Flow cuts applied:  11
Mixed integer rounding cuts applied:  171
Zero-half cuts applied:  194
Lift and project cuts applied:  1
Gomory fractional cuts applied:  15

Root node processing (before b&c):
  Real time             =    0.56 sec. (1345.10 ticks)
Sequential b&c:
  Real time             =   83.44 sec. (227804.66 ticks)
                          ------------
Total (root+branch&cut) =   84.00 sec. (229149.77 ticks)
[CPLEX] Status: time limit exceeded
[CPLEX] OPTIMAL OBJ: 215844.0
[CPLEX] Runtime: 84.010 sec
Vehicle 0: d → 1 → 22 → 27 → 3 → 10 → 7 → 8 → 21 → 14 → 28 → 4 → 19 → 23 → 25 → 6 → 0 → 11 → 29 → d, (requests = [1, 6, 8, 15, 24, 27, 36, 39])
Vehicle 1: d → 5 → 2 → 22 → 27 → 17 → 21 → 14 → 28 → 24 → 4 → 19 → 26 → 13 → 25 → 29 → 15 → 6 → 12 → 20 → 18 → d, (requests = [0, 2, 4, 14, 19, 21, 25, 28, 30])
Vehicle 2: d → 16 → 30 → 20 → 12 → 6 → 25 → 23 → 26 → 19 → 4 → 28 → 14 → 21 → 8 → 17 → d, (requests = [5, 11, 12, 29, 35])
Vehicle 3: d, (requests = [])
Vehicle 4: d → 11 → 0 → 12 → 6 → 25 → 13 → 26 → 19 → 4 → 24 → 9 → 14 → 21 → 17 → 7 → 10 → 27 → 22 → 2 → d, (requests = [7, 16, 18, 22, 23, 32])
Vehicle 5: d → 22 → 27 → 3 → 7 → 21 → 14 → 9 → 24 → 4 → 19 → 23 → 25 → 6 → 12 → 20 → 18 → 16 → d, (requests = [3, 9, 10, 13, 17])
Vehicle 6: d → 30 → 20 → 12 → 6 → 25 → 23 → 19 → 4 → 28 → 14 → 21 → 7 → 27 → 22 → 5 → 1 → d, (requests = [20, 26, 31, 34, 37])
======== PPDSP OBJECTIVE ========
Profit    = 267037
Cost      = 51193
Objective = 215844
=================================
===== RAW XY MODEL =====
12 55 107 148 193 233 278 328 382 477 632 687 732 762 807 868 901 960 994 1111 1172 1187 1229 1429 1466 1501 1511 1590 1632 1659 1683 1711 1756 1797 1854 1870 1906 1945 1968 2022 2353 2414 2470 2587 2666 2739 2772 2809 2849 2877 2959 3020 3048 3107 3177 3205 4457 4540 4597 4662 4679 4747 4792 4797 4835 4887 4914 4996 5057 5134 5151 5222 5258 5296 5331 5448 5689 5733 5790 5831 5898 5990 6043 6129 6178 6217 6244 6272 6317 6347 6358 6392 6453 6600 6802 6895 6900 6956 6990 7129 7208 7351 7391 7418 7448 7494 7562 7625 7649 7719 7761 2050 2051 2054 6613 2184 3226 2187 5476 2191 6619 6620 3297 3300 6623 3305 3307 5485 6627 5487 4426 7783 4434 5491 5492 5556 5562 7789 5571 5577 5583 6704 7794 6719 7797 6735 7862 7875 7883
  [Time Manager] Step 43 consumed 84.01s. Total Consumed: 1740.76s.
  [Info] Saved 7889 core assumption literals to p1_A-n32-k5_r40v7k3.lp.asm

[44/60] Building & Solving: R=41, V=7, K=3
Default row names c1, c2 ... being created.
  [Info] Generating MIP Formulation...
  [Time Manager] Global Remaining Budget: 1859.24s | Future Weight Sum: 20999.0
  [Time Manager] Recalibrated Budget for this step: 84.91s
[CPLEX] Setting time limit to 84 seconds
[CPLEX] Reading assumption from p1_A-n32-k5_r40v7k3.lp.asm ...
[CPLEX] Applying MIP Start with 7448 variables.
Version identifier: 22.1.1.0 | 2022-11-28 | 9160aff4d
CPXPARAM_Read_DataCheck                          1
CPXPARAM_Threads                                 1
CPXPARAM_TimeLimit                               84
1 of 1 MIP starts provided solutions.
MIP start 'm1' defined initial solution with objective 215844.0000.
Tried aggregator 1 time.
MIP Presolve eliminated 21 rows and 5971 columns.
MIP Presolve modified 3996 coefficients.
Reduced MIP has 4073 rows, 1925 columns, and 20496 nonzeros.
Reduced MIP has 1491 binaries, 434 generals, 0 SOSs, and 0 indicators.
Presolve time = 0.01 sec. (12.47 ticks)
Probing time = 0.00 sec. (2.84 ticks)
Tried aggregator 1 time.
Detecting symmetries...
Reduced MIP has 4073 rows, 1925 columns, and 20496 nonzeros.
Reduced MIP has 1491 binaries, 434 generals, 0 SOSs, and 0 indicators.
Presolve time = 0.01 sec. (13.41 ticks)
Probing time = 0.00 sec. (2.80 ticks)
Clique table members: 804.
MIP emphasis: balance optimality and feasibility.
MIP search method: dynamic search.
Parallel mode: none, using 1 thread.
Root relaxation solution time = 0.02 sec. (28.02 ticks)

        Nodes                                         Cuts/
   Node  Left     Objective  IInf  Best Integer    Best Bound    ItCnt     Gap

*     0+    0                       215844.0000  2084257.0000           865.63%
      0     0   291263.0000   154   215844.0000   291263.0000      903   34.94%
      0     0   291240.7800   220   215844.0000     Cuts: 213     1080   34.93%
      0     0   291185.1317   214   215844.0000      Cuts: 62     1189   34.91%
      0     0   291057.3051   196   215844.0000  ZeroHalf: 42     1435   34.85%
      0     0   290903.0000   208   215844.0000     Cuts: 142     1558   34.77%
      0     0   290543.0000   175   215844.0000  ZeroHalf: 34     1655   34.61%
      0     0   290543.0000   206   215844.0000     Cuts: 131     1689   34.61%
      0     0   290494.1795   243   215844.0000  ZeroHalf: 53     1988   34.59%
      0     0   290411.2500   240   215844.0000     Cuts: 111     2049   34.55%
      0     0   290242.1667   263   215844.0000      Cuts: 67     2164   34.47%
      0     0   290160.7500   275   215844.0000      Cuts: 85     2302   34.43%
      0     0   289978.1100   259   215844.0000      Cuts: 54     2451   34.35%
      0     0   289959.7500   250   215844.0000      Cuts: 90     2486   34.34%
      0     2   289959.7500   250   215844.0000   289959.2500     2486   34.34%
Elapsed time = 2.31 sec. (1019.34 ticks, tree = 0.01 MB, solutions = 1)
      4     6   289713.2929   231   215844.0000   289797.2979     4491   34.26%
      7     9   289176.6770   226   215844.0000   289797.2979     6999   34.26%
     10    12   288947.4631   226   215844.0000   289797.2979     8630   34.26%
     20    22   288262.4332   219   215844.0000   289797.2979    10758   34.26%
     40    41   286993.6586   165   215844.0000   289797.2979    11955   34.26%
     94    83    infeasible         215844.0000   289797.2979    13912   34.26%
    101    88   289255.8998   203   215844.0000   289795.6471    15002   34.26%
    110    97   288409.6437   375   215844.0000   289795.6471    16975   34.26%
    128   115   287518.5015   159   215844.0000   289795.6471    18948   34.26%
    185   166   285668.3259   221   215844.0000   289672.2494    24725   34.20%
Elapsed time = 3.72 sec. (4490.04 ticks, tree = 3.81 MB, solutions = 1)
    259   220   289544.5723   162   215844.0000   289665.3750    31006   34.20%
    293   244   289349.3333   252   215844.0000   289592.9006    36753   34.17%
    377   320   288374.5184   105   215844.0000   289592.9006    42613   34.17%
    401   335   289250.3818   150   215844.0000   289591.9071    48764   34.17%
    463   388   286141.6875   172   215844.0000   289580.1000    54834   34.16%

Performing restart 1

Repeating presolve.
Tried aggregator 1 time.
MIP Presolve modified 168 coefficients.
Reduced MIP has 4073 rows, 1925 columns, and 20496 nonzeros.
Reduced MIP has 1491 binaries, 434 generals, 0 SOSs, and 0 indicators.
Presolve time = 0.01 sec. (12.00 ticks)
Tried aggregator 1 time.
Reduced MIP has 4073 rows, 1925 columns, and 20496 nonzeros.
Reduced MIP has 1491 binaries, 434 generals, 0 SOSs, and 0 indicators.
Presolve time = 0.01 sec. (14.07 ticks)
Represolve time = 0.02 sec. (38.73 ticks)
    482     0   289903.3816   220   215844.0000      Cuts: 30    58613   34.16%
    482     0   289896.7407   237   215844.0000     Cuts: 108    58732   34.16%
    482     0   289894.2222   229   215844.0000      Cuts: 27    58777   34.16%
    482     0   289869.2684   359   215844.0000     Cuts: 135    59072   34.16%
    482     0   289835.3473   597   215844.0000      Cuts: 67    59250   34.16%
    482     0   289820.0000   219   215844.0000     Cuts: 138    59299   34.16%
    482     0   289820.0000   197   215844.0000      Cuts: 60    59312   34.16%
    482     0   289820.0000   205   215844.0000     Cuts: 183    59350   34.16%
    482     0   289820.0000   198   215844.0000      Cuts: 92    59361   34.16%
    482     2   289820.0000   198   215844.0000   289580.0625    59361   34.16%
    483     3   289799.6531   385   215844.0000   289580.0625    59701   34.16%
    484     4   287963.8252   385   215844.0000   289580.0625    62565   34.16%
    485     5   287904.6883   424   215844.0000   289580.0625    63403   34.16%
    488     6   287802.4218   361   215844.0000   289580.0625    65597   34.16%
Elapsed time = 9.59 sec. (20576.73 ticks, tree = 0.05 MB, solutions = 1)
    489     7   287724.6180   458   215844.0000   289580.0625    66232   34.16%
    491     9   287593.1308   402   215844.0000   289580.0625    67272   34.16%
    492    10   287586.7564   338   215844.0000   289580.0625    67417   34.16%
    494    11   286691.8085   349   215844.0000   289580.0625    68397   34.16%
    496    13   286620.3727   357   215844.0000   289580.0625    69898   34.16%
    501    16   286212.3164   252   215844.0000   289580.0625    71377   34.16%
    505    18   285935.9143   248   215844.0000   289580.0625    72552   34.16%
    509    18   289495.2500   234   215844.0000   289580.0625    74358   34.16%
    512    21   289440.1538   219   215844.0000   289580.0625    75408   34.16%
    514    23   288731.0241   271   215844.0000   289580.0625    76803   34.16%
Elapsed time = 13.76 sec. (33231.23 ticks, tree = 0.43 MB, solutions = 1)
    517    26   286879.2907   223   215844.0000   289580.0625    80890   34.16%
    520    29   286849.0381   242   215844.0000   289580.0625    82229   34.16%
    523    32   286428.5394   418   215844.0000   289580.0625    84585   34.16%
    528    37   285976.2587   207   215844.0000   289580.0625    86206   34.16%
    532    40   283567.6667   381   215844.0000   289580.0625    87686   34.16%
    537    45   282902.6818   284   215844.0000   289580.0625    90310   34.16%
    544    52   282549.3454   283   215844.0000   289580.0625    95875   34.16%
    547    55   281291.0426   339   215844.0000   289580.0625    97209   34.16%
    550    58   282255.3413   426   215844.0000   289580.0625    97993   34.16%
    555    63   281430.0017   368   215844.0000   289580.0625    99856   34.16%
Elapsed time = 17.67 sec. (44501.22 ticks, tree = 0.87 MB, solutions = 1)
    562    69   277970.6145   411   215844.0000   289580.0625   101157   34.16%
    567    74   277217.8959   348   215844.0000   289580.0625   102496   34.16%
    572    78   275804.1417   276   215844.0000   289580.0625   104396   34.16%
    587    83   289751.0409   189   215844.0000   289580.0625   109559   34.16%
    592    88   289687.8439   166   215844.0000   289580.0625   110795   34.16%
    600    96   289241.7229   286   215844.0000   289580.0625   114853   34.16%
    605   101   286925.6926   182   215844.0000   289580.0625   119954   34.16%
    615   111   286113.7079   291   215844.0000   289580.0625   123467   34.16%
    623   119   285400.3599   269   215844.0000   289580.0625   125053   34.16%
    642   137   283274.1576   319   215844.0000   289580.0625   129157   34.16%
Elapsed time = 21.39 sec. (55395.75 ticks, tree = 0.97 MB, solutions = 1)
    688   183   279003.8479   186   215844.0000   289580.0625   135132   34.16%
    724   211   289454.0258   340   215844.0000   289580.0625   140343   34.16%
    734   221   288286.9804   264   215844.0000   289580.0625   144513   34.16%
    740   227   287558.6944   406   215844.0000   289580.0625   148484   34.16%
    744   231   284895.2000   405   215844.0000   289580.0625   152186   34.16%
    752   239   283877.1179   457   215844.0000   289580.0625   157943   34.16%
    770   257   279901.6336   397   215844.0000   289580.0625   165252   34.16%
    783   270   279007.5642   381   215844.0000   289580.0625   168762   34.16%
    811   297   266253.9555   288   215844.0000   289580.0625   175642   34.16%
    827   308   289052.7002   340   215844.0000   289580.0625   182163   34.16%
Elapsed time = 25.01 sec. (65615.67 ticks, tree = 1.21 MB, solutions = 1)
    840   319    infeasible         215844.0000   289580.0625   189795   34.16%
    844   319   288338.5955   332   215844.0000   289580.0625   195760   34.16%
    860   333   287942.5904   406   215844.0000   289580.0625   202440   34.16%
    871   342   285944.2676   333   215844.0000   289580.0625   211207   34.16%
    881   348   288427.8148   439   215844.0000   289580.0625   219275   34.16%
    884   351   286777.4151   422   215844.0000   289580.0625   225320   34.16%
    908   375   285809.3814   311   215844.0000   289580.0625   233637   34.16%
    936   397   287744.7500   204   215844.0000   289580.0625   243589   34.16%
    961   422   285484.3434   387   215844.0000   289580.0625   252654   34.16%
    966   423   289364.3586   314   215844.0000   289580.0625   258393   34.16%
Elapsed time = 28.60 sec. (76335.40 ticks, tree = 1.36 MB, solutions = 1)
    978   433    infeasible         215844.0000   289580.0625   266421   34.16%
    988   441   286384.8415   196   215844.0000   289580.0625   272077   34.16%
    993   442   288942.0799   333   215844.0000   289580.0625   278514   34.16%
   1010   457   286709.4075   251   215844.0000   289580.0625   288111   34.16%
   1029   476   285278.7809   239   215844.0000   289580.0625   297291   34.16%
   1056   501   281781.3110   190   215844.0000   289580.0625   307085   34.16%
   1092   529   289332.4283   268   215844.0000   289580.0625   315646   34.16%
   1104   537    infeasible         215844.0000   289580.0625   325869   34.16%
   1113   542    infeasible         215844.0000   289558.2087   333290   34.15%
   1133   562   286745.5854   298   215844.0000   289507.4348   341963   34.13%
Elapsed time = 31.98 sec. (86316.32 ticks, tree = 1.67 MB, solutions = 1)
   1162   585   288525.7476   263   215844.0000   289495.2500   349727   34.12%
   1178   597   287392.2500   186   215844.0000   289492.8039   359428   34.12%
   1189   608   286751.6944   411   215844.0000   289492.8039   368205   34.12%
   1200   617   282314.8709   353   215844.0000   289492.8039   375541   34.12%
   1216   632   280897.0529   316   215844.0000   289492.8039   383701   34.12%
   1241   654   288116.6352   190   215844.0000   289460.9804   392657   34.11%
   1255   668   286084.4281   261   215844.0000   289460.9804   402637   34.11%
   1271   680   288192.6667   252   215844.0000   289460.7561   411053   34.11%
   1293   702   285661.6825   333   215844.0000   289460.7561   420063   34.11%
   1299   704   286375.0878   278   215844.0000   289453.0696   427127   34.10%
Elapsed time = 37.38 sec. (97055.52 ticks, tree = 1.85 MB, solutions = 1)
   1322   727   280838.7117   244   215844.0000   289453.0696   435761   34.10%
   1359   764   272162.2070   184   215844.0000   289453.0696   446056   34.10%
   1442   845   258618.3620   198   215844.0000   289453.0696   456535   34.10%
   1528   927   288651.0407   278   215844.0000   289442.5641   462314   34.10%
   1539   938   286153.5938   235   215844.0000   289442.5641   472512   34.10%
   1583   980   281607.6075   246   215844.0000   289442.5641   484704   34.10%
   1613  1006   286864.4338   229   215844.0000   289364.1318   492684   34.06%
   1630  1023   283817.2334   295   215844.0000   289364.1318   502672   34.06%
   1650  1037   287970.5102   213   215844.0000   289362.9460   513010   34.06%
   1722  1101   280999.8885   185   215844.0000   289354.4815   549766   34.06%
Elapsed time = 42.09 sec. (110160.14 ticks, tree = 2.45 MB, solutions = 1)
   1823  1188   284941.9378   269   215844.0000   289327.4869   585614   34.04%
   1912  1259   285200.8974   285   215844.0000   289284.3646   620253   34.02%
   1977  1310   282034.7357   351   215844.0000   289270.0418   659241   34.02%
   2050  1373   283030.9069   297   215844.0000   289237.7642   696875   34.00%
   2119  1434   278607.1975   271   215844.0000   289227.0000   731194   34.00%
   2229  1539   276277.7651   251   215844.0000   289226.9850   770447   34.00%
   2348  1646   286157.4194   296   215844.0000   289213.2755   810370   33.99%
   2445  1743   273230.7800   316   215844.0000   289213.2755   849654   33.99%
   2666  1950    infeasible         215844.0000   289151.9375   886369   33.96%
   2745  2029   277576.1927   215   215844.0000   289151.6762   927167   33.96%
Elapsed time = 55.21 sec. (148550.88 ticks, tree = 3.74 MB, solutions = 1)
   2858  2130   287463.7929   447   215844.0000   289138.9907   963935   33.96%
   2941  2197   284317.2470   255   215844.0000   289133.3307  1001641   33.95%
   3031  2277   285763.1326   305   215844.0000   289082.0743  1041239   33.93%
   3087  2321   283997.6455   183   215844.0000   289056.8333  1080129   33.92%
   3180  2406   288003.6333   391   215844.0000   289051.4496  1116580   33.92%
   3248  2466   283394.3682   301   215844.0000   289010.1250  1154372   33.90%
   3320  2530   282424.7870   228   215844.0000   288965.4507  1192673   33.88%
   3417  2615    infeasible         215844.0000   288962.4507  1230433   33.88%
   3575  2755   284172.0257   285   215844.0000   288945.5890  1265285   33.87%
   3670  2828   285858.2556   259   215844.0000   288915.0564  1301914   33.85%
Elapsed time = 68.56 sec. (186999.70 ticks, tree = 5.07 MB, solutions = 1)
   3750  2896    infeasible         215844.0000   288904.8431  1337388   33.85%
   3829  2967    infeasible         215844.0000   288893.5250  1377600   33.84%
   3914  3042   287892.2867   179   215844.0000   288858.9987  1414642   33.83%
   3989  3105   279459.5691   169   215844.0000   288836.3922  1453770   33.82%
   4082  3178   286101.0823   200   215844.0000   288829.4372  1490052   33.81%
   4222  3310   278820.7034   261   215844.0000   288813.0743  1529665   33.81%
   4382  3452   283548.8655   195   215844.0000   288808.3250  1571108   33.80%
   4447  3503   282779.7910   336   215844.0000   288801.0867  1608909   33.80%
   4528  3558    infeasible         215844.0000   288794.4815  1645343   33.80%
   4632  3638   287753.4989   443   215844.0000   288779.4353  1682018   33.79%
Elapsed time = 83.75 sec. (225475.34 ticks, tree = 6.19 MB, solutions = 1)

Clique cuts applied:  12
Cover cuts applied:  13
Implied bound cuts applied:  48
Flow cuts applied:  4
Mixed integer rounding cuts applied:  169
Zero-half cuts applied:  120
Gomory fractional cuts applied:  12

Root node processing (before b&c):
  Real time             =    2.31 sec. (1016.78 ticks)
Sequential b&c:
  Real time             =   81.69 sec. (225254.57 ticks)
                          ------------
Total (root+branch&cut) =   84.00 sec. (226271.35 ticks)
[CPLEX] Status: time limit exceeded
[CPLEX] OPTIMAL OBJ: 215844.0
[CPLEX] Runtime: 84.010 sec
Vehicle 0: d → 1 → 22 → 27 → 3 → 10 → 7 → 8 → 21 → 14 → 28 → 4 → 19 → 23 → 25 → 6 → 0 → 11 → 29 → d, (requests = [1, 6, 8, 15, 24, 27, 36, 39])
Vehicle 1: d → 5 → 2 → 22 → 27 → 17 → 21 → 14 → 28 → 24 → 4 → 19 → 26 → 13 → 25 → 29 → 15 → 6 → 12 → 20 → 18 → d, (requests = [0, 2, 4, 14, 19, 21, 25, 28, 30])
Vehicle 2: d → 16 → 30 → 20 → 12 → 6 → 25 → 23 → 26 → 19 → 4 → 28 → 14 → 21 → 8 → 17 → d, (requests = [5, 11, 12, 29, 35])
Vehicle 3: d, (requests = [])
Vehicle 4: d → 11 → 0 → 12 → 6 → 25 → 13 → 26 → 19 → 4 → 24 → 9 → 14 → 21 → 17 → 7 → 10 → 27 → 22 → 2 → d, (requests = [7, 16, 18, 22, 23, 32])
Vehicle 5: d → 22 → 27 → 3 → 7 → 21 → 14 → 9 → 24 → 4 → 19 → 23 → 25 → 6 → 12 → 20 → 18 → 16 → d, (requests = [3, 9, 10, 13, 17])
Vehicle 6: d → 30 → 20 → 12 → 6 → 25 → 23 → 19 → 4 → 28 → 14 → 21 → 7 → 27 → 22 → 5 → 1 → d, (requests = [20, 26, 31, 34, 37])
======== PPDSP OBJECTIVE ========
Profit    = 267037
Cost      = 51193
Objective = 215844
=================================
===== RAW XY MODEL =====
12 55 107 148 193 233 278 328 382 477 632 687 732 762 807 868 901 960 994 1111 1172 1187 1229 1429 1466 1501 1511 1590 1632 1659 1683 1711 1756 1797 1854 1870 1906 1945 1968 2022 2353 2414 2470 2587 2666 2739 2772 2809 2849 2877 2959 3020 3048 3107 3177 3205 4457 4540 4597 4662 4679 4747 4792 4797 4835 4887 4914 4996 5057 5134 5151 5222 5258 5296 5331 5448 5689 5733 5790 5831 5898 5990 6043 6129 6178 6217 6244 6272 6317 6347 6358 6392 6453 6600 6802 6895 6900 6956 6990 7129 7208 7351 7391 7418 7448 7494 7562 7625 7649 7719 7761 2050 2051 2054 6613 2184 3226 2187 5476 2191 6619 6620 3297 3300 6623 3305 3307 5485 6627 5487 4426 7783 4434 5491 5492 5556 5562 7789 5571 5577 5583 6704 7794 6719 7797 6735 7862 7875 7883
  [Time Manager] Step 44 consumed 84.01s. Total Consumed: 1824.78s.
  [Info] Saved 7896 core assumption literals to p1_A-n32-k5_r41v7k3.lp.asm

[45/60] Building & Solving: R=42, V=7, K=3
Default row names c1, c2 ... being created.
  [Info] Generating MIP Formulation...
  [Time Manager] Global Remaining Budget: 1775.22s | Future Weight Sum: 20040.0
  [Time Manager] Recalibrated Budget for this step: 85.57s
[CPLEX] Setting time limit to 85 seconds
[CPLEX] Reading assumption from p1_A-n32-k5_r41v7k3.lp.asm ...
[CPLEX] Applying MIP Start with 7455 variables.
Version identifier: 22.1.1.0 | 2022-11-28 | 9160aff4d
CPXPARAM_Read_DataCheck                          1
CPXPARAM_Threads                                 1
CPXPARAM_TimeLimit                               85
1 of 1 MIP starts provided solutions.
MIP start 'm1' defined initial solution with objective 215844.0000.
Tried aggregator 1 time.
MIP Presolve eliminated 21 rows and 5971 columns.
MIP Presolve modified 3984 coefficients.
Reduced MIP has 4095 rows, 1932 columns, and 20720 nonzeros.
Reduced MIP has 1498 binaries, 434 generals, 0 SOSs, and 0 indicators.
Presolve time = 0.01 sec. (12.56 ticks)
Probing time = 0.00 sec. (2.85 ticks)
Tried aggregator 1 time.
Detecting symmetries...
Reduced MIP has 4095 rows, 1932 columns, and 20720 nonzeros.
Reduced MIP has 1498 binaries, 434 generals, 0 SOSs, and 0 indicators.
Presolve time = 0.01 sec. (13.53 ticks)
Probing time = 0.00 sec. (2.80 ticks)
Clique table members: 805.
MIP emphasis: balance optimality and feasibility.
MIP search method: dynamic search.
Parallel mode: none, using 1 thread.
Root relaxation solution time = 0.02 sec. (31.88 ticks)

        Nodes                                         Cuts/
   Node  Left     Objective  IInf  Best Integer    Best Bound    ItCnt     Gap

*     0+    0                       215844.0000  2150295.0000           896.23%
      0     0   300697.0000   156   215844.0000   300697.0000      916   39.31%
      0     0   300685.2500   221   215844.0000     Cuts: 214     1076   39.31%
      0     0   300611.3563   216   215844.0000      Cuts: 61     1300   39.27%
      0     0   300592.4853   198   215844.0000      Cuts: 94     1330   39.26%
      0     0   300399.5269   207   215844.0000      Cuts: 75     1866   39.17%
      0     0   300263.0000   182   215844.0000     Cuts: 143     1922   39.11%
      0     0   299977.0000   208   215844.0000     Cuts: 118     2182   38.98%
      0     0   299977.0000   208   215844.0000      Cuts: 50     2183   38.98%
      0     0   299938.6410   251   215844.0000  ZeroHalf: 55     2392   38.96%
      0     0   299868.0000   235   215844.0000     Cuts: 107     2513   38.93%
      0     0   299754.4485   266   215844.0000      Cuts: 72     2643   38.88%
      0     0   299753.7500   255   215844.0000     Cuts: 153     2700   38.88%
      0     0   299668.6000   300   215844.0000      Cuts: 88     2918   38.84%
      0     0   299640.0000   267   215844.0000     Cuts: 113     3021   38.82%
      0     0   299587.8125   276   215844.0000      Cuts: 68     3270   38.80%
      0     0   299575.9000   112   215844.0000     Cuts: 107     3457   38.79%
      0     0   299545.7083   308   215844.0000      Cuts: 96     3694   38.78%
      0     2   299545.7083   308   215844.0000   299545.5000     3694   38.78%
Elapsed time = 0.59 sec. (1432.37 ticks, tree = 0.01 MB, solutions = 1)
      4     6   299151.0759   374   215844.0000   299403.4079     6874   38.71%
      6     8   298859.8791   359   215844.0000   299403.4079     9910   38.71%
      8    10   298318.3653   215   215844.0000   299403.4079    12062   38.71%
     14    16   297817.1825   288   215844.0000   299403.4079    14539   38.71%
     20    22   297327.0813   230   215844.0000   299403.4079    16146   38.71%
     34    36   295631.3031   183   215844.0000   299403.4079    18218   38.71%
     85    77   299279.2250   344   215844.0000   299394.3304    21484   38.71%
     93    85   297684.7798   138   215844.0000   299394.3304    24233   38.71%
    100    92   298386.4255   167   215844.0000   299394.3304    26459   38.71%
    139   125   298558.8145   390   215844.0000   299351.1944    36144   38.69%
Elapsed time = 1.99 sec. (5207.52 ticks, tree = 0.48 MB, solutions = 1)
    212   193   290979.1427   208   215844.0000   299279.2250    42562   38.66%
    287   252   298719.2556   128   215844.0000   299136.2692    48490   38.59%
    320   279   298549.4439   138   215844.0000   299128.5417    53371   38.59%
    360   311   297214.6917   113   215844.0000   299117.0847    57303   38.58%
    446   386   292023.4773   237   215844.0000   299114.1385    63726   38.58%

Performing restart 1

Repeating presolve.
Tried aggregator 1 time.
MIP Presolve modified 168 coefficients.
Reduced MIP has 4095 rows, 1932 columns, and 20720 nonzeros.
Reduced MIP has 1498 binaries, 434 generals, 0 SOSs, and 0 indicators.
Presolve time = 0.01 sec. (12.11 ticks)
Tried aggregator 1 time.
Reduced MIP has 4095 rows, 1932 columns, and 20720 nonzeros.
Reduced MIP has 1498 binaries, 434 generals, 0 SOSs, and 0 indicators.
Presolve time = 0.01 sec. (14.19 ticks)
Represolve time = 0.02 sec. (39.86 ticks)
    471     0   299480.5250   149   215844.0000     Cuts: 149    69058   38.57%
    471     0   299345.7164   253   215844.0000     Cuts: 144    69647   38.57%
    471     0   299255.2000   321   215844.0000     Cuts: 202    70398   38.57%
    471     0   299254.0000   198   215844.0000     Cuts: 162    70442   38.57%
    471     0   299254.0000   210   215844.0000     Cuts: 129    70486   38.57%
    471     0   299254.0000   209   215844.0000      Cuts: 55    70512   38.57%
    471     0   299254.0000   209   215844.0000      Cuts: 91    70542   38.57%
    471     0   299254.0000   213   215844.0000      Cuts: 88    70564   38.57%
    471     2   299254.0000   213   215844.0000   299097.0745    70564   38.57%
    472     3   299246.7010   472   215844.0000   299097.0745    70812   38.57%
    473     4   298957.6640   740   215844.0000   299097.0745    72448   38.57%
    474     5   297351.0092   759   215844.0000   299097.0745    74160   38.57%
    475     6   298696.9798   628   215844.0000   299097.0745    74331   38.57%
Elapsed time = 7.20 sec. (20335.69 ticks, tree = 0.01 MB, solutions = 1)
    478     9   298246.2365   215   215844.0000   299097.0745    77661   38.57%
    480    11   298237.1823   350   215844.0000   299097.0745    79429   38.57%
    481    12   297553.0568   214   215844.0000   299097.0745    81194   38.57%
    483    14   298011.7139   425   215844.0000   299097.0745    82589   38.57%
    485    16   297503.0169   530   215844.0000   299097.0745    83347   38.57%
    488    19   297407.9351   408   215844.0000   299097.0745    85718   38.57%
    491    22   297379.2749   310   215844.0000   299097.0745    87588   38.57%
    495    26   296824.6180   265   215844.0000   299097.0745    89529   38.57%
    498    28   293940.1282   305   215844.0000   299097.0745    92079   38.57%
    505    27   299205.0000   194   215844.0000   299097.0745    93844   38.57%
Elapsed time = 11.20 sec. (32097.92 ticks, tree = 0.30 MB, solutions = 1)
    507    29   299109.3615   356   215844.0000   299097.0745    94366   38.57%
    510    32   298422.4434   385   215844.0000   299097.0745    96170   38.57%
    513    35   295848.3905   282   215844.0000   299097.0745    98907   38.57%
    517    37   294781.5037   395   215844.0000   299097.0745   105561   38.57%
    521    41   294438.3979   397   215844.0000   299097.0745   108301   38.57%
    524    43   294050.0829   370   215844.0000   299097.0745   108998   38.57%
    528    44   298125.4559   250   215844.0000   299097.0745   109961   38.57%
    531    47   298107.3882   288   215844.0000   299097.0745   110207   38.57%
    534    50   298069.9219   625   215844.0000   299097.0745   110542   38.57%
    538    54   297794.7804   422   215844.0000   299097.0745   111145   38.57%
Elapsed time = 15.68 sec. (45755.13 ticks, tree = 0.53 MB, solutions = 1)
    541    57   297608.0469   385   215844.0000   299097.0745   111491   38.57%
    546    62   297546.6542   441   215844.0000   299097.0745   111930   38.57%
    552    68   297378.8822   334   215844.0000   299097.0745   112376   38.57%
    564    76   293466.6768   307   215844.0000   299097.0745   114049   38.57%
    573    79   297180.0000   191   215844.0000   299097.0745   118641   38.57%
    578    84   296546.1389   330   215844.0000   299097.0745   119869   38.57%
    584    90   295822.4563   254   215844.0000   299097.0745   121113   38.57%
    593    95   299077.5833   273   215844.0000   299097.0745   123471   38.57%
    600   102   297594.4632   468   215844.0000   299097.0745   125536   38.57%
    611   112   295515.0240   463   215844.0000   299097.0745   127614   38.57%
Elapsed time = 20.90 sec. (56103.02 ticks, tree = 1.17 MB, solutions = 1)
    620   116   298772.2673   276   215844.0000   299076.0833   130007   38.56%
    629   125   298137.5764   327   215844.0000   299076.0833   132229   38.56%
    636   132   297595.6146   444   215844.0000   299076.0833   135729   38.56%
    654   150   296072.9108   260   215844.0000   299076.0833   138757   38.56%
    689   177   299072.7500   129   215844.0000   299071.4556   142486   38.56%
    711   199   296984.0153   283   215844.0000   299071.4556   145654   38.56%
    753   240   291792.5526   279   215844.0000   299071.4556   148966   38.56%
    763   246   297264.7099   168   215844.0000   298907.2500   152482   38.48%
    777   256    infeasible         215844.0000   298907.2500   157572   38.48%
    797   276   293601.0258   480   215844.0000   298869.9856   162579   38.47%
Elapsed time = 24.39 sec. (66412.48 ticks, tree = 6.62 MB, solutions = 1)
    829   306   291184.4998   297   215844.0000   298869.9856   167294   38.47%
    846   318   297206.8333   287   215844.0000   298866.6250   170304   38.46%
    867   339   294639.2188   373   215844.0000   298866.6250   175227   38.46%
    910   378   298827.4155   291   215844.0000   298864.0000   179470   38.46%
    936   404   293729.5483   238   215844.0000   298864.0000   184589   38.46%
    972   436   297699.6346   537   215844.0000   298863.2316   189830   38.46%
    991   453   295360.0794   432   215844.0000   298863.2316   194749   38.46%
   1023   485   283579.1933   317   215844.0000   298863.2316   200734   38.46%
   1035   493   294851.3645   335   215844.0000   298851.2616   205551   38.46%
   1070   524   297911.1545   429   215844.0000   298810.9116   210796   38.44%
Elapsed time = 27.78 sec. (76462.33 ticks, tree = 13.45 MB, solutions = 1)
   1081   533   293432.6979   282   215844.0000   298810.9116   214905   38.44%
   1106   554   295962.3991   362   215844.0000   298784.1084   219466   38.43%
   1156   600   298324.7560   463   215844.0000   298754.0203   224735   38.41%
   1182   624    infeasible         215844.0000   298754.0203   229901   38.41%
   1244   678   298445.1250   254   215844.0000   298695.4190   236278   38.38%
   1280   708   297401.0819   228   215844.0000   298680.3159   242282   38.38%
   1299   727   292361.7072   302   215844.0000   298680.3159   245909   38.38%
   1337   757   297024.7274   302   215844.0000   298630.5780   251311   38.35%
   1354   774   292942.1271   331   215844.0000   298630.5780   256196   38.35%
   1387   805   284712.0012   335   215844.0000   298630.5780   261684   38.35%
Elapsed time = 31.23 sec. (86696.92 ticks, tree = 23.20 MB, solutions = 1)
   1431   847   278533.1086   331   215844.0000   298630.5780   266685   38.35%
   1463   872    infeasible         215844.0000   298628.8876   272549   38.35%
   1473   880   296993.5392   319   215844.0000   298587.1333   276907   38.33%
   1517   922   292149.6497   210   215844.0000   298587.1333   282359   38.33%
   1542   943   295829.8513   424   215844.0000   298583.0929   286931   38.33%
   1559   958   292675.5547   403   215844.0000   298583.0929   292798   38.33%
   1580   974   295392.4926   334   215844.0000   298581.0936   297826   38.33%
   1614  1004   294655.3169   330   215844.0000   298580.4934   303329   38.33%
   1644  1028   296795.9193   368   215844.0000   298570.8425   308630   38.33%
   1690  1068   298267.2253   375   215844.0000   298568.8268   314929   38.33%
Elapsed time = 34.54 sec. (96570.73 ticks, tree = 32.44 MB, solutions = 1)
   1703  1077    infeasible         215844.0000   298568.8268   321265   38.33%
   1722  1095   294549.0877   292   215844.0000   298568.8263   326751   38.33%
   1750  1117   294889.6098   346   215844.0000   298568.6670   333102   38.33%
   1786  1149   295595.0149   424   215844.0000   298558.6803   338694   38.32%
   1823  1182   296180.5879   363   215844.0000   298557.5251   344174   38.32%
   1843  1198   292360.9695   486   215844.0000   298550.8569   349603   38.32%
   1872  1217   296706.1837   400   215844.0000   298550.1192   355109   38.32%
   1900  1239    infeasible         215844.0000   298547.5959   361720   38.32%
   1920  1255   293488.6993   191   215844.0000   298541.8327   366676   38.31%
   2036  1349   294122.4159   361   215844.0000   298526.0358   389672   38.31%
Elapsed time = 38.79 sec. (109239.80 ticks, tree = 42.27 MB, solutions = 1)
   2136  1431   293511.1567   293   215844.0000   298514.3086   410673   38.30%
   2232  1511   295816.2653   318   215844.0000   298494.2003   431978   38.29%
   2368  1631   295746.0467   300   215844.0000   298471.4869   451586   38.28%
   2464  1712   295791.8092   340   215844.0000   298447.2600   473044   38.27%
   2562  1796   295482.4797   315   215844.0000   298439.8202   497193   38.27%
   2683  1905   292602.0336   219   215844.0000   298416.9718   517969   38.26%
   2813  2011    infeasible         215844.0000   298401.0545   541000   38.25%
   2908  2088   290442.7938   227   215844.0000   298342.3344   564481   38.22%
   3100  2251   298104.9500   332   215844.0000   298334.8242   587968   38.22%
   3256  2392   292168.4439   377   215844.0000   298323.3125   609937   38.21%
Elapsed time = 51.87 sec. (147717.39 ticks, tree = 78.77 MB, solutions = 1)
   3405  2520   294366.1448   624   215844.0000   298303.6622   631111   38.20%
   3600  2695    infeasible         215844.0000   298270.5000   654511   38.19%
   3702  2781   292437.8764   119   215844.0000   298265.3302   673662   38.19%
   3832  2895   288690.4714   141   215844.0000   298263.4698   696498   38.18%
   4010  3063   284060.0397   302   215844.0000   298259.7840   716905   38.18%
   4141  3170   292649.7958   219   215844.0000   298242.3010   740885   38.17%
   4268  3282   296878.9948   511   215844.0000   298234.8376   762732   38.17%
   4429  3422   296973.3826   411   215844.0000   298226.9522   784496   38.17%
   4552  3521   297191.8261   219   215844.0000   298206.7500   807550   38.16%
   4736  3690   297204.4357   240   215844.0000   298199.0500   829685   38.15%
Elapsed time = 66.93 sec. (186105.44 ticks, tree = 109.47 MB, solutions = 1)
   4887  3823   296371.7000   212   215844.0000   298184.6000   847361   38.15%
   5074  3987   296994.2539   357   215844.0000   298159.2730   870043   38.14%
   5193  4094   287744.8831   325   215844.0000   298152.2314   893245   38.13%
   5342  4220   293135.1675   332   215844.0000   298144.7500   916610   38.13%
   5522  4387   294568.5763   424   215844.0000   298132.0258   939018   38.12%
   5667  4516   296950.8777   342   215844.0000   298107.6046   962591   38.11%
   5771  4603   296818.9312   224   215844.0000   298103.2987   985961   38.11%
   5884  4693   296521.8524   353   215844.0000   298093.8873  1008090   38.11%
   6013  4804   294935.3203   438   215844.0000   298088.7306  1031282   38.10%
   6121  4893   294683.8295   399   215844.0000   298068.3204  1053711   38.09%
Elapsed time = 80.09 sec. (224600.73 ticks, tree = 153.06 MB, solutions = 1)
   6268  5016   297147.4234   310   215844.0000   298060.9852  1077995   38.09%
*  6371+ 5104                       223926.0000   298047.3214            33.10%
   6410  5141   297487.1313   429   223926.0000   298045.9324  1100529   33.10%
   6491  5205   297664.0277   384   223926.0000   298005.8925  1121304   33.08%

GUB cover cuts applied:  3
Clique cuts applied:  21
Cover cuts applied:  20
Implied bound cuts applied:  46
Flow cuts applied:  12
Mixed integer rounding cuts applied:  234
Zero-half cuts applied:  140
Lift and project cuts applied:  3
Gomory fractional cuts applied:  9

Root node processing (before b&c):
  Real time             =    0.59 sec. (1429.87 ticks)
Sequential b&c:
  Real time             =   84.41 sec. (237165.78 ticks)
                          ------------
Total (root+branch&cut) =   85.00 sec. (238595.65 ticks)
[CPLEX] Status: time limit exceeded
[CPLEX] OPTIMAL OBJ: 223926.0
[CPLEX] Runtime: 85.010 sec
Vehicle 0: d → 1 → 22 → 27 → 3 → 10 → 7 → 8 → 21 → 14 → 28 → 4 → 19 → 23 → 25 → 6 → 0 → 11 → 29 → d, (requests = [1, 6, 8, 15, 24, 27, 36, 39])
Vehicle 1: d → 5 → 2 → 22 → 27 → 17 → 21 → 14 → 28 → 24 → 4 → 19 → 26 → 13 → 25 → 29 → 15 → 6 → 12 → 20 → 18 → d, (requests = [0, 2, 4, 14, 19, 21, 25, 28, 30])
Vehicle 2: d → 16 → 30 → 20 → 12 → 6 → 25 → 23 → 26 → 19 → 4 → 28 → 14 → 21 → 8 → 17 → d, (requests = [5, 11, 12, 29, 35])
Vehicle 3: d → 24 → 4 → 19 → 23 → 25 → 6 → 15 → 11 → d, (requests = [40])
Vehicle 4: d → 11 → 0 → 12 → 6 → 25 → 13 → 26 → 19 → 4 → 24 → 9 → 14 → 21 → 17 → 7 → 10 → 27 → 22 → 2 → d, (requests = [7, 16, 18, 22, 23, 32])
Vehicle 5: d → 22 → 27 → 3 → 7 → 21 → 14 → 9 → 24 → 4 → 19 → 23 → 25 → 6 → 12 → 20 → 18 → 16 → d, (requests = [3, 9, 10, 13, 17])
Vehicle 6: d → 30 → 20 → 12 → 6 → 25 → 23 → 19 → 4 → 28 → 14 → 21 → 7 → 27 → 22 → 5 → 1 → d, (requests = [20, 26, 31, 34, 37])
======== PPDSP OBJECTIVE ========
Profit    = 280509
Cost      = 56583
Objective = 223926
=================================
===== RAW XY MODEL =====
12 55 107 148 193 233 278 328 382 477 632 687 732 762 807 868 901 960 994 1111 1172 1187 1229 1429 1466 1501 1511 1590 1632 1659 1683 1711 1756 1797 1854 1870 1906 1945 1968 2022 2353 2414 2470 2587 2666 2739 2772 2809 2849 2877 2959 3020 3048 3107 3177 3205 3463 3523 3699 3807 3947 4077 4088 4122 4332 4457 4540 4597 4662 4679 4747 4792 4797 4835 4887 4914 4996 5057 5134 5151 5222 5258 5296 5331 5448 5689 5733 5790 5831 5898 5990 6043 6129 6178 6217 6244 6272 6317 6347 6358 6392 6453 6600 6802 6895 6900 6956 6990 7129 7208 7351 7391 7418 7448 7494 7562 7625 7649 7719 7761 2050 2051 2054 6613 2184 3226 2187 5476 2191 6619 6620 3297 3300 6623 3305 3307 5485 6627 5487 4426 7783 4434 5491 5492 5556 5562 7789 5571 5577 5583 6704 7794 6719 7797 6735 7862 7875 7883 7893
  [Time Manager] Step 45 consumed 85.01s. Total Consumed: 1909.79s.
  [Info] Saved 7903 core assumption literals to p1_A-n32-k5_r42v7k3.lp.asm

[46/60] Building & Solving: R=42, V=8, K=3
Default row names c1, c2 ... being created.
  [Info] Generating MIP Formulation...
  [Time Manager] Global Remaining Budget: 1690.21s | Future Weight Sum: 19074.0
  [Time Manager] Recalibrated Budget for this step: 97.83s
[CPLEX] Setting time limit to 97 seconds
[CPLEX] Reading assumption from p1_A-n32-k5_r42v7k3.lp.asm ...
[CPLEX] Applying MIP Start with 7462 variables.
Version identifier: 22.1.1.0 | 2022-11-28 | 9160aff4d
CPXPARAM_Read_DataCheck                          1
CPXPARAM_Threads                                 1
CPXPARAM_TimeLimit                               97
1 of 1 MIP starts provided solutions.
MIP start 'm1' defined initial solution with objective 235465.0000.
Tried aggregator 1 time.
MIP Presolve eliminated 24 rows and 6824 columns.
MIP Presolve modified 4564 coefficients.
Reduced MIP has 4674 rows, 2208 columns, and 23680 nonzeros.
Reduced MIP has 1712 binaries, 496 generals, 0 SOSs, and 0 indicators.
Presolve time = 0.01 sec. (14.34 ticks)
Probing time = 0.00 sec. (2.97 ticks)
Tried aggregator 1 time.
Detecting symmetries...
Reduced MIP has 4674 rows, 2208 columns, and 23680 nonzeros.
Reduced MIP has 1712 binaries, 496 generals, 0 SOSs, and 0 indicators.
Presolve time = 0.01 sec. (15.70 ticks)
Probing time = 0.00 sec. (2.87 ticks)
Clique table members: 914.
MIP emphasis: balance optimality and feasibility.
MIP search method: dynamic search.
Parallel mode: none, using 1 thread.
Root relaxation solution time = 0.02 sec. (36.70 ticks)

        Nodes                                         Cuts/
   Node  Left     Objective  IInf  Best Integer    Best Bound    ItCnt     Gap

*     0+    0                       235465.0000  2457480.0000           943.67%
      0     0   300697.0000   154   235465.0000   300697.0000      997   27.70%
      0     0   300679.2647   221   235465.0000     Cuts: 212     1229   27.70%
      0     0   300623.0599   214   235465.0000      Cuts: 64     1375   27.67%
      0     0   300486.3057   202   235465.0000      Cuts: 50     1719   27.61%
      0     0   300337.0000   181   235465.0000     Cuts: 146     1803   27.55%
      0     0   299977.0000   177   235465.0000     Cuts: 120     1995   27.40%
      0     0   299977.0000   208   235465.0000     Cuts: 135     2034   27.40%
      0     0   299977.0000   208   235465.0000      Cuts: 53     2035   27.40%
      0     2   299977.0000   208   235465.0000   299977.0000     2035   27.40%
Elapsed time = 0.43 sec. (1022.49 ticks, tree = 0.01 MB, solutions = 1)
      4     6   286505.0000   312   235465.0000   299873.0000     4128   27.35%
      6     8   299064.0649   437   235465.0000   299873.0000     6858   27.35%
      8    10   299028.5785   362   235465.0000   299873.0000     8463   27.35%
     11    13   298280.7371   174   235465.0000   299873.0000     9724   27.35%
     16    18   297868.6475   206   235465.0000   299873.0000    12147   27.35%
     19    21   297521.5963   308   235465.0000   299873.0000    13944   27.35%
     27    29   297190.0164   291   235465.0000   299873.0000    15392   27.35%
     56    55   294894.5898   151   235465.0000   299873.0000    17175   27.35%
     92    82   299455.5799   117   235465.0000   299819.5269    19008   27.33%
    108    96   297208.0835   327   235465.0000   299819.5269    23155   27.33%
Elapsed time = 1.79 sec. (4473.83 ticks, tree = 2.30 MB, solutions = 1)
    174   136   299196.2188   165   235465.0000   299818.0370    28296   27.33%
    250   188   298834.0781   209   235465.0000   299814.3057    34524   27.33%
    345   267   294331.0195    94   235465.0000   299807.2630    40530   27.33%
    433   339   297919.1561   170   235465.0000   299704.9504    46602   27.28%

Performing restart 1

Repeating presolve.
Tried aggregator 1 time.
MIP Presolve modified 192 coefficients.
Reduced MIP has 4674 rows, 2208 columns, and 23680 nonzeros.
Reduced MIP has 1712 binaries, 496 generals, 0 SOSs, and 0 indicators.
Presolve time = 0.01 sec. (13.73 ticks)
Tried aggregator 1 time.
Reduced MIP has 4674 rows, 2208 columns, and 23680 nonzeros.
Reduced MIP has 1712 binaries, 496 generals, 0 SOSs, and 0 indicators.
Presolve time = 0.01 sec. (16.42 ticks)
Represolve time = 0.03 sec. (48.74 ticks)
    491     0   299977.0000   215   235465.0000     Cuts: 146    51371   27.28%
    491     0   299977.0000   218   235465.0000     Cuts: 127    51382   27.28%
    491     0   299977.0000   214   235465.0000     Cuts: 116    51391   27.28%
    491     0   299946.5789   250   235465.0000      Cuts: 56    51556   27.28%
    491     0   299857.0802   381   235465.0000     Cuts: 188    51694   27.28%
    491     0   299815.3937   254   235465.0000      Cuts: 87    51875   27.28%
    491     0   299670.4205   281   235465.0000      Cuts: 87    52347   27.27%
    491     0   299565.2000   269   235465.0000      Cuts: 82    52507   27.22%
    491     0   299479.7473   271   235465.0000      Cuts: 84    52886   27.19%
    491     0   299453.2577   294   235465.0000      Cuts: 95    53180   27.18%
    491     0   299401.3759   282   235465.0000      Cuts: 88    53485   27.15%
    491     0   299401.3759   284   235465.0000      Cuts: 78    53513   27.15%
    491     0   299401.3744   280   235465.0000      Cuts: 35    53525   27.15%
    491     2   299401.3744   271   235465.0000   299400.9386    53525   27.15%
    493     4   299287.0811   210   235465.0000   299286.8575    55118   27.10%
    494     5   299270.5842   433   235465.0000   299285.5235    55557   27.10%
    496     7   299245.3785   263   235465.0000   299270.5842    58023   27.10%
    497     8   299133.7214   378   235465.0000   299270.5842    59842   27.10%
    498     9   297729.9107   415   235465.0000   299270.5842    62817   27.10%
Elapsed time = 10.36 sec. (23390.11 ticks, tree = 0.09 MB, solutions = 1)
    500    11   297750.0315   354   235465.0000   299270.5842    65904   27.10%
    501    12   298681.0875   389   235465.0000   299270.5842    66474   27.10%
    503    14   297992.0716   319   235465.0000   299270.5842    69519   27.10%
    505    16   297990.5889   208   235465.0000   299270.5842    71101   27.10%
    508    19   296225.9145   314   235465.0000   299270.5842    72932   27.10%
    509    20   296187.1435   324   235465.0000   299270.5842    73760   27.10%
    512    23   295959.0602   306   235465.0000   299270.5842    75445   27.10%
    517    28   295511.7282   301   235465.0000   299270.5842    75973   27.10%
    524    33   294848.6457   290   235465.0000   299270.5842    77127   27.10%
    531    39   293312.6213   268   235465.0000   299270.5842    78981   27.10%
Elapsed time = 14.95 sec. (36117.10 ticks, tree = 0.60 MB, solutions = 1)
    537    45   293188.4058   428   235465.0000   299270.5842    80239   27.10%
    543    51   293029.1000   505   235465.0000   299270.5842    82794   27.10%
    547    55   291065.4873   247   235465.0000   299270.5842    85390   27.10%
    552    60   292626.0306   435   235465.0000   299270.5842    86762   27.10%
    565    72   288498.2466   386   235465.0000   299270.5842    88057   27.10%
    575    76   297794.2177   279   235465.0000   299269.8080    90903   27.10%
    579    80   298876.7266   406   235465.0000   299269.8080    92142   27.10%
    582    83   299089.9073   517   235465.0000   299269.8080    93757   27.10%
    584    85   299063.0718   376   235465.0000   299269.8080    94053   27.10%
    589    90   299043.7181   304   235465.0000   299269.8080    95358   27.10%
Elapsed time = 19.32 sec. (48553.07 ticks, tree = 2.19 MB, solutions = 1)
    593    94   298858.3367   455   235465.0000   299269.8080    96352   27.10%
    597    98   298814.0384   332   235465.0000   299269.8080    97908   27.10%
    603   104   298754.9341   284   235465.0000   299269.8080   101007   27.10%
    616   117   298058.6977   217   235465.0000   299269.8080   103922   27.10%
    636   133   294396.2766   127   235465.0000   299269.8080   106087   27.10%
    671   162    infeasible         235465.0000   299269.8080   109464   27.10%
    674   165   298624.3476   291   235465.0000   299231.6733   111020   27.08%
    680   171   298042.4380   285   235465.0000   299231.6733   112072   27.08%
    696   187   297102.0728   291   235465.0000   299231.6733   113504   27.08%
    715   205   292450.4169   230   235465.0000   299231.6733   115123   27.08%
Elapsed time = 23.18 sec. (59195.24 ticks, tree = 6.58 MB, solutions = 1)
    737   220   299200.0046   104   235465.0000   299199.9742   116642   27.07%
    756   239   298818.8363   229   235465.0000   299193.6669   118888   27.07%
    765   244        cutoff         235465.0000   299193.6669   122406   27.07%
    766   245   297562.9412   265   235465.0000   299188.1812   125439   27.06%
    769   248   297415.7882   326   235465.0000   299188.1812   126150   27.06%
    773   252   297315.3582   441   235465.0000   299188.1812   126900   27.06%
    782   261   297216.9832   687   235465.0000   299188.1812   128363   27.06%
    791   270   297038.0958   606   235465.0000   299188.1812   129497   27.06%
    809   288   296658.2014   552   235465.0000   299188.1812   132405   27.06%
    822   301   294150.4891   526   235465.0000   299188.1812   135109   27.06%
Elapsed time = 26.62 sec. (69405.11 ticks, tree = 9.53 MB, solutions = 1)
    850   329   292317.2437   346   235465.0000   299188.1812   138439   27.06%
    864   339   297600.9335   141   235465.0000   299167.9788   140430   27.05%
    893   368   294924.2010   138   235465.0000   299167.9788   145034   27.05%
    931   393    infeasible         235465.0000   299138.3434   148821   27.04%
    956   416   296975.2857   225   235465.0000   299096.1093   152174   27.02%
    985   441   297019.0415   194   235465.0000   299094.1276   155767   27.02%
   1011   461   297118.0000   273   235465.0000   299083.8306   160392   27.02%
   1031   481   296303.2472   640   235465.0000   299083.8306   163230   27.02%
   1039   489   292628.1132   369   235465.0000   299083.8306   167369   27.02%
   1054   504   291747.6875   224   235465.0000   299083.8306   169855   27.02%
Elapsed time = 30.08 sec. (79224.64 ticks, tree = 15.06 MB, solutions = 1)
   1072   518   296656.5192   449   235465.0000   299080.4304   173613   27.02%
   1089   527   298100.0762   622   235465.0000   299075.9780   178216   27.02%
   1114   552   295749.0440   183   235465.0000   299075.9780   182002   27.02%
   1128   564   292095.0132   201   235465.0000   299075.9780   186008   27.02%
   1155   587   296351.9114   279   235465.0000   299073.4881   190274   27.01%
   1183   612   295099.7223   295   235465.0000   299056.0717   194223   27.01%
   1220   644   292933.0881   224   235465.0000   299049.3453   197216   27.00%
   1258   673   297909.4584   236   235465.0000   299049.3134   202006   27.00%
   1305   714   290004.7338   269   235465.0000   299049.3134   206132   27.00%
   1318   721   294841.8087   464   235465.0000   299045.3116   211195   27.00%
Elapsed time = 33.69 sec. (89079.32 ticks, tree = 22.46 MB, solutions = 1)
   1347   748   291925.8768   285   235465.0000   299045.3116   214419   27.00%
   1372   765   297709.1050   358   235465.0000   299041.7228   219297   27.00%
   1391   784   293396.7250   286   235465.0000   299041.7228   223303   27.00%
   1419   812   287528.4395   240   235465.0000   299041.7228   228367   27.00%
   1487   872   298175.6322   243   235465.0000   299034.2680   233481   27.00%
   1509   894   296303.0250   248   235465.0000   299034.2680   238537   27.00%
   1563   943   298280.4383   250   235465.0000   299031.0867   243690   27.00%
   1583   957   298247.5661   516   235465.0000   299014.2639   248426   26.99%
   1604   978   294933.7916   305   235465.0000   299014.2639   253142   26.99%
   1631  1000   297920.9020   333   235465.0000   298993.7334   256943   26.98%
Elapsed time = 39.31 sec. (99196.95 ticks, tree = 32.70 MB, solutions = 1)
   1642  1005   298660.6679   259   235465.0000   298992.5135   259766   26.98%
   1655  1018   298104.3849   410   235465.0000   298992.5135   262540   26.98%
   1682  1045   293720.6748   390   235465.0000   298992.5135   267231   26.98%
   1718  1079    infeasible         235465.0000   298992.5135   271258   26.98%
   1734  1093   295032.7653   170   235465.0000   298939.1351   275787   26.96%
   1756  1105   298062.8308   429   235465.0000   298923.1446   281602   26.95%
   1796  1139   292436.7329   217   235465.0000   298923.1446   286728   26.95%
   1840  1178   298604.9596   324   235465.0000   298876.7037   289498   26.93%
   1864  1202   296248.6278   276   235465.0000   298876.7037   294407   26.93%
   1940  1266   297746.9468   241   235465.0000   298874.5881   310886   26.93%
Elapsed time = 43.76 sec. (111892.04 ticks, tree = 40.16 MB, solutions = 1)
   1999  1321   293918.8296   284   235465.0000   298874.5881   327126   26.93%
   2117  1424   294549.7957   242   235465.0000   298821.4874   345475   26.91%
   2196  1481   295992.7673   237   235465.0000   298790.8780   365581   26.89%
   2398  1663   291203.2104   195   235465.0000   298772.3769   385941   26.89%
   2532  1777   294818.1141   241   235465.0000   298765.5150   406161   26.88%
   2618  1848   298247.4337   333   235465.0000   298762.9669   425139   26.88%
   2770  1987   296476.1160   525   235465.0000   298743.1766   445404   26.87%
   2861  2064   298455.0192   224   235465.0000   298740.7455   464506   26.87%
   2932  2131   296473.8306   495   235465.0000   298736.1196   480182   26.87%
   3146  2340   296083.9613   365   235465.0000   298729.1030   499319   26.87%
Elapsed time = 57.00 sec. (150374.87 ticks, tree = 76.52 MB, solutions = 1)
   3273  2451   297962.3644   293   235465.0000   298711.2998   519113   26.86%
   3372  2535   296765.6533   246   235465.0000   298689.5953   537323   26.85%
   3462  2613   296113.5954   305   235465.0000   298681.0625   558410   26.85%
   3576  2719    infeasible         235465.0000   298675.3125   578494   26.84%
   3703  2838   294084.9926   196   235465.0000   298673.6055   599685   26.84%
   3827  2938    infeasible         235465.0000   298668.7612   619683   26.84%
   3910  3015   290402.8887   367   235465.0000   298660.6577   639786   26.84%
   4017  3108   295489.0718   347   235465.0000   298654.8436   659727   26.84%
   4162  3237   298434.8738   285   235465.0000   298633.9808   679893   26.83%
   4277  3341   297996.0731   424   235465.0000   298628.7978   700444   26.83%
Elapsed time = 69.99 sec. (189022.67 ticks, tree = 103.09 MB, solutions = 1)
   4384  3434   297032.6377   330   235465.0000   298624.0881   719654   26.82%
   4487  3527   295356.5434   378   235465.0000   298608.3721   739995   26.82%
   4662  3686   297460.6806   276   235465.0000   298602.2645   759332   26.81%
   4796  3810   283591.5890   424   235465.0000   298592.6145   778967   26.81%
   4962  3962   297228.2095   234   235465.0000   298584.9338   796642   26.81%
   5039  4019   297494.2140   348   235465.0000   298578.3909   816502   26.80%
   5121  4093   278302.9990   328   235465.0000   298574.5457   837238   26.80%
   5219  4183   290830.8207   286   235465.0000   298566.8660   858856   26.80%
   5368  4311   296969.6747   127   235465.0000   298542.0736   878771   26.79%
   5479  4405   296887.8458   485   235465.0000   298521.0376   899203   26.78%
Elapsed time = 85.37 sec. (227467.46 ticks, tree = 138.17 MB, solutions = 1)
   5569  4483   296879.5556   260   235465.0000   298517.0307   918482   26.78%
*  5691+ 4590                       235822.0000   298511.5750            26.58%
   5747  4646   287128.1918   331   235822.0000   298511.5750   939466   26.58%
   5852  4731   295466.7687   445   235822.0000   298505.6875   959918   26.58%
   5924  4797   297594.1864   444   235822.0000   298498.6691   981425   26.58%
*  5991+ 4855                       235866.0000   298496.1074            26.55%
   6031  4887   296383.9307   279   235866.0000   298493.5632  1002707   26.55%
   6149  4991   296516.4680   273   235866.0000   298481.8070  1023330   26.55%
*  6191+ 5026                       235996.0000   298481.1425            26.48%
*  6191+ 5026                       235998.0000   298481.1425            26.48%
*  6291+ 5110                       236031.0000   298479.7060            26.46%
   6300  5121   295809.4619   491   236031.0000   298479.7060  1043473   26.46%
*  6391+ 5202                       236197.0000   298478.9522            26.37%
   6438  5234    infeasible         236197.0000   298464.5851  1063793   26.36%

Clique cuts applied:  9
Cover cuts applied:  17
Implied bound cuts applied:  53
Flow cuts applied:  13
Mixed integer rounding cuts applied:  227
Zero-half cuts applied:  200
Gomory fractional cuts applied:  11

Root node processing (before b&c):
  Real time             =    0.43 sec. (1019.82 ticks)
Sequential b&c:
  Real time             =   96.57 sec. (260429.32 ticks)
                          ------------
Total (root+branch&cut) =   97.00 sec. (261449.14 ticks)
[CPLEX] Status: time limit exceeded
[CPLEX] OPTIMAL OBJ: 236197.0
[CPLEX] Runtime: 97.011 sec
Vehicle 0: d → 1 → 22 → 27 → 3 → 10 → 7 → 8 → 21 → 14 → 28 → 4 → 19 → 23 → 25 → 6 → 0 → 11 → 29 → d, (requests = [1, 6, 8, 15, 24, 36, 39])
Vehicle 1: d → 5 → 2 → 22 → 27 → 17 → 21 → 14 → 28 → 24 → 4 → 19 → 26 → 13 → 25 → 29 → 15 → 6 → 12 → 20 → 18 → d, (requests = [0, 2, 4, 19, 21, 25, 28, 30])
Vehicle 2: d → 16 → 30 → 20 → 12 → 6 → 25 → 23 → 26 → 19 → 4 → 28 → 14 → 21 → 8 → 17 → d, (requests = [5, 11, 12, 29, 35])
Vehicle 3: d → 24 → 4 → 19 → 23 → 25 → 6 → 0 → 11 → d, (requests = [40])
Vehicle 4: d → 11 → 0 → 12 → 6 → 25 → 13 → 26 → 19 → 4 → 24 → 9 → 14 → 21 → 17 → 7 → 10 → 27 → 22 → 2 → d, (requests = [7, 16, 18, 22, 23, 32])
Vehicle 5: d → 22 → 27 → 3 → 7 → 21 → 14 → 9 → 24 → 4 → 19 → 23 → 25 → 6 → 12 → 20 → 18 → 16 → d, (requests = [3, 9, 10, 13, 17])
Vehicle 6: d → 30 → 20 → 12 → 6 → 25 → 23 → 19 → 4 → 28 → 14 → 21 → 7 → 27 → 22 → 5 → 1 → d, (requests = [20, 26, 31, 34, 37])
Vehicle 7: d → 3 → 7 → 8 → 21 → 14 → 28 → 4 → 19 → 23 → 25 → 6 → 12 → d, (requests = [14, 27, 33, 41])
======== PPDSP OBJECTIVE ========
Profit    = 300056
Cost      = 63859
Objective = 236197
=================================
===== RAW XY MODEL =====
12 55 107 148 193 233 278 328 382 477 632 687 732 762 807 868 901 960 994 1111 1172 1187 1229 1429 1466 1501 1511 1590 1632 1659 1683 1711 1756 1797 1854 1870 1906 1945 1968 2022 2353 2414 2470 2587 2666 2739 2772 2809 2849 2877 2959 3020 3048 3107 3177 3205 3327 3463 3508 3699 3947 4077 4088 4122 4332 4457 4540 4597 4662 4679 4747 4792 4797 4835 4887 4914 4996 5057 5134 5151 5222 5258 5296 5331 5448 5689 5733 5790 5831 5898 5990 6043 6129 6178 6217 6244 6272 6317 6347 6358 6392 6453 6600 6802 6895 6900 6956 6990 7129 7208 7351 7391 7418 7448 7494 7562 7625 7649 7719 7761 8007 8051 8108 8136 8181 8319 8380 8535 8590 8665 8710 8804 8899 2050 2051 2054 6613 2184 3226 2187 5476 2191 6619 6620 3297 3300 6623 8942 3307 5485 6627 5487 4426 7783 4434 5491 5492 5556 5562 7789 8955 5577 5583 6704 7794 6719 8961 7797 6735 7862 7875 7883 7893 8969
  [Time Manager] Step 46 consumed 97.01s. Total Consumed: 2006.80s.
  [Info] Saved 8969 core assumption literals to p1_A-n32-k5_r42v8k3.lp.asm

[47/60] Building & Solving: R=43, V=8, K=3
Default row names c1, c2 ... being created.
  [Info] Generating MIP Formulation...
  [Time Manager] Global Remaining Budget: 1593.20s | Future Weight Sum: 17970.0
  [Time Manager] Recalibrated Budget for this step: 98.59s
[CPLEX] Setting time limit to 98 seconds
[CPLEX] Reading assumption from p1_A-n32-k5_r42v8k3.lp.asm ...
[CPLEX] Applying MIP Start with 8528 variables.
Version identifier: 22.1.1.0 | 2022-11-28 | 9160aff4d
CPXPARAM_Read_DataCheck                          1
CPXPARAM_Threads                                 1
CPXPARAM_TimeLimit                               98
1 of 1 MIP starts provided solutions.
MIP start 'm1' defined initial solution with objective 236197.0000.
Tried aggregator 1 time.
MIP Presolve eliminated 24 rows and 6824 columns.
MIP Presolve modified 4548 coefficients.
Reduced MIP has 4699 rows, 2216 columns, and 23944 nonzeros.
Reduced MIP has 1720 binaries, 496 generals, 0 SOSs, and 0 indicators.
Presolve time = 0.01 sec. (14.31 ticks)
Probing time = 0.00 sec. (2.98 ticks)
Tried aggregator 1 time.
Detecting symmetries...
Reduced MIP has 4699 rows, 2216 columns, and 23944 nonzeros.
Reduced MIP has 1720 binaries, 496 generals, 0 SOSs, and 0 indicators.
Presolve time = 0.01 sec. (15.83 ticks)
Probing time = 0.00 sec. (2.87 ticks)
Clique table members: 907.
MIP emphasis: balance optimality and feasibility.
MIP search method: dynamic search.
Parallel mode: none, using 1 thread.
Root relaxation solution time = 0.02 sec. (35.20 ticks)

        Nodes                                         Cuts/
   Node  Left     Objective  IInf  Best Integer    Best Bound    ItCnt     Gap

*     0+    0                       236197.0000  2508848.0000           962.18%
      0     0   307118.0000   155   236197.0000   307118.0000     1018   30.03%
      0     0   307087.8529   223   236197.0000     Cuts: 215     1220   30.01%
      0     0   307037.0735   222   236197.0000      Cuts: 70     1269   29.99%
      0     0   306873.3474   214   236197.0000      Cuts: 38     1563   29.92%
      0     0   306758.0000   205   236197.0000     Cuts: 155     1777   29.87%
      0     0   306398.0000   179   236197.0000      Cuts: 35     1920   29.72%
      0     0   306398.0000   210   236197.0000     Cuts: 145     1954   29.72%
      0     0   306398.0000   179   236197.0000  ZeroHalf: 41     1964   29.72%
      0     0   306398.0000   210   236197.0000     Cuts: 131     1997   29.72%
      0     2   306398.0000   210   236197.0000   306398.0000     1997   29.72%
Elapsed time = 0.42 sec. (993.08 ticks, tree = 0.01 MB, solutions = 1)
      3     5   305763.4167   204   236197.0000   306244.0456     3772   29.66%
      7     9   305187.0169   201   236197.0000   306244.0456     6956   29.66%
      9    11   304982.9439   227   236197.0000   306244.0456     8696   29.66%
     11    13   304708.1284   237   236197.0000   306244.0456    10059   29.66%
     20    22   304425.3417   190   236197.0000   306244.0456    11825   29.66%
     48    50   302545.2353   135   236197.0000   306244.0456    13784   29.66%
     63    60   306197.6445   414   236197.0000   306215.9898    14924   29.64%
     68    65   306123.2202   261   236197.0000   306215.9898    16242   29.64%
     70    67   306120.5153   263   236197.0000   306215.9898    17269   29.64%
    107   100   301650.0287   139   236197.0000   306215.9898    22220   29.64%
Elapsed time = 1.82 sec. (4598.87 ticks, tree = 3.05 MB, solutions = 1)
    190   171    infeasible         236197.0000   306214.0682    28029   29.64%
    233   206   305756.0000   214   236197.0000   306155.1567    33081   29.62%
    292   258   305288.4289   108   236197.0000   306152.8008    38154   29.62%
    343   294    infeasible         236197.0000   306142.5437    44585   29.61%
    386   332   305217.5701   361   236197.0000   306119.3469    49940   29.60%
    440   377   303768.0424   243   236197.0000   306109.7891    54616   29.60%
    504   425   302405.9694   211   236197.0000   306108.3921    60377   29.60%
    570   477   304954.6265   226   236197.0000   305921.7046    66111   29.52%
    644   537   305131.6123   110   236197.0000   305890.2436    71941   29.51%
    692   579   297217.4254   121   236197.0000   305863.4903    77680   29.50%
Elapsed time = 5.40 sec. (14358.00 ticks, tree = 19.86 MB, solutions = 1)
    716   599    infeasible         236197.0000   305863.4903    84472   29.50%
    773   651   304487.1152   318   236197.0000   305851.8198    89397   29.49%
    838   707   291958.4445   337   236197.0000   305820.3945    95134   29.48%

Performing restart 1

Repeating presolve.
Tried aggregator 1 time.
MIP Presolve modified 192 coefficients.
Reduced MIP has 4699 rows, 2216 columns, and 23944 nonzeros.
Reduced MIP has 1720 binaries, 496 generals, 0 SOSs, and 0 indicators.
Presolve time = 0.01 sec. (13.93 ticks)
Tried aggregator 1 time.
Reduced MIP has 4699 rows, 2216 columns, and 23944 nonzeros.
Reduced MIP has 1720 binaries, 496 generals, 0 SOSs, and 0 indicators.
Presolve time = 0.01 sec. (16.63 ticks)
Represolve time = 0.02 sec. (44.47 ticks)
    968     0   306337.4167   361   236197.0000      Cuts: 54   101609   29.48%
    968     0   306206.5000   237   236197.0000     Cuts: 150   101741   29.48%
    968     0   306128.9486   274   236197.0000      Cuts: 96   102094   29.48%
    968     0   306099.7669   416   236197.0000     Cuts: 126   102480   29.48%
    968     0   305956.4444   333   236197.0000     Cuts: 184   102882   29.48%
    968     0   305800.5833   248   236197.0000     Cuts: 194   103247   29.47%
    968     0   305778.6119   407   236197.0000      Cuts: 96   103570   29.46%
    968     0   305741.4118   398   236197.0000      Cuts: 71   103878   29.44%
    968     0   305709.3196   577   236197.0000      Cuts: 99   104421   29.43%
    968     0   305697.6677   388   236197.0000     Cuts: 190   104667   29.42%
    968     0   305694.0647   753   236197.0000      Cuts: 75   104866   29.42%
    968     0   305691.4880   674   236197.0000      Cuts: 84   104961   29.42%
    968     0   305675.0000   217   236197.0000      Cuts: 33   105219   29.42%
    968     0   305675.0000   215   236197.0000     Cuts: 132   105229   29.42%
    968     0   305675.0000   214   236197.0000  ZeroHalf: 61   105239   29.42%
    968     0   305675.0000   210   236197.0000     Cuts: 141   105241   29.42%
    968     2   305675.0000   210   236197.0000   305675.0000   105241   29.42%
    969     3   305663.6250   280   236197.0000   305662.2415   105487   29.41%
    971     5   305589.2500   394   236197.0000   305662.2415   106278   29.41%
    973     7   305543.2500   270   236197.0000   305662.2415   106533   29.41%
    975     9   305307.0111   331   236197.0000   305662.2415   107777   29.41%
    977    11   305029.9093   318   236197.0000   305662.2415   109579   29.41%
    979    13   304992.8639   449   236197.0000   305662.2415   111373   29.41%
Elapsed time = 14.57 sec. (33470.99 ticks, tree = 0.23 MB, solutions = 1)
    981    15   304093.2634   593   236197.0000   305662.2415   113029   29.41%
    983    17   304001.2389   558   236197.0000   305662.2415   114243   29.41%
    985    19   303579.1690   467   236197.0000   305662.2415   115821   29.41%
    987    21   303562.6489   543   236197.0000   305662.2415   118293   29.41%
    988    22   302735.4628   444   236197.0000   305662.2415   119114   29.41%
    991    25   302213.7683   191   236197.0000   305662.2415   119797   29.41%
    993    27   302118.9564   281   236197.0000   305662.2415   121942   29.41%
    997    31   301725.3010   106   236197.0000   305662.2415   123278   29.41%
   1012    40   304732.5548   115   236197.0000   305646.7500   124873   29.40%
   1015    43   304415.9425   365   236197.0000   305646.7500   125856   29.40%
Elapsed time = 19.56 sec. (47924.97 ticks, tree = 1.03 MB, solutions = 1)
   1018    46   304244.1430   355   236197.0000   305646.7500   127145   29.40%
   1021    49   304074.7230   493   236197.0000   305646.7500   128580   29.40%
   1025    53   303521.9495   171   236197.0000   305646.7500   130742   29.40%
   1029    51   304297.1429   250   236197.0000   305589.2500   135109   29.38%
   1034    56   303568.0000   229   236197.0000   305589.2500   137070   29.38%
   1039    61   303450.3311   459   236197.0000   305589.2500   137830   29.38%
   1045    67   303330.9398   287   236197.0000   305589.2500   138481   29.38%
   1054    72   305394.4713   270   236197.0000   305543.2500   142025   29.36%
   1058    76   305193.5702   285   236197.0000   305543.2500   142522   29.36%
   1062    80   304714.3108   518   236197.0000   305543.2500   143437   29.36%
Elapsed time = 23.46 sec. (59075.54 ticks, tree = 1.46 MB, solutions = 1)
   1068    86   304048.0781   419   236197.0000   305543.2500   144616   29.36%
   1074    90   301844.5829   549   236197.0000   305543.2500   145854   29.36%
   1080    90   305432.2500   280   236197.0000   305542.6119   147919   29.36%
   1083    93   305280.0000   230   236197.0000   305542.6119   148310   29.36%
   1085    95   305145.9079   374   236197.0000   305542.6119   148645   29.36%
   1088    98   305025.0058   345   236197.0000   305542.6119   149268   29.36%
   1091   101   304701.4465   349   236197.0000   305542.6119   150041   29.36%
   1094   104   304029.0000   297   236197.0000   305542.6119   151499   29.36%
   1099   109   303402.6449   344   236197.0000   305542.6119   153025   29.36%
   1115   125   302500.7500   495   236197.0000   305542.6119   155459   29.36%
Elapsed time = 27.53 sec. (71596.39 ticks, tree = 3.42 MB, solutions = 1)
   1128   138   301980.7599   590   236197.0000   305542.6119   156907   29.36%
   1142   150   298301.4547   428   236197.0000   305542.6119   159801   29.36%
   1161   168   288077.6760   480   236197.0000   305542.6119   162856   29.36%
   1169   170   305145.8151   709   236197.0000   305419.0264   165348   29.31%
   1182   183   304962.9566   272   236197.0000   305418.7500   169064   29.31%
   1191   190   301005.3605   287   236197.0000   305418.7500   173417   29.31%
   1197   192   303747.5366   352   236197.0000   305390.1635   175377   29.29%
   1208   201    infeasible         236197.0000   305390.1635   178415   29.29%
   1221   212   301369.2035   431   236197.0000   305390.1635   182061   29.29%
   1232   219   305052.4462   200   236197.0000   305388.5079   187396   29.29%
Elapsed time = 31.09 sec. (82287.94 ticks, tree = 7.26 MB, solutions = 1)
   1246   230    infeasible         236197.0000   305388.5079   191464   29.29%
   1249   231   303596.9426   379   236197.0000   305379.8102   193123   29.29%
   1254   236   303436.8412   266   236197.0000   305379.8102   194182   29.29%
   1278   260   301213.9628   282   236197.0000   305379.8102   197118   29.29%
   1310   290   296103.8021   368   236197.0000   305379.8102   200454   29.29%
   1345   320   304487.0000   346   236197.0000   305334.0000   204697   29.27%
   1370   345   301740.8304   595   236197.0000   305334.0000   209112   29.27%
   1393   358   304860.7500   346   236197.0000   305282.6796   214006   29.25%
   1404   369   303341.9872   333   236197.0000   305282.6796   218242   29.25%
   1419   380    infeasible         236197.0000   305282.6796   222835   29.25%
Elapsed time = 34.42 sec. (92237.65 ticks, tree = 14.24 MB, solutions = 1)
   1433   394   303251.4673   334   236197.0000   305280.0000   226007   29.25%
   1441   398   304436.1057   584   236197.0000   305280.0000   229144   29.25%
   1459   415   301548.3564   351   236197.0000   305280.0000   231846   29.25%
   1488   443   296819.9848   337   236197.0000   305280.0000   235969   29.25%
   1521   472   291418.6069   164   236197.0000   305280.0000   239359   29.25%
   1531   478   303933.0899   245   236197.0000   305232.8433   242908   29.23%
   1552   497    infeasible         236197.0000   305232.8433   246976   29.23%
   1577   515   304191.7500   228   236197.0000   305221.9669   250540   29.22%
   1606   537   304257.1272   311   236197.0000   305221.2618   255432   29.22%
   1626   552   302603.9700   429   236197.0000   305193.4984   260344   29.21%
Elapsed time = 38.07 sec. (102349.73 ticks, tree = 21.75 MB, solutions = 1)
   1641   561   304090.4591   566   236197.0000   305190.9082   264562   29.21%
   1663   581    infeasible         236197.0000   305190.9082   269329   29.21%
   1673   585   304962.0723   313   236197.0000   305170.8871   273852   29.20%
   1684   596   304062.3087   355   236197.0000   305170.8871   278206   29.20%
   1691   603   302058.0297   324   236197.0000   305170.8871   282751   29.20%
   1706   614    infeasible         236197.0000   305170.8871   287527   29.20%
   1725   629   299813.1616   258   236197.0000   305170.6549   292552   29.20%
   1746   645   304722.9128   339   236197.0000   305145.4133   296552   29.19%
   1765   661   304921.8571   355   236197.0000   305144.1241   302184   29.19%
   1838   726   303399.0138   454   236197.0000   305143.6194   319528   29.19%
Elapsed time = 42.67 sec. (115460.93 ticks, tree = 29.42 MB, solutions = 1)
   1910   794   301937.7939   402   236197.0000   305139.4867   337354   29.19%
   1973   851   298055.2530   397   236197.0000   305131.9864   352444   29.19%
   2132   999   304351.3812   479   236197.0000   305128.2909   369502   29.18%
   2203  1060   303222.1859   243   236197.0000   305084.9430   387058   29.17%
   2230  1086   301785.8080   463   236197.0000   305084.9430   390073   29.17%
   2306  1155   298828.7422   379   236197.0000   305078.4681   407098   29.16%
   2403  1235   302494.3092   202   236197.0000   305057.6132   425451   29.15%
   2478  1298   299746.8096   447   236197.0000   305036.1667   442777   29.14%
   2551  1363   301986.6661   294   236197.0000   305030.1784   457304   29.14%
   2652  1456   297199.6654   325   236197.0000   305028.5000   474961   29.14%
Elapsed time = 58.50 sec. (154146.64 ticks, tree = 61.44 MB, solutions = 1)
   2741  1531   302412.1383   335   236197.0000   305021.6190   493816   29.14%
   2792  1577   299438.9874   404   236197.0000   305018.4963   514578   29.14%
   2856  1627   303684.3582   345   236197.0000   304990.2938   530424   29.13%
   2940  1698   302453.0517   361   236197.0000   304963.6609   549613   29.11%
   3022  1770   295781.0413   544   236197.0000   304961.7602   569373   29.11%
   3117  1849   303751.6414   369   236197.0000   304950.8739   587477   29.11%
   3245  1973   283195.3629   339   236197.0000   304950.8739   604678   29.11%
   3340  2055   300766.5711   397   236197.0000   304927.5815   622941   29.10%
   3438  2142   296518.5127   425   236197.0000   304921.8333   640223   29.10%
   3545  2237   293859.2937   444   236197.0000   304917.5773   659793   29.09%
Elapsed time = 71.42 sec. (192711.41 ticks, tree = 96.12 MB, solutions = 1)
   3609  2284    infeasible         236197.0000   304889.8443   678599   29.08%
   3677  2333   300047.9107   469   236197.0000   304860.5909   696624   29.07%
   3761  2399   303057.3361   295   236197.0000   304847.3127   715941   29.06%
   3876  2505   294958.9532   302   236197.0000   304844.5668   735679   29.06%
   3992  2600    infeasible         236197.0000   304833.4156   753901   29.06%
   4049  2644   301704.2736   352   236197.0000   304825.5000   773508   29.06%
   4140  2720   301242.1442   350   236197.0000   304821.3684   791355   29.05%
   4210  2772   301192.7092   228   236197.0000   304793.1181   812171   29.04%
   4298  2856   293979.2855   457   236197.0000   304785.3809   829648   29.04%
   4424  2969   303020.7373   298   236197.0000   304778.3666   848612   29.04%
Elapsed time = 87.46 sec. (231256.66 ticks, tree = 128.53 MB, solutions = 1)
   4495  3018   299120.2361   405   236197.0000   304741.8638   868653   29.02%
   4642  3156   291628.6724   327   236197.0000   304735.7897   887862   29.02%
   4760  3259    infeasible         236197.0000   304726.7459   903576   29.01%
   4824  3307   303049.2194   359   236197.0000   304713.7781   921720   29.01%
   4920  3383    infeasible         236197.0000   304705.3766   940055   29.00%
   5008  3448   304237.3374   318   236197.0000   304700.3294   956893   29.00%
   5124  3556   297228.4456   432   236197.0000   304692.6206   977256   29.00%

Clique cuts applied:  19
Cover cuts applied:  22
Implied bound cuts applied:  80
Flow cuts applied:  21
Mixed integer rounding cuts applied:  428
Zero-half cuts applied:  358
Gomory fractional cuts applied:  13

Root node processing (before b&c):
  Real time             =    0.42 sec. (989.97 ticks)
Sequential b&c:
  Real time             =   97.58 sec. (260191.70 ticks)
                          ------------
Total (root+branch&cut) =   98.00 sec. (261181.67 ticks)
[CPLEX] Status: time limit exceeded
[CPLEX] OPTIMAL OBJ: 236197.0
[CPLEX] Runtime: 98.011 sec
Vehicle 0: d → 1 → 22 → 27 → 3 → 10 → 7 → 8 → 21 → 14 → 28 → 4 → 19 → 23 → 25 → 6 → 0 → 11 → 29 → d, (requests = [1, 6, 8, 15, 24, 36, 39])
Vehicle 1: d → 5 → 2 → 22 → 27 → 17 → 21 → 14 → 28 → 24 → 4 → 19 → 26 → 13 → 25 → 29 → 15 → 6 → 12 → 20 → 18 → d, (requests = [0, 2, 4, 19, 21, 25, 28, 30])
Vehicle 2: d → 16 → 30 → 20 → 12 → 6 → 25 → 23 → 26 → 19 → 4 → 28 → 14 → 21 → 8 → 17 → d, (requests = [5, 11, 12, 29, 35])
Vehicle 3: d → 24 → 4 → 19 → 23 → 25 → 6 → 0 → 11 → d, (requests = [40])
Vehicle 4: d → 11 → 0 → 12 → 6 → 25 → 13 → 26 → 19 → 4 → 24 → 9 → 14 → 21 → 17 → 7 → 10 → 27 → 22 → 2 → d, (requests = [7, 16, 18, 22, 23, 32])
Vehicle 5: d → 22 → 27 → 3 → 7 → 21 → 14 → 9 → 24 → 4 → 19 → 23 → 25 → 6 → 12 → 20 → 18 → 16 → d, (requests = [3, 9, 10, 13, 17])
Vehicle 6: d → 30 → 20 → 12 → 6 → 25 → 23 → 19 → 4 → 28 → 14 → 21 → 7 → 27 → 22 → 5 → 1 → d, (requests = [20, 26, 31, 34, 37])
Vehicle 7: d → 3 → 7 → 8 → 21 → 14 → 28 → 4 → 19 → 23 → 25 → 6 → 12 → d, (requests = [14, 27, 33, 41])
======== PPDSP OBJECTIVE ========
Profit    = 300056
Cost      = 63859
Objective = 236197
=================================
===== RAW XY MODEL =====
12 55 107 148 193 233 278 328 382 477 632 687 732 762 807 868 901 960 994 1111 1172 1187 1229 1429 1466 1501 1511 1590 1632 1659 1683 1711 1756 1797 1854 1870 1906 1945 1968 2022 2353 2414 2470 2587 2666 2739 2772 2809 2849 2877 2959 3020 3048 3107 3177 3205 3327 3463 3508 3699 3947 4077 4088 4122 4332 4457 4540 4597 4662 4679 4747 4792 4797 4835 4887 4914 4996 5057 5134 5151 5222 5258 5296 5331 5448 5689 5733 5790 5831 5898 5990 6043 6129 6178 6217 6244 6272 6317 6347 6358 6392 6453 6600 6802 6895 6900 6956 6990 7129 7208 7351 7391 7418 7448 7494 7562 7625 7649 7719 7761 8007 8051 8108 8136 8181 8319 8380 8535 8590 8665 8710 8804 8899 2050 2051 2054 6613 2184 3226 2187 5476 2191 6619 6620 3297 3300 6623 8942 3307 5485 6627 5487 4426 7783 4434 5491 5492 5556 5562 7789 8955 5577 5583 6704 7794 6719 8961 7797 6735 7862 7875 7883 7893 8969
  [Time Manager] Step 47 consumed 98.01s. Total Consumed: 2104.82s.
  [Info] Saved 9040 core assumption literals to p1_A-n32-k5_r43v8k3.lp.asm

[48/60] Building & Solving: R=44, V=8, K=3
Default row names c1, c2 ... being created.
  [Info] Generating MIP Formulation...
  [Time Manager] Global Remaining Budget: 1495.18s | Future Weight Sum: 16858.0
  [Time Manager] Recalibrated Budget for this step: 99.34s
[CPLEX] Setting time limit to 99 seconds
[CPLEX] Reading assumption from p1_A-n32-k5_r43v8k3.lp.asm ...
[CPLEX] Applying MIP Start with 8536 variables.
Version identifier: 22.1.1.0 | 2022-11-28 | 9160aff4d
CPXPARAM_Read_DataCheck                          1
CPXPARAM_Threads                                 1
CPXPARAM_TimeLimit                               99
1 of 1 MIP starts provided solutions.
MIP start 'm1' defined initial solution with objective 242739.0000.
Tried aggregator 1 time.
MIP Presolve eliminated 24 rows and 6824 columns.
MIP Presolve modified 4548 coefficients.
Reduced MIP has 4724 rows, 2224 columns, and 24248 nonzeros.
Reduced MIP has 1728 binaries, 496 generals, 0 SOSs, and 0 indicators.
Presolve time = 0.01 sec. (14.44 ticks)
Probing time = 0.00 sec. (2.99 ticks)
Tried aggregator 1 time.
Detecting symmetries...
Reduced MIP has 4724 rows, 2224 columns, and 24248 nonzeros.
Reduced MIP has 1728 binaries, 496 generals, 0 SOSs, and 0 indicators.
Presolve time = 0.01 sec. (15.99 ticks)
Probing time = 0.00 sec. (2.87 ticks)
Clique table members: 908.
MIP emphasis: balance optimality and feasibility.
MIP search method: dynamic search.
Parallel mode: none, using 1 thread.
Root relaxation solution time = 0.02 sec. (35.04 ticks)

        Nodes                                         Cuts/
   Node  Left     Objective  IInf  Best Integer    Best Bound    ItCnt     Gap

*     0+    0                       242739.0000  2561184.0000           955.12%
      0     0   313660.0000   158   242739.0000   313660.0000      979   29.22%
      0     0   313657.1579   222   242739.0000     Cuts: 214     1098   29.22%
      0     0   313583.3573   229   242739.0000      Cuts: 64     1272   29.19%
      0     0   313547.9501   224   242739.0000      Cuts: 86     1363   29.17%
      0     0   313406.6982   340   242739.0000      Cuts: 65     1780   29.11%
      0     0   313332.2121   329   242739.0000     Cuts: 135     1822   29.08%
      0     0   313207.0882   218   242739.0000     Cuts: 117     2015   29.03%
      0     0   313176.0000   225   242739.0000      Cuts: 98     2084   29.02%
      0     0   312940.0000   212   242739.0000  ZeroHalf: 44     2179   28.92%
      0     0   312940.0000   212   242739.0000      Cuts: 54     2180   28.92%
      0     2   312940.0000   212   242739.0000   312940.0000     2180   28.92%
Elapsed time = 0.44 sec. (1131.70 ticks, tree = 0.01 MB, solutions = 1)
      3     5   312305.4167   194   242739.0000   312786.4011     4138   28.86%
      7     9   312058.7545   215   242739.0000   312786.4011     6428   28.86%
     10    12   311519.7529   215   242739.0000   312786.4011     7706   28.86%
     15    17   310954.0628   240   242739.0000   312786.4011     9723   28.86%
     40    42   309983.5030   118   242739.0000   312786.4011    11195   28.86%
     84    79   312725.8163   398   242739.0000   312724.5246    12795   28.83%
     88    83   312682.8337   211   242739.0000   312695.4059    14126   28.82%
     93    88   312234.0738   165   242739.0000   312695.4059    15808   28.82%
    103    98   311786.8717   138   242739.0000   312695.4059    17358   28.82%
    136   122   311848.9089   208   242739.0000   312686.5559    23406   28.82%
Elapsed time = 1.69 sec. (4457.64 ticks, tree = 4.21 MB, solutions = 1)
    170   147   311607.1413   249   242739.0000   312676.0412    27407   28.81%
    268   228   297313.9688    96   242739.0000   312675.0000    33535   28.81%
    296   250   311836.9179   330   242739.0000   312668.2529    39053   28.81%
    317   271   311495.5385   173   242739.0000   312668.2529    43373   28.81%
    382   321   311257.5752   174   242739.0000   312668.0090    49043   28.81%
    476   399   307787.0162   175   242739.0000   312656.6867    55456   28.80%

Performing restart 1

Repeating presolve.
Tried aggregator 1 time.
MIP Presolve modified 192 coefficients.
Reduced MIP has 4724 rows, 2224 columns, and 24248 nonzeros.
Reduced MIP has 1728 binaries, 496 generals, 0 SOSs, and 0 indicators.
Presolve time = 0.01 sec. (14.10 ticks)
Tried aggregator 1 time.
Reduced MIP has 4724 rows, 2224 columns, and 24248 nonzeros.
Reduced MIP has 1728 binaries, 496 generals, 0 SOSs, and 0 indicators.
Presolve time = 0.01 sec. (16.81 ticks)
Represolve time = 0.02 sec. (46.18 ticks)
    477     0   312940.0000   213   242739.0000     Cuts: 111    57195   28.80%
    477     0   312940.0000   214   242739.0000      Cuts: 82    57201   28.80%
    477     0   312940.0000   215   242739.0000      Cuts: 75    57207   28.80%
    477     0   312940.0000   216   242739.0000      Cuts: 83    57210   28.80%
    477     2   312940.0000   216   242739.0000   312656.6867    57210   28.80%
    478     3   312779.9738   228   242739.0000   312656.6867    58387   28.80%
    481     6   312491.2699   413   242739.0000   312656.6867    59511   28.80%
    483     8   311359.2186   375   242739.0000   312656.6867    62506   28.80%
Elapsed time = 6.70 sec. (18599.00 ticks, tree = 0.01 MB, solutions = 1)
    486    11   311179.5000   313   242739.0000   312656.6867    66422   28.80%
    488    13   310750.1915   264   242739.0000   312656.6867    67311   28.80%
    491    14   311028.0000   204   242739.0000   312656.6867    68334   28.80%
    493    16   310809.9882   375   242739.0000   312656.6867    70224   28.80%
    495    18   310625.5584   449   242739.0000   312656.6867    73453   28.80%
    497    20   310226.1631   230   242739.0000   312656.6867    74350   28.80%
    500    23   310371.9379   398   242739.0000   312656.6867    75978   28.80%
    502    25   309686.6348   362   242739.0000   312656.6867    78661   28.80%
    505    28   309075.2387   373   242739.0000   312656.6867    82220   28.80%
    507    30   308196.8466   384   242739.0000   312656.6867    84605   28.80%
Elapsed time = 11.87 sec. (33411.49 ticks, tree = 0.38 MB, solutions = 1)
    509    32   308492.4633   403   242739.0000   312656.6867    85718   28.80%
    513    36   307454.1964   294   242739.0000   312656.6867    87067   28.80%
    517    37   311132.9905   346   242739.0000   312656.6867    87852   28.80%
    523    43   308633.0536   324   242739.0000   312656.6867    88970   28.80%
    529    49   307909.6695   314   242739.0000   312656.6867    90367   28.80%
    542    60   307067.8614   299   242739.0000   312656.6867    91907   28.80%
    558    76   305316.3750   354   242739.0000   312656.6867    93663   28.80%
    577    95   304499.2015   308   242739.0000   312656.6867    95881   28.80%
    591   106   312629.0000   213   242739.0000   312629.0000    97845   28.79%
    604   119   311669.5532   355   242739.0000   312629.0000    99265   28.79%
Elapsed time = 18.21 sec. (44105.70 ticks, tree = 3.57 MB, solutions = 1)
    607   121   311543.1507   405   242739.0000   312629.0000    99647   28.79%
    613   127   308303.9783   165   242739.0000   312629.0000   100845   28.79%
    618   128   311506.7015   473   242739.0000   312629.0000   103003   28.79%
    620   130   311455.3677   334   242739.0000   312629.0000   103379   28.79%
    623   133   311373.9223   345   242739.0000   312629.0000   103899   28.79%
    628   138   311013.6583   170   242739.0000   312629.0000   104819   28.79%
    633   143   310251.8035   386   242739.0000   312629.0000   105783   28.79%
    637   147   309527.4334   157   242739.0000   312629.0000   106650   28.79%
    642   150   307351.6000   182   242739.0000   312629.0000   107694   28.79%
    648   152   311355.5142   747   242739.0000   312599.0333   110243   28.78%
Elapsed time = 22.19 sec. (55880.13 ticks, tree = 4.87 MB, solutions = 1)
    651   155   311241.1795   553   242739.0000   312599.0333   110492   28.78%
    655   158   308842.2394   348   242739.0000   312599.0333   111047   28.78%
    660   163   308355.8228   581   242739.0000   312599.0333   111949   28.78%
    675   178   307744.3548   174   242739.0000   312599.0333   113709   28.78%
    687   189   306446.9051   469   242739.0000   312599.0333   114870   28.78%
    704   202   310597.4753   479   242739.0000   312303.5515   117708   28.66%
    720   217   307567.6505   347   242739.0000   312303.5515   120994   28.66%
    734   230   304766.4696   227   242739.0000   312303.5515   123880   28.66%
    739   231   311769.5000   342   242739.0000   312217.0000   125411   28.62%
    753   245   310865.3268   219   242739.0000   312217.0000   127355   28.62%
Elapsed time = 25.50 sec. (66132.37 ticks, tree = 8.17 MB, solutions = 1)
    781   266   311960.2999   181   242739.0000   312149.7083   129172   28.59%
    788   273   311304.5037   671   242739.0000   312149.7083   130885   28.59%
    806   291   307861.5383   226   242739.0000   312149.7083   133519   28.59%
    831   310   310741.7297   167   242739.0000   312107.4221   136805   28.58%
    849   324   308241.9993   358   242739.0000   312040.4126   140749   28.55%
    883   356   307013.9581   410   242739.0000   312040.4126   144152   28.55%
    903   370   311131.5556   191   242739.0000   312017.2836   147966   28.54%
    915   378   310064.1284   304   242739.0000   312005.2822   152885   28.54%
    937   400   307172.9945   311   242739.0000   312005.2822   155975   28.54%
    969   428    infeasible         242739.0000   312005.2822   158594   28.54%
Elapsed time = 28.93 sec. (76591.94 ticks, tree = 15.41 MB, solutions = 1)
   1008   464   309120.0878   202   242739.0000   311968.3943   162365   28.52%
   1043   493   309696.1027   371   242739.0000   311954.9341   166465   28.51%
   1063   508   311180.5000   170   242739.0000   311943.3676   169792   28.51%
   1078   523   310699.8039   477   242739.0000   311943.3676   172278   28.51%
   1116   561   309857.3464   287   242739.0000   311943.3676   175695   28.51%
   1160   597   311437.3811   253   242739.0000   311927.7914   180292   28.50%
   1192   622    infeasible         242739.0000   311927.7914   185385   28.50%
   1205   631   310043.2259   659   242739.0000   311924.6526   188965   28.50%
   1230   656   309036.6858   196   242739.0000   311924.6526   192441   28.50%
   1256   682   305238.9125   216   242739.0000   311924.6526   196712   28.50%
Elapsed time = 32.10 sec. (86364.70 ticks, tree = 21.80 MB, solutions = 1)
   1288   710   309160.0821   555   242739.0000   311909.1765   201305   28.50%
   1306   726   306210.8680   313   242739.0000   311909.1765   204843   28.50%
   1326   742   309655.1118   555   242739.0000   311886.6667   209458   28.49%
   1344   760   306891.0188   373   242739.0000   311886.6667   212233   28.49%
   1358   770   310420.6948   443   242739.0000   311877.1822   216513   28.48%
   1390   802   307001.0631   259   242739.0000   311877.1822   221831   28.48%
   1417   824   307621.4435   154   242739.0000   311865.3446   226231   28.48%
   1435   838   306734.5811   296   242739.0000   311841.3030   230880   28.47%
   1465   863   302270.6430   241   242739.0000   311841.3030   235755   28.47%
   1487   881   309126.5080   396   242739.0000   311806.8884   240344   28.45%
Elapsed time = 35.34 sec. (96211.51 ticks, tree = 29.36 MB, solutions = 1)
   1503   892   309372.6276   386   242739.0000   311806.3863   243758   28.45%
   1521   906   308999.6153   205   242739.0000   311806.3863   248377   28.45%
   1544   927   302472.5387   197   242739.0000   311806.3863   253816   28.45%
   1561   936    infeasible         242739.0000   311792.2379   258875   28.45%
   1596   964    infeasible         242739.0000   311772.8435   263866   28.44%
   1608   976   308832.1625   263   242739.0000   311769.5000   267169   28.44%
   1638  1001   310132.4241   694   242739.0000   311769.4000   271748   28.44%
   1653  1012   310068.6278   273   242739.0000   311764.0000   275889   28.44%
   1671  1022   311161.8527   459   242739.0000   311762.6261   280716   28.44%
   1780  1116   311088.6282   526   242739.0000   311728.9749   298361   28.42%
Elapsed time = 39.63 sec. (109058.32 ticks, tree = 38.92 MB, solutions = 1)
   1837  1159   309704.9397   600   242739.0000   311727.2882   316688   28.42%
   1943  1251    infeasible         242739.0000   311680.2426   334992   28.40%
   2056  1357   306815.3524   400   242739.0000   311664.9559   351776   28.40%
   2177  1463   311028.6908   523   242739.0000   311646.1483   368828   28.39%
   2293  1566   308514.5357   402   242739.0000   311627.1371   388812   28.38%
   2433  1692   311410.1445   444   242739.0000   311622.8382   404737   28.38%
   2518  1769   309081.8529   424   242739.0000   311607.6844   424200   28.37%
   2666  1905   305589.0120   314   242739.0000   311591.7652   440488   28.36%
   2757  1980   306272.8301   360   242739.0000   311564.9506   459991   28.35%
   2831  2040   310800.2302   318   242739.0000   311542.4978   477282   28.34%
Elapsed time = 52.89 sec. (147645.57 ticks, tree = 74.57 MB, solutions = 1)
   2941  2128   310744.2446   675   242739.0000   311521.1990   495267   28.34%
   3069  2243   310510.2500   230   242739.0000   311506.5481   512229   28.33%
   3211  2360    infeasible         242739.0000   311490.1067   533496   28.32%
   3313  2453   303201.2906   312   242739.0000   311466.5796   552356   28.31%
   3457  2585   306116.6842   475   242739.0000   311433.7968   569384   28.30%
   3551  2661   307339.7894   297   242739.0000   311413.5181   586885   28.29%
   3613  2707   307945.0641   481   242739.0000   311406.8254   606630   28.29%
   3715  2801   309041.6728   407   242739.0000   311404.1600   625507   28.29%
   3791  2863   307543.4706   333   242739.0000   311394.2170   641820   28.28%
   3905  2957   308162.9815   406   242739.0000   311373.9223   660462   28.28%
Elapsed time = 69.50 sec. (186002.60 ticks, tree = 112.44 MB, solutions = 1)
   4049  3093   304872.7574   284   242739.0000   311373.4932   676724   28.28%
   4242  3274   290160.8004   293   242739.0000   311369.0000   694031   28.27%
   4408  3415   303465.3667   239   242739.0000   311357.8351   712942   28.27%
   4535  3525   308965.4775   584   242739.0000   311354.1678   732201   28.27%
   4638  3612    infeasible         242739.0000   311348.6057   751752   28.26%
   4796  3750    infeasible         242739.0000   311332.9028   771784   28.26%
   4917  3850   309061.6165   440   242739.0000   311315.1446   790947   28.25%
   5031  3936    infeasible         242739.0000   311298.4813   812830   28.24%
   5149  4030   307779.0109   427   242739.0000   311261.3929   833019   28.23%
   5291  4156   309921.2594   438   242739.0000   311252.8646   853350   28.23%
Elapsed time = 84.26 sec. (224699.82 ticks, tree = 162.31 MB, solutions = 1)
   5414  4263   306332.4286   192   242739.0000   311246.7500   871665   28.22%
   5526  4363   304239.2191   428   242739.0000   311233.8492   890873   28.22%
   5660  4478   309823.5728   267   242739.0000   311215.6111   910526   28.21%
   5861  4653        cutoff         242739.0000   311209.3333   930655   28.21%
   5942  4718   308315.1161   389   242739.0000   311202.6667   949824   28.20%
   6078  4836   308887.3449   397   242739.0000   311198.4859   968933   28.20%
   6198  4930   308410.0000   407   242739.0000   311180.5000   988131   28.20%
   6324  5036   309561.0338   311   242739.0000   311161.8527  1007467   28.19%
   6403  5097   307584.2750   337   242739.0000   311153.3044  1027451   28.18%
*  6477+ 5155                       243160.0000   311136.1247            27.96%
   6477  5157   308877.1599   229   243160.0000   311136.1247  1042417   27.96%
Elapsed time = 98.59 sec. (263453.81 ticks, tree = 195.60 MB, solutions = 2)

GUB cover cuts applied:  2
Clique cuts applied:  7
Cover cuts applied:  44
Implied bound cuts applied:  19
Mixed integer rounding cuts applied:  442
Zero-half cuts applied:  66
Gomory fractional cuts applied:  5

Root node processing (before b&c):
  Real time             =    0.44 sec. (1128.65 ticks)
Sequential b&c:
  Real time             =   98.56 sec. (263446.95 ticks)
                          ------------
Total (root+branch&cut) =   99.00 sec. (264575.61 ticks)
[CPLEX] Status: time limit exceeded
[CPLEX] OPTIMAL OBJ: 243160.0
[CPLEX] Runtime: 99.010 sec
Vehicle 0: d → 1 → 22 → 27 → 3 → 10 → 7 → 8 → 21 → 14 → 28 → 4 → 19 → 23 → 25 → 6 → 0 → 11 → 29 → d, (requests = [1, 6, 8, 15, 24, 36, 39, 43])
Vehicle 1: d → 5 → 2 → 22 → 27 → 17 → 21 → 14 → 28 → 24 → 4 → 19 → 26 → 13 → 25 → 29 → 15 → 6 → 12 → 20 → 18 → d, (requests = [0, 2, 4, 19, 21, 25, 28, 30])
Vehicle 2: d → 16 → 30 → 20 → 12 → 6 → 25 → 23 → 26 → 19 → 4 → 28 → 14 → 21 → 8 → 17 → d, (requests = [5, 11, 12, 29, 35])
Vehicle 3: d → 24 → 4 → 19 → 23 → 25 → 15 → 11 → d, (requests = [40])
Vehicle 4: d → 11 → 0 → 12 → 6 → 25 → 13 → 26 → 19 → 4 → 24 → 9 → 14 → 21 → 17 → 7 → 10 → 27 → 22 → 2 → d, (requests = [7, 16, 18, 22, 23, 32])
Vehicle 5: d → 22 → 27 → 3 → 7 → 21 → 14 → 9 → 24 → 4 → 19 → 23 → 25 → 6 → 12 → 20 → 18 → 16 → d, (requests = [3, 9, 10, 13, 17])
Vehicle 6: d → 30 → 20 → 12 → 6 → 25 → 23 → 19 → 4 → 28 → 14 → 21 → 7 → 27 → 22 → 5 → 1 → d, (requests = [20, 26, 31, 34, 37])
Vehicle 7: d → 3 → 7 → 8 → 21 → 14 → 28 → 4 → 19 → 23 → 25 → 6 → 12 → d, (requests = [14, 27, 33, 41])
======== PPDSP OBJECTIVE ========
Profit    = 306598
Cost      = 63438
Objective = 243160
=================================
===== RAW XY MODEL =====
12 55 107 148 193 233 278 328 382 477 632 687 732 762 807 868 901 960 994 1111 1172 1187 1229 1429 1466 1501 1511 1590 1632 1659 1683 1711 1756 1797 1854 1870 1906 1945 1968 2022 2353 2414 2470 2587 2666 2739 2772 2809 2849 2877 2959 3020 3048 3107 3177 3205 3463 3699 3807 3947 4077 4088 4131 4332 4457 4540 4597 4662 4679 4747 4792 4797 4835 4887 4914 4996 5057 5134 5151 5222 5258 5296 5331 5448 5689 5733 5790 5831 5898 5990 6043 6129 6178 6217 6244 6272 6317 6347 6358 6392 6453 6600 6802 6895 6900 6956 6990 7129 7208 7351 7391 7418 7448 7494 7562 7625 7649 7719 7761 8007 8051 8108 8136 8181 8319 8380 8535 8590 8665 8710 8804 8899 2050 2051 2054 6613 2184 3226 2187 5476 2191 6619 6620 3297 3300 6623 8942 3307 5485 6627 5487 4426 7783 4434 5491 5492 5556 5562 7789 8955 5577 5583 6704 7794 6719 8961 7797 6735 7862 7875 7883 7893 8969 9041
  [Time Manager] Step 48 consumed 99.01s. Total Consumed: 2203.83s.
  [Info] Saved 9048 core assumption literals to p1_A-n32-k5_r44v8k3.lp.asm

[49/60] Building & Solving: R=45, V=8, K=3
Default row names c1, c2 ... being created.
  [Info] Generating MIP Formulation...
  [Time Manager] Global Remaining Budget: 1396.17s | Future Weight Sum: 15738.0
  [Time Manager] Recalibrated Budget for this step: 100.07s
[CPLEX] Setting time limit to 100 seconds
[CPLEX] Reading assumption from p1_A-n32-k5_r44v8k3.lp.asm ...
[CPLEX] Applying MIP Start with 8544 variables.
Version identifier: 22.1.1.0 | 2022-11-28 | 9160aff4d
CPXPARAM_Read_DataCheck                          1
CPXPARAM_Threads                                 1
CPXPARAM_TimeLimit                               100
1 of 1 MIP starts provided solutions.
MIP start 'm1' defined initial solution with objective 243160.0000.
Tried aggregator 1 time.
MIP Presolve eliminated 16 rows and 6824 columns.
MIP Presolve modified 4612 coefficients.
Reduced MIP has 4757 rows, 2232 columns, and 24520 nonzeros.
Reduced MIP has 1736 binaries, 496 generals, 0 SOSs, and 0 indicators.
Presolve time = 0.01 sec. (14.70 ticks)
Probing time = 0.00 sec. (3.00 ticks)
Tried aggregator 1 time.
Detecting symmetries...
Reduced MIP has 4757 rows, 2232 columns, and 24520 nonzeros.
Reduced MIP has 1736 binaries, 496 generals, 0 SOSs, and 0 indicators.
Presolve time = 0.01 sec. (16.13 ticks)
Probing time = 0.00 sec. (2.88 ticks)
Clique table members: 909.
MIP emphasis: balance optimality and feasibility.
MIP search method: dynamic search.
Parallel mode: none, using 1 thread.
Root relaxation solution time = 0.02 sec. (38.71 ticks)

        Nodes                                         Cuts/
   Node  Left     Objective  IInf  Best Integer    Best Bound    ItCnt     Gap

*     0+    0                       243160.0000  2611032.0000           973.79%
      0     0   319891.0000   160   243160.0000   319891.0000     1017   31.56%
      0     0   319872.9366   227   243160.0000     Cuts: 218     1230   31.55%
      0     0   319808.8333   224   243160.0000      Cuts: 73     1373   31.52%
      0     0   319741.2603   223   243160.0000      Cuts: 75     1526   31.49%
      0     0   319602.4684   327   243160.0000      Cuts: 82     1796   31.44%
      0     0   319542.1525   349   243160.0000     Cuts: 156     1885   31.41%
      0     0   319215.1864   320   243160.0000      Cuts: 81     2151   31.28%
      0     0   319203.2500   334   243160.0000     Cuts: 130     2249   31.27%
      0     0   319171.0000   187   243160.0000  ZeroHalf: 57     2266   31.26%
      0     0   319171.0000   215   243160.0000     Cuts: 121     2272   31.26%
      0     2   319171.0000   215   243160.0000   319171.0000     2272   31.26%
Elapsed time = 0.00 sec. (1322.59 ticks, tree = 0.01 MB, solutions = 1)
      2     4   318727.3322   385   243160.0000   319028.9915     4778   31.20%
      5     7   318940.3253   359   243160.0000   318950.4785     6831   31.17%
      6     8   318172.8116   234   243160.0000   318940.3247     8603   31.16%
      8    10   318512.6555   251   243160.0000   318926.0441    10772   31.16%
     11    13   318206.1153   247   243160.0000   318925.9270    12280   31.16%
     17    19   318620.8130   268   243160.0000   318925.9270    13939   31.16%
     26    28   318192.7196   254   243160.0000   318925.9270    15439   31.16%
     47    46   316305.6265   150   243160.0000   318925.9270    16805   31.16%
     57    54   314862.6444   345   243160.0000   318925.9270    18472   31.16%
     88    75   318169.3356   147   243160.0000   318892.7197    21673   31.15%
Elapsed time = 1.41 sec. (4973.65 ticks, tree = 2.13 MB, solutions = 1)
    149   126   317691.2586   197   243160.0000   318890.2870    26711   31.14%
    232   192   317635.5506   157   243160.0000   318825.1289    31721   31.12%
    319   266   314645.9218   135   243160.0000   318808.1502    37817   31.11%
    420   341   318440.3240   154   243160.0000   318761.7167    43641   31.09%
    509   406   318348.0100   149   243160.0000   318725.9804    48903   31.08%
    571   461   317563.2209   349   243160.0000   318659.5034    54431   31.05%
    689   554    infeasible         243160.0000   318631.0170    60326   31.04%
    771   622   314027.7588   167   243160.0000   318604.6373    66314   31.03%
    844   671   316538.7480   148   243160.0000   318600.7472    71882   31.03%
    914   733   313382.2866   382   243160.0000   318598.2386    78074   31.02%
Elapsed time = 5.13 sec. (14575.41 ticks, tree = 18.16 MB, solutions = 1)

Performing restart 1

Repeating presolve.
Tried aggregator 1 time.
MIP Presolve modified 200 coefficients.
Reduced MIP has 4757 rows, 2232 columns, and 24520 nonzeros.
Reduced MIP has 1736 binaries, 496 generals, 0 SOSs, and 0 indicators.
Presolve time = 0.01 sec. (14.44 ticks)
Tried aggregator 1 time.
Reduced MIP has 4757 rows, 2232 columns, and 24520 nonzeros.
Reduced MIP has 1736 binaries, 496 generals, 0 SOSs, and 0 indicators.
Presolve time = 0.01 sec. (17.03 ticks)
Represolve time = 0.03 sec. (46.99 ticks)
   1036     0   319171.0000   216   243160.0000      Cuts: 76    84176   31.02%
   1036     0   319171.0000   216   243160.0000      Cuts: 85    84185   31.02%
   1036     0   319171.0000   215   243160.0000      Cuts: 85    84190   31.02%
   1036     0   319171.0000   218   243160.0000      Cuts: 99    84197   31.02%
   1036     2   319171.0000   218   243160.0000   318598.2386    84197   31.02%
   1038     4   317585.1032   239   243160.0000   318598.2386    86817   31.02%
   1040     6   318728.6111   357   243160.0000   318598.2386    87315   31.02%
   1042     8   318612.4400   258   243160.0000   318598.2386    88851   31.02%
   1044    10   318312.3047   259   243160.0000   318598.2386    90579   31.02%
   1046    12   317595.8875   268   243160.0000   318598.2386    92392   31.02%
   1049    15   317306.2500   318   243160.0000   318598.2386    96520   31.02%
   1052    18   316595.0000   329   243160.0000   318598.2386    96911   31.02%
   1054    20   316422.4722   499   243160.0000   318598.2386    99717   31.02%
   1056    22   316143.4334   485   243160.0000   318598.2386   101256   31.02%
Elapsed time = 9.90 sec. (28592.23 ticks, tree = 0.22 MB, solutions = 1)
   1058    24   315574.4782   672   243160.0000   318598.2386   104221   31.02%
   1061    27   315547.2123   512   243160.0000   318598.2386   106353   31.02%
   1063    29   315387.0140   420   243160.0000   318598.2386   107669   31.02%
   1066    32   315026.9103   563   243160.0000   318598.2386   110650   31.02%
   1069    35   314919.1875   480   243160.0000   318598.2386   115399   31.02%
   1073    38   314316.7958   421   243160.0000   318598.2386   117462   31.02%
   1076    41   314212.6837   409   243160.0000   318598.2386   120585   31.02%
   1080    41    infeasible         243160.0000   318598.2386   126054   31.02%
   1084    45   317850.2805   313   243160.0000   318598.2386   130116   31.02%
   1088    48   316554.0000   219   243160.0000   318598.2386   130581   31.02%
Elapsed time = 14.13 sec. (41505.11 ticks, tree = 0.49 MB, solutions = 1)
   1091    51   316241.3470   243   243160.0000   318598.2386   131807   31.02%
   1095    54   315567.2867   373   243160.0000   318598.2386   133207   31.02%
   1099    54   318155.0859   360   243160.0000   318598.2386   137665   31.02%
   1105    60   317437.2665   297   243160.0000   318598.2386   141083   31.02%
   1110    65   313895.2076   251   243160.0000   318598.2386   146090   31.02%
   1116    67   318217.9590   458   243160.0000   318598.2386   148801   31.02%
   1121    72   318008.1522   313   243160.0000   318598.2386   150937   31.02%
   1126    75   316372.5724   261   243160.0000   318598.2386   153235   31.02%
   1136    79   318456.2500   214   243160.0000   318598.2386   157429   31.02%
   1140    83   318020.9511   530   243160.0000   318598.2386   160523   31.02%
Elapsed time = 17.79 sec. (52714.73 ticks, tree = 0.88 MB, solutions = 1)
   1146    89   316843.5993   381   243160.0000   318598.2386   162953   31.02%
   1151    94   314056.0585   300   243160.0000   318598.2386   167667   31.02%
   1157   100   313968.3402   357   243160.0000   318598.2386   169571   31.02%
   1167   106   317957.9059   344   243160.0000   318598.2386   175538   31.02%
   1175   114   317461.2231   331   243160.0000   318598.2386   182334   31.02%
   1184   123   316847.3083   265   243160.0000   318598.2386   189077   31.02%
   1194   126   314917.8237   229   243160.0000   318598.2386   196639   31.02%
   1200   128   316832.3153   270   243160.0000   318541.8750   203809   31.00%
   1207   135   316550.7903   287   243160.0000   318541.8750   208413   31.00%
   1217   141   314790.5642   263   243160.0000   318541.8750   212048   31.00%
Elapsed time = 21.39 sec. (63381.22 ticks, tree = 1.35 MB, solutions = 1)
   1235   159   313688.2866   267   243160.0000   318541.8750   216006   31.00%
   1250   170   316985.9119   262   243160.0000   318519.0000   220037   30.99%
   1265   185   315167.0124   416   243160.0000   318519.0000   222711   30.99%
   1276   193   315115.3333   358   243160.0000   318450.0000   225274   30.96%
   1288   204   312064.2551   313   243160.0000   318450.0000   228475   30.96%
   1304   218   316527.6571   268   243160.0000   318448.0000   232235   30.96%
   1328   239    infeasible         243160.0000   318448.0000   235688   30.96%
   1337   246   317574.4564   227   243160.0000   318421.2181   238272   30.95%
   1352   261   317718.0466   641   243160.0000   318421.2181   241275   30.95%
   1373   282   317268.7711   423   243160.0000   318421.2181   243002   30.95%
Elapsed time = 24.99 sec. (73667.92 ticks, tree = 3.25 MB, solutions = 1)
   1379   288   314347.4426   508   243160.0000   318421.2181   245053   30.95%
   1383   288   316816.0772   275   243160.0000   318365.7430   248962   30.93%
   1396   297    infeasible         243160.0000   318365.7430   255489   30.93%
   1409   306   318086.1377   213   243160.0000   318309.4624   259715   30.91%
   1429   326   317272.7072   403   243160.0000   318309.4624   262454   30.91%
   1454   347   317942.6729   222   243160.0000   318285.2864   265767   30.90%
   1480   373   317421.9583   464   243160.0000   318285.2864   269213   30.90%
   1523   416   306019.0886   237   243160.0000   318285.2864   272756   30.90%
   1567   460   289523.1642   229   243160.0000   318285.2864   275927   30.90%
   1581   470   314769.5112   262   243160.0000   318263.7923   280007   30.89%
Elapsed time = 28.75 sec. (83889.17 ticks, tree = 10.04 MB, solutions = 1)
   1609   498   312432.0050   323   243160.0000   318263.7923   284608   30.89%
   1657   542   309331.6300   296   243160.0000   318263.7923   289812   30.89%
   1687   569   316257.0212   260   243160.0000   318234.9070   293258   30.87%
   1714   592   317664.0506   225   243160.0000   318217.4035   297517   30.87%
   1732   606   317853.0566   293   243160.0000   318180.3510   302915   30.85%
   1756   628   312878.9162   319   243160.0000   318180.3510   308490   30.85%
   1771   641   310888.1085   273   243160.0000   318180.3510   312434   30.85%
   1813   680   305650.5462   260   243160.0000   318180.3510   317294   30.85%
   1867   734   296989.1672   321   243160.0000   318180.3510   321957   30.85%
   1930   791   318160.1284   602   243160.0000   318178.3419   325546   30.85%
Elapsed time = 33.81 sec. (93751.72 ticks, tree = 19.79 MB, solutions = 1)
   1952   813   316189.9559   448   243160.0000   318178.3419   329601   30.85%
   1981   842   314650.3647   451   243160.0000   318178.3419   333622   30.85%
   2002   863   301581.5652   247   243160.0000   318178.3419   337664   30.85%
   2064   912   316981.7033   255   243160.0000   318177.5648   341719   30.85%
   2102   944   315518.2691   215   243160.0000   318171.6250   346163   30.85%
   2117   955   315433.0963   249   243160.0000   318171.0000   350485   30.85%
   2140   971   318019.1738   277   243160.0000   318154.0368   355163   30.84%
   2163   990   317992.2711   666   243160.0000   318152.7123   360185   30.84%
   2183  1010   315313.4917   516   243160.0000   318152.7123   365153   30.84%
   2280  1096   315966.2670   405   243160.0000   318142.5096   382836   30.84%
Elapsed time = 38.34 sec. (106387.90 ticks, tree = 30.81 MB, solutions = 1)
   2425  1229   314470.6503   537   243160.0000   318142.0166   401181   30.84%
   2560  1352   315341.3260   241   243160.0000   318106.0959   416704   30.82%
   2671  1441   317888.9116   590   243160.0000   318056.2036   437724   30.80%
   2829  1596   269189.9626   254   243160.0000   318056.2036   454532   30.80%
   2920  1671   314193.6763   232   243160.0000   318044.4869   474206   30.80%
   3003  1738   317937.9218   331   243160.0000   318019.1738   492612   30.79%
   3112  1828   314453.5882   215   243160.0000   317991.6283   514112   30.77%
   3226  1921   315161.8512   567   243160.0000   317984.5636   533948   30.77%
   3364  2048   312838.9507   396   243160.0000   317983.8055   552613   30.77%
   3494  2162   310057.8947   294   243160.0000   317982.7692   571994   30.77%
Elapsed time = 51.99 sec. (145090.31 ticks, tree = 61.86 MB, solutions = 1)
   3684  2333   310552.7573   329   243160.0000   317962.6083   590373   30.76%
   3792  2428   303019.4968   273   243160.0000   317959.1095   610736   30.76%
   3940  2566   315419.8636   369   243160.0000   317957.0215   628389   30.76%
   4090  2698   316442.7570   369   243160.0000   317941.6430   649136   30.75%
   4172  2768   314920.4859   412   243160.0000   317938.0638   670651   30.75%
   4271  2847   314853.0860   339   243160.0000   317921.2692   692277   30.75%
   4395  2957   314601.8945   288   243160.0000   317918.0010   712858   30.74%
   4513  3063   316515.1108   328   243160.0000   317912.2780   733052   30.74%
   4686  3222   314413.8099   220   243160.0000   317908.5385   752575   30.74%
   4818  3334   317095.4319   510   243160.0000   317901.5133   772612   30.74%
Elapsed time = 64.71 sec. (183547.94 ticks, tree = 99.65 MB, solutions = 1)
   4961  3466   311328.2454   349   243160.0000   317879.1306   793468   30.73%
   5091  3578   316947.2033   382   243160.0000   317871.4119   814061   30.73%
   5248  3719   308396.5446   250   243160.0000   317868.8351   833874   30.72%
   5332  3781   316250.4697   204   243160.0000   317852.8976   854889   30.72%
   5461  3891    infeasible         243160.0000   317842.3434   876029   30.71%
   5563  3974    infeasible         243160.0000   317828.9743   896945   30.71%
   5756  4154   316622.5166   307   243160.0000   317826.7010   917848   30.71%
   5883  4266   312679.7252   321   243160.0000   317823.5502   937347   30.71%
   6013  4383   312562.7898   248   243160.0000   317816.2565   958016   30.70%
   6127  4477   316111.9284   410   243160.0000   317805.5610   978798   30.70%
Elapsed time = 79.71 sec. (221988.30 ticks, tree = 125.81 MB, solutions = 1)
   6236  4572   316720.7857   397   243160.0000   317800.9729   999804   30.70%
   6355  4672   316789.3870   369   243160.0000   317797.3333  1020907   30.69%
   6452  4759   311099.4124   304   243160.0000   317789.0325  1041159   30.69%
   6573  4860   306840.0344   281   243160.0000   317777.5599  1061936   30.69%
   6654  4921   306984.7474   340   243160.0000   317768.4250  1081444   30.68%
   6826  5075   317145.9076   399   243160.0000   317762.3782  1103461   30.68%
   7015  5256   309504.5621   450   243160.0000   317760.2124  1125013   30.68%
   7156  5381   314488.6958   317   243160.0000   317755.4504  1146632   30.68%
   7226  5435   314857.8410   382   243160.0000   317752.4340  1167694   30.68%
   7363  5562   315698.2607   303   243160.0000   317748.6355  1189293   30.67%
Elapsed time = 93.19 sec. (260693.57 ticks, tree = 166.09 MB, solutions = 1)
   7504  5690   315799.3284   218   243160.0000   317744.3991  1209653   30.67%
*  7536+ 5718                       243383.0000   317744.3991            30.55%
   7618  5788   317437.8565   277   243383.0000   317736.5904  1229530   30.55%
   7750  5908   309544.5293   222   243383.0000   317735.4711  1251008   30.55%
   7876  6016   310083.7921   336   243383.0000   317733.8250  1271533   30.55%
*  7936+ 6058                       244358.0000   317725.5047            30.02%
   7944  6066   297522.9258   325   244358.0000   317725.5047  1290980   30.02%

GUB cover cuts applied:  2
Clique cuts applied:  4
Cover cuts applied:  9
Implied bound cuts applied:  50
Flow cuts applied:  1
Mixed integer rounding cuts applied:  253
Zero-half cuts applied:  47
Gomory fractional cuts applied:  4

Root node processing (before b&c):
  Real time             =   -0.00 sec. (1319.55 ticks)
Sequential b&c:
  Real time             =  100.00 sec. (279138.84 ticks)
                          ------------
Total (root+branch&cut) =  100.00 sec. (280458.39 ticks)
[CPLEX] Status: time limit exceeded
[CPLEX] OPTIMAL OBJ: 244358.0
[CPLEX] Runtime: 100.011 sec
Vehicle 0: d → 1 → 22 → 27 → 3 → 10 → 7 → 8 → 21 → 14 → 28 → 4 → 19 → 23 → 25 → 15 → 0 → 11 → 29 → d, (requests = [0, 1, 6, 8, 24, 39, 43])
Vehicle 1: d → 5 → 2 → 22 → 27 → 17 → 21 → 14 → 28 → 24 → 4 → 19 → 26 → 13 → 25 → 29 → 15 → 6 → 12 → 20 → 18 → d, (requests = [2, 4, 19, 21, 25, 28, 30])
Vehicle 2: d → 16 → 30 → 20 → 12 → 6 → 25 → 23 → 26 → 19 → 4 → 28 → 14 → 21 → 8 → 17 → d, (requests = [5, 11, 12, 29, 35])
Vehicle 3: d → 24 → 4 → 19 → 23 → 25 → 15 → 11 → d, (requests = [14, 15, 40])
Vehicle 4: d → 11 → 0 → 12 → 6 → 25 → 13 → 26 → 19 → 4 → 24 → 9 → 14 → 21 → 17 → 7 → 10 → 27 → 22 → 2 → d, (requests = [7, 16, 18, 22, 23, 32])
Vehicle 5: d → 22 → 27 → 3 → 7 → 21 → 14 → 9 → 24 → 4 → 19 → 23 → 25 → 6 → 12 → 20 → 18 → 16 → d, (requests = [3, 9, 10, 13, 17])
Vehicle 6: d → 30 → 20 → 12 → 6 → 25 → 23 → 19 → 4 → 28 → 14 → 21 → 7 → 27 → 22 → 1 → 5 → d, (requests = [20, 26, 31, 34, 37])
Vehicle 7: d → 3 → 7 → 8 → 21 → 14 → 28 → 4 → 19 → 23 → 25 → 6 → 12 → d, (requests = [27, 33, 36, 41])
======== PPDSP OBJECTIVE ========
Profit    = 306598
Cost      = 62240
Objective = 244358
=================================
===== RAW XY MODEL =====
12 55 107 148 233 278 328 382 477 481 632 687 732 762 816 868 901 960 994 1111 1172 1187 1229 1429 1466 1501 1511 1590 1632 1659 1683 1711 1756 1797 1854 1870 1906 1945 1968 2022 2353 2414 2470 2587 2666 2739 2772 2809 2849 2877 2959 3020 3048 3107 3177 3205 3463 3699 3807 3947 4077 4088 4131 4332 4457 4540 4597 4662 4679 4747 4792 4797 4835 4887 4914 4996 5057 5134 5151 5222 5258 5296 5331 5448 5689 5733 5790 5831 5898 5990 6043 6129 6178 6217 6244 6272 6317 6347 6358 6392 6453 6600 6776 6895 6930 6956 6990 7129 7208 7351 7391 7418 7444 7494 7562 7625 7649 7719 7761 8007 8051 8108 8136 8181 8319 8380 8535 8590 8665 8710 8804 8899 2049 2051 2054 6613 2184 3226 2187 5476 2191 6619 6620 3297 3300 6623 4354 4355 5485 6627 5487 4426 7783 4434 5491 5492 5556 5562 7789 8955 5577 5583 6704 7794 6719 8961 7797 6735 8964 7875 7883 7893 8969 9041
  [Time Manager] Step 49 consumed 100.01s. Total Consumed: 2303.84s.
  [Info] Saved 9056 core assumption literals to p1_A-n32-k5_r45v8k3.lp.asm

[50/60] Building & Solving: R=46, V=8, K=3
Default row names c1, c2 ... being created.
  [Info] Generating MIP Formulation...
  [Time Manager] Global Remaining Budget: 1296.16s | Future Weight Sum: 14610.0
  [Time Manager] Recalibrated Budget for this step: 100.78s
[CPLEX] Setting time limit to 100 seconds
[CPLEX] Reading assumption from p1_A-n32-k5_r45v8k3.lp.asm ...
[CPLEX] Applying MIP Start with 8552 variables.
Version identifier: 22.1.1.0 | 2022-11-28 | 9160aff4d
CPXPARAM_Read_DataCheck                          1
CPXPARAM_Threads                                 1
CPXPARAM_TimeLimit                               100
1 of 1 MIP starts provided solutions.
MIP start 'm1' defined initial solution with objective 249100.0000.
Tried aggregator 1 time.
MIP Presolve eliminated 16 rows and 6824 columns.
MIP Presolve modified 4612 coefficients.
Reduced MIP has 4782 rows, 2240 columns, and 24816 nonzeros.
Reduced MIP has 1744 binaries, 496 generals, 0 SOSs, and 0 indicators.
Presolve time = 0.01 sec. (14.85 ticks)
Probing time = 0.00 sec. (3.01 ticks)
Tried aggregator 1 time.
Detecting symmetries...
Reduced MIP has 4782 rows, 2240 columns, and 24816 nonzeros.
Reduced MIP has 1744 binaries, 496 generals, 0 SOSs, and 0 indicators.
Presolve time = 1.67 sec. (16.25 ticks)
Probing time = 0.00 sec. (2.89 ticks)
Clique table members: 918.
MIP emphasis: balance optimality and feasibility.
MIP search method: dynamic search.
Parallel mode: none, using 1 thread.
Root relaxation solution time = 0.02 sec. (30.63 ticks)

        Nodes                                         Cuts/
   Node  Left     Objective  IInf  Best Integer    Best Bound    ItCnt     Gap

*     0+    0                       249100.0000  2648968.0000           963.42%
      0     0   324633.0000   161   249100.0000   324633.0000      969   30.32%
      0     0   324600.0423   232   249100.0000     Cuts: 219     1118   30.31%
      0     0   324528.4078   227   249100.0000      Cuts: 64     1185   30.28%
      0     0   324512.2099   227   249100.0000      Cuts: 45     1301   30.27%
      0     0   324329.4640   204   249100.0000      Cuts: 64     1629   30.20%
      0     0   324199.0000   221   249100.0000     Cuts: 144     1844   30.15%
      0     0   323913.0000   185   249100.0000      Cuts: 53     1907   30.03%
      0     0   323913.0000   216   249100.0000     Cuts: 144     1940   30.03%
      0     0   323913.0000   185   249100.0000  ZeroHalf: 56     1945   30.03%
      0     0   323913.0000   216   249100.0000     Cuts: 133     1981   30.03%
      0     2   323913.0000   216   249100.0000   323913.0000     1981   30.03%
Elapsed time = 2.07 sec. (927.67 ticks, tree = 0.01 MB, solutions = 1)
      4     6   322861.0185   235   249100.0000   323770.9732     3784   29.98%
      8    10   322649.7069   361   249100.0000   323770.9732     5794   29.98%
     11    13   322422.4431   232   249100.0000   323770.9732     7168   29.98%
     20    22   321834.7329   217   249100.0000   323770.9732     9337   29.98%
     31    33   321453.9294   191   249100.0000   323770.9732    11090   29.98%
     51    53   320739.9524   120   249100.0000   323770.9732    13056   29.98%
     72    68    infeasible         249100.0000   323770.9732    16313   29.98%
     75    71   323292.3587   247   249100.0000   323764.8692    18051   29.97%
     80    76   322909.2345   234   249100.0000   323764.8692    20156   29.97%
     93    89   322461.5769   162   249100.0000   323764.8692    25512   29.97%
Elapsed time = 3.58 sec. (4426.61 ticks, tree = 1.31 MB, solutions = 1)
    111   107   321433.0633   185   249100.0000   323764.8692    30560   29.97%
    172   162   323435.2914   378   249100.0000   323764.8692    40051   29.97%
    213   193   323509.7185   356   249100.0000   323720.9050    48485   29.96%
    251   224   323176.8212   380   249100.0000   323691.8374    56492   29.94%
    310   269   322319.6641   244   249100.0000   323691.3455    65031   29.94%
    322   281   320816.8489   230   249100.0000   323691.3455    71711   29.94%
    393   342   323123.7688   171   249100.0000   323640.3500    80624   29.92%
    427   371   323302.2783   305   249100.0000   323631.6539    87362   29.92%
    483   416   322111.5876   166   249100.0000   323618.8209    94967   29.92%
    530   457   310660.6880   164   249100.0000   323618.2282   101337   29.91%
Elapsed time = 7.56 sec. (14223.67 ticks, tree = 2.15 MB, solutions = 1)
    600   510   314605.5663   138   249100.0000   323610.1549   109362   29.91%
    680   576   307574.7951   150   249100.0000   323608.3065   118101   29.91%
    716   603   311288.4069   237   249100.0000   323581.0128   126198   29.90%
    781   653   309718.0000   263   249100.0000   323573.7993   135364   29.90%
    800   672   308309.5693   122   249100.0000   323573.7993   143526   29.90%
    828   695   321397.2913   138   249100.0000   323545.6955   151502   29.89%
    878   733   323142.8636   282   249100.0000   323509.7185   160948   29.87%
    910   759   321910.9052   281   249100.0000   323490.3607   169867   29.86%
    970   807   322668.0000   325   249100.0000   323485.6465   178420   29.86%
    991   828   309818.3428   343   249100.0000   323485.6465   186574   29.86%
Elapsed time = 11.37 sec. (24172.90 ticks, tree = 2.76 MB, solutions = 1)
   1020   857   285620.4897   362   249100.0000   323485.6465   195200   29.86%

Performing restart 1

Repeating presolve.
Tried aggregator 1 time.
MIP Presolve modified 176 coefficients.
Reduced MIP has 4782 rows, 2240 columns, and 24816 nonzeros.
Reduced MIP has 1744 binaries, 496 generals, 0 SOSs, and 0 indicators.
Presolve time = 0.01 sec. (14.52 ticks)
Tried aggregator 1 time.
Reduced MIP has 4782 rows, 2240 columns, and 24816 nonzeros.
Reduced MIP has 1744 binaries, 496 generals, 0 SOSs, and 0 indicators.
Presolve time = 0.01 sec. (17.18 ticks)
Represolve time = 0.02 sec. (45.79 ticks)
   1022     0   323910.8276   235   249100.0000      Cuts: 49   197024   29.86%
   1022     0   323830.5333   235   249100.0000     Cuts: 149   197234   29.86%
   1022     0   323640.0732   263   249100.0000      Cuts: 84   197579   29.86%
   1022     0   323552.5000   246   249100.0000     Cuts: 129   197839   29.86%
   1022     0   323461.9483   262   249100.0000      Cuts: 69   198173   29.85%
   1022     0   323453.9444   255   249100.0000     Cuts: 157   198230   29.85%
   1022     0   323396.2212   307   249100.0000     Cuts: 102   198713   29.83%
   1022     0   323380.5556   271   249100.0000     Cuts: 132   198933   29.82%
   1022     0   323303.2989   249   249100.0000      Cuts: 82   199321   29.79%
   1022     0   323208.6945   459   249100.0000     Cuts: 252   199777   29.75%
   1022     0   323205.7292   490   249100.0000     Cuts: 207   199909   29.75%
   1022     0   323201.9167   260   249100.0000      Cuts: 38   199955   29.75%
   1022     0   323201.3601   370   249100.0000     Cuts: 109   200016   29.75%
   1022     0   323201.2766   468   249100.0000     Cuts: 142   200032   29.75%
   1022     2   323201.2766   468   249100.0000   323200.6363   200032   29.75%
   1023     3   323189.2695   330   249100.0000   323189.0547   200425   29.74%
   1024     4   323142.7647   357   249100.0000   323188.7946   201174   29.74%
   1025     5   321674.5446   383   249100.0000   323142.3447   203566   29.72%
   1026     6   323078.8326   415   249100.0000   323142.3447   203701   29.72%
   1027     7   322761.5465   354   249100.0000   323142.3447   205669   29.72%
   1028     8   322597.0269   422   249100.0000   323142.3447   208524   29.72%
   1029     9   322241.0846   410   249100.0000   323142.3447   209628   29.72%
   1030    10   322158.2282   407   249100.0000   323142.3447   211481   29.72%
Elapsed time = 21.91 sec. (55155.57 ticks, tree = 0.06 MB, solutions = 1)
   1031    11   322119.8834   482   249100.0000   323142.3447   212374   29.72%
   1032    12   322104.8222   691   249100.0000   323142.3447   212946   29.72%
   1033    13   321523.1796   523   249100.0000   323142.3447   214392   29.72%
   1034    14   321503.6420   535   249100.0000   323142.3447   214883   29.72%
   1036    16   321480.1084   408   249100.0000   323142.3447   216398   29.72%
   1038    18   321477.1905   393   249100.0000   323142.3447   216949   29.72%
   1041    21   321454.2105   275   249100.0000   323142.3447   218041   29.72%
   1045    25   321050.8168   352   249100.0000   323142.3447   222125   29.72%
   1050    30   320189.2258   346   249100.0000   323142.3447   225463   29.72%
   1055    35   319984.7963   434   249100.0000   323142.3447   226010   29.72%
Elapsed time = 27.24 sec. (70671.10 ticks, tree = 0.14 MB, solutions = 1)
   1059    39   319453.5623   311   249100.0000   323142.3447   228093   29.72%
   1064    44   318864.3720   285   249100.0000   323142.3447   233330   29.72%
   1071    51   318292.5843   242   249100.0000   323142.3447   238531   29.72%
   1081    61   314151.2996   216   249100.0000   323142.3447   241909   29.72%
   1088    66   314962.7824   285   249100.0000   323142.3447   243030   29.72%
   1102    78   313894.0176   229   249100.0000   323142.3447   244895   29.72%
   1112    84   312508.9320   398   249100.0000   323142.3447   246048   29.72%
   1122    94   311711.3117   282   249100.0000   323142.3447   247511   29.72%
   1125    96   308152.4701   338   249100.0000   323142.3447   248396   29.72%
   1134   105   307398.3523   338   249100.0000   323142.3447   249642   29.72%
Elapsed time = 31.51 sec. (82085.02 ticks, tree = 2.72 MB, solutions = 1)
   1142   113   306568.0353   270   249100.0000   323142.3447   251496   29.72%
   1168   137   303316.0051   261   249100.0000   323142.3447   253747   29.72%
   1178   143   321775.7214   294   249100.0000   323067.9649   255855   29.69%
   1185   150   321395.3623   487   249100.0000   323067.9649   258650   29.69%
   1200   163   321304.7629   414   249100.0000   323067.9649   261176   29.69%
   1209   172   320375.4855   387   249100.0000   323067.9649   264965   29.69%
   1211   174   320344.2370   394   249100.0000   323067.9649   265987   29.69%
   1228   191   319069.3588   336   249100.0000   323067.9649   269292   29.69%
   1255   214   322896.6855   290   249100.0000   322955.0000   272692   29.65%
   1261   220   322058.1250   348   249100.0000   322955.0000   274021   29.65%
Elapsed time = 36.95 sec. (93528.35 ticks, tree = 6.42 MB, solutions = 1)
   1267   226   319415.8199   220   249100.0000   322955.0000   275705   29.65%
   1272   231   319128.5918   460   249100.0000   322955.0000   277743   29.65%
   1291   250   317679.4248   356   249100.0000   322955.0000   280918   29.65%
   1308   265   314426.4226   249   249100.0000   322955.0000   283726   29.65%
   1324   280   313013.7797   431   249100.0000   322955.0000   286389   29.65%
   1345   301   303369.1753   361   249100.0000   322955.0000   289532   29.65%
   1370   322   322524.0989   467   249100.0000   322896.5000   292085   29.63%
   1389   341   322459.6263   581   249100.0000   322896.5000   294896   29.63%
   1409   359   322181.0517   322   249100.0000   322896.5000   297562   29.63%
   1416   365   318272.4095   414   249100.0000   322896.5000   300627   29.63%
Elapsed time = 40.62 sec. (103828.64 ticks, tree = 11.84 MB, solutions = 1)
   1436   385   316399.5058   421   249100.0000   322896.5000   303722   29.63%
   1462   405   322860.8931   313   249100.0000   322860.8931   307457   29.61%
   1478   421   321388.5598   584   249100.0000   322860.8931   311583   29.61%
   1499   442   320058.9772   480   249100.0000   322860.8931   316144   29.61%
   1532   473   317299.5251   358   249100.0000   322860.8931   320058   29.61%
   1559   498   312511.6713   375   249100.0000   322860.8931   322519   29.61%
   1602   541   311215.0955   523   249100.0000   322860.8931   325734   29.61%
   1640   567   322857.6456   303   249100.0000   322857.6456   327912   29.61%
   1654   581   322445.3155   429   249100.0000   322841.5640   332471   29.60%
   1662   589   320801.9400   427   249100.0000   322841.5640   336549   29.60%
Elapsed time = 44.02 sec. (114043.02 ticks, tree = 21.53 MB, solutions = 1)
   1672   591   320527.6667   272   249100.0000   322840.8480   342066   29.60%
   1686   605   319209.2415   347   249100.0000   322840.8480   345733   29.60%
   1732   649    infeasible         249100.0000   322840.8480   350400   29.60%
   1753   668   319111.5337   278   249100.0000   322840.5991   354427   29.60%
   1775   686   322077.3648   399   249100.0000   322765.2255   358665   29.57%
   1785   694    infeasible         249100.0000   322765.2255   364538   29.57%
   1804   711   320767.5309   343   249100.0000   322761.5465   368699   29.57%
   1813   716   322022.0731   450   249100.0000   322702.9827   372703   29.55%
   1826   729   319845.5691   554   249100.0000   322702.9827   376398   29.55%
   1937   830   314278.2086   343   249100.0000   322701.3765   393438   29.55%
Elapsed time = 48.50 sec. (127096.70 ticks, tree = 31.56 MB, solutions = 1)
   2042   929   307265.2577   306   249100.0000   322700.2500   410447   29.55%
   2150  1029   319434.7976   459   249100.0000   322698.3303   426016   29.55%
   2286  1155   321699.8518   500   249100.0000   322697.2500   440631   29.55%
   2356  1215   316960.6876   363   249100.0000   322696.0000   458349   29.54%
   2458  1307   315625.2078   629   249100.0000   322684.1426   477620   29.54%
   2577  1408   319607.0440   357   249100.0000   322678.1352   494993   29.54%
   2700  1531   300101.0247   403   249100.0000   322678.1352   515064   29.54%
   2802  1625   320509.6919   423   249100.0000   322640.6865   532021   29.52%
   2932  1747   322347.5873   321   249100.0000   322640.2362   548951   29.52%
   3028  1834   321182.7373   469   249100.0000   322600.2472   568260   29.51%
Elapsed time = 61.88 sec. (165711.73 ticks, tree = 75.13 MB, solutions = 1)
   3159  1959   301101.9242   207   249100.0000   322598.7129   588410   29.51%
   3257  2037    infeasible         249100.0000   322582.1769   608616   29.50%
   3376  2150   321912.7962   384   249100.0000   322575.4672   628469   29.50%
   3448  2218   310584.3627   266   249100.0000   322564.1421   647327   29.49%
   3522  2283   317138.4087   469   249100.0000   322555.1347   664993   29.49%
   3707  2458   319431.6591   323   249100.0000   322529.7724   684095   29.48%
   3807  2548   319325.6077   271   249100.0000   322517.4675   703069   29.47%
   3952  2683   320548.4658   422   249100.0000   322511.5274   722227   29.47%
   4135  2858   319995.9680   269   249100.0000   322500.5279   742136   29.47%
   4285  3000   317490.6776   337   249100.0000   322500.5066   758021   29.47%
Elapsed time = 76.96 sec. (204416.46 ticks, tree = 119.18 MB, solutions = 1)
   4394  3096   320783.3836   376   249100.0000   322500.2503   777164   29.47%
   4470  3164   320525.5546   495   249100.0000   322499.1281   795810   29.47%
   4610  3295   320947.5444   282   249100.0000   322491.8502   814178   29.46%
   4680  3357   320901.4753   522   249100.0000   322490.9131   833790   29.46%
   4749  3416   317956.0569   376   249100.0000   322489.9002   851443   29.46%
   4870  3526   319395.1950   295   249100.0000   322470.5634   870311   29.45%
   4976  3627   300549.2519   287   249100.0000   322470.2072   889855   29.45%
   5144  3785   320904.0558   344   249100.0000   322468.4056   908780   29.45%
   5269  3902   321403.7612   514   249100.0000   322465.1234   927565   29.45%
   5384  4011   312902.4989   361   249100.0000   322464.8912   947575   29.45%
Elapsed time = 89.83 sec. (242884.71 ticks, tree = 153.87 MB, solutions = 1)
   5546  4166   318508.5807   182   249100.0000   322464.7653   968670   29.45%
   5687  4299   317439.9121   402   249100.0000   322462.6868   988054   29.45%
*  5722+ 4329                       256097.0000   322462.6868            25.91%
   5839  4439   313871.1277   526   256097.0000   322462.6476  1005346   25.91%
   5958  4550   315966.0821   234   256097.0000   322460.1645  1025664   25.91%
   6110  4693   313661.8030   378   256097.0000   322459.5135  1043858   25.91%
*  6222+ 4795                       256182.0000   322453.5503            25.87%
   6233  4808   317985.9231   286   256182.0000   322453.5503  1060131   25.87%
   6364  4934   314936.4270   521   256182.0000   322451.1608  1077171   25.87%

GUB cover cuts applied:  1
Clique cuts applied:  15
Cover cuts applied:  15
Implied bound cuts applied:  94
Flow cuts applied:  16
Mixed integer rounding cuts applied:  370
Zero-half cuts applied:  244
Gomory fractional cuts applied:  16

Root node processing (before b&c):
  Real time             =    2.07 sec. (924.61 ticks)
Sequential b&c:
  Real time             =   97.93 sec. (270674.92 ticks)
                          ------------
Total (root+branch&cut) =  100.00 sec. (271599.53 ticks)
[CPLEX] Status: time limit exceeded
[CPLEX] OPTIMAL OBJ: 256182.0
[CPLEX] Runtime: 100.011 sec
Vehicle 0: d → 1 → 22 → 27 → 3 → 10 → 7 → 8 → 21 → 14 → 28 → 4 → 19 → 26 → 13 → 25 → 15 → 0 → 11 → 29 → d, (requests = [0, 1, 6, 8, 24, 36, 38, 39])
Vehicle 1: d → 5 → 2 → 22 → 27 → 17 → 21 → 14 → 28 → 24 → 4 → 19 → 26 → 13 → 25 → 29 → 15 → 6 → 12 → 20 → 18 → d, (requests = [2, 4, 19, 21, 25, 28, 30])
Vehicle 2: d → 16 → 30 → 20 → 12 → 6 → 25 → 23 → 26 → 19 → 4 → 28 → 14 → 21 → 8 → 17 → d, (requests = [5, 11, 12, 29, 35])
Vehicle 3: d → 24 → 4 → 19 → 23 → 25 → 15 → 11 → d, (requests = [14, 15, 40])
Vehicle 4: d → 11 → 0 → 12 → 6 → 25 → 13 → 26 → 19 → 4 → 24 → 9 → 14 → 21 → 17 → 7 → 10 → 27 → 22 → 2 → d, (requests = [7, 16, 18, 22, 23, 32, 45])
Vehicle 5: d → 22 → 27 → 3 → 7 → 21 → 14 → 9 → 24 → 4 → 19 → 23 → 25 → 6 → 12 → 20 → 18 → 16 → d, (requests = [3, 9, 10, 13, 17])
Vehicle 6: d → 30 → 20 → 12 → 6 → 25 → 23 → 19 → 4 → 28 → 14 → 21 → 7 → 27 → 22 → 1 → 5 → d, (requests = [20, 26, 31, 34, 37])
Vehicle 7: d → 3 → 7 → 8 → 21 → 14 → 28 → 4 → 19 → 23 → 25 → 6 → 12 → d, (requests = [27, 33, 41, 43])
======== PPDSP OBJECTIVE ========
Profit    = 318469
Cost      = 62287
Objective = 256182
=================================
===== RAW XY MODEL =====
12 55 107 148 233 278 328 382 442 477 481 635 687 732 816 846 868 901 960 994 1111 1172 1187 1229 1429 1466 1501 1511 1590 1632 1659 1683 1711 1756 1797 1854 1870 1906 1945 1968 2022 2353 2414 2470 2587 2666 2739 2772 2809 2849 2877 2959 3020 3048 3107 3177 3205 3463 3699 3807 3947 4077 4088 4131 4332 4457 4540 4597 4662 4679 4747 4792 4797 4835 4887 4914 4996 5057 5134 5151 5222 5258 5296 5331 5448 5689 5733 5790 5831 5898 5990 6043 6129 6178 6217 6244 6272 6317 6347 6358 6392 6453 6600 6776 6895 6930 6956 6990 7129 7208 7351 7391 7418 7444 7494 7562 7625 7649 7719 7761 8007 8051 8108 8136 8181 8319 8380 8535 8590 8665 8710 8804 8899 2049 2051 2054 6613 2184 3226 2187 5476 2191 6619 6620 3297 3300 6623 4354 4355 5485 6627 5487 4426 7783 4434 5491 5492 5556 5562 7789 8955 5577 5583 6704 7794 6719 8961 7797 6735 7862 7875 7876 7883 7893 8969 9048 9061
  [Time Manager] Step 50 consumed 100.01s. Total Consumed: 2403.86s.
  [Info] Saved 9064 core assumption literals to p1_A-n32-k5_r46v8k3.lp.asm

[51/60] Building & Solving: R=47, V=8, K=3
Default row names c1, c2 ... being created.
  [Info] Generating MIP Formulation...
  [Time Manager] Global Remaining Budget: 1196.14s | Future Weight Sum: 13474.0
  [Time Manager] Recalibrated Budget for this step: 101.56s
[CPLEX] Setting time limit to 101 seconds
[CPLEX] Reading assumption from p1_A-n32-k5_r46v8k3.lp.asm ...
[CPLEX] Applying MIP Start with 8560 variables.
Version identifier: 22.1.1.0 | 2022-11-28 | 9160aff4d
CPXPARAM_Read_DataCheck                          1
CPXPARAM_Threads                                 1
CPXPARAM_TimeLimit                               101
1 of 1 MIP starts provided solutions.
MIP start 'm1' defined initial solution with objective 256182.0000.
Tried aggregator 1 time.
MIP Presolve eliminated 16 rows and 6824 columns.
MIP Presolve modified 4566 coefficients.
Reduced MIP has 4807 rows, 2248 columns, and 25120 nonzeros.
Reduced MIP has 1752 binaries, 496 generals, 0 SOSs, and 0 indicators.
Presolve time = 0.01 sec. (14.88 ticks)
Probing time = 0.00 sec. (3.02 ticks)
Tried aggregator 1 time.
Detecting symmetries...
Reduced MIP has 4807 rows, 2248 columns, and 25120 nonzeros.
Reduced MIP has 1752 binaries, 496 generals, 0 SOSs, and 0 indicators.
Presolve time = 0.01 sec. (16.40 ticks)
Probing time = 0.00 sec. (2.89 ticks)
Clique table members: 919.
MIP emphasis: balance optimality and feasibility.
MIP search method: dynamic search.
Parallel mode: none, using 1 thread.
Root relaxation solution time = 0.02 sec. (36.09 ticks)

        Nodes                                         Cuts/
   Node  Left     Objective  IInf  Best Integer    Best Bound    ItCnt     Gap

*     0+    0                       256182.0000  2707704.0000           956.95%
      0     0   331975.0000   167   256182.0000   331975.0000     1046   29.59%
      0     0   331942.0423   237   256182.0000     Cuts: 211     1267   29.57%
      0     0   331882.9444   235   256182.0000      Cuts: 58     1397   29.55%
      0     0   331750.9473   220   256182.0000      Cuts: 56     1748   29.50%
      0     0   331615.0000   220   256182.0000     Cuts: 151     1833   29.45%
      0     0   331386.7500   208   256182.0000      Cuts: 35     2094   29.36%
      0     0   331312.7500   208   256182.0000     Cuts: 121     2112   29.33%
      0     0   331255.0000   218   256182.0000     Cuts: 126     2192   29.30%
      0     0   331255.0000   218   256182.0000      Cuts: 38     2193   29.30%
      0     0   331255.0000   218   256182.0000  ZeroHalf: 56     2203   29.30%
      0     2   331255.0000   218   256182.0000   331255.0000     2203   29.30%
Elapsed time = 0.40 sec. (946.22 ticks, tree = 0.01 MB, solutions = 1)
      3     5   330647.6380   203   256182.0000   331112.9367     4522   29.25%
      6     8   330404.0705   214   256182.0000   331112.9367     6424   29.25%
      9    11   330183.4354   224   256182.0000   331112.9367     7875   29.25%
     14    16   329542.9006   269   256182.0000   331112.9367     9735   29.25%
     20    22   328882.7926   243   256182.0000   331112.9367    11520   29.25%
     28    30   328437.0438   202   256182.0000   331112.9367    13367   29.25%
     36    38   327876.8622   196   256182.0000   331112.9367    15481   29.25%
     90    86   321007.3122   151   256182.0000   331112.9367    18342   29.25%
    105    93   331042.6599   266   256182.0000   331070.5138    19997   29.23%
    113   101   330744.1759   376   256182.0000   331023.3960    26639   29.21%
Elapsed time = 1.76 sec. (4401.24 ticks, tree = 0.85 MB, solutions = 1)
    132   119   330064.9675   307   256182.0000   331023.3960    32366   29.21%
    165   139   330097.7010   270   256182.0000   331022.9000    40930   29.21%
    223   186   330651.6128   361   256182.0000   331015.9916    48656   29.21%
    263   221   329687.7441   256   256182.0000   330976.6782    57083   29.20%
    315   264   330111.7174   271   256182.0000   330955.2429    65089   29.19%
    360   297   330347.8350   286   256182.0000   330953.5465    72100   29.19%
    416   344   329741.9066   155   256182.0000   330911.5197    80670   29.17%
    487   402   330467.6433   332   256182.0000   330861.3710    89526   29.15%

Performing restart 1

Repeating presolve.
Tried aggregator 1 time.
MIP Presolve modified 178 coefficients.
Reduced MIP has 4807 rows, 2248 columns, and 25120 nonzeros.
Reduced MIP has 1752 binaries, 496 generals, 0 SOSs, and 0 indicators.
Presolve time = 0.01 sec. (14.73 ticks)
Tried aggregator 1 time.
Reduced MIP has 4807 rows, 2248 columns, and 25120 nonzeros.
Reduced MIP has 1752 binaries, 496 generals, 0 SOSs, and 0 indicators.
Presolve time = 0.01 sec. (17.37 ticks)
Represolve time = 0.03 sec. (47.04 ticks)
    504     0   331255.0000   225   256182.0000      Cuts: 94    94296   29.15%
    504     0   331255.0000   223   256182.0000      Cuts: 92    94305   29.15%
    504     0   331199.9935   371   256182.0000      Cuts: 64    94718   29.15%
    504     0   331120.5000   343   256182.0000     Cuts: 181    94915   29.15%
    504     0   331034.7500   244   256182.0000      Cuts: 47    95149   29.15%
    504     0   330935.1561   377   256182.0000      Cuts: 68    95540   29.15%
    504     0   330889.0368   297   256182.0000      Cuts: 36    95806   29.15%
*   504+    0                       258942.0000   330861.3710            27.77%
    504     0        cutoff         258942.0000   330861.3710    95806   27.77%
    504     0   330859.2517   375   258942.0000      Cuts: 80    96104   27.77%
    504     0   330842.7709   520   258942.0000      Cuts: 86    96367   27.77%
    504     0   330814.3427   405   258942.0000      Cuts: 92    96682   27.76%
    504     0   330780.0556   236   258942.0000      Cuts: 69    96838   27.74%
    504     0   330780.0556   235   258942.0000      Cuts: 13    96844   27.74%
    504     0   330772.0616   369   258942.0000   ZeroHalf: 5    96908   27.74%
    504     0   330762.8410   398   258942.0000      Cuts: 39    97120   27.74%
    504     2   330762.8410   398   258942.0000   330753.2819    97120   27.73%
    505     3   330720.0953   483   258942.0000   330716.1385    97525   27.72%
Elapsed time = 11.29 sec. (25646.31 ticks, tree = 0.01 MB, solutions = 2)
    506     4   329242.7017   417   258942.0000   330716.1385    99808   27.72%
    508     6   329023.2122   260   258942.0000   330716.1385   100433   27.72%
    509     7   328957.7077   260   258942.0000   330716.1385   100591   27.72%
    510     8   328902.8000   244   258942.0000   330716.1385   101260   27.72%
    511     9   328737.7956   268   258942.0000   330716.1385   101956   27.72%
    512    10   328732.1789   289   258942.0000   330716.1385   102779   27.72%
    514    12   328668.0314   442   258942.0000   330716.1385   104152   27.72%
    515    13   328469.0960   290   258942.0000   330716.1385   104993   27.72%
    516    14   328304.3774   278   258942.0000   330716.1385   105447   27.72%
    519    15   328224.7292   682   258942.0000   330716.1385   107239   27.72%
Elapsed time = 16.72 sec. (42519.08 ticks, tree = 0.27 MB, solutions = 2)
    521    17   327414.2709   231   258942.0000   330716.1385   109909   27.72%
    525    21   327215.2700   355   258942.0000   330716.1385   111834   27.72%
    529    25   326753.7172   234   258942.0000   330716.1385   114522   27.72%
    537    33   326066.9236   361   258942.0000   330716.1385   118441   27.72%
    539    35   325947.5884   412   258942.0000   330716.1385   119048   27.72%
    543    35   330664.8372   316   258942.0000   330712.1041   121370   27.72%
    544    36   330651.3564   367   258942.0000   330712.1041   121472   27.72%
    546    38   330565.0639   476   258942.0000   330712.1041   123528   27.72%
    553    45   329930.2964   338   258942.0000   330712.1041   126260   27.72%
    560    52   328786.2500   241   258942.0000   330712.1041   130992   27.72%
Elapsed time = 21.44 sec. (56962.55 ticks, tree = 0.56 MB, solutions = 2)
    574    66   328195.8112   355   258942.0000   330712.1041   133186   27.72%
    593    83   325780.3413   209   258942.0000   330712.1041   134979   27.72%
    624   107   329294.1808   221   258942.0000   330540.9574   137546   27.65%
    629   112   329174.2160   646   258942.0000   330540.9574   138320   27.65%
    634   117   328723.3178   517   258942.0000   330540.9574   140045   27.65%
    647   130   328429.3747   573   258942.0000   330540.9574   141585   27.65%
    654   137   327740.2060   333   258942.0000   330540.9574   143139   27.65%
    667   150   327332.4618   348   258942.0000   330540.9574   144477   27.65%
    674   155   323963.3450   265   258942.0000   330540.9574   146020   27.65%
    684   165   323804.2003   242   258942.0000   330540.9574   147168   27.65%
Elapsed time = 25.18 sec. (67857.63 ticks, tree = 3.00 MB, solutions = 2)
    693   170   330053.0000   250   258942.0000   330536.0000   150350   27.65%
    704   181   329379.2479   260   258942.0000   330536.0000   152201   27.65%
    710   187   328798.1546   412   258942.0000   330536.0000   154071   27.65%
    716   193   328415.2765   653   258942.0000   330536.0000   155533   27.65%
    720   197   328218.7834   838   258942.0000   330536.0000   156420   27.65%
    730   207   327770.2759   655   258942.0000   330536.0000   158970   27.65%
    737   214   327313.2084   384   258942.0000   330536.0000   160551   27.65%
    758   235   326868.3767   446   258942.0000   330536.0000   162893   27.65%
    789   266   325994.1874   312   258942.0000   330536.0000   165112   27.65%
    809   286   313799.7731   338   258942.0000   330536.0000   166700   27.65%
Elapsed time = 29.03 sec. (79854.33 ticks, tree = 3.24 MB, solutions = 2)
    829   306   300471.0696   395   258942.0000   330536.0000   169888   27.65%
    859   336   293374.5871   383   258942.0000   330536.0000   171974   27.65%
    905   377   330532.0000   172   258942.0000   330533.8949   174630   27.65%
    915   387   328252.6090   586   258942.0000   330533.8949   179322   27.65%
    927   394   327759.5000   261   258942.0000   330532.0000   183665   27.65%
    941   408   327552.2515   532   258942.0000   330532.0000   188021   27.65%
    954   417   329825.5329   266   258942.0000   330514.0704   192173   27.64%
    969   432   328080.2750   361   258942.0000   330514.0704   195110   27.64%
    980   439   329802.8157   302   258942.0000   330513.2839   199004   27.64%
    993   452   326181.2555   251   258942.0000   330513.2839   202229   27.64%
Elapsed time = 32.71 sec. (90001.65 ticks, tree = 4.74 MB, solutions = 2)
   1012   467   330162.5055   305   258942.0000   330499.7672   206416   27.63%
   1040   491   326736.7420   244   258942.0000   330499.7672   210189   27.63%
   1056   503   326896.9397   282   258942.0000   330389.4128   214158   27.59%
   1082   525   329676.6935   425   258942.0000   330377.2278   218214   27.59%
   1101   544   328100.1457   307   258942.0000   330377.2278   223049   27.59%
   1123   566   327023.4689   309   258942.0000   330377.2278   227768   27.59%
   1143   585   323268.3135   247   258942.0000   330377.2278   231391   27.59%
   1164   598   327222.8569   411   258942.0000   330346.2691   236658   27.58%
   1184   612   329019.7875   355   258942.0000   330315.4031   241418   27.56%
   1211   631    infeasible         258942.0000   330315.4031   247083   27.56%
Elapsed time = 38.30 sec. (99969.35 ticks, tree = 11.93 MB, solutions = 2)
   1228   643   327484.2500   428   258942.0000   330313.3534   251174   27.56%
   1234   645    infeasible         258942.0000   330313.3534   256280   27.56%
   1243   652   328350.4105   276   258942.0000   330250.1966   261300   27.54%
   1259   668   325757.6886   233   258942.0000   330250.1966   265416   27.54%
   1274   679   328544.3508   310   258942.0000   330249.7119   270006   27.54%
   1288   687   329204.1695   234   258942.0000   330247.7276   274654   27.54%
   1313   708   325686.8330   250   258942.0000   330247.7276   279492   27.54%
   1346   735   329443.5000   181   258942.0000   330244.9896   284790   27.54%
   1364   753   326656.2800   615   258942.0000   330244.9896   289717   27.54%
   1387   774   325057.6354   340   258942.0000   330244.9896   294897   27.54%
Elapsed time = 42.29 sec. (111114.11 ticks, tree = 16.21 MB, solutions = 2)
   1412   799   320607.4334   342   258942.0000   330244.9896   298532   27.54%
   1478   863   311609.9641   250   258942.0000   330244.9896   302479   27.54%
   1512   897   306908.5873   288   258942.0000   330244.9896   305044   27.54%
   1543   923   328541.6706   232   258942.0000   330233.0644   307967   27.53%
   1568   941   329345.5590   339   258942.0000   330223.1811   312858   27.53%
   1584   955   327032.8779   428   258942.0000   330223.1811   317373   27.53%
   1621   984   327885.6015   267   258942.0000   330214.6649   322129   27.52%
   1636   995   329401.8039   318   258942.0000   330199.2437   326300   27.52%
   1664  1018   329875.7582   300   258942.0000   330182.5553   330790   27.51%
   1763  1109   323253.4650   243   258942.0000   330111.0487   349579   27.48%
Elapsed time = 46.78 sec. (123761.42 ticks, tree = 27.12 MB, solutions = 2)
   1907  1236   327312.8446   423   258942.0000   330077.1761   368310   27.47%
   1992  1305   329578.5280   287   258942.0000   330066.5815   387103   27.47%
   2071  1370   328140.4710   461   258942.0000   330045.3331   405406   27.46%
   2225  1515   329223.0462   274   258942.0000   330040.2926   421108   27.46%
   2326  1600   328299.5218   252   258942.0000   329948.4851   440072   27.42%
   2454  1721    infeasible         258942.0000   329925.6592   458651   27.41%
   2531  1784   324058.9207   377   258942.0000   329906.1452   475743   27.41%
   2648  1889   328573.1457   425   258942.0000   329894.8532   493531   27.40%
   2728  1959   327763.2516   242   258942.0000   329877.8479   511282   27.39%
   2817  2029   325798.7885   284   258942.0000   329872.7076   530014   27.39%
Elapsed time = 61.08 sec. (162160.51 ticks, tree = 55.16 MB, solutions = 2)
   2921  2120   328129.4000   431   258942.0000   329869.6337   548501   27.39%
   2986  2175   323927.4945   284   258942.0000   329859.0816   567575   27.39%
   3067  2246   328471.8466   351   258942.0000   329848.7837   587969   27.38%
   3148  2314   329069.3590   274   258942.0000   329839.8592   607041   27.38%
   3226  2383   324160.5775   599   258942.0000   329826.3443   623784   27.37%
   3328  2472   321922.1427   367   258942.0000   329816.1450   642461   27.37%
   3475  2595   326545.0361   350   258942.0000   329802.7868   662447   27.37%
   3541  2637    infeasible         258942.0000   329768.3534   683863   27.35%
   3615  2692   328754.1553   211   258942.0000   329749.7109   702888   27.35%
   3701  2764   328383.8567   334   258942.0000   329731.5235   723525   27.34%
Elapsed time = 76.19 sec. (200696.08 ticks, tree = 77.78 MB, solutions = 2)
   3764  2809    infeasible         258942.0000   329722.3345   744039   27.33%
   3822  2845   329316.8938   498   258942.0000   329710.0114   763645   27.33%
   3911  2918    infeasible         258942.0000   329705.3152   784622   27.33%
   3968  2963   328223.2929   322   258942.0000   329699.5000   803221   27.33%
   4029  3005   326409.4227   204   258942.0000   329686.5038   824371   27.32%
   4072  3032   327986.2269   497   258942.0000   329674.7500   844617   27.32%
   4149  3092   325049.4055   376   258942.0000   329658.3311   864241   27.31%
   4198  3125   328190.2877   347   258942.0000   329650.3773   883169   27.31%
   4259  3168   327947.2131   254   258942.0000   329632.6576   904750   27.30%
   4337  3223   323350.8272   375   258942.0000   329615.3250   924257   27.29%
Elapsed time = 93.88 sec. (239491.64 ticks, tree = 93.61 MB, solutions = 2)
   4461  3335   323436.6084   449   258942.0000   329603.8427   944242   27.29%
   4554  3413   327563.6181   297   258942.0000   329594.1279   963033   27.28%
   4618  3456   329298.8412   264   258942.0000   329589.2445   983444   27.28%
   4694  3511   329455.3333   223   258942.0000   329574.4291  1003676   27.28%

Clique cuts applied:  3
Cover cuts applied:  33
Implied bound cuts applied:  69
Flow cuts applied:  4
Mixed integer rounding cuts applied:  322
Zero-half cuts applied:  200
Gomory fractional cuts applied:  9

Root node processing (before b&c):
  Real time             =    0.40 sec. (943.05 ticks)
Sequential b&c:
  Real time             =  100.60 sec. (257774.01 ticks)
                          ------------
Total (root+branch&cut) =  101.00 sec. (258717.05 ticks)
[CPLEX] Status: time limit exceeded
[CPLEX] OPTIMAL OBJ: 258942.0
[CPLEX] Runtime: 101.011 sec
Vehicle 0: d → 1 → 22 → 27 → 3 → 10 → 7 → 8 → 21 → 14 → 28 → 4 → 19 → 26 → 13 → 25 → 15 → 0 → 11 → 29 → d, (requests = [0, 1, 6, 8, 24, 36, 38, 39])
Vehicle 1: d → 5 → 2 → 22 → 27 → 17 → 21 → 14 → 28 → 24 → 4 → 19 → 26 → 13 → 25 → 29 → 15 → 6 → 12 → 20 → 18 → d, (requests = [2, 4, 19, 21, 25, 28, 30])
Vehicle 2: d → 16 → 30 → 20 → 12 → 6 → 25 → 23 → 26 → 19 → 4 → 28 → 14 → 21 → 8 → 17 → d, (requests = [5, 11, 12, 35, 46])
Vehicle 3: d → 24 → 4 → 19 → 23 → 25 → 15 → 11 → d, (requests = [14, 15, 40])
Vehicle 4: d → 11 → 0 → 12 → 6 → 25 → 13 → 26 → 19 → 4 → 24 → 9 → 14 → 21 → 17 → 7 → 10 → 27 → 22 → 2 → d, (requests = [7, 16, 18, 22, 23, 32, 45])
Vehicle 5: d → 22 → 27 → 3 → 7 → 21 → 14 → 9 → 24 → 4 → 19 → 23 → 25 → 6 → 12 → 20 → 18 → 16 → d, (requests = [3, 9, 10, 13, 17])
Vehicle 6: d → 30 → 20 → 12 → 6 → 25 → 23 → 19 → 4 → 28 → 14 → 21 → 7 → 27 → 22 → 1 → 5 → d, (requests = [20, 26, 31, 34, 37])
Vehicle 7: d → 3 → 7 → 8 → 21 → 14 → 28 → 4 → 19 → 23 → 25 → 6 → 12 → d, (requests = [27, 33, 41, 43])
======== PPDSP OBJECTIVE ========
Profit    = 321229
Cost      = 62287
Objective = 258942
=================================
===== RAW XY MODEL =====
12 55 107 148 233 278 328 382 442 477 481 635 687 732 816 846 868 901 960 994 1111 1172 1187 1229 1429 1466 1501 1511 1590 1632 1659 1683 1711 1756 1797 1854 1870 1906 1945 1968 2022 2353 2414 2470 2587 2666 2739 2772 2809 2849 2877 2959 3020 3048 3107 3177 3205 3463 3699 3807 3947 4077 4088 4131 4332 4457 4540 4597 4662 4679 4747 4792 4797 4835 4887 4914 4996 5057 5134 5151 5222 5258 5296 5331 5448 5689 5733 5790 5831 5898 5990 6043 6129 6178 6217 6244 6272 6317 6347 6358 6392 6453 6600 6776 6895 6930 6956 6990 7129 7208 7351 7391 7418 7444 7494 7562 7625 7649 7719 7761 8007 8051 8108 8136 8181 8319 8380 8535 8590 8665 8710 8804 8899 2049 2051 2054 6613 2184 3226 2187 5476 2191 6619 6620 3297 3300 6623 4354 4355 5485 6627 5487 4426 7783 4434 5491 5492 5556 5562 7789 8955 5577 6704 7794 6719 8961 7797 6735 7862 7875 7876 7883 7893 8969 9048 9061 9067
  [Time Manager] Step 51 consumed 101.01s. Total Consumed: 2504.87s.
  [Info] Saved 9072 core assumption literals to p1_A-n32-k5_r47v8k3.lp.asm

[52/60] Building & Solving: R=48, V=8, K=3
Default row names c1, c2 ... being created.
  [Info] Generating MIP Formulation...
  [Time Manager] Global Remaining Budget: 1095.13s | Future Weight Sum: 12330.0
  [Time Manager] Recalibrated Budget for this step: 102.32s
[CPLEX] Setting time limit to 102 seconds
[CPLEX] Reading assumption from p1_A-n32-k5_r47v8k3.lp.asm ...
[CPLEX] Applying MIP Start with 8568 variables.
Version identifier: 22.1.1.0 | 2022-11-28 | 9160aff4d
CPXPARAM_Read_DataCheck                          1
CPXPARAM_Threads                                 1
CPXPARAM_TimeLimit                               102
1 of 1 MIP starts provided solutions.
MIP start 'm1' defined initial solution with objective 258942.0000.
Tried aggregator 1 time.
MIP Presolve eliminated 16 rows and 6824 columns.
MIP Presolve modified 4550 coefficients.
Reduced MIP has 4832 rows, 2256 columns, and 25360 nonzeros.
Reduced MIP has 1760 binaries, 496 generals, 0 SOSs, and 0 indicators.
Presolve time = 0.01 sec. (14.90 ticks)
Probing time = 0.00 sec. (3.03 ticks)
Tried aggregator 1 time.
Detecting symmetries...
Reduced MIP has 4832 rows, 2256 columns, and 25360 nonzeros.
Reduced MIP has 1760 binaries, 496 generals, 0 SOSs, and 0 indicators.
Presolve time = 0.01 sec. (16.53 ticks)
Probing time = 0.00 sec. (2.89 ticks)
Clique table members: 912.
MIP emphasis: balance optimality and feasibility.
MIP search method: dynamic search.
Parallel mode: none, using 1 thread.
Root relaxation solution time = 0.02 sec. (34.74 ticks)

        Nodes                                         Cuts/
   Node  Left     Objective  IInf  Best Integer    Best Bound    ItCnt     Gap

*     0+    0                       258942.0000  2802296.0000           982.21%
      0     0   343799.0000   168   258942.0000   343799.0000     1044   32.77%
      0     0   343782.7746   231   258942.0000     Cuts: 215     1205   32.76%
      0     0   343764.0000   222   258942.0000      Cuts: 61     1243   32.76%
      0     0   343586.3320   217   258942.0000      Cuts: 45     1707   32.69%
      0     0   343439.0000   219   258942.0000     Cuts: 149     1949   32.63%
      0     0   343272.0000   194   258942.0000      Cuts: 34     2035   32.57%
      0     0   343079.0000   189   258942.0000     Cuts: 131     2115   32.49%
      0     0   343079.0000   220   258942.0000     Cuts: 122     2153   32.49%
      0     0   343079.0000   220   258942.0000      Cuts: 36     2154   32.49%
      0     2   343079.0000   220   258942.0000   343079.0000     2154   32.49%
Elapsed time = 0.46 sec. (1098.95 ticks, tree = 0.01 MB, solutions = 1)
      4     6   329607.0000   326   258942.0000   343047.5735     4344   32.48%
      7     9   342263.0833   226   258942.0000   343047.5735     5921   32.48%
     10    12   342158.3235   277   258942.0000   343047.5735     7378   32.48%
     13    15   342115.9637   556   258942.0000   343047.5735     8674   32.48%
     16    18   341038.8581   429   258942.0000   343047.5735    10607   32.48%
     21    23   340364.6516   263   258942.0000   343047.5735    12428   32.48%
     33    35   340320.2375   168   258942.0000   343047.5735    14349   32.48%
     64    64   339142.8611   185   258942.0000   343047.5735    16734   32.48%
    103    97   334488.5169   145   258942.0000   343047.5735    19364   32.48%
    124   114   342444.9657   308   258942.0000   342955.9202    25147   32.45%
Elapsed time = 1.80 sec. (4454.58 ticks, tree = 0.34 MB, solutions = 1)
    144   133   340550.7657   222   258942.0000   342955.9202    30432   32.45%
    194   175   342820.5655   289   258942.0000   342952.0175    39283   32.44%
    248   212   342450.1592   277   258942.0000   342912.4107    47079   32.43%
    320   270   342858.8701   315   258942.0000   342909.1048    55302   32.43%
    347   295   338872.2916   245   258942.0000   342909.1048    62169   32.43%
    371   313   342036.5927   284   258942.0000   342865.7717    68879   32.41%
    420   354   342174.9218   483   258942.0000   342858.8701    77580   32.41%
    481   402   342629.3927   260   258942.0000   342856.9808    85342   32.41%
    536   448   342352.4958   301   258942.0000   342849.0267    94054   32.40%
    578   481   342255.7474   273   258942.0000   342845.7583   102691   32.40%
Elapsed time = 6.02 sec. (14421.39 ticks, tree = 0.98 MB, solutions = 1)
    643   530   341926.2660   269   258942.0000   342840.5378   111166   32.40%
    673   558   340405.8180   197   258942.0000   342840.5378   119224   32.40%
    735   602   340879.3659   300   258942.0000   342835.1344   126884   32.40%
    786   641   339686.6710   339   258942.0000   342818.6565   135102   32.39%
    840   687   341492.3288   156   258942.0000   342815.1604   142518   32.39%
    909   739   333640.2455   238   258942.0000   342806.3952   151486   32.39%

Performing restart 1

Repeating presolve.
Tried aggregator 1 time.
MIP Presolve modified 154 coefficients.
Reduced MIP has 4832 rows, 2256 columns, and 25360 nonzeros.
Reduced MIP has 1760 binaries, 496 generals, 0 SOSs, and 0 indicators.
Presolve time = 0.01 sec. (13.17 ticks)
Tried aggregator 1 time.
Reduced MIP has 4832 rows, 2256 columns, and 25360 nonzeros.
Reduced MIP has 1760 binaries, 496 generals, 0 SOSs, and 0 indicators.
Presolve time = 0.01 sec. (17.46 ticks)
Represolve time = 0.02 sec. (44.85 ticks)
    964     0   343079.0000   222   258942.0000     Cuts: 117   155494   32.39%
    964     0   343079.0000   221   258942.0000      Cuts: 79   155505   32.39%
    964     0   343078.2241   251   258942.0000       Cuts: 4   155543   32.39%
    964     0   343068.8824   247   258942.0000     Cuts: 153   155622   32.39%
    964     0   343046.5960   368   258942.0000      Cuts: 93   155822   32.39%
    964     0   343028.6155   382   258942.0000      Cuts: 17   155884   32.39%
    964     2   343028.6155   382   258942.0000   342806.3952   155884   32.39%
    965     3   343009.1724   267   258942.0000   342806.3952   156171   32.39%
    967     5   342772.9250   238   258942.0000   342806.3952   157418   32.39%
    970     8   342226.8750   218   258942.0000   342806.3952   161702   32.39%
Elapsed time = 13.06 sec. (33282.92 ticks, tree = 0.01 MB, solutions = 1)
    973    11   342320.7668   275   258942.0000   342806.3952   165714   32.39%
    975    13   341937.7256   259   258942.0000   342806.3952   166771   32.39%
    982    20   341767.7357   272   258942.0000   342806.3952   169470   32.39%
    986    24   341251.7129   327   258942.0000   342806.3952   172666   32.39%
    991    29   341110.0999   210   258942.0000   342806.3952   174691   32.39%
    997    33   340918.3654   405   258942.0000   342806.3952   176469   32.39%
    999    35   339494.1667   227   258942.0000   342806.3952   180614   32.39%
   1000    36   340097.2896   491   258942.0000   342806.3952   181576   32.39%
   1004    37    infeasible         258942.0000   342806.3952   184510   32.39%
   1006    39   339956.6774   273   258942.0000   342806.3952   185204   32.39%
Elapsed time = 18.59 sec. (49124.70 ticks, tree = 0.21 MB, solutions = 1)
   1010    41   339588.0139   260   258942.0000   342806.3952   189498   32.39%
   1013    42   339364.4527   419   258942.0000   342806.3952   195854   32.39%
   1016    41   341044.3777   261   258942.0000   342806.3952   203194   32.39%
   1019    44   341017.4419   207   258942.0000   342806.3952   204162   32.39%
   1026    51   339982.0573   224   258942.0000   342806.3952   208094   32.39%
   1034    59   338774.5489   218   258942.0000   342806.3952   212114   32.39%
   1041    62   342356.0000   180   258942.0000   342806.3952   216474   32.39%
   1042    63   342168.0306   349   258942.0000   342806.3952   217389   32.39%
   1044    65   342030.0000   188   258942.0000   342806.3952   218682   32.39%
   1046    67   341082.4052   467   258942.0000   342806.3952   223265   32.39%
Elapsed time = 25.33 sec. (63160.72 ticks, tree = 0.68 MB, solutions = 1)
   1051    72   340738.3071   592   258942.0000   342806.3952   225595   32.39%
   1056    77   340544.1429   468   258942.0000   342806.3952   227737   32.39%
   1064    85   339561.2419   601   258942.0000   342806.3952   229843   32.39%
   1078    99   339026.4718   424   258942.0000   342806.3952   232698   32.39%
   1090   111   331710.6750   380   258942.0000   342806.3952   234796   32.39%
   1100   121   331155.8519   532   258942.0000   342806.3952   236772   32.39%
   1111   132   330281.6966   638   258942.0000   342806.3952   239212   32.39%
   1127   146   329451.8786   372   258942.0000   342806.3952   241752   32.39%
   1146   161   341357.2714   516   258942.0000   342806.3952   244720   32.39%
   1160   175   340373.4585   239   258942.0000   342806.3952   247642   32.39%
Elapsed time = 28.94 sec. (74329.36 ticks, tree = 0.95 MB, solutions = 1)
   1172   185   338424.0239   400   258942.0000   342806.3952   250942   32.39%
   1183   194   337294.6875   240   258942.0000   342806.3952   253891   32.39%
   1200   205   341180.5032   378   258942.0000   342803.9061   257344   32.39%
   1215   217   340540.5714   266   258942.0000   342673.1017   260855   32.34%
   1229   231   338938.8837   257   258942.0000   342673.1017   264428   32.34%
   1246   244   341952.3065   303   258942.0000   342622.7907   267882   32.32%
   1264   262   340885.5590   378   258942.0000   342622.7907   270841   32.32%
   1284   282   339592.4178   291   258942.0000   342622.7907   273611   32.32%
   1303   294   341702.8256   327   258942.0000   342356.0000   277765   32.21%
   1315   306   340230.4910   244   258942.0000   342356.0000   280628   32.21%
Elapsed time = 32.37 sec. (84316.46 ticks, tree = 3.13 MB, solutions = 1)
   1329   319   337400.7774   422   258942.0000   342356.0000   283034   32.21%
   1350   340   333750.7222   376   258942.0000   342356.0000   286153   32.21%
   1359   345   340151.3493   462   258942.0000   342320.6217   290226   32.20%
   1378   364   339304.8733   342   258942.0000   342320.6217   292996   32.20%
   1392   376   336826.8037   237   258942.0000   342320.6217   296250   32.20%
   1398   378   340306.3592   448   258942.0000   342319.1832   300824   32.20%
   1420   400   338591.7766   565   258942.0000   342319.1832   304687   32.20%
   1440   420   334944.3167   619   258942.0000   342319.1832   309290   32.20%
   1457   431   340959.5528   275   258942.0000   342302.6514   313449   32.19%
   1468   442   339326.1749   237   258942.0000   342302.6514   317971   32.19%
Elapsed time = 35.76 sec. (94635.82 ticks, tree = 3.64 MB, solutions = 1)
   1492   463   335005.7888   318   258942.0000   342302.6514   322447   32.19%
   1525   491   340895.0585   347   258942.0000   342277.1292   326079   32.18%
   1554   516   340890.3975   227   258942.0000   342273.4181   330647   32.18%
   1574   536   336793.7194   406   258942.0000   342273.4181   334108   32.18%
   1589   550   333410.7956   314   258942.0000   342273.4181   336396   32.18%
   1611   566   341437.7577   359   258942.0000   342267.5460   340660   32.18%
   1628   577   340993.6301   254   258942.0000   342252.7333   345516   32.17%
   1651   594    infeasible         258942.0000   342252.7333   350545   32.17%
   1660   603   339705.5443   318   258942.0000   342226.8709   354132   32.16%
   1679   616   341449.3545   456   258942.0000   342226.0662   358706   32.16%
Elapsed time = 39.20 sec. (104738.55 ticks, tree = 9.40 MB, solutions = 1)
   1697   634   340608.8227   234   258942.0000   342226.0662   361810   32.16%
   1711   644   337818.4762   327   258942.0000   342226.0662   366720   32.16%
   1748   680   333872.8251   490   258942.0000   342226.0662   370077   32.16%
   1770   699   331958.4262   429   258942.0000   342226.0662   372340   32.16%
   1795   720   339909.1314   392   258942.0000   342167.1349   377675   32.14%
   1833   753   338735.0000   252   258942.0000   342107.3959   382261   32.12%
   1863   783   330465.0539   297   258942.0000   342107.3959   385829   32.12%
   1900   816   340062.2147   370   258942.0000   342107.1645   391575   32.12%
   1924   837   340708.7404   216   258942.0000   342097.6409   396017   32.11%
*  1964+  866                       258946.0000   342096.7942            32.11%
   2032   932   336028.1416   506   258946.0000   342095.0417   412475   32.11%
Elapsed time = 43.59 sec. (117683.69 ticks, tree = 18.46 MB, solutions = 2)
   2135  1021   340592.0268   371   258946.0000   342073.1959   431132   32.10%
   2224  1104   337193.4654   304   258946.0000   342070.4212   447752   32.10%
   2295  1163   337344.5264   411   258946.0000   342029.8611   466798   32.09%
   2350  1211   335882.4071   376   258946.0000   342006.4968   484438   32.08%
   2462  1309   336233.9792   499   258946.0000   342002.7960   504637   32.07%
   2568  1399   338781.0022   589   258946.0000   341949.2530   524064   32.05%
   2761  1583   340086.4558   249   258946.0000   341938.3503   541332   32.05%
   2848  1658   330769.1368   276   258946.0000   341935.2994   560162   32.05%
   2984  1778    infeasible         258946.0000   341918.0082   577423   32.04%
   3054  1834   340341.8336   444   258946.0000   341908.5082   596323   32.04%
Elapsed time = 58.78 sec. (156226.31 ticks, tree = 44.40 MB, solutions = 2)
   3159  1928   338233.2638   368   258946.0000   341892.8895   616380   32.03%
   3238  1999   337219.7415   345   258946.0000   341870.6977   637542   32.02%
   3340  2084   340901.5868   368   258946.0000   341857.0000   654647   32.02%
   3416  2144   341653.2389   333   258946.0000   341840.3003   673423   32.01%
   3512  2230   337969.1601   353   258946.0000   341834.6897   693194   32.01%
   3588  2296   337943.0515   319   258946.0000   341829.9504   712901   32.01%
   3689  2378   338608.3644   397   258946.0000   341823.5624   731013   32.01%
   3811  2486   341501.7622   278   258946.0000   341808.6355   750044   32.00%
   3918  2579   340342.4888   531   258946.0000   341802.6178   770207   32.00%
   4012  2663   340394.2373   326   258946.0000   341799.0720   789825   32.00%
Elapsed time = 71.42 sec. (195078.75 ticks, tree = 69.71 MB, solutions = 2)
   4092  2722   339847.0168   358   258946.0000   341764.3500   810655   31.98%
   4198  2816    infeasible         258946.0000   341764.2765   829279   31.98%
   4336  2933   339361.7497   347   258946.0000   341702.7525   849326   31.96%
   4433  3019    infeasible         258946.0000   341699.0113   869657   31.96%
   4549  3117   340852.7626   345   258946.0000   341694.3050   889323   31.96%
   4633  3183   339028.4935   410   258946.0000   341688.5665   909716   31.95%
   4696  3230    infeasible         258946.0000   341683.0111   929883   31.95%
   4775  3287   337697.1918   335   258946.0000   341675.9695   949787   31.95%
   4864  3362   340531.3081   330   258946.0000   341664.5937   969211   31.94%
   4948  3439   323517.4055   420   258946.0000   341663.9083   988675   31.94%
Elapsed time = 84.55 sec. (233707.82 ticks, tree = 92.59 MB, solutions = 2)
   5130  3602    infeasible         258946.0000   341648.4297  1005502   31.94%
   5263  3719   340211.2803   322   258946.0000   341636.4771  1025686   31.93%
   5334  3773   340335.4828   364   258946.0000   341624.7696  1045684   31.93%
   5432  3856   339057.4604   369   258946.0000   341616.1179  1064361   31.93%
*  5464+ 3886                       269433.0000   341616.1179            26.79%
   5540  3952   335963.7757   346   269433.0000   341613.3611  1085094   26.79%
   5638  4030   339661.0781   425   269433.0000   341607.9318  1104439   26.79%
   5735  4115   331282.8052   404   269433.0000   341606.0881  1124351   26.79%
   5893  4265   338197.9851   424   269433.0000   341602.5941  1142424   26.79%
   5968  4319   340280.7986   311   269433.0000   341588.2566  1162253   26.78%
   6097  4432   335190.9993   316   269433.0000   341582.1547  1182398   26.78%
Elapsed time = 99.74 sec. (272192.21 ticks, tree = 116.69 MB, solutions = 3)
   6220  4543   341115.8115   333   269433.0000   341572.9270  1202307   26.77%

Clique cuts applied:  17
Cover cuts applied:  15
Implied bound cuts applied:  23
Flow cuts applied:  5
Mixed integer rounding cuts applied:  179
Zero-half cuts applied:  60
Gomory fractional cuts applied:  5

Root node processing (before b&c):
  Real time             =    0.46 sec. (1095.80 ticks)
Sequential b&c:
  Real time             =  101.54 sec. (277712.33 ticks)
                          ------------
Total (root+branch&cut) =  102.00 sec. (278808.12 ticks)
[CPLEX] Status: time limit exceeded
[CPLEX] OPTIMAL OBJ: 269433.0
[CPLEX] Runtime: 102.011 sec
Vehicle 0: d → 1 → 22 → 27 → 3 → 10 → 7 → 8 → 21 → 14 → 28 → 4 → 19 → 26 → 13 → 25 → 15 → 0 → 11 → 29 → d, (requests = [0, 1, 6, 8, 24, 36, 38, 39])
Vehicle 1: d → 5 → 2 → 22 → 27 → 17 → 21 → 14 → 28 → 24 → 4 → 19 → 23 → 26 → 13 → 25 → 29 → 15 → 6 → 12 → 20 → 18 → d, (requests = [2, 4, 14, 19, 21, 25, 28, 29, 30])
Vehicle 2: d → 16 → 18 → 30 → 20 → 12 → 6 → 25 → 23 → 19 → 4 → 28 → 14 → 21 → 8 → 17 → d, (requests = [5, 11, 12, 35, 44, 46])
Vehicle 3: d → 24 → 4 → 19 → 23 → 25 → 15 → 11 → d, (requests = [15, 40])
Vehicle 4: d → 11 → 0 → 12 → 6 → 25 → 13 → 26 → 19 → 4 → 24 → 9 → 14 → 21 → 17 → 7 → 10 → 27 → 22 → 2 → d, (requests = [7, 16, 18, 22, 23, 32, 45])
Vehicle 5: d → 22 → 27 → 3 → 7 → 21 → 14 → 9 → 24 → 4 → 19 → 23 → 25 → 6 → 12 → 20 → 18 → 16 → d, (requests = [3, 9, 10, 13, 17])
Vehicle 6: d → 30 → 20 → 12 → 6 → 25 → 23 → 19 → 4 → 28 → 14 → 21 → 7 → 27 → 22 → 1 → 5 → d, (requests = [20, 26, 31, 34, 37])
Vehicle 7: d → 3 → 7 → 8 → 21 → 14 → 28 → 4 → 19 → 23 → 25 → 6 → 12 → d, (requests = [27, 33, 41, 43])
======== PPDSP OBJECTIVE ========
Profit    = 332042
Cost      = 62609
Objective = 269433
=================================
===== RAW XY MODEL =====
12 55 107 148 233 278 328 382 442 477 481 635 687 732 816 846 868 901 960 994 1111 1172 1187 1229 1429 1466 1501 1511 1590 1632 1656 1683 1711 1756 1787 1797 1854 1870 1906 1945 1968 2022 2353 2414 2470 2587 2666 2727 2772 2803 2809 2849 2877 2952 3020 3107 3177 3205 3463 3699 3807 3947 4077 4088 4131 4332 4457 4540 4597 4662 4679 4747 4792 4797 4835 4887 4914 4996 5057 5134 5151 5222 5258 5296 5331 5448 5689 5733 5790 5831 5898 5990 6043 6129 6178 6217 6244 6272 6317 6347 6358 6392 6453 6600 6776 6895 6930 6956 6990 7129 7208 7351 7391 7418 7444 7494 7562 7625 7649 7719 7761 8007 8051 8108 8136 8181 8319 8380 8535 8590 8665 8710 8804 8899 2049 2051 2054 6613 2184 3226 2187 5476 2191 6619 6620 3297 3300 6623 3305 4355 5485 6627 5487 4426 7783 4434 5491 5492 5556 5562 7789 8955 5577 5582 6704 7794 6719 8961 7797 6735 7862 7875 7876 7883 7893 8969 9048 9051 9061 9067
  [Time Manager] Step 52 consumed 102.01s. Total Consumed: 2606.89s.
  [Info] Saved 9080 core assumption literals to p1_A-n32-k5_r48v8k3.lp.asm

[53/60] Building & Solving: R=48, V=9, K=3
Default row names c1, c2 ... being created.
  [Info] Generating MIP Formulation...
  [Time Manager] Global Remaining Budget: 993.11s | Future Weight Sum: 11178.0
  [Time Manager] Recalibrated Budget for this step: 115.14s
[CPLEX] Setting time limit to 115 seconds
[CPLEX] Reading assumption from p1_A-n32-k5_r48v8k3.lp.asm ...
[CPLEX] Applying MIP Start with 8576 variables.
Version identifier: 22.1.1.0 | 2022-11-28 | 9160aff4d
CPXPARAM_Read_DataCheck                          1
CPXPARAM_Threads                                 1
CPXPARAM_TimeLimit                               115
1 of 1 MIP starts provided solutions.
MIP start 'm1' defined initial solution with objective 275410.0000.
Tried aggregator 1 time.
MIP Presolve eliminated 18 rows and 7677 columns.
MIP Presolve modified 5094 coefficients.
Reduced MIP has 5430 rows, 2538 columns, and 28530 nonzeros.
Reduced MIP has 1980 binaries, 558 generals, 0 SOSs, and 0 indicators.
Presolve time = 0.01 sec. (16.76 ticks)
Probing time = 0.00 sec. (3.19 ticks)
Tried aggregator 1 time.
Detecting symmetries...
Reduced MIP has 5430 rows, 2538 columns, and 28530 nonzeros.
Reduced MIP has 1980 binaries, 558 generals, 0 SOSs, and 0 indicators.
Presolve time = 0.01 sec. (18.84 ticks)
Probing time = 0.00 sec. (2.99 ticks)
Clique table members: 1020.
MIP emphasis: balance optimality and feasibility.
MIP search method: dynamic search.
Parallel mode: none, using 1 thread.
Root relaxation solution time = 0.02 sec. (43.23 ticks)

        Nodes                                         Cuts/
   Node  Left     Objective  IInf  Best Integer    Best Bound    ItCnt     Gap

*     0+    0                       275410.0000  3152583.0000              --- 
      0     0   343799.0000   164   275410.0000   343799.0000     1171   24.83%
      0     0   343799.0000   189   275410.0000     Cuts: 221     1261   24.83%
      0     0   343799.0000   221   275410.0000     Cuts: 137     1314   24.83%
      0     2   343799.0000   221   275410.0000   343799.0000     1314   24.83%
Elapsed time = 0.39 sec. (958.26 ticks, tree = 0.01 MB, solutions = 1)
      3     5   343632.7343   363   275410.0000   343644.4859     3112   24.78%
      6     8   343214.4894   315   275410.0000   343546.9829     5061   24.74%
      9    11   343137.3203   277   275410.0000   343545.5025     7459   24.74%
     12    14   343503.5194   345   275410.0000   343545.5025     8667   24.74%
     15    17   342853.7517   290   275410.0000   343545.5025    10604   24.74%
     24    26   342241.7160   168   275410.0000   343545.5025    11990   24.74%
     47    49   335095.3490   148   275410.0000   343545.5025    13354   24.74%
     95    81   335296.1920   186   275410.0000   343545.5025    14995   24.74%
    100    82   342615.0807   352   275410.0000   343419.6781    16291   24.69%
    119   101   341947.5811   314   275410.0000   343419.6781    21622   24.69%
Elapsed time = 1.93 sec. (4847.84 ticks, tree = 3.75 MB, solutions = 1)
    180   149   341640.5318   154   275410.0000   343419.4747    26425   24.69%
    275   222   343167.6150   188   275410.0000   343264.8377    32134   24.64%
    349   282    infeasible         275410.0000   343264.6664    37486   24.64%
    432   343   342774.9188   294   275410.0000   343225.4741    42840   24.62%
    513   404   342790.9198   289   275410.0000   343213.8936    48498   24.62%
    606   483   339844.4630   177   275410.0000   343212.8936    54233   24.62%
    698   555   342990.6285   203   275410.0000   343167.6150    59617   24.60%
    765   610   342570.2155   355   275410.0000   343150.7062    64344   24.60%
    824   663   337905.2550   143   275410.0000   343150.7062    69526   24.60%
    911   735   338017.7741   189   275410.0000   343137.3203    74889   24.59%
Elapsed time = 5.46 sec. (14534.64 ticks, tree = 28.12 MB, solutions = 1)
    938   759   339504.7187   381   275410.0000   343137.3203    79840   24.59%
    973   794   290890.8011   324   275410.0000   343137.3203    84285   24.59%

Performing restart 1

Repeating presolve.
Tried aggregator 1 time.
MIP Presolve modified 171 coefficients.
Reduced MIP has 5430 rows, 2538 columns, and 28530 nonzeros.
Reduced MIP has 1980 binaries, 558 generals, 0 SOSs, and 0 indicators.
Presolve time = 0.01 sec. (14.71 ticks)
Tried aggregator 1 time.
Reduced MIP has 5430 rows, 2538 columns, and 28530 nonzeros.
Reduced MIP has 1980 binaries, 558 generals, 0 SOSs, and 0 indicators.
Presolve time = 0.01 sec. (19.83 ticks)
Represolve time = 0.02 sec. (49.89 ticks)
    974     0   343799.0000   335   275410.0000      Cuts: 82    85846   24.59%
    974     0   343799.0000   225   275410.0000     Cuts: 100    85878   24.59%
    974     0   343799.0000   224   275410.0000     Cuts: 103    85887   24.59%
    974     0   343761.9583   235   275410.0000      Cuts: 70    86092   24.59%
    974     0   343684.6598   251   275410.0000     Cuts: 112    86368   24.59%
    974     0   343672.0192   248   275410.0000     Cuts: 110    86482   24.59%
    974     2   343672.0192   248   275410.0000   343137.3203    86482   24.59%
    975     3   343259.9211   223   275410.0000   343137.3203    87835   24.59%
    977     5   343115.0000   207   275410.0000   343137.3203    89329   24.59%
    979     7   342677.6464   258   275410.0000   343137.3203    92010   24.59%
    981     9   342547.8320   281   275410.0000   343137.3203    95979   24.59%
    982    10   340898.6794   300   275410.0000   343137.3203    99177   24.59%
    984    12   341984.8833   253   275410.0000   343137.3203   102004   24.59%
    987    15   341837.5073   254   275410.0000   343137.3203   103825   24.59%
Elapsed time = 10.96 sec. (29154.89 ticks, tree = 0.07 MB, solutions = 1)
    990    17   340847.4020   258   275410.0000   343137.3203   105523   24.59%
    992    19   340698.6098   269   275410.0000   343137.3203   106770   24.59%
    995    22   339091.6113   248   275410.0000   343137.3203   108854   24.59%
    999    26   338743.1516   247   275410.0000   343137.3203   111653   24.59%
   1002    29   338174.2745   271   275410.0000   343137.3203   114751   24.59%
   1007    33   338282.0950   345   275410.0000   343137.3203   117224   24.59%
   1011    37   338222.4364   260   275410.0000   343137.3203   119811   24.59%
   1015    41   337357.6288   250   275410.0000   343137.3203   121415   24.59%
   1020    46   336302.1585   293   275410.0000   343137.3203   125123   24.59%
   1025    49   335923.3117   319   275410.0000   343137.3203   127329   24.59%
Elapsed time = 15.27 sec. (40854.73 ticks, tree = 0.46 MB, solutions = 1)
   1031    54   334108.6340   256   275410.0000   343137.3203   127995   24.59%
   1036    59   333952.2255   404   275410.0000   343137.3203   130987   24.59%
   1040    62   333324.0894   355   275410.0000   343137.3203   134183   24.59%
   1047    69   332728.8545   285   275410.0000   343137.3203   135878   24.59%
   1056    78   331790.1587   340   275410.0000   343137.3203   140091   24.59%
   1068    88   330662.3407   323   275410.0000   343137.3203   143489   24.59%
   1078    92   342677.5797   226   275410.0000   343137.3203   148785   24.59%
   1083    97   342181.5526   281   275410.0000   343137.3203   152391   24.59%
   1087   101   340917.2797   238   275410.0000   343137.3203   157456   24.59%
   1094   108   339945.8648   352   275410.0000   343137.3203   164110   24.59%
Elapsed time = 19.30 sec. (51785.93 ticks, tree = 0.69 MB, solutions = 1)
   1098   110   339754.6407   302   275410.0000   343137.3203   167467   24.59%
   1104   112   342953.7647   240   275410.0000   343114.6400   170359   24.58%
   1110   118   340362.4315   237   275410.0000   343114.6400   178542   24.58%
   1120   128   339132.5062   243   275410.0000   343114.6400   185183   24.58%
   1139   143   338337.1847   262   275410.0000   343114.6400   191766   24.58%
   1156   155   342939.0000   205   275410.0000   343113.8600   197731   24.58%
   1159   158   342558.0000   374   275410.0000   343113.8600   200011   24.58%
   1170   169   341192.8089   273   275410.0000   343113.8600   205144   24.58%
   1183   181   340059.2789   344   275410.0000   343113.8600   209782   24.58%
   1192   188   341995.4351   357   275410.0000   343079.0000   217939   24.57%
Elapsed time = 24.94 sec. (62801.21 ticks, tree = 1.08 MB, solutions = 1)
   1196   192   341734.6088   187   275410.0000   343079.0000   220173   24.57%
   1202   198   340124.9375   394   275410.0000   343079.0000   226917   24.57%
   1206   202   339376.4687   443   275410.0000   343079.0000   231794   24.57%
   1210   206   338032.5000   262   275410.0000   343079.0000   236678   24.57%
   1224   220   337231.4597   335   275410.0000   343079.0000   243295   24.57%
   1228   224   336655.2892   292   275410.0000   343079.0000   246319   24.57%
   1235   229   336236.5598   398   275410.0000   343079.0000   248283   24.57%
   1246   240   336101.2973   381   275410.0000   343079.0000   251874   24.57%
   1249   243   335770.1944   325   275410.0000   343079.0000   253776   24.57%
   1252   246   334843.0150   331   275410.0000   343079.0000   257217   24.57%
Elapsed time = 29.02 sec. (73971.47 ticks, tree = 1.17 MB, solutions = 1)
   1255   249   331174.7251   292   275410.0000   343079.0000   262189   24.57%
   1259   253   330877.8194   317   275410.0000   343079.0000   264463   24.57%
   1268   260    infeasible         275410.0000   343079.0000   268191   24.57%
   1272   262   342712.0619   276   275410.0000   343015.8726   274145   24.55%
   1281   271   342336.3811   205   275410.0000   343015.8726   276974   24.55%
   1292   282   340138.5320   226   275410.0000   343015.8726   285354   24.55%
   1298   288   339854.2918   250   275410.0000   343015.8726   289396   24.55%
   1304   294   339043.8163   326   275410.0000   343015.8726   296861   24.55%
   1315   305   338822.9277   318   275410.0000   343015.8726   302176   24.55%
   1333   323   338213.9379   340   275410.0000   343015.8726   307725   24.55%
Elapsed time = 32.90 sec. (85335.39 ticks, tree = 1.52 MB, solutions = 1)
   1341   331   337871.5400   296   275410.0000   343015.8726   310892   24.55%
   1354   343   335048.4672   216   275410.0000   343015.8726   314087   24.55%
   1370   357    infeasible         275410.0000   343015.8726   320206   24.55%
   1380   363   340859.0300   238   275410.0000   342953.7647   327252   24.52%
   1398   377   342444.5662   253   275410.0000   342953.6863   336162   24.52%
   1408   387   340448.5095   233   275410.0000   342953.6863   344201   24.52%
   1419   394   342696.0448   366   275410.0000   342851.0000   350743   24.49%
   1423   398   340901.1823   345   275410.0000   342851.0000   359747   24.49%
   1432   407   340287.1831   260   275410.0000   342851.0000   366263   24.49%
   1437   410   340012.2926   531   275410.0000   342851.0000   369284   24.49%
Elapsed time = 36.50 sec. (95756.08 ticks, tree = 1.66 MB, solutions = 1)
   1441   410    infeasible         275410.0000   342851.0000   376219   24.49%
   1446   415   341359.3452   271   275410.0000   342848.5551   381691   24.49%
   1450   419   340918.1254   496   275410.0000   342848.5551   387374   24.49%
   1454   423   340390.1699   366   275410.0000   342848.5551   390852   24.49%
   1458   427   338204.0288   594   275410.0000   342848.5551   398171   24.49%
   1470   439   337399.4361   311   275410.0000   342848.5551   404843   24.49%
   1483   446   340811.2210   256   275410.0000   342827.1654   413032   24.48%
   1494   457   340635.8429   401   275410.0000   342827.1654   419528   24.48%
   1504   467   340545.6801   359   275410.0000   342827.1654   423188   24.48%
   1542   504   337249.0466   210   275410.0000   342827.1654   445855   24.48%
Elapsed time = 41.41 sec. (110320.08 ticks, tree = 1.89 MB, solutions = 1)
   1594   556   336855.2517   284   275410.0000   342827.1654   466915   24.48%
   1636   594    infeasible         275410.0000   342827.1654   490368   24.48%
   1676   628   337944.9901   348   275410.0000   342794.9559   518851   24.47%
   1708   654   341253.0000   304   275410.0000   342755.0000   541474   24.45%
   1755   693   341383.5531   362   275410.0000   342712.0619   569899   24.44%
   1781   717   336141.0725   257   275410.0000   342712.0619   597578   24.44%
   1828   758   340748.0971   287   275410.0000   342695.7025   623005   24.43%
   1881   809   335891.8821   229   275410.0000   342695.7025   656826   24.43%
   1927   849   340185.8280   504   275410.0000   342675.4190   685540   24.42%
   1990   908   341462.6608   319   275410.0000   342558.0000   716124   24.38%
Elapsed time = 56.92 sec. (149108.15 ticks, tree = 2.62 MB, solutions = 1)
   2033   947   338563.5263   284   275410.0000   342555.1835   747802   24.38%
   2094   998   339019.5956   480   275410.0000   342554.0169   769980   24.38%
   2154  1050   340178.3994   320   275410.0000   342512.7878   787398   24.36%
   2235  1122   340756.9412   380   275410.0000   342467.7285   806881   24.35%
   2335  1214   341552.0759   356   275410.0000   342462.1437   821973   24.35%
   2404  1275   339661.6472   364   275410.0000   342443.5686   840085   24.34%
   2489  1352   341418.1302   339   275410.0000   342412.9659   859658   24.33%
   2533  1386   339004.5053   298   275410.0000   342391.5507   876450   24.32%
   2582  1427   334153.7416   280   275410.0000   342388.7323   893991   24.32%
   2645  1480   341909.1721   789   275410.0000   342375.1234   913709   24.31%
Elapsed time = 70.36 sec. (187993.96 ticks, tree = 18.80 MB, solutions = 1)
   2694  1521   341190.2723   297   275410.0000   342360.1082   932391   24.31%
   2761  1584   338532.5950   239   275410.0000   342357.1155   950806   24.31%
   2864  1683   340780.8107   258   275410.0000   342357.0104   969929   24.31%
   2934  1741   339091.9738   231   275410.0000   342342.5889   988416   24.30%
   3010  1812   338779.0064   369   275410.0000   342342.1198  1005664   24.30%
   3075  1869   341203.2112   376   275410.0000   342335.2833  1023605   24.30%
   3144  1931   331584.6359   363   275410.0000   342334.8832  1041827   24.30%
   3230  2009   339792.3824   345   275410.0000   342326.2128  1059264   24.30%
   3297  2066   338825.3432   481   275410.0000   342265.1858  1080210   24.27%
   3371  2128   337315.7230   343   275410.0000   342242.3547  1098983   24.27%
Elapsed time = 83.54 sec. (226515.42 ticks, tree = 34.10 MB, solutions = 1)
   3420  2163   340784.4681   444   275410.0000   342211.7925  1117887   24.26%
   3494  2225   339525.2313   413   275410.0000   342195.5287  1138063   24.25%
   3600  2324   332815.7562   285   275410.0000   342195.4444  1157033   24.25%
   3691  2405   337976.9338   473   275410.0000   342187.5729  1174665   24.25%
   3800  2513   320806.1336   275   275410.0000   342187.5729  1193665   24.25%
   3870  2572   334165.0344   453   275410.0000   342179.9084  1212111   24.24%
   3946  2641   337713.9158   259   275410.0000   342169.4581  1229954   24.24%
   4042  2728   337782.1385   471   275410.0000   342160.3727  1247578   24.24%
   4110  2784   339937.5170   455   275410.0000   342151.2000  1265879   24.23%
   4189  2854   340969.3426   493   275410.0000   342142.5732  1284910   24.23%
Elapsed time = 98.66 sec. (265090.18 ticks, tree = 52.90 MB, solutions = 1)
   4234  2895   338174.9306   456   275410.0000   342142.5732  1303039   24.23%
   4360  3009   334790.5225   392   275410.0000   342133.5376  1321898   24.23%
   4483  3110   336055.4631   502   275410.0000   342127.0558  1340119   24.22%
   4534  3155   336603.1430   567   275410.0000   342112.0899  1358732   24.22%
   4628  3241   340643.0383   236   275410.0000   342110.9096  1376928   24.22%
   4722  3323   340189.7743   340   275410.0000   342105.0690  1395877   24.22%
   4799  3393   335964.9912   472   275410.0000   342104.2935  1415023   24.22%
   4940  3530   340068.2733   426   275410.0000   342104.2935  1432085   24.22%
*  4974+ 3558                       275650.0000   342101.5946            24.11%
   4994  3580   336906.4441   279   275650.0000   342101.5946  1451190   24.11%
   5072  3644   340318.2834   424   275650.0000   342095.0454  1469990   24.10%
Elapsed time = 111.72 sec. (303461.18 ticks, tree = 81.84 MB, solutions = 2)
   5154  3717   338380.3319   244   275650.0000   342082.1842  1490122   24.10%
*  5174+ 3735                       275972.0000   342082.1842            23.96%
*  5174+ 3735                       276122.0000   342082.1842            23.89%
   5223  3774   341431.8448   332   276122.0000   342081.6303  1505660   23.89%

Clique cuts applied:  10
Cover cuts applied:  9
Implied bound cuts applied:  38
Flow cuts applied:  6
Mixed integer rounding cuts applied:  115
Zero-half cuts applied:  21
Gomory fractional cuts applied:  9

Root node processing (before b&c):
  Real time             =    0.39 sec. (958.70 ticks)
Sequential b&c:
  Real time             =  114.61 sec. (311689.42 ticks)
                          ------------
Total (root+branch&cut) =  115.00 sec. (312648.12 ticks)
[CPLEX] Status: time limit exceeded
[CPLEX] OPTIMAL OBJ: 276122.0
[CPLEX] Runtime: 115.011 sec
Vehicle 0: d → 1 → 22 → 27 → 3 → 10 → 7 → 8 → 21 → 14 → 28 → 4 → 19 → 26 → 13 → 25 → 15 → 0 → 11 → 29 → d, (requests = [0, 1, 6, 8, 24, 36, 38, 39])
Vehicle 1: d → 5 → 2 → 22 → 27 → 17 → 21 → 14 → 28 → 24 → 4 → 19 → 26 → 13 → 25 → 29 → 15 → 6 → 12 → 20 → 18 → d, (requests = [2, 4, 14, 19, 21, 25, 28, 30])
Vehicle 2: d → 16 → 18 → 30 → 20 → 12 → 6 → 25 → 23 → 19 → 4 → 28 → 14 → 21 → 8 → 17 → d, (requests = [5, 11, 12, 35, 44, 46])
Vehicle 3: d → 24 → 4 → 19 → 23 → 25 → 15 → 11 → d, (requests = [15, 40])
Vehicle 4: d → 11 → 0 → 12 → 6 → 25 → 13 → 26 → 19 → 4 → 24 → 9 → 14 → 21 → 17 → 7 → 10 → 27 → 22 → 2 → d, (requests = [7, 16, 18, 22, 23, 32, 45])
Vehicle 5: d → 22 → 27 → 3 → 7 → 21 → 14 → 9 → 24 → 4 → 19 → 23 → 25 → 6 → 12 → 20 → 18 → 16 → d, (requests = [3, 9, 10, 13, 17])
Vehicle 6: d → 30 → 20 → 12 → 6 → 25 → 23 → 19 → 4 → 28 → 14 → 21 → 7 → 27 → 22 → 1 → 5 → d, (requests = [20, 26, 31, 34])
Vehicle 7: d → 3 → 7 → 8 → 21 → 14 → 28 → 4 → 19 → 23 → 25 → 6 → 12 → d, (requests = [27, 33, 41, 43])
Vehicle 8: d → 13 → 23 → 26 → 19 → 4 → 24 → 9 → 14 → 21 → 7 → 3 → d, (requests = [29, 37, 47])
======== PPDSP OBJECTIVE ========
Profit    = 343866
Cost      = 67744
Objective = 276122
=================================
===== RAW XY MODEL =====
12 55 107 148 233 278 328 382 442 477 481 635 687 732 816 846 868 901 960 994 1111 1172 1187 1229 1429 1466 1501 1511 1590 1632 1659 1683 1711 1756 1797 1854 1870 1906 1945 1968 2022 2353 2414 2470 2587 2666 2727 2772 2803 2809 2849 2877 2952 3020 3107 3177 3205 3463 3699 3807 3947 4077 4088 4131 4332 4457 4540 4597 4662 4679 4747 4792 4797 4835 4887 4914 4996 5057 5134 5151 5222 5258 5296 5331 5448 5689 5733 5790 5831 5898 5990 6043 6129 6178 6217 6244 6272 6317 6347 6358 6392 6453 6600 6776 6895 6930 6956 6990 7129 7208 7351 7391 7418 7444 7494 7562 7625 7649 7719 7761 8007 8051 8108 8136 8181 8319 8380 8535 8590 8665 8710 8804 8899 9208 9233 9308 9383 9520 9550 9693 9760 9843 9858 9932 10086 2049 2051 2054 6613 2184 3226 2187 5476 2191 6619 6620 3297 3300 6623 3305 4355 5485 6627 5487 4426 7783 4434 5491 5492 5556 5562 7789 8955 5577 10134 6704 7794 6719 8961 7797 6735 7862 10142 7876 7883 7893 8969 9048 9051 9061 9067 10152
  [Time Manager] Step 53 consumed 115.01s. Total Consumed: 2721.90s.
  [Info] Saved 10152 core assumption literals to p1_A-n32-k5_r48v9k3.lp.asm

[54/60] Building & Solving: R=49, V=9, K=3
Default row names c1, c2 ... being created.
  [Info] Generating MIP Formulation...
  [Time Manager] Global Remaining Budget: 878.10s | Future Weight Sum: 9882.0
  [Time Manager] Recalibrated Budget for this step: 115.96s
[CPLEX] Setting time limit to 115 seconds
[CPLEX] Reading assumption from p1_A-n32-k5_r48v9k3.lp.asm ...
[CPLEX] Applying MIP Start with 9648 variables.
Version identifier: 22.1.1.0 | 2022-11-28 | 9160aff4d
CPXPARAM_Read_DataCheck                          1
CPXPARAM_Threads                                 1
CPXPARAM_TimeLimit                               115
1 of 1 MIP starts provided solutions.
MIP start 'm1' defined initial solution with objective 276122.0000.
Tried aggregator 1 time.
MIP Presolve eliminated 18 rows and 7677 columns.
MIP Presolve modified 5088 coefficients.
Reduced MIP has 5458 rows, 2547 columns, and 28782 nonzeros.
Reduced MIP has 1989 binaries, 558 generals, 0 SOSs, and 0 indicators.
Presolve time = 0.01 sec. (16.89 ticks)
Probing time = 0.00 sec. (3.21 ticks)
Tried aggregator 1 time.
Detecting symmetries...
Reduced MIP has 5458 rows, 2547 columns, and 28782 nonzeros.
Reduced MIP has 1989 binaries, 558 generals, 0 SOSs, and 0 indicators.
Presolve time = 0.01 sec. (18.98 ticks)
Probing time = 0.00 sec. (3.00 ticks)
Clique table members: 1030.
MIP emphasis: balance optimality and feasibility.
MIP search method: dynamic search.
Parallel mode: none, using 1 thread.
Root relaxation solution time = 0.03 sec. (41.67 ticks)

        Nodes                                         Cuts/
   Node  Left     Objective  IInf  Best Integer    Best Bound    ItCnt     Gap

*     0+    0                       276122.0000  3234771.0000              --- 
      0     0   352931.0000   160   276122.0000   352931.0000     1149   27.82%
      0     0   352931.0000   191   276122.0000     Cuts: 219     1209   27.82%
      0     0   352931.0000   223   276122.0000     Cuts: 140     1286   27.82%
      0     2   352931.0000   223   276122.0000   352931.0000     1286   27.82%
Elapsed time = 0.35 sec. (832.09 ticks, tree = 0.01 MB, solutions = 1)
      2     4   352211.0000   160   276122.0000   352767.9665     3247   27.76%
      5     7   352156.8588   237   276122.0000   352767.9665     5238   27.76%
      7     9   351851.2807   184   276122.0000   352767.9665     6832   27.76%
     12    14   351312.3112   191   276122.0000   352767.9665     8265   27.76%
     17    19   350810.6804   226   276122.0000   352767.9665    10244   27.76%
     25    27   350245.6359   210   276122.0000   352767.9665    11596   27.76%
     50    52   349495.4785   175   276122.0000   352767.9665    12728   27.76%
     90    80   352687.4013   268   276122.0000   352767.9665    14598   27.76%
     94    84   352271.1748   353   276122.0000   352767.9665    16098   27.76%
    103    93   352145.1518   333   276122.0000   352767.9665    19213   27.76%
Elapsed time = 1.82 sec. (4730.39 ticks, tree = 3.19 MB, solutions = 1)
    122   111   349989.5759   209   276122.0000   352767.9665    24215   27.76%
    208   183   345840.8374   161   276122.0000   352604.5484    29403   27.70%
    249   210   351600.1600   240   276122.0000   352318.1011    34223   27.60%
    303   255   351363.6220   260   276122.0000   352298.7514    39523   27.59%
    395   335   352158.0245   256   276122.0000   352298.7514    45193   27.59%
    440   372   351298.5285   204   276122.0000   352287.2304    48845   27.58%
    493   415   350675.3959   139   276122.0000   352279.4120    53206   27.58%
    545   445   351412.1507   240   276122.0000   352271.1748    58559   27.58%
    580   480   350198.6448   224   276122.0000   352271.1748    63319   27.58%
    652   535   351895.0448   340   276122.0000   352258.8642    68414   27.57%
Elapsed time = 5.35 sec. (14439.47 ticks, tree = 16.12 MB, solutions = 1)
    720   591   339784.6580   140   276122.0000   352252.7246    72978   27.57%
    780   642   347575.6762   156   276122.0000   352249.2843    78346   27.57%
    822   680   349703.0671   178   276122.0000   352244.4621    82029   27.57%
    873   716   350951.1284   218   276122.0000   352244.0998    87791   27.57%
    965   788   351530.2186   243   276122.0000   352232.3098    93530   27.56%

Performing restart 1

Repeating presolve.
Tried aggregator 1 time.
MIP Presolve modified 171 coefficients.
Reduced MIP has 5458 rows, 2547 columns, and 28782 nonzeros.
Reduced MIP has 1989 binaries, 558 generals, 0 SOSs, and 0 indicators.
Presolve time = 0.01 sec. (14.87 ticks)
Tried aggregator 1 time.
Reduced MIP has 5458 rows, 2547 columns, and 28782 nonzeros.
Reduced MIP has 1989 binaries, 558 generals, 0 SOSs, and 0 indicators.
Presolve time = 0.01 sec. (19.98 ticks)
Represolve time = 0.02 sec. (48.85 ticks)
    968     0   352931.0000   228   276122.0000     Cuts: 126    96099   27.56%
    968     0   352931.0000   337   276122.0000     Cuts: 110    96109   27.56%
    968     0   352931.0000   231   276122.0000      Cuts: 77    96154   27.56%
    968     0   352931.0000   227   276122.0000     Cuts: 118    96187   27.56%
    968     0   352713.1931   247   276122.0000      Cuts: 85    96875   27.56%
    968     0   352461.7461   331   276122.0000     Cuts: 282    97548   27.56%
    968     0   352211.0000   219   276122.0000     Cuts: 154    97871   27.56%
    968     0   352211.0000   210   276122.0000     Cuts: 160    97895   27.56%
    968     0   352211.0000   212   276122.0000      Cuts: 49    97929   27.56%
    968     0   352211.0000   214   276122.0000      Cuts: 33    97940   27.56%
    968     2   352211.0000   214   276122.0000   352211.0000    97940   27.56%
    969     3   352065.5806   289   276122.0000   352064.9916    99058   27.50%
    971     5   350634.8982   501   276122.0000   351961.6000   102983   27.47%
    973     7   351900.0000   218   276122.0000   351960.9636   103133   27.47%
    975     9   351389.1055   219   276122.0000   351960.9636   105377   27.47%
Elapsed time = 14.42 sec. (33088.98 ticks, tree = 0.11 MB, solutions = 1)
    977    11   351372.8615   233   276122.0000   351960.9636   107416   27.47%
    979    13   351347.0887   163   276122.0000   351960.9636   108885   27.47%
    982    16   351310.5091   114   276122.0000   351960.9636   109954   27.47%
    984    17   349639.6368   356   276122.0000   351960.9636   114711   27.47%
    987    19   349626.6644   238   276122.0000   351960.9636   114898   27.47%
    991    20   350096.6656   254   276122.0000   351900.0000   116006   27.44%
    993    22   350078.3349   250   276122.0000   351900.0000   116423   27.44%
    995    24   349585.7500   245   276122.0000   351900.0000   118735   27.44%
    997    26   349965.6536   418   276122.0000   351900.0000   118740   27.44%
    998    27   349964.2954   504   276122.0000   351900.0000   118873   27.44%
Elapsed time = 19.47 sec. (46934.73 ticks, tree = 0.74 MB, solutions = 1)
   1001    30   349692.7820   494   276122.0000   351900.0000   119715   27.44%
   1003    32   349261.5000   326   276122.0000   351900.0000   120345   27.44%
   1008    37   349472.9433   180   276122.0000   351900.0000   120993   27.44%
   1011    40   349253.2045   295   276122.0000   351900.0000   122084   27.44%
   1013    42   349153.6038   313   276122.0000   351900.0000   123923   27.44%
   1016    45   348644.7099   257   276122.0000   351900.0000   127345   27.44%
   1022    49   347972.9015   214   276122.0000   351900.0000   129798   27.44%
   1032    59   347858.0617   256   276122.0000   351900.0000   130950   27.44%
   1047    68   351465.8874   242   276122.0000   351899.4308   133578   27.44%
   1048    69   351444.2764   243   276122.0000   351899.4308   133663   27.44%
Elapsed time = 23.59 sec. (58211.92 ticks, tree = 2.66 MB, solutions = 1)
   1051    72   350069.9556   247   276122.0000   351899.4308   134458   27.44%
   1054    75   349424.7808   352   276122.0000   351899.4308   135727   27.44%
   1059    80   348976.3789   304   276122.0000   351899.4308   137006   27.44%
   1063    84   348901.6256   379   276122.0000   351899.4308   137522   27.44%
   1067    88   348879.1066   235   276122.0000   351899.4308   137767   27.44%
   1072    93   348351.2165   353   276122.0000   351899.4308   138516   27.44%
   1076    94   347669.9134   446   276122.0000   351899.4308   139474   27.44%
   1080    94   351590.5581   210   276122.0000   351883.4603   141591   27.44%
   1088   102   351277.2099   399   276122.0000   351883.4603   143704   27.44%
   1099   113   351016.9100   327   276122.0000   351883.4603   145619   27.44%
Elapsed time = 27.75 sec. (69894.37 ticks, tree = 4.77 MB, solutions = 1)
   1106   118   348918.6726   308   276122.0000   351883.4603   149389   27.44%
   1112   123   347535.4700   291   276122.0000   351883.4603   150737   27.44%
   1122   133   346212.7629   379   276122.0000   351883.4603   153435   27.44%
   1134   145   345398.1493   367   276122.0000   351883.4603   155460   27.44%
   1147   152   350413.1994   243   276122.0000   351665.0000   159195   27.36%
   1152   157   349702.3897   242   276122.0000   351665.0000   160783   27.36%
   1161   164   348974.3647   306   276122.0000   351665.0000   164403   27.36%
   1167   168   348489.0537   314   276122.0000   351665.0000   166687   27.36%
   1174   171   351189.4621   333   276122.0000   351588.7135   170119   27.33%
   1176   173   349447.0004   206   276122.0000   351588.7135   177422   27.33%
Elapsed time = 31.62 sec. (81022.19 ticks, tree = 7.10 MB, solutions = 1)
   1184   181   349601.4838   218   276122.0000   351588.7135   181706   27.33%
   1190   187   349422.5900   379   276122.0000   351588.7135   183928   27.33%
   1196   193   349264.6653   585   276122.0000   351588.7135   186415   27.33%
   1201   196   348147.8021   480   276122.0000   351588.7135   190708   27.33%
   1206   197   350843.0000   230   276122.0000   351502.3589   193660   27.30%
   1209   200   350562.0667   399   276122.0000   351502.3589   195108   27.30%
   1215   206   350117.3930   290   276122.0000   351502.3589   196232   27.30%
   1230   221   347114.1181   337   276122.0000   351502.3589   198339   27.30%
   1235   226   344189.6667   307   276122.0000   351502.3589   201337   27.30%
   1247   238   343857.9831   219   276122.0000   351502.3589   203862   27.30%
Elapsed time = 35.41 sec. (92059.83 ticks, tree = 10.07 MB, solutions = 1)
   1249   240   343791.7795   496   276122.0000   351502.3589   204476   27.30%
   1260   247   350565.3833   344   276122.0000   351497.7048   206689   27.30%
   1273   260   348927.6797   403   276122.0000   351497.7048   210169   27.30%
   1294   277    infeasible         276122.0000   351497.7048   213441   27.30%
   1312   295   350674.4127   356   276122.0000   351496.7592   217199   27.30%
   1324   301   349748.8136   360   276122.0000   351488.0000   221471   27.29%
   1330   307   348771.9898   361   276122.0000   351488.0000   224332   27.29%
   1347   324   347712.0394   476   276122.0000   351488.0000   227878   27.29%
   1352   325   349772.4973   225   276122.0000   351486.2477   230263   27.29%
   1356   329   349610.4479   230   276122.0000   351486.2477   231886   27.29%
Elapsed time = 38.86 sec. (102232.87 ticks, tree = 14.45 MB, solutions = 1)
   1373   346   349538.8984   231   276122.0000   351486.2477   233729   27.29%
   1377   350   347699.5937   193   276122.0000   351486.2477   236773   27.29%
   1392   363   347064.9411   329   276122.0000   351486.2477   240088   27.29%
   1401   368   351075.5666   366   276122.0000   351464.3933   243298   27.29%
   1411   378   349734.6194   274   276122.0000   351464.3933   246171   27.29%
   1439   403   350901.5330   247   276122.0000   351463.7712   249942   27.29%
   1446   409   348553.1892   404   276122.0000   351463.7712   254099   27.29%
   1448   411   348486.6637   443   276122.0000   351463.7712   254624   27.29%
   1451   414   344985.2725   328   276122.0000   351463.7712   256154   27.29%
   1485   443   347595.8566   433   276122.0000   351440.4676   266330   27.28%
Elapsed time = 45.80 sec. (116077.99 ticks, tree = 19.92 MB, solutions = 1)
   1559   508   348888.2918   361   276122.0000   351433.5667   278979   27.27%
   1594   543   344199.0343   481   276122.0000   351433.5667   288111   27.27%
   1646   587   347333.2049   464   276122.0000   351426.5845   304456   27.27%
   1698   628   341713.8290   329   276122.0000   351372.5329   320285   27.25%
   1760   681   347923.6078   397   276122.0000   351350.0081   335916   27.24%
   1812   727   347249.9490   251   276122.0000   351349.7357   352220   27.24%
   1840   747   347966.0748   260   276122.0000   351344.0785   369512   27.24%
   1875   773    infeasible         276122.0000   351327.7965   381392   27.24%
   1914   802   349651.4355   142   276122.0000   351324.7375   398119   27.24%
   1959   838    infeasible         276122.0000   351317.1910   413433   27.23%
Elapsed time = 59.59 sec. (155191.05 ticks, tree = 38.88 MB, solutions = 1)
   2010   879   348071.6357   339   276122.0000   351310.4562   430715   27.23%
   2041   900   348904.9211   485   276122.0000   351284.1865   448100   27.22%
   2087   940   344652.9489   274   276122.0000   351276.8692   465151   27.22%
   2149   990   338893.3170   303   276122.0000   351276.8692   481830   27.22%
   2243  1072   349302.8973   432   276122.0000   351267.1563   498424   27.21%
   2305  1131   348895.9785   488   276122.0000   351256.9491   514257   27.21%
   2364  1182   349351.3837   430   276122.0000   351218.0733   532077   27.20%
   2410  1226   343826.8472   324   276122.0000   351218.0733   548967   27.20%
   2459  1263   346237.9306   223   276122.0000   351196.7923   566519   27.19%
   2524  1314   350004.1809   277   276122.0000   351186.4435   581600   27.19%
Elapsed time = 73.25 sec. (194114.99 ticks, tree = 61.63 MB, solutions = 1)
   2597  1377    infeasible         276122.0000   351181.4579   600288   27.18%
   2644  1414    infeasible         276122.0000   351161.8667   619901   27.18%
   2717  1473   350644.7995   327   276122.0000   351146.5366   636400   27.17%
   2812  1560   349744.2758   346   276122.0000   351102.7450   652261   27.15%
   2862  1594   350204.2095   315   276122.0000   351092.9281   669644   27.15%
   2891  1613   347784.6021   404   276122.0000   351089.5746   689239   27.15%
   2934  1636   347893.1395   236   276122.0000   351073.9592   707097   27.14%
   2999  1689   349558.4827   252   276122.0000   351063.2157   724167   27.14%
   3039  1717   350440.5481   280   276122.0000   351055.8226   742330   27.14%
   3088  1758   350359.8990   634   276122.0000   351042.6863   759808   27.13%
Elapsed time = 89.55 sec. (233508.21 ticks, tree = 83.02 MB, solutions = 1)
   3138  1805   344499.3979   319   276122.0000   351042.6863   777727   27.13%
   3195  1845   349758.5897   198   276122.0000   351029.6469   795961   27.13%
   3259  1905   344776.9105   292   276122.0000   351027.6080   813479   27.13%
   3305  1929   349804.1391   246   276122.0000   351010.0925   830919   27.12%
   3376  1986   347902.3153   354   276122.0000   351005.4726   849211   27.12%
   3420  2018   347142.9088   380   276122.0000   350998.1990   867834   27.12%
   3484  2073   349749.1019   413   276122.0000   350997.0907   883897   27.12%
   3565  2150   347930.6240   342   276122.0000   350992.6703   898792   27.12%
   3623  2192   350920.9795   302   276122.0000   350976.2344   916755   27.11%
   3678  2232   347323.4207   449   276122.0000   350958.1880   934806   27.10%
Elapsed time = 103.23 sec. (271913.86 ticks, tree = 105.86 MB, solutions = 1)
   3719  2261   348687.4133   320   276122.0000   350951.0112   952810   27.10%
   3762  2282    infeasible         276122.0000   350946.4672   970780   27.10%
   3838  2348   347566.1733   408   276122.0000   350923.0407   987089   27.09%
   3925  2427   350286.6324   621   276122.0000   350922.3534  1003878   27.09%
   4002  2500    infeasible         276122.0000   350922.3534  1020527   27.09%
*  4068+ 2556                       278125.0000   350922.3310            26.17%
   4081  2571   341902.9742   449   278125.0000   350922.3310  1038227   26.17%
   4143  2625   346354.6900   326   278125.0000   350922.0999  1054798   26.17%

Clique cuts applied:  3
Cover cuts applied:  13
Implied bound cuts applied:  130
Flow cuts applied:  6
Mixed integer rounding cuts applied:  247
Zero-half cuts applied:  215
Lift and project cuts applied:  1
Gomory fractional cuts applied:  20

Root node processing (before b&c):
  Real time             =    0.35 sec. (832.43 ticks)
Sequential b&c:
  Real time             =  114.65 sec. (301388.03 ticks)
                          ------------
Total (root+branch&cut) =  115.00 sec. (302220.46 ticks)
[CPLEX] Status: time limit exceeded
[CPLEX] OPTIMAL OBJ: 278125.0
[CPLEX] Runtime: 115.013 sec
Vehicle 0: d → 1 → 22 → 27 → 3 → 10 → 7 → 8 → 21 → 14 → 28 → 4 → 19 → 26 → 13 → 25 → 15 → 0 → 11 → 29 → d, (requests = [0, 1, 6, 8, 24, 36, 39, 48])
Vehicle 1: d → 5 → 2 → 22 → 27 → 17 → 21 → 14 → 28 → 24 → 4 → 19 → 26 → 13 → 25 → 29 → 15 → 6 → 12 → 20 → 18 → d, (requests = [2, 4, 14, 19, 21, 25, 28, 30])
Vehicle 2: d → 16 → 18 → 30 → 20 → 12 → 6 → 25 → 23 → 19 → 4 → 28 → 14 → 21 → 8 → 17 → d, (requests = [5, 11, 12, 35, 44, 46])
Vehicle 3: d → 24 → 4 → 19 → 23 → 25 → 15 → 11 → d, (requests = [15, 40])
Vehicle 4: d → 11 → 0 → 12 → 6 → 25 → 13 → 26 → 19 → 4 → 24 → 9 → 14 → 21 → 17 → 7 → 10 → 27 → 22 → 2 → d, (requests = [7, 16, 18, 22, 23, 32])
Vehicle 5: d → 22 → 27 → 3 → 7 → 21 → 14 → 9 → 24 → 4 → 19 → 23 → 25 → 6 → 12 → 20 → 18 → 16 → d, (requests = [3, 9, 10, 13, 17])
Vehicle 6: d → 30 → 20 → 12 → 6 → 25 → 23 → 19 → 4 → 28 → 14 → 21 → 7 → 27 → 22 → 1 → 5 → d, (requests = [20, 26, 31, 34, 37, 45])
Vehicle 7: d → 3 → 7 → 8 → 21 → 14 → 28 → 4 → 19 → 23 → 25 → 6 → 12 → d, (requests = [27, 33, 41, 43])
Vehicle 8: d → 13 → 23 → 26 → 19 → 4 → 24 → 9 → 14 → 21 → 7 → 3 → d, (requests = [29, 47])
======== PPDSP OBJECTIVE ========
Profit    = 345869
Cost      = 67744
Objective = 278125
=================================
===== RAW XY MODEL =====
12 55 107 148 233 278 328 382 442 477 481 635 687 732 816 846 868 901 960 994 1111 1172 1187 1229 1429 1466 1501 1511 1590 1632 1659 1683 1711 1756 1797 1854 1870 1906 1945 1968 2022 2353 2414 2470 2587 2666 2727 2772 2803 2809 2849 2877 2952 3020 3107 3177 3205 3463 3699 3807 3947 4077 4088 4131 4332 4457 4540 4597 4662 4679 4747 4792 4797 4835 4887 4914 4996 5057 5134 5151 5222 5258 5296 5331 5448 5689 5733 5790 5831 5898 5990 6043 6129 6178 6217 6244 6272 6317 6347 6358 6392 6453 6600 6776 6895 6930 6956 6990 7129 7208 7351 7391 7418 7444 7494 7562 7625 7649 7719 7761 8007 8051 8108 8136 8181 8319 8380 8535 8590 8665 8710 8804 8899 9208 9233 9308 9383 9520 9550 9693 9760 9843 9858 9932 10086 2049 2051 2054 6613 2184 3226 2187 5476 2191 6619 6620 3297 3300 6623 3305 4355 5485 6627 5487 4426 7783 4434 5491 5492 5556 5562 7789 8955 5577 10134 6704 7794 6719 8961 7797 6735 7862 7875 7883 7893 8969 9048 9051 9063 9067 10152 10216
  [Time Manager] Step 54 consumed 115.02s. Total Consumed: 2836.92s.
  [Info] Saved 10224 core assumption literals to p1_A-n32-k5_r49v9k3.lp.asm

[55/60] Building & Solving: R=50, V=9, K=3
Default row names c1, c2 ... being created.
  [Info] Generating MIP Formulation...
  [Time Manager] Global Remaining Budget: 763.08s | Future Weight Sum: 8577.0
  [Time Manager] Recalibrated Budget for this step: 116.90s
[CPLEX] Setting time limit to 116 seconds
[CPLEX] Reading assumption from p1_A-n32-k5_r49v9k3.lp.asm ...
[CPLEX] Applying MIP Start with 9657 variables.
Version identifier: 22.1.1.0 | 2022-11-28 | 9160aff4d
CPXPARAM_Read_DataCheck                          1
CPXPARAM_Threads                                 1
CPXPARAM_TimeLimit                               116
1 of 1 MIP starts provided solutions.
MIP start 'm1' defined initial solution with objective 278125.0000.
Tried aggregator 1 time.
MIP Presolve eliminated 18 rows and 7677 columns.
MIP Presolve modified 5088 coefficients.
Reduced MIP has 5486 rows, 2556 columns, and 29097 nonzeros.
Reduced MIP has 1998 binaries, 558 generals, 0 SOSs, and 0 indicators.
Presolve time = 0.01 sec. (17.04 ticks)
Probing time = 0.00 sec. (3.22 ticks)
Tried aggregator 1 time.
Detecting symmetries...
Reduced MIP has 5486 rows, 2556 columns, and 29097 nonzeros.
Reduced MIP has 1998 binaries, 558 generals, 0 SOSs, and 0 indicators.
Presolve time = 0.01 sec. (19.14 ticks)
Probing time = 0.00 sec. (3.00 ticks)
Clique table members: 1031.
MIP emphasis: balance optimality and feasibility.
MIP search method: dynamic search.
Parallel mode: none, using 1 thread.
Root relaxation solution time = 0.03 sec. (50.13 ticks)

        Nodes                                         Cuts/
   Node  Left     Objective  IInf  Best Integer    Best Bound    ItCnt     Gap

*     0+    0                       278125.0000  3273462.0000              --- 
      0     0   357230.0000   163   278125.0000   357230.0000     1228   28.44%
      0     0   357230.0000   193   278125.0000     Cuts: 221     1271   28.44%
      0     0   357230.0000   225   278125.0000     Cuts: 138     1350   28.44%
      0     2   357230.0000   225   278125.0000   357230.0000     1350   28.44%
Elapsed time = 0.31 sec. (687.18 ticks, tree = 0.01 MB, solutions = 1)
      2     4   356510.0000   162   278125.0000   357070.2484     3056   28.38%
      4     6   356480.6091   213   278125.0000   357070.2484     4758   28.38%
      6     8   356355.3395   318   278125.0000   357070.2484     7309   28.38%
      8    10   356213.5088   294   278125.0000   357070.2484     8983   28.38%
     11    13   355946.0791   245   278125.0000   357070.2484    10567   28.38%
     13    15   355586.1166   320   278125.0000   357070.2484    11940   28.38%
     17    19   356190.7479   228   278125.0000   357070.2484    13752   28.38%
     25    27   355224.8812   166   278125.0000   357070.2484    14793   28.38%
     35    37   354784.5369   265   278125.0000   357070.2484    16268   28.38%
     91    85   356896.8893   265   278125.0000   357069.9733    21178   28.38%
Elapsed time = 1.74 sec. (4246.48 ticks, tree = 3.02 MB, solutions = 1)
    127   117   354317.2166   232   278125.0000   357069.9733    25338   28.38%
    182   164   351806.5985   226   278125.0000   356919.8655    29446   28.33%
    254   216   356665.5274   361   278125.0000   356825.1113    34594   28.30%
    298   254   355975.2536   261   278125.0000   356819.0643    39495   28.29%
    321   275   353563.8938   279   278125.0000   356819.0643    43468   28.29%
    410   354   353502.8883   159   278125.0000   356665.5274    48221   28.24%
    471   404   355409.9213   511   278125.0000   356644.0709    53354   28.23%

Performing restart 1

Repeating presolve.
Tried aggregator 1 time.
MIP Presolve modified 171 coefficients.
Reduced MIP has 5486 rows, 2556 columns, and 29097 nonzeros.
Reduced MIP has 1998 binaries, 558 generals, 0 SOSs, and 0 indicators.
Presolve time = 0.01 sec. (15.06 ticks)
Tried aggregator 1 time.
Reduced MIP has 5486 rows, 2556 columns, and 29097 nonzeros.
Reduced MIP has 1998 binaries, 558 generals, 0 SOSs, and 0 indicators.
Presolve time = 0.01 sec. (20.20 ticks)
Represolve time = 0.02 sec. (49.20 ticks)
    481     0   357230.0000   342   278125.0000     Cuts: 104    56280   28.23%
    481     0   357230.0000   231   278125.0000      Cuts: 69    56299   28.23%
    481     0   357230.0000   226   278125.0000     Cuts: 115    56318   28.23%
    481     0   357098.3641   264   278125.0000      Cuts: 83    56794   28.23%
    481     0   356952.1854   252   278125.0000     Cuts: 135    57051   28.23%
    481     0   356774.8290   257   278125.0000     Cuts: 118    57517   28.23%
    481     0   356634.6924   228   278125.0000     Cuts: 236    57776   28.23%
    481     0   356510.0000   200   278125.0000     Cuts: 131    57882   28.18%
    481     0   356510.0000   206   278125.0000     Cuts: 100    57926   28.18%
    481     0   356510.0000   226   278125.0000      Cuts: 70    58010   28.18%
    481     0   356510.0000   331   278125.0000      Cuts: 93    58068   28.18%
    481     2   356510.0000   331   278125.0000   356510.0000    58068   28.18%
    482     3   356396.7083   266   278125.0000   356510.0000    59025   28.18%
    483     4   354712.2314   237   278125.0000   356365.4576    62067   28.13%
Elapsed time = 7.34 sec. (19276.97 ticks, tree = 0.01 MB, solutions = 1)
    484     5   354358.0355   265   278125.0000   356365.4576    63701   28.13%
    486     7   354503.0256   233   278125.0000   356365.4576    63915   28.13%
    488     9   353754.6957   386   278125.0000   356365.4576    66378   28.13%
    490    11   353558.1429   236   278125.0000   356365.4576    68382   28.13%
    492    13   353968.7052   284   278125.0000   356365.4576    68982   28.13%
    494    15   353686.7829   265   278125.0000   356365.4576    72123   28.13%
    496    17   353469.2875   382   278125.0000   356365.4576    75969   28.13%
    498    19   353262.2144   376   278125.0000   356365.4576    77686   28.13%
    500    21   353187.4590   473   278125.0000   356365.4576    78230   28.13%
    503    22   352521.6141   357   278125.0000   356365.4576    79223   28.13%
Elapsed time = 12.73 sec. (34449.03 ticks, tree = 0.54 MB, solutions = 1)
    507    26   352058.2923   362   278125.0000   356365.4576    81616   28.13%
    508    27   350724.4895   244   278125.0000   356365.4576    86527   28.13%
    511    30   348501.8754   254   278125.0000   356365.4576    90522   28.13%
    518    37   349404.8733   434   278125.0000   356365.4576    92014   28.13%
    525    41        cutoff         278125.0000   356365.4576    94805   28.13%
    531    47   346483.5946   210   278125.0000   356365.4576    98132   28.13%
    535    50   345033.9517   235   278125.0000   356365.4576   100460   28.13%
    546    53    infeasible         278125.0000   356365.4576   103321   28.13%
    548    55   355977.8089   274   278125.0000   356347.6820   104514   28.13%
    550    57   355846.9924   271   278125.0000   356347.6820   104877   28.13%
Elapsed time = 17.30 sec. (46558.67 ticks, tree = 1.23 MB, solutions = 1)
    553    60   355390.7143   335   278125.0000   356347.6820   106214   28.13%
    556    63   354340.2072   370   278125.0000   356347.6820   107988   28.13%
    559    66   353428.3382   227   278125.0000   356347.6820   111934   28.13%
    562    67   351944.9694   454   278125.0000   356347.6820   117179   28.13%
    564    69   351585.7693   254   278125.0000   356347.6820   118595   28.13%
    566    71   351721.0532   350   278125.0000   356347.6820   118991   28.13%
    569    74   351665.0349   334   278125.0000   356347.6820   119764   28.13%
    570    74   350997.0826   341   278125.0000   356347.6820   120041   28.13%
    575    77   355983.9713   278   278125.0000   356203.3571   121299   28.07%
    578    80   355787.0000   176   278125.0000   356203.3571   121847   28.07%
Elapsed time = 21.78 sec. (59284.25 ticks, tree = 1.95 MB, solutions = 1)
    579    81   355621.9332   322   278125.0000   356203.3571   122510   28.07%
    580    82   355388.9582   308   278125.0000   356203.3571   122768   28.07%
    581    83   355342.4196   558   278125.0000   356203.3571   123386   28.07%
    583    85   355280.1904   489   278125.0000   356203.3571   124002   28.07%
    585    87   354853.4490   324   278125.0000   356203.3571   125064   28.07%
    587    89   354765.0939   334   278125.0000   356203.3571   125891   28.07%
    589    91   353376.8383   326   278125.0000   356203.3571   130849   28.07%
    592    90   355820.4950   277   278125.0000   356199.0000   138159   28.07%
    595    93   355045.4918   329   278125.0000   356199.0000   142097   28.07%
    600    98   354041.8816   663   278125.0000   356199.0000   145554   28.07%
Elapsed time = 26.99 sec. (73686.94 ticks, tree = 2.03 MB, solutions = 1)
    601    99   353945.9085   325   278125.0000   356199.0000   146534   28.07%
    603   101   353890.2429   457   278125.0000   356199.0000   146925   28.07%
    609   107   353507.6892   555   278125.0000   356199.0000   148437   28.07%
    616   114   353412.4171   390   278125.0000   356199.0000   149415   28.07%
    627   123   348040.2581   484   278125.0000   356199.0000   151161   28.07%
    655   147   355726.9409   227   278125.0000   356075.4102   153955   28.03%
    660   150    infeasible         278125.0000   356075.4102   157502   28.03%
    662   150   353282.5714   195   278125.0000   356073.0970   161985   28.03%
    668   156   352216.3487   233   278125.0000   356073.0970   164220   28.03%
    671   159   351938.0006   516   278125.0000   356073.0970   166534   28.03%
Elapsed time = 32.25 sec. (84518.90 ticks, tree = 4.51 MB, solutions = 1)
    675   163   351330.3499   232   278125.0000   356073.0970   168663   28.03%
    681   169   349694.5564   244   278125.0000   356073.0970   171169   28.03%
    696   182    infeasible         278125.0000   356073.0970   174455   28.03%
    700   184   348148.8063   242   278125.0000   356073.0970   175865   28.03%
    703   187   347954.7240   346   278125.0000   356073.0970   177212   28.03%
    706   190   346946.4074   392   278125.0000   356073.0970   178601   28.03%
    711   195   345903.3033   337   278125.0000   356073.0970   180561   28.03%
    719   203   345610.2526   450   278125.0000   356073.0970   182507   28.03%
    724   208   344286.2808   371   278125.0000   356073.0970   183641   28.03%
    732   216   341629.8991   245   278125.0000   356073.0970   186037   28.03%
Elapsed time = 36.47 sec. (94964.54 ticks, tree = 7.21 MB, solutions = 1)
    746   230   338918.3574   409   278125.0000   356073.0970   187345   28.03%
    772   253   334927.8493   269   278125.0000   356073.0970   190156   28.03%
    778   255   353682.3225   392   278125.0000   356062.5000   193687   28.02%
    786   263   352516.7503   361   278125.0000   356062.5000   195952   28.02%
    790   267   351671.4795   318   278125.0000   356062.5000   197955   28.02%
    797   274   350511.4563   438   278125.0000   356062.5000   200184   28.02%
    804   280   349516.7346   483   278125.0000   356062.5000   201518   28.02%
    819   295   348686.2202   782   278125.0000   356062.5000   204595   28.02%
    828   304   346194.2537   522   278125.0000   356062.5000   207030   28.02%
    842   318   345272.7770   408   278125.0000   356062.5000   209413   28.02%
Elapsed time = 40.14 sec. (105469.15 ticks, tree = 9.24 MB, solutions = 1)
    851   321   354920.4286   456   278125.0000   355980.8133   214152   27.99%
    862   332   353251.6800   432   278125.0000   355980.8133   218499   27.99%
    873   343   351926.6667   261   278125.0000   355980.8133   222011   27.99%
    881   351   350790.4514   418   278125.0000   355980.8133   224619   27.99%
    888   358   346524.2039   549   278125.0000   355980.8133   228396   27.99%
    898   364   354475.1111   258   278125.0000   355977.2464   231541   27.99%
    914   380   353735.3512   411   278125.0000   355977.2464   234391   27.99%
    922   388   346662.2289   329   278125.0000   355977.2464   236887   27.99%
    937   403   344704.9971   333   278125.0000   355977.2464   239832   27.99%
   1004   461   353867.8919   312   278125.0000   355922.0000   252034   27.97%
Elapsed time = 45.01 sec. (118770.77 ticks, tree = 13.23 MB, solutions = 1)
   1064   514   354142.9558   315   278125.0000   355879.0000   267635   27.96%
   1126   573   343736.9037   280   278125.0000   355879.0000   281778   27.96%
   1199   638   352118.5327   402   278125.0000   355846.0833   297296   27.94%
   1262   691   353290.1114   353   278125.0000   355834.1169   314630   27.94%
   1325   752   347725.7375   319   278125.0000   355834.1169   325529   27.94%
   1369   786   350709.3333   272   278125.0000   355819.6134   343122   27.94%
   1428   839   348022.5913   802   278125.0000   355804.7619   359518   27.93%
   1466   866   348903.4824   351   278125.0000   355773.7793   376695   27.92%
   1535   932   329888.2828   382   278125.0000   355773.7793   391301   27.92%
   1621  1008   355571.6230   329   278125.0000   355769.7154   409049   27.92%
Elapsed time = 59.24 sec. (157801.23 ticks, tree = 27.67 MB, solutions = 1)
   1702  1075   355370.7333   344   278125.0000   355738.8130   426591   27.91%
   1760  1124   342073.4475   412   278125.0000   355738.8130   443708   27.91%
   1802  1156   353991.0056   267   278125.0000   355724.4759   461184   27.90%
   1834  1178    infeasible         278125.0000   355702.2364   479935   27.89%
   1880  1216   350912.7674   234   278125.0000   355660.3730   498597   27.88%
   1928  1250   351234.4525   479   278125.0000   355638.3634   515945   27.87%
   2009  1320   347302.8649   333   278125.0000   355631.0000   534733   27.87%
   2062  1357   354715.8151   257   278125.0000   355598.5661   552259   27.86%
   2108  1387   354713.4098   244   278125.0000   355494.8000   569468   27.82%
   2160  1439   341676.0640   386   278125.0000   355494.8000   588521   27.82%
Elapsed time = 74.73 sec. (196702.95 ticks, tree = 45.66 MB, solutions = 1)
   2252  1523   348234.4587   391   278125.0000   355470.7666   606474   27.81%
   2285  1544    infeasible         278125.0000   355443.6965   624873   27.80%
   2338  1587   354862.8782   232   278125.0000   355418.2715   642067   27.79%
   2408  1653   334638.8814   502   278125.0000   355411.7307   659675   27.79%
   2484  1716   351964.8357   372   278125.0000   355389.8673   677624   27.78%
   2544  1761        cutoff         278125.0000   355387.4645   700243   27.78%
   2638  1845   350992.4792   294   278125.0000   355359.5730   714891   27.77%
   2708  1906   349415.9146   327   278125.0000   355351.8249   733824   27.77%
   2752  1937   351660.3817   348   278125.0000   355335.6648   752739   27.76%
   2831  2010   352155.2953   583   278125.0000   355335.2337   769331   27.76%
Elapsed time = 90.90 sec. (236052.70 ticks, tree = 70.42 MB, solutions = 1)
   2934  2101   354013.4305   592   278125.0000   355326.2647   785669   27.76%
   2994  2151   352042.1287   316   278125.0000   355325.3362   804201   27.76%
   3095  2232   352364.2311   343   278125.0000   355313.0174   823674   27.75%
   3152  2273   354953.9390   291   278125.0000   355307.2222   842478   27.75%
   3205  2323   333965.4710   394   278125.0000   355307.2222   861207   27.75%
   3261  2367   353666.1815   368   278125.0000   355299.7500   878827   27.75%
   3349  2445   349589.9331   310   278125.0000   355298.3289   898226   27.75%
   3397  2481   354223.8714   253   278125.0000   355253.8548   916967   27.73%
   3465  2539   349263.2970   528   278125.0000   355243.7541   935008   27.73%
   3540  2602   351762.7087   457   278125.0000   355225.0016   954202   27.72%
Elapsed time = 105.33 sec. (274745.01 ticks, tree = 98.87 MB, solutions = 1)
   3611  2660   354672.2732   480   278125.0000   355217.2756   971163   27.72%
   3681  2714   352616.1416   424   278125.0000   355207.5000   990185   27.72%
   3779  2800   352000.9957   325   278125.0000   355201.0000  1010032   27.71%
*  3881+ 2893                       281872.0000   355188.5814            26.01%
   3910  2919   349566.3339   292   281872.0000   355174.2049  1029259   26.01%
   3970  2967   352055.5676   306   281872.0000   355166.9630  1049066   26.00%
*  3981+ 2970                       281914.0000   355162.6765            25.98%
   4031  3008    infeasible         281914.0000   355158.4865  1067917   25.98%
   4080  3049   353357.2031   262   281914.0000   355143.0000  1086631   25.98%

Clique cuts applied:  9
Cover cuts applied:  9
Implied bound cuts applied:  90
Flow cuts applied:  12
Mixed integer rounding cuts applied:  224
Zero-half cuts applied:  172
Gomory fractional cuts applied:  30

Root node processing (before b&c):
  Real time             =    0.31 sec. (687.57 ticks)
Sequential b&c:
  Real time             =  115.69 sec. (302469.96 ticks)
                          ------------
Total (root+branch&cut) =  116.00 sec. (303157.53 ticks)
[CPLEX] Status: time limit exceeded
[CPLEX] OPTIMAL OBJ: 281914.0
[CPLEX] Runtime: 116.013 sec
Vehicle 0: d → 1 → 22 → 27 → 3 → 10 → 7 → 8 → 21 → 14 → 28 → 4 → 19 → 26 → 23 → 25 → 15 → 0 → 11 → 29 → d, (requests = [0, 1, 6, 8, 24, 36, 39, 48])
Vehicle 1: d → 5 → 2 → 22 → 27 → 17 → 21 → 14 → 28 → 24 → 4 → 19 → 26 → 13 → 25 → 29 → 15 → 6 → 12 → 20 → 18 → d, (requests = [2, 4, 14, 19, 21, 25, 28, 30])
Vehicle 2: d → 16 → 18 → 30 → 20 → 12 → 6 → 25 → 23 → 19 → 4 → 28 → 14 → 21 → 8 → 17 → d, (requests = [5, 11, 12, 35, 44, 46])
Vehicle 3: d → 24 → 4 → 19 → 23 → 25 → 15 → 11 → d, (requests = [15, 40])
Vehicle 4: d → 11 → 0 → 12 → 6 → 25 → 13 → 26 → 19 → 4 → 24 → 9 → 14 → 21 → 17 → 7 → 10 → 27 → 22 → 2 → d, (requests = [7, 16, 18, 22, 23, 32])
Vehicle 5: d → 22 → 27 → 3 → 7 → 21 → 14 → 9 → 24 → 4 → 19 → 23 → 25 → 6 → 12 → 20 → 18 → 16 → d, (requests = [3, 9, 10, 13, 17])
Vehicle 6: d → 30 → 20 → 12 → 6 → 25 → 23 → 19 → 4 → 28 → 14 → 21 → 7 → 27 → 22 → 1 → 5 → d, (requests = [20, 26, 31, 34, 37, 45])
Vehicle 7: d → 3 → 7 → 8 → 21 → 14 → 28 → 4 → 19 → 23 → 25 → 29 → 11 → 0 → 6 → 12 → d, (requests = [27, 33, 41, 43, 49])
Vehicle 8: d → 13 → 23 → 26 → 19 → 4 → 24 → 9 → 14 → 21 → 7 → 3 → d, (requests = [29, 47])
======== PPDSP OBJECTIVE ========
Profit    = 350168
Cost      = 68254
Objective = 281914
=================================
===== RAW XY MODEL =====
12 55 107 148 233 278 328 382 477 481 635 687 732 762 816 856 868 901 960 994 1111 1172 1187 1229 1429 1466 1501 1511 1590 1632 1659 1683 1711 1756 1797 1854 1870 1906 1945 1968 2022 2353 2414 2470 2587 2666 2727 2772 2803 2809 2849 2877 2952 3020 3107 3177 3205 3463 3699 3807 3947 4077 4088 4131 4332 4457 4540 4597 4662 4679 4747 4792 4797 4835 4887 4914 4996 5057 5134 5151 5222 5258 5296 5331 5448 5689 5733 5790 5831 5898 5990 6043 6129 6178 6217 6244 6272 6317 6347 6358 6392 6453 6600 6776 6895 6930 6956 6990 7129 7208 7351 7391 7418 7444 7494 7562 7625 7649 7719 7761 7910 8007 8051 8108 8136 8181 8256 8319 8380 8535 8590 8665 8733 8804 8843 8899 9208 9233 9308 9383 9520 9550 9693 9760 9843 9858 9932 10086 2049 2051 2054 6613 2184 3226 2187 5476 2191 6619 6620 3297 3300 6623 3305 4355 5485 6627 5487 4426 7783 4434 5491 5492 5556 5562 7789 8955 5577 10134 6704 7794 6719 8961 7797 6735 7862 7875 7883 7893 8969 9048 9051 9063 9067 10152 10216 10232
  [Time Manager] Step 55 consumed 116.02s. Total Consumed: 2952.93s.
  [Info] Saved 10233 core assumption literals to p1_A-n32-k5_r50v9k3.lp.asm

[56/60] Building & Solving: R=51, V=9, K=3
Default row names c1, c2 ... being created.
  [Info] Generating MIP Formulation...
  [Time Manager] Global Remaining Budget: 647.07s | Future Weight Sum: 7263.0
  [Time Manager] Recalibrated Budget for this step: 117.87s
[CPLEX] Setting time limit to 117 seconds
[CPLEX] Reading assumption from p1_A-n32-k5_r50v9k3.lp.asm ...
[CPLEX] Applying MIP Start with 9666 variables.
Version identifier: 22.1.1.0 | 2022-11-28 | 9160aff4d
CPXPARAM_Read_DataCheck                          1
CPXPARAM_Threads                                 1
CPXPARAM_TimeLimit                               117
1 of 1 MIP starts provided solutions.
MIP start 'm1' defined initial solution with objective 281914.0000.
Tried aggregator 1 time.
MIP Presolve eliminated 18 rows and 7677 columns.
MIP Presolve modified 5052 coefficients.
Reduced MIP has 5514 rows, 2565 columns, and 29358 nonzeros.
Reduced MIP has 2007 binaries, 558 generals, 0 SOSs, and 0 indicators.
Presolve time = 0.01 sec. (17.14 ticks)
Probing time = 0.00 sec. (3.24 ticks)
Tried aggregator 1 time.
Detecting symmetries...
Reduced MIP has 5514 rows, 2565 columns, and 29358 nonzeros.
Reduced MIP has 2007 binaries, 558 generals, 0 SOSs, and 0 indicators.
Presolve time = 0.01 sec. (19.28 ticks)
Probing time = 0.00 sec. (3.01 ticks)
Clique table members: 1032.
MIP emphasis: balance optimality and feasibility.
MIP search method: dynamic search.
Parallel mode: none, using 1 thread.
Root relaxation solution time = 0.03 sec. (50.66 ticks)

        Nodes                                         Cuts/
   Node  Left     Objective  IInf  Best Integer    Best Bound    ItCnt     Gap

*     0+    0                       281914.0000  3364263.0000              --- 
      0     0   367319.0000   167   281914.0000   367319.0000     1277   30.29%
      0     0   367319.0000   195   281914.0000     Cuts: 220     1359   30.29%
      0     0   367319.0000   226   281914.0000     Cuts: 137     1396   30.29%
      0     2   367319.0000   226   281914.0000   367319.0000     1396   30.29%
Elapsed time = 0.33 sec. (773.40 ticks, tree = 0.01 MB, solutions = 1)
      2     4   366599.0000   164   281914.0000   367153.9283     3311   30.24%
      5     7   366542.5891   317   281914.0000   367153.9283     6611   30.24%
      7     9   366402.8780   241   281914.0000   367153.9283     8436   30.24%
     10    12   365668.2748   192   281914.0000   367153.9283     9644   30.24%
     16    18   365189.0594   223   281914.0000   367153.9283    11606   30.24%
     21    23   364733.1717   318   281914.0000   367153.9283    13477   30.24%
     30    32   364367.9538   216   281914.0000   367153.9283    15019   30.24%
     62    60   362727.7524   162   281914.0000   367153.9283    16457   30.24%
    106    88   367097.9291   267   281914.0000   367153.2494    18157   30.24%
    130   112   365975.6546   226   281914.0000   367153.2494    23029   30.24%
Elapsed time = 1.77 sec. (4328.90 ticks, tree = 4.32 MB, solutions = 1)
    205   178   364303.5784   211   281914.0000   367009.1040    27077   30.18%
    292   234   366558.2776   244   281914.0000   366907.3595    31985   30.15%
    336   271   365822.8412   276   281914.0000   366780.9252    37289   30.10%
    406   335   365611.4739   319   281914.0000   366757.8797    42298   30.10%
    499   411   364389.9620   149   281914.0000   366757.8797    47519   30.10%
    581   469   365746.7421   291   281914.0000   366732.1809    52524   30.09%
    625   504   366126.3179   261   281914.0000   366727.7599    57608   30.08%
    664   541   364875.9638   176   281914.0000   366727.7599    61560   30.08%
    721   591   366380.5722   174   281914.0000   366711.8626    65564   30.08%
    764   628   362884.3172   182   281914.0000   366705.7422    70195   30.08%
Elapsed time = 5.50 sec. (14068.00 ticks, tree = 14.08 MB, solutions = 1)
    809   661   365864.7468   342   281914.0000   366700.7635    74316   30.08%
    864   708   365508.3243   233   281914.0000   366692.5881    79934   30.07%
    903   747   363376.6109   189   281914.0000   366692.5881    85149   30.07%
    986   809   365951.2036   259   281914.0000   366656.1984    90245   30.06%
   1028   846   353462.5210   422   281914.0000   366656.0430    95395   30.06%

Performing restart 1

Repeating presolve.
Tried aggregator 1 time.
MIP Presolve modified 171 coefficients.
Reduced MIP has 5514 rows, 2565 columns, and 29358 nonzeros.
Reduced MIP has 2007 binaries, 558 generals, 0 SOSs, and 0 indicators.
Presolve time = 0.01 sec. (15.18 ticks)
Tried aggregator 1 time.
Reduced MIP has 5514 rows, 2565 columns, and 29358 nonzeros.
Reduced MIP has 2007 binaries, 558 generals, 0 SOSs, and 0 indicators.
Presolve time = 0.01 sec. (20.36 ticks)
Represolve time = 0.03 sec. (49.41 ticks)
   1036     0   367319.0000   231   281914.0000     Cuts: 107    97929   30.06%
   1036     0   367319.0000   234   281914.0000      Cuts: 67    97948   30.06%
   1036     0   367319.0000   229   281914.0000      Cuts: 98    97961   30.06%
   1036     0   367262.7083   257   281914.0000      Cuts: 91    98233   30.06%
   1036     0   367245.0000   229   281914.0000      Cuts: 94    98268   30.06%
   1036     0   367070.5045   276   281914.0000      Cuts: 58    98616   30.06%
   1036     0   366944.8054   251   281914.0000     Cuts: 168    98874   30.06%
   1036     0   366770.4235   275   281914.0000      Cuts: 88    99190   30.06%
   1036     0   366694.6630   354   281914.0000      Cuts: 31    99581   30.06%
   1036     0   366655.8750   254   281914.0000     Cuts: 124    99817   30.06%
   1036     0   366644.5000   229   281914.0000     Cuts: 131    99863   30.06%
   1036     0   366599.0000   193   281914.0000      Cuts: 77   100020   30.04%
   1036     0   366599.0000   209   281914.0000     Cuts: 161   100077   30.04%
   1036     2   366599.0000   209   281914.0000   366599.0000   100077   30.04%
   1037     3   366349.6000   257   281914.0000   366599.0000   101326   30.04%
   1039     5   366003.1559   228   281914.0000   366349.4926   102683   29.95%
   1041     7   365889.9113   226   281914.0000   366349.4926   103728   29.95%
   1043     9   365594.5038   237   281914.0000   366349.4926   106435   29.95%
Elapsed time = 12.17 sec. (31173.58 ticks, tree = 0.11 MB, solutions = 1)
   1044    10   365673.2719   714   281914.0000   366349.4926   108300   29.95%
   1047    11   363791.4679   419   281914.0000   366349.4926   113498   29.95%
   1049    13   365086.6703   305   281914.0000   366349.4926   115243   29.95%
   1051    15   364671.8193   359   281914.0000   366349.4926   118268   29.95%
   1053    17   362461.9445   265   281914.0000   366349.4926   119647   29.95%
   1056    20   364434.1779   461   281914.0000   366349.4926   121838   29.95%
   1059    23   364162.3199   348   281914.0000   366349.4926   125480   29.95%
   1061    25   363302.2955   322   281914.0000   366349.4926   127847   29.95%
   1065    28   361074.9864   313   281914.0000   366349.4926   130772   29.95%
   1067    30   360295.5258   486   281914.0000   366349.4926   133796   29.95%
Elapsed time = 17.22 sec. (45299.97 ticks, tree = 0.60 MB, solutions = 1)
   1071    30   366282.1250   276   281914.0000   366348.6931   138188   29.95%
   1072    31   366187.8333   255   281914.0000   366348.6931   139103   29.95%
   1074    33   366026.3119   369   281914.0000   366348.6931   142106   29.95%
   1076    35   365889.0590   370   281914.0000   366348.6931   143453   29.95%
   1078    37   365876.1491   296   281914.0000   366348.6931   145817   29.95%
   1081    40   365611.3138   363   281914.0000   366348.6931   147162   29.95%
   1084    41   364675.2191   267   281914.0000   366348.6931   147567   29.95%
   1086    41    infeasible         281914.0000   366348.6931   149098   29.95%
   1089    44   362574.6091   246   281914.0000   366348.6931   150255   29.95%
   1092    47   362062.5159   383   281914.0000   366348.6931   151083   29.95%
Elapsed time = 22.09 sec. (58248.82 ticks, tree = 1.23 MB, solutions = 1)
   1095    50   360613.0788   258   281914.0000   366348.6931   151573   29.95%
   1099    54   359771.1460   247   281914.0000   366348.6931   152092   29.95%
   1105    58   359292.0566   383   281914.0000   366348.6931   152955   29.95%
   1107    60   358666.8720   353   281914.0000   366348.6931   153690   29.95%
   1111    58   364740.7443   268   281914.0000   366272.5167   157806   29.92%
   1114    61   364561.4287   249   281914.0000   366272.5167   158541   29.92%
   1115    62   364538.8478   421   281914.0000   366272.5167   158837   29.92%
   1118    65   364452.0800   367   281914.0000   366272.5167   159422   29.92%
   1121    68   363783.0833   600   281914.0000   366272.5167   161264   29.92%
   1124    67   364686.7500   292   281914.0000   366093.0000   163814   29.86%
Elapsed time = 26.47 sec. (69782.45 ticks, tree = 1.82 MB, solutions = 1)
   1129    72   364470.8333   393   281914.0000   366093.0000   164691   29.86%
   1133    76   363696.5000   316   281914.0000   366093.0000   165804   29.86%
   1138    81   363193.4706   401   281914.0000   366093.0000   166911   29.86%
   1143    86   362979.3822   534   281914.0000   366093.0000   168230   29.86%
   1146    89   362914.3274   348   281914.0000   366093.0000   168723   29.86%
   1151    92   362485.4631   340   281914.0000   366093.0000   170156   29.86%
   1156    95   360661.1591   467   281914.0000   366093.0000   174040   29.86%
   1160    99   360643.6923   399   281914.0000   366093.0000   174435   29.86%
   1176   107   365486.4098   242   281914.0000   366093.0000   176285   29.86%
   1182   111   363820.4028   296   281914.0000   366093.0000   178865   29.86%
Elapsed time = 31.03 sec. (82229.56 ticks, tree = 2.67 MB, solutions = 1)
   1189   118   363449.3653   308   281914.0000   366093.0000   180267   29.86%
   1195   124   362992.9835   277   281914.0000   366093.0000   182080   29.86%
   1202   131   362436.6939   364   281914.0000   366093.0000   183992   29.86%
   1208   133   365707.9124   214   281914.0000   366025.6283   185482   29.84%
   1214   139   365453.2758   210   281914.0000   366025.6283   187063   29.84%
   1226   151   364841.2104   305   281914.0000   366025.6283   189646   29.84%
   1237   162   364763.9617   469   281914.0000   366025.6283   191825   29.84%
   1247   172   364685.9413   626   281914.0000   366025.6283   194964   29.84%
   1253   178   363892.5393   237   281914.0000   366025.6283   197866   29.84%
   1263   187   361568.9273   371   281914.0000   366025.6283   199545   29.84%
Elapsed time = 34.73 sec. (92825.16 ticks, tree = 6.31 MB, solutions = 1)
   1270   194   360878.2889   422   281914.0000   366025.6283   203128   29.84%
   1284   207   356924.4348   354   281914.0000   366025.6283   205819   29.84%
   1297   220   355327.5625   342   281914.0000   366025.6283   208844   29.84%
   1303   226   351630.6665   415   281914.0000   366025.6283   210715   29.84%
   1313   236   350352.4393   468   281914.0000   366025.6283   213624   29.84%
   1322   241   365422.2352   376   281914.0000   365889.0590   215593   29.79%
   1332   251   364502.6546   217   281914.0000   365889.0590   217664   29.79%
   1337   256   364147.9386   202   281914.0000   365889.0590   219121   29.79%
   1350   265   362881.9866   221   281914.0000   365884.5337   222960   29.79%
   1361   276   361690.5492   188   281914.0000   365884.5337   226352   29.79%
Elapsed time = 38.49 sec. (103218.61 ticks, tree = 9.98 MB, solutions = 1)
   1378   289   365803.3448   216   281914.0000   365877.6275   230545   29.78%
   1389   298   361756.2500   492   281914.0000   365877.6275   234234   29.78%
   1400   309   361171.2500   484   281914.0000   365877.6275   238017   29.78%
   1416   325   360788.0000   323   281914.0000   365877.6275   240461   29.78%
   1428   337   360429.7500   360   281914.0000   365877.6275   243341   29.78%
   1443   352   359443.3381   410   281914.0000   365877.6275   245988   29.78%
   1460   367   356926.4370   428   281914.0000   365877.6275   250358   29.78%
   1469   372   363665.8123   352   281914.0000   365874.6129   254024   29.78%
   1477   376    infeasible         281914.0000   365874.6129   260014   29.78%
   1520   411   363006.2504   345   281914.0000   365802.2915   275200   29.76%
Elapsed time = 43.15 sec. (116225.82 ticks, tree = 12.29 MB, solutions = 1)
   1563   438   362553.9383   289   281914.0000   365782.0000   291832   29.75%
   1601   466   364993.7500   526   281914.0000   365774.3783   309949   29.75%
   1629   494   360978.5407   763   281914.0000   365774.3783   323720   29.75%
   1676   533   361779.0147   493   281914.0000   365750.3416   337504   29.74%
   1738   589   360219.8070   397   281914.0000   365723.6993   350729   29.73%
   1770   617   360420.1844   654   281914.0000   365720.7483   369025   29.73%
   1847   689   364637.5748   617   281914.0000   365702.3835   385945   29.72%
   1917   745   363563.9315   277   281914.0000   365696.6376   403668   29.72%
   1972   794   363566.4671   437   281914.0000   365693.8081   418570   29.72%
   2027   840    infeasible         281914.0000   365677.1429   436570   29.71%
Elapsed time = 57.05 sec. (155505.84 ticks, tree = 32.95 MB, solutions = 1)
   2068   881   361460.0286   571   281914.0000   365676.1032   452969   29.71%
   2108   914   362562.5472   486   281914.0000   365654.5337   469986   29.70%
   2172   972   364792.5475   250   281914.0000   365652.4408   486248   29.70%
   2230  1023   356347.0498   323   281914.0000   365648.0000   503255   29.70%
   2328  1103   363852.7351   276   281914.0000   365589.4475   521769   29.68%
   2394  1155   361137.0473   237   281914.0000   365570.8000   538768   29.67%
   2429  1178   364714.7803   336   281914.0000   365561.1507   556526   29.67%
   2496  1243    infeasible         281914.0000   365561.1507   571685   29.67%
   2603  1337   356741.7616   544   281914.0000   365560.7769   587941   29.67%
   2671  1397   353375.1812   313   281914.0000   365519.9880   606400   29.66%
Elapsed time = 70.82 sec. (194146.59 ticks, tree = 56.83 MB, solutions = 1)
   2820  1544   337761.1762   311   281914.0000   365519.9880   624420   29.66%
   2902  1610   364145.7174   363   281914.0000   365512.1636   642280   29.65%
   2948  1650   361350.6854   260   281914.0000   365487.1980   661946   29.64%
   3010  1701   360228.3218   320   281914.0000   365484.1940   681985   29.64%
   3050  1727   360887.6371   413   281914.0000   365474.8631   700825   29.64%
   3111  1777   361008.6472   245   281914.0000   365466.5470   717510   29.64%
   3179  1833   362786.1754   272   281914.0000   365462.9372   734901   29.64%
   3279  1918   360249.1257   335   281914.0000   365457.1283   753027   29.63%
   3332  1955   359829.6452   616   281914.0000   365454.6296   772576   29.63%
   3369  1984   361543.5585   367   281914.0000   365444.9865   789953   29.63%
Elapsed time = 84.74 sec. (232788.35 ticks, tree = 85.04 MB, solutions = 1)
   3437  2032   364664.9164   397   281914.0000   365436.2667   805931   29.63%
   3490  2081   361371.1850   680   281914.0000   365435.1027   823868   29.63%
   3562  2142   363868.4310   201   281914.0000   365430.0432   840805   29.62%
   3611  2183   363082.2697   379   281914.0000   365429.8013   860131   29.62%
   3683  2247   364767.1756   405   281914.0000   365420.1817   878504   29.62%
   3728  2287   358384.5799   388   281914.0000   365413.5157   895800   29.62%
   3780  2327   364990.8573   414   281914.0000   365403.4148   914700   29.62%
   3832  2366   364635.4675   303   281914.0000   365389.8323   932752   29.61%
   3920  2439   361011.1059   222   281914.0000   365377.5075   950783   29.61%
   3984  2489   363733.4204   341   281914.0000   365364.6480   967939   29.60%
Elapsed time = 98.48 sec. (271594.00 ticks, tree = 109.37 MB, solutions = 1)
   4031  2528   359524.6925   394   281914.0000   365358.8689   987472   29.60%
   4141  2632   355330.5865   348   281914.0000   365357.5022  1007378   29.60%
   4226  2703   364225.2127   715   281914.0000   365356.5000  1025837   29.60%
   4291  2750   362657.8244   256   281914.0000   365343.7683  1044146   29.59%
   4377  2831   347201.0405   236   281914.0000   365339.5257  1062352   29.59%
   4450  2888   365025.5073   267   281914.0000   365302.9555  1079877   29.58%
   4494  2925   365240.9185   464   281914.0000   365291.4623  1096694   29.58%
   4561  2973    infeasible         281914.0000   365290.5000  1116034   29.58%
   4614  3014   364691.7500   236   281914.0000   365283.5799  1133299   29.57%
   4671  3067   355771.9306   265   281914.0000   365283.2271  1151180   29.57%
Elapsed time = 112.51 sec. (310284.45 ticks, tree = 133.83 MB, solutions = 1)
*  4736+ 3114                       281919.0000   365278.4685            29.57%
   4754  3134   362392.6346   395   281919.0000   365278.4685  1168735   29.57%
   4790  3154    infeasible         281919.0000   365258.5970  1188777   29.56%
   4846  3198   358298.9428   355   281919.0000   365248.5256  1206315   29.56%

Clique cuts applied:  8
Cover cuts applied:  16
Implied bound cuts applied:  120
Flow cuts applied:  10
Mixed integer rounding cuts applied:  141
Zero-half cuts applied:  284
Lift and project cuts applied:  1
Gomory fractional cuts applied:  12

Root node processing (before b&c):
  Real time             =    0.33 sec. (773.73 ticks)
Sequential b&c:
  Real time             =  116.67 sec. (321907.85 ticks)
                          ------------
Total (root+branch&cut) =  117.00 sec. (322681.58 ticks)
[CPLEX] Status: time limit exceeded
[CPLEX] OPTIMAL OBJ: 281919.0
[CPLEX] Runtime: 117.013 sec
Vehicle 0: d → 1 → 22 → 27 → 3 → 10 → 7 → 8 → 21 → 14 → 28 → 4 → 19 → 23 → 25 → 15 → 0 → 11 → 29 → d, (requests = [0, 1, 6, 8, 24, 36, 39, 48])
Vehicle 1: d → 5 → 2 → 22 → 27 → 17 → 21 → 14 → 28 → 24 → 4 → 19 → 26 → 13 → 25 → 29 → 15 → 6 → 12 → 20 → 18 → d, (requests = [2, 4, 14, 19, 21, 25, 28, 30])
Vehicle 2: d → 16 → 18 → 30 → 20 → 12 → 6 → 25 → 23 → 19 → 4 → 28 → 14 → 21 → 8 → 17 → d, (requests = [5, 11, 12, 35, 44, 46])
Vehicle 3: d → 24 → 4 → 19 → 23 → 25 → 15 → 11 → d, (requests = [15, 40])
Vehicle 4: d → 11 → 0 → 12 → 6 → 25 → 13 → 26 → 19 → 4 → 24 → 9 → 14 → 21 → 17 → 7 → 10 → 27 → 22 → 2 → d, (requests = [7, 16, 18, 22, 23, 32])
Vehicle 5: d → 22 → 27 → 3 → 7 → 21 → 14 → 9 → 24 → 4 → 19 → 23 → 25 → 6 → 12 → 20 → 18 → 16 → d, (requests = [3, 9, 10, 13, 17])
Vehicle 6: d → 30 → 20 → 12 → 6 → 25 → 23 → 19 → 4 → 28 → 14 → 21 → 7 → 27 → 22 → 1 → 5 → d, (requests = [20, 26, 31, 34, 37, 45])
Vehicle 7: d → 3 → 7 → 8 → 21 → 14 → 28 → 4 → 19 → 23 → 25 → 29 → 11 → 0 → 6 → 12 → d, (requests = [27, 33, 41, 43, 49])
Vehicle 8: d → 13 → 23 → 26 → 19 → 4 → 24 → 9 → 14 → 21 → 7 → 3 → d, (requests = [29, 47])
======== PPDSP OBJECTIVE ========
Profit    = 350168
Cost      = 68249
Objective = 281919
=================================
===== RAW XY MODEL =====
12 55 107 148 233 278 328 382 477 481 632 687 732 762 816 868 901 960 994 1111 1172 1187 1229 1429 1466 1501 1511 1590 1632 1659 1683 1711 1756 1797 1854 1870 1906 1945 1968 2022 2353 2414 2470 2587 2666 2727 2772 2803 2809 2849 2877 2952 3020 3107 3177 3205 3463 3699 3807 3947 4077 4088 4131 4332 4457 4540 4597 4662 4679 4747 4792 4797 4835 4887 4914 4996 5057 5134 5151 5222 5258 5296 5331 5448 5689 5733 5790 5831 5898 5990 6043 6129 6178 6217 6244 6272 6317 6347 6358 6392 6453 6600 6776 6895 6930 6956 6990 7129 7208 7351 7391 7418 7444 7494 7562 7625 7649 7719 7761 7910 8007 8051 8108 8136 8181 8256 8319 8380 8535 8590 8665 8733 8804 8843 8899 9208 9233 9308 9383 9520 9550 9693 9760 9843 9858 9932 10086 2049 2051 2054 6613 2184 3226 2187 5476 2191 6619 6620 3297 3300 6623 3305 4355 5485 6627 5487 4426 7783 4434 5491 5492 5556 5562 7789 8955 5577 10134 6704 7794 6719 8961 7797 6735 7862 7875 7883 7893 8969 9048 9051 9063 9067 10152 10216 10232
  [Time Manager] Step 56 consumed 117.02s. Total Consumed: 3069.95s.
  [Info] Saved 10242 core assumption literals to p1_A-n32-k5_r51v9k3.lp.asm

[57/60] Building & Solving: R=52, V=9, K=3
Default row names c1, c2 ... being created.
  [Info] Generating MIP Formulation...
  [Time Manager] Global Remaining Budget: 530.05s | Future Weight Sum: 5940.0
  [Time Manager] Recalibrated Budget for this step: 118.86s
[CPLEX] Setting time limit to 118 seconds
[CPLEX] Reading assumption from p1_A-n32-k5_r51v9k3.lp.asm ...
[CPLEX] Applying MIP Start with 9675 variables.
Version identifier: 22.1.1.0 | 2022-11-28 | 9160aff4d
CPXPARAM_Read_DataCheck                          1
CPXPARAM_Threads                                 1
CPXPARAM_TimeLimit                               118
1 of 1 MIP starts provided solutions.
MIP start 'm1' defined initial solution with objective 287357.0000.
Tried aggregator 1 time.
MIP Presolve eliminated 9 rows and 7677 columns.
MIP Presolve modified 5046 coefficients.
Reduced MIP has 5551 rows, 2574 columns, and 29763 nonzeros.
Reduced MIP has 2016 binaries, 558 generals, 0 SOSs, and 0 indicators.
Presolve time = 0.01 sec. (17.53 ticks)
Probing time = 0.00 sec. (3.26 ticks)
Tried aggregator 1 time.
Detecting symmetries...
Reduced MIP has 5551 rows, 2574 columns, and 29763 nonzeros.
Reduced MIP has 2016 binaries, 558 generals, 0 SOSs, and 0 indicators.
Presolve time = 0.01 sec. (19.50 ticks)
Probing time = 0.00 sec. (3.00 ticks)
Clique table members: 1015.
MIP emphasis: balance optimality and feasibility.
MIP search method: dynamic search.
Parallel mode: none, using 1 thread.
Root relaxation solution time = 0.02 sec. (39.27 ticks)

        Nodes                                         Cuts/
   Node  Left     Objective  IInf  Best Integer    Best Bound    ItCnt     Gap

*     0+    0                       287357.0000  3413205.0000              --- 
      0     0   372607.0000   166   287357.0000   372607.0000     1201   29.67%
      0     0   372607.0000   197   287357.0000     Cuts: 212     1271   29.67%
      0     0   372607.0000   228   287357.0000     Cuts: 134     1312   29.67%
      0     2   372607.0000   228   287357.0000   372607.0000     1312   29.67%
Elapsed time = 0.37 sec. (880.37 ticks, tree = 0.01 MB, solutions = 1)
      2     4   371870.0000   168   287357.0000   372443.8715     3055   29.61%
      5     7   371800.1514   227   287357.0000   372443.8715     5507   29.61%
      7     9   371540.5088   308   287357.0000   372443.8715     7462   29.61%
      9    11   371054.7213   314   287357.0000   372443.8715     8587   29.61%
     11    13   371299.2583   341   287357.0000   372443.8715     9198   29.61%
     13    15   371022.4046   354   287357.0000   372443.8715    11535   29.61%
     17    19   371058.6316   349   287357.0000   372443.8715    13064   29.61%
     20    22   371086.9611   223   287357.0000   372443.8715    14791   29.61%
     25    27   369838.5781   232   287357.0000   372443.8715    16798   29.61%
     67    63   371525.7970   336   287357.0000   372443.7552    25142   29.61%
Elapsed time = 2.02 sec. (4822.25 ticks, tree = 0.47 MB, solutions = 1)
     80    76   371255.9384   222   287357.0000   372443.7552    32292   29.61%
    140   131   368255.5568   149   287357.0000   372443.7552    36868   29.61%
    162   147   371676.9575   247   287357.0000   372310.7062    40644   29.56%
    207   183   371231.8697   250   287357.0000   372302.2160    45795   29.56%
    274   237   370509.0993   255   287357.0000   371994.1249    50653   29.45%
    319   272   370881.0088   284   287357.0000   371984.7508    55872   29.45%
    380   329   371316.2876   260   287357.0000   371959.7217    61596   29.44%
    488   421   371090.7374   182   287357.0000   371952.8434    66929   29.44%
    601   503   371783.6971   288   287357.0000   371896.2332    71486   29.42%
    659   553   371742.5411   424   287357.0000   371894.2146    75982   29.42%
Elapsed time = 5.84 sec. (14876.61 ticks, tree = 17.80 MB, solutions = 1)
    705   597   367821.8137   213   287357.0000   371894.2146    80966   29.42%
    756   637   371274.3887   292   287357.0000   371862.0207    86241   29.41%
    840   708   368243.4805   246   287357.0000   371849.7255    91333   29.40%
    927   778   371391.0815   337   287357.0000   371833.7043    96477   29.40%
    943   794   370448.1831   339   287357.0000   371833.7043   101666   29.40%
   1035   873   371046.7802   295   287357.0000   371828.2042   107159   29.40%

Performing restart 1

Repeating presolve.
Tried aggregator 1 time.
MIP Presolve modified 153 coefficients.
Reduced MIP has 5551 rows, 2574 columns, and 29763 nonzeros.
Reduced MIP has 2016 binaries, 558 generals, 0 SOSs, and 0 indicators.
Presolve time = 0.01 sec. (15.40 ticks)
Tried aggregator 1 time.
Reduced MIP has 5551 rows, 2574 columns, and 29763 nonzeros.
Reduced MIP has 2016 binaries, 558 generals, 0 SOSs, and 0 indicators.
Presolve time = 0.01 sec. (20.64 ticks)
Represolve time = 0.03 sec. (50.00 ticks)
   1048     0   372607.0000   227   287357.0000       Cuts: 6   110407   29.40%
   1048     0   372607.0000   230   287357.0000      Cuts: 10   110424   29.40%
   1048     0   372607.0000   232   287357.0000       Cuts: 4   110444   29.40%
   1048     0   372602.7000   241   287357.0000     Cuts: 115   110529   29.40%
   1048     0   372596.0445   357   287357.0000     Cuts: 141   110606   29.40%
   1048     2   372596.0445   357   287357.0000   371828.2042   110606   29.40%
   1049     3   372404.2544   362   287357.0000   371828.2042   111069   29.40%
   1051     5   370803.4330   359   287357.0000   371828.2042   114372   29.40%
   1053     7   371818.2682   242   287357.0000   371828.2042   115856   29.40%
Elapsed time = 11.18 sec. (28996.08 ticks, tree = 0.01 MB, solutions = 1)
   1054     8   371430.1316   346   287357.0000   371828.2042   118560   29.40%
   1057    11   371063.3170   216   287357.0000   371828.2042   121004   29.40%
   1060    14   370002.3641   350   287357.0000   371828.2042   122989   29.40%
   1062    16   369555.4775   227   287357.0000   371828.2042   126663   29.40%
   1066    18   369035.8354   215   287357.0000   371828.2042   128895   29.40%
   1069    19   368251.5333   459   287357.0000   371828.2042   131149   29.40%
   1071    21   368653.4031   247   287357.0000   371828.2042   132767   29.40%
   1073    23   368268.6018   248   287357.0000   371828.2042   133440   29.40%
   1075    25   367998.8200   330   287357.0000   371828.2042   136859   29.40%
   1078    28   367616.1230   321   287357.0000   371828.2042   138289   29.40%
Elapsed time = 15.99 sec. (42125.67 ticks, tree = 0.31 MB, solutions = 1)
   1081    31   367366.1848   363   287357.0000   371828.2042   140375   29.40%
   1085    34   366350.7261   350   287357.0000   371828.2042   140690   29.40%
   1088    37   365873.2618   309   287357.0000   371828.2042   141523   29.40%
   1093    42   365588.0004   301   287357.0000   371828.2042   142897   29.40%
   1097    46   364068.8365   288   287357.0000   371828.2042   145605   29.40%
   1100    49   364117.1483   489   287357.0000   371828.2042   146308   29.40%
   1104    53   364029.8656   396   287357.0000   371828.2042   147154   29.40%
   1107    56   363668.3531   507   287357.0000   371828.2042   147875   29.40%
   1112    61   363889.8321   472   287357.0000   371828.2042   148727   29.40%
   1119    66   363631.8692   292   287357.0000   371828.2042   149953   29.40%
Elapsed time = 20.09 sec. (52924.74 ticks, tree = 1.55 MB, solutions = 1)
   1124    67   371964.5000   296   287357.0000   371828.2042   152463   29.40%
   1127    70   371399.8095   427   287357.0000   371828.2042   154491   29.40%
   1133    76   371205.2223   330   287357.0000   371828.2042   155466   29.40%
   1139    82   369940.5430   330   287357.0000   371828.2042   157855   29.40%
   1144    85   368158.4028   407   287357.0000   371828.2042   161083   29.40%
   1149    90   367981.2531   321   287357.0000   371828.2042   163356   29.40%
   1157    94   372185.9382   215   287357.0000   371828.2042   166960   29.40%
   1168   105   370290.4859   268   287357.0000   371828.2042   170657   29.40%
   1193   130   365740.5302   212   287357.0000   371828.2042   173616   29.40%
   1208   140   370395.0260   238   287357.0000   371828.2042   176880   29.40%
Elapsed time = 24.23 sec. (64193.90 ticks, tree = 3.97 MB, solutions = 1)
   1221   146   371870.0000   192   287357.0000   371828.2042   180245   29.40%
   1235   159   368865.9500   328   287357.0000   371828.2042   182331   29.40%
   1259   180   371888.1048   229   287357.0000   371828.2042   184618   29.40%
   1272   193   370843.2556   299   287357.0000   371828.2042   188301   29.40%
   1288   206   371579.0530   296   287357.0000   371817.4089   190662   29.39%
   1298   215   368478.0635   362   287357.0000   371817.4089   192829   29.39%
   1309   225   365827.8668   428   287357.0000   371817.4089   194533   29.39%
   1317   233   364738.1665   309   287357.0000   371817.4089   196712   29.39%
   1338   250    infeasible         287357.0000   371817.4089   200605   29.39%
   1367   277   366527.9781   331   287357.0000   371815.7700   204682   29.39%
Elapsed time = 27.96 sec. (75029.25 ticks, tree = 10.19 MB, solutions = 1)
   1387   291   370838.1872   373   287357.0000   371814.8373   209132   29.39%
   1417   321   368268.6568   454   287357.0000   371814.8373   213009   29.39%
   1430   328   371522.7083   209   287357.0000   371783.5000   216737   29.38%
   1438   335   369419.3743   563   287357.0000   371783.5000   218430   29.38%
   1442   339   368872.1474   207   287357.0000   371783.5000   220224   29.38%
   1451   348   367448.2861   508   287357.0000   371783.5000   223614   29.38%
   1472   369   365601.0209   230   287357.0000   371783.5000   225795   29.38%
   1480   377   364549.5000   290   287357.0000   371783.5000   227598   29.38%
   1499   396   362134.5459   474   287357.0000   371783.5000   230607   29.38%
   1512   405   370214.3903   341   287357.0000   371706.5000   235335   29.35%
Elapsed time = 31.91 sec. (85942.25 ticks, tree = 14.06 MB, solutions = 1)
   1533   420   367200.0526   340   287357.0000   371706.5000   240309   29.35%
   1553   432   371045.5000   301   287357.0000   371681.5953   244826   29.34%
   1558   437   370791.8115   400   287357.0000   371681.5953   245960   29.34%
   1563   442   367680.1667   309   287357.0000   371681.5953   248276   29.34%
   1570   449   367224.8750   404   287357.0000   371681.5953   250257   29.34%
   1575   454   367088.5638   706   287357.0000   371681.5953   251913   29.34%
   1578   457   367043.6357   454   287357.0000   371681.5953   252598   29.34%
   1583   459    infeasible         287357.0000   371681.5953   254422   29.34%
   1598   472   369594.6307   254   287357.0000   371669.5000   258274   29.34%
   1619   489   369666.2174   353   287357.0000   371650.9167   261459   29.33%
Elapsed time = 35.69 sec. (96782.16 ticks, tree = 17.89 MB, solutions = 1)
   1628   494   371200.5000   218   287357.0000   371650.6176   265127   29.33%
   1658   522   366580.3732   449   287357.0000   371650.6176   270027   29.33%
   1673   533   371193.2535   506   287357.0000   371642.0000   274534   29.33%
   1679   538   369486.2716   609   287357.0000   371642.0000   279050   29.33%
   1686   545   368223.7384   607   287357.0000   371642.0000   283963   29.33%
   1698   553   371124.7484   229   287357.0000   371640.0563   288530   29.33%
   1715   570   370174.0623   540   287357.0000   371640.0563   292024   29.33%
   1729   581   367766.3215   690   287357.0000   371640.0563   294424   29.33%
   1735   583   370704.9488   261   287357.0000   371634.6493   297053   29.33%
   1773   621   367127.2068   460   287357.0000   371634.6493   304744   29.33%
Elapsed time = 40.40 sec. (109864.19 ticks, tree = 23.93 MB, solutions = 1)
   1822   657    infeasible         287357.0000   371631.3663   319678   29.33%
   1864   690   371122.2598   332   287357.0000   371607.0000   338905   29.32%
   1907   729   369207.4194   197   287357.0000   371604.7754   357251   29.32%
   1945   753   371268.5000   295   287357.0000   371589.8333   375273   29.31%
   2010   806   369522.0077   373   287357.0000   371579.2676   392127   29.31%
   2059   844   371066.3435   345   287357.0000   371558.0129   406517   29.30%
   2104   880    infeasible         287357.0000   371558.0129   423512   29.30%
   2180   945   370813.0400   432   287357.0000   371544.4643   438266   29.30%
   2277  1026   367742.2872   466   287357.0000   371529.5106   456808   29.29%
   2335  1069   369203.0184   570   287357.0000   371510.7778   474524   29.29%
Elapsed time = 54.07 sec. (148996.88 ticks, tree = 42.22 MB, solutions = 1)
   2404  1137   359486.3087   511   287357.0000   371510.7778   491311   29.29%
   2447  1180   350761.5229   304   287357.0000   371510.7778   505732   29.29%
   2564  1284   368270.6571   434   287357.0000   371498.8033   520550   29.28%
   2622  1336    infeasible         287357.0000   371498.8033   537072   29.28%
   2700  1398   369698.7528   385   287357.0000   371488.4275   554080   29.28%
   2756  1444   368284.5152   414   287357.0000   371482.3430   571904   29.28%
   2827  1499   367641.5906   449   287357.0000   371468.1124   590349   29.27%
   2903  1569   368674.0000   465   287357.0000   371467.5000   609731   29.27%
   2997  1663   353177.0260   300   287357.0000   371467.5000   626221   29.27%
   3105  1762   366887.5642   272   287357.0000   371447.5624   640772   29.26%
Elapsed time = 67.69 sec. (187534.87 ticks, tree = 73.01 MB, solutions = 1)
   3168  1812    infeasible         287357.0000   371430.0784   659054   29.26%
   3271  1911   370371.0956   349   287357.0000   371424.2523   676913   29.26%
   3377  2008   371188.6249   509   287357.0000   371418.4018   695955   29.25%
   3443  2071   369278.3065   311   287357.0000   371418.2158   714127   29.25%
   3528  2149   353934.8215   362   287357.0000   371418.2158   731769   29.25%
   3788  2404   315830.7150   209   287357.0000   371418.2158   747558   29.25%
   3920  2522   368053.8702   376   287357.0000   371399.8095   765931   29.25%
   4001  2597   368308.4201   318   287357.0000   371396.3054   784764   29.25%
   4077  2659   367646.6541   426   287357.0000   371365.5051   803717   29.23%
   4159  2729    infeasible         287357.0000   371365.4749   822890   29.23%
Elapsed time = 81.70 sec. (226474.47 ticks, tree = 102.70 MB, solutions = 1)
   4236  2794   370206.8118   430   287357.0000   371362.1869   840404   29.23%
   4337  2895   362518.5443   364   287357.0000   371362.1869   856841   29.23%
   4554  3100   369884.1517   266   287357.0000   371358.0698   871227   29.23%
   4644  3184   367030.4572   539   287357.0000   371356.5635   889511   29.23%
   4700  3230   365748.2440   241   287357.0000   371352.0921   909125   29.23%
   4751  3273   369769.6987   471   287357.0000   371347.7216   926741   29.23%
   4832  3338   365593.2206   348   287357.0000   371345.6201   945675   29.23%
   4873  3362   368513.9703   469   287357.0000   371342.1464   964970   29.23%
   4926  3405   369008.7278   494   287357.0000   371326.1553   984271   29.22%
   4968  3431   369601.2048   415   287357.0000   371317.7949  1003247   29.22%
Elapsed time = 95.21 sec. (265155.43 ticks, tree = 132.48 MB, solutions = 1)
   5039  3482   370675.9537   236   287357.0000   371307.6129  1022621   29.21%
   5143  3576   368190.1393   239   287357.0000   371279.8492  1040309   29.21%
   5231  3648   369795.7500   243   287357.0000   371276.7500  1060134   29.20%
   5300  3699   370988.3527   429   287357.0000   371266.6129  1080203   29.20%
   5369  3766   364034.6941   573   287357.0000   371266.6129  1096170   29.20%
   5461  3850   364925.8549   301   287357.0000   371265.1838  1113562   29.20%
   5605  3994   333837.7531   244   287357.0000   371265.1838  1133151   29.20%
   5810  4194   368845.7892   364   287357.0000   371258.6566  1152163   29.20%
   5908  4278   354006.2785   444   287357.0000   371258.6566  1167443   29.20%
   6005  4359   370486.4164   254   287357.0000   371251.3841  1185440   29.20%
Elapsed time = 109.05 sec. (304047.43 ticks, tree = 171.31 MB, solutions = 1)
   6075  4416   363920.8082   364   287357.0000   371242.8784  1204686   29.19%
   6172  4505   367310.2372   264   287357.0000   371235.1720  1223714   29.19%
*  6248+ 4579                       287909.0000   371235.1720            28.94%
   6346  4673   365853.0091   412   287909.0000   371233.4462  1240757   28.94%
   6406  4727   363308.2682   384   287909.0000   371233.4200  1259498   28.94%
*  6448+ 4765                       288169.0000   371233.4200            28.82%
   6508  4821   364422.7984   299   288169.0000   371233.0129  1277963   28.82%
*  6548+ 4843                       292397.0000   371233.0129            26.96%
*  6548+ 4843                       292621.0000   371233.0129            26.86%
*  6548+ 4843                       292622.0000   371233.0129            26.86%
   6621  4910   370744.6896   343   292622.0000   371224.7442  1295703   26.86%

Clique cuts applied:  17
Cover cuts applied:  5
Implied bound cuts applied:  34
Flow cuts applied:  8
Mixed integer rounding cuts applied:  84
Zero-half cuts applied:  11
Gomory fractional cuts applied:  7

Root node processing (before b&c):
  Real time             =    0.37 sec. (880.96 ticks)
Sequential b&c:
  Real time             =  117.63 sec. (327997.81 ticks)
                          ------------
Total (root+branch&cut) =  118.00 sec. (328878.77 ticks)
[CPLEX] Status: time limit exceeded
[CPLEX] OPTIMAL OBJ: 292622.0
[CPLEX] Runtime: 118.013 sec
Vehicle 0: d → 1 → 22 → 27 → 3 → 10 → 7 → 8 → 21 → 14 → 28 → 4 → 19 → 23 → 25 → 15 → 0 → 11 → 29 → d, (requests = [1, 6, 8, 24, 36, 39, 43, 48, 49])
Vehicle 1: d → 2 → 22 → 27 → 17 → 8 → 21 → 14 → 28 → 24 → 4 → 19 → 26 → 13 → 25 → 29 → 15 → 6 → 12 → 20 → 18 → d, (requests = [0, 2, 4, 19, 25, 28, 30, 50])
Vehicle 2: d → 16 → 18 → 30 → 20 → 12 → 6 → 25 → 23 → 19 → 4 → 28 → 14 → 21 → 8 → 17 → d, (requests = [5, 11, 12, 35, 44, 46])
Vehicle 3: d → 24 → 4 → 19 → 23 → 25 → 15 → 11 → d, (requests = [15, 40])
Vehicle 4: d → 11 → 0 → 12 → 6 → 25 → 13 → 26 → 19 → 4 → 24 → 9 → 14 → 21 → 17 → 7 → 10 → 27 → 22 → 2 → d, (requests = [7, 16, 18, 22, 23, 32, 51])
Vehicle 5: d → 22 → 27 → 3 → 7 → 21 → 14 → 9 → 24 → 4 → 19 → 23 → 25 → 6 → 12 → 20 → 18 → 16 → d, (requests = [3, 9, 10, 13, 17])
Vehicle 6: d → 30 → 20 → 12 → 6 → 25 → 23 → 19 → 4 → 28 → 14 → 21 → 7 → 27 → 22 → 1 → 5 → d, (requests = [20, 26, 31, 34, 37, 45])
Vehicle 7: d → 3 → 7 → 8 → 21 → 14 → 28 → 4 → 19 → 23 → 25 → 6 → 12 → d, (requests = [14, 27, 33, 41])
Vehicle 8: d → 13 → 23 → 26 → 19 → 4 → 28 → 14 → 21 → 7 → 3 → d, (requests = [29, 47])
======== PPDSP OBJECTIVE ========
Profit    = 360169
Cost      = 67547
Objective = 292622
=================================
===== RAW XY MODEL =====
12 55 107 148 233 278 328 382 477 481 632 687 732 762 816 868 901 960 994 1111 1172 1229 1302 1429 1466 1501 1511 1577 1632 1659 1683 1711 1756 1797 1854 1870 1906 1945 1968 2019 2353 2414 2470 2587 2666 2727 2772 2803 2809 2849 2877 2952 3020 3107 3177 3205 3463 3699 3807 3947 4077 4088 4131 4332 4457 4540 4597 4662 4679 4747 4792 4797 4835 4887 4914 4996 5057 5134 5151 5222 5258 5296 5331 5448 5689 5733 5790 5831 5898 5990 6043 6129 6178 6217 6244 6272 6317 6347 6358 6392 6453 6600 6776 6895 6930 6956 6990 7129 7208 7351 7391 7418 7444 7494 7562 7625 7649 7719 7761 8007 8051 8108 8136 8181 8319 8380 8535 8590 8665 8710 8804 8899 9208 9237 9308 9520 9550 9693 9760 9843 9932 9991 10086 2050 2051 2054 6613 2184 3226 2187 5476 2191 6619 6620 3297 3300 6623 8942 4355 5485 6627 5487 4426 7783 5491 5492 5556 5562 7789 8955 5577 10134 6704 7794 6719 8961 7797 6735 7862 7875 7883 7893 8969 9041 9051 9063 9067 10152 10216 10225 10235 10247
  [Time Manager] Step 57 consumed 118.02s. Total Consumed: 3187.97s.
  [Info] Saved 10251 core assumption literals to p1_A-n32-k5_r52v9k3.lp.asm

[58/60] Building & Solving: R=53, V=9, K=3
Default row names c1, c2 ... being created.
  [Info] Generating MIP Formulation...
  [Time Manager] Global Remaining Budget: 412.03s | Future Weight Sum: 4608.0
  [Time Manager] Recalibrated Budget for this step: 119.91s
[CPLEX] Setting time limit to 119 seconds
[CPLEX] Reading assumption from p1_A-n32-k5_r52v9k3.lp.asm ...
[CPLEX] Applying MIP Start with 9684 variables.
Version identifier: 22.1.1.0 | 2022-11-28 | 9160aff4d
CPXPARAM_Read_DataCheck                          1
CPXPARAM_Threads                                 1
CPXPARAM_TimeLimit                               119
1 of 1 MIP starts provided solutions.
MIP start 'm1' defined initial solution with objective 292622.0000.
Tried aggregator 1 time.
MIP Presolve eliminated 9 rows and 7677 columns.
MIP Presolve modified 5046 coefficients.
Reduced MIP has 5579 rows, 2583 columns, and 30051 nonzeros.
Reduced MIP has 2025 binaries, 558 generals, 0 SOSs, and 0 indicators.
Presolve time = 0.01 sec. (17.66 ticks)
Probing time = 0.00 sec. (3.27 ticks)
Tried aggregator 1 time.
Detecting symmetries...
Reduced MIP has 5579 rows, 2583 columns, and 30051 nonzeros.
Reduced MIP has 2025 binaries, 558 generals, 0 SOSs, and 0 indicators.
Presolve time = 0.01 sec. (19.65 ticks)
Probing time = 0.00 sec. (3.01 ticks)
Clique table members: 1016.
MIP emphasis: balance optimality and feasibility.
MIP search method: dynamic search.
Parallel mode: none, using 1 thread.
Root relaxation solution time = 0.04 sec. (48.68 ticks)

        Nodes                                         Cuts/
   Node  Left     Objective  IInf  Best Integer    Best Bound    ItCnt     Gap

*     0+    0                       292622.0000  3459906.0000              --- 
      0     0   377796.0000   168   292622.0000   377796.0000     1204   29.11%
      0     0   377796.0000   200   292622.0000     Cuts: 227     1293   29.11%
      0     0   377796.0000   231   292622.0000     Cuts: 140     1334   29.11%
      0     2   377796.0000   231   292622.0000   377796.0000     1334   29.11%
Elapsed time = 0.30 sec. (672.60 ticks, tree = 0.01 MB, solutions = 1)
      2     4   377059.0000   173   292622.0000   377633.3681     3169   29.05%
      5     7   376989.5695   331   292622.0000   377633.3681     5505   29.05%
      7     9   376857.0052   351   292622.0000   377633.3681     7266   29.05%
      9    11   376602.2642   323   292622.0000   377633.3681     8302   29.05%
     11    13   376454.5718   409   292622.0000   377633.3681     9333   29.05%
     14    16   376344.1628   307   292622.0000   377633.3681    10856   29.05%
     17    19   376050.1265   400   292622.0000   377633.3681    12783   29.05%
     20    22   375731.7626   229   292622.0000   377633.3681    13944   29.05%
     30    32   375458.3608   268   292622.0000   377633.3681    15772   29.05%
     79    74   377500.5518   267   292622.0000   377631.2402    23987   29.05%
Elapsed time = 1.82 sec. (4502.93 ticks, tree = 0.54 MB, solutions = 1)
     87    82   377078.0873   308   292622.0000   377631.2402    30516   29.05%
     97    92   376321.8209   322   292622.0000   377631.2402    36178   29.05%
    149   137   372418.8571   142   292622.0000   377631.2402    42869   29.05%
    175   159   375892.7798   245   292622.0000   377482.9960    48243   29.00%
    246   212   376225.1728   261   292622.0000   377256.0482    53337   28.92%
    295   255   375660.4092   307   292622.0000   377183.6527    58281   28.90%
    348   299   376872.5781   315   292622.0000   377183.6527    62970   28.90%
    407   351   372011.9989   144   292622.0000   377183.6527    68329   28.90%
    487   411   376940.2365   275   292622.0000   377170.6811    73064   28.89%

Performing restart 1

Repeating presolve.
Tried aggregator 1 time.
MIP Presolve modified 153 coefficients.
Reduced MIP has 5579 rows, 2583 columns, and 30051 nonzeros.
Reduced MIP has 2025 binaries, 558 generals, 0 SOSs, and 0 indicators.
Presolve time = 0.01 sec. (15.52 ticks)
Tried aggregator 1 time.
Reduced MIP has 5579 rows, 2583 columns, and 30051 nonzeros.
Reduced MIP has 2025 binaries, 558 generals, 0 SOSs, and 0 indicators.
Presolve time = 0.01 sec. (20.79 ticks)
Represolve time = 0.03 sec. (53.31 ticks)
    521     0   377796.0000   350   292622.0000   Flowcuts: 2    77671   28.89%
    521     0   377796.0000   231   292622.0000     Cuts: 128    77694   28.89%
    521     0   377796.0000   237   292622.0000       Cuts: 7    77719   28.89%
    521     0   377796.0000   236   292622.0000      Cuts: 95    77737   28.89%
    521     0   377787.7547   240   292622.0000      Cuts: 90    77810   28.89%
    521     2   377787.7547   239   292622.0000   377170.6811    77810   28.89%
Elapsed time = 7.24 sec. (18454.62 ticks, tree = 0.01 MB, solutions = 1)
    522     3   377509.7959   244   292622.0000   377170.6811    78676   28.89%
    524     5   377338.5045   243   292622.0000   377170.6811    80602   28.89%
    526     7   377128.5179   275   292622.0000   377170.6811    81583   28.89%
    528     9   376977.5385   258   292622.0000   377170.6811    82791   28.89%
    530    11   376872.0248   269   292622.0000   377170.6811    83484   28.89%
    532    13   376865.7833   264   292622.0000   377170.6811    83574   28.89%
    536    15   376356.8355   275   292622.0000   377170.6811    84708   28.89%
    539    18   376785.8852   221   292622.0000   377170.6811    86809   28.89%
    542    21   376377.4138   280   292622.0000   377170.6811    89091   28.89%
    546    25   375772.6082   283   292622.0000   377170.6811    94502   28.89%
Elapsed time = 12.84 sec. (33880.37 ticks, tree = 0.61 MB, solutions = 1)
    550    29   375125.4555   346   292622.0000   377170.6811    97418   28.89%
    553    32   375707.2835   286   292622.0000   377170.6811    99285   28.89%
    556    35   374653.5223   339   292622.0000   377170.6811   102567   28.89%
    561    35   373412.3693   294   292622.0000   377170.6811   105649   28.89%
    565    37   375744.1606   267   292622.0000   377170.6811   106932   28.89%
    573    45   375303.7163   263   292622.0000   377170.6811   108626   28.89%
    582    52   374730.6766   269   292622.0000   377170.6811   111969   28.89%
    591    59    infeasible         292622.0000   377170.6811   116769   28.89%
    594    60   373786.0941   317   292622.0000   377170.6811   119924   28.89%
    598    60   377116.7429   221   292622.0000   377127.4068   124161   28.88%
Elapsed time = 17.33 sec. (45295.40 ticks, tree = 1.18 MB, solutions = 1)
    605    67   376354.8164   467   292622.0000   377127.4068   127884   28.88%
    607    69   375920.8438   429   292622.0000   377127.4068   130562   28.88%
    611    73   375748.7589   323   292622.0000   377127.4068   131305   28.88%
    614    76   375645.1780   513   292622.0000   377127.4068   131974   28.88%
    617    78   373613.5827   497   292622.0000   377127.4068   133496   28.88%
    620    81   373467.3715   596   292622.0000   377127.4068   133955   28.88%
    629    84   375958.1729   277   292622.0000   377115.6774   137060   28.87%
    636    91   372981.8820   398   292622.0000   377115.6774   138613   28.87%
    641    93   371325.1368   300   292622.0000   377115.6774   139307   28.87%
    656   106   375725.9184   285   292622.0000   377059.0000   143876   28.86%
Elapsed time = 21.63 sec. (56742.61 ticks, tree = 2.74 MB, solutions = 1)
    666   114   374208.2896   331   292622.0000   377059.0000   147944   28.86%
    673   117   376552.0000   430   292622.0000   377059.0000   150621   28.86%
    674   118   376401.5000   390   292622.0000   377059.0000   151305   28.86%
    675   119   376359.2000   614   292622.0000   377059.0000   151764   28.86%
    678   122   376072.3333   329   292622.0000   377059.0000   153410   28.86%
    680   124   375825.5000   393   292622.0000   377059.0000   155007   28.86%
    681   125   375633.0000   350   292622.0000   377059.0000   157671   28.86%
    684   128   375529.0000   208   292622.0000   377059.0000   159629   28.86%
    687   131   364742.0000   189   292622.0000   377059.0000   160752   28.86%
    691   135   363753.3333   397   292622.0000   377059.0000   163065   28.86%
Elapsed time = 25.89 sec. (68909.14 ticks, tree = 3.57 MB, solutions = 1)
    694   138   363395.2000   460   292622.0000   377059.0000   164910   28.86%
    698   142   363301.0000   213   292622.0000   377059.0000   165602   28.86%
    701   145   361747.0000   200   292622.0000   377059.0000   168555   28.86%
    707   150   359522.0000   183   292622.0000   377059.0000   169489   28.86%
    711   154   358846.5000   251   292622.0000   377059.0000   170802   28.86%
    714   157   358366.0000   290   292622.0000   377059.0000   172334   28.86%
    718   161   357443.4583   351   292622.0000   377059.0000   173513   28.86%
    723   166   354425.0976   255   292622.0000   377059.0000   174563   28.86%
    734   171   376894.2312   350   292622.0000   376972.7429   175786   28.83%
    738   175   376771.6538   261   292622.0000   376972.7429   177053   28.83%
Elapsed time = 30.11 sec. (80088.40 ticks, tree = 5.25 MB, solutions = 1)
    747   184   376584.1639   552   292622.0000   376972.7429   179186   28.83%
    758   193   374787.3469   322   292622.0000   376972.7429   181789   28.83%
    765   200   374519.1251   431   292622.0000   376972.7429   183611   28.83%
    773   204   376318.5653   430   292622.0000   376958.5252   186605   28.82%
    783   214   375430.2396   276   292622.0000   376958.5252   189385   28.82%
    796   225   372220.5908   308   292622.0000   376958.5252   193389   28.82%
    805   234   368524.2266   232   292622.0000   376958.5252   196612   28.82%
    822   246   376559.0064   229   292622.0000   376891.3334   199515   28.80%
    847   269   373101.5357   282   292622.0000   376891.3334   204966   28.80%
    857   277   371893.4775   395   292622.0000   376891.3334   208924   28.80%
Elapsed time = 34.12 sec. (90932.54 ticks, tree = 9.09 MB, solutions = 1)
    869   287   371392.3404   501   292622.0000   376891.3334   212259   28.80%
    874   290   371298.4996   562   292622.0000   376891.3334   217464   28.80%
    880   292   376316.7143   432   292622.0000   376871.9861   221883   28.79%
    890   302   375586.9748   269   292622.0000   376871.9861   226000   28.79%
    901   313   374402.3433   390   292622.0000   376871.9861   229459   28.79%
    925   337   373052.2276   461   292622.0000   376871.9861   232668   28.79%
    944   352   375628.6708   227   292622.0000   376871.9021   236626   28.79%
    961   365   376352.0086   233   292622.0000   376864.7720   240096   28.79%
    979   381    infeasible         292622.0000   376864.7720   244393   28.79%
    999   399   374149.7671   522   292622.0000   376849.0000   248733   28.78%
Elapsed time = 37.82 sec. (101012.99 ticks, tree = 14.60 MB, solutions = 1)
   1014   412   370237.8446   353   292622.0000   376849.0000   251453   28.78%
   1033   426   375970.6830   522   292622.0000   376805.3485   255351   28.77%
   1051   444   374954.8123   425   292622.0000   376805.3485   259493   28.77%
   1065   455   376327.6613   359   292622.0000   376799.2295   263095   28.77%
   1079   469   375072.4064   339   292622.0000   376799.2295   267488   28.77%
   1087   477   372771.6492   312   292622.0000   376799.2295   270502   28.77%
   1095   484   371048.2718   308   292622.0000   376799.2295   274101   28.77%
   1119   508   367987.5009   391   292622.0000   376799.2295   278147   28.77%
   1155   541   366138.5596   351   292622.0000   376799.2295   281945   28.77%
   1222   593   376286.3553   345   292622.0000   376785.4592   298535   28.76%
Elapsed time = 42.70 sec. (113995.96 ticks, tree = 23.16 MB, solutions = 1)
   1292   659   369074.7974   272   292622.0000   376778.0029   316051   28.76%
   1335   691   375610.3507   229   292622.0000   376771.2368   333581   28.76%
   1398   748    infeasible         292622.0000   376770.5842   353201   28.76%
   1474   814   376413.9814   249   292622.0000   376715.7807   371707   28.74%
   1526   856   374357.1212   489   292622.0000   376681.1149   389918   28.73%
   1611   924   375487.7338   300   292622.0000   376644.2656   407843   28.71%
   1671   980   371155.6193   413   292622.0000   376642.2799   423007   28.71%
   1753  1052    infeasible         292622.0000   376642.0556   442120   28.71%
   1819  1107    infeasible         292622.0000   376625.7886   462356   28.71%
   1872  1150   373181.9518   362   292622.0000   376605.9784   481916   28.70%
Elapsed time = 56.76 sec. (152584.43 ticks, tree = 45.18 MB, solutions = 1)
   1912  1178   374645.0411   294   292622.0000   376590.9878   501709   28.70%
   2035  1292   373186.4295   429   292622.0000   376584.1639   520808   28.69%
   2087  1329   375885.2505   223   292622.0000   376555.1561   540094   28.68%
   2176  1408   371024.2934   450   292622.0000   376548.4699   557068   28.68%
   2227  1443   372858.8506   226   292622.0000   376532.3400   576074   28.68%
   2325  1515   375368.9738   376   292622.0000   376507.1297   595887   28.67%
   2386  1558   375939.9903   318   292622.0000   376458.5000   616193   28.65%
   2448  1612   373527.3716   264   292622.0000   376402.2934   634903   28.63%
   2511  1665   370322.0507   333   292622.0000   376399.7744   651125   28.63%
   2636  1788   354070.4211   319   292622.0000   376399.7744   663304   28.63%
Elapsed time = 71.01 sec. (191335.92 ticks, tree = 71.52 MB, solutions = 1)
   2750  1885   370579.6243   246   292622.0000   376391.8519   680274   28.63%
   2825  1938   371666.1818   242   292622.0000   376368.4410   698597   28.62%
   2878  1979   372354.3768   398   292622.0000   376356.2456   716812   28.62%
   2966  2055   374923.9928   378   292622.0000   376343.0156   736542   28.61%
   3036  2104   375629.7551   334   292622.0000   376319.1307   756647   28.60%
   3104  2161   370846.0573   285   292622.0000   376318.5653   776388   28.60%
   3220  2262   372054.8603   369   292622.0000   376316.7143   796931   28.60%
   3291  2327   364531.2132   480   292622.0000   376316.7143   815706   28.60%
   3370  2396   370716.6274   337   292622.0000   376310.6212   833787   28.60%
   3437  2457   365613.7080   452   292622.0000   376307.8913   850925   28.60%
Elapsed time = 85.17 sec. (229767.43 ticks, tree = 99.19 MB, solutions = 1)
   3525  2525    infeasible         292622.0000   376304.0949   870582   28.60%
   3593  2582   373646.6540   494   292622.0000   376287.3226   890762   28.59%
   3648  2635   365619.3914   455   292622.0000   376287.3226   907577   28.59%
   3718  2686   375804.5000   226   292622.0000   376278.4286   926597   28.59%
   3761  2725   374839.5746   767   292622.0000   376277.5000   946197   28.59%
   3848  2807   372888.6553   461   292622.0000   376271.9828   964365   28.59%
   3919  2866   374840.9370   251   292622.0000   376268.0000   984021   28.59%
   3987  2928   369120.3692   321   292622.0000   376267.7780  1002185   28.58%
   4066  2997   372545.2417   312   292622.0000   376259.3872  1023120   28.58%
   4126  3043   374871.6418   369   292622.0000   376257.7313  1043046   28.58%
Elapsed time = 99.23 sec. (268872.36 ticks, tree = 125.89 MB, solutions = 1)
   4229  3133   357206.3492   354   292622.0000   376247.0152  1061481   28.58%
   4300  3194   374466.7422   445   292622.0000   376233.5000  1080811   28.57%
   4353  3230    infeasible         292622.0000   376200.4189  1100412   28.56%
   4423  3281   368940.4201   430   292622.0000   376180.5406  1119693   28.56%
   4488  3336   370768.2505   320   292622.0000   376172.7600  1138498   28.55%
   4537  3377   374895.9422   679   292622.0000   376166.8487  1155540   28.55%
   4629  3465   370695.8198   325   292622.0000   376166.2561  1171684   28.55%
   4683  3511   372374.6973   520   292622.0000   376163.0000  1190331   28.55%
   4774  3596   373666.0752   546   292622.0000   376162.7212  1208294   28.55%
   4840  3646   375394.4072   613   292622.0000   376157.1412  1228218   28.55%
Elapsed time = 113.15 sec. (307168.62 ticks, tree = 151.64 MB, solutions = 1)
   4916  3720   367344.4310   361   292622.0000   376157.1412  1244037   28.55%
   4979  3771   374478.4090   389   292622.0000   376122.0842  1262525   28.54%
   5034  3812    infeasible         292622.0000   376118.5081  1276734   28.53%

Clique cuts applied:  17
Cover cuts applied:  3
Implied bound cuts applied:  129
Flow cuts applied:  7
Mixed integer rounding cuts applied:  78
Zero-half cuts applied:  19
Lift and project cuts applied:  1
Gomory fractional cuts applied:  4

Root node processing (before b&c):
  Real time             =    0.30 sec. (672.76 ticks)
Sequential b&c:
  Real time             =  118.70 sec. (322253.71 ticks)
                          ------------
Total (root+branch&cut) =  119.00 sec. (322926.47 ticks)
[CPLEX] Status: time limit exceeded
[CPLEX] OPTIMAL OBJ: 292622.0
[CPLEX] Runtime: 119.013 sec
Vehicle 0: d → 1 → 22 → 27 → 3 → 10 → 7 → 8 → 21 → 14 → 28 → 4 → 19 → 23 → 25 → 15 → 0 → 11 → 29 → d, (requests = [1, 6, 8, 24, 36, 39, 43, 48, 49])
Vehicle 1: d → 2 → 22 → 27 → 17 → 8 → 21 → 14 → 28 → 24 → 4 → 19 → 26 → 13 → 25 → 29 → 15 → 6 → 12 → 20 → 18 → d, (requests = [0, 2, 4, 19, 25, 28, 30, 50])
Vehicle 2: d → 16 → 18 → 30 → 20 → 12 → 6 → 25 → 23 → 19 → 4 → 28 → 14 → 21 → 8 → 17 → d, (requests = [5, 11, 12, 35, 44, 46])
Vehicle 3: d → 24 → 4 → 19 → 23 → 25 → 15 → 11 → d, (requests = [15, 40])
Vehicle 4: d → 11 → 0 → 12 → 6 → 25 → 13 → 26 → 19 → 4 → 24 → 9 → 14 → 21 → 17 → 7 → 10 → 27 → 22 → 2 → d, (requests = [7, 16, 18, 22, 23, 32, 51])
Vehicle 5: d → 22 → 27 → 3 → 7 → 21 → 14 → 9 → 24 → 4 → 19 → 23 → 25 → 6 → 12 → 20 → 18 → 16 → d, (requests = [3, 9, 10, 13, 17])
Vehicle 6: d → 30 → 20 → 12 → 6 → 25 → 23 → 19 → 4 → 28 → 14 → 21 → 7 → 27 → 22 → 1 → 5 → d, (requests = [20, 26, 31, 34, 37, 45])
Vehicle 7: d → 3 → 7 → 8 → 21 → 14 → 28 → 4 → 19 → 23 → 25 → 6 → 12 → d, (requests = [14, 27, 33, 41])
Vehicle 8: d → 13 → 23 → 26 → 19 → 4 → 28 → 14 → 21 → 7 → 3 → d, (requests = [29, 47])
======== PPDSP OBJECTIVE ========
Profit    = 360169
Cost      = 67547
Objective = 292622
=================================
===== RAW XY MODEL =====
12 55 107 148 233 278 328 382 477 481 632 687 732 762 816 868 901 960 994 1111 1172 1229 1302 1429 1466 1501 1511 1577 1632 1659 1683 1711 1756 1797 1854 1870 1906 1945 1968 2019 2353 2414 2470 2587 2666 2727 2772 2803 2809 2849 2877 2952 3020 3107 3177 3205 3463 3699 3807 3947 4077 4088 4131 4332 4457 4540 4597 4662 4679 4747 4792 4797 4835 4887 4914 4996 5057 5134 5151 5222 5258 5296 5331 5448 5689 5733 5790 5831 5898 5990 6043 6129 6178 6217 6244 6272 6317 6347 6358 6392 6453 6600 6776 6895 6930 6956 6990 7129 7208 7351 7391 7418 7444 7494 7562 7625 7649 7719 7761 8007 8051 8108 8136 8181 8319 8380 8535 8590 8665 8710 8804 8899 9208 9237 9308 9520 9550 9693 9760 9843 9932 9991 10086 2050 2051 2054 6613 2184 3226 2187 5476 2191 6619 6620 3297 3300 6623 8942 4355 5485 6627 5487 4426 7783 5491 5492 5556 5562 7789 8955 5577 10134 6704 7794 6719 8961 7797 6735 7862 7875 7883 7893 8969 9041 9051 9063 9067 10152 10216 10225 10235 10247
  [Time Manager] Step 58 consumed 119.02s. Total Consumed: 3306.98s.
  [Info] Saved 10260 core assumption literals to p1_A-n32-k5_r53v9k3.lp.asm

[59/60] Building & Solving: R=53, V=9, K=4
Default row names c1, c2 ... being created.
  [Info] Generating MIP Formulation...
  [Time Manager] Global Remaining Budget: 293.02s | Future Weight Sum: 3267.0
  [Time Manager] Recalibrated Budget for this step: 146.10s
[CPLEX] Setting time limit to 146 seconds
[CPLEX] Reading assumption from p1_A-n32-k5_r53v9k3.lp.asm ...
[CPLEX] Applying MIP Start with 9693 variables.
Version identifier: 22.1.1.0 | 2022-11-28 | 9160aff4d
CPXPARAM_Read_DataCheck                          1
CPXPARAM_Threads                                 1
CPXPARAM_TimeLimit                               146
1 of 1 MIP starts provided solutions.
MIP start 'm1' defined initial solution with objective 292622.0000.
Tried aggregator 1 time.
MIP Presolve eliminated 9 rows and 7389 columns.
MIP Presolve modified 6132 coefficients.
Reduced MIP has 6443 rows, 2871 columns, and 36486 nonzeros.
Reduced MIP has 2313 binaries, 558 generals, 0 SOSs, and 0 indicators.
Presolve time = 0.01 sec. (20.54 ticks)
Probing time = 0.00 sec. (3.45 ticks)
Tried aggregator 1 time.
Detecting symmetries...
Reduced MIP has 6443 rows, 2871 columns, and 36486 nonzeros.
Reduced MIP has 2313 binaries, 558 generals, 0 SOSs, and 0 indicators.
Presolve time = 0.01 sec. (23.31 ticks)
Probing time = 0.00 sec. (3.21 ticks)
Clique table members: 1178.
MIP emphasis: balance optimality and feasibility.
MIP search method: dynamic search.
Parallel mode: none, using 1 thread.
Root relaxation solution time = 0.03 sec. (54.49 ticks)

        Nodes                                         Cuts/
   Node  Left     Objective  IInf  Best Integer    Best Bound    ItCnt     Gap

*     0+    0                       292622.0000  3459906.0000              --- 
      0     0   377796.0000   175   292622.0000   377796.0000     1286   29.11%
      0     0   377796.0000   199   292622.0000     Cuts: 232     1382   29.11%
      0     0   377796.0000   233   292622.0000     Cuts: 137     1425   29.11%
      0     2   377796.0000   233   292622.0000   377796.0000     1425   29.11%
Elapsed time = 0.51 sec. (1207.74 ticks, tree = 0.01 MB, solutions = 1)
      2     4   377059.0000   170   292622.0000   377633.3299     3529   29.05%
      5     7   376987.5272   336   292622.0000   377633.3299     5627   29.05%
      7     9   376938.3561   233   292622.0000   377633.3299     7462   29.05%
      9    11   376602.2642   420   292622.0000   377633.3299     8887   29.05%
     12    14   376787.7548   372   292622.0000   377633.3299    10196   29.05%
     14    16   376772.9642   369   292622.0000   377633.3299    12077   29.05%
     16    18   376764.7380   365   292622.0000   377633.3299    13196   29.05%
     18    20   376408.4367   347   292622.0000   377633.3299    14351   29.05%
     23    25   375808.4645   257   292622.0000   377633.3299    16281   29.05%
     40    42   375356.8199   194   292622.0000   377633.3299    21505   29.05%
Elapsed time = 2.22 sec. (5526.69 ticks, tree = 0.39 MB, solutions = 1)
     75    72   372279.2049   148   292622.0000   377633.3299    27378   29.05%
    100    85   377559.2029   265   292622.0000   377632.8625    29317   29.05%
    107    92   377457.8145   284   292622.0000   377632.8625    34076   29.05%
    115   100   376498.9403   243   292622.0000   377632.8625    39211   29.05%
    151   135   373934.8062   150   292622.0000   377632.8625    45264   29.05%
    179   157   377221.8237   376   292622.0000   377468.1919    50312   29.00%
    242   206   377240.0859   405   292622.0000   377339.9253    54461   28.95%
    290   251   363919.8248   179   292622.0000   377339.9253    58817   28.95%
    320   269   375978.5360   358   292622.0000   377333.5832    63034   28.95%
    374   310   376532.7333   376   292622.0000   377240.7043    67757   28.92%
Elapsed time = 6.23 sec. (16227.41 ticks, tree = 8.60 MB, solutions = 1)
    397   333   376302.4262   339   292622.0000   377240.7043    72404   28.92%
    454   378   376629.1402   298   292622.0000   377240.0859    77721   28.92%
    523   437   376878.1547   255   292622.0000   377221.6766    82296   28.91%
    581   486   375720.3180   237   292622.0000   377196.2873    86781   28.90%
    640   531   376455.3828   252   292622.0000   377169.3830    89740   28.89%
    706   578   376687.9277   256   292622.0000   377163.8163    94286   28.89%
    727   597   375559.5190   339   292622.0000   377163.8163    98826   28.89%
    804   659   377030.8114   339   292622.0000   377160.3830   103441   28.89%
    866   712   376466.0733   262   292622.0000   377157.2387   108069   28.89%

Performing restart 1

Repeating presolve.
Tried aggregator 1 time.
MIP Presolve modified 153 coefficients.
Reduced MIP has 6443 rows, 2871 columns, and 36486 nonzeros.
Reduced MIP has 2313 binaries, 558 generals, 0 SOSs, and 0 indicators.
Presolve time = 0.01 sec. (18.35 ticks)
Tried aggregator 1 time.
Reduced MIP has 6443 rows, 2871 columns, and 36486 nonzeros.
Reduced MIP has 2313 binaries, 558 generals, 0 SOSs, and 0 indicators.
Presolve time = 0.01 sec. (24.57 ticks)
Represolve time = 0.03 sec. (61.92 ticks)
    926     0   377796.0000   237   292622.0000     Cuts: 115   114082   28.89%
    926     0   377796.0000   232   292622.0000     Cuts: 110   114094   28.89%
    926     0   377788.6327   243   292622.0000     Cuts: 105   114157   28.89%
    926     0   377777.0000   243   292622.0000     Cuts: 114   114197   28.89%
    926     0   377777.0000   241   292622.0000      Cuts: 92   114207   28.89%
    926     0   377589.7638   290   292622.0000      Cuts: 70   114911   28.89%
    926     0   377390.5000   255   292622.0000     Cuts: 241   115431   28.89%
    926     0   377122.2925   395   292622.0000     Cuts: 130   115975   28.88%
    926     0   377059.0000   316   292622.0000     Cuts: 143   116203   28.86%
    926     0   377059.0000   349   292622.0000     Cuts: 212   116289   28.86%
    926     2   377059.0000   349   292622.0000   377059.0000   116289   28.86%
Elapsed time = 13.00 sec. (32908.46 ticks, tree = 0.01 MB, solutions = 1)
    927     3   377050.6100   261   292622.0000   377059.0000   116507   28.86%
    929     5   376920.1905   272   292622.0000   377059.0000   117829   28.86%
    930     6   376677.7362   311   292622.0000   377059.0000   118528   28.86%
    931     7   376768.1392   401   292622.0000   377059.0000   120796   28.86%
    932     8   376658.3450   394   292622.0000   377059.0000   122392   28.86%
    933     9   376501.8492   336   292622.0000   377059.0000   125157   28.86%
    934    10   376611.2729   373   292622.0000   377059.0000   126912   28.86%
    935    11   376589.6020   290   292622.0000   377059.0000   127586   28.86%
    937    13   376019.8961   428   292622.0000   377059.0000   130151   28.86%
    938    14   376509.4141   404   292622.0000   377059.0000   132260   28.86%
Elapsed time = 19.02 sec. (50241.90 ticks, tree = 0.13 MB, solutions = 1)
    940    16   376334.8095   408   292622.0000   377059.0000   135867   28.86%
    941    17   376428.9424   371   292622.0000   377059.0000   137476   28.86%
    943    19   376403.2245   382   292622.0000   377059.0000   139644   28.86%
    945    21   376382.0861   241   292622.0000   377059.0000   144266   28.86%
    948    24   375871.1739   333   292622.0000   377059.0000   146121   28.86%
    950    26   374628.6100   408   292622.0000   377059.0000   150292   28.86%
    952    28   375796.8986   352   292622.0000   377059.0000   150668   28.86%
    955    31   375755.5394   450   292622.0000   377059.0000   151662   28.86%
    957    33   375549.5333   408   292622.0000   377059.0000   152497   28.86%
    960    36   375527.6087   319   292622.0000   377059.0000   153052   28.86%
Elapsed time = 24.74 sec. (64727.63 ticks, tree = 0.65 MB, solutions = 1)
    963    39   374301.6981   394   292622.0000   377059.0000   154762   28.86%
    966    42   375419.6354   341   292622.0000   377059.0000   157225   28.86%
    968    44   375244.5650   305   292622.0000   377059.0000   158544   28.86%
    971    47   375220.4577   280   292622.0000   377059.0000   161513   28.86%
    975    51   375150.9147   375   292622.0000   377059.0000   163039   28.86%
    980    56   375084.5272   280   292622.0000   377059.0000   164129   28.86%
    984    58   373517.2493   414   292622.0000   377059.0000   166327   28.86%
    988    62   372030.3102   238   292622.0000   377059.0000   167230   28.86%
    990    62        cutoff         292622.0000   377059.0000   172531   28.86%
    995    63   376926.0584   408   292622.0000   377049.9415   174346   28.85%
Elapsed time = 29.57 sec. (76480.72 ticks, tree = 1.38 MB, solutions = 1)
    997    65   376767.4909   402   292622.0000   377049.9415   175256   28.85%
    999    67   376259.3917   402   292622.0000   377049.9415   177603   28.85%
   1001    69   376198.7584   429   292622.0000   377049.9415   179855   28.85%
   1004    72   376155.2548   366   292622.0000   377049.9415   181019   28.85%
   1007    75   375662.4457   406   292622.0000   377049.9415   182458   28.85%
   1009    77   373198.7865   368   292622.0000   377049.9415   185627   28.85%
   1011    79   372952.8474   423   292622.0000   377049.9415   188661   28.85%
   1013    81   372848.1570   258   292622.0000   377049.9415   191911   28.85%
   1016    84   372414.0426   371   292622.0000   377049.9415   194922   28.85%
   1019    87   372436.0975   394   292622.0000   377049.9415   198762   28.85%
Elapsed time = 34.33 sec. (89458.55 ticks, tree = 2.11 MB, solutions = 1)
   1021    89   372283.5359   334   292622.0000   377049.9415   200596   28.85%
   1029    97   371908.9357   354   292622.0000   377049.9415   202627   28.85%
   1041   109   371620.7902   254   292622.0000   377049.9415   204672   28.85%
   1047   112   376125.4131   272   292622.0000   376919.2111   207187   28.81%
   1049   114   376077.5086   288   292622.0000   376919.2111   207610   28.81%
   1052   117   375965.3789   484   292622.0000   376919.2111   208837   28.81%
   1056   121   375740.2499   424   292622.0000   376919.2111   209916   28.81%
   1062   127   375614.8506   471   292622.0000   376919.2111   211270   28.81%
   1065   130   375419.0455   551   292622.0000   376919.2111   212796   28.81%
   1075   140   375327.1182   519   292622.0000   376919.2111   214016   28.81%
Elapsed time = 38.63 sec. (101316.01 ticks, tree = 3.47 MB, solutions = 1)
   1079   144   375265.0299   536   292622.0000   376919.2111   214482   28.81%
   1082   147   375188.3180   421   292622.0000   376919.2111   215246   28.81%
   1091   156   374599.2982   443   292622.0000   376919.2111   216917   28.81%
   1097   162   374176.2594   482   292622.0000   376919.2111   218099   28.81%
   1101   165   373181.8362   492   292622.0000   376919.2111   218979   28.81%
   1108   169   370544.7369   454   292622.0000   376919.2111   219421   28.81%
   1116   172   376835.3114   257   292622.0000   376918.5922   222527   28.81%
   1122   178   376406.0720   339   292622.0000   376918.5922   225361   28.81%
   1130   186   374804.7664   432   292622.0000   376918.5922   229083   28.81%
   1142   196   372172.5503   317   292622.0000   376918.5922   230940   28.81%
Elapsed time = 42.65 sec. (111798.22 ticks, tree = 4.78 MB, solutions = 1)
   1155   209   371702.1096   459   292622.0000   376918.5922   232809   28.81%
   1159   209   376406.5883   543   292622.0000   376833.9426   236475   28.78%
   1172   222   375674.9154   349   292622.0000   376833.9426   239269   28.78%
   1207   253   370946.3765   255   292622.0000   376833.9426   242886   28.78%
   1239   280   376507.7171   257   292622.0000   376777.1102   246038   28.76%
   1246   287   375229.6139   506   292622.0000   376777.1102   249762   28.76%
   1251   292   374468.5393   288   292622.0000   376777.1102   253980   28.76%
   1256   297   373580.7973   389   292622.0000   376777.1102   257653   28.76%
   1266   307   372896.2139   385   292622.0000   376777.1102   261779   28.76%
   1297   334   376453.3158   317   292622.0000   376767.4707   272257   28.76%
Elapsed time = 48.16 sec. (126129.26 ticks, tree = 12.00 MB, solutions = 1)
   1308   345   374563.1429   551   292622.0000   376767.4707   276799   28.76%
   1326   363   364831.0000   221   292622.0000   376767.4707   283354   28.76%
   1351   388   363078.9744   362   292622.0000   376767.4707   292673   28.76%
   1425   456   354354.2502   554   292622.0000   376767.4707   302188   28.76%
   1479   506   374860.5055   312   292622.0000   376767.4038   312572   28.76%
   1521   539    infeasible         292622.0000   376731.3156   328761   28.74%
   1574   592   370134.2121   462   292622.0000   376731.2349   340017   28.74%
   1646   657   374552.1162   294   292622.0000   376724.4402   351351   28.74%
   1683   686    infeasible         292622.0000   376724.4402   367505   28.74%
   1734   733   375690.6776   359   292622.0000   376677.5310   381870   28.72%
Elapsed time = 62.90 sec. (165759.38 ticks, tree = 29.08 MB, solutions = 1)
   1815   814   371305.6308   269   292622.0000   376677.5310   395132   28.72%
   1868   859   362069.3580   575   292622.0000   376676.8742   408955   28.72%
   1926   911   372249.4240   578   292622.0000   376676.5259   423030   28.72%
   1959   940   372835.6410   441   292622.0000   376656.6211   437397   28.72%
   2027  1003   366903.0410   405   292622.0000   376656.6211   452173   28.72%
   2091  1052   374961.1499   234   292622.0000   376609.7477   465740   28.70%
   2160  1114   373264.3086   638   292622.0000   376567.0003   480714   28.69%
   2205  1159   365713.7542   409   292622.0000   376567.0003   490325   28.69%
   2293  1247   359544.0111   338   292622.0000   376567.0003   501421   28.69%
   2356  1305   373239.2838   348   292622.0000   376532.3753   516979   28.68%
Elapsed time = 77.71 sec. (205061.90 ticks, tree = 48.71 MB, solutions = 1)
   2422  1363   371135.6887   268   292622.0000   376515.1739   532200   28.67%
   2470  1398   375974.7500   438   292622.0000   376501.7562   546097   28.66%
   2523  1451   375068.9947   520   292622.0000   376501.7562   558217   28.66%
   2606  1533   371860.9435   199   292622.0000   376501.7562   568013   28.66%
   2681  1607   366675.6985   272   292622.0000   376501.7562   575871   28.66%
   2792  1714   373338.0370   321   292622.0000   376501.2687   586329   28.66%
   2931  1844   368717.8215   264   292622.0000   376495.3937   600963   28.66%
   3000  1902   372359.4538   322   292622.0000   376470.5330   616130   28.65%
   3059  1951   375958.5690   485   292622.0000   376453.3158   633575   28.65%
   3135  2023   370387.8634   217   292622.0000   376443.7410   649374   28.65%
Elapsed time = 92.89 sec. (243827.43 ticks, tree = 87.99 MB, solutions = 1)
   3206  2084   371828.5985   362   292622.0000   376439.1761   665895   28.64%
   3280  2145   368247.9108   251   292622.0000   376427.3415   682267   28.64%
   3358  2213   372933.1937   326   292622.0000   376419.4813   698492   28.64%
   3426  2272    infeasible         292622.0000   376407.7621   714347   28.63%
   3519  2358   375962.7068   748   292622.0000   376406.0720   731207   28.63%
   3581  2420   367981.7188   288   292622.0000   376406.0720   746379   28.63%
   3711  2548   345488.1635   224   292622.0000   376406.0720   760681   28.63%
   3874  2711   326414.8635   262   292622.0000   376406.0720   770924   28.63%
*  3926+ 2759                       292820.0000   376406.0720            28.55%
   4126  2953   370622.7885   298   292820.0000   376402.9959   783820   28.54%
   4183  3002   375153.8256   649   292820.0000   376395.3283   798914   28.54%
Elapsed time = 108.30 sec. (282614.99 ticks, tree = 138.11 MB, solutions = 2)
   4257  3075   371762.3854   344   292820.0000   376395.3283   813731   28.54%
   4364  3178   362815.7784   401   292820.0000   376395.3283   828168   28.54%
   4456  3255   374078.6499   532   292820.0000   376388.5309   843580   28.54%
   4556  3349   367969.4649   325   292820.0000   376385.3590   860886   28.54%
   4626  3413   367255.1345   295   292820.0000   376383.4176   877672   28.54%
   4666  3449   369170.5787   320   292820.0000   376380.5967   896430   28.54%
   4718  3493   375897.6009   610   292820.0000   376372.8675   913021   28.53%
   4814  3579   373205.2756   364   292820.0000   376366.4458   928404   28.53%
   4888  3640   374929.2348   335   292820.0000   376358.5136   944042   28.53%
   4974  3720    infeasible         292820.0000   376358.5136   961077   28.53%
Elapsed time = 123.26 sec. (321654.81 ticks, tree = 163.06 MB, solutions = 2)
   5042  3780   374858.0994   686   292820.0000   376342.4404   975593   28.52%
   5137  3875   368895.0247   629   292820.0000   376342.4404   988712   28.52%
   5314  4047   374377.0206   393   292820.0000   376340.5976  1001857   28.52%
   5371  4100   373897.1470   346   292820.0000   376335.7545  1016003   28.52%
   5446  4167   374479.6053   326   292820.0000   376334.2895  1032640   28.52%
   5528  4240   373586.7165   458   292820.0000   376331.8193  1049509   28.52%
   5593  4289   374894.0110   294   292820.0000   376325.7143  1065794   28.52%
   5665  4355   373259.3029   557   292820.0000   376325.5598  1081842   28.52%
   5737  4418   373280.3208   335   292820.0000   376325.0000  1099036   28.52%
   5767  4438   374645.1313   597   292820.0000   376324.0714  1115042   28.52%
Elapsed time = 137.74 sec. (360349.60 ticks, tree = 200.44 MB, solutions = 2)
*  5826+ 4495                       292822.0000   376324.0714            28.52%
   5858  4525   374413.2295   265   292822.0000   376323.5776  1130631   28.52%
*  5926+ 4585                       292943.0000   376322.6712            28.46%
   5926  4587   374687.1557   249   292943.0000   376322.6712  1144411   28.46%
   6013  4668   375401.8505   306   292943.0000   376319.0000  1161089   28.46%
   6057  4706   374817.9099   688   292943.0000   376312.2295  1176423   28.46%
   6092  4741   372926.7650   405   292943.0000   376312.2295  1190948   28.46%

Clique cuts applied:  5
Cover cuts applied:  14
Implied bound cuts applied:  73
Flow cuts applied:  10
Mixed integer rounding cuts applied:  226
Zero-half cuts applied:  147
Gomory fractional cuts applied:  8

Root node processing (before b&c):
  Real time             =    0.51 sec. (1208.22 ticks)
Sequential b&c:
  Real time             =  145.49 sec. (381272.65 ticks)
                          ------------
Total (root+branch&cut) =  146.00 sec. (382480.88 ticks)
[CPLEX] Status: time limit exceeded
[CPLEX] OPTIMAL OBJ: 292943.0
[CPLEX] Runtime: 146.013 sec
Vehicle 0: d → 1 → 22 → 27 → 3 → 10 → 7 → 8 → 21 → 14 → 28 → 4 → 19 → 23 → 25 → 15 → 0 → 11 → 29 → d, (requests = [1, 6, 8, 24, 36, 39, 43, 48, 49])
Vehicle 1: d → 2 → 27 → 17 → 8 → 21 → 14 → 28 → 24 → 4 → 19 → 13 → 29 → 15 → 6 → 12 → 20 → 18 → d, (requests = [0, 2, 4, 19, 25, 28, 30, 50])
Vehicle 2: d → 16 → 18 → 30 → 20 → 12 → 6 → 25 → 23 → 19 → 4 → 28 → 14 → 21 → 8 → 17 → d, (requests = [5, 11, 12, 35, 44, 46])
Vehicle 3: d → 24 → 4 → 19 → 23 → 25 → 11 → d, (requests = [15, 40])
Vehicle 4: d → 11 → 0 → 12 → 6 → 25 → 13 → 26 → 19 → 4 → 24 → 9 → 14 → 21 → 17 → 7 → 10 → 27 → 22 → 2 → d, (requests = [7, 16, 18, 22, 23, 32, 45, 51])
Vehicle 5: d → 22 → 27 → 3 → 7 → 21 → 14 → 9 → 4 → 19 → 23 → 25 → 6 → 12 → 20 → 18 → 16 → d, (requests = [3, 9, 10, 13, 17])
Vehicle 6: d → 30 → 12 → 6 → 25 → 23 → 19 → 4 → 28 → 14 → 21 → 7 → 27 → 22 → 1 → 5 → d, (requests = [20, 26, 31, 34, 37])
Vehicle 7: d → 3 → 7 → 8 → 21 → 14 → 28 → 4 → 19 → 23 → 25 → 6 → 12 → d, (requests = [14, 27, 33, 41])
Vehicle 8: d → 13 → 23 → 26 → 19 → 4 → 28 → 14 → 21 → 7 → 3 → d, (requests = [29, 47])
======== PPDSP OBJECTIVE ========
Profit    = 360169
Cost      = 67226
Objective = 292943
=================================
===== RAW XY MODEL =====
12 55 107 148 233 278 328 382 477 481 632 687 732 762 816 868 901 960 994 1116 1172 1229 1302 1429 1470 1501 1511 1577 1632 1646 1683 1711 1797 1906 1945 1968 2019 2353 2414 2470 2587 2666 2727 2772 2803 2809 2849 2877 2952 3020 3107 3177 3205 3463 3699 3947 4077 4088 4127 4332 4457 4540 4597 4662 4679 4747 4792 4797 4835 4887 4914 4996 5057 5134 5151 5222 5258 5296 5331 5448 5689 5733 5790 5831 5878 5990 6043 6129 6178 6217 6244 6272 6317 6347 6392 6453 6600 6776 6895 6930 6956 6990 7129 7208 7351 7418 7444 7494 7562 7625 7649 7711 7761 8007 8051 8108 8136 8181 8319 8380 8535 8590 8665 8710 8804 8899 9208 9237 9308 9520 9550 9693 9760 9843 9932 9991 10086 2050 2051 2054 6613 2184 3226 2187 5476 2191 6619 6620 3297 3300 6623 8942 4355 5485 6627 5487 4426 7783 5491 5492 5556 5562 7789 8955 5577 10134 6704 7794 6719 8961 7797 6735 7862 7875 7883 7893 8969 9041 9051 9061 9067 10152 10216 10225 10235 10247
  [Time Manager] Step 59 consumed 146.02s. Total Consumed: 3453.00s.
  [Info] Saved 10260 core assumption literals to p1_A-n32-k5_r53v9k4.lp.asm

[60/60] Building & Solving: R=54, V=9, K=4
Default row names c1, c2 ... being created.
  [Info] Generating MIP Formulation...
  [Time Manager] Global Remaining Budget: 147.00s | Future Weight Sum: 1638.0
  [Time Manager] Recalibrated Budget for this step: 147.00s
[CPLEX] Setting time limit to 146 seconds
[CPLEX] Reading assumption from p1_A-n32-k5_r53v9k4.lp.asm ...
[CPLEX] Applying MIP Start with 9693 variables.
Version identifier: 22.1.1.0 | 2022-11-28 | 9160aff4d
CPXPARAM_Read_DataCheck                          1
CPXPARAM_Threads                                 1
CPXPARAM_TimeLimit                               146
1 of 1 MIP starts provided solutions.
MIP start 'm1' defined initial solution with objective 292943.0000.
Tried aggregator 1 time.
MIP Presolve eliminated 9 rows and 7389 columns.
MIP Presolve modified 6066 coefficients.
Reduced MIP has 6471 rows, 2880 columns, and 36846 nonzeros.
Reduced MIP has 2322 binaries, 558 generals, 0 SOSs, and 0 indicators.
Presolve time = 0.01 sec. (20.73 ticks)
Probing time = 0.00 sec. (3.46 ticks)
Tried aggregator 1 time.
Detecting symmetries...
Reduced MIP has 6471 rows, 2880 columns, and 36846 nonzeros.
Reduced MIP has 2322 binaries, 558 generals, 0 SOSs, and 0 indicators.
Presolve time = 0.01 sec. (23.49 ticks)
Probing time = 0.00 sec. (3.22 ticks)
Clique table members: 1188.
MIP emphasis: balance optimality and feasibility.
MIP search method: dynamic search.
Parallel mode: none, using 1 thread.
Root relaxation solution time = 0.05 sec. (62.62 ticks)

        Nodes                                         Cuts/
   Node  Left     Objective  IInf  Best Integer    Best Bound    ItCnt     Gap

*     0+    0                       292943.0000  3516228.0000              --- 
      0     0   384054.0000   171   292943.0000   384054.0000     1248   31.10%
      0     0   384054.0000   203   292943.0000     Cuts: 216     1301   31.10%
      0     0   384054.0000   233   292943.0000     Cuts: 139     1337   31.10%
      0     2   384054.0000   233   292943.0000   384054.0000     1337   31.10%
Elapsed time = 0.67 sec. (1475.09 ticks, tree = 0.01 MB, solutions = 1)
      2     4   383317.0000   171   292943.0000   383891.4098     3739   31.05%
      5     7   383247.5695   247   292943.0000   383891.4098     6004   31.05%
      7     9   383115.0052   253   292943.0000   383891.4098     7687   31.05%
      9    11   383093.4817   255   292943.0000   383891.4098     8536   31.05%
     14    16   382168.2623   227   292943.0000   383891.4098    10099   31.05%
     18    20   381721.6571   231   292943.0000   383891.4098    11989   31.05%
     24    26   381425.4829   219   292943.0000   383891.4098    13284   31.05%
     33    35   380900.3766   220   292943.0000   383891.4098    15592   31.05%
     48    48   380459.9828   179   292943.0000   383891.4098    17546   31.05%
    106    93   383775.6670   259   292943.0000   383885.7201    25044   31.04%
Elapsed time = 2.28 sec. (5253.82 ticks, tree = 0.34 MB, solutions = 1)
    113   100   382820.1730   219   292943.0000   383885.7201    32402   31.04%
    120   107   382229.0714   336   292943.0000   383885.7201    36011   31.04%
    150   137   380496.5020   197   292943.0000   383885.7201    42449   31.04%
    228   196   383066.5086   244   292943.0000   383797.8237    50446   31.01%
    273   231   379502.0456   181   292943.0000   383797.8237    57247   31.01%
    314   261   382019.7143   251   292943.0000   383523.6631    63504   30.92%
    384   320   383261.5149   249   292943.0000   383450.0638    70492   30.90%
    399   335   381202.3014   222   292943.0000   383450.0638    76919   30.90%
    440   364   382916.0358   244   292943.0000   383367.6383    82890   30.87%
    451   375   382419.9731   251   292943.0000   383367.6383    90198   30.87%
Elapsed time = 6.90 sec. (15831.55 ticks, tree = 1.03 MB, solutions = 1)
    485   407   380610.8393   220   292943.0000   383367.6383    96996   30.87%

Performing restart 1

Repeating presolve.
Tried aggregator 1 time.
MIP Presolve modified 144 coefficients.
Reduced MIP has 6471 rows, 2880 columns, and 36846 nonzeros.
Reduced MIP has 2322 binaries, 558 generals, 0 SOSs, and 0 indicators.
Presolve time = 0.01 sec. (18.42 ticks)
Tried aggregator 1 time.
Reduced MIP has 6471 rows, 2880 columns, and 36846 nonzeros.
Reduced MIP has 2322 binaries, 558 generals, 0 SOSs, and 0 indicators.
Presolve time = 0.01 sec. (24.77 ticks)
Represolve time = 0.04 sec. (66.11 ticks)
    500     0   384054.0000   353   292943.0000     Cuts: 109    99735   30.87%
    500     0   384054.0000   236   292943.0000      Fract: 1    99778   30.87%
    500     0   384054.0000   233   292943.0000     Cuts: 115    99797   30.87%
    500     0   384046.6327   248   292943.0000      Cuts: 89    99886   30.87%
    500     0   384038.2759   244   292943.0000     Cuts: 109    99940   30.87%
    500     0   383910.4192   266   292943.0000      Cuts: 90   100393   30.87%
    500     0   383868.8307   240   292943.0000     Cuts: 142   100429   30.87%
    500     0   383644.7069   270   292943.0000     Cuts: 128   100618   30.87%
    500     0   383587.1470   255   292943.0000      Cuts: 79   100758   30.87%
    500     0   383504.0789   269   292943.0000     Cuts: 101   101058   30.87%
    500     0   383482.9091   263   292943.0000     Cuts: 285   101118   30.87%
    500     0   383423.2727   290   292943.0000      Cuts: 77   101319   30.87%
    500     0   383396.0215   364   292943.0000      Cuts: 84   101513   30.87%
    500     0   383340.6687   264   292943.0000     Cuts: 131   101780   30.86%
    500     0   383337.3565   236   292943.0000     Cuts: 230   101806   30.86%
    500     0   383317.0000   238   292943.0000     Cuts: 121   102150   30.85%
*   500+    0                       298739.0000   383317.0000            28.31%
    500     0        cutoff         298739.0000   383317.0000   102150   28.31%
    500     2   383317.0000   238   298739.0000   383317.0000   102150   28.31%
    501     3   383274.9167   296   298739.0000   383274.7701   102766   28.30%
    502     4   382890.8922   279   298739.0000   383274.7701   104841   28.30%
    503     5   381399.1350   248   298739.0000   383274.7701   106994   28.30%
    504     6   382633.9636   237   298739.0000   383274.7701   107264   28.30%
    505     7   381066.2807   261   298739.0000   383274.7701   111196   28.30%
    506     8   381128.7530   293   298739.0000   383274.7701   113354   28.30%
    507     9   381013.2270   258   298739.0000   383274.7701   114341   28.30%
    508    10   380936.6834   252   298739.0000   383274.7701   116055   28.30%
Elapsed time = 18.55 sec. (46227.50 ticks, tree = 0.13 MB, solutions = 2)
    510    12   380632.2568   399   298739.0000   383274.7701   119739   28.30%
    512    14   380730.8651   248   298739.0000   383274.7701   121626   28.30%
    514    16   380419.3785   333   298739.0000   383274.7701   123833   28.30%
    515    17   380656.3258   404   298739.0000   383274.7701   124499   28.30%
    517    19   380500.6580   376   298739.0000   383274.7701   126708   28.30%
    519    21   380438.6365   261   298739.0000   383274.7701   128951   28.30%
    520    22   380414.9488   516   298739.0000   383274.7701   129683   28.30%
    522    24   380384.4933   464   298739.0000   383274.7701   131013   28.30%
    527    29   380003.9790   412   298739.0000   383274.7701   134843   28.30%
    530    32   379933.3920   538   298739.0000   383274.7701   136343   28.30%
Elapsed time = 24.74 sec. (62607.52 ticks, tree = 0.69 MB, solutions = 2)
    540    40   379135.0083   277   298739.0000   383274.7701   138595   28.30%
    552    50   377968.8023   333   298739.0000   383274.7701   140459   28.30%
    559    55   376281.2529   363   298739.0000   383274.7701   142635   28.30%
    564    56   382900.1458   530   298739.0000   383274.6838   144805   28.30%
    568    60   382754.1250   348   298739.0000   383274.6838   145409   28.30%
    569    61   382459.4805   519   298739.0000   383274.6838   147175   28.30%
    570    62   382418.7245   628   298739.0000   383274.6838   147767   28.30%
    571    63   382146.0299   413   298739.0000   383274.6838   148524   28.30%
    572    64   382417.8429   382   298739.0000   383274.6838   148587   28.30%
    574    66   382392.2457   270   298739.0000   383274.6838   148796   28.30%
Elapsed time = 31.05 sec. (79028.38 ticks, tree = 2.26 MB, solutions = 2)
    575    67   382136.8394   236   298739.0000   383274.6838   150278   28.30%
    576    68   382112.4165   368   298739.0000   383274.6838   150691   28.30%
    577    69   381948.8442   231   298739.0000   383274.6838   150934   28.30%
    578    70   381923.6183   261   298739.0000   383274.6838   151269   28.30%
    579    71   381796.0095   609   298739.0000   383274.6838   152019   28.30%
    582    74   380784.9308   343   298739.0000   383274.6838   155778   28.30%
    584    76   379456.7283   539   298739.0000   383274.6838   162945   28.30%
    585    77   379305.6417   375   298739.0000   383274.6838   166384   28.30%
    588    80   379237.8764   256   298739.0000   383274.6838   167739   28.30%
    591    83   379107.7533   367   298739.0000   383274.6838   168722   28.30%
Elapsed time = 36.37 sec. (93105.73 ticks, tree = 2.98 MB, solutions = 2)
    592    84   379066.6028   392   298739.0000   383274.6838   169112   28.30%
    599    91   378702.5606   246   298739.0000   383274.6838   170823   28.30%
    604    96   378345.6668   381   298739.0000   383274.6838   172941   28.30%
    612   104   377785.0845   482   298739.0000   383274.6838   175424   28.30%
    617   109   376833.2914   399   298739.0000   383274.6838   178248   28.30%
    639   130   375044.6170   511   298739.0000   383274.6838   180355   28.30%
    646   133   383111.2500   238   298739.0000   383111.2500   184394   28.24%
    655   142   382797.3158   520   298739.0000   383111.0341   185853   28.24%
    668   155   382422.6250   365   298739.0000   383111.0341   187666   28.24%
    672   159   381941.7976   505   298739.0000   383111.0341   189323   28.24%
Elapsed time = 40.45 sec. (103840.80 ticks, tree = 7.14 MB, solutions = 2)
    678   165   381862.9365   573   298739.0000   383111.0341   189727   28.24%
    687   174   381390.2109   690   298739.0000   383111.0341   191774   28.24%
    692   179   381274.2437   757   298739.0000   383111.0341   192935   28.24%
    700   187   380700.2727   197   298739.0000   383111.0341   195329   28.24%
    711   198   379861.8264   430   298739.0000   383111.0341   198349   28.24%
    720   207   379711.7206   447   298739.0000   383111.0341   199821   28.24%
    743   226   382794.2507   303   298739.0000   383111.0341   201999   28.24%
    753   236   382273.5262   448   298739.0000   383111.0341   204679   28.24%
    758   241   381486.1340   470   298739.0000   383111.0341   207316   28.24%
    769   248   382681.5833   281   298739.0000   383093.7500   209571   28.24%
Elapsed time = 44.38 sec. (114506.88 ticks, tree = 10.24 MB, solutions = 2)
    780   259   382186.5879   505   298739.0000   383093.7500   211849   28.24%
    788   263    infeasible         298739.0000   383093.7500   215775   28.24%
    796   271   381208.0000   303   298739.0000   383082.0000   218907   28.23%
    807   282   380752.9112   440   298739.0000   383082.0000   221626   28.23%
    817   292   380444.4590   368   298739.0000   383082.0000   225371   28.23%
    822   297   379732.4640   469   298739.0000   383082.0000   227522   28.23%
    830   301   381957.6926   429   298739.0000   383069.0216   231191   28.23%
    837   308   380897.2319   332   298739.0000   383069.0216   234926   28.23%
    845   316   380640.8575   543   298739.0000   383069.0216   237241   28.23%
    857   328   379919.9675   467   298739.0000   383069.0216   240295   28.23%
Elapsed time = 48.40 sec. (125224.89 ticks, tree = 13.69 MB, solutions = 2)
    884   352   375638.6039   264   298739.0000   383069.0216   244138   28.23%
    901   362   382376.0930   564   298739.0000   383059.5000   247688   28.23%
    919   380   381147.0215   519   298739.0000   383059.5000   251766   28.23%
    938   399   379611.7591   363   298739.0000   383059.5000   255433   28.23%
    948   405   382477.2500   278   298739.0000   383035.4557   258708   28.22%
    955   412   381286.1981   313   298739.0000   383035.4557   263840   28.22%
    970   427   380389.9270   487   298739.0000   383035.4557   267654   28.22%
    990   445   377682.6318   274   298739.0000   383035.4557   272061   28.22%
   1005   454   381852.0132   257   298739.0000   382938.1667   275859   28.18%
   1054   498   379902.0434   387   298739.0000   382900.1458   290397   28.17%
Elapsed time = 53.70 sec. (139244.49 ticks, tree = 22.86 MB, solutions = 2)
   1096   535   373732.2628   230   298739.0000   382900.1458   305356   28.17%
   1168   598   382363.5269   497   298739.0000   382870.0000   318165   28.16%
   1220   644   382507.5000   267   298739.0000   382849.3000   328914   28.16%
   1309   726   381395.3333   302   298739.0000   382809.3125   344209   28.14%
   1352   765    infeasible         298739.0000   382809.3125   359769   28.14%
   1397   804   381583.0171   249   298739.0000   382806.1429   370455   28.14%
   1438   840   382526.2868   376   298739.0000   382804.9571   379963   28.14%
   1462   864   380546.8728   266   298739.0000   382804.9571   395473   28.14%
   1517   917    infeasible         298739.0000   382804.9571   412658   28.14%
   1550   944   379588.5658   277   298739.0000   382796.9623   420791   28.14%
Elapsed time = 68.13 sec. (178321.94 ticks, tree = 41.75 MB, solutions = 2)
   1646  1036   382538.9534   642   298739.0000   382794.5526   434764   28.14%
   1684  1074   376150.0096   700   298739.0000   382794.5526   447683   28.14%
   1744  1130   377433.1442   469   298739.0000   382794.5000   460653   28.14%
   1848  1234   368185.2258   362   298739.0000   382794.5000   475125   28.14%
   1888  1270   380700.7936   543   298739.0000   382793.3949   489523   28.14%
   1940  1317   382624.9576   271   298739.0000   382787.4074   502659   28.13%
   1981  1356   377626.7457   402   298739.0000   382787.4074   518747   28.13%
   2042  1413   377799.5058   395   298739.0000   382784.8333   532454   28.13%
   2122  1484   380374.7065   441   298739.0000   382782.6364   547711   28.13%
   2167  1523   381536.8919   831   298739.0000   382780.5000   563657   28.13%
Elapsed time = 81.87 sec. (217083.23 ticks, tree = 68.46 MB, solutions = 2)
   2238  1590   374732.5952   429   298739.0000   382780.5000   576978   28.13%
   2260  1608   382230.0345   223   298739.0000   382778.3461   593287   28.13%
   2292  1640   376990.1702   403   298739.0000   382778.3461   608933   28.13%
   2370  1706   380528.2665   474   298739.0000   382774.8624   624257   28.13%
   2404  1734   381215.1239   680   298739.0000   382770.6164   639511   28.13%
   2468  1790   378358.9010   616   298739.0000   382770.6127   655886   28.13%
   2546  1864   378572.7724   577   298739.0000   382763.2469   670258   28.13%
   2639  1951    infeasible         298739.0000   382763.2469   686744   28.13%
   2676  1984   381953.9167   365   298739.0000   382755.3371   702100   28.12%
   2707  2015   379119.4672   396   298739.0000   382755.3371   718869   28.12%
Elapsed time = 95.44 sec. (255997.02 ticks, tree = 93.30 MB, solutions = 2)
   2743  2047   380483.8257   627   298739.0000   382750.5192   735105   28.12%
   2779  2077   382563.4806   430   298739.0000   382743.1852   752549   28.12%
   2852  2148   375934.8559   307   298739.0000   382743.1852   768106   28.12%
   2903  2195   379885.0590   332   298739.0000   382739.2849   784793   28.12%
   2939  2227   381495.9375   646   298739.0000   382733.5714   799923   28.12%
   2975  2263   376224.3412   627   298739.0000   382733.5714   813127   28.12%
   3009  2291   379075.4436   462   298739.0000   382726.4769   829104   28.11%
   3045  2321   381216.8333   392   298739.0000   382725.5269   845283   28.11%
   3079  2355   376783.8233   519   298739.0000   382725.5269   860849   28.11%
   3178  2448   373435.2955   329   298739.0000   382724.1925   877554   28.11%
Elapsed time = 109.18 sec. (295078.91 ticks, tree = 108.63 MB, solutions = 2)
   3232  2495   381002.0667   365   298739.0000   382723.5136   889485   28.11%
   3295  2556   375227.8828   505   298739.0000   382723.5136   906455   28.11%
   3372  2627   379120.2553   200   298739.0000   382699.2137   921675   28.10%
   3441  2692   382595.4958   285   298739.0000   382681.0937   938973   28.10%
   3515  2765   375888.4302   241   298739.0000   382681.0937   955628   28.10%
   3550  2794   378578.7064   635   298739.0000   382644.5812   970903   28.09%
   3599  2839   373774.7566   494   298739.0000   382644.5812   987494   28.09%
   3652  2888   378396.5417   508   298739.0000   382642.7980  1003373   28.09%
   3712  2942   377135.8918   360   298739.0000   382640.1028  1019484   28.09%
   3778  3002   374915.6227   419   298739.0000   382633.0690  1036308   28.08%
Elapsed time = 123.22 sec. (333979.36 ticks, tree = 137.95 MB, solutions = 2)
   3846  3066   381074.0943   479   298739.0000   382632.1348  1052076   28.08%
   3890  3104   381933.9293   552   298739.0000   382627.9459  1068058   28.08%
   3957  3160   380048.3805   298   298739.0000   382626.5323  1086057   28.08%
   4030  3225   376690.7037   544   298739.0000   382625.5494  1104775   28.08%
   4084  3275   379058.2391   365   298739.0000   382624.2575  1120526   28.08%
   4139  3326   379032.8333   330   298739.0000   382620.1250  1134970   28.08%
*  4200+ 3382                       298949.0000   382620.1250            27.99%
   4213  3397   369666.9306   173   298949.0000   382620.1250  1151536   27.99%
   4261  3439   377050.2400   435   298949.0000   382618.1559  1167516   27.99%
   4297  3469   379066.6998   345   298949.0000   382604.9352  1184576   27.98%
   4341  3507   382025.9872   306   298949.0000   382602.6428  1202295   27.98%
Elapsed time = 137.35 sec. (373091.07 ticks, tree = 165.44 MB, solutions = 3)
   4396  3558   374928.2426   486   298949.0000   382602.6428  1217522   27.98%
   4410  3568   382320.0570   389   298949.0000   382602.1289  1220027   27.98%
   4486  3640   381546.8000   713   298949.0000   382594.0654  1236743   27.98%
   4510  3664   380438.6645   639   298949.0000   382594.0654  1249647   27.98%
   4588  3737   376898.7212   392   298949.0000   382592.9207  1266152   27.98%
*  4700+ 3843                       299041.0000   382592.9207            27.94%
   4743  3884   382477.0257   335   299041.0000   382592.0104  1281867   27.94%

Clique cuts applied:  6
Cover cuts applied:  6
Implied bound cuts applied:  66
Flow cuts applied:  14
Mixed integer rounding cuts applied:  100
Zero-half cuts applied:  225
Gomory fractional cuts applied:  7

Root node processing (before b&c):
  Real time             =    0.67 sec. (1475.55 ticks)
Sequential b&c:
  Real time             =  145.33 sec. (395272.84 ticks)
                          ------------
Total (root+branch&cut) =  146.00 sec. (396748.39 ticks)
[CPLEX] Status: time limit exceeded
[CPLEX] OPTIMAL OBJ: 299041.0
[CPLEX] Runtime: 146.014 sec
Vehicle 0: d → 1 → 22 → 27 → 3 → 10 → 7 → 8 → 21 → 14 → 28 → 4 → 19 → 23 → 25 → 15 → 0 → 11 → 29 → d, (requests = [1, 6, 8, 24, 36, 39, 43, 48, 49])
Vehicle 1: d → 2 → 27 → 17 → 8 → 21 → 14 → 28 → 24 → 4 → 19 → 13 → 29 → 15 → 6 → 12 → 20 → 18 → d, (requests = [0, 2, 4, 19, 25, 28, 30, 50])
Vehicle 2: d → 16 → 18 → 30 → 20 → 12 → 6 → 25 → 23 → 19 → 4 → 28 → 14 → 21 → 8 → 17 → d, (requests = [5, 11, 12, 35, 44, 46])
Vehicle 3: d → 24 → 4 → 19 → 23 → 25 → 11 → d, (requests = [15, 40])
Vehicle 4: d → 11 → 0 → 12 → 6 → 25 → 13 → 26 → 19 → 4 → 24 → 9 → 14 → 21 → 17 → 7 → 10 → 27 → 22 → 2 → d, (requests = [7, 16, 18, 22, 23, 32, 45, 51])
Vehicle 5: d → 22 → 27 → 3 → 7 → 21 → 14 → 9 → 4 → 19 → 23 → 25 → 6 → 12 → 20 → 18 → 16 → d, (requests = [3, 9, 10, 13, 17])
Vehicle 6: d → 30 → 12 → 6 → 25 → 23 → 19 → 4 → 28 → 14 → 21 → 7 → 27 → 22 → 1 → 5 → d, (requests = [20, 26, 31, 34])
Vehicle 7: d → 3 → 17 → 8 → 21 → 14 → 28 → 4 → 19 → 23 → 25 → 6 → 12 → d, (requests = [14, 27, 33, 41, 53])
Vehicle 8: d → 13 → 23 → 26 → 19 → 4 → 28 → 14 → 21 → 7 → 3 → d, (requests = [29, 37, 47])
======== PPDSP OBJECTIVE ========
Profit    = 366427
Cost      = 67386
Objective = 299041
=================================
===== RAW XY MODEL =====
12 55 107 148 233 278 328 382 477 481 632 687 732 762 816 868 901 960 994 1116 1172 1229 1302 1429 1470 1501 1511 1577 1632 1646 1683 1711 1797 1906 1945 1968 2019 2353 2414 2470 2587 2666 2727 2772 2803 2809 2849 2877 2952 3020 3107 3177 3205 3463 3699 3947 4077 4088 4127 4332 4457 4540 4597 4662 4679 4747 4792 4797 4835 4887 4914 4996 5057 5134 5151 5222 5258 5296 5331 5448 5689 5733 5790 5831 5878 5990 6043 6129 6178 6217 6244 6272 6317 6347 6392 6453 6600 6776 6895 6930 6956 6990 7129 7208 7351 7418 7444 7494 7562 7625 7649 7711 7761 8017 8051 8108 8181 8319 8380 8456 8535 8590 8665 8710 8804 8899 9208 9237 9308 9520 9550 9693 9760 9843 9932 9991 10086 2050 2051 2054 6613 2184 3226 2187 5476 2191 6619 6620 3297 3300 6623 8942 4355 5485 6627 5487 4426 7783 5491 5492 5556 5562 7789 8955 5577 10134 6704 7794 6719 8961 7797 6735 7862 10142 7883 7893 8969 9041 9051 9061 9067 10152 10216 10225 10235 10247 10268
  [Time Manager] Step 60 consumed 146.02s. Total Consumed: 3599.02s.
  [Info] Saved 10269 core assumption literals to p1_A-n32-k5_r54v9k4.lp.asm

>>> ROLLING HORIZON COMPLETED SUCCESSFULLY <<<
