Default row names c1, c2 ... being created.
======================================================================
>>> MULTI-DIMENSIONAL ROLLING HORIZON (MIP) <<<
Instance: A-n32-k5 | Method: p1 | Strategy: UNI
Master Bounds Required -> Requests: 54, Vehicles: 9
Incremental Sequence (R,V,K): [('4', '2', '2'), ('5', '2', '2'), ('6', '2', '2'), ('7', '2', '2'), ('8', '2', '2'), ('9', '2', '2'), ('10', '2', '2'), ('11', '2', '2'), ('11', '3', '2'), ('12', '3', '2'), ('13', '3', '2'), ('14', '3', '2'), ('15', '3', '2'), ('16', '3', '2'), ('17', '3', '2'), ('18', '3', '2'), ('18', '4', '2'), ('19', '4', '2'), ('20', '4', '2'), ('21', '4', '2'), ('22', '4', '2'), ('23', '4', '2'), ('24', '4', '2'), ('24', '5', '2'), ('24', '5', '3'), ('25', '5', '3'), ('26', '5', '3'), ('27', '5', '3'), ('28', '5', '3'), ('29', '5', '3'), ('30', '5', '3'), ('30', '6', '3'), ('31', '6', '3'), ('32', '6', '3'), ('33', '6', '3'), ('34', '6', '3'), ('35', '6', '3'), ('36', '6', '3'), ('36', '7', '3'), ('37', '7', '3'), ('38', '7', '3'), ('39', '7', '3'), ('40', '7', '3'), ('41', '7', '3'), ('42', '7', '3'), ('42', '8', '3'), ('43', '8', '3'), ('44', '8', '3'), ('45', '8', '3'), ('46', '8', '3'), ('47', '8', '3'), ('48', '8', '3'), ('48', '9', '3'), ('49', '9', '3'), ('50', '9', '3'), ('51', '9', '3'), ('52', '9', '3'), ('53', '9', '3'), ('53', '9', '4'), ('54', '9', '4')]
======================================================================
  [Time Manager] Strategy: Uniform Recalibration (-Uni)
  [Time Manager] Global Budget: 3600.0s | Steps: 60 | Map Nodes |V|: 32

[1/60] Building & Solving: R=4, V=2, K=2
  [Info] Generating MIP Formulation...
  [Time Manager] Global Remaining Budget: 3600.00s | Future Weight Sum: 60.0
  [Time Manager] Recalibrated Budget for this step: 60.00s
[CPLEX] Setting time limit to 60 seconds
Version identifier: 22.1.1.0 | 2022-11-28 | 9160aff4d
CPXPARAM_Read_DataCheck                          1
CPXPARAM_Threads                                 1
CPXPARAM_TimeLimit                               60
Found incumbent of value 0.000000 after 0.00 sec. (0.06 ticks)
Tried aggregator 1 time.
MIP Presolve eliminated 56 rows and 1758 columns.
MIP Presolve modified 808 coefficients.
Reduced MIP has 728 rows, 424 columns, and 2748 nonzeros.
Reduced MIP has 300 binaries, 124 generals, 0 SOSs, and 0 indicators.
Presolve time = 0.00 sec. (1.89 ticks)
Probing time = 0.00 sec. (0.52 ticks)
Tried aggregator 1 time.
Detecting symmetries...
Reduced MIP has 728 rows, 424 columns, and 2748 nonzeros.
Reduced MIP has 300 binaries, 124 generals, 0 SOSs, and 0 indicators.
Presolve time = 0.00 sec. (1.69 ticks)
Probing time = 0.00 sec. (0.54 ticks)
Clique table members: 160.
MIP emphasis: balance optimality and feasibility.
MIP search method: dynamic search.
Parallel mode: none, using 1 thread.
Root relaxation solution time = 0.00 sec. (0.99 ticks)

        Nodes                                         Cuts/
   Node  Left     Objective  IInf  Best Integer    Best Bound    ItCnt     Gap

*     0+    0                            0.0000    51804.0000              --- 
      0     0    22879.0868    36        0.0000    22879.0868       50     --- 
      0     0    22553.9660    64        0.0000      Cuts: 67       93     --- 
      0     0    21984.6678    76        0.0000      Cuts: 40      125     --- 
      0     0    21783.5000    72        0.0000      Cuts: 40      143     --- 
      0     0    21721.7963    79        0.0000      Cuts: 26      161     --- 
      0     0    21612.5161    72        0.0000      Cuts: 23      177     --- 
Detecting symmetries...
      0     0    21474.4219    74        0.0000      Cuts: 24      197     --- 
      0     0    21422.6613    71        0.0000      Cuts: 22      212     --- 
      0     0    21152.8709    85        0.0000      Cuts: 26      243     --- 
      0     0    20833.5000    78        0.0000      Cuts: 36      259     --- 
      0     0    20740.5806    84        0.0000      Cuts: 28      292     --- 
      0     0    20652.6667    87        0.0000      Cuts: 44      322     --- 
      0     0    20616.2614    94        0.0000      Cuts: 25      337     --- 
      0     0    20605.2500    94        0.0000      Cuts: 24      357     --- 
      0     0    20591.5625    66        0.0000      Cuts: 18      374     --- 
      0     0    20568.2500    80        0.0000      Cuts: 28      387     --- 
      0     0    20515.3387    92        0.0000      Cuts: 31      411     --- 
      0     0    20513.0000    89        0.0000      Cuts: 36      421     --- 
      0     0    20479.1613    69        0.0000      Cuts: 24      454     --- 
      0     0    20460.5000    82        0.0000      Cuts: 20      466     --- 
      0     0    20407.3387    65        0.0000      Cuts: 28      490     --- 
      0     0    20373.6129   104        0.0000      Cuts: 20      519     --- 
      0     0    20368.0000   102        0.0000      Cuts: 37      532     --- 
      0     0    20325.5000    63        0.0000      Cuts: 17      543     --- 
      0     0    20320.0000    68        0.0000      Cuts: 34      557     --- 
      0     0    20283.5000    89        0.0000      Cuts: 35      574     --- 
      0     0    20276.8710    73        0.0000      Cuts: 25      603     --- 
      0     0    20275.0000    66        0.0000      Cuts: 19      615     --- 
Detecting symmetries...
      0     2    20275.0000    62        0.0000    20272.7500      615     --- 
Elapsed time = 0.07 sec. (122.81 ticks, tree = 0.01 MB, solutions = 1)
    557   331    18811.0722    67        0.0000    19663.8204     8253     --- 
   1040   583     3179.6774    33        0.0000    19476.8054    14702     --- 

Performing restart 1

Repeating presolve.
Tried aggregator 1 time.
Reduced MIP has 728 rows, 424 columns, and 2748 nonzeros.
Reduced MIP has 300 binaries, 124 generals, 0 SOSs, and 0 indicators.
Presolve time = 0.00 sec. (1.31 ticks)
Tried aggregator 1 time.
Reduced MIP has 728 rows, 424 columns, and 2748 nonzeros.
Reduced MIP has 300 binaries, 124 generals, 0 SOSs, and 0 indicators.
Presolve time = 0.00 sec. (1.74 ticks)
Represolve time = 0.00 sec. (5.32 ticks)
   1488     0    20270.7500   105        0.0000      Cuts: 87    21193     --- 
   1488     0    20268.5140   123        0.0000      Cuts: 45    21227     --- 
   1488     0    20157.9492   118        0.0000      Cuts: 49    21306     --- 
   1488     0    20063.3038   112        0.0000     Cuts: 109    21372     --- 
   1488     0    19981.3844   116        0.0000      Cuts: 60    21419     --- 
   1488     0    19938.5388   141        0.0000      Cuts: 78    21493     --- 
   1488     0    19832.7973   131        0.0000      Cuts: 99    21538     --- 
   1488     0    19777.4265   126        0.0000      Cuts: 58    21586     --- 
   1488     0    19758.2222    68        0.0000      Cuts: 51    21608     --- 
   1488     0    19727.5000    64        0.0000      Cuts: 74    21664     --- 
   1488     2    19727.5000    64        0.0000    19322.5378    21664     --- 
   1528    32    18475.9572    74        0.0000    19322.5378    22267     --- 
   1624    91    16856.0000    11        0.0000    19322.5378    23799     --- 
*  1635    43      integral     0    16434.0000    19322.5378    24096   17.58%
*  1821    94      integral     0    17215.0000    18846.0000    27957    9.47%
   1834    95    18767.6144    42    17215.0000    18837.7220    28174    9.43%
   2031    74    18132.4460    89    17215.0000    18233.0000    32515    5.91%

Cover cuts applied:  11
Implied bound cuts applied:  11
Flow cuts applied:  7
Mixed integer rounding cuts applied:  49
Zero-half cuts applied:  80
Lift and project cuts applied:  1
Gomory fractional cuts applied:  16

Root node processing (before b&c):
  Real time             =    0.07 sec. (122.88 ticks)
Sequential b&c:
  Real time             =    0.78 sec. (2013.04 ticks)
                          ------------
Total (root+branch&cut) =    0.85 sec. (2135.92 ticks)
[CPLEX] Status: integer optimal solution
[CPLEX] OPTIMAL OBJ: 17215.0
[CPLEX] Runtime: 0.852 sec
Vehicle 0: d, (requests = [])
Vehicle 1: d → 3 → 10 → 7 → 17 → 21 → 14 → 9 → 28 → 4 → 19 → 26 → 13 → 25 → 15 → 6 → 12 → 20 → d, (requests = [0, 1, 2, 3])
======== PPDSP OBJECTIVE ========
Profit    = 25902
Cost      = 8687
Objective = 17215
=================================
===== RAW XY MODEL =====
1131 1172 1229 1266 1341 1352 1429 1466 1482 1511 1590 1659 1696 1711 1840 1870 1925 2020 2050 2052 2054 2056
  [Time Manager] Step 1 consumed 0.85s. Total Consumed: 0.85s.
  [Info] Saved 2056 core assumption literals to p1_A-n32-k5_r4v2k2.lp.asm

[2/60] Building & Solving: R=5, V=2, K=2
Default row names c1, c2 ... being created.
  [Info] Generating MIP Formulation...
  [Time Manager] Global Remaining Budget: 3599.15s | Future Weight Sum: 59.0
  [Time Manager] Recalibrated Budget for this step: 61.00s
[CPLEX] Setting time limit to 61 seconds
[CPLEX] Reading assumption from p1_A-n32-k5_r4v2k2.lp.asm ...
[CPLEX] Applying MIP Start with 2056 variables.
Version identifier: 22.1.1.0 | 2022-11-28 | 9160aff4d
CPXPARAM_Read_DataCheck                          1
CPXPARAM_Threads                                 1
CPXPARAM_TimeLimit                               61
1 of 1 MIP starts provided solutions.
MIP start 'm1' defined initial solution with objective 17215.0000.
Tried aggregator 1 time.
MIP Presolve eliminated 54 rows and 1758 columns.
MIP Presolve modified 812 coefficients.
Reduced MIP has 737 rows, 426 columns, and 2802 nonzeros.
Reduced MIP has 302 binaries, 124 generals, 0 SOSs, and 0 indicators.
Presolve time = 0.00 sec. (1.91 ticks)
Probing time = 0.00 sec. (0.53 ticks)
Tried aggregator 1 time.
Detecting symmetries...
Reduced MIP has 737 rows, 426 columns, and 2802 nonzeros.
Reduced MIP has 302 binaries, 124 generals, 0 SOSs, and 0 indicators.
Presolve time = 0.00 sec. (1.71 ticks)
Probing time = 0.00 sec. (0.55 ticks)
Clique table members: 163.
MIP emphasis: balance optimality and feasibility.
MIP search method: dynamic search.
Parallel mode: none, using 1 thread.
Root relaxation solution time = 0.00 sec. (0.99 ticks)

        Nodes                                         Cuts/
   Node  Left     Objective  IInf  Best Integer    Best Bound    ItCnt     Gap

*     0+    0                        17215.0000    70510.0000           309.58%
      0     0    32209.7765    40    17215.0000    32209.7765       55   87.10%
      0     0    31885.7454    71    17215.0000      Cuts: 71      105   85.22%
      0     0    31353.1724    72    17215.0000      Cuts: 41      127   82.13%
      0     0    31213.0741    65    17215.0000      Cuts: 31      141   81.31%
      0     0    31108.3083    74    17215.0000      Cuts: 22      175   80.70%
      0     0    30906.9688    87    17215.0000      Cuts: 43      202   79.54%
Detecting symmetries...
      0     0    30613.2669    93    17215.0000      Cuts: 34      227   77.83%
      0     0    30333.0143    93    17215.0000      Cuts: 41      250   76.20%
      0     0    30039.7619    88    17215.0000      Cuts: 37      281   74.50%
      0     0    29962.0000    61    17215.0000      Cuts: 42      310   74.05%
      0     0    29918.9781    90    17215.0000      Cuts: 15      334   73.80%
      0     0    29915.5180    98    17215.0000      Cuts: 49      348   73.78%
      0     0    29903.5000    67    17215.0000      Cuts: 20      382   73.71%
      0     0    29900.5000    69    17215.0000      Cuts: 19      401   73.69%
      0     0    29900.1040   108    17215.0000   ZeroHalf: 6      412   73.69%
*     0+    0                        26413.0000    29900.1040            13.20%
      0     0        cutoff          26413.0000    29900.1040      412   13.20%
Detecting symmetries...
      0     2    29900.1040   108    26413.0000    29897.8357      412   13.19%
Elapsed time = 0.04 sec. (77.16 ticks, tree = 0.01 MB, solutions = 2)
    510   148    27587.8944    20    26413.0000    28201.9400     6837    6.77%
    913   200        cutoff          26413.0000    27818.7907    11831    5.32%
   1529   139        cutoff          26413.0000    27139.8000    18004    2.75%

Clique cuts applied:  2
Cover cuts applied:  18
Implied bound cuts applied:  97
Flow cuts applied:  2
Mixed integer rounding cuts applied:  51
Zero-half cuts applied:  64
Lift and project cuts applied:  1
Gomory fractional cuts applied:  5

Root node processing (before b&c):
  Real time             =    0.04 sec. (77.22 ticks)
Sequential b&c:
  Real time             =    0.31 sec. (798.33 ticks)
                          ------------
Total (root+branch&cut) =    0.35 sec. (875.54 ticks)
[CPLEX] Status: integer optimal solution
[CPLEX] OPTIMAL OBJ: 26413.0
[CPLEX] Runtime: 0.351 sec
Vehicle 0: d, (requests = [])
Vehicle 1: d → 3 → 10 → 7 → 17 → 21 → 14 → 9 → 28 → 4 → 19 → 26 → 13 → 25 → 29 → 15 → 6 → 12 → 20 → d, (requests = [0, 1, 2, 3, 4])
======== PPDSP OBJECTIVE ========
Profit    = 35255
Cost      = 8842
Objective = 26413
=================================
===== RAW XY MODEL =====
1131 1172 1229 1266 1341 1352 1429 1466 1482 1511 1590 1659 1696 1711 1854 1870 1925 1968 2020 2050 2052 2054 2056 2184
  [Time Manager] Step 2 consumed 0.35s. Total Consumed: 1.20s.
  [Info] Saved 2184 core assumption literals to p1_A-n32-k5_r5v2k2.lp.asm

[3/60] Building & Solving: R=6, V=2, K=2
Default row names c1, c2 ... being created.
  [Info] Generating MIP Formulation...
  [Time Manager] Global Remaining Budget: 3598.80s | Future Weight Sum: 58.0
  [Time Manager] Recalibrated Budget for this step: 62.05s
[CPLEX] Setting time limit to 62 seconds
[CPLEX] Reading assumption from p1_A-n32-k5_r5v2k2.lp.asm ...
[CPLEX] Applying MIP Start with 2058 variables.
Version identifier: 22.1.1.0 | 2022-11-28 | 9160aff4d
CPXPARAM_Read_DataCheck                          1
CPXPARAM_Threads                                 1
CPXPARAM_TimeLimit                               62
1 of 1 MIP starts provided solutions.
MIP start 'm1' defined initial solution with objective 26413.0000.
Tried aggregator 1 time.
MIP Presolve eliminated 52 rows and 1758 columns.
MIP Presolve modified 816 coefficients.
Reduced MIP has 746 rows, 428 columns, and 2856 nonzeros.
Reduced MIP has 304 binaries, 124 generals, 0 SOSs, and 0 indicators.
Presolve time = 0.00 sec. (1.93 ticks)
Probing time = 0.00 sec. (0.54 ticks)
Tried aggregator 1 time.
Detecting symmetries...
Reduced MIP has 746 rows, 428 columns, and 2856 nonzeros.
Reduced MIP has 304 binaries, 124 generals, 0 SOSs, and 0 indicators.
Presolve time = 0.00 sec. (1.74 ticks)
Probing time = 0.00 sec. (0.57 ticks)
Clique table members: 166.
MIP emphasis: balance optimality and feasibility.
MIP search method: dynamic search.
Parallel mode: none, using 1 thread.
Root relaxation solution time = 0.00 sec. (1.18 ticks)

        Nodes                                         Cuts/
   Node  Left     Objective  IInf  Best Integer    Best Bound    ItCnt     Gap

*     0+    0                        26413.0000    83568.0000           216.39%
      0     0    38734.0690    44    26413.0000    38734.0690       71   46.65%
      0     0    38389.1429    70    26413.0000      Cuts: 78      135   45.34%
      0     0    37838.1304    69    26413.0000      Cuts: 44      153   43.26%
      0     0    37800.5000    67    26413.0000      Cuts: 21      161   43.11%
      0     0    37744.4627    76    26413.0000      Cuts: 12      185   42.90%
      0     0    37610.5000    72    26413.0000      Cuts: 37      198   42.39%
Detecting symmetries...
      0     0    37318.3073    72    26413.0000      Cuts: 28      240   41.29%
      0     0    37188.0000    60    26413.0000      Cuts: 35      272   40.79%
      0     0    37042.5000   104    26413.0000       Cuts: 5      294   40.24%
      0     0    37032.5000    93    26413.0000      Cuts: 38      319   40.21%
      0     0    36972.5672   106    26413.0000  ZeroHalf: 26      354   39.98%
      0     0    36929.3077    76    26413.0000      Cuts: 30      377   39.81%
      0     0    36632.7037   111    26413.0000      Cuts: 41      418   38.69%
      0     0    36512.0000    89    26413.0000      Cuts: 47      474   38.23%
      0     0    36390.6667    88    26413.0000      Cuts: 21      509   37.78%
      0     0    36358.4141   115    26413.0000      Cuts: 49      535   37.65%
      0     0    36352.7500   104    26413.0000      Cuts: 37      544   37.63%
      0     0    36231.2500    66    26413.0000  ZeroHalf: 12      581   37.17%
      0     0    36212.3333    75    26413.0000      Cuts: 50      610   37.10%
      0     0    36212.3333    75    26413.0000      Cuts: 24      623   37.10%
Detecting symmetries...
      0     2    36212.3333    75    26413.0000    36209.0000      623   37.09%
Elapsed time = 0.05 sec. (97.28 ticks, tree = 0.01 MB, solutions = 1)
    495   297    34731.8072    61    26413.0000    35534.9603     7508   34.54%
    994   587    31498.7833    72    26413.0000    35105.1733    14665   32.91%

Performing restart 1

Repeating presolve.
Tried aggregator 1 time.
Reduced MIP has 746 rows, 428 columns, and 2856 nonzeros.
Reduced MIP has 304 binaries, 124 generals, 0 SOSs, and 0 indicators.
Presolve time = 0.00 sec. (1.36 ticks)
Tried aggregator 1 time.
Reduced MIP has 746 rows, 428 columns, and 2856 nonzeros.
Reduced MIP has 304 binaries, 124 generals, 0 SOSs, and 0 indicators.
Presolve time = 0.00 sec. (1.80 ticks)
Represolve time = 0.00 sec. (5.30 ticks)
   1036     0    36129.8006   135    26413.0000      Cuts: 77    15478   32.79%
   1036     0    36084.6949   126    26413.0000      Cuts: 59    15552   32.79%
   1036     0    35898.6092   149    26413.0000     Cuts: 100    15605   32.79%
   1036     0    35809.8650   135    26413.0000      Cuts: 62    15656   32.79%
   1036     0    35724.7068   128    26413.0000      Cuts: 52    15708   32.79%
   1036     0    35655.9762   163    26413.0000      Cuts: 89    15782   32.79%
   1036     0    35630.4387   151    26413.0000      Cuts: 97    15828   32.79%
   1036     0    35590.4383   155    26413.0000      Cuts: 63    15859   32.79%
   1036     0    35570.6948   168    26413.0000      Cuts: 57    15916   32.79%
   1036     0    35562.6277   141    26413.0000     Cuts: 110    15935   32.79%
   1036     0    35560.9077   146    26413.0000      Cuts: 72    15960   32.79%
   1036     2    35560.9077   146    26413.0000    35074.1400    15960   32.79%
   1047    12    33708.9400    57    26413.0000    35074.1400    16413   32.79%
   1096    44    31209.1680    42    26413.0000    35015.8141    17501   32.57%
   1220   132    31566.1139    62    26413.0000    34657.4000    21407   31.21%
   1373   227    33712.6396    33    26413.0000    34393.2573    25542   30.21%
   1526   323    26669.5600    12    26413.0000    34180.7287    29716   29.41%
   1705   396        cutoff          26413.0000    33966.6400    34531   28.60%
   2542   770    32656.5597   106    26413.0000    33068.6230    53382   25.20%
Elapsed time = 3.26 sec. (3483.20 ticks, tree = 0.41 MB, solutions = 1)
   3456  1038    30917.5227    83    26413.0000    32090.1763    71982   21.49%
   4196  1191        cutoff          26413.0000    31555.5750    89516   19.47%
   4902  1307        cutoff          26413.0000    31247.5954   105664   18.30%
   5723  1385    29796.7600    31    26413.0000    30792.5200   124022   16.58%
   6591  1509        cutoff          26413.0000    30443.1189   141429   15.26%
   7396  1550    27627.3375    40    26413.0000    30075.9867   157521   13.87%
   8148  1599    28678.8280    35    26413.0000    29832.8000   173741   12.95%
   8983  1664    29178.7508    52    26413.0000    29562.6660   191723   11.92%
   9639  1541        cutoff          26413.0000    29287.7311   208601   10.88%
  10344  1420    28088.3333    29    26413.0000    28999.6250   224331    9.79%
Elapsed time = 6.87 sec. (13026.92 ticks, tree = 0.74 MB, solutions = 1)
  11101  1277    27560.4200    14    26413.0000    28662.2246   242216    8.52%
  11863  1043    28078.7200    51    26413.0000    28316.3433   259160    7.21%
  12602   750    26617.8772    44    26413.0000    27852.4361   275036    5.45%
  13354   447        cutoff          26413.0000    27320.3077   290130    3.44%

GUB cover cuts applied:  2
Clique cuts applied:  5
Cover cuts applied:  34
Implied bound cuts applied:  21
Flow cuts applied:  15
Mixed integer rounding cuts applied:  89
Zero-half cuts applied:  73
Multi commodity flow cuts applied:  1
Lift and project cuts applied:  41
Gomory fractional cuts applied:  17

Root node processing (before b&c):
  Real time             =    0.05 sec. (97.32 ticks)
Sequential b&c:
  Real time             =    8.59 sec. (17378.09 ticks)
                          ------------
Total (root+branch&cut) =    8.64 sec. (17475.41 ticks)
[CPLEX] Status: integer optimal, tolerance
[CPLEX] OPTIMAL OBJ: 26413.0
[CPLEX] Runtime: 8.647 sec
Vehicle 0: d, (requests = [])
Vehicle 1: d → 3 → 10 → 7 → 17 → 21 → 14 → 9 → 28 → 4 → 19 → 26 → 13 → 25 → 29 → 15 → 6 → 12 → 20 → d, (requests = [0, 1, 2, 3, 4])
======== PPDSP OBJECTIVE ========
Profit    = 35255
Cost      = 8842
Objective = 26413
=================================
===== RAW XY MODEL =====
1131 1172 1229 1266 1341 1352 1429 1466 1482 1511 1590 1659 1696 1711 1854 1870 1925 1968 2020 2050 2052 2054 2056 2184
  [Time Manager] Step 3 consumed 8.65s. Total Consumed: 9.85s.
  [Info] Saved 2186 core assumption literals to p1_A-n32-k5_r6v2k2.lp.asm

[4/60] Building & Solving: R=7, V=2, K=2
Default row names c1, c2 ... being created.
  [Info] Generating MIP Formulation...
  [Time Manager] Global Remaining Budget: 3590.15s | Future Weight Sum: 57.0
  [Time Manager] Recalibrated Budget for this step: 62.99s
[CPLEX] Setting time limit to 62 seconds
[CPLEX] Reading assumption from p1_A-n32-k5_r6v2k2.lp.asm ...
[CPLEX] Applying MIP Start with 2060 variables.
Version identifier: 22.1.1.0 | 2022-11-28 | 9160aff4d
CPXPARAM_Read_DataCheck                          1
CPXPARAM_Threads                                 1
CPXPARAM_TimeLimit                               62
1 of 1 MIP starts provided solutions.
MIP start 'm1' defined initial solution with objective 26413.0000.
Tried aggregator 1 time.
MIP Presolve eliminated 50 rows and 1758 columns.
MIP Presolve modified 820 coefficients.
Reduced MIP has 755 rows, 430 columns, and 2912 nonzeros.
Reduced MIP has 306 binaries, 124 generals, 0 SOSs, and 0 indicators.
Presolve time = 0.00 sec. (1.96 ticks)
Probing time = 0.00 sec. (0.56 ticks)
Tried aggregator 1 time.
Detecting symmetries...
Reduced MIP has 755 rows, 430 columns, and 2912 nonzeros.
Reduced MIP has 306 binaries, 124 generals, 0 SOSs, and 0 indicators.
Presolve time = 0.00 sec. (1.77 ticks)
Probing time = 0.00 sec. (0.58 ticks)
Clique table members: 167.
MIP emphasis: balance optimality and feasibility.
MIP search method: dynamic search.
Parallel mode: none, using 1 thread.
Root relaxation solution time = 0.00 sec. (1.45 ticks)

        Nodes                                         Cuts/
   Node  Left     Objective  IInf  Best Integer    Best Bound    ItCnt     Gap

*     0+    0                        26413.0000    99396.0000           276.31%
      0     0    46308.7931    50    26413.0000    46308.7931       81   75.33%
      0     0    45942.7143    83    26413.0000      Cuts: 89      151   73.94%
      0     0    45442.4769    85    26413.0000      Cuts: 41      171   72.05%
      0     0    45314.4659    95    26413.0000      Cuts: 28      208   71.56%
      0     0    45141.0000    87    26413.0000      Cuts: 41      228   70.90%
      0     0    44968.5385    98    26413.0000      Cuts: 19      265   70.25%
Detecting symmetries...
      0     0    44879.1852    88    26413.0000      Cuts: 36      286   69.91%
      0     0    44734.5000    93    26413.0000      Cuts: 34      299   69.37%
      0     0    44576.1250    99    26413.0000      Cuts: 15      322   68.77%
      0     0    44535.5000    95    26413.0000      Cuts: 26      334   68.61%
      0     0    44266.5000    97    26413.0000  ZeroHalf: 11      344   67.59%
      0     0    44196.8750   105    26413.0000       Cuts: 8      368   67.33%
      0     0    44131.5000    83    26413.0000      Cuts: 37      389   67.08%
      0     0    44127.5000   103    26413.0000       Cuts: 9      399   67.07%
      0     0    44123.5000    88    26413.0000      Cuts: 25      404   67.05%
      0     0    44123.5000    99    26413.0000      Cuts: 13      409   67.05%
Detecting symmetries...
      0     2    44123.5000    99    26413.0000    44119.0000      409   67.04%
Elapsed time = 0.04 sec. (85.97 ticks, tree = 0.01 MB, solutions = 1)
    504   358    42167.6223    92    26413.0000    43218.8473     7204   63.63%

Performing restart 1

Repeating presolve.
Tried aggregator 1 time.
Reduced MIP has 755 rows, 430 columns, and 2912 nonzeros.
Reduced MIP has 306 binaries, 124 generals, 0 SOSs, and 0 indicators.
Presolve time = 0.00 sec. (1.38 ticks)
Tried aggregator 1 time.
Reduced MIP has 755 rows, 430 columns, and 2912 nonzeros.
Reduced MIP has 306 binaries, 124 generals, 0 SOSs, and 0 indicators.
Presolve time = 0.00 sec. (1.83 ticks)
Represolve time = 0.00 sec. (5.19 ticks)
   1058     0    43935.3333   121    26413.0000      Cuts: 38    14209   62.16%
   1058     0    43845.4138   130    26413.0000      Cuts: 52    14245   62.16%
   1058     0    43713.2500   108    26413.0000      Cuts: 47    14268   62.16%
   1058     0    43524.8333   144    26413.0000      Cuts: 69    14320   62.16%
   1058     0    43438.7500   136    26413.0000      Cuts: 86    14347   62.16%
   1058     0    43377.6667   133    26413.0000      Cuts: 94    14406   62.16%
   1058     0    43327.0000   139    26413.0000      Cuts: 60    14443   62.16%
   1058     0    43324.1667   149    26413.0000      Cuts: 36    14462   62.16%
   1058     0    43322.5000   129    26413.0000      Cuts: 30    14479   62.16%
   1058     0    43311.0833   135    26413.0000      Cuts: 24    14506   62.16%
   1058     2    43311.0833   119    26413.0000    42830.2500    14506   62.16%
   1075    19    42443.9998    69    26413.0000    42830.2500    14969   62.16%
   1143    65    39281.9452    54    26413.0000    42830.2500    16612   62.16%
   1334   184    42187.5666    94    26413.0000    42592.0870    20284   61.25%
   1529   296    36049.2826    62    26413.0000    42309.4500    24532   60.18%
   1738   420    31946.0465    60    26413.0000    42107.8837    28860   59.42%
   1924   522    40905.7200    42    26413.0000    41892.6100    32651   58.61%
   2098   616    39894.7807    75    26413.0000    41804.6885    37142   58.27%
*  2289   574      integral     0    32155.0000    41680.9766    41464   29.63%
   2954   847    36006.5900    40    32155.0000    41094.3000    58580   27.80%
Elapsed time = 1.38 sec. (3477.79 ticks, tree = 0.44 MB, solutions = 2)
*  3058+  862                        32495.0000    41025.5200            26.25%
*  3158+  886                        32726.0000    40950.8396            25.13%
   3923  1188    38682.5556    86    32726.0000    40504.8233    79703   23.77%
   4825  1509    38489.0656    52    32726.0000    40087.0000    97769   22.49%
   6003  1867    37201.5916    36    32726.0000    39663.3769   117522   21.20%
   6940  2041    39153.0167    40    32726.0000    39334.0668   136062   20.19%
   7927  2280    36989.3976    52    32726.0000    39131.9032   154686   19.57%
   8843  2434    infeasible          32726.0000    38943.0000   175254   19.00%
   9802  2580    37032.0637    79    32726.0000    38762.9620   195293   18.45%
  10647  2691    36470.6511    31    32726.0000    38598.9574   214123   17.95%
  11489  2707    38395.7400    59    32726.0000    38415.9170   234082   17.39%
  12327  2753    35353.9768    32    32726.0000    38234.7099   255737   16.83%
Elapsed time = 5.02 sec. (13022.14 ticks, tree = 1.46 MB, solutions = 4)
  13155  2751    37034.3143    63    32726.0000    38040.1864   275838   16.24%
  13918  2722    37816.4320    35    32726.0000    37865.0721   293863   15.70%
  14803  2665    34166.1943    38    32726.0000    37626.9759   314634   14.98%
  15723  2613    infeasible          32726.0000    37404.2621   334983   14.30%
  16612  2570        cutoff          32726.0000    37145.5200   353973   13.50%
  17388  2522        cutoff          32726.0000    36959.6872   371688   12.94%
  18238  2544    36602.6101    26    32726.0000    36784.6516   389795   12.40%
  19112  2523        cutoff          32726.0000    36585.5672   408993   11.79%
  19954  2496    33471.8500    16    32726.0000    36414.5500   428386   11.27%
  20798  2409    34811.5328    93    32726.0000    36215.8586   447536   10.66%
Elapsed time = 8.72 sec. (22569.17 ticks, tree = 1.36 MB, solutions = 4)
  21543  2261        cutoff          32726.0000    36008.5698   464172   10.03%
  22222  2125    35527.1733    32    32726.0000    35849.6683   480466    9.54%
  23040  1997        cutoff          32726.0000    35639.0000   497201    8.90%
  23876  1819        cutoff          32726.0000    35430.3045   513971    8.26%
  24632  1648    34878.9911    63    32726.0000    35235.5767   530045    7.67%
  25532  1399    33600.6039    81    32726.0000    34970.6500   547869    6.86%
  26324  1123    34416.4487    82    32726.0000    34643.6767   562429    5.86%
  27144   801    34036.4353    59    32726.0000    34138.1723   577566    4.32%
  27987   414    33027.6762    32    32726.0000    33535.3669   591265    2.47%

GUB cover cuts applied:  2
Clique cuts applied:  6
Cover cuts applied:  71
Implied bound cuts applied:  17
Flow cuts applied:  15
Mixed integer rounding cuts applied:  135
Zero-half cuts applied:  71
Multi commodity flow cuts applied:  1
Gomory fractional cuts applied:  20

Root node processing (before b&c):
  Real time             =    0.04 sec. (86.06 ticks)
Sequential b&c:
  Real time             =   12.33 sec. (31752.60 ticks)
                          ------------
Total (root+branch&cut) =   12.38 sec. (31838.66 ticks)
[CPLEX] Status: integer optimal, tolerance
[CPLEX] OPTIMAL OBJ: 32726.0
[CPLEX] Runtime: 12.378 sec
Vehicle 0: d → 0 → 15 → 29 → d, (requests = [6])
Vehicle 1: d → 3 → 10 → 7 → 17 → 21 → 14 → 9 → 28 → 4 → 19 → 26 → 13 → 25 → 29 → 15 → 6 → 12 → 20 → d, (requests = [0, 1, 2, 3, 4])
======== PPDSP OBJECTIVE ========
Profit    = 43169
Cost      = 10443
Objective = 32726
=================================
===== RAW XY MODEL =====
16 510 960 993 1131 1172 1229 1266 1341 1352 1429 1466 1482 1511 1590 1659 1696 1711 1854 1870 1925 1968 2020 2050 2052 2054 2056 2184 2187
  [Time Manager] Step 4 consumed 12.38s. Total Consumed: 22.23s.
  [Info] Saved 2188 core assumption literals to p1_A-n32-k5_r7v2k2.lp.asm

[5/60] Building & Solving: R=8, V=2, K=2
Default row names c1, c2 ... being created.
  [Info] Generating MIP Formulation...
  [Time Manager] Global Remaining Budget: 3577.77s | Future Weight Sum: 56.0
  [Time Manager] Recalibrated Budget for this step: 63.89s
[CPLEX] Setting time limit to 63 seconds
[CPLEX] Reading assumption from p1_A-n32-k5_r7v2k2.lp.asm ...
[CPLEX] Applying MIP Start with 2062 variables.
Version identifier: 22.1.1.0 | 2022-11-28 | 9160aff4d
CPXPARAM_Read_DataCheck                          1
CPXPARAM_Threads                                 1
CPXPARAM_TimeLimit                               63
1 of 1 MIP starts provided solutions.
MIP start 'm1' defined initial solution with objective 32726.0000.
Tried aggregator 1 time.
MIP Presolve eliminated 50 rows and 1758 columns.
MIP Presolve modified 820 coefficients.
Reduced MIP has 762 rows, 432 columns, and 2968 nonzeros.
Reduced MIP has 308 binaries, 124 generals, 0 SOSs, and 0 indicators.
Presolve time = 0.00 sec. (1.98 ticks)
Probing time = 0.00 sec. (0.57 ticks)
Tried aggregator 1 time.
Detecting symmetries...
Reduced MIP has 762 rows, 432 columns, and 2968 nonzeros.
Reduced MIP has 308 binaries, 124 generals, 0 SOSs, and 0 indicators.
Presolve time = 0.00 sec. (1.80 ticks)
Probing time = 0.00 sec. (0.59 ticks)
Clique table members: 170.
MIP emphasis: balance optimality and feasibility.
MIP search method: dynamic search.
Parallel mode: none, using 1 thread.
Root relaxation solution time = 0.00 sec. (1.48 ticks)

        Nodes                                         Cuts/
   Node  Left     Objective  IInf  Best Integer    Best Bound    ItCnt     Gap

*     0+    0                        32726.0000   110568.0000           237.86%
      0     0    51717.3333    50    32726.0000    51717.3333       90   58.03%
      0     0    51383.0000    83    32726.0000      Cuts: 82      141   57.01%
      0     0    51087.2000    83    32726.0000      Cuts: 38      185   56.11%
      0     0    50969.9885    81    32726.0000      Cuts: 36      194   55.75%
      0     0    50693.6500   101    32726.0000      Cuts: 22      234   54.90%
      0     0    50561.7308   102    32726.0000      Cuts: 40      249   54.50%
Detecting symmetries...
      0     0    50249.7042   112    32726.0000      Cuts: 27      280   53.55%
      0     0    50230.4429   115    32726.0000      Cuts: 40      310   53.49%
      0     0    50182.9667   121    32726.0000      Cuts: 25      323   53.34%
      0     0    50151.4000   110    32726.0000      Cuts: 49      337   53.25%
      0     0    50147.9000   106    32726.0000      Cuts: 44      342   53.24%
      0     0    50090.7852   114    32726.0000  ZeroHalf: 24      366   53.06%
      0     0    49861.9000   110    32726.0000      Cuts: 65      394   52.36%
      0     0    49642.5000   107    32726.0000      Cuts: 35      419   51.69%
      0     0    49571.1667   128    32726.0000      Cuts: 46      448   51.47%
      0     0    49570.5833   138    32726.0000      Cuts: 33      464   51.47%
Detecting symmetries...
      0     2    49570.5833   127    32726.0000    49553.2500      464   51.42%
Elapsed time = 0.05 sec. (90.51 ticks, tree = 0.01 MB, solutions = 1)
    497   342    48548.0000    86    32726.0000    48678.5933     7589   48.75%
    935   625    41993.9518    76    32726.0000    48478.3969    14036   48.13%

Performing restart 1

Repeating presolve.
Tried aggregator 1 time.
Reduced MIP has 762 rows, 432 columns, and 2968 nonzeros.
Reduced MIP has 308 binaries, 124 generals, 0 SOSs, and 0 indicators.
Presolve time = 0.00 sec. (1.41 ticks)
Tried aggregator 1 time.
Reduced MIP has 762 rows, 432 columns, and 2968 nonzeros.
Reduced MIP has 308 binaries, 124 generals, 0 SOSs, and 0 indicators.
Presolve time = 0.00 sec. (1.86 ticks)
Represolve time = 0.00 sec. (5.45 ticks)
    996     0    49416.6278   129    32726.0000      Cuts: 63    15229   48.12%
    996     0    49242.9572   158    32726.0000      Cuts: 69    15279   48.12%
    996     0    49172.7219   150    32726.0000      Cuts: 70    15314   48.12%
    996     0    49105.8569   158    32726.0000      Cuts: 74    15356   48.12%
    996     0    49013.7337   147    32726.0000      Cuts: 34    15416   48.12%
    996     0    48992.5305   162    32726.0000      Cuts: 77    15472   48.12%
    996     0    48941.5285   161    32726.0000      Cuts: 49    15538   48.12%
    996     0    48924.8957   163    32726.0000      Cuts: 78    15595   48.12%
    996     2    48924.8957   155    32726.0000    48473.3269    15595   48.12%
   1006    12    48657.6083    97    32726.0000    48473.3269    16031   48.12%
   1051    42    41211.4041    42    32726.0000    48473.3269    17569   48.12%
   1192   127    37515.0750    62    32726.0000    48319.3083    20901   47.65%
   1390   261    34849.3272    67    32726.0000    48109.9143    25493   47.01%
   1608   399    47239.1399    90    32726.0000    47602.2850    29970   45.46%
   1843   535        cutoff          32726.0000    47368.7114    34628   44.74%
   2651   966    45371.2563    82    32726.0000    46818.7857    51989   43.06%
Elapsed time = 1.37 sec. (3460.18 ticks, tree = 0.46 MB, solutions = 1)
   3665  1515    33092.4138     6    32726.0000    46332.5979    70916   41.58%
   4524  1895    35187.4000    76    32726.0000    46017.9903    88315   40.62%
   5438  2296    44701.6614    74    32726.0000    45522.5789   107480   39.10%
   6382  2678        cutoff          32726.0000    45160.2000   127607   37.99%
   7200  3000    34505.5230    58    32726.0000    44902.1630   144833   37.21%
   8096  3349    39580.0900    47    32726.0000    44608.7500   162766   36.31%
   8916  3633    43154.9597    83    32726.0000    44391.1000   181417   35.64%
   9757  3913    36590.1887    59    32726.0000    44199.8710   199233   35.06%
  10418  4090    41288.3846    65    32726.0000    44028.2068   214881   34.54%
  11144  4287    infeasible          32726.0000    43854.9000   232718   34.01%
Elapsed time = 5.00 sec. (13008.05 ticks, tree = 2.34 MB, solutions = 1)
  11954  4486        cutoff          32726.0000    43638.1251   250661   33.34%
  12720  4661    33897.4500    49    32726.0000    43411.3404   269046   32.65%
  13487  4826        cutoff          32726.0000    43203.5000   285064   32.02%
  14266  4967    38842.2912    73    32726.0000    42955.2133   301653   31.26%
  15173  5158        cutoff          32726.0000    42697.3430   319824   30.47%
  16065  5291    33021.3900    45    32726.0000    42390.6957   338349   29.53%
  16971  5496    37409.2500    55    32726.0000    42114.6346   355137   28.69%
  17841  5714        cutoff          32726.0000    41884.4807   371341   27.99%
  18723  5946    32970.6440    77    32726.0000    41673.4637   388216   27.34%
  19610  6074    36199.4334    34    32726.0000    41428.8600   405480   26.59%
Elapsed time = 8.66 sec. (22553.29 ticks, tree = 3.20 MB, solutions = 1)
  20527  6245    36767.0000    18    32726.0000    41211.2500   423155   25.93%
  21389  6467    41038.4545    83    32726.0000    41083.4000   438332   25.54%
  22210  6583    40788.8800    26    32726.0000    40925.8179   454063   25.06%
  22938  6688    34211.1962    35    32726.0000    40814.2683   467895   24.72%
  23706  6794    40640.6381    58    32726.0000    40663.2534   482843   24.25%
  24523  6854    35454.4167    54    32726.0000    40510.0400   498839   23.79%
* 25022  4005      integral     0    36221.0000    40425.4434   507262   11.61%
* 25220  3811      integral     0    36392.0000    40383.0000   511555   10.97%
* 25320+ 3540                        36713.0000    40375.0000             9.97%
  25371  3537    39888.8937    74    36713.0000    40364.5000   513946    9.95%
* 25996+ 3355                        36904.0000    40257.2500             9.09%
  26180  3311        cutoff          36904.0000    40213.8852   528529    8.97%
  27009  3217    39733.1800    57    36904.0000    40061.5333   542331    8.56%
  27756  3127    38281.7876   106    36904.0000    39907.7800   556350    8.14%
Elapsed time = 12.43 sec. (32101.21 ticks, tree = 1.84 MB, solutions = 5)
  28396  3015    37534.4715    99    36904.0000    39767.7700   569676    7.76%
  29079  2834    38119.2985    97    36904.0000    39564.1130   582665    7.21%
  29781  2599    39343.8614    46    36904.0000    39362.1034   594803    6.66%
  30482  2381        cutoff          36904.0000    39155.4000   608889    6.10%
  31232  2152        cutoff          36904.0000    38916.4000   622547    5.45%
* 31700  1995      integral     0    36915.0000    38762.3000   631097    5.00%
  31954  1906    38429.2457    58    36915.0000    38670.6976   636226    4.76%
* 32640  1698      integral     0    36922.0000    38469.2900   648365    4.19%
  32710  1695    38116.2500    22    36922.0000    38454.9200   649360    4.15%
  33507  1599    37947.8000    25    36922.0000    38298.2751   661679    3.73%
  34296  1514    38151.4500    48    36922.0000    38162.5294   673370    3.36%
  35070  1313        cutoff          36922.0000    38010.4138   683906    2.95%
Elapsed time = 18.18 sec. (41646.63 ticks, tree = 1.00 MB, solutions = 7)
  35910  1118        cutoff          36922.0000    37839.4138   695141    2.48%
  36751   712        cutoff          36922.0000    37586.9016   707535    1.80%

GUB cover cuts applied:  1
Clique cuts applied:  4
Cover cuts applied:  81
Implied bound cuts applied:  23
Flow cuts applied:  17
Mixed integer rounding cuts applied:  132
Zero-half cuts applied:  75
Lift and project cuts applied:  22
Gomory fractional cuts applied:  14

Root node processing (before b&c):
  Real time             =    0.05 sec. (90.65 ticks)
Sequential b&c:
  Real time             =   19.26 sec. (44296.85 ticks)
                          ------------
Total (root+branch&cut) =   19.31 sec. (44387.50 ticks)
[CPLEX] Status: integer optimal, tolerance
[CPLEX] OPTIMAL OBJ: 36922.0
[CPLEX] Runtime: 19.310 sec
Vehicle 0: d → 30 → 20 → 12 → 6 → 0 → 15 → 29 → 25 → 13 → 26 → 19 → 4 → 28 → 14 → 21 → 8 → 17 → 7 → 27 → d, (requests = [5, 6, 7])
Vehicle 1: d → 3 → 10 → 7 → 17 → 21 → 14 → 9 → 28 → 4 → 19 → 26 → 13 → 25 → 29 → 15 → 6 → 12 → 20 → d, (requests = [0, 1, 2, 3, 4])
======== PPDSP OBJECTIVE ========
Profit    = 55284
Cost      = 18362
Objective = 36922
=================================
===== RAW XY MODEL =====
16 157 193 252 274 391 443 470 510 552 613 653 681 814 852 896 911 954 981 1023 1131 1172 1229 1266 1341 1352 1429 1466 1482 1511 1590 1659 1696 1711 1854 1870 1925 1968 2020 2050 2052 2054 2056 2184 2185 2187 2189
  [Time Manager] Step 5 consumed 19.31s. Total Consumed: 41.54s.
  [Info] Saved 2190 core assumption literals to p1_A-n32-k5_r8v2k2.lp.asm

[6/60] Building & Solving: R=9, V=2, K=2
Default row names c1, c2 ... being created.
  [Info] Generating MIP Formulation...
  [Time Manager] Global Remaining Budget: 3558.46s | Future Weight Sum: 55.0
  [Time Manager] Recalibrated Budget for this step: 64.70s
[CPLEX] Setting time limit to 64 seconds
[CPLEX] Reading assumption from p1_A-n32-k5_r8v2k2.lp.asm ...
[CPLEX] Applying MIP Start with 2064 variables.
Version identifier: 22.1.1.0 | 2022-11-28 | 9160aff4d
CPXPARAM_Read_DataCheck                          1
CPXPARAM_Threads                                 1
CPXPARAM_TimeLimit                               64
1 of 1 MIP starts provided solutions.
MIP start 'm1' defined initial solution with objective 36922.0000.
Tried aggregator 1 time.
MIP Presolve eliminated 48 rows and 1758 columns.
MIP Presolve modified 824 coefficients.
Reduced MIP has 771 rows, 434 columns, and 3022 nonzeros.
Reduced MIP has 310 binaries, 124 generals, 0 SOSs, and 0 indicators.
Presolve time = 0.00 sec. (2.01 ticks)
Probing time = 0.00 sec. (0.58 ticks)
Tried aggregator 1 time.
Detecting symmetries...
Reduced MIP has 771 rows, 434 columns, and 3022 nonzeros.
Reduced MIP has 310 binaries, 124 generals, 0 SOSs, and 0 indicators.
Presolve time = 0.00 sec. (1.83 ticks)
Probing time = 0.00 sec. (0.60 ticks)
Clique table members: 173.
MIP emphasis: balance optimality and feasibility.
MIP search method: dynamic search.
Parallel mode: none, using 1 thread.
Root relaxation solution time = 0.00 sec. (1.59 ticks)

        Nodes                                         Cuts/
   Node  Left     Objective  IInf  Best Integer    Best Bound    ItCnt     Gap

*     0+    0                        36922.0000   120638.0000           226.74%
      0     0    56451.7500    56    36922.0000    56451.7500       99   52.89%
      0     0    56101.0000    91    36922.0000      Cuts: 92      155   51.94%
      0     0    55842.7556    93    36922.0000      Cuts: 40      201   51.25%
      0     0    55716.7941    88    36922.0000      Cuts: 55      216   50.90%
      0     0    55474.5000    89    36922.0000      Cuts: 35      255   50.25%
      0     0    55393.1471   114    36922.0000      Cuts: 30      280   50.03%
Detecting symmetries...
      0     0    55263.0000   110    36922.0000      Cuts: 57      292   49.67%
      0     0    55056.6618   132    36922.0000      Cuts: 37      337   49.12%
      0     0    54905.0833   107    36922.0000      Cuts: 41      361   48.71%
      0     0    54851.3125   112    36922.0000      Cuts: 20      371   48.56%
      0     0    54747.9167   132    36922.0000      Cuts: 38      396   48.28%
      0     0    54662.2500   115    36922.0000      Cuts: 35      416   48.05%
      0     0    54566.8477   119    36922.0000      Cuts: 37      474   47.79%
      0     0    54433.7500   133    36922.0000      Cuts: 51      520   47.43%
      0     0    54121.6667   143    36922.0000      Cuts: 53      570   46.58%
      0     0    54045.5000   134    36922.0000      Cuts: 39      597   46.38%
      0     0    54013.4167   149    36922.0000      Cuts: 22      626   46.29%
      0     0    53988.0000   160    36922.0000      Cuts: 37      654   46.22%
      0     0    53843.6250   173    36922.0000      Cuts: 45      680   45.83%
      0     0    53778.3438   175    36922.0000      Cuts: 36      701   45.65%
      0     0    53725.8960   179    36922.0000      Cuts: 37      729   45.51%
      0     0    53666.2418   191    36922.0000      Cuts: 33      752   45.35%
      0     0    53650.6324   194    36922.0000      Cuts: 38      776   45.31%
      0     0    53609.3500   186    36922.0000      Cuts: 33      803   45.20%
      0     0    53604.3754   200    36922.0000      Cuts: 40      819   45.18%
      0     0    53577.0000   187    36922.0000      Cuts: 25      853   45.11%
      0     0    53542.3545   188    36922.0000      Cuts: 52      890   45.01%
      0     0    53497.7408   165    36922.0000      Cuts: 33      913   44.89%
      0     0    53476.0221   166    36922.0000      Cuts: 36      925   44.84%
      0     0    53460.0147   180    36922.0000      Cuts: 18      935   44.79%
      0     0    53458.3738   201    36922.0000      Cuts: 23      951   44.79%
Detecting symmetries...
      0     2    53458.3738   187    36922.0000    53450.5331      951   44.77%
Elapsed time = 0.12 sec. (204.04 ticks, tree = 0.01 MB, solutions = 1)
    271   159    51007.9323    44    36922.0000    52974.7249     7939   43.48%
    634   375    40539.3203    67    36922.0000    52731.4221    15082   42.82%
    956   578    52000.4194    91    36922.0000    52538.8725    21696   42.30%

Performing restart 1

Repeating presolve.
Tried aggregator 1 time.
MIP Presolve modified 8 coefficients.
Reduced MIP has 771 rows, 434 columns, and 3022 nonzeros.
Reduced MIP has 310 binaries, 124 generals, 0 SOSs, and 0 indicators.
Presolve time = 0.00 sec. (1.58 ticks)
Tried aggregator 1 time.
Reduced MIP has 771 rows, 434 columns, and 3022 nonzeros.
Reduced MIP has 310 binaries, 124 generals, 0 SOSs, and 0 indicators.
Presolve time = 0.00 sec. (1.89 ticks)
Represolve time = 0.01 sec. (8.30 ticks)
   1018     0    53388.4595   189    36922.0000      Cuts: 71    23745   42.13%
   1018     0    53359.4355   192    36922.0000      Cuts: 55    23791   42.13%
   1018     0    53299.5197   182    36922.0000      Cuts: 49    23846   42.13%
   1018     0    53213.5972   175    36922.0000     Cuts: 111    23918   42.13%
   1018     0    53185.0000    60    36922.0000      Cuts: 88    24005   42.13%
   1018     0    53184.5000    50    36922.0000      Cuts: 45    24034   42.13%
   1018     0    53179.8916   176    36922.0000      Cuts: 43    24084   42.13%
   1018     0    53070.3094   169    36922.0000     Cuts: 127    24149   42.13%
   1018     0    53041.4636   183    36922.0000      Cuts: 99    24204   42.13%
   1018     2    53041.4636   183    36922.0000    52478.4286    24204   42.13%
   1025     9    52907.4209   180    36922.0000    52478.4286    24725   42.13%
   1051    24    52278.3050   153    36922.0000    52478.4286    26025   42.13%
   1130    82        cutoff          36922.0000    52478.4286    29549   42.13%
   1231   148    49627.3586    53    36922.0000    52013.1667    34348   40.87%
   1350   219    44864.7500    14    36922.0000    51851.0060    38984   40.43%
   1857   524    infeasible          36922.0000    51240.9302    56882   38.78%
Elapsed time = 1.58 sec. (3809.23 ticks, tree = 0.35 MB, solutions = 1)
   2452   847    37694.5040    68    36922.0000    50778.8749    75338   37.53%
*  2961   892      integral     0    41151.0000    50280.8581    90311   22.19%
   3466  1097    49135.0911   111    41151.0000    49910.0209   107156   21.29%
   4081  1348    42868.1600    13    41151.0000    49551.0034   128058   20.41%
   4765  1589    infeasible          41151.0000    49117.6135   148221   19.36%
*  5018+ 1658                        41252.0000    49003.4871            18.79%
*  5118+ 1695                        41397.0000    48963.2215            18.28%
   5389  1731    48257.6360    64    41397.0000    48819.6190   165300   17.93%
   6095  1964    48220.4333    64    41397.0000    48472.1916   182967   17.09%
   6769  2148        cutoff          41397.0000    48162.3590   202995   16.34%
   7393  2275    41936.1000    16    41397.0000    47931.2841   220643   15.78%
   7975  2358    42325.6694    51    41397.0000    47719.3402   238712   15.27%
Elapsed time = 5.14 sec. (13288.13 ticks, tree = 1.30 MB, solutions = 4)
   8668  2489    44590.7391    47    41397.0000    47504.0290   258734   14.75%
   9357  2621    42356.1594    40    41397.0000    47305.4333   278269   14.27%
   9908  2660    42095.5387    46    41397.0000    47099.1553   295844   13.77%
  10450  2720        cutoff          41397.0000    46950.8798   312394   13.42%
  11089  2720    46355.9257   107    41397.0000    46746.3900   331619   12.92%
* 11198+ 2705                        41577.0000    46725.5697            12.38%
  11729  2707    45870.1721    64    41577.0000    46570.5652   349564   12.01%
  12437  2712    46209.4797   134    41577.0000    46359.9500   369496   11.50%
  13070  2676    45183.2795    71    41577.0000    46165.1238   387635   11.04%
  13791  2658    45335.8449    41    41577.0000    45960.5902   404752   10.54%
  14464  2605        cutoff          41577.0000    45738.6230   422685   10.01%
Elapsed time = 8.74 sec. (22841.13 ticks, tree = 1.51 MB, solutions = 5)
  15177  2605        cutoff          41577.0000    45589.0613   442306    9.65%
  15922  2553        cutoff          41577.0000    45427.9245   460779    9.26%
  16630  2482    44204.8087    74    41577.0000    45238.6438   477350    8.81%
  17347  2377    43211.1667   144    41577.0000    45021.8032   494093    8.29%
  17996  2285    41823.0145    58    41577.0000    44807.5000   509527    7.77%
  18654  2132        cutoff          41577.0000    44549.4144   525434    7.15%
  19336  1941    44158.2832    72    41577.0000    44208.6496   540979    6.33%
  19990  1715        cutoff          41577.0000    43908.5652   557572    5.61%
  20658  1493        cutoff          41577.0000    43521.8929   573205    4.68%
  21370  1344    42850.7885    65    41577.0000    43229.7500   587438    3.98%
Elapsed time = 12.40 sec. (32396.94 ticks, tree = 0.92 MB, solutions = 5)
  22047  1257    42907.3626    30    41577.0000    43047.4819   598820    3.54%
  22738  1139        cutoff          41577.0000    42890.7792   610434    3.16%
  23455   965    42617.5615    86    41577.0000    42723.0558   622580    2.76%
  24269   706    42068.1158    58    41577.0000    42513.0000   636192    2.25%
  25179   361        cutoff          41577.0000    42164.1500   649488    1.41%

GUB cover cuts applied:  2
Clique cuts applied:  5
Cover cuts applied:  57
Implied bound cuts applied:  19
Flow cuts applied:  5
Mixed integer rounding cuts applied:  176
Zero-half cuts applied:  134
Multi commodity flow cuts applied:  1
Lift and project cuts applied:  30
Gomory fractional cuts applied:  11

Root node processing (before b&c):
  Real time             =    0.12 sec. (204.15 ticks)
Sequential b&c:
  Real time             =   14.35 sec. (37485.20 ticks)
                          ------------
Total (root+branch&cut) =   14.47 sec. (37689.34 ticks)
[CPLEX] Status: integer optimal, tolerance
[CPLEX] OPTIMAL OBJ: 41577.0
[CPLEX] Runtime: 14.473 sec
Vehicle 0: d → 30 → 20 → 12 → 6 → 0 → 15 → 29 → 25 → 13 → 26 → 19 → 4 → 28 → 14 → 21 → 8 → 17 → 7 → 27 → d, (requests = [5, 6, 7])
Vehicle 1: d → 22 → 27 → 3 → 10 → 7 → 17 → 8 → 21 → 14 → 9 → 28 → 4 → 19 → 26 → 13 → 25 → 29 → 15 → 6 → 12 → 20 → d, (requests = [0, 1, 2, 3, 4, 8])
======== PPDSP OBJECTIVE ========
Profit    = 60319
Cost      = 18742
Objective = 41577
=================================
===== RAW XY MODEL =====
16 157 193 252 274 391 443 470 510 552 613 653 681 814 852 896 911 954 981 1023 1131 1172 1229 1266 1302 1341 1352 1429 1466 1482 1511 1577 1659 1696 1711 1756 1854 1870 1892 1925 1968 2039 2050 2052 2054 2056 2184 2185 2187 2189 2192
  [Time Manager] Step 6 consumed 14.47s. Total Consumed: 56.02s.
  [Info] Saved 2192 core assumption literals to p1_A-n32-k5_r9v2k2.lp.asm

[7/60] Building & Solving: R=10, V=2, K=2
Default row names c1, c2 ... being created.
  [Info] Generating MIP Formulation...
  [Time Manager] Global Remaining Budget: 3543.98s | Future Weight Sum: 54.0
  [Time Manager] Recalibrated Budget for this step: 65.63s
[CPLEX] Setting time limit to 65 seconds
[CPLEX] Reading assumption from p1_A-n32-k5_r9v2k2.lp.asm ...
[CPLEX] Applying MIP Start with 2066 variables.
Version identifier: 22.1.1.0 | 2022-11-28 | 9160aff4d
CPXPARAM_Read_DataCheck                          1
CPXPARAM_Threads                                 1
CPXPARAM_TimeLimit                               65
1 of 1 MIP starts provided solutions.
MIP start 'm1' defined initial solution with objective 41577.0000.
Tried aggregator 1 time.
MIP Presolve eliminated 48 rows and 1758 columns.
MIP Presolve modified 824 coefficients.
Reduced MIP has 778 rows, 436 columns, and 3072 nonzeros.
Reduced MIP has 312 binaries, 124 generals, 0 SOSs, and 0 indicators.
Presolve time = 0.00 sec. (2.03 ticks)
Probing time = 0.00 sec. (0.59 ticks)
Tried aggregator 1 time.
Detecting symmetries...
Reduced MIP has 778 rows, 436 columns, and 3072 nonzeros.
Reduced MIP has 312 binaries, 124 generals, 0 SOSs, and 0 indicators.
Presolve time = 0.00 sec. (1.85 ticks)
Probing time = 0.00 sec. (0.61 ticks)
Clique table members: 176.
MIP emphasis: balance optimality and feasibility.
MIP search method: dynamic search.
Parallel mode: none, using 1 thread.
Root relaxation solution time = 0.00 sec. (1.98 ticks)

        Nodes                                         Cuts/
   Node  Left     Objective  IInf  Best Integer    Best Bound    ItCnt     Gap

*     0+    0                        41577.0000   135782.0000           226.58%
      0     0    63929.8750    64    41577.0000    63929.8750      119   53.76%
      0     0    63572.6216   103    41577.0000     Cuts: 104      188   52.90%
      0     0    63348.4956   107    41577.0000      Cuts: 44      238   52.36%
      0     0    63292.0719   101    41577.0000      Cuts: 55      252   52.23%
      0     0    63069.7613   129    41577.0000      Cuts: 20      298   51.69%
      0     0    62944.4167   125    41577.0000      Cuts: 46      317   51.39%
Detecting symmetries...
      0     0    62653.4145   122    41577.0000      Cuts: 37      366   50.69%
      0     0    62541.9667   128    41577.0000      Cuts: 47      391   50.42%
      0     0    62412.8000    78    41577.0000      Cuts: 34      424   50.11%
      0     0    62237.8646   139    41577.0000      Cuts: 41      470   49.69%
      0     0    62205.0106    82    41577.0000      Cuts: 84      524   49.61%
      0     0    61944.4444   156    41577.0000      Cuts: 33      568   48.99%
      0     0    61739.2500    79    41577.0000      Cuts: 60      602   48.49%
      0     0    61664.3333   143    41577.0000      Cuts: 33      659   48.31%
      0     0    61573.4444   161    41577.0000      Cuts: 78      713   48.09%
      0     0    61517.8571   153    41577.0000      Cuts: 40      748   47.96%
      0     0    61466.0000   144    41577.0000      Cuts: 48      770   47.84%
      0     0    61379.9310    70    41577.0000      Cuts: 35      797   47.63%
      0     0    61339.0833   165    41577.0000      Cuts: 32      840   47.53%
      0     0    61306.5714   176    41577.0000     Cuts: 116      887   47.45%
      0     0    61284.1923   189    41577.0000      Cuts: 21      912   47.40%
      0     0    61278.5000    92    41577.0000      Cuts: 27      937   47.39%
      0     0    61251.6111   180    41577.0000      Cuts: 39      979   47.32%
      0     0    61241.7500    90    41577.0000     Cuts: 127     1017   47.30%
      0     0    61183.5833   194    41577.0000      Cuts: 30     1058   47.16%
      0     0    61181.9444   204    41577.0000     Cuts: 134     1078   47.15%
      0     0    61178.2778   198    41577.0000      Cuts: 15     1086   47.14%
Detecting symmetries...
      0     2    61178.2778   198    41577.0000    61169.0000     1086   47.12%
Elapsed time = 0.09 sec. (175.02 ticks, tree = 0.01 MB, solutions = 1)
    355   215    60176.8765   122    41577.0000    60457.1667     7839   45.41%
    733   438    60089.0870    81    41577.0000    60233.7132    14826   44.87%

Performing restart 1

Repeating presolve.
Tried aggregator 1 time.
MIP Presolve modified 8 coefficients.
Reduced MIP has 778 rows, 436 columns, and 3072 nonzeros.
Reduced MIP has 312 binaries, 124 generals, 0 SOSs, and 0 indicators.
Presolve time = 0.00 sec. (1.60 ticks)
Tried aggregator 1 time.
Reduced MIP has 778 rows, 436 columns, and 3072 nonzeros.
Reduced MIP has 312 binaries, 124 generals, 0 SOSs, and 0 indicators.
Presolve time = 0.00 sec. (1.91 ticks)
Represolve time = 0.01 sec. (6.94 ticks)
   1036     0    60945.4000   176    41577.0000     Cuts: 125    21402   44.59%
   1036     0    60818.9375   186    41577.0000      Cuts: 56    21441   44.59%
   1036     0    60780.2167   190    41577.0000      Cuts: 66    21481   44.59%
   1036     0    60707.3415   160    41577.0000      Cuts: 43    21550   44.59%
   1036     0    60698.9333   160    41577.0000     Cuts: 137    21602   44.59%
   1036     0    60693.8668   152    41577.0000      Cuts: 40    21637   44.59%
   1036     0    60673.9168   148    41577.0000      Cuts: 88    21668   44.59%
   1036     0    60670.4524   163    41577.0000      Cuts: 70    21711   44.59%
   1036     2    60670.4524   163    41577.0000    60114.7431    21711   44.59%
   1045    11    60157.5628   116    41577.0000    60114.7431    22150   44.59%
   1070    31    59733.1732   127    41577.0000    60114.7431    23494   44.59%
   1155    89    57136.8519    61    41577.0000    60114.7431    25796   44.59%
   1236   131    59328.3976    79    41577.0000    59733.7050    29085   43.67%
   1331   187    55780.6888    50    41577.0000    59517.0800    32629   43.15%
   1424   246    57661.7256    62    41577.0000    59417.2505    35401   42.91%
   2004   600    55989.0000    37    41577.0000    58986.8750    51668   41.87%
Elapsed time = 1.49 sec. (3816.19 ticks, tree = 1.44 MB, solutions = 1)
   2613   970    57912.0575   126    41577.0000    58590.2027    71218   40.92%
   3159  1310    46919.7760    33    41577.0000    58435.7311    88479   40.55%
   3683  1611    57255.9062    78    41577.0000    58210.8100   106005   40.01%
   4356  1961    50125.4937    72    41577.0000    57904.5714   123555   39.27%
   4954  2271    53644.8095   130    41577.0000    57761.1417   140628   38.93%
   5547  2565    57225.6482   100    41577.0000    57637.8018   157135   38.63%
   6251  2886    47876.1000    81    41577.0000    57452.2061   178055   38.18%
   6928  3156    56920.7708   118    41577.0000    57248.5400   198035   37.69%
   7480  3348    54950.2944   154    41577.0000    57061.3689   216490   37.24%
   8173  3635    53069.6667    94    41577.0000    56916.6371   236812   36.89%
Elapsed time = 5.16 sec. (13376.33 ticks, tree = 2.44 MB, solutions = 1)
   8809  3851        cutoff          41577.0000    56742.9706   258352   36.48%
   9424  4100    55030.5184    94    41577.0000    56621.5709   277700   36.18%
   9964  4293    53487.2295    46    41577.0000    56494.4882   296820   35.88%
  10530  4483    45457.0571    57    41577.0000    56384.2596   315604   35.61%
  11125  4609    48035.7600   120    41577.0000    56221.9486   336642   35.22%
  11398  4702    48532.3256    85    41577.0000    56164.6000   345177   35.09%
* 11690  4429      integral     0    44170.0000    56110.2400   353818   27.03%
  12277  4606    53017.1273    99    44170.0000    55988.0179   373710   26.76%
  12758  4693    53778.9451   139    44170.0000    55882.0454   392195   26.52%
  13226  4794    48061.0095   110    44170.0000    55751.1667   410655   26.22%
Elapsed time = 8.97 sec. (23049.85 ticks, tree = 3.01 MB, solutions = 2)
  13801  4899    55345.6329   141    44170.0000    55591.4882   431006   25.86%
  14471  5045    53918.8568    61    44170.0000    55430.9883   451401   25.49%
  15076  5144    50808.7381    89    44170.0000    55269.6190   471259   25.13%
* 15140  5111      integral     0    44400.0000    55259.3333   472960   24.46%
* 15240+ 3143                        48596.0000    55232.7797            13.66%
  15737  3170    50633.7805    93    48596.0000    55080.6667   491971   13.34%
  16366  3197    53454.3455    58    48596.0000    54907.8733   510972   12.99%
  16989  3215    53797.1037    77    48596.0000    54720.5071   530963   12.60%
  17644  3161        cutoff          48596.0000    54506.9550   550934   12.16%
  18264  3130    50434.3467    74    48596.0000    54309.6480   571159   11.76%
  18893  3102    infeasible          48596.0000    54125.6638   588778   11.38%
Elapsed time = 12.35 sec. (31728.02 ticks, tree = 2.01 MB, solutions = 4)
  19519  3072    52633.6328    55    48596.0000    53931.7857   606816   10.98%
  20096  3060    52241.1041    60    48596.0000    53748.0000   624693   10.60%
  20640  2924    49842.7248    73    48596.0000    53544.7548   642541   10.18%
  21210  2763        cutoff          48596.0000    53328.7500   658838    9.74%
  21791  2612        cutoff          48596.0000    53071.1333   675361    9.21%
  22443  2391    51393.6591    79    48596.0000    52718.4163   691571    8.48%
  23068  2171    49085.9000    48    48596.0000    52354.7467   708537    7.73%
  23654  1945    50904.2371    52    48596.0000    51975.4417   724926    6.95%
  24258  1702    50173.4145    73    48596.0000    51434.0000   740568    5.84%
  24858  1493    49904.0000   107    48596.0000    50867.2585   755270    4.67%
Elapsed time = 17.97 sec. (41280.80 ticks, tree = 1.13 MB, solutions = 4)
  25466  1341    50296.8183   113    48596.0000    50500.0464   769741    3.92%
* 25632  1314      integral     0    48642.0000    50444.5000   773001    3.71%
  26233  1207    50089.7531    72    48642.0000    50251.0000   787301    3.31%
  26895  1015    49821.1059    58    48642.0000    50039.0102   800968    2.87%
  27707   618        cutoff          48642.0000    49653.3145   815018    2.08%

GUB cover cuts applied:  3
Clique cuts applied:  3
Cover cuts applied:  65
Implied bound cuts applied:  28
Flow cuts applied:  11
Mixed integer rounding cuts applied:  239
Zero-half cuts applied:  110
Lift and project cuts applied:  26
Gomory fractional cuts applied:  14

Root node processing (before b&c):
  Real time             =    0.10 sec. (175.13 ticks)
Sequential b&c:
  Real time             =   19.81 sec. (45899.83 ticks)
                          ------------
Total (root+branch&cut) =   19.91 sec. (46074.96 ticks)
[CPLEX] Status: integer optimal, tolerance
[CPLEX] OPTIMAL OBJ: 48642.0
[CPLEX] Runtime: 19.908 sec
Vehicle 0: d → 30 → 20 → 12 → 6 → 0 → 15 → 29 → 25 → 13 → 26 → 19 → 4 → 28 → 14 → 21 → 8 → 17 → 7 → 27 → d, (requests = [5, 6, 7])
Vehicle 1: d → 22 → 27 → 3 → 10 → 7 → 17 → 8 → 21 → 14 → 9 → 28 → 4 → 19 → 26 → 13 → 25 → 29 → 15 → 6 → 12 → 20 → 18 → 16 → d, (requests = [0, 1, 2, 3, 4, 8, 9])
======== PPDSP OBJECTIVE ========
Profit    = 67891
Cost      = 19249
Objective = 48642
=================================
===== RAW XY MODEL =====
16 157 193 252 274 391 443 470 510 552 613 653 681 814 852 896 911 954 981 1023 1131 1172 1229 1266 1302 1341 1352 1429 1466 1482 1511 1568 1577 1617 1659 1683 1711 1756 1854 1870 1892 1925 1968 2039 2050 2052 2054 2056 2184 2185 2187 2189 2192 2194
  [Time Manager] Step 7 consumed 19.91s. Total Consumed: 75.92s.
  [Info] Saved 2194 core assumption literals to p1_A-n32-k5_r10v2k2.lp.asm

[8/60] Building & Solving: R=11, V=2, K=2
Default row names c1, c2 ... being created.
  [Info] Generating MIP Formulation...
  [Time Manager] Global Remaining Budget: 3524.08s | Future Weight Sum: 53.0
  [Time Manager] Recalibrated Budget for this step: 66.49s
[CPLEX] Setting time limit to 66 seconds
[CPLEX] Reading assumption from p1_A-n32-k5_r10v2k2.lp.asm ...
[CPLEX] Applying MIP Start with 2068 variables.
Version identifier: 22.1.1.0 | 2022-11-28 | 9160aff4d
CPXPARAM_Read_DataCheck                          1
CPXPARAM_Threads                                 1
CPXPARAM_TimeLimit                               66
1 of 1 MIP starts provided solutions.
MIP start 'm1' defined initial solution with objective 48642.0000.
Tried aggregator 1 time.
MIP Presolve eliminated 46 rows and 1758 columns.
MIP Presolve modified 828 coefficients.
Reduced MIP has 787 rows, 438 columns, and 3132 nonzeros.
Reduced MIP has 314 binaries, 124 generals, 0 SOSs, and 0 indicators.
Presolve time = 0.00 sec. (2.05 ticks)
Probing time = 0.00 sec. (0.60 ticks)
Tried aggregator 1 time.
Detecting symmetries...
Reduced MIP has 787 rows, 438 columns, and 3132 nonzeros.
Reduced MIP has 314 binaries, 124 generals, 0 SOSs, and 0 indicators.
Presolve time = 0.00 sec. (1.88 ticks)
Probing time = 0.00 sec. (0.62 ticks)
Clique table members: 179.
MIP emphasis: balance optimality and feasibility.
MIP search method: dynamic search.
Parallel mode: none, using 1 thread.
Root relaxation solution time = 0.00 sec. (1.85 ticks)

        Nodes                                         Cuts/
   Node  Left     Objective  IInf  Best Integer    Best Bound    ItCnt     Gap

*     0+    0                        48642.0000   146518.0000           201.22%
      0     0    68904.7500    70    48642.0000    68904.7500      119   41.66%
      0     0    68543.2090   113    48642.0000     Cuts: 112      182   40.91%
      0     0    68217.9632   118    48642.0000      Cuts: 52      209   40.24%
      0     0    68053.1510   107    48642.0000      Cuts: 60      222   39.91%
      0     0    67817.4459   129    48642.0000      Cuts: 16      258   39.42%
      0     0    67728.5149   121    48642.0000      Cuts: 63      276   39.24%
Detecting symmetries...
      0     0    67429.8496   142    48642.0000      Cuts: 46      333   38.62%
      0     0    67249.0149   131    48642.0000      Cuts: 50      367   38.25%
      0     0    67072.7649   136    48642.0000      Cuts: 49      395   37.89%
      0     0    67022.5149   138    48642.0000      Cuts: 40      406   37.79%
      0     0    67010.5149   140    48642.0000      Cuts: 22      413   37.76%
      0     0    67009.0149   147    48642.0000      Cuts: 13      417   37.76%
      0     0    66994.0149   132    48642.0000   ZeroHalf: 4      420   37.73%
      0     0    66990.5149   137    48642.0000      Cuts: 30      434   37.72%
Detecting symmetries...
      0     2    66990.5149   137    48642.0000    66952.0000      434   37.64%
Elapsed time = 0.05 sec. (99.75 ticks, tree = 0.01 MB, solutions = 1)
    369   238    65566.1818   152    48642.0000    66287.9585     7731   36.28%
    759   498    63269.5983   100    48642.0000    65984.8990    14878   35.65%

Performing restart 1

Repeating presolve.
Tried aggregator 1 time.
MIP Presolve modified 8 coefficients.
Reduced MIP has 787 rows, 438 columns, and 3132 nonzeros.
Reduced MIP has 314 binaries, 124 generals, 0 SOSs, and 0 indicators.
Presolve time = 0.00 sec. (1.63 ticks)
Tried aggregator 1 time.
Reduced MIP has 787 rows, 438 columns, and 3132 nonzeros.
Reduced MIP has 314 binaries, 124 generals, 0 SOSs, and 0 indicators.
Presolve time = 0.00 sec. (1.94 ticks)
Represolve time = 0.00 sec. (5.95 ticks)
   1058     0    66795.7500   146    48642.0000      Cuts: 91    21548   35.33%
   1058     0    66768.1550   173    48642.0000      Cuts: 54    21589   35.33%
   1058     0    66656.1773   166    48642.0000      Cuts: 73    21647   35.33%
   1058     0    66560.2846   159    48642.0000      Cuts: 79    21719   35.33%
   1058     0    66550.2442   187    48642.0000      Cuts: 33    21749   35.33%
   1058     0    66541.2731   185    48642.0000      Cuts: 82    21771   35.33%
   1058     0    66521.8797   176    48642.0000      Cuts: 33    21786   35.33%
   1058     0    66454.2460   184    48642.0000      Cuts: 63    21828   35.33%
   1058     2    66454.2460   167    48642.0000    65828.4242    21828   35.33%
   1071    14    61995.5517    84    48642.0000    65828.4242    22388   35.33%
   1118    39    65162.4689   102    48642.0000    65828.4242    24284   35.33%
   1244   115        cutoff          48642.0000    65743.0000    29206   35.16%
   1363   168    infeasible          48642.0000    65552.1974    33558   34.76%
   1469   230    57054.4417    55    48642.0000    65291.2818    38731   34.23%
   1578   282    infeasible          48642.0000    65085.2914    42998   33.80%
   2205   630    64275.3978   112    48642.0000    64637.4667    61291   32.88%
Elapsed time = 1.45 sec. (3619.11 ticks, tree = 0.31 MB, solutions = 1)
   2870  1004    63436.7340    94    48642.0000    64238.8200    81194   32.06%
   3475  1300    59776.0489    91    48642.0000    63905.7309   100141   31.38%
   4140  1596    61815.0396    81    48642.0000    63591.4157   120269   30.73%
   4860  1908        cutoff          48642.0000    63227.8768   140969   29.99%
   5589  2290    59318.2065    62    48642.0000    63024.1925   161240   29.57%
   6279  2588    52080.8468    85    48642.0000    62845.0989   180697   29.20%
   6972  2897    60751.6774    43    48642.0000    62670.5000   200100   28.84%
   7733  3223    52613.6382    95    48642.0000    62431.6486   221556   28.35%
   8494  3522    51398.6301    45    48642.0000    62201.4288   241290   27.88%
   9120  3777    56581.7137    34    48642.0000    62023.7625   259771   27.51%
Elapsed time = 5.07 sec. (13171.13 ticks, tree = 1.80 MB, solutions = 1)
   9791  4021    52011.1937    47    48642.0000    61846.0814   280654   27.15%
  10570  4277    59649.3005    37    48642.0000    61647.6905   301570   26.74%
  11271  4503    54802.0000    38    48642.0000    61468.1388   323410   26.37%
* 11638+ 4553                        49086.0000    61374.4366            25.03%
  11640  4555    61339.6221    60    49086.0000    61365.4627   334193   25.02%
  12282  4781    58694.6933    66    49086.0000    61207.0000   352918   24.69%
  12994  5030    50005.4500    48    49086.0000    61082.3706   370861   24.44%
  13732  5272    58572.2412    52    49086.0000    60939.7000   391267   24.15%
  14493  5562    54315.1642   109    49086.0000    60814.4618   411117   23.89%
  15263  5822    59432.8750   121    49086.0000    60686.1871   430731   23.63%
  15981  6025    46742.6400   116    49086.0000    60571.7875   448985   23.40%
Elapsed time = 8.98 sec. (23113.90 ticks, tree = 3.01 MB, solutions = 2)
  16629  6149    60378.4375    98    49086.0000    60456.7373   466827   23.16%
  17260  6317    51711.3000    85    49086.0000    60352.5901   484441   22.95%
  17981  6517    55853.8947   115    49086.0000    60249.9994   503026   22.74%
  18653  6691    58048.6697    36    49086.0000    60137.0843   521102   22.51%
  19306  6824    59737.1970    44    49086.0000    60041.3871   539023   22.32%
  20006  7013    58003.0980    83    49086.0000    59968.3320   557573   22.17%
  20672  7175    59490.0712   115    49086.0000    59870.7306   574699   21.97%
  21452  7405    59784.8453    21    49086.0000    59785.0050   592347   21.80%
  22149  7529    54724.2919    47    49086.0000    59692.8672   609927   21.61%
  22798  7612    56768.8764    69    49086.0000    59605.8709   627467   21.43%
Elapsed time = 12.69 sec. (32672.96 ticks, tree = 3.84 MB, solutions = 2)
  23514  7733        cutoff          49086.0000    59496.3970   645587   21.21%
  24244  7853    56862.6956    84    49086.0000    59406.0368   663949   21.02%
  24937  7887    56098.0734   113    49086.0000    59297.2114   683246   20.80%
  25545  7999    58671.2708    50    49086.0000    59215.9504   700550   20.64%
  26186  8115    59118.8453    49    49086.0000    59140.0333   717238   20.48%
  26826  8259    58678.6341    51    49086.0000    59068.5652   733485   20.34%
  27514  8364    57291.4167    51    49086.0000    58974.7941   749647   20.15%
  28236  8493    55095.1899    59    49086.0000    58878.1429   768317   19.95%
  28913  8551    50591.6381    86    49086.0000    58767.4000   784706   19.72%
  29557  8682    54663.2880    21    49086.0000    58679.2500   800973   19.54%
Elapsed time = 16.40 sec. (42223.46 ticks, tree = 4.80 MB, solutions = 2)
  30310  8766        cutoff          49086.0000    58578.5270   819813   19.34%
  31023  8858    57819.9211    32    49086.0000    58477.4793   837287   19.13%
  31600  8857        cutoff          49086.0000    58393.8793   853049   18.96%
  32206  8858    55494.2500    89    49086.0000    58288.2952   868840   18.75%
  32833  8905    57024.4207    54    49086.0000    58197.0726   885821   18.56%
  33480  8924    52137.1710    28    49086.0000    58106.7000   903602   18.38%
* 33705  5180      integral     0    53097.0000    58071.6191   909023    9.37%
  34089  5067    57643.8605    59    53097.0000    57968.0836   919116    9.17%
  34759  4881    55774.4714    56    53097.0000    57796.8388   934767    8.85%
  35373  4631    55645.8288    68    53097.0000    57599.4331   951322    8.48%
  35970  4407        cutoff          53097.0000    57404.6333   967699    8.11%
Elapsed time = 20.23 sec. (51776.31 ticks, tree = 2.81 MB, solutions = 3)
* 36058+ 3687                        53770.0000    57370.5498             6.70%
  36599  3469        cutoff          53770.0000    57160.0748   982794    6.30%
  37231  3233    55730.3482    60    53770.0000    56896.1189   997975    5.81%
  37850  3197    55522.9467    37    53770.0000    56691.7857  1010524    5.43%
  38441  3142        cutoff          53770.0000    56536.9207  1023323    5.15%
  39065  3040    55488.5185    90    53770.0000    56358.6303  1037807    4.81%
  39679  2947        cutoff          53770.0000    56234.3484  1052379    4.58%
  40315  2846    55681.6996    21    53770.0000    56069.7524  1066475    4.28%
* 40544  2759      integral     0    53852.0000    56022.0000  1071041    4.03%
* 40644+ 2697                        53902.0000    55998.7195             3.89%
  40966  2703    55392.3659    59    53902.0000    55952.7500  1078817    3.80%
  41643  2621    55444.4300    46    53902.0000    55844.0348  1091191    3.60%
  42342  2526    54285.7796    30    53902.0000    55757.9571  1103930    3.44%
Elapsed time = 24.07 sec. (61318.42 ticks, tree = 1.93 MB, solutions = 6)
  43018  2428    54998.2857    30    53902.0000    55672.3000  1116094    3.28%
  43674  2310    54861.2086    53    53902.0000    55580.3700  1128833    3.11%
  44343  2140    54649.4900    28    53902.0000    55487.2451  1141072    2.94%
  44978  2031    55267.5410    45    53902.0000    55412.1032  1153437    2.80%
  45672  1769    54784.4129   100    53902.0000    55277.4000  1166899    2.55%
  46382  1478        cutoff          53902.0000    55152.6190  1180636    2.32%
  47133  1134        cutoff          53902.0000    54921.2330  1194298    1.89%
  47976   627        cutoff          53902.0000    54474.5238  1208394    1.06%

Clique cuts applied:  8
Cover cuts applied:  142
Implied bound cuts applied:  28
Flow cuts applied:  12
Mixed integer rounding cuts applied:  188
Zero-half cuts applied:  95
Multi commodity flow cuts applied:  1
Lift and project cuts applied:  10
Gomory fractional cuts applied:  12

Root node processing (before b&c):
  Real time             =    0.05 sec. (99.88 ticks)
Sequential b&c:
  Real time             =   27.38 sec. (69589.08 ticks)
                          ------------
Total (root+branch&cut) =   27.43 sec. (69688.95 ticks)
[CPLEX] Status: integer optimal, tolerance
[CPLEX] OPTIMAL OBJ: 53902.0
[CPLEX] Runtime: 27.435 sec
Vehicle 0: d → 22 → 27 → 3 → 10 → 7 → 17 → 8 → 21 → 14 → 9 → 28 → 4 → 19 → 26 → 13 → 25 → 29 → 15 → 6 → 12 → 20 → 18 → 16 → d, (requests = [0, 1, 2, 3, 4, 8, 9, 10])
Vehicle 1: d → 30 → 20 → 12 → 6 → 0 → 15 → 29 → 25 → 13 → 26 → 19 → 4 → 28 → 14 → 21 → 8 → 17 → 7 → 27 → d, (requests = [5, 6, 7])
======== PPDSP OBJECTIVE ========
Profit    = 73259
Cost      = 19357
Objective = 53902
=================================
===== RAW XY MODEL =====
107 148 205 242 278 317 328 405 442 458 487 544 553 593 635 659 687 732 830 846 868 901 944 1015 1040 1181 1217 1276 1298 1415 1467 1494 1534 1576 1637 1677 1705 1838 1876 1920 1935 1978 2005 2047 2049 2051 2053 2055 2183 2186 2188 2190 2191 2193 2195
  [Time Manager] Step 8 consumed 27.44s. Total Consumed: 103.36s.
  [Info] Saved 2196 core assumption literals to p1_A-n32-k5_r11v2k2.lp.asm

[9/60] Building & Solving: R=11, V=3, K=2
Default row names c1, c2 ... being created.
  [Info] Generating MIP Formulation...
  [Time Manager] Global Remaining Budget: 3496.64s | Future Weight Sum: 52.0
  [Time Manager] Recalibrated Budget for this step: 67.24s
[CPLEX] Setting time limit to 67 seconds
[CPLEX] Reading assumption from p1_A-n32-k5_r11v2k2.lp.asm ...
[CPLEX] Applying MIP Start with 2070 variables.
Version identifier: 22.1.1.0 | 2022-11-28 | 9160aff4d
CPXPARAM_Read_DataCheck                          1
CPXPARAM_Threads                                 1
CPXPARAM_TimeLimit                               67
1 of 1 MIP starts provided solutions.
MIP start 'm1' defined initial solution with objective 53902.0000.
Tried aggregator 1 time.
MIP Presolve eliminated 69 rows and 2637 columns.
MIP Presolve modified 1242 coefficients.
Reduced MIP has 1175 rows, 657 columns, and 4698 nonzeros.
Reduced MIP has 471 binaries, 186 generals, 0 SOSs, and 0 indicators.
Presolve time = 0.00 sec. (3.08 ticks)
Probing time = 0.00 sec. (0.91 ticks)
Tried aggregator 1 time.
Detecting symmetries...
Reduced MIP has 1175 rows, 657 columns, and 4698 nonzeros.
Reduced MIP has 471 binaries, 186 generals, 0 SOSs, and 0 indicators.
Presolve time = 0.00 sec. (2.83 ticks)
Probing time = 0.00 sec. (0.95 ticks)
Clique table members: 263.
MIP emphasis: balance optimality and feasibility.
MIP search method: dynamic search.
Parallel mode: none, using 1 thread.
Root relaxation solution time = 0.00 sec. (2.90 ticks)

        Nodes                                         Cuts/
   Node  Left     Objective  IInf  Best Integer    Best Bound    ItCnt     Gap

*     0+    0                        53902.0000   219777.0000           307.73%
      0     0    69316.3333    70    53902.0000    69316.3333      173   28.60%
      0     0    68982.0644   114    53902.0000     Cuts: 110      244   27.98%
      0     0    68828.6897   135    53902.0000      Cuts: 47      280   27.69%
      0     0    68758.7143   149    53902.0000      Cuts: 77      318   27.56%
      0     0    68607.3537   104    53902.0000      Cuts: 26      340   27.28%
      0     0    68468.6191   128    53902.0000       Cuts: 8      376   27.02%
Detecting symmetries...
      0     0    68399.1037   132    53902.0000      Cuts: 60      410   26.90%
      0     0    68106.9792   140    53902.0000      Cuts: 47      461   26.35%
      0     0    68038.4233   183    53902.0000      Cuts: 48      501   26.23%
      0     0    67923.8771   132    53902.0000      Cuts: 30      531   26.01%
      0     0    67877.9787   186    53902.0000      Cuts: 44      550   25.93%
      0     0    67748.3239   117    53902.0000      Cuts: 57      577   25.69%
      0     0    67738.0366   186    53902.0000      Cuts: 51      595   25.67%
      0     0    67648.2083   199    53902.0000      Cuts: 37      647   25.50%
      0     0    67586.4253   205    53902.0000      Cuts: 29      682   25.39%
      0     0    67531.0662   233    53902.0000      Cuts: 81      708   25.28%
      0     0    67497.9439   136    53902.0000      Cuts: 31      718   25.22%
      0     0    67460.7075   215    53902.0000      Cuts: 41      758   25.15%
      0     0    67329.4402   183    53902.0000      Cuts: 30      806   24.91%
      0     0    67257.5417   173    53902.0000      Cuts: 62      871   24.78%
      0     0    67229.1148   193    53902.0000      Cuts: 38      908   24.72%
      0     0    67205.0927   194    53902.0000      Cuts: 42      954   24.68%
      0     0    67190.2746   188    53902.0000      Cuts: 62     1000   24.65%
      0     0    67186.5238   192    53902.0000      Cuts: 78     1038   24.65%
      0     0    67176.4809   247    53902.0000      Cuts: 27     1076   24.63%
Detecting symmetries...
      0     2    67176.4809   245    53902.0000    67176.0150     1076   24.63%
Elapsed time = 0.14 sec. (270.29 ticks, tree = 0.01 MB, solutions = 1)
    173   110    65779.4717    99    53902.0000    66943.0704     5575   24.19%
    450   279    56843.3668    53    53902.0000    66839.0564    11150   24.00%
    707   458    62801.2913   119    53902.0000    66722.3964    16398   23.78%
    930   611    65287.7936    84    53902.0000    66634.5798    22129   23.62%

Performing restart 1

Repeating presolve.
Tried aggregator 1 time.
MIP Presolve modified 12 coefficients.
Reduced MIP has 1175 rows, 657 columns, and 4698 nonzeros.
Reduced MIP has 471 binaries, 186 generals, 0 SOSs, and 0 indicators.
Presolve time = 0.00 sec. (2.45 ticks)
Tried aggregator 1 time.
Reduced MIP has 1175 rows, 657 columns, and 4698 nonzeros.
Reduced MIP has 471 binaries, 186 generals, 0 SOSs, and 0 indicators.
Presolve time = 0.00 sec. (2.92 ticks)
Represolve time = 0.01 sec. (10.25 ticks)
   1032     0    67146.0741   180    53902.0000      Cuts: 69    24819   23.57%
   1032     0    67128.0851   243    53902.0000      Cuts: 95    24871   23.57%
   1032     0    67127.8821   242    53902.0000      Cuts: 53    24899   23.57%
   1032     0    67115.1800   252    53902.0000      Cuts: 68    24952   23.57%
   1032     2    67115.1800   252    53902.0000    66606.1249    24952   23.57%
   1036     6    67012.9505   167    53902.0000    66606.1249    25166   23.57%
   1051    18    64569.3836    85    53902.0000    66606.1249    26025   23.57%
   1100    45    61764.9119    69    53902.0000    66606.1249    27960   23.57%
   1173   100    64863.8069   104    53902.0000    66606.1249    30606   23.57%
   1701   482    63802.0000   126    53902.0000    66217.6826    44790   22.85%
Elapsed time = 3.38 sec. (3737.49 ticks, tree = 0.54 MB, solutions = 1)
   2124   769    61833.5817   116    53902.0000    66080.8392    60042   22.59%
   2590  1092    64091.9720   131    53902.0000    65941.8628    75113   22.34%
   3039  1380    infeasible          53902.0000    65803.7256    90200   22.08%
   3498  1674    55857.6871    61    53902.0000    65655.6749   106454   21.81%
   4052  2042    59017.8750    32    53902.0000    65548.8500   124477   21.61%
   4543  2362    62235.5000    69    53902.0000    65454.6667   140329   21.43%
   4983  2644    65142.9875   144    53902.0000    65367.0248   156780   21.27%
   5373  2876    56442.8464   101    53902.0000    65303.6912   171249   21.15%
   5791  3155        cutoff          53902.0000    65211.6898   187463   20.98%
   6282  3455    60730.1250    64    53902.0000    65122.6667   204789   20.82%
Elapsed time = 7.08 sec. (13331.32 ticks, tree = 2.97 MB, solutions = 1)
   6745  3726    63276.5744   169    53902.0000    65058.1571   221304   20.70%
   7161  3958    58959.4467   152    53902.0000    65001.6009   237808   20.59%
   7512  4148    62929.6084    79    53902.0000    64935.0000   251937   20.47%
   7942  4409    61440.6181   186    53902.0000    64866.0521   268150   20.34%
   8486  4772    54339.8871    88    53902.0000    64811.4581   286706   20.24%
   8969  5048        cutoff          53902.0000    64736.7231   305034   20.10%
   9389  5299    64046.5665   150    53902.0000    64677.1852   321986   19.99%
   9798  5521    60850.8303    70    53902.0000    64626.7895   337156   19.90%
  10223  5792    62053.2748    37    53902.0000    64585.8237   352436   19.82%
  10672  6051    60564.9701   102    53902.0000    64544.2024   369536   19.74%
Elapsed time = 10.59 sec. (22910.34 ticks, tree = 4.55 MB, solutions = 1)
  11146  6339    59744.0000    38    53902.0000    64495.8333   388019   19.65%
  11354  6468    infeasible          53902.0000    64474.3333   395390   19.61%
  11853  6768    62951.2596   192    53902.0000    64431.0139   414269   19.53%
  12336  7019    54095.1333    60    53902.0000    64353.7263   432790   19.39%
  12861  7303    62583.3000   124    53902.0000    64289.8396   451094   19.27%
  13330  7570    58299.7000   146    53902.0000    64238.2937   468119   19.18%
  13734  7770    61489.2290   123    53902.0000    64182.5000   485041   19.07%
  14117  7996    62255.0339    97    53902.0000    64145.7165   501095   19.00%
  14519  8218    63209.0222    94    53902.0000    64102.8329   517541   18.92%
  14967  8454    58680.3333   176    53902.0000    64045.4222   536421   18.82%
Elapsed time = 14.62 sec. (33427.95 ticks, tree = 6.34 MB, solutions = 1)
  15458  8747        cutoff          53902.0000    64021.1600   554702   18.77%
  15926  8987    63006.4667   123    53902.0000    63975.2760   574008   18.69%
  16433  9272    61260.0625   132    53902.0000    63921.7829   592359   18.59%
  16900  9543    58152.1908    88    53902.0000    63890.8333   610784   18.53%
  17311  9743    60962.2355   143    53902.0000    63842.3520   628265   18.44%
  17687  9907    61466.1333   121    53902.0000    63794.6750   644255   18.35%
  18102 10113    59429.3497    79    53902.0000    63756.5614   660703   18.28%
  18494 10315    59739.1563   158    53902.0000    63723.1667   676534   18.22%
  18919 10541    58177.4879   158    53902.0000    63675.7549   694070   18.13%
  19470 10827    62328.7941   157    53902.0000    63615.7083   712478   18.02%
Elapsed time = 18.12 sec. (42986.33 ticks, tree = 7.70 MB, solutions = 1)
  19919 11016    infeasible          53902.0000    63560.0667   732343   17.92%
  20445 11276    60396.5000   124    53902.0000    63506.4533   752664   17.82%
  20966 11528    57695.2796   132    53902.0000    63453.5837   772316   17.72%
  21512 11831    61796.2351   119    53902.0000    63424.1138   790631   17.67%
  21996 12066    59792.7222   166    53902.0000    63384.3377   807159   17.59%
  22468 12301    infeasible          53902.0000    63347.3211   823431   17.52%
  22931 12532    61284.2458    57    53902.0000    63307.3967   840040   17.45%
  23386 12747    61471.5000   132    53902.0000    63267.4039   855983   17.37%
  23909 13016    60214.0717    72    53902.0000    63238.4518   872840   17.32%
  24422 13306    56238.0000    73    53902.0000    63209.2205   891063   17.27%
Elapsed time = 21.56 sec. (52538.45 ticks, tree = 9.03 MB, solutions = 1)
  24919 13544    61136.6889    41    53902.0000    63176.4691   908321   17.21%
  25443 13841    59672.1712   106    53902.0000    63143.4839   925595   17.14%
  25938 14132    infeasible          53902.0000    63109.5000   941942   17.08%
  26470 14401    60246.8169    91    53902.0000    63071.3047   959559   17.01%
  26930 14610    61890.0205   149    53902.0000    63028.9342   978416   16.93%
  27468 14903    61601.3708   106    53902.0000    62995.1451   996232   16.87%
  27995 15192    61093.9474   151    53902.0000    62965.9694  1012694   16.82%
  28481 15428    61541.5000    98    53902.0000    62936.2721  1030523   16.76%
  28963 15689    57313.8772   148    53902.0000    62912.4333  1047355   16.72%
  29422 15936    58474.2810   124    53902.0000    62890.5889  1063123   16.68%
Elapsed time = 25.05 sec. (62093.55 ticks, tree = 11.34 MB, solutions = 1)
  29907 16183    57275.9374    84    53902.0000    62869.8740  1079845   16.64%
  30396 16396    62476.2154    45    53902.0000    62848.2333  1095773   16.60%
  30925 16673    62138.0000   159    53902.0000    62820.9500  1111716   16.55%
  31419 16932    59878.6686   166    53902.0000    62797.4010  1128414   16.50%
  31889 17137    62325.2937    65    53902.0000    62773.0141  1146185   16.46%
  32381 17381    61079.3551   148    53902.0000    62749.5130  1163546   16.41%
  32877 17647    60952.6495   108    53902.0000    62726.3795  1180501   16.37%
  33356 17900        cutoff          53902.0000    62707.3333  1197003   16.34%
  33850 18143    55615.0000    94    53902.0000    62687.4571  1213521   16.30%
  34341 18374    59000.1333   136    53902.0000    62659.6667  1231519   16.25%
Elapsed time = 28.57 sec. (71655.35 ticks, tree = 13.58 MB, solutions = 1)
  34815 18561        cutoff          53902.0000    62633.7500  1249143   16.20%
  35287 18783    59660.4918   172    53902.0000    62606.8645  1266783   16.15%
  35774 19022    58682.0327    81    53902.0000    62584.9000  1283810   16.11%
  36281 19247    57182.2143    60    53902.0000    62562.6495  1300408   16.07%
  36764 19490    61728.3000   121    53902.0000    62544.8333  1317079   16.03%
  37191 19719    56107.1927    49    53902.0000    62533.0000  1333087   16.01%
  37691 19987    59495.0000    78    53902.0000    62512.8519  1351304   15.98%
  38227 20287    61809.9375   145    53902.0000    62490.4482  1369054   15.93%
  38650 20486    60418.1582    86    53902.0000    62473.1208  1385589   15.90%
  39138 20752    60749.3934   100    53902.0000    62455.8333  1403401   15.87%
Elapsed time = 32.04 sec. (81230.24 ticks, tree = 15.12 MB, solutions = 1)
  39569 20958    58468.4865    62    53902.0000    62437.6846  1421275   15.84%
  40028 21168    60481.6250   130    53902.0000    62416.5000  1438808   15.80%
  40532 21430    61659.2820    34    53902.0000    62396.5000  1457404   15.76%
  41002 21646    59223.0388    97    53902.0000    62376.0000  1476669   15.72%
  41440 21840    59129.7972    84    53902.0000    62355.6916  1493719   15.68%
  41929 22090    57974.3459    79    53902.0000    62338.5810  1510773   15.65%
  42374 22287    61066.1237    50    53902.0000    62322.5000  1526858   15.62%
  42855 22491    60848.3903   104    53902.0000    62304.9404  1543978   15.59%
  43363 22727    57935.3410    61    53902.0000    62286.2500  1559181   15.55%
  45113 23464    59360.6783   116    53902.0000    62224.0756  1623231   15.44%
Elapsed time = 38.42 sec. (93643.52 ticks, tree = 16.91 MB, solutions = 1)
  47067 24380    57226.1250    73    53902.0000    62153.9357  1694122   15.31%
  48994 25213    57881.5677    96    53902.0000    62078.8436  1765473   15.17%
  50733 25924    59214.8197    80    53902.0000    62013.5250  1832050   15.05%
  52433 26702    56839.6231    58    53902.0000    61962.8000  1897441   14.95%
  54156 27364    58912.7399    81    53902.0000    61904.6736  1964714   14.85%
  56077 28142    58512.0067   129    53902.0000    61840.5349  2031365   14.73%
  57930 29027    57924.7115   102    53902.0000    61780.8750  2097951   14.62%
  59675 29827        cutoff          53902.0000    61734.0000  2163877   14.53%
  61414 30555    58107.2022    87    53902.0000    61676.0698  2228273   14.42%
  63222 31313    61150.0355    61    53902.0000    61630.0000  2294476   14.34%
Elapsed time = 52.12 sec. (131812.11 ticks, tree = 22.42 MB, solutions = 1)
  65194 32213    58342.3061    88    53902.0000    61579.9148  2361078   14.24%
  66958 32937    infeasible          53902.0000    61532.7418  2426481   14.16%
  68685 33652    57733.2500   127    53902.0000    61487.7530  2489655   14.07%
  70531 34454    59947.0046    95    53902.0000    61441.5645  2553548   13.99%
  72507 35358    60621.1837    73    53902.0000    61403.2984  2619466   13.92%
  74380 36179    56971.2204    59    53902.0000    61364.0769  2685705   13.84%
Starting limited solution polishing.
  76277 37006    60531.0985   153    53902.0000    61324.6667  2749654   13.77%
  77632 37516    57531.9467   111    53902.0000    61294.1126  2798703   13.71%
  78332 37827    57319.7006    61    53902.0000    61278.6333  2824754   13.69%
  79751 38390    60884.5049    37    53902.0000    61246.2862  2874073   13.63%
Elapsed time = 66.32 sec. (170733.37 ticks, tree = 28.54 MB, solutions = 1)

GUB cover cuts applied:  5
Clique cuts applied:  11
Cover cuts applied:  213
Implied bound cuts applied:  40
Flow cuts applied:  13
Mixed integer rounding cuts applied:  446
Zero-half cuts applied:  136
Lift and project cuts applied:  2
Gomory fractional cuts applied:  2

Root node processing (before b&c):
  Real time             =    0.14 sec. (270.34 ticks)
Sequential b&c:
  Real time             =   66.86 sec. (172389.77 ticks)
                          ------------
Total (root+branch&cut) =   67.00 sec. (172660.11 ticks)
[CPLEX] Status: time limit exceeded
[CPLEX] OPTIMAL OBJ: 53902.0
[CPLEX] Runtime: 67.003 sec
Vehicle 0: d → 22 → 27 → 3 → 10 → 7 → 17 → 8 → 21 → 14 → 9 → 28 → 4 → 19 → 26 → 13 → 25 → 29 → 15 → 6 → 12 → 20 → 18 → 16 → d, (requests = [0, 1, 2, 3, 4, 8, 9, 10])
Vehicle 1: d → 30 → 20 → 12 → 6 → 0 → 15 → 29 → 25 → 13 → 26 → 19 → 4 → 28 → 14 → 21 → 8 → 17 → 7 → 27 → d, (requests = [5, 6, 7])
Vehicle 2: d, (requests = [])
======== PPDSP OBJECTIVE ========
Profit    = 73259
Cost      = 19357
Objective = 53902
=================================
===== RAW XY MODEL =====
107 148 205 242 278 317 328 405 442 458 487 544 553 593 635 659 687 732 830 846 868 901 944 1015 1040 1181 1217 1276 1298 1415 1467 1494 1534 1576 1637 1677 1705 1838 1876 1920 1935 1978 2005 2047 2049 2051 2053 2055 2183 2186 2188 2190 2191 2193 2195
  [Time Manager] Step 9 consumed 67.00s. Total Consumed: 170.36s.
  [Info] Saved 3231 core assumption literals to p1_A-n32-k5_r11v3k2.lp.asm

[10/60] Building & Solving: R=12, V=3, K=2
Default row names c1, c2 ... being created.
  [Info] Generating MIP Formulation...
  [Time Manager] Global Remaining Budget: 3429.64s | Future Weight Sum: 51.0
  [Time Manager] Recalibrated Budget for this step: 67.25s
[CPLEX] Setting time limit to 67 seconds
[CPLEX] Reading assumption from p1_A-n32-k5_r11v3k2.lp.asm ...
[CPLEX] Applying MIP Start with 3105 variables.
Version identifier: 22.1.1.0 | 2022-11-28 | 9160aff4d
CPXPARAM_Read_DataCheck                          1
CPXPARAM_Threads                                 1
CPXPARAM_TimeLimit                               67
1 of 1 MIP starts provided solutions.
MIP start 'm1' defined initial solution with objective 60818.0000.
Tried aggregator 1 time.
MIP Presolve eliminated 66 rows and 2637 columns.
MIP Presolve modified 1248 coefficients.
Reduced MIP has 1188 rows, 660 columns, and 4788 nonzeros.
Reduced MIP has 474 binaries, 186 generals, 0 SOSs, and 0 indicators.
Presolve time = 0.00 sec. (3.12 ticks)
Probing time = 0.00 sec. (0.93 ticks)
Tried aggregator 1 time.
Detecting symmetries...
Reduced MIP has 1188 rows, 660 columns, and 4788 nonzeros.
Reduced MIP has 474 binaries, 186 generals, 0 SOSs, and 0 indicators.
Presolve time = 0.00 sec. (2.88 ticks)
Probing time = 0.00 sec. (0.97 ticks)
Clique table members: 267.
MIP emphasis: balance optimality and feasibility.
MIP search method: dynamic search.
Parallel mode: none, using 1 thread.
Root relaxation solution time = 0.00 sec. (3.47 ticks)

        Nodes                                         Cuts/
   Node  Left     Objective  IInf  Best Integer    Best Bound    ItCnt     Gap

*     0+    0                        60818.0000   240525.0000           295.48%
      0     0    75934.4520    81    60818.0000    75934.4520      184   24.86%
      0     0    75630.7632   138    60818.0000     Cuts: 131      273   24.36%
      0     0    75369.0000   110    60818.0000      Cuts: 59      332   23.93%
      0     0    75129.5333   171    60818.0000      Cuts: 21      367   23.53%
      0     0    75063.7500   125    60818.0000      Cuts: 28      385   23.42%
      0     0    74877.1667   128    60818.0000      Cuts: 37      410   23.12%
Detecting symmetries...
      0     0    74705.8333   133    60818.0000      Cuts: 43      450   22.84%
      0     0    74554.8117   156    60818.0000      Cuts: 53      519   22.59%
      0     0    74504.6481   173    60818.0000      Cuts: 76      559   22.50%
      0     0    74403.5556   171    60818.0000      Cuts: 31      596   22.34%
      0     0    74371.2273   220    60818.0000      Cuts: 51      638   22.28%
      0     0    74362.8333   214    60818.0000      Cuts: 39      659   22.27%
      0     0    74336.6000   148    60818.0000      Cuts: 29      678   22.23%
      0     0    74321.0000   186    60818.0000      Cuts: 40      711   22.20%
      0     0    74305.6667   183    60818.0000      Cuts: 35      726   22.18%
      0     0    74267.1914   171    60818.0000      Cuts: 55      758   22.11%
      0     0    74239.0250   168    60818.0000      Cuts: 41      775   22.07%
      0     0    74099.2500   135    60818.0000      Cuts: 81      805   21.84%
      0     0    74086.5000   137    60818.0000      Cuts: 51      836   21.82%
      0     0    74086.5000   139    60818.0000      Cuts: 34      842   21.82%
Detecting symmetries...
      0     2    74086.5000   139    60818.0000    74086.3750      842   21.82%
Elapsed time = 0.10 sec. (189.05 ticks, tree = 0.01 MB, solutions = 1)
    212   152    67763.5114    90    60818.0000    73983.4000     5872   21.65%
    448   315    72057.2272   160    60818.0000    73681.0370    11372   21.15%
    687   484    72819.0000   148    60818.0000    73589.0024    17196   21.00%
    944   671    72266.3365   103    60818.0000    73498.7829    23109   20.85%

Performing restart 1

Repeating presolve.
Tried aggregator 1 time.
MIP Presolve modified 12 coefficients.
Reduced MIP has 1188 rows, 660 columns, and 4788 nonzeros.
Reduced MIP has 474 binaries, 186 generals, 0 SOSs, and 0 indicators.
Presolve time = 0.00 sec. (2.49 ticks)
Tried aggregator 1 time.
Reduced MIP has 1188 rows, 660 columns, and 4788 nonzeros.
Reduced MIP has 474 binaries, 186 generals, 0 SOSs, and 0 indicators.
Presolve time = 0.00 sec. (2.97 ticks)
Represolve time = 0.01 sec. (9.72 ticks)
    954     0    74024.5000   144    60818.0000      Cuts: 55    23847   20.85%
    954     0    73977.9667   183    60818.0000     Cuts: 120    23890   20.85%
    954     0    73925.0685   242    60818.0000      Cuts: 79    23976   20.85%
    954     0    73918.9067   240    60818.0000     Cuts: 107    24026   20.85%
    954     0    73882.2917   171    60818.0000      Cuts: 38    24082   20.85%
    954     0    73858.9495   231    60818.0000     Cuts: 119    24143   20.85%
    954     0    73844.6429   199    60818.0000      Cuts: 45    24186   20.85%
    954     0    73835.1429   185    60818.0000      Cuts: 92    24231   20.85%
    954     0    73818.0000   154    60818.0000      Cuts: 52    24292   20.85%
    954     0    73807.7500   251    60818.0000      Cuts: 44    24329   20.85%
    954     2    73807.7500   244    60818.0000    73498.7829    24329   20.85%
    957     5    73769.4332   177    60818.0000    73498.7829    24517   20.85%
    963    11    73475.9955   144    60818.0000    73498.7829    24994   20.85%
   1002    41    70827.5301   149    60818.0000    73498.7829    26542   20.85%
   1066    97    70670.2142    71    60818.0000    73498.7829    28401   20.85%
   1376   327    67268.8289    98    60818.0000    72997.2717    41841   20.03%
Elapsed time = 1.48 sec. (3825.56 ticks, tree = 0.20 MB, solutions = 1)
   1743   592    infeasible          60818.0000    72675.5108    57019   19.50%
   2138   865        cutoff          60818.0000    72485.1051    73483   19.18%
   2500  1116    71852.1574   158    60818.0000    72410.9032    88459   19.06%
   2849  1357    70526.0164    75    60818.0000    72261.0333   103915   18.82%
   3238  1637    70022.2500   118    60818.0000    72156.8630   120282   18.64%
   3589  1872    71907.6193   141    60818.0000    71942.0231   136963   18.29%
   4016  2204    69652.5476   159    60818.0000    71862.0000   154309   18.16%
   4360  2428    70833.9730   150    60818.0000    71770.5283   169783   18.01%
   4703  2672    71109.3324   103    60818.0000    71747.3697   185203   17.97%
   5078  2935    62602.5888    30    60818.0000    71686.5412   200743   17.87%
Elapsed time = 7.10 sec. (13412.21 ticks, tree = 1.80 MB, solutions = 1)
   5373  3116    71089.7500   107    60818.0000    71635.1111   214943   17.79%
   5695  3327    67860.4535   142    60818.0000    71591.2511   229319   17.71%
   6107  3610    69923.2852   157    60818.0000    71530.1476   245815   17.61%
   6465  3852    63751.5682    76    60818.0000    71469.6548   262822   17.51%
   6829  4100    71209.4925   176    60818.0000    71383.3272   278358   17.37%
   7227  4389    64207.7700   155    60818.0000    71330.5385   294053   17.29%
   7634  4673    67152.0836    87    60818.0000    71265.9937   308766   17.18%
   8012  4921    67159.7190   107    60818.0000    71223.7500   325315   17.11%
   8408  5179    71163.0000    95    60818.0000    71164.6819   342198   17.01%
   8855  5479    70571.6548   175    60818.0000    71121.6667   358728   16.94%
Elapsed time = 10.66 sec. (22986.15 ticks, tree = 3.63 MB, solutions = 1)
   9274  5764    64004.8596    77    60818.0000    71076.6667   374714   16.87%
   9677  6028    68910.6331    96    60818.0000    71044.2400   390430   16.81%
  10039  6245    69190.8980   142    60818.0000    70999.8575   405699   16.74%
  10474  6544    70849.4815    58    60818.0000    70959.6000   421716   16.68%
  10496  6566    70526.0614    97    60818.0000    70959.5000   422508   16.68%
  10880  6820        cutoff          60818.0000    70900.2162   436696   16.58%
  11318  7133    63938.9372   105    60818.0000    70854.9508   453990   16.50%
  11739  7412    68914.1667   156    60818.0000    70802.2851   472271   16.42%
  12227  7720    66073.8549   148    60818.0000    70741.9561   491338   16.32%
  12650  7983    63673.5357   102    60818.0000    70704.5483   510119   16.26%
Elapsed time = 14.77 sec. (33240.48 ticks, tree = 5.17 MB, solutions = 1)
  13078  8221        cutoff          60818.0000    70663.5000   529929   16.19%
  13535  8479    63635.3333   138    60818.0000    70609.2045   547507   16.10%
  13921  8709    63860.1429    52    60818.0000    70564.9923   563013   16.03%
  14273  8903    68731.3333   111    60818.0000    70531.6475   579923   15.97%
  14659  9129    60835.3631    98    60818.0000    70491.9537   596523   15.91%
  14959  9291    69844.5000    70    60818.0000    70466.7500   612862   15.86%
  15340  9498    67905.7143   129    60818.0000    70440.2142   629434   15.82%
  15818  9831    67293.8421    66    60818.0000    70408.4252   646993   15.77%
  16216 10064    69499.6667    45    60818.0000    70369.8333   664483   15.71%
  16698 10357    66758.8328    92    60818.0000    70332.8325   682240   15.64%
Elapsed time = 18.40 sec. (42848.34 ticks, tree = 6.96 MB, solutions = 1)
  17154 10620    68402.3731   103    60818.0000    70289.2227   700874   15.57%
  17638 10930    68302.0751    71    60818.0000    70254.8375   719029   15.52%
  18127 11235    69644.1821   174    60818.0000    70231.0349   737801   15.48%
  18604 11532    65863.2004    78    60818.0000    70196.2491   754510   15.42%
  18999 11782    69227.2917   113    60818.0000    70164.9806   771297   15.37%
  19420 12016    65981.7160   144    60818.0000    70129.4000   788000   15.31%
  19857 12259    67391.7230    74    60818.0000    70099.6667   805529   15.26%

Performing restart 2

Repeating presolve.
Tried aggregator 1 time.
MIP Presolve modified 204 coefficients.
Reduced MIP has 1188 rows, 660 columns, and 6030 nonzeros.
Reduced MIP has 474 binaries, 186 generals, 0 SOSs, and 0 indicators.
Presolve time = 0.00 sec. (4.31 ticks)
Tried aggregator 1 time.
Reduced MIP has 1188 rows, 660 columns, and 6030 nonzeros.
Reduced MIP has 474 binaries, 186 generals, 0 SOSs, and 0 indicators.
Presolve time = 0.00 sec. (3.62 ticks)
Represolve time = 0.01 sec. (17.15 ticks)
  20038     0    73611.7491   211    60818.0000      Cuts: 93   814964   15.23%
  20038     0    73495.4691   188    60818.0000      Cuts: 51   815057   15.23%
  20038     0    73481.4839   191    60818.0000      Cuts: 78   815114   15.23%
  20038     0    73392.8261   172    60818.0000     Cuts: 125   815217   15.23%
  20038     0    73197.6892   242    60818.0000      Cuts: 85   815384   15.23%
  20038     0    73089.1500   208    60818.0000     Cuts: 152   815449   15.23%
  20038     0    72878.3571   228    60818.0000     Cuts: 103   815572   15.23%
  20038     0    72849.3772   251    60818.0000     Cuts: 139   815642   15.23%
  20038     0    72807.3963   238    60818.0000      Cuts: 86   815721   15.23%
  20038     0    72652.6208   248    60818.0000     Cuts: 127   815849   15.23%
  20038     2    72652.6208   237    60818.0000    70081.7626   815849   15.23%
  20058    21    68147.2519    46    60818.0000    70081.7626   818276   15.23%
  20103    61    66267.8973   129    60818.0000    70081.7626   820864   15.23%
Elapsed time = 22.47 sec. (53123.05 ticks, tree = 0.27 MB, solutions = 1)
  20136    87    70329.8333   201    60818.0000    70081.7626   823355   15.23%
  20186   119    67162.9019   217    60818.0000    70081.7626   825464   15.23%
  20254   166    70629.6625   125    60818.0000    70081.7626   828368   15.23%
  20393   263    67828.5412    71    60818.0000    70081.7626   833611   15.23%
  20511   351    67185.1987   100    60818.0000    70081.7626   840854   15.23%
  20711   494    69391.0046   153    60818.0000    70081.7626   852302   15.23%
  20889   605    70847.0769   120    60818.0000    70081.7626   863638   15.23%
  21185   791    69551.2116   114    60818.0000    70081.7626   878903   15.23%
  21495  1011    67664.2827   135    60818.0000    70081.7626   895029   15.23%
  21814  1225    62804.1111    80    60818.0000    70081.7626   911389   15.23%
Elapsed time = 26.06 sec. (62755.05 ticks, tree = 0.93 MB, solutions = 1)
  22160  1452    65803.6957   148    60818.0000    70081.7626   931281   15.23%
  22503  1685    66197.3829    34    60818.0000    70081.7626   950475   15.23%
  22851  1896    68537.7915   191    60818.0000    70081.7626   969893   15.23%
  23183  2078    67791.2500    46    60818.0000    70081.7626   989346   15.23%
  23384  2185    64041.3682   152    60818.0000    70081.7626  1001514   15.23%
  23605  2322    65142.5006   109    60818.0000    70081.7626  1014463   15.23%
  23963  2532    67734.2008   114    60818.0000    70081.7626  1033064   15.23%
  24351  2778    66531.2810   114    60818.0000    70081.7626  1051180   15.23%
  24674  2935    69343.8333   136    60818.0000    70081.7626  1069492   15.23%
  25041  3151    67245.0536   112    60818.0000    70081.7626  1086877   15.23%
Elapsed time = 29.79 sec. (72308.70 ticks, tree = 2.13 MB, solutions = 1)
  25438  3398    61823.4800    42    60818.0000    70081.7626  1104049   15.23%
  25797  3600    67623.1154   106    60818.0000    70050.2472  1122880   15.18%
  26158  3824    69197.7363    81    60818.0000    69985.5309  1141113   15.07%
  26502  4037    66055.3939   104    60818.0000    69936.5000  1159888   14.99%
  26853  4227    69236.8573   151    60818.0000    69891.5452  1179738   14.92%
  27179  4392    67424.7500   153    60818.0000    69845.2778  1198920   14.84%
  27486  4559    67518.4456    68    60818.0000    69808.2232  1215043   14.78%
  27767  4706    66285.2632    87    60818.0000    69771.8000  1231727   14.72%
  28036  4853    66712.6363    83    60818.0000    69735.3000  1245019   14.66%
  28339  5027    68101.4800    83    60818.0000    69703.0000  1257644   14.61%
Elapsed time = 33.57 sec. (81875.17 ticks, tree = 4.26 MB, solutions = 1)
  28631  5190    69447.0000   136    60818.0000    69668.0063  1272413   14.55%
  28954  5341    68737.1150    30    60818.0000    69631.4672  1289323   14.49%
  29297  5535    68136.2474    82    60818.0000    69604.0000  1306389   14.45%
  29677  5772    67633.2513   128    60818.0000    69569.1672  1323493   14.39%
  29980  5935    68332.0580   115    60818.0000    69547.0869  1337047   14.35%
  30290  6136    69221.8508    83    60818.0000    69529.1667  1350957   14.32%
  30623  6344    67740.7143    66    60818.0000    69514.5373  1366024   14.30%
  30983  6523        cutoff          60818.0000    69487.2491  1384460   14.25%
  31381  6787    66765.4441    99    60818.0000    69464.4348  1402228   14.22%
  32654  7489    68840.8145   122    60818.0000    69399.0000  1462310   14.11%
Elapsed time = 40.68 sec. (94341.11 ticks, tree = 5.61 MB, solutions = 1)
  34238  8383    67606.5951   119    60818.0000    69303.2500  1534348   13.95%
  35643  9151    68215.8561   157    60818.0000    69222.0604  1594647   13.82%
  37179  9999    68876.6396    92    60818.0000    69154.3856  1662052   13.71%
  38593 10780    64173.7927   186    60818.0000    69089.8400  1724827   13.60%
  40065 11612    62351.5260   158    60818.0000    69028.1833  1792365   13.50%
  41527 12416    63539.4883   118    60818.0000    68960.4677  1855386   13.39%
  43160 13323    65273.0323    96    60818.0000    68887.9112  1922343   13.27%
  44548 14012        cutoff          60818.0000    68819.3400  1984342   13.16%
  46218 14822    66413.5067    76    60818.0000    68744.6333  2055587   13.03%
  47626 15561    67432.2500    96    60818.0000    68690.0888  2116790   12.94%
Elapsed time = 56.06 sec. (132541.55 ticks, tree = 10.76 MB, solutions = 1)
  49189 16341    67290.3889   140    60818.0000    68633.3328  2185417   12.85%
  50548 17022    64637.9330   127    60818.0000    68585.3333  2243605   12.77%
  51960 17756    67188.3014   121    60818.0000    68536.4964  2305329   12.69%
  53353 18410    64376.0933   105    60818.0000    68487.2105  2370429   12.61%
  54638 19024    66688.7796    69    60818.0000    68439.0000  2428542   12.53%
  55417 19415    67033.7447   168    60818.0000    68411.8055  2464361   12.49%
  56866 20113    61924.3667    42    60818.0000    68367.6243  2530674   12.41%

GUB cover cuts applied:  6
Cover cuts applied:  114
Implied bound cuts applied:  19
Flow cuts applied:  21
Mixed integer rounding cuts applied:  351
Zero-half cuts applied:  135
Lift and project cuts applied:  21
Gomory fractional cuts applied:  12

Root node processing (before b&c):
  Real time             =    0.10 sec. (189.11 ticks)
Sequential b&c:
  Real time             =   66.90 sec. (160681.37 ticks)
                          ------------
Total (root+branch&cut) =   67.00 sec. (160870.48 ticks)
[CPLEX] Status: time limit exceeded
[CPLEX] OPTIMAL OBJ: 60818.0
[CPLEX] Runtime: 67.004 sec
Vehicle 0: d → 22 → 27 → 3 → 10 → 7 → 17 → 8 → 21 → 14 → 9 → 28 → 4 → 19 → 26 → 13 → 25 → 29 → 15 → 6 → 12 → 20 → 18 → 16 → d, (requests = [0, 1, 2, 3, 4, 8, 9, 10])
Vehicle 1: d → 30 → 20 → 12 → 6 → 0 → 15 → 29 → 25 → 13 → 26 → 19 → 4 → 28 → 14 → 21 → 8 → 17 → 7 → 27 → d, (requests = [5, 6, 7, 11])
Vehicle 2: d, (requests = [])
======== PPDSP OBJECTIVE ========
Profit    = 80175
Cost      = 19357
Objective = 60818
=================================
===== RAW XY MODEL =====
107 148 205 242 278 317 328 405 442 458 487 544 553 593 635 659 687 732 830 846 868 901 944 1015 1040 1181 1217 1276 1298 1415 1467 1494 1534 1576 1637 1677 1705 1838 1876 1920 1935 1978 2005 2047 2049 2051 2053 2055 2183 2186 2188 2190 2191 2193 2195 3296
  [Time Manager] Step 10 consumed 67.01s. Total Consumed: 237.37s.
  [Info] Saved 3297 core assumption literals to p1_A-n32-k5_r12v3k2.lp.asm

[11/60] Building & Solving: R=13, V=3, K=2
Default row names c1, c2 ... being created.
  [Info] Generating MIP Formulation...
  [Time Manager] Global Remaining Budget: 3362.63s | Future Weight Sum: 50.0
  [Time Manager] Recalibrated Budget for this step: 67.25s
[CPLEX] Setting time limit to 67 seconds
[CPLEX] Reading assumption from p1_A-n32-k5_r12v3k2.lp.asm ...
[CPLEX] Applying MIP Start with 3108 variables.
Version identifier: 22.1.1.0 | 2022-11-28 | 9160aff4d
CPXPARAM_Read_DataCheck                          1
CPXPARAM_Threads                                 1
CPXPARAM_TimeLimit                               67
1 of 1 MIP starts provided solutions.
MIP start 'm1' defined initial solution with objective 60818.0000.
Tried aggregator 1 time.
MIP Presolve eliminated 63 rows and 2637 columns.
MIP Presolve modified 1266 coefficients.
Reduced MIP has 1201 rows, 663 columns, and 4869 nonzeros.
Reduced MIP has 477 binaries, 186 generals, 0 SOSs, and 0 indicators.
Presolve time = 0.00 sec. (3.35 ticks)
Probing time = 0.00 sec. (0.95 ticks)
Tried aggregator 1 time.
Detecting symmetries...
Reduced MIP has 1201 rows, 663 columns, and 4869 nonzeros.
Reduced MIP has 477 binaries, 186 generals, 0 SOSs, and 0 indicators.
Presolve time = 0.00 sec. (2.92 ticks)
Probing time = 0.00 sec. (0.99 ticks)
Clique table members: 271.
MIP emphasis: balance optimality and feasibility.
MIP search method: dynamic search.
Parallel mode: none, using 1 thread.
Root relaxation solution time = 0.00 sec. (3.34 ticks)

        Nodes                                         Cuts/
   Node  Left     Objective  IInf  Best Integer    Best Bound    ItCnt     Gap

*     0+    0                        60818.0000   258348.0000           324.79%
      0     0    81875.4520    82    60818.0000    81875.4520      182   34.62%
      0     0    81483.0625   132    60818.0000     Cuts: 132      293   33.98%
      0     0    81352.0000   130    60818.0000      Cuts: 57      343   33.76%
      0     0    81312.5689   111    60818.0000      Cuts: 53      383   33.70%
      0     0    81196.5000   111    60818.0000      Cuts: 60      425   33.51%
      0     0    81003.6000   119    60818.0000      Cuts: 36      477   33.19%
Detecting symmetries...
      0     0    80782.7000   138    60818.0000      Cuts: 32      563   32.83%
      0     0    80732.1600   161    60818.0000      Cuts: 53      611   32.74%
      0     0    80507.3333   230    60818.0000      Cuts: 39      667   32.37%
      0     0    80482.7500   228    60818.0000      Cuts: 53      691   32.33%
      0     0    80407.5000   202    60818.0000      Cuts: 21      706   32.21%
      0     0    80356.8333   215    60818.0000      Cuts: 30      735   32.13%
      0     0    80343.3735   215    60818.0000      Cuts: 32      755   32.10%
      0     0    80323.5000   146    60818.0000      Cuts: 58      767   32.07%
      0     0    80248.6667   160    60818.0000      Cuts: 41      795   31.95%
      0     0    80236.3095   216    60818.0000      Cuts: 33      817   31.93%
      0     0    80214.5833   230    60818.0000      Cuts: 17      855   31.89%
      0     0    80206.2500   212    60818.0000      Cuts: 57      873   31.88%
      0     0    80152.8000   156    60818.0000      Cuts: 39      920   31.79%
      0     0    80126.2778   224    60818.0000      Cuts: 64      951   31.75%
      0     0    80105.0000   173    60818.0000      Cuts: 38      971   31.71%
      0     0    80098.3947   234    60818.0000      Cuts: 44      996   31.70%
      0     0    80098.3947   224    60818.0000      Cuts: 10     1004   31.70%
Detecting symmetries...
      0     2    80098.3947   224    60818.0000    80090.0238     1004   31.69%
Elapsed time = 0.13 sec. (241.27 ticks, tree = 0.01 MB, solutions = 1)
    188   127    79437.2651   136    60818.0000    79711.6139     5802   31.07%
    400   280    79260.4570   135    60818.0000    79581.3009    10351   30.85%
    656   444    78903.7727   106    60818.0000    79537.5946    15471   30.78%

Performing restart 1

Repeating presolve.
Tried aggregator 1 time.
MIP Presolve modified 12 coefficients.
Reduced MIP has 1201 rows, 663 columns, and 4869 nonzeros.
Reduced MIP has 477 binaries, 186 generals, 0 SOSs, and 0 indicators.
Presolve time = 0.00 sec. (2.52 ticks)
Tried aggregator 1 time.
Reduced MIP has 1201 rows, 663 columns, and 4869 nonzeros.
Reduced MIP has 477 binaries, 186 generals, 0 SOSs, and 0 indicators.
Presolve time = 0.00 sec. (3.01 ticks)
Represolve time = 0.01 sec. (10.58 ticks)
    906     0    80083.8864   235    60818.0000     Cuts: 115    20888   30.67%
    906     0    80079.1154   183    60818.0000      Cuts: 57    20933   30.67%
    906     0    79914.9500   223    60818.0000     Cuts: 123    21022   30.67%
    906     0    79892.9861   154    60818.0000     Cuts: 123    21064   30.67%
    906     0    79858.4516   234    60818.0000      Cuts: 61    21105   30.67%
    906     0    79822.1818   221    60818.0000      Cuts: 76    21184   30.67%
    906     0    79804.3203   259    60818.0000      Cuts: 81    21228   30.67%
    906     0    79792.3032   257    60818.0000      Cuts: 26    21274   30.67%
    906     2    79792.3032   248    60818.0000    79473.6915    21274   30.67%
    912     6    78832.5200   109    60818.0000    79473.6915    21515   30.67%
    929    18    78464.1881   199    60818.0000    79473.6915    22291   30.67%
    942    29    74065.2232   107    60818.0000    79473.6915    23454   30.67%
    978    57    78773.3163   158    60818.0000    79473.6915    26012   30.67%
   1047   111    79200.4420   155    60818.0000    79473.6915    29507   30.67%
   1327   317    73429.4459   189    60818.0000    78758.1985    44416   29.50%
Elapsed time = 1.58 sec. (4029.74 ticks, tree = 0.32 MB, solutions = 1)
   1587   508    76861.5000   112    60818.0000    78656.2172    57589   29.33%
   1845   676    infeasible          60818.0000    78579.9797    72070   29.21%
   2092   837    74718.3333   111    60818.0000    78465.8000    87336   29.02%
   2383  1028    75322.6765   147    60818.0000    78339.8667   103539   28.81%
   2641  1196    77194.7585   216    60818.0000    78232.0911   118427   28.63%
   2973  1473    77415.0000    88    60818.0000    78191.8243   132825   28.57%
   3299  1720    76585.4391   156    60818.0000    78132.7984   147615   28.47%
   3670  2012    76552.9500   106    60818.0000    78049.8575   164796   28.33%
   4098  2342    77575.4433   149    60818.0000    77925.3172   181086   28.13%
   4392  2553    76063.1029   143    60818.0000    77883.9100   196135   28.06%
Elapsed time = 7.11 sec. (13626.25 ticks, tree = 2.25 MB, solutions = 1)
   4741  2822    76861.1942   194    60818.0000    77830.5982   211499   27.97%
   5142  3133    71918.4077   145    60818.0000    77765.5259   227288   27.87%
   5539  3448    62926.1333    78    60818.0000    77685.4000   244765   27.73%
   5949  3772        cutoff          60818.0000    77631.3333   262439   27.65%
   6269  4011    64754.6889    48    60818.0000    77580.5513   278481   27.56%
   6539  4203    76238.4594   117    60818.0000    77546.0044   294152   27.51%
   6841  4440    76599.4400   143    60818.0000    77507.8571   308408   27.44%
   7235  4738    75206.2668   138    60818.0000    77465.3166   324992   27.37%
   7598  5000    76156.5176   150    60818.0000    77426.8333   342771   27.31%
   8026  5312    76482.6924   121    60818.0000    77379.9000   359987   27.23%
Elapsed time = 10.84 sec. (23194.18 ticks, tree = 3.95 MB, solutions = 1)
   8411  5588    74150.1513   131    60818.0000    77333.8094   378039   27.16%
   8815  5891    73901.4387   167    60818.0000    77309.3519   395706   27.12%
   9176  6158    76161.2857    81    60818.0000    77267.2423   411519   27.05%
   9543  6434    73756.6380   107    60818.0000    77229.2727   427261   26.98%
   9899  6712    75569.2857   147    60818.0000    77192.5000   442616   26.92%
*  9967+ 5539                        66495.0000    77190.6214            16.08%
*  9967+ 5522                        66568.0000    77190.6214            15.96%
   9967  5524    74099.1409   138    66568.0000    77189.1262   446942   15.96%
   9968  5525    76278.5291   151    66568.0000    77187.0000   447049   15.95%
  10346  5789    73411.3144   105    66568.0000    77150.2500   464851   15.90%
  10718  6057    72883.7316    81    66568.0000    77108.2400   481993   15.83%
  11171  6370    74459.9029   161    66568.0000    77005.9501   501490   15.68%
Elapsed time = 15.47 sec. (34519.17 ticks, tree = 4.57 MB, solutions = 3)
  11553  6647    69783.9376   113    66568.0000    76974.3141   520307   15.63%
  11957  6934    71391.9856    85    66568.0000    76929.1063   538695   15.56%
  12341  7209    75482.8245   128    66568.0000    76880.9000   555980   15.49%
  12712  7493    68067.6186    58    66568.0000    76855.0417   572325   15.45%
  13020  7696    74265.2953   164    66568.0000    76834.4038   587507   15.42%
  13310  7900    68552.2903    83    66568.0000    76818.7394   602307   15.40%
  13684  8152    71917.7805   123    66568.0000    76777.8908   618678   15.34%
  14096  8439    72810.3942   119    66568.0000    76743.5000   635484   15.29%
  14510  8734    75908.1100    53    66568.0000    76715.6049   653849   15.24%
  14968  9063    69922.2000    58    66568.0000    76692.5862   673172   15.21%
Elapsed time = 19.13 sec. (44078.30 ticks, tree = 6.87 MB, solutions = 3)
  15423  9375    75335.7330   157    66568.0000    76664.9084   692214   15.17%
  15788  9616    75864.6000   105    66568.0000    76640.8000   710510   15.13%
  16186  9883    75235.6654    65    66568.0000    76612.9679   726921   15.09%
  16556 10124    68242.5984   100    66568.0000    76584.0476   742488   15.05%
  16950 10409    73692.1061   122    66568.0000    76565.5405   758384   15.02%
  17314 10658    infeasible          66568.0000    76548.7308   774610   14.99%
  17645 10882    72489.6133   106    66568.0000    76535.0000   790781   14.97%
  18006 11115    74653.8156   115    66568.0000    76513.0222   808478   14.94%
  18358 11333    75933.5323    98    66568.0000    76499.2667   825847   14.92%
  18706 11551    71099.7562    66    66568.0000    76474.4194   843319   14.88%
Elapsed time = 22.70 sec. (53663.46 ticks, tree = 8.44 MB, solutions = 3)
  19066 11783    71941.1675    90    66568.0000    76459.0522   860003   14.86%

Performing restart 2

Repeating presolve.
Tried aggregator 1 time.
MIP Presolve modified 222 coefficients.
Reduced MIP has 1201 rows, 663 columns, and 6180 nonzeros.
Reduced MIP has 477 binaries, 186 generals, 0 SOSs, and 0 indicators.
Presolve time = 0.00 sec. (4.41 ticks)
Tried aggregator 1 time.
Reduced MIP has 1201 rows, 663 columns, and 6180 nonzeros.
Reduced MIP has 477 binaries, 186 generals, 0 SOSs, and 0 indicators.
Presolve time = 0.00 sec. (3.70 ticks)
Represolve time = 0.02 sec. (21.42 ticks)
  19248     0    79624.2603   270    66568.0000      Cuts: 71   868181   14.83%
  19248     0    79546.7827   278    66568.0000      Cuts: 67   868249   14.83%
  19248     0    79497.1184   284    66568.0000      Cuts: 33   868323   14.83%
  19248     0    79482.1716   289    66568.0000     Cuts: 153   868413   14.83%
  19248     0    79475.3756   290    66568.0000     Cuts: 106   868471   14.83%
  19248     0    79466.6160   299    66568.0000      Cuts: 53   868528   14.83%
  19248     2    79466.6160   299    66568.0000    76441.5000   868528   14.83%
  19268    20    74846.3631    88    66568.0000    76441.5000   870463   14.83%
  19297    41    75646.0015   119    66568.0000    76441.5000   872266   14.83%
  19331    64    67268.3600   111    66568.0000    76441.5000   874302   14.83%
  19374    87    76524.9604   181    66568.0000    76441.5000   877370   14.83%
  19445   133    78065.3636   112    66568.0000    76441.5000   880978   14.83%
  19509   171    67422.5852    80    66568.0000    76441.5000   885160   14.83%
  19591   224    77303.8764   191    66568.0000    76441.5000   892271   14.83%
  19710   292    74589.3476   180    66568.0000    76441.5000   902160   14.83%
Elapsed time = 26.17 sec. (63833.46 ticks, tree = 0.40 MB, solutions = 3)
  19899   413    66785.9000    38    66568.0000    76441.5000   914057   14.83%
  20109   552    74148.5180   145    66568.0000    76441.5000   927486   14.83%
  20343   708    77337.4632   147    66568.0000    76441.5000   941677   14.83%
  20625   894    74585.8132   228    66568.0000    76441.5000   959339   14.83%
  20938  1111    70778.2174   113    66568.0000    76441.5000   977948   14.83%
  21270  1350    68363.9400    93    66568.0000    76441.5000   996889   14.83%
  21503  1500    73646.7452    66    66568.0000    76441.5000  1014372   14.83%
  21782  1697    72173.1348    73    66568.0000    76441.5000  1030232   14.83%
  21986  1834    74535.1000   163    66568.0000    76441.5000  1042412   14.83%
  22278  2042    75548.8280   131    66568.0000    76441.5000  1059128   14.83%
Elapsed time = 29.69 sec. (73404.68 ticks, tree = 1.42 MB, solutions = 3)
  22585  2270    72920.8782   216    66568.0000    76441.5000  1077530   14.83%
  22899  2479        cutoff          66568.0000    76441.5000  1097182   14.83%
  23201  2689    73371.0385    82    66568.0000    76441.5000  1117097   14.83%
  23493  2887    74179.5103   120    66568.0000    76441.5000  1135207   14.83%
  23765  3070    72225.8333   129    66568.0000    76441.5000  1155051   14.83%
  24101  3291    69672.8261    41    66568.0000    76441.5000  1174218   14.83%
  24389  3496    75981.0395   107    66568.0000    76441.5000  1192629   14.83%
  24739  3730    70994.9803   111    66568.0000    76441.5000  1210478   14.83%
  25051  3951    74477.5789   193    66568.0000    76441.5000  1229232   14.83%
  25339  4164    74422.3000   116    66568.0000    76441.5000  1245249   14.83%
Elapsed time = 33.28 sec. (83007.78 ticks, tree = 2.82 MB, solutions = 3)
  25510  4270    71864.6000   174    66568.0000    76441.5000  1258502   14.83%
  25732  4430    71193.8214   119    66568.0000    76441.5000  1270052   14.83%
  25984  4599    69849.1250   104    66568.0000    76441.5000  1285849   14.83%
  26319  4850    76341.4167   142    66568.0000    76441.5000  1302857   14.83%
  26626  5072    infeasible          66568.0000    76441.5000  1321161   14.83%
  26837  5210    71935.4927    57    66568.0000    76441.5000  1335154   14.83%
  27095  5388    70202.9360    54    66568.0000    76411.4926  1348687   14.79%
  27360  5548    68963.2357    93    66568.0000    76377.1333  1363296   14.74%
  27695  5764    75368.3826   132    66568.0000    76334.1063  1381550   14.67%
  28878  6532    71181.1333   142    66568.0000    76193.5000  1444790   14.46%
Elapsed time = 37.91 sec. (95447.72 ticks, tree = 4.20 MB, solutions = 3)
  30201  7381        cutoff          66568.0000    76085.1784  1513155   14.30%
  31428  8197    73935.4484   116    66568.0000    75987.3006  1571775   14.15%
  32842  9155    71131.8491    77    66568.0000    75881.9978  1636887   13.99%
  34066  9914    74465.9728    39    66568.0000    75791.5683  1699809   13.86%
  35346 10744    70303.1858   102    66568.0000    75714.2332  1766741   13.74%
  36721 11642    74183.2327    73    66568.0000    75628.5000  1831655   13.61%
  38048 12515    74373.8333   137    66568.0000    75570.1397  1896522   13.52%
  39358 13335    75376.9721   129    66568.0000    75509.4167  1967176   13.43%
  40621 14115    75189.2697   174    66568.0000    75450.5539  2028438   13.34%
  41846 14859    71899.2708   122    66568.0000    75391.8065  2093653   13.26%
Elapsed time = 54.22 sec. (133660.69 ticks, tree = 9.53 MB, solutions = 3)
  43011 15573        cutoff          66568.0000    75352.0330  2158293   13.20%
  44308 16370    67871.5360   176    66568.0000    75298.8000  2224627   13.12%
  45518 17062    74320.8659    90    66568.0000    75243.9524  2294346   13.03%
  46771 17829    70623.8369   114    66568.0000    75191.2333  2358318   12.95%
  48149 18695    70432.9540   117    66568.0000    75156.2180  2428919   12.90%
  49243 19317    74925.5000    51    66568.0000    75123.3242  2489415   12.85%
  49796 19666    73124.0000   104    66568.0000    75111.4762  2520492   12.83%
  50548 20103    68733.5733   150    66568.0000    75082.7509  2561403   12.79%

GUB cover cuts applied:  5
Clique cuts applied:  7
Cover cuts applied:  90
Implied bound cuts applied:  15
Flow cuts applied:  26
Mixed integer rounding cuts applied:  359
Zero-half cuts applied:  177
Multi commodity flow cuts applied:  1
Lift and project cuts applied:  32
Gomory fractional cuts applied:  9

Root node processing (before b&c):
  Real time             =    0.13 sec. (241.38 ticks)
Sequential b&c:
  Real time             =   66.87 sec. (166419.89 ticks)
                          ------------
Total (root+branch&cut) =   67.00 sec. (166661.27 ticks)
[CPLEX] Status: time limit exceeded
[CPLEX] OPTIMAL OBJ: 66568.0
[CPLEX] Runtime: 67.004 sec
Vehicle 0: d → 22 → 27 → 3 → 10 → 7 → 17 → 8 → 21 → 14 → 9 → 28 → 4 → 19 → 26 → 13 → 25 → 29 → 15 → 6 → 12 → 20 → 18 → 16 → d, (requests = [0, 1, 2, 3, 4, 8, 9, 10])
Vehicle 1: d → 16 → 30 → 20 → 12 → 6 → 0 → 15 → 29 → 25 → 13 → 26 → 19 → 4 → 28 → 14 → 21 → 8 → 17 → 7 → 27 → d, (requests = [5, 6, 7, 11, 12])
Vehicle 2: d, (requests = [])
======== PPDSP OBJECTIVE ========
Profit    = 86116
Cost      = 19548
Objective = 66568
=================================
===== RAW XY MODEL =====
107 148 205 242 278 317 328 405 442 458 487 544 553 593 635 659 687 732 830 846 868 901 944 1015 1040 1181 1217 1276 1298 1415 1467 1494 1534 1567 1576 1637 1677 1705 1838 1876 1920 1935 1978 2005 2033 2049 2051 2053 2055 2183 2186 2188 2190 2191 2193 2195 3296 3299
  [Time Manager] Step 11 consumed 67.01s. Total Consumed: 304.37s.
  [Info] Saved 3300 core assumption literals to p1_A-n32-k5_r13v3k2.lp.asm

[12/60] Building & Solving: R=14, V=3, K=2
Default row names c1, c2 ... being created.
  [Info] Generating MIP Formulation...
  [Time Manager] Global Remaining Budget: 3295.63s | Future Weight Sum: 49.0
  [Time Manager] Recalibrated Budget for this step: 67.26s
[CPLEX] Setting time limit to 67 seconds
[CPLEX] Reading assumption from p1_A-n32-k5_r13v3k2.lp.asm ...
[CPLEX] Applying MIP Start with 3111 variables.
Version identifier: 22.1.1.0 | 2022-11-28 | 9160aff4d
CPXPARAM_Read_DataCheck                          1
CPXPARAM_Threads                                 1
CPXPARAM_TimeLimit                               67
1 of 1 MIP starts provided solutions.
MIP start 'm1' defined initial solution with objective 75074.0000.
Tried aggregator 1 time.
MIP Presolve eliminated 60 rows and 2637 columns.
MIP Presolve modified 1272 coefficients.
Reduced MIP has 1214 rows, 666 columns, and 4962 nonzeros.
Reduced MIP has 480 binaries, 186 generals, 0 SOSs, and 0 indicators.
Presolve time = 0.00 sec. (3.39 ticks)
Probing time = 0.00 sec. (0.97 ticks)
Tried aggregator 1 time.
Detecting symmetries...
Reduced MIP has 1214 rows, 666 columns, and 4962 nonzeros.
Reduced MIP has 480 binaries, 186 generals, 0 SOSs, and 0 indicators.
Presolve time = 0.00 sec. (2.97 ticks)
Probing time = 0.00 sec. (1.01 ticks)
Clique table members: 272.
MIP emphasis: balance optimality and feasibility.
MIP search method: dynamic search.
Parallel mode: none, using 1 thread.
Root relaxation solution time = 0.00 sec. (3.39 ticks)

        Nodes                                         Cuts/
   Node  Left     Objective  IInf  Best Integer    Best Bound    ItCnt     Gap

*     0+    0                        75074.0000   283866.0000           278.11%
      0     0    90381.4520    84    75074.0000    90381.4520      191   20.39%
      0     0    90000.1025   144    75074.0000     Cuts: 131      305   19.88%
      0     0    89904.4264   157    75074.0000      Cuts: 58      358   19.75%
      0     0    89777.3947   102    75074.0000      Cuts: 58      400   19.59%
      0     0    89533.2634   210    75074.0000      Cuts: 45      463   19.26%
      0     0    89471.3120   210    75074.0000      Cuts: 57      484   19.18%
Detecting symmetries...
      0     0    89249.3333   130    75074.0000  ZeroHalf: 48      516   18.88%
      0     0    89211.5000   131    75074.0000      Cuts: 40      531   18.83%
      0     0    89121.9209   152    75074.0000      Cuts: 50      593   18.71%
      0     0    88967.3125   162    75074.0000      Cuts: 66      645   18.51%
      0     0    88840.0833   155    75074.0000      Cuts: 55      704   18.34%
      0     0    88828.6073   177    75074.0000      Cuts: 33      728   18.32%
      0     0    88749.4250   242    75074.0000      Cuts: 41      791   18.22%
      0     0    88691.0000   124    75074.0000      Cuts: 64      844   18.14%
      0     0    88691.0000   127    75074.0000      Cuts: 14      862   18.14%
      0     0    88691.0000   124    75074.0000      Cuts: 26      872   18.14%
Detecting symmetries...
      0     2    88691.0000   124    75074.0000    88688.0000      872   18.13%
Elapsed time = 0.10 sec. (188.79 ticks, tree = 0.01 MB, solutions = 1)
    170   142    87027.0194   138    75074.0000    88356.1250     6381   17.69%
    384   306    87525.9214   138    75074.0000    88229.9000    12125   17.52%
    575   451    infeasible          75074.0000    88157.2462    18165   17.43%
    778   594    85347.2736   103    75074.0000    88067.5164    23604   17.31%

Performing restart 1

Repeating presolve.
Tried aggregator 1 time.
MIP Presolve modified 12 coefficients.
Reduced MIP has 1214 rows, 666 columns, and 4962 nonzeros.
Reduced MIP has 480 binaries, 186 generals, 0 SOSs, and 0 indicators.
Presolve time = 0.00 sec. (2.56 ticks)
Tried aggregator 1 time.
Reduced MIP has 1214 rows, 666 columns, and 4962 nonzeros.
Reduced MIP has 480 binaries, 186 generals, 0 SOSs, and 0 indicators.
Presolve time = 0.00 sec. (3.06 ticks)
Represolve time = 0.01 sec. (9.53 ticks)
    938     0    88601.1231   228    75074.0000      Cuts: 34    27225   17.26%
    938     0    88571.9167   129    75074.0000      Cuts: 64    27267   17.26%
    938     0    88525.7061   155    75074.0000      Cuts: 61    27314   17.26%
    938     0    88464.1228   250    75074.0000      Cuts: 79    27426   17.26%
    938     0    88369.5355   181    75074.0000     Cuts: 125    27505   17.26%
    938     0    88333.1638   245    75074.0000     Cuts: 104    27601   17.26%
    938     0    88329.1111   168    75074.0000     Cuts: 115    27647   17.26%
    938     0    88326.9804   196    75074.0000      Cuts: 46    27684   17.26%
    938     0    88326.8169   181    75074.0000      Cuts: 65    27719   17.26%
    938     0    88326.7986   186    75074.0000     Cuts: 114    27749   17.26%
    938     0    88318.0100   231    75074.0000      Cuts: 40    27791   17.26%
    938     2    88318.0100   230    75074.0000    88031.3315    27791   17.26%
    942     6    88241.5803   214    75074.0000    88031.3315    27945   17.26%
    947    11    87640.2583   144    75074.0000    88031.3315    28241   17.26%
    973    30    86557.4140   207    75074.0000    88031.3315    29422   17.26%
   1021    69    88106.7213   142    75074.0000    88031.3315    31454   17.26%
   1297   271    86725.8534   165    75074.0000    87898.1991    43545   17.08%
Elapsed time = 1.54 sec. (4031.42 ticks, tree = 0.24 MB, solutions = 1)
   1627   524    82912.9467   105    75074.0000    87656.0773    58691   16.76%
   2044   854    79061.7661   124    75074.0000    87263.3963    74039   16.24%
   2395  1118    87023.9016   208    75074.0000    87083.0271    88456   16.00%
   2759  1397    81857.1564   173    75074.0000    86969.5839   104018   15.85%
   3142  1690    84733.9855   177    75074.0000    86892.3293   119037   15.74%
   3499  1939    84756.6765   148    75074.0000    86778.5354   133892   15.59%
   3885  2228    86168.8840   151    75074.0000    86695.8839   149146   15.48%
   4267  2495        cutoff          75074.0000    86617.1704   165707   15.38%
   4610  2741    84590.0370   187    75074.0000    86574.6899   181002   15.32%
   4859  2903    83901.3708   251    75074.0000    86498.2682   195914   15.22%
Elapsed time = 5.21 sec. (13634.49 ticks, tree = 2.04 MB, solutions = 1)
   5168  3115    77908.4032   160    75074.0000    86408.6833   211796   15.10%
   5505  3360    84338.1607   182    75074.0000    86367.1733   226667   15.04%
   5865  3617    82837.0500   130    75074.0000    86312.7000   241981   14.97%
   6223  3863    78067.8625    45    75074.0000    86270.8204   259527   14.91%
   6567  4102    84873.5153    54    75074.0000    86220.4384   275725   14.85%
   6935  4352    82632.6048    80    75074.0000    86170.3991   290486   14.78%
   7245  4549    86135.1674   205    75074.0000    86139.7727   304903   14.74%
   7553  4765    82425.4298   169    75074.0000    86114.2385   319141   14.71%
   7853  4963    infeasible          75074.0000    86080.5494   334064   14.66%
   8196  5197    77710.0522   124    75074.0000    86052.1860   350194   14.62%
Elapsed time = 10.28 sec. (23229.15 ticks, tree = 3.65 MB, solutions = 1)
   8574  5468    85910.5046   165    75074.0000    86015.1970   366970   14.57%
   8968  5742    85528.0741   119    75074.0000    85971.7810   385590   14.52%
   9334  5991    85443.2714   134    75074.0000    85940.0000   401365   14.47%
   9592  6154    77317.1022    35    75074.0000    85897.4000   415992   14.42%
   9908  6372    83117.4643    56    75074.0000    85862.2097   430630   14.37%
  10262  6617    81951.2018   163    75074.0000    85829.4000   445588   14.33%
  10320  6659    82105.1667   130    75074.0000    85818.5026   449202   14.31%
  10630  6860    80942.2487   154    75074.0000    85779.0370   464456   14.26%
  10919  7058    81048.0254    99    75074.0000    85740.0000   478456   14.21%
  11227  7251    infeasible          75074.0000    85708.2589   494046   14.17%
Elapsed time = 14.57 sec. (34078.93 ticks, tree = 5.07 MB, solutions = 1)
  11603  7525    82736.5131    86    75074.0000    85673.6933   510151   14.12%
  11960  7769    81751.3229   163    75074.0000    85627.4167   526749   14.06%
  12351  8052        cutoff          75074.0000    85597.8317   542608   14.02%
  12714  8305    78935.0000   113    75074.0000    85555.2476   559654   13.96%
  13034  8510    79867.5802   143    75074.0000    85529.3565   577931   13.93%
  13418  8770    85200.2000    54    75074.0000    85509.9374   596916   13.90%
  13780  9026    84588.3589   105    75074.0000    85478.4392   613607   13.86%
  14177  9316    77626.8333   117    75074.0000    85464.7755   628403   13.84%
  14459  9507    83563.0579   182    75074.0000    85448.1658   643861   13.82%
  14778  9718    84759.6528   194    75074.0000    85425.0614   659260   13.79%
Elapsed time = 18.08 sec. (43641.61 ticks, tree = 6.94 MB, solutions = 1)
  15132  9966    82189.0573   171    75074.0000    85400.3368   675083   13.75%
  15509 10229    82963.5714   147    75074.0000    85381.4456   689036   13.73%
  15841 10466    84730.6559    62    75074.0000    85367.5132   702122   13.71%
  16238 10739    82553.6042   147    75074.0000    85343.6908   718660   13.68%
  16574 10946    82096.1500   149    75074.0000    85308.1557   737682   13.63%
  16959 11196    81223.8449    87    75074.0000    85292.3798   754497   13.61%
  17291 11412    81858.0820   155    75074.0000    85274.1332   772298   13.59%
  17663 11676    80425.8000   124    75074.0000    85256.3700   789482   13.56%
  18039 11924        cutoff          75074.0000    85242.2444   806435   13.54%
  18370 12137    78782.6333    25    75074.0000    85228.3598   823168   13.53%
Elapsed time = 21.49 sec. (53203.32 ticks, tree = 8.48 MB, solutions = 1)
  18716 12344    80699.5294    91    75074.0000    85210.6503   840435   13.50%
  19103 12581    83898.1667   189    75074.0000    85178.9875   856354   13.46%
  19504 12846    infeasible          75074.0000    85155.5053   872194   13.43%

Performing restart 2

Repeating presolve.
Tried aggregator 1 time.
MIP Presolve modified 246 coefficients.
Reduced MIP has 1214 rows, 666 columns, and 6363 nonzeros.
Reduced MIP has 480 binaries, 186 generals, 0 SOSs, and 0 indicators.
Presolve time = 0.00 sec. (4.57 ticks)
Tried aggregator 1 time.
Reduced MIP has 1214 rows, 666 columns, and 6363 nonzeros.
Reduced MIP has 480 binaries, 186 generals, 0 SOSs, and 0 indicators.
Presolve time = 0.00 sec. (3.79 ticks)
Represolve time = 0.01 sec. (20.11 ticks)
  19702     0    88069.8947   266    75074.0000     Cuts: 142   880710   13.40%
  19702     0    87979.8967   165    75074.0000      Cuts: 51   880781   13.40%
  19702     0    87970.0455   198    75074.0000     Cuts: 112   880838   13.40%
  19702     0    87831.4286   231    75074.0000      Cuts: 58   880909   13.40%
  19702     0    87720.9485   259    75074.0000      Cuts: 53   881002   13.40%
  19702     0    87698.2750   184    75074.0000      Cuts: 77   881031   13.40%
  19702     0    87694.3097   274    75074.0000     Cuts: 101   881075   13.40%
  19702     0    87689.0797   294    75074.0000      Cuts: 44   881118   13.40%
  19702     2    87689.0797   283    75074.0000    85137.5000   881118   13.40%
  19720    17    82567.8387    64    75074.0000    85137.5000   882857   13.40%
  19750    37    84664.4271   181    75074.0000    85137.5000   885032   13.40%
  19781    59    86505.6000   123    75074.0000    85137.5000   887138   13.40%
  19820    82  -1.00000e+75   142    75074.0000    85137.5000   889411   13.40%
  19860   106    87371.4845   115    75074.0000    85137.5000   891661   13.40%
  19920   143    87057.2446   141    75074.0000    85137.5000   895972   13.40%
Elapsed time = 24.98 sec. (63220.48 ticks, tree = 0.21 MB, solutions = 1)
  20021   220    84629.4070   166    75074.0000    85137.5000   901071   13.40%
  20164   321    84128.2791    82    75074.0000    85137.5000   911118   13.40%
  20397   480    81045.0064   136    75074.0000    85137.5000   924907   13.40%
  20534   554    85363.2790   175    75074.0000    85137.5000   935326   13.40%
  20746   710    83791.8713   116    75074.0000    85137.5000   948073   13.40%
  21015   894    79878.4976   122    75074.0000    85137.5000   964669   13.40%
  21243  1030    84839.4670   223    75074.0000    85137.5000   981747   13.40%
  21592  1279    84506.7180   120    75074.0000    85137.5000   998481   13.40%
  21932  1485    81252.3472    74    75074.0000    85137.5000  1017681   13.40%
  22289  1712    80197.3078   145    75074.0000    85137.5000  1036214   13.40%
Elapsed time = 28.37 sec. (72789.11 ticks, tree = 1.19 MB, solutions = 1)
  22611  1920    82864.7333    99    75074.0000    85137.5000  1054704   13.40%
  22927  2118    infeasible          75074.0000    85137.5000  1073212   13.40%
  23220  2285    84257.0028   168    75074.0000    85137.5000  1089658   13.40%
  23427  2409    80678.7095   106    75074.0000    85137.5000  1101380   13.40%
  23651  2516    81662.0533    57    75074.0000    85137.5000  1114719   13.40%
  23919  2687    85049.4792   177    75074.0000    85137.5000  1130354   13.40%
  24246  2890    83453.3639   161    75074.0000    85137.5000  1148198   13.40%
  24607  3142    83334.9257    82    75074.0000    85137.5000  1166530   13.40%
  24909  3300    84341.6366    85    75074.0000    85137.5000  1184385   13.40%
  25247  3521    84651.0593   202    75074.0000    85137.5000  1203910   13.40%
Elapsed time = 31.84 sec. (82380.18 ticks, tree = 2.68 MB, solutions = 1)
  25561  3708    79539.8221   129    75074.0000    85137.5000  1220837   13.40%
  25956  3954    81396.4863   148    75074.0000    85137.5000  1238155   13.40%
  26296  4133    80581.3667    63    75074.0000    85137.5000  1257650   13.40%
  26667  4391    infeasible          75074.0000    85137.5000  1277962   13.40%
  26970  4599    79436.5648   153    75074.0000    85137.5000  1295005   13.40%
  27303  4816    84147.5562   151    75074.0000    85137.5000  1312622   13.40%
  27593  4997    82793.4630    84    75074.0000    85099.8929  1330324   13.35%
  27940  5214    infeasible          75074.0000    85047.8889  1347123   13.29%
  28186  5359    80275.4839   108    75074.0000    85023.3256  1359871   13.25%
  29360  6082    84004.5167   151    75074.0000    84912.3443  1422403   13.10%
Elapsed time = 36.58 sec. (94809.64 ticks, tree = 4.76 MB, solutions = 1)
  30485  6749    82448.5795    95    75074.0000    84790.6111  1481075   12.94%
  31653  7383    82836.3059   176    75074.0000    84675.6667  1546787   12.79%
  32746  7973    84074.4202   129    75074.0000    84603.6389  1601916   12.69%
  33971  8656    75338.1025   211    75074.0000    84512.8119  1668659   12.57%
  35028  9228    83844.1650    79    75074.0000    84450.9306  1726749   12.49%
  36369 10016    84259.9088    86    75074.0000    84362.7037  1793242   12.37%
  37460 10646    76497.4485   125    75074.0000    84299.9807  1848021   12.29%
  38661 11311    75578.7391   213    75074.0000    84232.1375  1912423   12.20%
  39764 11900    80427.8968   153    75074.0000    84171.4841  1970132   12.12%
  41073 12687    82681.0200    96    75074.0000    84110.1727  2034618   12.04%
Elapsed time = 53.41 sec. (133046.39 ticks, tree = 8.96 MB, solutions = 1)
  42340 13400        cutoff          75074.0000    84050.3333  2098843   11.96%
  43388 13917    78673.3775   168    75074.0000    83991.3305  2157972   11.88%
  44658 14594    83170.6444   105    75074.0000    83923.1974  2225897   11.79%
  45642 15110    83837.4770   137    75074.0000    83875.2556  2280921   11.72%
  46801 15701    infeasible          75074.0000    83822.8333  2345775   11.65%
  47812 16154    77449.4932    68    75074.0000    83770.5667  2407080   11.58%
  48880 16752    75117.2394    58    75074.0000    83732.7564  2462613   11.53%
  49968 17311    83422.3825    91    75074.0000    83691.9464  2518921   11.48%
  50302 17503    82257.5915   122    75074.0000    83678.4291  2538521   11.46%

GUB cover cuts applied:  6
Clique cuts applied:  6
Cover cuts applied:  123
Implied bound cuts applied:  26
Flow cuts applied:  19
Mixed integer rounding cuts applied:  417
Zero-half cuts applied:  124
Lift and project cuts applied:  8
Gomory fractional cuts applied:  11

Root node processing (before b&c):
  Real time             =    0.10 sec. (188.84 ticks)
Sequential b&c:
  Real time             =   66.90 sec. (169781.05 ticks)
                          ------------
Total (root+branch&cut) =   67.00 sec. (169969.89 ticks)
[CPLEX] Status: time limit exceeded
[CPLEX] OPTIMAL OBJ: 75074.0
[CPLEX] Runtime: 67.004 sec
Vehicle 0: d → 22 → 27 → 3 → 10 → 7 → 17 → 8 → 21 → 14 → 9 → 28 → 4 → 19 → 26 → 13 → 25 → 29 → 15 → 6 → 12 → 20 → 18 → 16 → d, (requests = [0, 1, 2, 3, 4, 8, 9, 10, 13])
Vehicle 1: d → 16 → 30 → 20 → 12 → 6 → 0 → 15 → 29 → 25 → 13 → 26 → 19 → 4 → 28 → 14 → 21 → 8 → 17 → 7 → 27 → d, (requests = [5, 6, 7, 11, 12])
Vehicle 2: d, (requests = [])
======== PPDSP OBJECTIVE ========
Profit    = 94622
Cost      = 19548
Objective = 75074
=================================
===== RAW XY MODEL =====
107 148 205 242 278 317 328 405 442 458 487 544 553 593 635 659 687 732 830 846 868 901 944 1015 1040 1181 1217 1276 1298 1415 1467 1494 1534 1567 1576 1637 1677 1705 1838 1876 1920 1935 1978 2005 2033 2049 2051 2053 2055 2183 2186 2188 2190 2191 2193 2195 3296 3299 3301
  [Time Manager] Step 12 consumed 67.01s. Total Consumed: 371.38s.
  [Info] Saved 3303 core assumption literals to p1_A-n32-k5_r14v3k2.lp.asm

[13/60] Building & Solving: R=15, V=3, K=2
Default row names c1, c2 ... being created.
  [Info] Generating MIP Formulation...
  [Time Manager] Global Remaining Budget: 3228.62s | Future Weight Sum: 48.0
  [Time Manager] Recalibrated Budget for this step: 67.26s
[CPLEX] Setting time limit to 67 seconds
[CPLEX] Reading assumption from p1_A-n32-k5_r14v3k2.lp.asm ...
[CPLEX] Applying MIP Start with 3114 variables.
Version identifier: 22.1.1.0 | 2022-11-28 | 9160aff4d
CPXPARAM_Read_DataCheck                          1
CPXPARAM_Threads                                 1
CPXPARAM_TimeLimit                               67
1 of 1 MIP starts provided solutions.
MIP start 'm1' defined initial solution with objective 80692.0000.
Tried aggregator 1 time.
MIP Presolve eliminated 57 rows and 2637 columns.
MIP Presolve modified 1278 coefficients.
Reduced MIP has 1227 rows, 669 columns, and 5055 nonzeros.
Reduced MIP has 483 binaries, 186 generals, 0 SOSs, and 0 indicators.
Presolve time = 0.00 sec. (3.44 ticks)
Probing time = 0.00 sec. (0.99 ticks)
Tried aggregator 1 time.
Detecting symmetries...
Reduced MIP has 1227 rows, 669 columns, and 5055 nonzeros.
Reduced MIP has 483 binaries, 186 generals, 0 SOSs, and 0 indicators.
Presolve time = 0.00 sec. (3.02 ticks)
Probing time = 0.00 sec. (1.03 ticks)
Clique table members: 273.
MIP emphasis: balance optimality and feasibility.
MIP search method: dynamic search.
Parallel mode: none, using 1 thread.
Root relaxation solution time = 0.00 sec. (3.46 ticks)

        Nodes                                         Cuts/
   Node  Left     Objective  IInf  Best Integer    Best Bound    ItCnt     Gap

*     0+    0                        80692.0000   300720.0000           272.68%
      0     0    95998.0000    82    80692.0000    95998.0000      189   18.97%
      0     0    95781.4231   114    80692.0000     Cuts: 117      257   18.70%
      0     0    95411.0000    94    80692.0000      Cuts: 51      331   18.24%
      0     0    95158.0541   129    80692.0000      Cuts: 42      388   17.93%
      0     0    95110.2500   121    80692.0000      Cuts: 50      399   17.87%
      0     0    94979.3333   128    80692.0000  ZeroHalf: 55      438   17.71%
Detecting symmetries...
      0     0    94947.0000   143    80692.0000      Cuts: 40      469   17.67%
      0     0    94671.1880   179    80692.0000  ZeroHalf: 56      554   17.32%
      0     0    94606.8393   249    80692.0000      Cuts: 65      608   17.24%
      0     0    94494.2000   157    80692.0000      Cuts: 29      644   17.10%
      0     0    94438.1250   178    80692.0000      Cuts: 70      671   17.04%
      0     0    94233.4722   239    80692.0000      Cuts: 54      733   16.78%
      0     0    94226.5000   248    80692.0000      Cuts: 43      759   16.77%
      0     0    94196.6667   183    80692.0000      Cuts: 26      781   16.74%
      0     0    94121.2143   216    80692.0000      Cuts: 61      827   16.64%
      0     0    94119.5000   153    80692.0000      Cuts: 46      848   16.64%
      0     0    94108.5882   186    80692.0000      Cuts: 34      886   16.63%
Detecting symmetries...
      0     2    94108.5882   183    80692.0000    94108.3846      886   16.63%
Elapsed time = 0.10 sec. (209.85 ticks, tree = 0.01 MB, solutions = 1)
    126    98    88962.1093   100    80692.0000    93996.7600     5449   16.49%
    336   258    87084.4142   106    80692.0000    93820.2078    11326   16.27%
    490   370    90994.2303    60    80692.0000    93745.5723    17168   16.18%
    700   527    84508.1734    49    80692.0000    93678.3844    22597   16.09%
    905   670    93300.9902   202    80692.0000    93633.6159    27944   16.04%

Performing restart 1

Repeating presolve.
Tried aggregator 1 time.
MIP Presolve modified 12 coefficients.
Reduced MIP has 1227 rows, 669 columns, and 5055 nonzeros.
Reduced MIP has 483 binaries, 186 generals, 0 SOSs, and 0 indicators.
Presolve time = 0.00 sec. (2.64 ticks)
Tried aggregator 1 time.
Reduced MIP has 1227 rows, 669 columns, and 5055 nonzeros.
Reduced MIP has 483 binaries, 186 generals, 0 SOSs, and 0 indicators.
Presolve time = 0.00 sec. (3.15 ticks)
Represolve time = 0.01 sec. (10.14 ticks)
    970     0    94045.6912   241    80692.0000     Cuts: 126    30074   16.01%
    970     0    93989.8208   254    80692.0000      Cuts: 66    30135   16.01%
    970     0    93973.3523   280    80692.0000      Cuts: 89    30203   16.01%
    970     0    93935.9830   204    80692.0000      Cuts: 40    30326   16.01%
    970     0    93896.5288   205    80692.0000     Cuts: 140    30447   16.01%
    970     0    93852.1838   256    80692.0000      Cuts: 90    30517   16.01%
    970     0    93819.9692   182    80692.0000     Cuts: 103    30558   16.01%
    970     0    93792.5195   166    80692.0000      Cuts: 65    30648   16.01%
    970     0    93655.1446   260    80692.0000     Cuts: 140    30735   16.01%
    970     0    93515.5952   197    80692.0000     Cuts: 103    30965   15.89%
    970     0    93508.7203   296    80692.0000     Cuts: 121    31028   15.88%
    970     0    93495.8955   307    80692.0000      Cuts: 79    31076   15.87%
    970     0    93461.1372   297    80692.0000      Cuts: 58    31173   15.82%
    970     0    93404.3079   310    80692.0000      Cuts: 66    31277   15.75%
    970     0    93393.3730   312    80692.0000      Cuts: 72    31340   15.74%
    970     0    93376.7680   315    80692.0000      Cuts: 68    31396   15.72%
    970     0    93370.5345   325    80692.0000      Cuts: 59    31467   15.71%
    970     0    93366.4817   328    80692.0000      Cuts: 40    31505   15.71%
    970     0    93363.5302   240    80692.0000      Cuts: 27    31524   15.70%
    970     0    93360.5841   250    80692.0000      Cuts: 40    31553   15.70%
    970     2    93360.5841   236    80692.0000    93360.5841    31553   15.70%
    972     4    93213.0968   192    80692.0000    93360.1347    31838   15.70%
    975     7    93328.1178   207    80692.0000    93359.1667    32020   15.70%
    982    12    92246.9902    99    80692.0000    93359.1667    32721   15.70%
   1169   157    91917.8571   113    80692.0000    93106.0000    42632   15.38%
Elapsed time = 1.73 sec. (4624.09 ticks, tree = 0.62 MB, solutions = 1)
   1376   305    92150.2711   186    80692.0000    92697.2400    52288   14.88%
   1713   573    infeasible          80692.0000    92560.8712    61200   14.71%
   1984   764    90404.9005   241    80692.0000    92361.1609    70322   14.46%
   2218   938    89673.9324   122    80692.0000    92209.2857    79541   14.27%
   2453  1117    89172.9037    95    80692.0000    92094.4083    89430   14.13%
   2667  1279    87246.2295   139    80692.0000    92031.4389    98810   14.05%
   2915  1455    91442.2860    50    80692.0000    91830.5000   108605   13.80%
   3188  1653    91401.7682    63    80692.0000    91711.0915   117841   13.66%
   3441  1820    90462.6388   177    80692.0000    91653.5194   128329   13.58%
   3747  2038    89136.2500   116    80692.0000    91608.1650   138163   13.53%
Elapsed time = 5.20 sec. (14251.08 ticks, tree = 17.35 MB, solutions = 1)
   4012  2236        cutoff          80692.0000    91579.9286   148224   13.49%
   4227  2375    89162.7263   196    80692.0000    91509.8268   158481   13.41%
   4500  2564    83213.2684   119    80692.0000    91419.4194   168690   13.29%
   4753  2738    81142.9101   180    80692.0000    91383.4258   177986   13.25%
   4996  2904    84936.4667   103    80692.0000    91359.9425   187134   13.22%
   5293  3112    81617.2312   144    80692.0000    91294.7604   197349   13.14%
   5573  3288    90819.5387   202    80692.0000    91215.3750   207559   13.04%
   5884  3508    81416.4427    46    80692.0000    91158.2020   218120   12.97%
   6247  3773    89827.8000   123    80692.0000    91117.3473   227842   12.92%
   6563  3994    89648.8386   170    80692.0000    91064.8129   238415   12.85%
Elapsed time = 11.16 sec. (23851.49 ticks, tree = 38.63 MB, solutions = 1)
   6836  4177    88801.0510   147    80692.0000    91027.8837   248296   12.81%
   7077  4335    90282.0430   155    80692.0000    91004.4652   257360   12.78%
   7361  4527    88562.9726   104    80692.0000    90971.3031   265702   12.74%
   7670  4749    90745.4909   165    80692.0000    90945.1667   275750   12.71%
   7970  4958    90289.3778   144    80692.0000    90914.3742   286457   12.67%
   8258  5144    85988.8375   100    80692.0000    90879.2794   297891   12.62%
   8516  5314    88164.4968    92    80692.0000    90848.9040   308239   12.59%
   8832  5533    89365.1536   165    80692.0000    90809.0667   318930   12.54%
   9088  5696        cutoff          80692.0000    90783.7143   329693   12.51%
   9370  5872    88885.6111   114    80692.0000    90751.1321   339959   12.47%
Elapsed time = 14.83 sec. (33438.18 ticks, tree = 57.80 MB, solutions = 1)
   9687  6071    90154.6226    85    80692.0000    90710.3821   350792   12.42%
   9915  6199    89680.8333    91    80692.0000    90685.2392   360098   12.38%
  10235  6402    86641.9332   118    80692.0000    90653.7800   369448   12.35%
  10656  6693    86844.4067    73    80692.0000    90636.9000   379507   12.32%
  10672  6701    infeasible          80692.0000    90631.4508   379847   12.32%
  10903  6860    89323.3314   180    80692.0000    90611.4092   391295   12.29%
  11161  7004    infeasible          80692.0000    90573.0955   403259   12.25%
  11473  7210    86883.4786   158    80692.0000    90552.6250   413791   12.22%
  11781  7404    82925.2000    74    80692.0000    90529.2994   424316   12.19%
  12071  7583        cutoff          80692.0000    90502.8231   434889   12.16%
Elapsed time = 18.91 sec. (43722.88 ticks, tree = 74.37 MB, solutions = 1)
  12393  7769    89507.4819   140    80692.0000    90472.7486   445743   12.12%
  12689  7961    89674.0833    53    80692.0000    90457.1667   456253   12.10%
  13009  8179    89697.2771   164    80692.0000    90435.6509   466993   12.08%
  13265  8346    89618.4912   123    80692.0000    90417.1500   478834   12.05%
  13554  8537    86657.7500   107    80692.0000    90396.5419   489717   12.03%
  13859  8740    88630.9673   139    80692.0000    90376.2500   501964   12.00%
  14130  8913    86299.2602   135    80692.0000    90351.5750   515317   11.97%
  14407  9104    85799.1837    83    80692.0000    90333.0851   526394   11.95%
  14711  9318    86845.5000   147    80692.0000    90312.9978   537120   11.92%
  15021  9525    89633.0321   186    80692.0000    90285.4429   547325   11.89%
Elapsed time = 22.42 sec. (53300.68 ticks, tree = 91.16 MB, solutions = 1)
  15313  9699    81478.1673   164    80692.0000    90265.9103   558696   11.86%
  15628  9903    88725.7994    89    80692.0000    90239.1000   569734   11.83%
  15933 10099    89388.0783   134    80692.0000    90210.1713   580880   11.80%
  16217 10287    81960.5481    82    80692.0000    90194.7143   592309   11.78%
  16522 10481    86851.5941   135    80692.0000    90169.8000   605258   11.75%
  16825 10682    89314.6667   126    80692.0000    90150.2500   616825   11.72%
  17090 10828    81530.3628    96    80692.0000    90120.1731   629138   11.68%
  17364 10982    87288.7547   157    80692.0000    90093.5540   639082   11.65%
  17681 11168    infeasible          80692.0000    90066.0000   650722   11.62%
  17940 11308    86539.5000   168    80692.0000    90052.8622   664312   11.60%
Elapsed time = 25.95 sec. (62906.52 ticks, tree = 106.44 MB, solutions = 1)
  18163 11440    85753.2656   170    80692.0000    90032.2023   674773   11.58%
  18428 11620    86154.4868    57    80692.0000    90014.3963   684307   11.55%
  18704 11801    89135.1508   251    80692.0000    89994.5000   693550   11.53%
  18969 11955    88836.3623   134    80692.0000    89973.4750   703113   11.50%
  19280 12123    89030.6151   113    80692.0000    89948.3958   713861   11.47%
  19596 12318    89533.9813   238    80692.0000    89928.3000   725013   11.45%
  19918 12521    85945.6000   109    80692.0000    89911.5026   736740   11.43%
  20251 12726    85011.7576    82    80692.0000    89891.3321   747448   11.40%

Performing restart 2

Repeating presolve.
Tried aggregator 1 time.
MIP Presolve modified 270 coefficients.
Reduced MIP has 1227 rows, 669 columns, and 6498 nonzeros.
Reduced MIP has 483 binaries, 186 generals, 0 SOSs, and 0 indicators.
Presolve time = 0.00 sec. (4.66 ticks)
Tried aggregator 1 time.
Reduced MIP has 1227 rows, 669 columns, and 6498 nonzeros.
Reduced MIP has 483 binaries, 186 generals, 0 SOSs, and 0 indicators.
Presolve time = 0.00 sec. (3.86 ticks)
Represolve time = 0.02 sec. (24.47 ticks)
  20374     0    93331.4348   229    80692.0000     Cuts: 106   752073   11.39%
  20374     0    93328.1689   249    80692.0000      Cuts: 43   752116   11.39%
  20374     0    93326.1636   232    80692.0000      Cuts: 31   752155   11.39%
  20374     0    93288.4633   223    80692.0000      Cuts: 72   752275   11.39%
  20374     0    93269.6523   328    80692.0000     Cuts: 125   752370   11.39%
  20374     0    93228.9799   232    80692.0000      Cuts: 47   752459   11.39%
  20374     0    93220.8134   244    80692.0000      Cuts: 90   752538   11.39%
  20374     0    93217.1352   241    80692.0000      Cuts: 62   752583   11.39%
  20374     0    93179.2957   321    80692.0000      Cuts: 38   752691   11.39%
  20374     0    93169.7927   248    80692.0000     Cuts: 152   752813   11.39%
  20374     0    93167.3758   255    80692.0000      Cuts: 35   752870   11.39%
  20374     2    93167.3758   241    80692.0000    89885.3443   752870   11.39%
  20387    14    91853.6100   154    80692.0000    89885.3443   754393   11.39%
Elapsed time = 29.90 sec. (73630.00 ticks, tree = 0.01 MB, solutions = 1)
  20419    39    86190.7349    58    80692.0000    89885.3443   757041   11.39%
  20447    62    89600.3669   139    80692.0000    89885.3443   759441   11.39%
  20501   105    82427.7410    75    80692.0000    89885.3443   761046   11.39%
  20546   140    87099.7039   113    80692.0000    89885.3443   763276   11.39%
  20615   188    91849.6147    70    80692.0000    89885.3443   766112   11.39%
  20716   266    92066.9041   149    80692.0000    89885.3443   770112   11.39%
  20858   363    89629.7000   103    80692.0000    89885.3443   776481   11.39%
  21015   469    91005.8514   196    80692.0000    89885.3443   784609   11.39%
  21172   583    84814.7333    73    80692.0000    89885.3443   793257   11.39%
  21356   714    86436.1250   161    80692.0000    89885.3443   804453   11.39%
Elapsed time = 32.90 sec. (83217.29 ticks, tree = 4.71 MB, solutions = 1)
  21573   841    80835.4329   107    80692.0000    89885.3443   815915   11.39%
  21763   955    88789.6788   111    80692.0000    89885.3443   826767   11.39%
  21966  1079    87812.1731   170    80692.0000    89885.3443   837580   11.39%
  22177  1203    91371.8510   166    80692.0000    89885.3443   848694   11.39%
  22443  1385    89701.4951    52    80692.0000    89885.3443   860112   11.39%
  22672  1546  -1.00000e+75    75    80692.0000    89885.3443   872227   11.39%
  22897  1682    89189.1522   166    80692.0000    89885.3443   884560   11.39%
  23156  1860    88461.4901   145    80692.0000    89885.3443   896819   11.39%
  23324  1975    88576.7500   163    80692.0000    89885.3443   905263   11.39%
  24299  2612    91121.8485   104    80692.0000    89885.3443   945901   11.39%
Elapsed time = 37.46 sec. (95647.78 ticks, tree = 21.41 MB, solutions = 1)
  25320  3262    85852.7435    74    80692.0000    89885.3443   994905   11.39%
  26392  3970        cutoff          80692.0000    89885.3443  1045012   11.39%
  27425  4639    77401.3833   144    80692.0000    89885.3443  1090735   11.39%
  28439  5303    85206.3000    82    80692.0000    89885.3443  1127970   11.39%
  29434  5870    89671.0000    24    80692.0000    89885.3443  1170986   11.39%
  30455  6500    83828.3991   118    80692.0000    89885.3443  1207236   11.39%
  31654  7256    88160.4644   173    80692.0000    89885.3443  1249543   11.39%
  32617  7816    88411.0944   162    80692.0000    89885.3443  1288796   11.39%
  33743  8488    86247.1210    72    80692.0000    89885.3443  1332729   11.39%
  34760  9052    90058.9578   244    80692.0000    89885.3443  1374796   11.39%
Elapsed time = 54.68 sec. (133832.90 ticks, tree = 82.67 MB, solutions = 1)
  35808  9634    88996.0000   156    80692.0000    89885.3443  1414682   11.39%
  36892 10247        cutoff          80692.0000    89885.3443  1458994   11.39%
  37813 10716    81249.1477   122    80692.0000    89885.3443  1506532   11.39%
  39021 11354    86353.5000    68    80692.0000    89885.3443  1566549   11.39%
  40167 12003    88219.4667   130    80692.0000    89841.5524  1627681   11.34%
  41358 12686    89184.1515   213    80692.0000    89792.2222  1692494   11.28%
  42274 13190    80859.8667    87    80692.0000    89749.5886  1743139   11.22%
  42674 13441    88278.4667   161    80692.0000    89732.7819  1764766   11.20%

GUB cover cuts applied:  4
Clique cuts applied:  8
Cover cuts applied:  112
Implied bound cuts applied:  16
Flow cuts applied:  35
Mixed integer rounding cuts applied:  318
Zero-half cuts applied:  152
Lift and project cuts applied:  43
Gomory fractional cuts applied:  12

Root node processing (before b&c):
  Real time             =    0.10 sec. (209.91 ticks)
Sequential b&c:
  Real time             =   66.90 sec. (167248.75 ticks)
                          ------------
Total (root+branch&cut) =   67.00 sec. (167458.66 ticks)
[CPLEX] Status: time limit exceeded
[CPLEX] OPTIMAL OBJ: 80692.0
[CPLEX] Runtime: 67.004 sec
Vehicle 0: d → 22 → 27 → 3 → 10 → 7 → 17 → 8 → 21 → 14 → 9 → 28 → 4 → 19 → 26 → 13 → 25 → 29 → 15 → 6 → 12 → 20 → 18 → 16 → d, (requests = [0, 1, 2, 3, 4, 8, 9, 10, 13, 14])
Vehicle 1: d → 16 → 30 → 20 → 12 → 6 → 0 → 15 → 29 → 25 → 13 → 26 → 19 → 4 → 28 → 14 → 21 → 8 → 17 → 7 → 27 → d, (requests = [5, 6, 7, 11, 12])
Vehicle 2: d, (requests = [])
======== PPDSP OBJECTIVE ========
Profit    = 100240
Cost      = 19548
Objective = 80692
=================================
===== RAW XY MODEL =====
107 148 205 242 278 317 328 405 442 458 487 544 553 593 635 659 687 732 830 846 868 901 944 1015 1040 1181 1217 1276 1298 1415 1467 1494 1534 1567 1576 1637 1677 1705 1838 1876 1920 1935 1978 2005 2033 2049 2051 2053 2055 2183 2186 2188 2190 2191 2193 2195 3296 3299 3301 3304
  [Time Manager] Step 13 consumed 67.01s. Total Consumed: 438.38s.
  [Info] Saved 3306 core assumption literals to p1_A-n32-k5_r15v3k2.lp.asm

[14/60] Building & Solving: R=16, V=3, K=2
Default row names c1, c2 ... being created.
  [Info] Generating MIP Formulation...
  [Time Manager] Global Remaining Budget: 3161.62s | Future Weight Sum: 47.0
  [Time Manager] Recalibrated Budget for this step: 67.27s
[CPLEX] Setting time limit to 67 seconds
[CPLEX] Reading assumption from p1_A-n32-k5_r15v3k2.lp.asm ...
[CPLEX] Applying MIP Start with 3117 variables.
Version identifier: 22.1.1.0 | 2022-11-28 | 9160aff4d
CPXPARAM_Read_DataCheck                          1
CPXPARAM_Threads                                 1
CPXPARAM_TimeLimit                               67
1 of 1 MIP starts provided solutions.
MIP start 'm1' defined initial solution with objective 80692.0000.
Tried aggregator 1 time.
MIP Presolve eliminated 57 rows and 2637 columns.
MIP Presolve modified 1278 coefficients.
Reduced MIP has 1237 rows, 672 columns, and 5130 nonzeros.
Reduced MIP has 486 binaries, 186 generals, 0 SOSs, and 0 indicators.
Presolve time = 0.00 sec. (3.48 ticks)
Probing time = 0.00 sec. (1.00 ticks)
Tried aggregator 1 time.
Detecting symmetries...
Reduced MIP has 1237 rows, 672 columns, and 5130 nonzeros.
Reduced MIP has 486 binaries, 186 generals, 0 SOSs, and 0 indicators.
Presolve time = 0.00 sec. (3.05 ticks)
Probing time = 0.00 sec. (1.04 ticks)
Clique table members: 277.
MIP emphasis: balance optimality and feasibility.
MIP search method: dynamic search.
Parallel mode: none, using 1 thread.
Root relaxation solution time = 0.00 sec. (4.95 ticks)

        Nodes                                         Cuts/
   Node  Left     Objective  IInf  Best Integer    Best Bound    ItCnt     Gap

*     0+    0                        80692.0000   335292.0000           315.52%
      0     0   107404.2963    95    80692.0000   107404.2963      221   33.10%
      0     0   107031.5507   136    80692.0000     Cuts: 133      313   32.64%
      0     0   106876.0000   129    80692.0000      Cuts: 28      389   32.45%
      0     0   106567.6667   112    80692.0000      Cuts: 42      449   32.07%
      0     0   106565.6000   127    80692.0000      Cuts: 55      479   32.06%
      0     0   106512.7740   210    80692.0000      Cuts: 29      540   32.00%
Detecting symmetries...
      0     0   106410.0909   209    80692.0000      Cuts: 66      570   31.87%
      0     0   106255.9091   149    80692.0000      Cuts: 44      594   31.68%
      0     0   106217.0000   153    80692.0000      Cuts: 21      619   31.63%
      0     0   106044.9470   172    80692.0000      Cuts: 31      715   31.42%
      0     0   105991.7500   156    80692.0000      Cuts: 71      773   31.35%
      0     0   105858.0000   160    80692.0000      Cuts: 38      821   31.19%
      0     0   105738.2083   172    80692.0000      Cuts: 54      878   31.04%
      0     0   105642.2047   263    80692.0000      Cuts: 60      978   30.92%
      0     0   105623.0600   270    80692.0000      Cuts: 60     1031   30.90%
      0     0   105532.7817   268    80692.0000      Cuts: 44     1109   30.78%
      0     0   105531.9366   268    80692.0000      Cuts: 27     1126   30.78%
Detecting symmetries...
      0     2   105531.9366   254    80692.0000   105531.8469     1126   30.78%
Elapsed time = 0.11 sec. (233.72 ticks, tree = 0.01 MB, solutions = 1)
    115    87   103563.0363   132    80692.0000   105331.8095     6704   30.54%
    284   195    infeasible          80692.0000   105204.7857    12201   30.38%
    446   302   104268.5774   190    80692.0000   105122.0703    17567   30.28%
    614   423   104053.9544   155    80692.0000   105045.8745    23141   30.18%
    800   553   104845.7727   133    80692.0000   104941.0000    28878   30.05%
    986   695   104530.0540   153    80692.0000   104908.4750    34431   30.01%

Performing restart 1

Repeating presolve.
Tried aggregator 1 time.
MIP Presolve modified 12 coefficients.
Reduced MIP has 1237 rows, 672 columns, and 5130 nonzeros.
Reduced MIP has 486 binaries, 186 generals, 0 SOSs, and 0 indicators.
Presolve time = 0.00 sec. (2.67 ticks)
Tried aggregator 1 time.
Reduced MIP has 1237 rows, 672 columns, and 5130 nonzeros.
Reduced MIP has 486 binaries, 186 generals, 0 SOSs, and 0 indicators.
Presolve time = 0.00 sec. (3.19 ticks)
Represolve time = 0.01 sec. (10.02 ticks)
    996     0   105469.9760   264    80692.0000      Cuts: 96    35406   30.01%
    996     0   105449.4743   246    80692.0000      Cuts: 76    35463   30.01%
    996     0   105429.0704   185    80692.0000      Cuts: 67    35538   30.01%
    996     0   105389.9197   255    80692.0000     Cuts: 139    35624   30.01%
    996     0   105366.2064   191    80692.0000      Cuts: 87    35710   30.01%
    996     0   105304.3352   259    80692.0000      Cuts: 81    35778   30.01%
    996     0   105261.4294   282    80692.0000     Cuts: 136    35852   30.01%
    996     0   105203.7196   194    80692.0000      Cuts: 63    35946   30.01%
    996     0   105182.8594   293    80692.0000     Cuts: 104    36007   30.01%
    996     0   105177.9922   199    80692.0000      Cuts: 37    36033   30.01%
    996     0   105174.8200   290    80692.0000      Cuts: 73    36107   30.01%
    996     2   105174.8200   290    80692.0000   104908.4750    36107   30.01%
    998     4   105095.8638   177    80692.0000   104908.4750    36285   30.01%
   1002     8   105049.0110   229    80692.0000   104908.4750    36522   30.01%
   1147   127   102138.7138   209    80692.0000   104895.0321    43724   29.99%
Elapsed time = 1.56 sec. (4127.61 ticks, tree = 0.31 MB, solutions = 1)
   1488   380    94721.8588   184    80692.0000   104509.0556    58707   29.52%
   1786   624   101414.0000   123    80692.0000   104278.8017    74389   29.23%
   2095   864    99978.0713   131    80692.0000   104184.4954    88187   29.11%
   2391  1080   103811.4318   105    80692.0000   104046.6441   102035   28.94%
   2685  1306    infeasible          80692.0000   103941.8267   115770   28.81%
   2938  1492    91814.1384   173    80692.0000   103885.7021   130247   28.74%
   3209  1696    98430.6969   159    80692.0000   103847.9919   144840   28.70%
   3499  1909    99150.0456   148    80692.0000   103757.7785   160423   28.58%
   3792  2139   101921.9167   200    80692.0000   103723.6000   175899   28.54%
   4044  2322    infeasible          80692.0000   103626.5152   190197   28.42%
Elapsed time = 5.13 sec. (13688.95 ticks, tree = 1.73 MB, solutions = 1)
   4350  2532   102891.5625   200    80692.0000   103573.9684   205286   28.36%
   4629  2738   102256.5000   173    80692.0000   103512.2581   219612   28.28%
   4893  2918   102833.2420   134    80692.0000   103449.6000   234795   28.20%
   5186  3113   101045.5000   163    80692.0000   103372.8450   251868   28.11%
   5547  3381    83386.9765    75    80692.0000   103336.0000   266997   28.06%
   5886  3626   101255.8990   178    80692.0000   103290.4231   281575   28.01%
   6180  3820    99707.5732   165    80692.0000   103266.7500   297392   27.98%
   6530  4078   102498.7667   102    80692.0000   103250.8000   312289   27.96%
   6884  4346   100858.8333   158    80692.0000   103223.8179   328096   27.92%
   7268  4634    82092.0048   116    80692.0000   103195.2334   346080   27.89%
Elapsed time = 8.67 sec. (23271.66 ticks, tree = 3.23 MB, solutions = 1)
   7642  4909    93553.7250    70    80692.0000   103151.4739   363457   27.83%
   8057  5216    98362.3862    78    80692.0000   103101.9250   379467   27.77%
   8417  5476   101371.6960   144    80692.0000   103070.7738   395446   27.73%
   8689  5668   102632.9143   183    80692.0000   103026.0430   410944   27.68%
   8989  5892    94422.5767   148    80692.0000   102995.2500   425539   27.64%
   9282  6119    94854.8766   106    80692.0000   102966.5159   438977   27.60%
   9662  6400   101595.2586   143    80692.0000   102931.8846   454134   27.56%
  10056  6700   100162.8968    88    80692.0000   102904.0455   469562   27.53%
  10406  6959    99185.9643   168    80692.0000   102873.4818   486738   27.49%
  10839  7283   100205.6885   153    80692.0000   102854.0885   504867   27.47%
Elapsed time = 14.57 sec. (32848.00 ticks, tree = 4.84 MB, solutions = 1)
  10958  7370    infeasible          80692.0000   102847.1778   511297   27.46%
  11297  7614    87753.5623    74    80692.0000   102822.8197   528655   27.43%
  11754  7966    infeasible          80692.0000   102797.8567   547737   27.40%
  12143  8253    99529.3933   148    80692.0000   102769.6516   563387   27.36%
  12559  8554        cutoff          80692.0000   102738.3194   578704   27.32%
  12931  8825    98163.9850   160    80692.0000   102718.5000   594094   27.30%
  13333  9107    99437.6558   100    80692.0000   102692.3591   609646   27.26%
  13706  9370    99432.7500    96    80692.0000   102671.1928   625666   27.24%
  14174  9726    83561.0778   125    80692.0000   102648.0000   642934   27.21%
  14617 10055    91584.6964   160    80692.0000   102623.9552   661028   27.18%
Elapsed time = 19.00 sec. (43973.86 ticks, tree = 6.85 MB, solutions = 1)
  15033 10377    95662.6667   163    80692.0000   102606.3385   678966   27.16%
  15465 10691    infeasible          80692.0000   102584.2655   696896   27.13%
  15937 11044    83516.0883   132    80692.0000   102556.5586   714580   27.10%
  16337 11331    98059.9333   110    80692.0000   102543.4372   731156   27.08%
  16775 11659    88107.7893    54    80692.0000   102528.4093   748161   27.06%
  17166 11948    92880.7156   208    80692.0000   102509.9403   763585   27.04%
  17573 12251    97887.7655    89    80692.0000   102495.8664   778722   27.02%
  17987 12576   101871.5797   149    80692.0000   102480.9610   794337   27.00%
  18403 12871    98479.7222   133    80692.0000   102463.6938   809097   26.98%
  18785 13166    85953.3267   153    80692.0000   102447.8141   824774   26.96%
Elapsed time = 22.60 sec. (53545.97 ticks, tree = 8.77 MB, solutions = 1)
  19156 13428    88796.5269   111    80692.0000   102430.9936   839664   26.94%
  19585 13724    86287.6816    69    80692.0000   102414.6101   855817   26.92%
  19941 13970    97286.5591    79    80692.0000   102406.2884   872125   26.91%
  20366 14272    91818.5942   103    80692.0000   102395.7097   889229   26.90%
  20783 14586    93762.5000   160    80692.0000   102381.6129   907873   26.88%

Performing restart 2

Repeating presolve.
Tried aggregator 1 time.
MIP Presolve modified 270 coefficients.
Reduced MIP has 1237 rows, 672 columns, and 6600 nonzeros.
Reduced MIP has 486 binaries, 186 generals, 0 SOSs, and 0 indicators.
Presolve time = 0.00 sec. (4.72 ticks)
Tried aggregator 1 time.
Reduced MIP has 1237 rows, 672 columns, and 6600 nonzeros.
Reduced MIP has 486 binaries, 186 generals, 0 SOSs, and 0 indicators.
Presolve time = 0.00 sec. (3.91 ticks)
Represolve time = 0.02 sec. (26.57 ticks)
  20920     0   105112.8761   317    80692.0000      Cuts: 58   915810   26.87%
  20920     0   105112.8761   327    80692.0000      Cuts: 61   915841   26.87%
  20920     0   105112.8761   311    80692.0000      Cuts: 28   915854   26.87%
  20920     0   105112.8761   324    80692.0000      Cuts: 77   915890   26.87%
  20920     0   105064.1279   316    80692.0000      Cuts: 64   915981   26.87%
  20920     0   105048.2415   327    80692.0000     Cuts: 158   916103   26.87%
  20920     0   104982.6076   299    80692.0000      Cuts: 65   916236   26.87%
  20920     0   104931.0223   306    80692.0000     Cuts: 139   916375   26.87%
  20920     0   104896.2973   323    80692.0000     Cuts: 105   916541   26.87%
  20920     2   104896.2973   319    80692.0000   102373.7824   916541   26.87%
  20933    15   102723.1250   139    80692.0000   102373.7824   918271   26.87%
  20960    31   103128.0857   126    80692.0000   102373.7824   920556   26.87%
  20994    60    93227.6541    95    80692.0000   102373.7824   923045   26.87%
  21017    76   102540.9731   212    80692.0000   102373.7824   925385   26.87%
Elapsed time = 26.62 sec. (64326.04 ticks, tree = 0.09 MB, solutions = 1)
  21042    94   103244.0072   199    80692.0000   102373.7824   927859   26.87%
  21074   115   103676.2745   210    80692.0000   102373.7824   931297   26.87%
  21130   161    86042.1179    96    80692.0000   102373.7824   934629   26.87%
  21227   236    infeasible          80692.0000   102373.7824   940287   26.87%
  21352   324    99516.4577   180    80692.0000   102373.7824   951808   26.87%
  21495   421   103194.2015   167    80692.0000   102373.7824   962643   26.87%
  21613   485    infeasible          80692.0000   102373.7824   974185   26.87%
  21775   584    93159.8367   168    80692.0000   102373.7824   988149   26.87%
  21972   721    89777.4064   127    80692.0000   102373.7824  1001855   26.87%
  22187   884   103247.9864   239    80692.0000   102373.7824  1016772   26.87%
Elapsed time = 29.91 sec. (73939.00 ticks, tree = 0.56 MB, solutions = 1)
  22458  1074   101980.6993   211    80692.0000   102373.7824  1034176   26.87%
  22713  1255   102098.1210   136    80692.0000   102373.7824  1052033   26.87%
  22932  1403   100647.3242   177    80692.0000   102373.7824  1071054   26.87%
  23149  1551    98877.0974   141    80692.0000   102373.7824  1088838   26.87%
  23423  1755    98927.4441    62    80692.0000   102373.7824  1107614   26.87%
  23605  1875    infeasible          80692.0000   102373.7824  1120279   26.87%
  23766  1989   101352.1694   231    80692.0000   102373.7824  1130674   26.87%
  23998  2153    88173.3833   120    80692.0000   102373.7824  1145334   26.87%
  24207  2294    97368.0915   136    80692.0000   102373.7824  1161974   26.87%
  24464  2480    infeasible          80692.0000   102373.7824  1179614   26.87%
Elapsed time = 33.37 sec. (83513.30 ticks, tree = 1.59 MB, solutions = 1)
  24715  2643   100888.0564   165    80692.0000   102373.7824  1197869   26.87%
  24995  2840    99503.5595   198    80692.0000   102373.7824  1215220   26.87%
  25280  3052    84675.5183   144    80692.0000   102373.7824  1234076   26.87%
  25535  3217   101785.4935   237    80692.0000   102373.7824  1253024   26.87%
  25777  3378   101180.5139   141    80692.0000   102373.7824  1270992   26.87%
  26037  3571    81852.5234   101    80692.0000   102373.7824  1289545   26.87%
  26291  3724   101818.6797   208    80692.0000   102373.7824  1307732   26.87%
  26588  3929    infeasible          80692.0000   102373.7824  1326942   26.87%
  26828  4111    94024.1965    97    80692.0000   102373.7824  1343723   26.87%
  27758  4763    99865.7905   128    80692.0000   102373.7824  1400411   26.87%
Elapsed time = 38.18 sec. (95928.63 ticks, tree = 3.01 MB, solutions = 1)
  28784  5470   102242.3840   169    80692.0000   102373.7824  1465546   26.87%
  29778  6159    99674.5637   201    80692.0000   102373.7824  1521111   26.87%
  30938  6943   101105.2197    87    80692.0000   102373.7824  1590634   26.87%
  31857  7553    96983.1769   117    80692.0000   102373.7824  1647009   26.87%
  32987  8311   102356.3945   226    80692.0000   102373.7824  1716631   26.87%
  33849  8876   100414.2106   172    80692.0000   102373.7824  1773506   26.87%
  35027  9678   100845.3485   194    80692.0000   102373.7824  1844980   26.87%
  35953 10321        cutoff          80692.0000   102373.7824  1903378   26.87%
  37145 11126    91708.8403   115    80692.0000   102373.7824  1974160   26.87%
  38159 11826    97363.5882    91    80692.0000   102373.7824  2034633   26.87%
Elapsed time = 55.02 sec. (134219.64 ticks, tree = 7.43 MB, solutions = 1)
  39166 12467   100004.9193   135    80692.0000   102373.7824  2099434   26.87%
  40218 13140    99136.3582   181    80692.0000   102344.0188  2167988   26.83%
  41126 13731    92410.2728   102    80692.0000   102291.8735  2227759   26.77%
  42293 14534    99214.3866   194    80692.0000   102249.5221  2298639   26.72%
  43284 15183    79866.8875   105    80692.0000   102197.6013  2363381   26.65%
  44199 15728    91823.2500   178    80692.0000   102147.4117  2427298   26.59%
  44920 16176    90240.9066   111    80692.0000   102112.2284  2474797   26.55%
  45220 16363    99345.9841   153    80692.0000   102101.9375  2493201   26.53%
Advanced basis not built.

GUB cover cuts applied:  6
Clique cuts applied:  4
Cover cuts applied:  115
Implied bound cuts applied:  17
Flow cuts applied:  30
Mixed integer rounding cuts applied:  318
Zero-half cuts applied:  151
Lift and project cuts applied:  49
Gomory fractional cuts applied:  12

Root node processing (before b&c):
  Real time             =    0.11 sec. (233.77 ticks)
Sequential b&c:
  Real time             =   66.89 sec. (167083.40 ticks)
                          ------------
Total (root+branch&cut) =   67.00 sec. (167317.17 ticks)
[CPLEX] Status: time limit exceeded
[CPLEX] OPTIMAL OBJ: 80692.0
[CPLEX] Runtime: 67.004 sec
Vehicle 0: d → 22 → 27 → 3 → 10 → 7 → 17 → 8 → 21 → 14 → 9 → 28 → 4 → 19 → 26 → 13 → 25 → 29 → 15 → 6 → 12 → 20 → 18 → 16 → d, (requests = [0, 1, 2, 3, 4, 8, 9, 10, 13, 14])
Vehicle 1: d → 16 → 30 → 20 → 12 → 6 → 0 → 15 → 29 → 25 → 13 → 26 → 19 → 4 → 28 → 14 → 21 → 8 → 17 → 7 → 27 → d, (requests = [5, 6, 7, 11, 12])
Vehicle 2: d, (requests = [])
======== PPDSP OBJECTIVE ========
Profit    = 100240
Cost      = 19548
Objective = 80692
=================================
===== RAW XY MODEL =====
107 148 205 242 278 317 328 405 442 458 487 544 553 593 635 659 687 732 830 846 868 901 944 1015 1040 1181 1217 1276 1298 1415 1467 1494 1534 1567 1576 1637 1677 1705 1838 1876 1920 1935 1978 2005 2033 2049 2051 2053 2055 2183 2186 2188 2190 2191 2193 2195 3296 3299 3301 3304
  [Time Manager] Step 14 consumed 67.01s. Total Consumed: 505.39s.
  [Info] Saved 3309 core assumption literals to p1_A-n32-k5_r16v3k2.lp.asm

[15/60] Building & Solving: R=17, V=3, K=2
Default row names c1, c2 ... being created.
  [Info] Generating MIP Formulation...
  [Time Manager] Global Remaining Budget: 3094.61s | Future Weight Sum: 46.0
  [Time Manager] Recalibrated Budget for this step: 67.27s
[CPLEX] Setting time limit to 67 seconds
[CPLEX] Reading assumption from p1_A-n32-k5_r16v3k2.lp.asm ...
[CPLEX] Applying MIP Start with 3120 variables.
Version identifier: 22.1.1.0 | 2022-11-28 | 9160aff4d
CPXPARAM_Read_DataCheck                          1
CPXPARAM_Threads                                 1
CPXPARAM_TimeLimit                               67
1 of 1 MIP starts provided solutions.
MIP start 'm1' defined initial solution with objective 80692.0000.
Tried aggregator 1 time.
MIP Presolve eliminated 54 rows and 2637 columns.
MIP Presolve modified 1284 coefficients.
Reduced MIP has 1250 rows, 675 columns, and 5211 nonzeros.
Reduced MIP has 489 binaries, 186 generals, 0 SOSs, and 0 indicators.
Presolve time = 0.00 sec. (3.51 ticks)
Probing time = 0.00 sec. (1.02 ticks)
Tried aggregator 1 time.
Detecting symmetries...
Reduced MIP has 1250 rows, 675 columns, and 5211 nonzeros.
Reduced MIP has 489 binaries, 186 generals, 0 SOSs, and 0 indicators.
Presolve time = 0.00 sec. (3.10 ticks)
Probing time = 0.00 sec. (1.06 ticks)
Clique table members: 281.
MIP emphasis: balance optimality and feasibility.
MIP search method: dynamic search.
Parallel mode: none, using 1 thread.
Root relaxation solution time = 0.00 sec. (4.22 ticks)

        Nodes                                         Cuts/
   Node  Left     Objective  IInf  Best Integer    Best Bound    ItCnt     Gap

*     0+    0                        80692.0000   356559.0000           341.88%
      0     0   113923.7407   100    80692.0000   113923.7407      217   41.18%
      0     0   113567.0574   159    80692.0000     Cuts: 146      339   40.74%
      0     0   113449.4404   188    80692.0000      Cuts: 57      441   40.60%
      0     0   113347.0275   197    80692.0000      Cuts: 52      475   40.47%
      0     0   113192.0549   151    80692.0000      Cuts: 50      511   40.28%
      0     0   113157.2917   142    80692.0000      Cuts: 48      533   40.23%
Detecting symmetries...
      0     0   113036.5484   151    80692.0000  ZeroHalf: 30      583   40.08%
      0     0   113001.2917   155    80692.0000      Cuts: 66      605   40.04%
      0     0   112825.8924   212    80692.0000  ZeroHalf: 66      677   39.82%
      0     0   112699.8229   172    80692.0000      Cuts: 61      721   39.67%
      0     0   112451.8462    85    80692.0000      Cuts: 50      792   39.36%
      0     0   112422.7184   216    80692.0000      Cuts: 53      864   39.32%
      0     0   112395.0909    99    80692.0000      Cuts: 83      926   39.29%
      0     0   112362.6250   185    80692.0000      Cuts: 28      997   39.25%
      0     0   112336.5000   212    80692.0000      Cuts: 79     1093   39.22%
      0     0   112296.7817   284    80692.0000      Cuts: 46     1179   39.17%
      0     0   112296.6865   296    80692.0000      Cuts: 49     1215   39.17%
      0     0   112296.6865   273    80692.0000       Cuts: 4     1221   39.17%
      0     0   112272.0000    86    80692.0000      Cuts: 66     1262   39.14%
      0     0   112252.7579   288    80692.0000      Cuts: 48     1322   39.11%
Detecting symmetries...
      0     2   112252.7579   278    80692.0000   112251.3000     1322   39.11%
Elapsed time = 0.13 sec. (289.49 ticks, tree = 0.01 MB, solutions = 1)
     91    66   111955.2811   137    80692.0000   111997.8688     5821   38.80%
    268   193   110029.6050   106    80692.0000   111845.0000    11349   38.61%
    441   327    86003.7422    47    80692.0000   111776.0000    16607   38.52%

Performing restart 1

Repeating presolve.
Tried aggregator 1 time.
MIP Presolve modified 12 coefficients.
Reduced MIP has 1250 rows, 675 columns, and 5211 nonzeros.
Reduced MIP has 489 binaries, 186 generals, 0 SOSs, and 0 indicators.
Presolve time = 0.00 sec. (2.71 ticks)
Tried aggregator 1 time.
Reduced MIP has 1250 rows, 675 columns, and 5211 nonzeros.
Reduced MIP has 489 binaries, 186 generals, 0 SOSs, and 0 indicators.
Presolve time = 0.00 sec. (3.23 ticks)
Represolve time = 0.01 sec. (10.73 ticks)
    474     0   112203.9483   292    80692.0000     Cuts: 112    18299   38.52%
    474     0   112097.3750   197    80692.0000     Cuts: 108    18384   38.52%
    474     0   112023.0042   266    80692.0000     Cuts: 130    18490   38.52%
    474     0   111931.3116   295    80692.0000      Cuts: 95    18684   38.52%
    474     0   111891.4327   293    80692.0000     Cuts: 100    18790   38.52%
    474     0   111864.9048   215    80692.0000      Cuts: 94    18871   38.52%
    474     0   111838.8635   271    80692.0000      Cuts: 49    18956   38.52%
    474     0   111827.0499   308    80692.0000     Cuts: 117    19059   38.52%
    474     0   111784.6814   284    80692.0000      Cuts: 94    19186   38.52%
    474     0   111773.4136   295    80692.0000     Cuts: 107    19289   38.52%
    474     0   111773.2554   299    80692.0000     Cuts: 102    19328   38.52%
    474     0   111766.3528   166    80692.0000      Cuts: 17    19369   38.51%
    474     0   111699.5621   299    80692.0000     Cuts: 137    19500   38.43%
    474     0   111678.4784   315    80692.0000     Cuts: 107    19574   38.40%
    474     0   111673.9376   308    80692.0000      Cuts: 58    19595   38.40%
    474     0   111666.3879   329    80692.0000      Cuts: 36    19636   38.39%
    474     0   111645.8176   213    80692.0000      Cuts: 23    19670   38.36%
    474     0   111640.3671   204    80692.0000      Cuts: 59    19730   38.35%
    474     0   111617.1623   317    80692.0000      Cuts: 27    19764   38.32%
    474     0   111613.4330   301    80692.0000      Cuts: 35    19789   38.32%
    474     2   111613.4330   301    80692.0000   111608.1060    19789   38.31%
    477     5   111509.6986   277    80692.0000   111509.6986    20039   38.19%
    482    10   111086.0003   152    80692.0000   111509.6986    20565   38.19%
    496    22   110355.5390   200    80692.0000   111509.6986    21463   38.19%
    516    38   110884.0600   224    80692.0000   111509.5548    22531   38.19%
    561    72   110221.7527   221    80692.0000   111509.5000    25223   38.19%
    724   200   108378.9108   124    80692.0000   111415.3333    34663   38.07%
Elapsed time = 1.97 sec. (5142.70 ticks, tree = 0.58 MB, solutions = 1)
    961   380    infeasible          80692.0000   111072.9046    48891   37.65%
   1271   622   108473.8494   153    80692.0000   110899.6050    63301   37.44%
   1496   798   103157.5254   130    80692.0000   110869.0656    77948   37.40%
   1731   991   108937.8851   131    80692.0000   110819.9526    91727   37.34%
   1914  1116   109820.9500   190    80692.0000   110719.6845   104896   37.21%
   2122  1284   106113.5098   144    80692.0000   110652.4027   118425   37.13%
   2314  1409   110161.0400   249    80692.0000   110587.4500   132678   37.05%
   2559  1571   109800.6636   166    80692.0000   110528.9185   148236   36.98%
   2812  1746   107969.8855   158    80692.0000   110491.5833   162791   36.93%
   3108  1958    infeasible          80692.0000   110434.5722   177752   36.86%
Elapsed time = 5.48 sec. (14774.43 ticks, tree = 1.70 MB, solutions = 1)
   3377  2159   105886.7696   158    80692.0000   110400.1385   193160   36.82%
   3608  2323   108777.3545   135    80692.0000   110367.5990   207634   36.78%
   3790  2445   108638.4828   241    80692.0000   110331.7000   220345   36.73%
   4045  2638   110015.5000   137    80692.0000   110294.1447   236727   36.69%
   4307  2851   106666.5157   207    80692.0000   110251.2857   249167   36.63%
   4581  3061   108428.6667   239    80692.0000   110220.8500   264684   36.59%
   4909  3330   104108.7500   118    80692.0000   110192.6867   279493   36.56%
   5198  3557    90763.3706   153    80692.0000   110155.9615   294180   36.51%
   5477  3780   105056.3704    91    80692.0000   110128.0833   307633   36.48%
   5781  4004   108492.2136   122    80692.0000   110104.4521   322661   36.45%
Elapsed time = 9.01 sec. (24379.90 ticks, tree = 4.26 MB, solutions = 1)
   6059  4209   104852.0245   202    80692.0000   110072.1448   338300   36.41%
   6383  4444   102394.1329   109    80692.0000   110035.5000   356228   36.36%
   6668  4643        cutoff          80692.0000   110008.3750   373119   36.33%
   6924  4827   108201.2503   160    80692.0000   109989.6945   387295   36.31%
   7143  4987   106155.3770   132    80692.0000   109958.7793   402458   36.27%
   7432  5203   109458.5187   103    80692.0000   109918.2500   417957   36.22%
   7700  5398   107823.2045   210    80692.0000   109886.8333   432242   36.18%
   7959  5582   106176.5027   131    80692.0000   109856.2143   447853   36.14%
   8311  5838   106211.6629   131    80692.0000   109832.8000   464207   36.11%
   8615  6068    infeasible          80692.0000   109809.5000   480749   36.08%
Elapsed time = 12.59 sec. (33955.47 ticks, tree = 5.57 MB, solutions = 1)
   8886  6254    97579.6039   124    80692.0000   109780.0464   496683   36.05%
   9170  6443   107499.4710   204    80692.0000   109759.8214   513910   36.02%
   9426  6617   104071.0592   119    80692.0000   109742.7500   531638   36.00%
   9708  6807   104237.5667   133    80692.0000   109722.6667   548352   35.98%
*  9954+ 6896                        84662.0000   109710.3266            29.59%
   9955  6899   108540.7443   179    84662.0000   109709.3591   562725   29.59%
*  9956+ 6792                        87015.0000   109709.3591            26.08%
*  9956+ 6769                        87492.0000   109709.3591            25.39%
*  9956+ 6235                        95201.0000   109709.3591            15.24%
*  9956+ 6186                        95728.0000   109709.3591            14.61%
   9956  6188   109022.5609   147    95728.0000   109708.8917   562876   14.60%
  10210  6356    infeasible          95728.0000   109687.6262   578099   14.58%
  10425  6488   108849.2044   181    95728.0000   109652.6504   592760   14.55%
  10648  6628   107283.4608   183    95728.0000   109618.5500   608007   14.51%
  10873  6776    infeasible          95728.0000   109612.0430   622686   14.50%
Elapsed time = 19.90 sec. (46750.28 ticks, tree = 5.65 MB, solutions = 6)
  11087  6919   107794.6986   151    95728.0000   109590.7500   637302   14.48%
  11369  7096   100565.3333   143    95728.0000   109575.9486   654461   14.47%
  11624  7256        cutoff          95728.0000   109559.3635   671937   14.45%
  11925  7441   105615.7667   135    95728.0000   109541.5358   690063   14.43%
  12187  7630   103001.0714   145    95728.0000   109523.9774   706948   14.41%
  12461  7834   106916.2043   110    95728.0000   109510.7642   722526   14.40%
  12648  7942    infeasible          95728.0000   109499.7083   737976   14.39%
  12865  8093    99915.4681   164    95728.0000   109490.2132   754323   14.38%
  13127  8265   108753.0710   183    95728.0000   109475.5556   770741   14.36%
  13318  8381   106761.2790   155    95728.0000   109459.1994   785593   14.34%
Elapsed time = 23.40 sec. (56352.47 ticks, tree = 7.20 MB, solutions = 6)
  13575  8558   107126.0190   118    95728.0000   109437.2500   801652   14.32%
  13781  8701   108963.1962   168    95728.0000   109426.5630   817459   14.31%
  14039  8878    96546.1250    66    95728.0000   109414.7143   833017   14.30%
  14249  9007   107345.2933   188    95728.0000   109398.1527   848180   14.28%
  14482  9162    infeasible          95728.0000   109388.5778   863167   14.27%
  14695  9281   102955.5051   123    95728.0000   109365.0769   880354   14.25%
  14957  9447   106738.4830   160    95728.0000   109347.3788   898371   14.23%
  15201  9598   104811.6306   143    95728.0000   109338.3636   916817   14.22%
  15434  9739   108005.7669   204    95728.0000   109326.5000   933363   14.21%
  15678  9911   101584.7115    86    95728.0000   109315.1876   950236   14.19%
Elapsed time = 26.73 sec. (65929.81 ticks, tree = 8.25 MB, solutions = 6)
  15928 10077        cutoff          95728.0000   109298.8527   967336   14.18%
  16183 10228   108865.8889   137    95728.0000   109274.4844   985832   14.15%
  16425 10383   108235.6374   141    95728.0000   109256.8373  1003389   14.13%
  16647 10518   102801.4167   123    95728.0000   109240.9839  1020156   14.12%
  16879 10660   106875.8621   220    95728.0000   109222.8432  1035572   14.10%
  17137 10838   106457.5000   204    95728.0000   109214.0000  1051171   14.09%
  17359 10983    98229.6369   137    95728.0000   109194.8611  1067797   14.07%
  17570 11113   107791.1536   229    95728.0000   109178.0000  1083816   14.05%
  17768 11224   107765.7333   184    95728.0000   109162.3611  1100583   14.03%
  18026 11376   102008.3000   112    95728.0000   109148.8608  1115442   14.02%
Elapsed time = 30.11 sec. (75586.52 ticks, tree = 9.23 MB, solutions = 6)
  18291 11559   100809.3226    96    95728.0000   109131.3987  1130364   14.00%
  18540 11729   104962.7872   174    95728.0000   109111.3500  1148410   13.98%
  18759 11871    99102.2296   121    95728.0000   109107.3750  1164773   13.98%
  19004 12007   105983.5219   108    95728.0000   109089.8750  1182785   13.96%
  19261 12172   104853.4180   167    95728.0000   109073.8392  1200382   13.94%
  19493 12308   108649.3853   181    95728.0000   109062.1923  1218155   13.93%

Performing restart 2

Repeating presolve.
Tried aggregator 1 time.
MIP Presolve modified 294 coefficients.
Reduced MIP has 1250 rows, 675 columns, and 6750 nonzeros.
Reduced MIP has 489 binaries, 186 generals, 0 SOSs, and 0 indicators.
Presolve time = 0.00 sec. (4.82 ticks)
Tried aggregator 1 time.
Reduced MIP has 1250 rows, 675 columns, and 6750 nonzeros.
Reduced MIP has 489 binaries, 186 generals, 0 SOSs, and 0 indicators.
Presolve time = 0.00 sec. (3.99 ticks)
Represolve time = 0.02 sec. (34.00 ticks)
  19658     0   111533.3493   302    95728.0000      Cuts: 98  1230768   13.91%
  19658     0   111435.7117   275    95728.0000      Cuts: 32  1230835   13.91%
  19658     0   111387.3509   293    95728.0000     Cuts: 104  1230902   13.91%
  19658     0   111350.7350   319    95728.0000     Cuts: 102  1230982   13.91%
  19658     0   111327.9600   338    95728.0000      Cuts: 88  1231050   13.91%
  19658     0   111317.0150   332    95728.0000      Cuts: 72  1231111   13.91%
  19658     0   111272.7944   331    95728.0000      Cuts: 78  1231198   13.91%
  19658     0   111234.8148   299    95728.0000      Cuts: 36  1231263   13.91%
  19658     0   111172.8470   331    95728.0000     Cuts: 131  1231362   13.91%
  19658     2   111172.8470   322    95728.0000   109047.2574  1231362   13.91%
  19668    12   109911.4084   206    95728.0000   109047.2574  1232681   13.91%
  19692    28   111001.6844   272    95728.0000   109047.2574  1234705   13.91%
  19710    44   108651.1417    50    95728.0000   109047.2574  1236853   13.91%
Elapsed time = 33.96 sec. (86770.18 ticks, tree = 0.05 MB, solutions = 6)
  19740    66   110612.6000   124    95728.0000   109047.2574  1238701   13.91%
  19778    92   103732.6461    77    95728.0000   109047.2574  1240571   13.91%
  19815   115   103036.3629   191    95728.0000   109047.2574  1242358   13.91%
  19897   170   110698.1000   198    95728.0000   109047.2574  1245341   13.91%
  19959   218   110095.9807   293    95728.0000   109047.2574  1249008   13.91%
  20101   334   110283.8499   191    95728.0000   109047.2574  1254849   13.91%
  20274   445   108808.9130   205    95728.0000   109047.2574  1262994   13.91%
  20458   583    infeasible          95728.0000   109047.2574  1272276   13.91%
  20604   680   106798.3283   234    95728.0000   109047.2574  1280645   13.91%
  21324  1210   105815.1563   185    95728.0000   109047.2574  1320935   13.91%
Elapsed time = 38.19 sec. (99365.19 ticks, tree = 7.75 MB, solutions = 6)
  22172  1815   106413.4739   176    95728.0000   109047.2574  1365860   13.91%
  23050  2406   106030.8333   237    95728.0000   109047.2574  1419604   13.91%
  23768  2902   107918.6826   171    95728.0000   109047.2574  1456852   13.91%
  24625  3450   106088.5600   131    95728.0000   109047.2574  1508433   13.91%
  25549  4046   108328.1695   229    95728.0000   109047.2574  1558875   13.91%
  26388  4601   107203.3333   174    95728.0000   109047.2574  1606688   13.91%
  27292  5185   103959.2520   180    95728.0000   109047.2574  1656398   13.91%
  28192  5792   107360.0417   224    95728.0000   109047.2574  1698541   13.91%
  28958  6263    99955.4804   110    95728.0000   109047.2574  1739102   13.91%
  29864  6829   104815.8422   182    95728.0000   109028.3201  1785018   13.89%
Elapsed time = 54.82 sec. (137615.32 ticks, tree = 61.77 MB, solutions = 6)
  30542  7237   104583.6452   137    95728.0000   108966.3750  1825082   13.83%
  31435  7813   108331.3763   239    95728.0000   108923.8889  1872606   13.78%
  32244  8332   104531.5316   161    95728.0000   108864.1008  1916575   13.72%
  32986  8776   105425.8881   102    95728.0000   108812.4000  1957279   13.67%
  33810  9269    98816.9116   236    95728.0000   108759.8667  2002984   13.61%
  34545  9728   104769.4624   177    95728.0000   108717.1455  2043420   13.57%
  35241 10130   108402.3438   205    95728.0000   108681.2000  2082256   13.53%
  35958 10587   105696.7146   176    95728.0000   108642.9783  2118899   13.49%
Advanced basis not built.

GUB cover cuts applied:  2
Clique cuts applied:  5
Cover cuts applied:  77
Implied bound cuts applied:  17
Flow cuts applied:  23
Mixed integer rounding cuts applied:  341
Zero-half cuts applied:  180
Lift and project cuts applied:  36
Gomory fractional cuts applied:  11

Root node processing (before b&c):
  Real time             =    0.13 sec. (289.66 ticks)
Sequential b&c:
  Real time             =   66.87 sec. (170794.22 ticks)
                          ------------
Total (root+branch&cut) =   67.00 sec. (171083.89 ticks)
[CPLEX] Status: time limit exceeded
[CPLEX] OPTIMAL OBJ: 95728.0
[CPLEX] Runtime: 67.004 sec
Vehicle 0: d → 22 → 27 → 3 → 10 → 7 → 17 → 8 → 21 → 14 → 9 → 28 → 4 → 19 → 26 → 13 → 25 → 29 → 15 → 6 → 12 → 20 → 18 → 16 → d, (requests = [0, 1, 2, 3, 4, 8, 9, 10, 13, 14])
Vehicle 1: d → 16 → 30 → 20 → 12 → 6 → 0 → 15 → 29 → 25 → 13 → 26 → 19 → 4 → 24 → 9 → 14 → 21 → 8 → 17 → 7 → 27 → d, (requests = [5, 6, 7, 11, 12, 16])
Vehicle 2: d → 4 → 19 → 26 → 13 → 25 → 15 → 11 → d, (requests = [15])
======== PPDSP OBJECTIVE ========
Profit    = 118853
Cost      = 23125
Objective = 95728
=================================
===== RAW XY MODEL =====
107 148 205 242 278 317 328 405 442 458 487 544 553 593 635 659 687 732 830 846 868 901 944 1015 1040 1177 1217 1276 1298 1327 1415 1467 1494 1534 1567 1576 1637 1677 1705 1802 1838 1876 1920 1978 2005 2033 2344 2580 2638 2688 2831 3012 3042 3193 2049 2051 2053 2055 2183 2186 2188 2190 2191 2193 2195 3296 3299 3301 3304 3309 3311
  [Time Manager] Step 15 consumed 67.01s. Total Consumed: 572.39s.
  [Info] Saved 3312 core assumption literals to p1_A-n32-k5_r17v3k2.lp.asm

[16/60] Building & Solving: R=18, V=3, K=2
Default row names c1, c2 ... being created.
  [Info] Generating MIP Formulation...
  [Time Manager] Global Remaining Budget: 3027.61s | Future Weight Sum: 45.0
  [Time Manager] Recalibrated Budget for this step: 67.28s
[CPLEX] Setting time limit to 67 seconds
[CPLEX] Reading assumption from p1_A-n32-k5_r17v3k2.lp.asm ...
[CPLEX] Applying MIP Start with 3123 variables.
Version identifier: 22.1.1.0 | 2022-11-28 | 9160aff4d
CPXPARAM_Read_DataCheck                          1
CPXPARAM_Threads                                 1
CPXPARAM_TimeLimit                               67
1 of 1 MIP starts provided solutions.
MIP start 'm1' defined initial solution with objective 95728.0000.
Tried aggregator 1 time.
MIP Presolve eliminated 54 rows and 2637 columns.
MIP Presolve modified 1284 coefficients.
Reduced MIP has 1260 rows, 678 columns, and 5286 nonzeros.
Reduced MIP has 492 binaries, 186 generals, 0 SOSs, and 0 indicators.
Presolve time = 0.00 sec. (3.55 ticks)
Probing time = 0.00 sec. (1.04 ticks)
Tried aggregator 1 time.
Detecting symmetries...
Reduced MIP has 1260 rows, 678 columns, and 5286 nonzeros.
Reduced MIP has 492 binaries, 186 generals, 0 SOSs, and 0 indicators.
Presolve time = 0.00 sec. (3.14 ticks)
Probing time = 0.00 sec. (1.08 ticks)
Clique table members: 285.
MIP emphasis: balance optimality and feasibility.
MIP search method: dynamic search.
Parallel mode: none, using 1 thread.
Root relaxation solution time = 0.00 sec. (4.90 ticks)

        Nodes                                         Cuts/
   Node  Left     Objective  IInf  Best Integer    Best Bound    ItCnt     Gap

*     0+    0                        95728.0000   372564.0000           289.19%
      0     0   119258.0667   102    95728.0000   119258.0667      230   24.58%
      0     0   118878.2042   149    95728.0000     Cuts: 152      355   24.18%
      0     0   118672.7304   193    95728.0000      Cuts: 53      444   23.97%
      0     0   118564.9516   226    95728.0000      Cuts: 79      527   23.86%
      0     0   118456.6053   223    95728.0000      Cuts: 47      601   23.74%
      0     0   118331.1750   213    95728.0000      Cuts: 40      650   23.61%
Detecting symmetries...
      0     0   118299.0000   158    95728.0000      Cuts: 23      678   23.58%
      0     0   118285.5000   151    95728.0000      Cuts: 54      692   23.56%
      0     0   118250.5333   165    95728.0000      Cuts: 50      709   23.53%
      0     0   118207.0000   186    95728.0000      Cuts: 56      737   23.48%
      0     0   118123.7500   157    95728.0000      Cuts: 52      792   23.40%
      0     0   117994.8624   193    95728.0000      Cuts: 41      881   23.26%
      0     0   117929.0000   158    95728.0000      Cuts: 82      921   23.19%
      0     0   117779.8901   184    95728.0000      Cuts: 51      978   23.04%
      0     0   117720.6200   207    95728.0000      Cuts: 63     1033   22.97%
      0     0   117639.3750   193    95728.0000      Cuts: 63     1109   22.89%
      0     0   117639.3750   209    95728.0000      Cuts: 34     1129   22.89%
      0     0   117604.1587   206    95728.0000      Cuts: 23     1184   22.85%
      0     0   117576.9000   204    95728.0000      Cuts: 75     1238   22.82%
      0     0   117540.4444   201    95728.0000      Cuts: 58     1295   22.79%
      0     0   117518.0000   202    95728.0000      Cuts: 49     1342   22.76%
Detecting symmetries...
      0     2   117518.0000   198    95728.0000   117517.0000     1342   22.76%
Elapsed time = 0.15 sec. (305.41 ticks, tree = 0.01 MB, solutions = 1)
    104    76   115201.1033   158    95728.0000   117412.3567     6619   22.65%
    278   212   116587.9532   209    95728.0000   117196.0000    12174   22.43%
    470   359   116924.6954   240    95728.0000   117014.9402    17604   22.24%
    650   505   116682.6136   176    95728.0000   116983.6825    23254   22.20%
    827   631   114209.3112   150    95728.0000   116942.6358    28952   22.16%

Performing restart 1

Repeating presolve.
Tried aggregator 1 time.
MIP Presolve modified 24 coefficients.
Reduced MIP has 1260 rows, 678 columns, and 5286 nonzeros.
Reduced MIP has 492 binaries, 186 generals, 0 SOSs, and 0 indicators.
Presolve time = 0.00 sec. (2.81 ticks)
Tried aggregator 1 time.
Reduced MIP has 1260 rows, 678 columns, and 5286 nonzeros.
Reduced MIP has 492 binaries, 186 generals, 0 SOSs, and 0 indicators.
Presolve time = 0.00 sec. (3.27 ticks)
Represolve time = 0.01 sec. (11.38 ticks)
    974     0   117476.8095   227    95728.0000     Cuts: 126    34777   22.13%
    974     0   117444.0304   220    95728.0000      Cuts: 92    34867   22.13%
    974     0   117385.2803   212    95728.0000      Cuts: 95    34962   22.13%
    974     0   117378.9489   303    95728.0000      Cuts: 87    35029   22.13%
    974     0   117355.7926   298    95728.0000      Cuts: 56    35154   22.13%
    974     0   117355.1216   300    95728.0000     Cuts: 150    35214   22.13%
    974     0   117336.8568   289    95728.0000      Cuts: 47    35261   22.13%
    974     0   117306.4349   313    95728.0000     Cuts: 187    35390   22.13%
    974     2   117306.4349   313    95728.0000   116909.6669    35390   22.13%
    976     4   117157.1389   306    95728.0000   116909.6669    35637   22.13%
    982    10   117032.5529   259    95728.0000   116909.6669    36165   22.13%
    996    24   115812.5911   193    95728.0000   116909.6669    37208   22.13%
   1204   183   110257.7199   152    95728.0000   116909.6669    47416   22.13%
Elapsed time = 1.73 sec. (4677.84 ticks, tree = 0.44 MB, solutions = 1)
   1419   349   116586.5641   262    95728.0000   116706.3038    60408   21.91%
   1715   585   114953.5000   166    95728.0000   116450.0133    76909   21.65%
   1950   776   114910.7944   204    95728.0000   116359.4200    90798   21.55%
   2170   946   115418.0949   204    95728.0000   116237.6176   106649   21.42%
   2378  1103   116109.4035   142    95728.0000   116128.0252   122296   21.31%
   2627  1289   112433.1063   223    95728.0000   116086.9758   136218   21.27%
   2853  1473   111487.7472   175    95728.0000   115977.3913   149569   21.15%
   3159  1695   114606.7217   104    95728.0000   115809.5120   165615   20.98%
   3400  1883   113823.6317   206    95728.0000   115702.3574   181824   20.87%
   3630  2054   113229.9693   112    95728.0000   115553.9004   196743   20.71%
Elapsed time = 5.38 sec. (14391.12 ticks, tree = 1.60 MB, solutions = 1)
   3881  2232   111730.5000   171    95728.0000   115471.3400   212545   20.62%
   4095  2376   113003.8424   251    95728.0000   115388.7883   227997   20.54%
   4360  2572        cutoff          95728.0000   115323.4615   242344   20.47%
   4583  2739   112963.8037   185    95728.0000   115269.0000   256711   20.41%
   4856  2938   113332.0000   148    95728.0000   115218.2262   273608   20.36%
   5132  3127    infeasible          95728.0000   115175.4543   287224   20.32%
   5348  3282   110916.0749   167    95728.0000   115145.5442   300597   20.28%
   5574  3447   115019.8582   189    95728.0000   115107.5208   315596   20.24%
   5817  3625   110703.7552   184    95728.0000   115062.9155   327760   20.20%
   6099  3835   113691.0235   184    95728.0000   115037.1346   340218   20.17%
Elapsed time = 8.95 sec. (24037.75 ticks, tree = 2.68 MB, solutions = 1)
   6346  4003   109093.8841   185    95728.0000   114991.7600   354135   20.12%
   6603  4196   113295.0844   174    95728.0000   114960.6667   368641   20.09%
   6866  4381   113744.1882   207    95728.0000   114905.5653   385214   20.03%
   7145  4585        cutoff          95728.0000   114875.7551   401237   20.00%
   7337  4705   108608.1507   197    95728.0000   114861.1111   416129   19.99%
   7569  4855   113856.5795   187    95728.0000   114809.5833   431865   19.93%
   7784  5017    infeasible          95728.0000   114776.8333   446573   19.90%
   7974  5141   110889.7403   153    95728.0000   114734.9798   460472   19.86%
   8169  5264   110496.3780   210    95728.0000   114690.7222   473844   19.81%
   8348  5372   112057.7555   137    95728.0000   114661.0068   487177   19.78%
Elapsed time = 12.66 sec. (33716.78 ticks, tree = 3.79 MB, solutions = 1)
   8581  5512   111011.0032   143    95728.0000   114635.3436   502612   19.75%
   8884  5734   106564.0758   136    95728.0000   114609.6472   519661   19.72%
   9172  5954   110370.4560   117    95728.0000   114588.0000   535364   19.70%
   9347  6055   112761.7413   232    95728.0000   114552.4691   549852   19.66%
   9604  6244   103140.2188    83    95728.0000   114524.5234   564185   19.64%
   9884  6446   113843.0455   155    95728.0000   114505.6152   580613   19.62%
  10160  6655   113407.9062   163    95728.0000   114482.4375   596720   19.59%
  10427  6845   106331.2417   189    95728.0000   114470.7000   612948   19.58%
  10627  6982   112569.4417   231    95728.0000   114462.6892   627334   19.57%
* 10715+ 6482                       100536.0000   114458.7500            13.85%
* 10715+ 6441                       100816.0000   114458.7500            13.53%
* 10715+ 6407                       101063.0000   114458.7500            13.25%
  10715  6409   112711.9720   236   101063.0000   114457.0000   633791   13.25%
Elapsed time = 18.93 sec. (43379.12 ticks, tree = 4.40 MB, solutions = 4)
  10716  6410   112356.0000   136   101063.0000   114456.8072   634051   13.25%
  10995  6594   113698.3667   119   101063.0000   114433.7788   648429   13.23%
  11241  6774   110630.4618   173   101063.0000   114423.0000   662550   13.22%
  11476  6941    infeasible         101063.0000   114408.9365   676894   13.21%
  11696  7090   113053.1370    67   101063.0000   114391.3707   691052   13.19%
  11983  7302   109979.5256   115   101063.0000   114370.1905   706147   13.17%
  12206  7466   102518.0000   139   101063.0000   114355.4699   723383   13.15%
  12438  7633   109835.5000   122   101063.0000   114338.0638   740207   13.14%
  12699  7828   106893.1832   131   101063.0000   114313.4944   756943   13.11%
  12915  7978   104203.3607   126   101063.0000   114284.6042   773747   13.08%
Elapsed time = 23.15 sec. (54792.03 ticks, tree = 5.42 MB, solutions = 4)
  13162  8139   111565.9839   134   101063.0000   114260.8864   790039   13.06%
  13378  8270   109466.3213   166   101063.0000   114238.5000   806703   13.04%
  13618  8430   107004.5000   154   101063.0000   114219.4788   824109   13.02%
  13868  8584   109488.4569   103   101063.0000   114203.8952   840339   13.00%
  14079  8717   113896.1667   188   101063.0000   114188.6000   855131   12.99%
  14314  8894   102098.0982   192   101063.0000   114172.9990   869964   12.97%
  14542  9040   110247.1333   141   101063.0000   114151.5621   885423   12.95%
  14804  9222   106609.1054   155   101063.0000   114127.4310   900828   12.93%
  15048  9382   112466.1743   115   101063.0000   114113.8317   916425   12.91%
  15229  9500   107644.4298   124   101063.0000   114102.5458   931261   12.90%
Elapsed time = 26.51 sec. (64411.91 ticks, tree = 6.73 MB, solutions = 4)
  15469  9669   112799.2339   150   101063.0000   114075.8333   945872   12.88%
  15708  9817   111105.9500   174   101063.0000   114060.4601   961023   12.86%
  15981  9984   103513.5000   105   101063.0000   114045.7680   977093   12.85%
  16246 10161   111092.5000   174   101063.0000   114032.3396   992838   12.83%
  16544 10347   113148.8248   138   101063.0000   114016.2754  1009363   12.82%
  16869 10578   102356.3665   133   101063.0000   114005.3333  1026060   12.81%
  17142 10744   113277.4124   199   101063.0000   113986.8757  1043502   12.79%
  17448 10952   112227.6903   156   101063.0000   113974.1071  1061209   12.78%
  17787 11207   107851.9205    89   101063.0000   113960.6851  1078171   12.76%
  18112 11418    infeasible         101063.0000   113949.0857  1093941   12.75%
Elapsed time = 29.83 sec. (73975.30 ticks, tree = 8.00 MB, solutions = 4)
  18371 11589        cutoff         101063.0000   113935.2161  1109842   12.74%
  18587 11739   113035.2500   154   101063.0000   113925.8750  1124729   12.73%
  18860 11931   107616.4626   108   101063.0000   113919.1250  1139057   12.72%
  19114 12091   106621.7995   176   101063.0000   113904.1167  1153929   12.71%
  19348 12248    infeasible         101063.0000   113896.1212  1168591   12.70%
  19615 12432   101226.7928   104   101063.0000   113887.7800  1182398   12.69%
  19829 12565   110933.7500   117   101063.0000   113877.7205  1197748   12.68%
  20090 12755   107941.0762   121   101063.0000   113861.7455  1211969   12.66%
  20304 12892   113040.2735   240   101063.0000   113852.7857  1227002   12.66%
  20559 13049   113691.0525   194   101063.0000   113837.2917  1241631   12.64%
Elapsed time = 33.36 sec. (83568.08 ticks, tree = 9.06 MB, solutions = 4)

Performing restart 2

Repeating presolve.
Tried aggregator 1 time.
MIP Presolve modified 294 coefficients.
Reduced MIP has 1260 rows, 678 columns, and 6825 nonzeros.
Reduced MIP has 492 binaries, 186 generals, 0 SOSs, and 0 indicators.
Presolve time = 0.00 sec. (4.86 ticks)
Tried aggregator 1 time.
Reduced MIP has 1260 rows, 678 columns, and 6825 nonzeros.
Reduced MIP has 492 binaries, 186 generals, 0 SOSs, and 0 indicators.
Presolve time = 0.00 sec. (4.03 ticks)
Represolve time = 0.02 sec. (28.05 ticks)
  20676     0   117026.2708   351   101063.0000     Cuts: 120  1248159   12.63%
  20676     0   116806.8434   219   101063.0000      Cuts: 45  1248256   12.63%
  20676     0   116770.6981   315   101063.0000     Cuts: 133  1248336   12.63%
  20676     0   116741.6674   338   101063.0000      Cuts: 56  1248368   12.63%
  20676     0   116737.8293   332   101063.0000      Cuts: 73  1248399   12.63%
  20676     0   116718.5020   317   101063.0000      Cuts: 68  1248439   12.63%
  20676     0   116654.1273   326   101063.0000      Cuts: 98  1248511   12.63%
  20676     0   116579.6031   217   101063.0000      Cuts: 42  1248602   12.63%
  20676     0   116539.9634   285   101063.0000      Cuts: 93  1248687   12.63%
  20676     0   116539.9423   300   101063.0000      Cuts: 68  1248720   12.63%
  20676     2   116539.9423   300   101063.0000   113830.8750  1248720   12.63%
  20690    11   116329.5253   207   101063.0000   113830.8750  1250288   12.63%
  20705    20   113159.5643    85   101063.0000   113830.8750  1252245   12.63%
  20731    42   115213.6131   212   101063.0000   113830.8750  1253687   12.63%
  20762    60   116289.2228   250   101063.0000   113830.8750  1255835   12.63%
  20780    75   115142.0127   131   101063.0000   113830.8750  1257706   12.63%
  20805    91   115238.1644   185   101063.0000   113830.8750  1259766   12.63%
  20842   119   113291.3556   148   101063.0000   113830.8750  1262217   12.63%
  20891   154   113355.7825   133   101063.0000   113830.8750  1265469   12.63%
  21448   588   115271.7118   185   101063.0000   113830.8750  1303581   12.63%
Elapsed time = 38.20 sec. (97302.72 ticks, tree = 0.44 MB, solutions = 4)
  22091  1091   113263.4646   188   101063.0000   113830.8750  1347682   12.63%
  23053  1791   114168.7500   199   101063.0000   113830.8750  1413400   12.63%
  24114  2600   110616.1006   217   101063.0000   113830.8750  1481868   12.63%
  24757  3074   109437.1629   144   101063.0000   113830.8750  1534685   12.63%
  25665  3741   113716.5000   185   101063.0000   113830.8750  1601970   12.63%
  26621  4447   113941.8780   217   101063.0000   113830.8750  1668051   12.63%
  27577  5137   113867.9624   113   101063.0000   113830.8750  1740984   12.63%
  28491  5773   106083.2295   151   101063.0000   113830.8750  1812788   12.63%
  29167  6257   112106.2238   267   101063.0000   113830.8750  1866588   12.63%
  30059  6868   102126.8382   170   101063.0000   113830.8750  1937299   12.63%
Elapsed time = 55.38 sec. (135511.74 ticks, tree = 4.27 MB, solutions = 4)
  30822  7435   107158.8000   150   101063.0000   113830.8750  1990932   12.63%
  31696  8055   113421.3333   260   101063.0000   113830.8750  2060627   12.63%
  32408  8525    infeasible         101063.0000   113830.8750  2119527   12.63%
  33212  9088   108142.2000   134   101063.0000   113830.8750  2183043   12.63%
  33997  9618   105921.0667   190   101063.0000   113830.8750  2248434   12.63%
  34742 10126   109455.5548   125   101063.0000   113830.8750  2307510   12.63%
  35495 10657   103092.4770    92   101063.0000   113830.8750  2367710   12.63%
  35876 10902   114035.0445   246   101063.0000   113830.8750  2396975   12.63%

GUB cover cuts applied:  5
Clique cuts applied:  3
Cover cuts applied:  62
Implied bound cuts applied:  20
Flow cuts applied:  12
Mixed integer rounding cuts applied:  281
Zero-half cuts applied:  147
Lift and project cuts applied:  29
Gomory fractional cuts applied:  3

Root node processing (before b&c):
  Real time             =    0.15 sec. (305.54 ticks)
Sequential b&c:
  Real time             =   66.85 sec. (167921.31 ticks)
                          ------------
Total (root+branch&cut) =   67.00 sec. (168226.85 ticks)
[CPLEX] Status: time limit exceeded
[CPLEX] OPTIMAL OBJ: 101063.0
[CPLEX] Runtime: 67.004 sec
Vehicle 0: d → 22 → 27 → 3 → 10 → 7 → 17 → 8 → 21 → 14 → 9 → 28 → 4 → 19 → 26 → 13 → 25 → 29 → 15 → 6 → 12 → 20 → 18 → 16 → d, (requests = [0, 1, 2, 3, 4, 8, 9, 10, 13, 17])
Vehicle 1: d → 16 → 30 → 20 → 12 → 6 → 0 → 15 → 29 → 25 → 13 → 26 → 19 → 4 → 24 → 9 → 14 → 21 → 8 → 17 → 7 → 27 → d, (requests = [5, 6, 7, 11, 12, 16])
Vehicle 2: d → 4 → 19 → 26 → 13 → 25 → 15 → 11 → d, (requests = [14, 15])
======== PPDSP OBJECTIVE ========
Profit    = 124188
Cost      = 23125
Objective = 101063
=================================
===== RAW XY MODEL =====
107 148 205 242 278 317 328 405 442 458 487 544 553 593 635 659 687 732 830 846 868 901 944 1015 1040 1177 1217 1276 1298 1327 1415 1467 1494 1534 1567 1576 1637 1677 1705 1802 1838 1876 1920 1978 2005 2033 2344 2580 2638 2688 2831 3012 3042 3193 2049 2051 2053 2055 2183 2186 2188 2190 2191 2193 2195 3296 3299 3301 3306 3309 3311 3313
  [Time Manager] Step 16 consumed 67.01s. Total Consumed: 639.40s.
  [Info] Saved 3315 core assumption literals to p1_A-n32-k5_r18v3k2.lp.asm

[17/60] Building & Solving: R=18, V=4, K=2
Default row names c1, c2 ... being created.
  [Info] Generating MIP Formulation...
  [Time Manager] Global Remaining Budget: 2960.60s | Future Weight Sum: 44.0
  [Time Manager] Recalibrated Budget for this step: 67.29s
[CPLEX] Setting time limit to 67 seconds
[CPLEX] Reading assumption from p1_A-n32-k5_r18v3k2.lp.asm ...
[CPLEX] Applying MIP Start with 3126 variables.
Version identifier: 22.1.1.0 | 2022-11-28 | 9160aff4d
CPXPARAM_Read_DataCheck                          1
CPXPARAM_Threads                                 1
CPXPARAM_TimeLimit                               67
1 of 1 MIP starts provided solutions.
MIP start 'm1' defined initial solution with objective 101063.0000.
Tried aggregator 1 time.
MIP Presolve eliminated 72 rows and 3516 columns.
MIP Presolve modified 1712 coefficients.
Reduced MIP has 1674 rows, 904 columns, and 7048 nonzeros.
Reduced MIP has 656 binaries, 248 generals, 0 SOSs, and 0 indicators.
Presolve time = 0.00 sec. (4.72 ticks)
Probing time = 0.00 sec. (1.41 ticks)
Tried aggregator 1 time.
Detecting symmetries...
Reduced MIP has 1674 rows, 904 columns, and 7048 nonzeros.
Reduced MIP has 656 binaries, 248 generals, 0 SOSs, and 0 indicators.
Presolve time = 0.00 sec. (4.54 ticks)
Probing time = 0.00 sec. (1.46 ticks)
Clique table members: 374.
MIP emphasis: balance optimality and feasibility.
MIP search method: dynamic search.
Parallel mode: none, using 1 thread.
Root relaxation solution time = 0.00 sec. (7.10 ticks)

        Nodes                                         Cuts/
   Node  Left     Objective  IInf  Best Integer    Best Bound    ItCnt     Gap

*     0+    0                       101063.0000   496752.0000           391.53%
      0     0   119258.0667   102   101063.0000   119258.0667      311   18.00%
      0     0   119003.8077   141   101063.0000     Cuts: 155      423   17.75%
      0     0   118576.7500   116   101063.0000      Cuts: 70      560   17.33%
      0     0   118302.0000   113   101063.0000      Cuts: 74      615   17.06%
      0     0   118302.0000   136   101063.0000      Cuts: 99      646   17.06%
      0     0   118302.0000   136   101063.0000      Cuts: 69      647   17.06%
      0     2   118302.0000   136   101063.0000   118302.0000      647   17.06%
Elapsed time = 0.07 sec. (162.07 ticks, tree = 0.01 MB, solutions = 1)
    100    77   116592.9001   107   101063.0000   118117.0614     4490   16.87%
    265   201   116340.2082    64   101063.0000   118009.6739     9434   16.77%
    422   316   111346.3581    76   101063.0000   117954.7529    14706   16.71%
    581   451   117014.2247   123   101063.0000   117923.0000    19658   16.68%
    752   584   117742.3745   144   101063.0000   117846.2748    24911   16.61%
    911   713   117160.7212   212   101063.0000   117808.7357    29869   16.57%

Performing restart 1

Repeating presolve.
Tried aggregator 1 time.
MIP Presolve modified 32 coefficients.
Reduced MIP has 1674 rows, 904 columns, and 7048 nonzeros.
Reduced MIP has 656 binaries, 248 generals, 0 SOSs, and 0 indicators.
Presolve time = 0.00 sec. (3.73 ticks)
Tried aggregator 1 time.
Reduced MIP has 1674 rows, 904 columns, and 7048 nonzeros.
Reduced MIP has 656 binaries, 248 generals, 0 SOSs, and 0 indicators.
Presolve time = 0.00 sec. (4.71 ticks)
Represolve time = 0.01 sec. (12.84 ticks)
   1014     0   118294.8333   163   101063.0000      Cuts: 43    33293   16.51%
   1014     0   118206.8874   254   101063.0000     Cuts: 110    33390   16.51%
   1014     0   118168.1092   250   101063.0000      Cuts: 92    33455   16.51%
   1014     0   118103.6507   246   101063.0000     Cuts: 109    33548   16.51%
   1014     0   118070.8300   242   101063.0000      Cuts: 46    33641   16.51%
   1014     0   118057.1807   242   101063.0000      Cuts: 52    33688   16.51%
   1014     0   118053.4259   240   101063.0000      Cuts: 51    33716   16.51%
   1014     2   118053.4259   240   101063.0000   117753.2145    33716   16.51%
   1016     4   117913.5775   247   101063.0000   117753.2145    33994   16.51%
   1019     7   117930.2222   245   101063.0000   117753.2145    34461   16.51%
   1090    64   116119.6370   148   101063.0000   117753.2145    40690   16.51%
Elapsed time = 1.49 sec. (4220.33 ticks, tree = 0.07 MB, solutions = 1)
   1258   202   110488.2386   157   101063.0000   117753.2145    49779   16.51%
   1444   350   114727.0878   164   101063.0000   117332.6804    62400   16.10%
   1595   470   111311.6415   147   101063.0000   117009.7651    76225   15.78%
   1816   632   115702.2667   150   101063.0000   116698.2925    91580   15.47%
   2120   884   106884.5692   101   101063.0000   116616.7347   104897   15.39%
   2347  1049   111529.9375   127   101063.0000   116403.2692   120276   15.18%
   2616  1260   113839.3814    80   101063.0000   116223.7932   134622   15.00%
   2867  1446   112215.5720   242   101063.0000   116073.9130   148357   14.85%
   3029  1571        cutoff         101063.0000   116008.3401   161193   14.79%
   3257  1738   107783.4223    73   101063.0000   115936.0789   174569   14.72%
Elapsed time = 5.03 sec. (13865.55 ticks, tree = 1.31 MB, solutions = 1)
   3432  1849   114516.3222   110   101063.0000   115870.1500   186705   14.65%
   3632  1998   112176.5566   189   101063.0000   115853.1444   199453   14.63%
   3853  2152   109540.3312   130   101063.0000   115771.4230   214765   14.55%
   4110  2345   113510.6360   150   101063.0000   115649.0205   229930   14.43%
   4317  2504   104622.8799   208   101063.0000   115540.6613   243680   14.33%
   4533  2665   107689.3171   188   101063.0000   115427.9230   256963   14.21%
   4790  2861    infeasible         101063.0000   115381.5730   269169   14.17%
   5012  3021        cutoff         101063.0000   115351.5245   280887   14.14%
   5250  3190   106185.7783   110   101063.0000   115332.3774   293689   14.12%
   5465  3355   112341.1996   103   101063.0000   115306.6279   306602   14.09%
Elapsed time = 8.67 sec. (23466.91 ticks, tree = 2.60 MB, solutions = 1)
   5696  3545   109691.9205   116   101063.0000   115299.0000   318891   14.09%
   5939  3732   114193.3750   244   101063.0000   115270.3000   331856   14.06%
   6229  3945   106337.8000   126   101063.0000   115237.3333   346962   14.03%
   6441  4092   114703.4098   141   101063.0000   115200.2523   360286   13.99%
   6699  4310   114062.3016   152   101063.0000   115183.9139   372977   13.97%
   6877  4444   108832.6923   141   101063.0000   115161.4230   385093   13.95%
   7044  4556   114532.9890   231   101063.0000   115085.0000   397944   13.87%
   7283  4751   112992.8456   151   101063.0000   115067.2222   410842   13.86%
   7553  4971   107936.1037   110   101063.0000   115037.5819   423630   13.83%
   7821  5185   108384.0588   116   101063.0000   114982.4369   435489   13.77%
Elapsed time = 12.27 sec. (33104.97 ticks, tree = 4.71 MB, solutions = 1)
   8035  5338   111509.6671   180   101063.0000   114962.0732   448607   13.75%
   8238  5484   113686.5181   209   101063.0000   114943.5385   462291   13.73%
   8438  5627   111379.8462   154   101063.0000   114923.2524   479063   13.71%
   8701  5823   111442.2280   109   101063.0000   114907.0000   494286   13.70%
   8919  5980   111084.7819   167   101063.0000   114891.4377   510069   13.68%
   9149  6147   112071.2500   132   101063.0000   114872.7340   524125   13.66%
   9348  6282   114506.3125   172   101063.0000   114844.8911   537927   13.64%
   9551  6428   112587.5680   168   101063.0000   114836.2222   551600   13.63%
   9738  6549   112820.3333   147   101063.0000   114800.5000   565727   13.59%
   9890  6647   106278.2097   173   101063.0000   114777.7714   580177   13.57%
Elapsed time = 15.81 sec. (42701.47 ticks, tree = 6.22 MB, solutions = 1)
  10087  6788   113637.3065   177   101063.0000   114753.3333   593769   13.55%
  10309  6938   112159.6940   121   101063.0000   114733.3599   606352   13.53%
  10567  7114   114526.4723   133   101063.0000   114708.0160   615744   13.50%
  10832  7311    infeasible         101063.0000   114686.8884   625606   13.48%
  11058  7485   113999.6636   181   101063.0000   114660.7500   634572   13.45%
  11156  7552    infeasible         101063.0000   114640.7500   639384   13.43%
  11394  7714   112993.6400    75   101063.0000   114617.0000   653660   13.41%
  11622  7879   111511.3315   161   101063.0000   114604.9479   668179   13.40%
  11883  8077   110738.3671   231   101063.0000   114585.3226   683344   13.38%
  12097  8213   112829.3526   222   101063.0000   114560.8591   699064   13.36%
Elapsed time = 23.17 sec. (54849.21 ticks, tree = 14.86 MB, solutions = 1)
  12282  8332    infeasible         101063.0000   114551.0879   715212   13.35%
  12576  8555    infeasible         101063.0000   114538.6571   730755   13.33%
  12865  8800   111751.8015   151   101063.0000   114525.3039   745274   13.32%
  13130  9011   105934.3115   157   101063.0000   114519.2841   761190   13.31%
  13387  9216   110012.3889   196   101063.0000   114510.9198   775163   13.31%
  13650  9417   113900.3056   183   101063.0000   114500.6222   789388   13.30%
  13836  9548   114070.2609   121   101063.0000   114489.0210   803343   13.28%
  14056  9709   110841.6207   123   101063.0000   114477.0333   816117   13.27%
  14281  9882   112748.3333   200   101063.0000   114459.5928   830183   13.26%
  14458  9990   113108.9581   101   101063.0000   114442.2671   843603   13.24%
Elapsed time = 26.68 sec. (64516.36 ticks, tree = 16.16 MB, solutions = 1)
  14662 10137   104836.2238   151   101063.0000   114426.7778   856337   13.22%
  14872 10284   106025.4455   133   101063.0000   114415.6957   868968   13.21%
  15083 10448   109226.2000   139   101063.0000   114397.0945   881981   13.19%
  15300 10592   113229.0667   123   101063.0000   114376.4975   896706   13.17%
  15555 10773   113678.0809   218   101063.0000   114366.5625   911874   13.16%
  15847 10984    infeasible         101063.0000   114357.8261   927728   13.15%
  16146 11189   113881.2167   177   101063.0000   114340.7119   943716   13.14%
  16352 11331   106510.0722   188   101063.0000   114327.9057   958308   13.13%
  16622 11520   109205.6732   210   101063.0000   114304.5417   973619   13.10%
  16878 11682   111512.6000   121   101063.0000   114285.5111   989395   13.08%
Elapsed time = 30.20 sec. (74109.06 ticks, tree = 17.32 MB, solutions = 1)
  17211 11934   111793.5698   155   101063.0000   114274.8333  1003761   13.07%
  17555 12207   111436.3527    89   101063.0000   114262.3366  1019073   13.06%
  17863 12438   108940.5714   215   101063.0000   114241.1765  1034808   13.04%
  18155 12654   110054.7492   184   101063.0000   114218.3319  1051046   13.02%
  18437 12882   106956.7804   137   101063.0000   114210.3333  1065654   13.01%
  18731 13121   101608.7419   141   101063.0000   114202.5398  1080457   13.00%
  19002 13319   111601.8256   165   101063.0000   114189.8710  1094263   12.99%
  19300 13552   112404.5792    83   101063.0000   114183.4784  1109143   12.98%
  19537 13743   112148.6898   275   101063.0000   114179.0357  1122800   12.98%
  19749 13904   112498.6000   179   101063.0000   114169.8571  1136602   12.97%
Elapsed time = 33.81 sec. (83705.66 ticks, tree = 18.84 MB, solutions = 1)
  20002 14079   110864.2500   179   101063.0000   114147.2937  1151053   12.95%
  20230 14245   106259.1075   162   101063.0000   114137.2143  1164175   12.94%
  20503 14425   110999.0667   166   101063.0000   114119.9583  1177972   12.92%
  20724 14585   105395.0100   112   101063.0000   114113.5607  1190772   12.91%
  20957 14738    infeasible         101063.0000   114093.5427  1206654   12.89%
  21235 14930   113380.6235   113   101063.0000   114067.4000  1223082   12.87%

Performing restart 2

Repeating presolve.
Tried aggregator 1 time.
MIP Presolve modified 392 coefficients.
Reduced MIP has 1674 rows, 904 columns, and 9100 nonzeros.
Reduced MIP has 656 binaries, 248 generals, 0 SOSs, and 0 indicators.
Presolve time = 0.00 sec. (6.36 ticks)
Tried aggregator 1 time.
Reduced MIP has 1674 rows, 904 columns, and 9100 nonzeros.
Reduced MIP has 656 binaries, 248 generals, 0 SOSs, and 0 indicators.
Presolve time = 0.00 sec. (5.73 ticks)
Represolve time = 0.02 sec. (31.18 ticks)
  21298     0   117613.4276   296   101063.0000      Cuts: 58  1230686   12.86%
  21298     0   117539.8266   269   101063.0000      Cuts: 91  1230796   12.86%
  21298     0   117383.8306   292   101063.0000      Cuts: 89  1230928   12.86%
  21298     0   117344.6393   280   101063.0000      Cuts: 95  1231037   12.86%
  21298     0   117303.1313   360   101063.0000      Cuts: 60  1231102   12.86%
  21298     0   117251.2135   300   101063.0000     Cuts: 104  1231223   12.86%
  21298     0   117231.4315   388   101063.0000      Cuts: 69  1231321   12.86%
  21298     0   117229.3217   381   101063.0000      Cuts: 35  1231365   12.86%
  21298     0   117226.9945   381   101063.0000      Cuts: 40  1231416   12.86%
  21298     2   117226.9945   368   101063.0000   114064.3824  1231416   12.86%
  21305     9   116555.3380   270   101063.0000   114064.3824  1232114   12.86%
  21320    19   111471.1735   133   101063.0000   114064.3824  1234748   12.86%
  21399    75   110411.7634   228   101063.0000   114064.3824  1243505   12.86%
Elapsed time = 38.78 sec. (97721.31 ticks, tree = 0.18 MB, solutions = 1)
  21493   138   116369.6282   220   101063.0000   114064.3824  1254330   12.86%
  21765   363   110090.6921   177   101063.0000   114064.3824  1275201   12.86%
  22269   747   113711.1616   143   101063.0000   114064.3824  1312722   12.86%
  22902  1251   116011.5404   253   101063.0000   114064.3824  1357211   12.86%
  23539  1739    infeasible         101063.0000   114064.3824  1412886   12.86%
  24351  2344        cutoff         101063.0000   114064.3824  1469509   12.86%
  24900  2744   104979.3490   101   101063.0000   114064.3824  1513363   12.86%
  25562  3185   109922.5270   154   101063.0000   114064.3824  1568657   12.86%
  26252  3676   109969.2263   154   101063.0000   114064.3824  1631200   12.86%
  27001  4220   108194.7976   148   101063.0000   114064.3824  1690832   12.86%
Elapsed time = 52.24 sec. (135992.48 ticks, tree = 3.46 MB, solutions = 1)
  27669  4686   104989.5000   174   101063.0000   114064.3824  1749483   12.86%
  28358  5149   113870.0333   176   101063.0000   114064.3824  1806393   12.86%
  28916  5555   112399.8335   241   101063.0000   114064.3824  1849999   12.86%
  29720  6138   110442.7229   267   101063.0000   114064.3824  1907277   12.86%
  30338  6582   112021.5000   100   101063.0000   114064.3824  1954747   12.86%
  30988  7055   113902.8626   251   101063.0000   114064.3824  2000038   12.86%
  31696  7528   113325.3214   136   101063.0000   114064.3824  2055740   12.86%
  32257  7930   107709.3854   171   101063.0000   114064.3824  2099619   12.86%

GUB cover cuts applied:  4
Clique cuts applied:  4
Cover cuts applied:  76
Implied bound cuts applied:  35
Flow cuts applied:  7
Mixed integer rounding cuts applied:  291
Zero-half cuts applied:  107
Lift and project cuts applied:  19
Gomory fractional cuts applied:  13

Root node processing (before b&c):
  Real time             =    0.07 sec. (162.16 ticks)
Sequential b&c:
  Real time             =   66.93 sec. (169232.61 ticks)
                          ------------
Total (root+branch&cut) =   67.00 sec. (169394.76 ticks)
[CPLEX] Status: time limit exceeded
[CPLEX] OPTIMAL OBJ: 101063.0
[CPLEX] Runtime: 67.004 sec
Vehicle 0: d → 22 → 27 → 3 → 10 → 7 → 17 → 8 → 21 → 14 → 9 → 28 → 4 → 19 → 26 → 13 → 25 → 29 → 15 → 6 → 12 → 20 → 18 → 16 → d, (requests = [0, 1, 2, 3, 4, 8, 9, 10, 13, 17])
Vehicle 1: d → 16 → 30 → 20 → 12 → 6 → 0 → 15 → 29 → 25 → 13 → 26 → 19 → 4 → 24 → 9 → 14 → 21 → 8 → 17 → 7 → 27 → d, (requests = [5, 6, 7, 11, 12, 16])
Vehicle 2: d → 4 → 19 → 26 → 13 → 25 → 15 → 11 → d, (requests = [14, 15])
Vehicle 3: d, (requests = [])
======== PPDSP OBJECTIVE ========
Profit    = 124188
Cost      = 23125
Objective = 101063
=================================
===== RAW XY MODEL =====
107 148 205 242 278 317 328 405 442 458 487 544 553 593 635 659 687 732 830 846 868 901 944 1015 1040 1177 1217 1276 1298 1327 1415 1467 1494 1534 1567 1576 1637 1677 1705 1802 1838 1876 1920 1978 2005 2033 2344 2580 2638 2688 2831 3012 3042 3193 2049 2051 2053 2055 2183 2186 2188 2190 2191 2193 2195 3296 3299 3301 3306 3309 3311 3313
  [Time Manager] Step 17 consumed 67.01s. Total Consumed: 706.41s.
  [Info] Saved 4357 core assumption literals to p1_A-n32-k5_r18v4k2.lp.asm

[18/60] Building & Solving: R=19, V=4, K=2
Default row names c1, c2 ... being created.
  [Info] Generating MIP Formulation...
  [Time Manager] Global Remaining Budget: 2893.59s | Future Weight Sum: 43.0
  [Time Manager] Recalibrated Budget for this step: 67.29s
[CPLEX] Setting time limit to 67 seconds
[CPLEX] Reading assumption from p1_A-n32-k5_r18v4k2.lp.asm ...
[CPLEX] Applying MIP Start with 4168 variables.
Version identifier: 22.1.1.0 | 2022-11-28 | 9160aff4d
CPXPARAM_Read_DataCheck                          1
CPXPARAM_Threads                                 1
CPXPARAM_TimeLimit                               67
1 of 1 MIP starts provided solutions.
MIP start 'm1' defined initial solution with objective 101063.0000.
Tried aggregator 1 time.
MIP Presolve eliminated 68 rows and 3516 columns.
MIP Presolve modified 1728 coefficients.
Reduced MIP has 1691 rows, 908 columns, and 7144 nonzeros.
Reduced MIP has 660 binaries, 248 generals, 0 SOSs, and 0 indicators.
Presolve time = 0.00 sec. (4.80 ticks)
Probing time = 0.00 sec. (1.44 ticks)
Tried aggregator 1 time.
Detecting symmetries...
Reduced MIP has 1691 rows, 908 columns, and 7144 nonzeros.
Reduced MIP has 660 binaries, 248 generals, 0 SOSs, and 0 indicators.
Presolve time = 0.00 sec. (4.60 ticks)
Probing time = 0.00 sec. (1.49 ticks)
Clique table members: 379.
MIP emphasis: balance optimality and feasibility.
MIP search method: dynamic search.
Parallel mode: none, using 1 thread.
Root relaxation solution time = 0.00 sec. (7.26 ticks)

        Nodes                                         Cuts/
   Node  Left     Objective  IInf  Best Integer    Best Bound    ItCnt     Gap

*     0+    0                       101063.0000   518872.0000           413.41%
      0     0   124276.7133   119   101063.0000   124276.7133      322   22.97%
      0     0   123779.0625   170   101063.0000     Cuts: 173      475   22.48%
      0     0   123628.8293   227   101063.0000      Cuts: 67      573   22.33%
      0     0   123577.4538   235   101063.0000      Cuts: 83      633   22.28%
      0     0   123483.2444   212   101063.0000      Cuts: 53      718   22.18%
      0     0   123422.3269   237   101063.0000      Cuts: 49      799   22.12%
      0     0   123393.8700   276   101063.0000      Cuts: 48      848   22.10%
      0     0   123335.8377   231   101063.0000      Cuts: 51      916   22.04%
      0     0   123242.5833   226   101063.0000      Cuts: 45      969   21.95%
      0     0   123237.4890   323   101063.0000      Cuts: 20      992   21.94%
      0     0   123216.4176   257   101063.0000      Cuts: 26     1041   21.92%
      0     0   123209.2407   312   101063.0000      Cuts: 54     1085   21.91%
      0     2   123209.2407   312   101063.0000   123208.3333     1085   21.91%
Elapsed time = 0.14 sec. (299.29 ticks, tree = 0.01 MB, solutions = 1)
    110    76   122364.7710   136   101063.0000   123093.6846     4926   21.80%
    264   179   118721.1817   116   101063.0000   122979.6429     9061   21.69%
    391   274   121791.3878   153   101063.0000   122942.5545    14200   21.65%
    528   376   121759.6550   210   101063.0000   122881.7581    18843   21.59%
    708   519    infeasible         101063.0000   122855.3226    23412   21.56%
    850   622   122657.4884   165   101063.0000   122836.6364    28127   21.54%
    948   687   122646.7908   243   101063.0000   122815.2258    32069   21.52%

Performing restart 1

Repeating presolve.
Tried aggregator 1 time.
MIP Presolve modified 32 coefficients.
Reduced MIP has 1691 rows, 908 columns, and 7144 nonzeros.
Reduced MIP has 660 binaries, 248 generals, 0 SOSs, and 0 indicators.
Presolve time = 0.00 sec. (3.77 ticks)
Tried aggregator 1 time.
Reduced MIP has 1691 rows, 908 columns, and 7144 nonzeros.
Reduced MIP has 660 binaries, 248 generals, 0 SOSs, and 0 indicators.
Presolve time = 0.00 sec. (4.77 ticks)
Represolve time = 0.01 sec. (13.64 ticks)
    976     0   123202.0000   148   101063.0000      Cuts: 50    33669   21.52%
    976     0   123202.0000   156   101063.0000      Cuts: 83    33704   21.52%
    976     0   123202.0000   162   101063.0000     Cuts: 119    33740   21.52%
    976     0   123191.9951   316   101063.0000      Cuts: 94    33811   21.52%
    976     0   123114.0847   174   101063.0000     Cuts: 118    33876   21.52%
    976     0   123049.6451   245   101063.0000      Cuts: 80    33964   21.52%
    976     0   122941.1028   239   101063.0000      Cuts: 72    34024   21.52%
    976     0   122885.0028   343   101063.0000      Cuts: 96    34123   21.52%
    976     0   122804.9677   234   101063.0000      Cuts: 78    34211   21.51%
    976     0   122758.7500   246   101063.0000     Cuts: 110    34268   21.47%
    976     0   122629.5000   185   101063.0000      Cuts: 64    34332   21.34%
    976     0   122622.2778   197   101063.0000      Cuts: 56    34344   21.33%
    976     0   122603.7778   190   101063.0000      Cuts: 45    34371   21.31%
    976     0   122602.7778   192   101063.0000      Cuts: 44    34385   21.31%
    976     2   122602.7778   177   101063.0000   122596.5556    34385   21.31%
    978     4   122140.6749   272   101063.0000   122462.5370    34841   21.17%
   1004    23   121306.3510   217   101063.0000   122376.7723    37441   21.09%
Elapsed time = 1.79 sec. (4577.54 ticks, tree = 0.17 MB, solutions = 1)
   1157   148   121792.0440   201   101063.0000   122307.3098    43959   21.02%
   1359   315   120978.8755   221   101063.0000   122113.4533    54274   20.83%
   1512   430   120179.4827   206   101063.0000   122046.7889    65966   20.76%
   1709   592   119828.2197   205   101063.0000   121967.6905    78013   20.68%
   1957   792   121543.0000   179   101063.0000   121864.0357    91851   20.58%
   2148   945   120698.5000   155   101063.0000   121773.0970   105322   20.49%
   2356  1122   102221.7196   118   101063.0000   121679.4491   118045   20.40%
   2490  1221   116489.1625   200   101063.0000   121625.0694   130176   20.35%
   2666  1356   119489.7864   265   101063.0000   121581.6842   143249   20.30%
   2815  1466   119282.3537   179   101063.0000   121464.4741   154925   20.19%
Elapsed time = 5.43 sec. (14176.16 ticks, tree = 1.38 MB, solutions = 1)
   2962  1574   102987.3866   130   101063.0000   121397.7619   167205   20.12%
   3164  1730   119703.7223   210   101063.0000   121296.9500   179660   20.02%
   3306  1837   117301.8423   122   101063.0000   121271.2968   191798   20.00%
   3456  1933   119360.1250   173   101063.0000   121226.0996   204914   19.95%
   3639  2060        cutoff         101063.0000   121196.4321   218877   19.92%
   3786  2164   116268.4462   167   101063.0000   121143.1397   230528   19.87%
   3917  2252   119091.8092   296   101063.0000   121093.0350   243794   19.82%
   4076  2368   118612.8142   258   101063.0000   121044.4026   255908   19.77%
   4236  2494   116672.7814   156   101063.0000   120998.8030   268953   19.73%
   4414  2629   120585.4494   243   101063.0000   120973.5000   282167   19.70%
Elapsed time = 8.98 sec. (23761.96 ticks, tree = 2.29 MB, solutions = 1)
   4572  2748   115971.2003   201   101063.0000   120951.6437   294321   19.68%
   4727  2859   106397.3983   207   101063.0000   120908.6000   306624   19.64%
   4849  2955   110610.5504    93   101063.0000   120899.0833   319004   19.63%
   5026  3091   104346.2332   184   101063.0000   120870.8533   332653   19.60%
   5204  3217   120684.1745   200   101063.0000   120810.5656   348341   19.54%
   5345  3319   115366.5510   116   101063.0000   120786.9754   361556   19.52%
   5535  3464   118738.1750   182   101063.0000   120757.9167   374409   19.49%
   5698  3577        cutoff         101063.0000   120730.1147   387039   19.46%
   5864  3702   106815.8088    96   101063.0000   120700.0775   399570   19.43%
   5997  3802   116043.6806   216   101063.0000   120683.5517   411872   19.41%
Elapsed time = 12.58 sec. (33371.88 ticks, tree = 3.09 MB, solutions = 1)
   6189  3938   120317.4597   195   101063.0000   120670.9300   424108   19.40%
   6348  4056   107315.1266   146   101063.0000   120639.3452   437188   19.37%
   6489  4142   117335.6000   242   101063.0000   120622.3889   447787   19.35%
   6635  4252   115212.1490   124   101063.0000   120604.8715   458998   19.34%
   6840  4401   114787.4769   170   101063.0000   120585.5556   473667   19.32%
   7050  4549   116942.2333   238   101063.0000   120562.0472   489388   19.29%
   7235  4683   117821.6205   112   101063.0000   120542.0249   504831   19.27%
   7449  4845   116437.3468   228   101063.0000   120528.3289   518566   19.26%
   7630  4974   118058.0237   218   101063.0000   120514.0118   533857   19.25%
   7824  5124   119250.8677   248   101063.0000   120499.8444   546534   19.23%
Elapsed time = 16.17 sec. (42988.71 ticks, tree = 4.23 MB, solutions = 1)
   8003  5244   118642.6819   197   101063.0000   120488.1667   560823   19.22%
   8169  5371   113706.1588   248   101063.0000   120468.2833   574787   19.20%
   8327  5485   120267.1614   310   101063.0000   120462.4189   588298   19.20%
   8485  5614   111367.0191   176   101063.0000   120457.8438   601430   19.19%
   8659  5731   118179.3514   236   101063.0000   120431.1391   614733   19.16%
   8809  5830   118083.2199   168   101063.0000   120397.3840   628340   19.13%
   8995  5979   114687.1178   267   101063.0000   120375.2260   640874   19.11%
   9171  6109   112074.6923   166   101063.0000   120359.8566   655344   19.09%
   9389  6280   115772.8780   239   101063.0000   120347.8161   671001   19.08%
   9593  6446   114196.1929   131   101063.0000   120323.4213   685863   19.06%
Elapsed time = 19.63 sec. (52618.64 ticks, tree = 5.17 MB, solutions = 1)
   9796  6601   118472.9862   187   101063.0000   120308.8983   700268   19.04%
   9977  6737   116965.8109   258   101063.0000   120298.7246   714969   19.03%
  10180  6890   119748.7750   210   101063.0000   120276.8333   730151   19.01%
  10349  7007   118486.1667   157   101063.0000   120264.7000   745201   19.00%
  10572  7180   118171.2540   133   101063.0000   120259.6682   761569   18.99%
* 10736+ 7020                       104007.0000   120240.1892            15.61%
* 10737+ 6872                       105538.0000   120240.1892            13.93%
  10737  6874   116424.2077   296   105538.0000   120239.5359   774305   13.93%
  10738  6875   119357.2054   280   105538.0000   120237.5561   774601   13.93%
  10954  7020   119267.0775   253   105538.0000   120218.5429   789699   13.91%
  11106  7130   119572.5556   185   105538.0000   120211.8132   803616   13.90%
  11270  7247   118871.9072   269   105538.0000   120204.7031   816705   13.90%
Elapsed time = 27.38 sec. (66517.27 ticks, tree = 5.73 MB, solutions = 3)
  11454  7402   118267.7979   165   105538.0000   120195.4667   830259   13.89%
  11687  7591   119394.1320   206   105538.0000   120187.0722   842514   13.88%
  11833  7706   117160.2333   245   105538.0000   120184.0069   855874   13.88%
  12033  7870   106457.8540   121   105538.0000   120180.0000   868519   13.87%
  12178  7965   108147.1817   164   105538.0000   120161.0926   882713   13.86%
  12380  8104   119246.6630   219   105538.0000   120147.9810   896526   13.84%
  12599  8275   119451.6841   185   105538.0000   120141.2749   909849   13.84%
  12806  8447   109894.3958   107   105538.0000   120137.4831   922335   13.83%
  12992  8581   119808.2165   211   105538.0000   120118.5657   935559   13.82%
  13216  8759   119450.3763   215   105538.0000   120111.7917   950223   13.81%
Elapsed time = 30.85 sec. (76185.20 ticks, tree = 7.15 MB, solutions = 3)
  13407  8893   119411.3938   250   105538.0000   120095.9048   964412   13.79%
  13596  9025   116651.0000   239   105538.0000   120083.2143   979399   13.78%
  13754  9143   110646.8097   203   105538.0000   120074.2320   993847   13.77%
  13920  9260   106830.8838   138   105538.0000   120063.3000  1010366   13.76%
  14121  9401    infeasible         105538.0000   120055.8601  1024334   13.76%
  14346  9559   106714.0044   199   105538.0000   120041.9583  1039001   13.74%
  14539  9697   119370.8750   236   105538.0000   120036.2500  1054178   13.74%
  14760  9867   112947.0896   239   105538.0000   120024.2895  1070228   13.73%
  14961 10004   117285.2500   185   105538.0000   120001.8194  1084926   13.70%
  15185 10185   115166.9660   155   105538.0000   119988.5016  1099543   13.69%
Elapsed time = 34.38 sec. (85766.75 ticks, tree = 8.23 MB, solutions = 3)
  15405 10358   115362.5150   173   105538.0000   119976.3971  1114827   13.68%
  15605 10509   118347.3208   256   105538.0000   119965.8857  1129468   13.67%
  15830 10690   107874.2596   141   105538.0000   119958.0664  1142897   13.66%
  15987 10802   118722.4921   239   105538.0000   119947.5109  1156288   13.65%
  16172 10936        cutoff         105538.0000   119941.2974  1170423   13.65%
  16331 11038   118945.6531   242   105538.0000   119914.3699  1183860   13.62%
  16501 11163   112256.7537   166   105538.0000   119902.8788  1197132   13.61%
  16685 11301        cutoff         105538.0000   119893.9819  1210444   13.60%
  16865 11436    infeasible         105538.0000   119874.4531  1224044   13.58%
  17563 11933   118348.9779   204   105538.0000   119840.9035  1275767   13.55%
Elapsed time = 38.89 sec. (98210.01 ticks, tree = 9.48 MB, solutions = 3)
  18310 12488   118692.0000   172   105538.0000   119811.0000  1331535   13.52%
  19097 13073   110872.6945   119   105538.0000   119782.9363  1387514   13.50%
  19963 13712   117281.5000   197   105538.0000   119750.0428  1449801   13.47%

Performing restart 2

Repeating presolve.
Tried aggregator 1 time.
MIP Presolve modified 416 coefficients.
Reduced MIP has 1691 rows, 908 columns, and 9260 nonzeros.
Reduced MIP has 660 binaries, 248 generals, 0 SOSs, and 0 indicators.
Presolve time = 0.00 sec. (6.46 ticks)
Tried aggregator 1 time.
Reduced MIP has 1691 rows, 908 columns, and 9260 nonzeros.
Reduced MIP has 660 binaries, 248 generals, 0 SOSs, and 0 indicators.
Presolve time = 0.00 sec. (5.82 ticks)
Represolve time = 0.02 sec. (26.74 ticks)
  20718     0   122266.2083   211   105538.0000      Cuts: 95  1504483   13.45%
  20718     0   122162.6502   299   105538.0000      Cuts: 62  1504586   13.45%
  20718     0   122047.3889   295   105538.0000      Cuts: 83  1504714   13.45%
  20718     0   121900.6030   318   105538.0000      Cuts: 96  1504840   13.45%
  20718     0   121743.7734   262   105538.0000      Cuts: 62  1505023   13.45%
  20718     0   121660.4718   317   105538.0000      Cuts: 85  1505189   13.45%
  20718     0   121627.9914   417   105538.0000      Cuts: 58  1505343   13.45%
  20718     0   121604.3947   434   105538.0000      Cuts: 51  1505447   13.45%
  20718     0   121580.4498   441   105538.0000      Cuts: 41  1505613   13.45%
  20718     2   121580.4498   441   105538.0000   119727.6542  1505613   13.45%
  20767    43   115527.0357   215   105538.0000   119727.6542  1510608   13.45%
  21154   362   118404.3777   191   105538.0000   119727.6542  1539846   13.45%
  21758   825   116276.3641   202   105538.0000   119727.6542  1597284   13.45%
  22438  1334   115344.4615   142   105538.0000   119727.6542  1657500   13.45%
  23118  1839   115419.4317   224   105538.0000   119727.6542  1715403   13.45%
  23838  2400   115141.2687   208   105538.0000   119727.6542  1755187   13.45%
Elapsed time = 53.18 sec. (138003.84 ticks, tree = 8.14 MB, solutions = 3)
  24589  2954   111659.6250   198   105538.0000   119727.6542  1796791   13.45%
  25289  3491   113132.4121   151   105538.0000   119727.6542  1838635   13.45%
  25874  3937   116386.7585   222   105538.0000   119727.6542  1882619   13.45%
  26524  4429        cutoff         105538.0000   119727.6542  1932163   13.45%
  27161  4912        cutoff         105538.0000   119727.6542  1982837   13.45%
  27790  5378   117318.2275   250   105538.0000   119727.6542  2040046   13.45%
  28408  5834   108544.3866    65   105538.0000   119727.6542  2081804   13.45%
Advanced basis not built.

GUB cover cuts applied:  3
Clique cuts applied:  6
Cover cuts applied:  41
Implied bound cuts applied:  25
Flow cuts applied:  21
Mixed integer rounding cuts applied:  236
Zero-half cuts applied:  141
Gomory fractional cuts applied:  13

Root node processing (before b&c):
  Real time             =    0.14 sec. (299.43 ticks)
Sequential b&c:
  Real time             =   66.86 sec. (168150.88 ticks)
                          ------------
Total (root+branch&cut) =   67.00 sec. (168450.32 ticks)
[CPLEX] Status: time limit exceeded
[CPLEX] OPTIMAL OBJ: 105538.0
[CPLEX] Runtime: 67.006 sec
Vehicle 0: d → 22 → 27 → 3 → 10 → 7 → 17 → 8 → 21 → 14 → 9 → 28 → 4 → 19 → 26 → 13 → 25 → 29 → 15 → 6 → 12 → 20 → 18 → 16 → d, (requests = [0, 1, 2, 3, 4, 8, 9, 10, 13, 17])
Vehicle 1: d → 16 → 30 → 20 → 12 → 6 → 0 → 15 → 29 → 25 → 13 → 26 → 19 → 4 → 24 → 9 → 14 → 21 → 8 → 17 → 7 → 27 → d, (requests = [5, 6, 7, 11, 12, 16])
Vehicle 2: d → 4 → 19 → 26 → 13 → 25 → 15 → 11 → 0 → 6 → 12 → d, (requests = [14, 15, 18])
Vehicle 3: d, (requests = [])
======== PPDSP OBJECTIVE ========
Profit    = 129718
Cost      = 24180
Objective = 105538
=================================
===== RAW XY MODEL =====
107 148 205 242 278 317 328 405 442 458 487 544 553 593 635 659 687 732 830 846 868 901 944 1015 1040 1177 1217 1276 1298 1327 1415 1467 1494 1534 1567 1576 1637 1677 1705 1802 1838 1876 1920 1978 2005 2033 2203 2344 2401 2549 2612 2638 2688 2831 3012 3042 3193 2049 2051 2053 2055 2183 2186 2188 2190 2191 2193 2195 3296 3299 3301 3306 3309 3311 3313 4423
  [Time Manager] Step 18 consumed 67.01s. Total Consumed: 773.41s.
  [Info] Saved 4424 core assumption literals to p1_A-n32-k5_r19v4k2.lp.asm

[19/60] Building & Solving: R=20, V=4, K=2
Default row names c1, c2 ... being created.
  [Info] Generating MIP Formulation...
  [Time Manager] Global Remaining Budget: 2826.59s | Future Weight Sum: 42.0
  [Time Manager] Recalibrated Budget for this step: 67.30s
[CPLEX] Setting time limit to 67 seconds
[CPLEX] Reading assumption from p1_A-n32-k5_r19v4k2.lp.asm ...
[CPLEX] Applying MIP Start with 4172 variables.
Version identifier: 22.1.1.0 | 2022-11-28 | 9160aff4d
CPXPARAM_Read_DataCheck                          1
CPXPARAM_Threads                                 1
CPXPARAM_TimeLimit                               67
1 of 1 MIP starts provided solutions.
MIP start 'm1' defined initial solution with objective 105538.0000.
Tried aggregator 1 time.
MIP Presolve eliminated 64 rows and 3516 columns.
MIP Presolve modified 1736 coefficients.
Reduced MIP has 1708 rows, 912 columns, and 7252 nonzeros.
Reduced MIP has 664 binaries, 248 generals, 0 SOSs, and 0 indicators.
Presolve time = 0.00 sec. (4.85 ticks)
Probing time = 0.00 sec. (1.46 ticks)
Tried aggregator 1 time.
Detecting symmetries...
Reduced MIP has 1708 rows, 912 columns, and 7252 nonzeros.
Reduced MIP has 664 binaries, 248 generals, 0 SOSs, and 0 indicators.
Presolve time = 0.00 sec. (4.66 ticks)
Probing time = 0.00 sec. (1.51 ticks)
Clique table members: 384.
MIP emphasis: balance optimality and feasibility.
MIP search method: dynamic search.
Parallel mode: none, using 1 thread.
Root relaxation solution time = 0.00 sec. (8.32 ticks)

        Nodes                                         Cuts/
   Node  Left     Objective  IInf  Best Integer    Best Bound    ItCnt     Gap

*     0+    0                       105538.0000   545392.0000           416.77%
      0     0   130897.4962   122   105538.0000   130897.4962      342   24.03%
      0     0   130408.5000   172   105538.0000     Cuts: 184      510   23.57%
      0     0   130288.3896   233   105538.0000      Cuts: 74      592   23.45%
      0     0   130214.5910   315   105538.0000     Cuts: 122      684   23.38%
      0     0   130089.1247   238   105538.0000      Cuts: 69      759   23.26%
      0     0   130029.4540   219   105538.0000      Cuts: 67      804   23.21%
      0     0   130013.0653   329   105538.0000      Cuts: 58      846   23.19%
      0     0   129924.6563   286   105538.0000      Cuts: 60      918   23.11%
      0     0   129906.7965   343   105538.0000      Cuts: 49      959   23.09%
      0     0   129900.8337   340   105538.0000      Cuts: 17      977   23.08%
      0     0   129900.8337   342   105538.0000       Cuts: 5      983   23.08%
      0     2   129900.8337   342   105538.0000   129900.6667      983   23.08%
Elapsed time = 0.13 sec. (277.93 ticks, tree = 0.01 MB, solutions = 1)
     60    56   129255.4351   141   105538.0000   129829.5117     5079   23.02%
    141   117   129541.5286   295   105538.0000   129663.1357     9508   22.86%
    272   222   127731.6147   154   105538.0000   129597.0246    14235   22.80%
    406   312   129117.6279   147   105538.0000   129526.7557    18721   22.73%
    536   411   129185.2511   233   105538.0000   129460.7305    23115   22.67%
    710   558   127144.4501   104   105538.0000   129433.9869    27549   22.64%
    870   668   128454.2748   234   105538.0000   129415.3018    31903   22.62%
   1011   779   129127.4900   225   105538.0000   129396.6043    36335   22.61%

Performing restart 1

Repeating presolve.
Tried aggregator 1 time.
MIP Presolve modified 48 coefficients.
Reduced MIP has 1708 rows, 912 columns, and 7252 nonzeros.
Reduced MIP has 664 binaries, 248 generals, 0 SOSs, and 0 indicators.
Presolve time = 0.00 sec. (3.92 ticks)
Tried aggregator 1 time.
Reduced MIP has 1708 rows, 912 columns, and 7252 nonzeros.
Reduced MIP has 664 binaries, 248 generals, 0 SOSs, and 0 indicators.
Presolve time = 0.00 sec. (4.83 ticks)
Represolve time = 0.01 sec. (14.13 ticks)
   1018     0   129864.9209   347   105538.0000      Cuts: 13    37547   22.61%
   1018     0   129836.4197   285   105538.0000      Cuts: 87    37583   22.61%
   1018     0   129767.6846   274   105538.0000      Cuts: 44    37679   22.61%
   1018     0   129680.6108   273   105538.0000      Cuts: 58    37763   22.61%
   1018     0   129660.0652   281   105538.0000      Cuts: 89    37822   22.61%
   1018     0   129649.8262   284   105538.0000      Cuts: 50    37877   22.61%
   1018     0   129638.8628   261   105538.0000      Cuts: 23    37938   22.61%
   1018     0   129632.4519   281   105538.0000     Cuts: 102    37992   22.61%
   1018     2   129632.4519   281   105538.0000   129396.6043    37992   22.61%
   1025     9   129465.8651   247   105538.0000   129396.6043    39258   22.61%
Elapsed time = 1.64 sec. (4403.13 ticks, tree = 0.03 MB, solutions = 1)
   1068    47   125599.3850   267   105538.0000   129396.6043    44561   22.61%
   1190   148   129370.1723   248   105538.0000   129370.0812    50210   22.58%
   1333   266   125636.8262   173   105538.0000   129159.7154    57380   22.38%
   1528   433   128629.6917   255   105538.0000   129064.3852    64697   22.29%
   1737   608   117922.9075    73   105538.0000   128945.8291    73438   22.18%
   1958   796   126284.2906   248   105538.0000   128686.8474    81683   21.93%
   2174   965   121029.0603   174   105538.0000   128491.2500    91053   21.75%
   2405  1162    infeasible         105538.0000   128402.0828    99381   21.66%
   2584  1305   121851.8637   250   105538.0000   128304.6299   108547   21.57%
   2737  1415   122120.0743   186   105538.0000   128269.2036   117183   21.54%
Elapsed time = 5.10 sec. (14018.62 ticks, tree = 16.49 MB, solutions = 1)
   2936  1569   125314.2341   169   105538.0000   128173.5000   126105   21.45%
   3090  1690   124575.8199   161   105538.0000   128140.2748   133653   21.42%
   3256  1823   122958.2323   149   105538.0000   128035.3397   141854   21.32%
   3446  1973   124999.3800   139   105538.0000   127958.3571   150352   21.24%
   3654  2135   124976.1520   211   105538.0000   127914.0749   159667   21.20%
   3802  2245   119402.3439   123   105538.0000   127799.9500   168019   21.09%
   3981  2391   121996.6051   231   105538.0000   127773.0000   175674   21.07%
   4132  2520   120763.7998   169   105538.0000   127760.5620   184882   21.06%
   4333  2682   125891.3096   143   105538.0000   127737.4257   192872   21.03%
   4482  2805   118016.5885   247   105538.0000   127665.9269   200641   20.97%
Elapsed time = 8.60 sec. (23660.10 ticks, tree = 33.67 MB, solutions = 1)
   4643  2926   126662.0000   166   105538.0000   127617.2680   208876   20.92%
   4848  3097   120494.4285   198   105538.0000   127582.7458   217756   20.89%
   5065  3266   125417.0528   141   105538.0000   127489.0743   227148   20.80%
   5289  3447   122469.0442   243   105538.0000   127404.5546   235978   20.72%
   5457  3570    infeasible         105538.0000   127351.5574   245039   20.67%
   5674  3768   123508.1886   188   105538.0000   127331.3203   253247   20.65%
   5836  3906   116126.7277   222   105538.0000   127281.9464   261544   20.60%
   6037  4075   120699.7027   191   105538.0000   127252.0549   270617   20.57%
   6237  4232    infeasible         105538.0000   127209.0197   279950   20.53%
   6432  4400   121355.2694    93   105538.0000   127189.0423   288524   20.51%
Elapsed time = 12.09 sec. (33271.69 ticks, tree = 54.18 MB, solutions = 1)
   6653  4580   126101.9167   184   105538.0000   127170.2504   297495   20.50%
   6845  4741        cutoff         105538.0000   127146.4751   306429   20.47%
   7044  4896   124188.8821   246   105538.0000   127132.5000   314555   20.46%
   7232  5040   123665.4491   240   105538.0000   127111.1882   323632   20.44%
   7409  5174   122090.8394   222   105538.0000   127075.0750   332527   20.41%
   7578  5301   121639.8216   198   105538.0000   127058.3357   343257   20.39%
   7798  5484   124651.1324   181   105538.0000   127000.8846   352602   20.34%
   8011  5652   116815.4694   112   105538.0000   126982.1024   362399   20.32%
   8212  5798   106728.5204   146   105538.0000   126959.6774   371319   20.30%
   8386  5940   120025.9528   188   105538.0000   126932.0199   380969   20.27%
Elapsed time = 15.58 sec. (42903.40 ticks, tree = 69.32 MB, solutions = 1)
   8578  6086   125379.4615   178   105538.0000   126893.1266   389592   20.23%
   8794  6259   125774.1236   189   105538.0000   126870.8528   398619   20.21%
   8977  6413   110387.7473   170   105538.0000   126864.4498   408923   20.21%
   9156  6559   111370.6052   288   105538.0000   126820.7007   417587   20.17%
   9314  6684   115621.4659   175   105538.0000   126810.2267   426126   20.16%
   9535  6862   125097.4318   192   105538.0000   126791.9877   434188   20.14%
   9751  7033   125135.2494   182   105538.0000   126743.0680   443021   20.09%
   9961  7209   124702.5075   178   105538.0000   126724.7071   451182   20.07%
  10124  7346   112944.4176   172   105538.0000   126718.1154   460016   20.07%
  10358  7532    infeasible         105538.0000   126684.2176   469850   20.04%
Elapsed time = 19.00 sec. (52570.36 ticks, tree = 89.80 MB, solutions = 1)
  10560  7694   111109.2748   221   105538.0000   126669.4625   480518   20.02%
  10752  7845   121297.6737   194   105538.0000   126636.7107   491279   19.99%
  10976  8027   117469.8349   194   105538.0000   126610.6829   502784   19.97%
  11198  8208    infeasible         105538.0000   126586.3063   512157   19.94%
* 11200+ 7889                       109033.0000   126581.0923            16.09%
* 11200+ 7884                       109127.0000   126581.0923            15.99%
  11200  7884    infeasible         109127.0000   126579.5261   512322   15.99%
  11427  8074   125690.2271   264   109127.0000   126570.3663   522107   15.98%
  11636  8239   124471.1250   221   109127.0000   126543.6086   531573   15.96%
  11824  8387   119584.8002   146   109127.0000   126534.5000   540939   15.95%
  12003  8520   124477.1126   327   109127.0000   126516.2907   549191   15.93%
  12185  8673    infeasible         109127.0000   126512.4820   558809   15.93%
Elapsed time = 26.03 sec. (64672.36 ticks, tree = 102.41 MB, solutions = 3)
  12449  8885   123868.8317   223   109127.0000   126506.8681   567330   15.93%
  12669  9057   123857.1311   244   109127.0000   126498.9068   576783   15.92%
  12873  9221   118851.0666   177   109127.0000   126489.8895   585294   15.91%
  13048  9369   124505.1881   162   109127.0000   126486.3538   593634   15.91%
  13270  9560   117564.7486   154   109127.0000   126474.4224   602347   15.90%
  13472  9722   124880.7460   232   109127.0000   126459.1429   610974   15.88%
  13629  9830   117762.4693   187   109127.0000   126445.0357   619871   15.87%
  13798  9956   116391.5345   192   109127.0000   126427.2500   628628   15.85%
  13974 10078   121370.6667   204   109127.0000   126406.9986   637628   15.83%
  14187 10246   125611.2500   226   109127.0000   126387.2563   646950   15.82%
Elapsed time = 29.50 sec. (74300.43 ticks, tree = 120.45 MB, solutions = 3)
  14411 10420   123532.5651   198   109127.0000   126375.6667   657175   15.81%
  14618 10574   123443.1592   176   109127.0000   126356.6052   666742   15.79%
  14848 10741   122742.2143   177   109127.0000   126335.3845   676303   15.77%
  15065 10919   119816.9698   233   109127.0000   126325.2532   685763   15.76%
  15277 11090   117323.1878   161   109127.0000   126304.1979   696000   15.74%
  15490 11256    infeasible         109127.0000   126295.9969   705641   15.73%
  15642 11369    infeasible         109127.0000   126282.5409   715104   15.72%
  15802 11481   124870.1250   170   109127.0000   126264.9198   725156   15.70%
  16022 11666   123937.7323   196   109127.0000   126256.1979   735127   15.70%
  16245 11840   122900.8354   225   109127.0000   126246.6449   745192   15.69%
Elapsed time = 33.15 sec. (83901.62 ticks, tree = 139.42 MB, solutions = 3)
  16411 11965   122846.4385   315   109127.0000   126221.0980   755692   15.66%
  16642 12150   119792.7338   170   109127.0000   126207.6394   766101   15.65%
  16806 12266   118681.3319   241   109127.0000   126181.1828   776244   15.63%
  16988 12407   121012.9584   178   109127.0000   126162.5304   786096   15.61%
  17136 12507   124736.1591   205   109127.0000   126157.5961   795384   15.61%
  17327 12661   124037.5862   242   109127.0000   126147.0000   805088   15.60%
  17458 12763   114628.3979   216   109127.0000   126131.2506   814222   15.58%
  17611 12870   124585.1302   248   109127.0000   126123.7695   822738   15.58%
  17826 13040   118013.5015   175   109127.0000   126115.3765   831284   15.57%
  18640 13645   125077.0864   305   109127.0000   126057.8871   866207   15.51%
Elapsed time = 37.77 sec. (96415.17 ticks, tree = 156.89 MB, solutions = 3)
  19486 14331   119542.2526   189   109127.0000   126009.6055   902151   15.47%
  20315 14977   117904.2625   166   109127.0000   125947.1451   940953   15.41%
  21095 15579   118725.6062   186   109127.0000   125883.5205   980500   15.36%

Performing restart 2

Repeating presolve.
Tried aggregator 1 time.
MIP Presolve modified 448 coefficients.
Reduced MIP has 1708 rows, 912 columns, and 9424 nonzeros.
Reduced MIP has 664 binaries, 248 generals, 0 SOSs, and 0 indicators.
Presolve time = 0.00 sec. (6.57 ticks)
Tried aggregator 1 time.
Reduced MIP has 1708 rows, 912 columns, and 9424 nonzeros.
Reduced MIP has 664 binaries, 248 generals, 0 SOSs, and 0 indicators.
Presolve time = 0.00 sec. (5.91 ticks)
Represolve time = 0.03 sec. (37.65 ticks)
  21602     0   129191.4211   281   109127.0000      Cuts: 82  1007878   15.32%
  21602     0   128933.2500   190   109127.0000      Cuts: 85  1007979   15.32%
  21602     0   128846.1451   323   109127.0000      Cuts: 65  1008146   15.32%
  21602     0   128783.6392   308   109127.0000      Cuts: 56  1008321   15.32%
  21602     0   128720.5552   328   109127.0000      Cuts: 76  1008458   15.32%
  21602     0   128645.9047   319   109127.0000      Cuts: 46  1008561   15.32%
  21602     0   128616.4228   318   109127.0000      Cuts: 82  1008646   15.32%
  21602     0   128561.0856   312   109127.0000      Cuts: 61  1008751   15.32%
  21602     0   128390.0624   312   109127.0000     Cuts: 126  1008906   15.32%
  21602     2   128390.0624   304   109127.0000   125845.7579  1008906   15.32%
  21651    39   125952.3968   274   109127.0000   125845.7579  1015707   15.32%
  21712    91   123801.2818   168   109127.0000   125845.7579  1026178   15.32%
  21799   160   124953.8175   129   109127.0000   125845.7579  1035717   15.32%
  22042   365   121275.6904   212   109127.0000   125845.7579  1052428   15.32%
  22480   726   125631.7989   290   109127.0000   125845.7579  1096985   15.32%
  22832  1016   121458.3391   166   109127.0000   125845.7579  1132612   15.32%
Elapsed time = 51.52 sec. (134995.58 ticks, tree = 0.89 MB, solutions = 3)
  23385  1444   125747.8760   223   109127.0000   125845.7579  1186157   15.32%
  23965  1865   122651.4260   146   109127.0000   125845.7579  1245795   15.32%
  24608  2356   116719.1014   135   109127.0000   125845.7579  1307229   15.32%
  25131  2752   119599.8581   133   109127.0000   125845.7579  1354083   15.32%
  25638  3130   114417.7917   196   109127.0000   125845.7579  1402033   15.32%
  26362  3704   111999.8904   106   109127.0000   125845.7579  1461761   15.32%
  27027  4234   124137.2052   273   109127.0000   125845.7579  1520080   15.32%
  27704  4776   121185.8136   255   109127.0000   125845.7579  1581130   15.32%
  28302  5235   121856.5539   252   109127.0000   125785.0943  1642317   15.26%
  28902  5733   121912.9965   101   109127.0000   125727.2686  1691543   15.21%
Elapsed time = 65.91 sec. (173531.67 ticks, tree = 4.53 MB, solutions = 3)

GUB cover cuts applied:  1
Clique cuts applied:  11
Cover cuts applied:  56
Implied bound cuts applied:  29
Flow cuts applied:  17
Mixed integer rounding cuts applied:  312
Zero-half cuts applied:  96
Gomory fractional cuts applied:  16

Root node processing (before b&c):
  Real time             =    0.13 sec. (278.06 ticks)
Sequential b&c:
  Real time             =   66.87 sec. (176065.39 ticks)
                          ------------
Total (root+branch&cut) =   67.00 sec. (176343.45 ticks)
[CPLEX] Status: time limit exceeded
[CPLEX] OPTIMAL OBJ: 109127.0
[CPLEX] Runtime: 67.006 sec
Vehicle 0: d → 22 → 27 → 3 → 10 → 7 → 17 → 8 → 21 → 14 → 9 → 28 → 4 → 19 → 26 → 13 → 25 → 29 → 15 → 6 → 12 → 20 → 18 → 16 → d, (requests = [0, 1, 2, 3, 4, 8, 9, 10, 13, 17])
Vehicle 1: d → 16 → 30 → 20 → 12 → 6 → 0 → 15 → 29 → 25 → 13 → 26 → 19 → 4 → 24 → 9 → 14 → 21 → 8 → 17 → 7 → 27 → d, (requests = [5, 6, 7, 11, 12, 16])
Vehicle 2: d → 2 → 22 → 27 → 7 → 17 → 21 → 14 → 9 → 24 → 4 → 19 → 26 → 13 → 25 → 15 → 11 → 0 → 6 → 12 → d, (requests = [14, 15, 18, 19])
Vehicle 3: d, (requests = [])
======== PPDSP OBJECTIVE ========
Profit    = 136348
Cost      = 27221
Objective = 109127
=================================
===== RAW XY MODEL =====
107 148 205 242 278 317 328 405 442 458 487 544 553 593 635 659 687 732 830 846 868 901 944 1015 1040 1177 1217 1276 1298 1327 1415 1467 1494 1534 1567 1576 1637 1677 1705 1802 1838 1876 1920 1978 2005 2033 2203 2283 2344 2401 2438 2509 2549 2612 2638 2654 2688 2762 2831 2883 2928 2969 3012 3042 3068 3191 2049 2051 2053 2055 2183 2186 2188 2190 2191 2193 2195 3296 3299 3301 3306 3309 3311 3313 4423 4427
  [Time Manager] Step 19 consumed 67.01s. Total Consumed: 840.42s.
  [Info] Saved 4428 core assumption literals to p1_A-n32-k5_r20v4k2.lp.asm

[20/60] Building & Solving: R=21, V=4, K=2
Default row names c1, c2 ... being created.
  [Info] Generating MIP Formulation...
  [Time Manager] Global Remaining Budget: 2759.58s | Future Weight Sum: 41.0
  [Time Manager] Recalibrated Budget for this step: 67.31s
[CPLEX] Setting time limit to 67 seconds
[CPLEX] Reading assumption from p1_A-n32-k5_r20v4k2.lp.asm ...
[CPLEX] Applying MIP Start with 4176 variables.
Version identifier: 22.1.1.0 | 2022-11-28 | 9160aff4d
CPXPARAM_Read_DataCheck                          1
CPXPARAM_Threads                                 1
CPXPARAM_TimeLimit                               67
1 of 1 MIP starts provided solutions.
MIP start 'm1' defined initial solution with objective 109127.0000.
Tried aggregator 1 time.
MIP Presolve eliminated 60 rows and 3516 columns.
MIP Presolve modified 1752 coefficients.
Reduced MIP has 1725 rows, 916 columns, and 7348 nonzeros.
Reduced MIP has 668 binaries, 248 generals, 0 SOSs, and 0 indicators.
Presolve time = 0.00 sec. (4.92 ticks)
Probing time = 0.00 sec. (1.49 ticks)
Tried aggregator 1 time.
Detecting symmetries...
Reduced MIP has 1725 rows, 916 columns, and 7348 nonzeros.
Reduced MIP has 668 binaries, 248 generals, 0 SOSs, and 0 indicators.
Presolve time = 0.00 sec. (4.71 ticks)
Probing time = 0.00 sec. (1.54 ticks)
Clique table members: 389.
MIP emphasis: balance optimality and feasibility.
MIP search method: dynamic search.
Parallel mode: none, using 1 thread.
Root relaxation solution time = 0.00 sec. (9.98 ticks)

        Nodes                                         Cuts/
   Node  Left     Objective  IInf  Best Integer    Best Bound    ItCnt     Gap

*     0+    0                       109127.0000   562280.0000           415.25%
      0     0   134195.3817   130   109127.0000   134195.3817      392   22.97%
      0     0   133671.3855   225   109127.0000     Cuts: 188      583   22.49%
      0     0   133616.5000   164   109127.0000      Cuts: 88      621   22.44%
      0     0   133514.5378   165   109127.0000      Cuts: 35      699   22.35%
      0     0   133442.0000   160   109127.0000     Cuts: 111      822   22.28%
      0     0   133158.7848   315   109127.0000      Cuts: 45      937   22.02%
      0     0   133129.0410   303   109127.0000      Cuts: 66      995   21.99%
      0     0   133071.5586   287   109127.0000      Cuts: 33     1058   21.94%
      0     0   133034.6653   280   109127.0000      Cuts: 37     1135   21.91%
      0     0   133021.3116   341   109127.0000      Cuts: 49     1163   21.90%
      0     0   132992.0994   286   109127.0000      Cuts: 47     1182   21.87%
      0     0   132988.7514   303   109127.0000      Cuts: 35     1207   21.87%
      0     0   132980.1240   307   109127.0000      Cuts: 24     1234   21.86%
      0     2   132980.1240   307   109127.0000   132979.0050     1234   21.86%
Elapsed time = 0.17 sec. (340.61 ticks, tree = 0.01 MB, solutions = 1)
     50    49   131251.8066    99   109127.0000   132873.9207     4969   21.76%
    136   122   131192.3600   234   109127.0000   132750.2783     9266   21.65%
    241   205   132354.3447   189   109127.0000   132678.4834    13731   21.58%
    371   307    infeasible         109127.0000   132642.0040    18392   21.55%
    489   404   126832.7833   149   109127.0000   132559.8161    22983   21.47%

Performing restart 1

Repeating presolve.
Tried aggregator 1 time.
MIP Presolve modified 48 coefficients.
Reduced MIP has 1725 rows, 916 columns, and 7348 nonzeros.
Reduced MIP has 668 binaries, 248 generals, 0 SOSs, and 0 indicators.
Presolve time = 0.00 sec. (3.96 ticks)
Tried aggregator 1 time.
Reduced MIP has 1725 rows, 916 columns, and 7348 nonzeros.
Reduced MIP has 668 binaries, 248 generals, 0 SOSs, and 0 indicators.
Presolve time = 0.00 sec. (4.89 ticks)
Represolve time = 0.01 sec. (14.45 ticks)
    490     0   132885.0740   181   109127.0000      Cuts: 90    23945   21.47%
    490     0   132795.1587   307   109127.0000      Cuts: 65    24151   21.47%
    490     0   132770.1334   316   109127.0000      Cuts: 70    24220   21.47%
    490     0   132653.0000   155   109127.0000      Cuts: 51    24276   21.47%
    490     0   132632.6471   213   109127.0000      Cuts: 53    24331   21.47%
    490     0   132576.9861   253   109127.0000      Cuts: 54    24396   21.47%
    490     0   132544.6250   259   109127.0000      Cuts: 49    24461   21.46%
    490     0   132507.5885   380   109127.0000      Cuts: 58    24547   21.43%
    490     0   132456.9151   311   109127.0000     Cuts: 137    24619   21.38%
    490     0   132263.8462   254   109127.0000      Cuts: 83    24729   21.20%
    490     0   132233.2500   302   109127.0000      Cuts: 75    24795   21.17%
    490     0   132198.5517   376   109127.0000      Cuts: 44    24836   21.14%
    490     0   132190.1000   304   109127.0000      Cuts: 65    24889   21.13%
    490     0   132189.8889   307   109127.0000      Cuts: 74    24904   21.13%
    490     0   132187.7500   318   109127.0000      Cuts: 27    24918   21.13%
    490     0   132178.5000   285   109127.0000     Cuts: 123    24992   21.12%
    490     0   132087.5833   212   109127.0000      Cuts: 96    25094   21.04%
    490     0   132054.4000   304   109127.0000     Cuts: 136    25191   21.01%
    490     0   132037.1000   212   109127.0000      Cuts: 94    25230   20.99%
    490     0   131980.6208   257   109127.0000      Cuts: 62    25290   20.94%
    490     0   131978.6527   331   109127.0000     Cuts: 133    25357   20.94%
    490     0   131957.7857   234   109127.0000      Cuts: 45    25441   20.92%
    490     0   131859.4583   307   109127.0000     Cuts: 119    25585   20.83%
    490     0   131786.6667   225   109127.0000     Cuts: 142    25648   20.76%
    490     0   131762.3214   314   109127.0000      Cuts: 59    25728   20.74%
    490     0   131726.9437   233   109127.0000      Cuts: 65    25798   20.71%
    490     0   131691.6250   225   109127.0000     Cuts: 106    25876   20.68%
    490     0   131658.9375   228   109127.0000     Cuts: 148    25941   20.65%
    490     0   131658.9375   240   109127.0000      Cuts: 88    25970   20.65%
    490     2   131658.9375   225   109127.0000   131656.0000    25970   20.64%
    491     3   131605.3286   322   109127.0000   131605.2578    26164   20.60%
    494     6   130620.2139   258   109127.0000   131605.2578    27060   20.60%
    497     9   129578.8817   239   109127.0000   131605.2578    28334   20.60%
    524    34   122317.7468   215   109127.0000   131605.2578    33455   20.60%
Elapsed time = 2.38 sec. (5643.47 ticks, tree = 0.03 MB, solutions = 1)
    612   108   126451.5586   188   109127.0000   131511.8750    40309   20.51%
    715   195   131405.0952   203   109127.0000   131430.7513    51101   20.44%
    858   318   130830.7917   212   109127.0000   131398.1653    62735   20.41%
    954   386    infeasible         109127.0000   131339.4250    70853   20.35%
   1068   468   125881.3452   207   109127.0000   131322.8177    78552   20.34%
   1191   560   130711.6371   211   109127.0000   131265.1437    87268   20.29%
   1325   661    infeasible         109127.0000   131202.3277    98208   20.23%
   1450   753   120230.7570   220   109127.0000   131098.8596   107946   20.13%
   1559   822   130652.8212   200   109127.0000   130917.6517   116633   19.97%
   1669   906   129742.2256   239   109127.0000   130893.9563   125581   19.95%
Elapsed time = 5.98 sec. (15293.19 ticks, tree = 7.02 MB, solutions = 1)
   1830  1042   129284.0000   253   109127.0000   130850.8236   134383   19.91%
   1941  1129   129906.2727   225   109127.0000   130836.6211   141536   19.89%
   2088  1243   127712.9981   246   109127.0000   130810.8875   149510   19.87%
   2248  1373    infeasible         109127.0000   130791.6250   158271   19.85%
   2371  1474   128681.0718   190   109127.0000   130752.4571   165828   19.82%
   2498  1572   129039.7824   154   109127.0000   130725.0164   173675   19.79%
   2613  1651   121825.7317   209   109127.0000   130667.6250   182068   19.74%
   2737  1738   130172.6552   262   109127.0000   130635.2662   190326   19.71%
   2853  1818   128968.9951   260   109127.0000   130576.1667   198599   19.66%
   2960  1876   128959.6451   263   109127.0000   130532.4562   207058   19.62%
Elapsed time = 12.87 sec. (24986.20 ticks, tree = 18.02 MB, solutions = 1)
   3086  1974   127743.9508   334   109127.0000   130507.8478   215323   19.59%
   3213  2074   128960.2939   203   109127.0000   130494.8763   222571   19.58%
   3335  2168   123401.4165   198   109127.0000   130445.2262   231650   19.54%
   3459  2254   128879.5455   252   109127.0000   130385.0000   240076   19.48%
   3587  2357   121406.0118   185   109127.0000   130368.2262   249033   19.46%
   3706  2441   129703.7381   280   109127.0000   130333.8807   257049   19.43%
   3837  2542   113140.5738   199   109127.0000   130318.4382   266824   19.42%
   3971  2645   125745.8550   159   109127.0000   130301.5000   278817   19.40%
   4092  2714   126150.4508    98   109127.0000   130264.0000   291307   19.37%
   4258  2848   117230.3557   109   109127.0000   130256.7414   303926   19.36%
Elapsed time = 16.51 sec. (34592.30 ticks, tree = 25.12 MB, solutions = 1)
   4395  2951   128213.6223   211   109127.0000   130240.0694   315756   19.35%
   4524  3053   125777.4955   162   109127.0000   130220.7236   327799   19.33%
   4660  3164   128535.9921   288   109127.0000   130201.1250   340475   19.31%
   4773  3259   129593.1178   319   109127.0000   130193.7500   353894   19.30%
   4908  3367   127019.5738   161   109127.0000   130170.8642   365781   19.28%
   5032  3458   127776.1515   222   109127.0000   130155.6414   376337   19.27%
   5180  3586   118696.9072   216   109127.0000   130141.5917   385192   19.26%
   5342  3711   128008.8790   353   109127.0000   130105.2929   393331   19.22%
   5465  3804    infeasible         109127.0000   130072.3750   401657   19.19%
   5600  3908   126783.1760   332   109127.0000   130061.5349   409586   19.18%
Elapsed time = 19.97 sec. (44302.24 ticks, tree = 29.68 MB, solutions = 1)
   5735  4012   127447.1072   309   109127.0000   130045.0000   417548   19.17%
   5923  4169   129504.5779   192   109127.0000   130036.7505   425844   19.16%
   6095  4314   114204.1972   196   109127.0000   130026.3643   434552   19.15%
   6236  4419   126786.8014   213   109127.0000   129998.9481   444159   19.13%
   6398  4558  -1.00000e+75   143   109127.0000   129992.3889   452430   19.12%
   6570  4697   127298.6301   220   109127.0000   129980.7500   460973   19.11%
   6733  4823   124409.8125   230   109127.0000   129967.5761   468087   19.10%
   6895  4952   115607.8392   139   109127.0000   129955.0202   476727   19.09%
   7070  5085    infeasible         109127.0000   129933.1875   485182   19.07%
   7203  5204   118979.2135   310   109127.0000   129920.7500   492657   19.05%
Elapsed time = 23.59 sec. (53933.95 ticks, tree = 44.12 MB, solutions = 1)
   7354  5322   128370.6663   245   109127.0000   129889.2894   501036   19.03%
   7499  5429   127406.2337   201   109127.0000   129869.0000   508532   19.01%
   7655  5555   128047.8722   192   109127.0000   129851.8281   517100   18.99%
   7789  5634   126654.8478   324   109127.0000   129820.0461   524765   18.96%
   7940  5750   127316.8159   178   109127.0000   129807.0275   533985   18.95%
   8054  5835   125755.9583   275   109127.0000   129797.9941   541351   18.94%
   8183  5931   118265.8914   262   109127.0000   129789.6568   549862   18.93%
   8324  6042   125567.4510   173   109127.0000   129771.5833   557732   18.92%
   8488  6167   128091.1359   299   109127.0000   129750.9091   565929   18.90%
   8660  6311   127336.4070   336   109127.0000   129744.6701   573115   18.89%
Elapsed time = 27.17 sec. (63672.13 ticks, tree = 58.08 MB, solutions = 1)
   8822  6441   128635.0085   313   109127.0000   129731.5162   581671   18.88%
   8965  6561   126423.0227   269   109127.0000   129712.4211   590319   18.86%
   9147  6713   127520.4955   228   109127.0000   129704.9583   599073   18.86%
   9304  6828   125369.7133   285   109127.0000   129685.4762   608544   18.84%
   9472  6966   125587.2224   306   109127.0000   129679.2849   617179   18.83%
   9668  7127    infeasible         109127.0000   129672.9857   626241   18.83%
   9840  7266   128100.7931   199   109127.0000   129659.7486   635414   18.82%
   9995  7387   125165.1087   298   109127.0000   129632.1062   644588   18.79%
  10176  7523   125211.1180   193   109127.0000   129619.5556   653952   18.78%
* 10291+ 7500                       111754.0000   129612.1739            15.98%
* 10291+ 7493                       111927.0000   129612.1739            15.80%
* 10291+ 7448                       112896.0000   129612.1739            14.81%
* 10291+ 7443                       112986.0000   129612.1739            14.72%
  10291  7445   128741.0127   201   112986.0000   129612.1605   661532   14.72%
Elapsed time = 31.13 sec. (74134.45 ticks, tree = 74.64 MB, solutions = 5)
  10292  7446   129223.2896   205   112986.0000   129610.9453   661732   14.71%
  10451  7576   126032.6509   222   112986.0000   129597.7053   671579   14.70%
  10633  7722   129403.4437   131   112986.0000   129586.9474   679639   14.69%
  10758  7823   129143.3777   231   112986.0000   129562.3610   688107   14.67%
  10901  7927   121029.7979   107   112986.0000   129558.7385   697661   14.67%
  11060  8050   125707.8215   285   112986.0000   129552.4348   706141   14.66%
  11243  8203   121242.8853   314   112986.0000   129532.6654   714060   14.64%
  11427  8357   121521.6808   230   112986.0000   129518.6883   723007   14.63%
  11603  8491    infeasible         112986.0000   129508.5833   731767   14.62%
  11760  8614   128418.5000   237   112986.0000   129498.5000   739415   14.61%
Elapsed time = 36.85 sec. (89475.11 ticks, tree = 87.95 MB, solutions = 5)
  11907  8726   125977.5293   214   112986.0000   129486.3911   747908   14.60%
  12074  8853   128413.5248   241   112986.0000   129463.7876   755977   14.58%
  12227  8963   127382.6200   181   112986.0000   129454.7160   764889   14.58%
  12390  9075    infeasible         112986.0000   129441.7387   773148   14.56%
  12520  9164   122994.2579   151   112986.0000   129428.2500   781024   14.55%
  12734  9342   121037.5714   160   112986.0000   129411.5000   789152   14.54%
  12897  9446   127185.4435   335   112986.0000   129386.2167   797628   14.52%
  13064  9568   125747.1900   262   112986.0000   129377.0000   806572   14.51%
  13234  9681   113973.4207   242   112986.0000   129366.5000   816649   14.50%
  13821 10120   118143.8481   199   112986.0000   129330.1418   852022   14.47%
Elapsed time = 41.43 sec. (101900.57 ticks, tree = 102.12 MB, solutions = 5)
  14529 10651   128520.6000   167   112986.0000   129294.5398   889813   14.43%
  15171 11140   128053.9817   205   112986.0000   129265.0556   926359   14.41%
  15917 11724   123559.1832   209   112986.0000   129215.2500   965532   14.36%
  16531 12173   123925.5724   188   112986.0000   129188.4559  1000983   14.34%
  17149 12630   128113.9855   229   112986.0000   129149.5765  1035171   14.31%
  17715 13060   118798.6952   178   112986.0000   129121.5000  1068615   14.28%
  18413 13611   120637.9510   181   112986.0000   129082.1029  1103199   14.25%
  19126 14133   117832.3910   102   112986.0000   129051.0886  1138567   14.22%
  19777 14605        cutoff         112986.0000   129012.1667  1175371   14.18%

Performing restart 2

Repeating presolve.
Tried aggregator 1 time.
MIP Presolve modified 472 coefficients.
Reduced MIP has 1725 rows, 916 columns, and 9584 nonzeros.
Reduced MIP has 668 binaries, 248 generals, 0 SOSs, and 0 indicators.
Presolve time = 0.00 sec. (6.68 ticks)
Tried aggregator 1 time.
Reduced MIP has 1725 rows, 916 columns, and 9584 nonzeros.
Reduced MIP has 668 binaries, 248 generals, 0 SOSs, and 0 indicators.
Presolve time = 0.00 sec. (6.00 ticks)
Represolve time = 0.03 sec. (38.68 ticks)
  20312     0   131431.0625   219   112986.0000     Cuts: 109  1207722   14.17%
  20312     0   131400.2381   228   112986.0000      Cuts: 86  1207812   14.17%
  20312     0   131336.8571   217   112986.0000      Cuts: 71  1207852   14.17%
  20312     0   131320.2500   202   112986.0000      Cuts: 98  1207907   14.17%
  20312     0   131270.5000   220   112986.0000      Cuts: 58  1208007   14.17%
  20312     0   131231.5016   326   112986.0000      Cuts: 87  1208195   14.17%
  20312     0   131225.7999   339   112986.0000     Cuts: 150  1208257   14.17%
  20312     0   131221.7141   324   112986.0000      Cuts: 21  1208289   14.17%
  20312     0   131219.0804   342   112986.0000     Cuts: 102  1208352   14.17%
  20312     0   131162.8021   336   112986.0000      Cuts: 39  1208508   14.17%
  20312     2   131162.8021   336   112986.0000   128990.7333  1208508   14.17%
Elapsed time = 58.17 sec. (141610.99 ticks, tree = 0.01 MB, solutions = 5)
  20341    23   128703.9353   244   112986.0000   128990.7333  1215800   14.17%
  20390    60   119917.5218   143   112986.0000   128990.7333  1222592   14.17%
  20448   109   123203.4659   207   112986.0000   128990.7333  1228108   14.17%
  20526   175   117345.8111   169   112986.0000   128990.7333  1238066   14.17%
  20760   353   126991.5741   233   112986.0000   128990.7333  1260265   14.17%
  21171   684   128924.2584    94   112986.0000   128990.7333  1298604   14.17%

Clique cuts applied:  1
Cover cuts applied:  22
Implied bound cuts applied:  7
Flow cuts applied:  16
Mixed integer rounding cuts applied:  142
Zero-half cuts applied:  143
Multi commodity flow cuts applied:  1
Lift and project cuts applied:  13
Gomory fractional cuts applied:  11

Root node processing (before b&c):
  Real time             =    0.17 sec. (340.80 ticks)
Sequential b&c:
  Real time             =   66.83 sec. (167995.78 ticks)
                          ------------
Total (root+branch&cut) =   67.00 sec. (168336.58 ticks)
[CPLEX] Status: time limit exceeded
[CPLEX] OPTIMAL OBJ: 112986.0
[CPLEX] Runtime: 67.006 sec
Vehicle 0: d → 22 → 27 → 3 → 10 → 7 → 17 → 8 → 21 → 14 → 9 → 28 → 4 → 19 → 26 → 13 → 25 → 29 → 15 → 6 → 12 → 20 → 18 → 16 → d, (requests = [0, 1, 2, 3, 4, 8, 9, 10, 13, 17])
Vehicle 1: d → 16 → 30 → 20 → 12 → 6 → 0 → 15 → 29 → 25 → 13 → 26 → 19 → 4 → 24 → 9 → 14 → 21 → 8 → 17 → 7 → 27 → 22 → 2 → 5 → d, (requests = [5, 6, 7, 11, 12, 16, 20])
Vehicle 2: d → 2 → 22 → 27 → 7 → 17 → 21 → 14 → 9 → 24 → 4 → 19 → 26 → 13 → 25 → 15 → 11 → 0 → 6 → 12 → d, (requests = [14, 15, 18, 19])
Vehicle 3: d, (requests = [])
======== PPDSP OBJECTIVE ========
Profit    = 140570
Cost      = 27584
Objective = 112986
=================================
===== RAW XY MODEL =====
107 148 205 242 278 317 328 405 442 458 487 544 553 593 635 659 687 732 830 846 868 901 944 1015 1040 1094 1177 1216 1217 1276 1298 1327 1415 1467 1494 1534 1567 1576 1637 1677 1705 1731 1802 1838 1876 1911 1978 2005 2033 2203 2283 2344 2401 2438 2509 2549 2612 2638 2654 2688 2762 2831 2883 2928 2969 3012 3042 3068 3191 2049 2051 2053 2055 2183 2186 2188 2190 2191 2193 2195 3296 3299 3301 3306 3309 3311 3313 4423 4427 4430
  [Time Manager] Step 20 consumed 67.01s. Total Consumed: 907.43s.
  [Info] Saved 4432 core assumption literals to p1_A-n32-k5_r21v4k2.lp.asm

[21/60] Building & Solving: R=22, V=4, K=2
Default row names c1, c2 ... being created.
  [Info] Generating MIP Formulation...
  [Time Manager] Global Remaining Budget: 2692.57s | Future Weight Sum: 40.0
  [Time Manager] Recalibrated Budget for this step: 67.31s
[CPLEX] Setting time limit to 67 seconds
[CPLEX] Reading assumption from p1_A-n32-k5_r21v4k2.lp.asm ...
[CPLEX] Applying MIP Start with 4180 variables.
Version identifier: 22.1.1.0 | 2022-11-28 | 9160aff4d
CPXPARAM_Read_DataCheck                          1
CPXPARAM_Threads                                 1
CPXPARAM_TimeLimit                               67
1 of 1 MIP starts provided solutions.
MIP start 'm1' defined initial solution with objective 112986.0000.
Tried aggregator 1 time.
MIP Presolve eliminated 56 rows and 3516 columns.
MIP Presolve modified 1760 coefficients.
Reduced MIP has 1742 rows, 920 columns, and 7460 nonzeros.
Reduced MIP has 672 binaries, 248 generals, 0 SOSs, and 0 indicators.
Presolve time = 0.00 sec. (4.97 ticks)
Probing time = 0.00 sec. (1.51 ticks)
Tried aggregator 1 time.
Detecting symmetries...
Reduced MIP has 1742 rows, 920 columns, and 7460 nonzeros.
Reduced MIP has 672 binaries, 248 generals, 0 SOSs, and 0 indicators.
Presolve time = 0.00 sec. (4.78 ticks)
Probing time = 0.00 sec. (1.56 ticks)
Clique table members: 390.
MIP emphasis: balance optimality and feasibility.
MIP search method: dynamic search.
Parallel mode: none, using 1 thread.
Root relaxation solution time = 0.00 sec. (8.82 ticks)

        Nodes                                         Cuts/
   Node  Left     Objective  IInf  Best Integer    Best Bound    ItCnt     Gap

*     0+    0                       112986.0000   584384.0000           417.22%
      0     0   139709.6384   124   112986.0000   139709.6384      371   23.65%
      0     0   139366.5714   167   112986.0000     Cuts: 190      479   23.35%
      0     0   139105.4062   185   112986.0000      Cuts: 48      571   23.12%
      0     0   139072.7500   180   112986.0000      Cuts: 78      586   23.09%
      0     0   138835.8447   269   112986.0000  ZeroHalf: 57      735   22.88%
      0     0   138734.9286   174   112986.0000     Cuts: 166      821   22.79%
      0     0   138585.1429   183   112986.0000      Cuts: 31      891   22.66%
      0     0   138577.4643   192   112986.0000      Cuts: 66      919   22.65%
      0     0   138525.5846   265   112986.0000      Cuts: 18     1007   22.60%
      0     0   138525.5846   277   112986.0000      Cuts: 31     1034   22.60%
      0     2   138525.5846   273   112986.0000   138525.3958     1034   22.60%
Elapsed time = 0.14 sec. (323.05 ticks, tree = 0.01 MB, solutions = 1)
     60    50   134612.4979   102   112986.0000   138414.8611     5384   22.51%
    180   135   134907.4574   114   112986.0000   138378.8724     9943   22.47%
    294   208   138173.2731   251   112986.0000   138279.2202    14873   22.39%
    348   250   137064.8568   219   112986.0000   138239.1778    19082   22.35%
    449   322   137739.1942   220   112986.0000   138155.0762    23688   22.28%
    557   407   136432.3859   223   112986.0000   138113.4276    28525   22.24%
    691   515   136933.0778   185   112986.0000   138079.1240    33543   22.21%
    787   575   137683.8381   110   112986.0000   138042.6448    37483   22.18%
    904   670   136821.0111   168   112986.0000   138021.0553    42186   22.16%

Performing restart 1

Repeating presolve.
Tried aggregator 1 time.
MIP Presolve modified 48 coefficients.
Reduced MIP has 1742 rows, 920 columns, and 7460 nonzeros.
Reduced MIP has 672 binaries, 248 generals, 0 SOSs, and 0 indicators.
Presolve time = 0.00 sec. (4.01 ticks)
Tried aggregator 1 time.
Reduced MIP has 1742 rows, 920 columns, and 7460 nonzeros.
Reduced MIP has 672 binaries, 248 generals, 0 SOSs, and 0 indicators.
Presolve time = 0.00 sec. (4.95 ticks)
Represolve time = 0.01 sec. (14.05 ticks)
   1022     0   138493.7143   303   112986.0000      Cuts: 49    47517   22.15%
   1022     0   138426.0000   159   112986.0000      Cuts: 70    47580   22.15%
   1022     0   138426.0000   164   112986.0000      Cuts: 95    47597   22.15%
   1022     0   138426.0000   160   112986.0000      Cuts: 73    47610   22.15%
   1022     0   138426.0000   156   112986.0000      Cuts: 79    47616   22.15%
   1022     0   138422.4194   199   112986.0000      Cuts: 63    47641   22.15%
   1023     3   138401.2778   214   112986.0000   138009.1796    47674   22.15%
Elapsed time = 1.35 sec. (3500.12 ticks, tree = 0.01 MB, solutions = 1)
   1032    10   132161.2185   155   112986.0000   138009.1796    48871   22.15%
   1060    34   138378.1218   221   112986.0000   138009.1796    52206   22.15%
   1215   156   138144.0000   180   112986.0000   138009.1796    58159   22.15%
   1397   306   135789.8571   175   112986.0000   137964.6214    65544   22.11%
   1564   432   137204.7284   255   112986.0000   137830.2212    74131   21.99%
   1732   563   132801.0969   221   112986.0000   137437.4273    82995   21.64%
   1905   707   132371.1663   159   112986.0000   137269.7955    91034   21.49%
   2109   879   124159.7895   249   112986.0000   137151.6071    98981   21.39%
   2278  1014   136131.7260   263   112986.0000   137065.6158   108460   21.31%
   2461  1155   126478.2114   182   112986.0000   137004.9383   118579   21.26%
Elapsed time = 4.84 sec. (13159.04 ticks, tree = 12.31 MB, solutions = 1)
   2678  1330   133244.0782   255   112986.0000   136877.0635   127552   21.15%
   2918  1547   136695.0143   208   112986.0000   136819.2727   136476   21.09%
   3030  1615   134795.9774   213   112986.0000   136712.0000   145689   21.00%
   3230  1767   130214.5714   260   112986.0000   136654.5351   154943   20.95%
   3461  1956   128394.0927   215   112986.0000   136597.7857   164385   20.90%
   3637  2081   131651.6658   268   112986.0000   136569.0000   173421   20.87%
   3779  2185   133877.6667   173   112986.0000   136522.8199   181427   20.83%
   3960  2319   134807.8571   179   112986.0000   136451.6625   190639   20.77%
   4169  2486   132496.8346   218   112986.0000   136428.8701   199124   20.75%
   4325  2617   127345.4845   238   112986.0000   136409.7505   207959   20.73%
Elapsed time = 8.55 sec. (22777.23 ticks, tree = 29.41 MB, solutions = 1)
   4494  2751    infeasible         112986.0000   136353.0536   216275   20.68%
   4594  2831   121519.6667   213   112986.0000   136295.0811   223883   20.63%
   4751  2954   134676.3715   260   112986.0000   136232.0682   232832   20.57%
   4902  3073   130829.8459   106   112986.0000   136193.7568   241688   20.54%
   5069  3200   134490.5891   207   112986.0000   136149.4961   249675   20.50%
   5229  3315    infeasible         112986.0000   136117.1344   258448   20.47%
   5384  3449   134365.9422   218   112986.0000   136084.9689   266614   20.44%
   5545  3581   126245.0921   197   112986.0000   136048.4993   275262   20.41%
   5700  3701    infeasible         112986.0000   136021.1905   283961   20.39%
   5853  3819   120803.5680   258   112986.0000   135997.2143   293076   20.37%
Elapsed time = 14.51 sec. (32404.50 ticks, tree = 46.03 MB, solutions = 1)
   6006  3930   134296.8810   225   112986.0000   135954.6656   301796   20.33%
   6165  4044   125264.8659   212   112986.0000   135940.6060   311650   20.32%
   6358  4186   132293.6417   233   112986.0000   135900.1181   321116   20.28%
   6571  4367   127732.0898   178   112986.0000   135888.3245   329398   20.27%
   6765  4524   133392.2774   272   112986.0000   135874.4554   337912   20.26%
   6921  4649   132070.0968   171   112986.0000   135861.5666   346303   20.25%
   7066  4755   126126.6285   204   112986.0000   135834.6463   354602   20.22%
   7192  4850   130444.0000   235   112986.0000   135829.2345   362670   20.22%
   7396  5010   127721.4030   211   112986.0000   135801.1561   371432   20.19%
   7581  5159   134516.7790   215   112986.0000   135790.7271   380312   20.18%
Elapsed time = 18.32 sec. (42049.64 ticks, tree = 65.72 MB, solutions = 1)
   7710  5259   134309.1719   250   112986.0000   135779.6238   388913   20.17%
   7870  5389   127391.2605   134   112986.0000   135769.6756   397546   20.17%
   8016  5490   132146.7667   255   112986.0000   135729.1869   405448   20.13%
   8205  5639   134070.0400   325   112986.0000   135685.1600   413653   20.09%
   8382  5783   132559.3038   136   112986.0000   135653.1451   421585   20.06%
   8542  5903   130845.8711   174   112986.0000   135619.7143   430261   20.03%
   8691  6014   132976.6360   299   112986.0000   135604.7130   438305   20.02%
   8881  6164   123471.3571   149   112986.0000   135588.1667   447178   20.00%
   9085  6334   125580.0196   154   112986.0000   135568.9397   459017   19.99%
   9265  6480    infeasible         112986.0000   135518.1621   470540   19.94%
Elapsed time = 22.09 sec. (51645.03 ticks, tree = 80.05 MB, solutions = 1)
   9526  6701   130756.6390   215   112986.0000   135501.6000   478441   19.93%
   9710  6850   133188.6570   225   112986.0000   135488.2500   486547   19.92%
   9851  6951   133798.6443   368   112986.0000   135464.9643   495520   19.90%
  10009  7076   133135.4621   252   112986.0000   135449.6762   504208   19.88%
  10153  7189   127919.9677   172   112986.0000   135427.1325   513661   19.86%
  10308  7316   130461.5810   284   112986.0000   135410.0625   522579   19.85%
  10484  7452   134153.1450   265   112986.0000   135384.5748   530945   19.82%
  10667  7612   133062.6686   258   112986.0000   135379.0833   540359   19.82%
  10862  7781   128951.3871   243   112986.0000   135370.8333   549067   19.81%
  11036  7914   133426.6667   168   112986.0000   135362.9524   557764   19.81%
Elapsed time = 25.78 sec. (61240.79 ticks, tree = 102.49 MB, solutions = 1)
  11242  8101   131874.7041   243   112986.0000   135351.5667   566443   19.79%
  11244  8101   132960.7429   226   112986.0000   135342.6440   567076   19.79%
  11390  8210   120840.1934   126   112986.0000   135319.6250   575786   19.77%
  11567  8344   121496.8078   197   112986.0000   135288.7847   584150   19.74%
  11721  8463   130699.2562   197   112986.0000   135273.7120   593403   19.73%
  11919  8623   117588.7707   206   112986.0000   135257.0016   603176   19.71%
  12101  8761   132320.1502   240   112986.0000   135238.2500   612937   19.69%
  12234  8863   129483.5000   185   112986.0000   135222.4906   623047   19.68%
  12403  8996   134071.9657   201   112986.0000   135207.6515   633182   19.67%
  12566  9122   133687.5667   206   112986.0000   135195.5451   644009   19.66%
Elapsed time = 30.87 sec. (73862.97 ticks, tree = 118.33 MB, solutions = 1)
  12757  9264   129506.2143   172   112986.0000   135170.2193   653769   19.63%
  12931  9401   130530.8973   313   112986.0000   135153.9655   664223   19.62%
  13122  9547   123093.0503   166   112986.0000   135144.4167   674411   19.61%
  13284  9671   130441.5417   186   112986.0000   135130.8333   683236   19.60%
  13483  9827   114827.9279   195   112986.0000   135123.6594   692115   19.59%
  13628  9944   121059.1385   218   112986.0000   135113.9029   701160   19.58%
  13807 10083   123143.3146   164   112986.0000   135104.1692   711236   19.58%
  13958 10194   132322.0399   189   112986.0000   135095.1500   720036   19.57%
  14132 10329   128413.7075   268   112986.0000   135080.2403   730211   19.55%
  14272 10434   132928.4607   208   112986.0000   135070.7516   739060   19.55%
Elapsed time = 34.51 sec. (83505.28 ticks, tree = 134.83 MB, solutions = 1)
  14434 10562   132751.0000   176   112986.0000   135064.9135   748485   19.54%
  14547 10643   129498.2653   270   112986.0000   135058.5185   756251   19.54%
  14661 10725   122745.4333   166   112986.0000   135053.7500   764222   19.53%
  14837 10876   130207.7739    72   112986.0000   135051.0960   772324   19.53%
  14986 10985   132348.0214   236   112986.0000   135032.5560   781736   19.51%
  15108 11082   119366.4918   211   112986.0000   135017.0010   790158   19.50%
  15295 11225   127709.2210   173   112986.0000   135010.5646   798584   19.49%
  15431 11304    infeasible         112986.0000   134997.9966   808226   19.48%
  15561 11387   132539.8567   344   112986.0000   134987.8540   818176   19.47%
  16327 11994   129469.4286   182   112986.0000   134913.2310   858621   19.41%
Elapsed time = 39.26 sec. (95996.06 ticks, tree = 157.55 MB, solutions = 1)
  17028 12500   124735.6487   276   112986.0000   134828.5952   899363   19.33%
  17789 13087   120590.9500    97   112986.0000   134773.1942   941776   19.28%
  18484 13571   124606.7245    75   112986.0000   134723.2905   981593   19.24%
  19116 14032   132351.6043   290   112986.0000   134681.6423  1017162   19.20%
  19733 14527    infeasible         112986.0000   134633.4896  1054603   19.16%
  20344 14991   123149.9343   202   112986.0000   134585.2621  1089697   19.12%
  20984 15490   123998.5509   181   112986.0000   134536.8689  1123421   19.07%

Performing restart 2

Repeating presolve.
Tried aggregator 1 time.
MIP Presolve modified 496 coefficients.
Reduced MIP has 1742 rows, 920 columns, and 9788 nonzeros.
Reduced MIP has 672 binaries, 248 generals, 0 SOSs, and 0 indicators.
Presolve time = 0.00 sec. (6.81 ticks)
Tried aggregator 1 time.
Reduced MIP has 1742 rows, 920 columns, and 9788 nonzeros.
Reduced MIP has 672 binaries, 248 generals, 0 SOSs, and 0 indicators.
Presolve time = 0.00 sec. (6.11 ticks)
Represolve time = 0.02 sec. (25.21 ticks)
  21466     0   137596.5359   427   112986.0000     Cuts: 128  1146347   19.05%
  21466     0   137498.2193   416   112986.0000      Cuts: 81  1146472   19.05%
  21466     0   137468.2787   403   112986.0000      Cuts: 92  1146581   19.05%
  21466     0   137436.6461   316   112986.0000      Cuts: 99  1146790   19.05%
  21466     0   137384.8756   438   112986.0000      Cuts: 93  1146953   19.05%
  21466     0   137358.6758   450   112986.0000      Cuts: 82  1147181   19.05%
  21466     0   137341.7788   448   112986.0000      Cuts: 85  1147273   19.05%
  21466     0   137253.3333   338   112986.0000      Cuts: 79  1147405   19.05%
  21466     0   137156.5213   420   112986.0000      Cuts: 91  1147604   19.05%
  21466     0   137112.9067   286   112986.0000      Cuts: 50  1147739   19.05%
  21466     0   137110.5254   430   112986.0000     Cuts: 131  1147831   19.05%
  21466     0   137064.2500   163   112986.0000      Cuts: 20  1147899   19.05%
  21466     0   137064.2500   178   112986.0000      Cuts: 74  1147915   19.05%
  21466     2   137064.2500   174   112986.0000   134509.2658  1147915   19.05%
  21497    30   125753.8779   187   112986.0000   134509.2658  1153000   19.05%
  21573    79   121347.5696   140   112986.0000   134509.2658  1159222   19.05%
Elapsed time = 56.44 sec. (135321.00 ticks, tree = 0.80 MB, solutions = 1)
  21635   127   136167.9253   286   112986.0000   134509.2658  1163621   19.05%
  21779   250   125995.7226   188   112986.0000   134509.2658  1171212   19.05%
  22113   515   117797.1214   192   112986.0000   134509.2658  1188823   19.05%
  22554   860   129861.5284   297   112986.0000   134509.2658  1217736   19.05%
* 22966+ 1120                       117558.0000   134509.2658            14.42%
  23181  1297   122446.8278   177   117558.0000   134509.2658  1252061   14.42%
* 23566+ 1536                       118511.0000   134509.2658            13.50%
  23571  1538   134815.8889   244   118511.0000   134509.2658  1284573   13.50%
  24066  1920   132321.6618   199   118511.0000   134509.2658  1311493   13.50%

GUB cover cuts applied:  2
Clique cuts applied:  6
Cover cuts applied:  38
Implied bound cuts applied:  22
Flow cuts applied:  8
Mixed integer rounding cuts applied:  243
Zero-half cuts applied:  128
Lift and project cuts applied:  10
Gomory fractional cuts applied:  10

Root node processing (before b&c):
  Real time             =    0.14 sec. (323.20 ticks)
Sequential b&c:
  Real time             =   66.86 sec. (165477.72 ticks)
                          ------------
Total (root+branch&cut) =   67.00 sec. (165800.91 ticks)
[CPLEX] Status: time limit exceeded
[CPLEX] OPTIMAL OBJ: 118511.0
[CPLEX] Runtime: 67.005 sec
Vehicle 0: d → 22 → 27 → 3 → 10 → 7 → 17 → 8 → 21 → 14 → 9 → 28 → 4 → 19 → 26 → 13 → 25 → 29 → 15 → 6 → 12 → 20 → 18 → 16 → d, (requests = [0, 1, 2, 3, 4, 8, 9, 10, 13, 17])
Vehicle 1: d → 16 → 30 → 20 → 12 → 6 → 0 → 15 → 29 → 25 → 13 → 26 → 19 → 4 → 24 → 9 → 14 → 21 → 8 → 17 → 7 → 27 → 22 → 2 → 5 → d, (requests = [5, 6, 7, 11, 12, 16, 20])
Vehicle 2: d → 5 → 2 → 22 → 27 → 7 → 17 → 21 → 14 → 9 → 24 → 4 → 19 → 26 → 13 → 25 → 15 → 11 → 0 → 6 → 12 → d, (requests = [14, 15, 18, 19, 21])
Vehicle 3: d, (requests = [])
======== PPDSP OBJECTIVE ========
Profit    = 146096
Cost      = 27585
Objective = 118511
=================================
===== RAW XY MODEL =====
107 148 205 242 278 317 328 405 442 458 487 544 553 593 635 659 687 732 830 846 868 901 944 1015 1040 1094 1177 1216 1217 1276 1298 1327 1415 1467 1494 1534 1567 1576 1637 1677 1705 1731 1802 1838 1876 1911 1978 2005 2033 2203 2283 2344 2359 2401 2438 2509 2549 2612 2638 2654 2688 2762 2831 2883 2928 2969 3012 3042 3068 3194 2049 2051 2053 2055 2183 2186 2188 2190 2191 2193 2195 3296 3299 3301 3306 3309 3311 3313 4423 4427 4430 4435
  [Time Manager] Step 21 consumed 67.01s. Total Consumed: 974.43s.
  [Info] Saved 4436 core assumption literals to p1_A-n32-k5_r22v4k2.lp.asm

[22/60] Building & Solving: R=23, V=4, K=2
Default row names c1, c2 ... being created.
  [Info] Generating MIP Formulation...
  [Time Manager] Global Remaining Budget: 2625.57s | Future Weight Sum: 39.0
  [Time Manager] Recalibrated Budget for this step: 67.32s
[CPLEX] Setting time limit to 67 seconds
[CPLEX] Reading assumption from p1_A-n32-k5_r22v4k2.lp.asm ...
[CPLEX] Applying MIP Start with 4184 variables.
Version identifier: 22.1.1.0 | 2022-11-28 | 9160aff4d
CPXPARAM_Read_DataCheck                          1
CPXPARAM_Threads                                 1
CPXPARAM_TimeLimit                               67
1 of 1 MIP starts provided solutions.
MIP start 'm1' defined initial solution with objective 118511.0000.
Tried aggregator 1 time.
MIP Presolve eliminated 52 rows and 3516 columns.
MIP Presolve modified 1768 coefficients.
Reduced MIP has 1759 rows, 924 columns, and 7572 nonzeros.
Reduced MIP has 676 binaries, 248 generals, 0 SOSs, and 0 indicators.
Presolve time = 0.00 sec. (5.02 ticks)
Probing time = 0.00 sec. (1.54 ticks)
Tried aggregator 1 time.
Detecting symmetries...
Reduced MIP has 1759 rows, 924 columns, and 7572 nonzeros.
Reduced MIP has 676 binaries, 248 generals, 0 SOSs, and 0 indicators.
Presolve time = 0.00 sec. (4.84 ticks)
Probing time = 0.00 sec. (1.59 ticks)
Clique table members: 391.
MIP emphasis: balance optimality and feasibility.
MIP search method: dynamic search.
Parallel mode: none, using 1 thread.
Root relaxation solution time = 0.00 sec. (11.74 ticks)

        Nodes                                         Cuts/
   Node  Left     Objective  IInf  Best Integer    Best Bound    ItCnt     Gap

*     0+    0                       118511.0000   620460.0000           423.55%
      0     0   148720.1746   125   118511.0000   148720.1746      397   25.49%
      0     0   148384.7917   184   118511.0000     Cuts: 182      584   25.21%
      0     0   148121.9669   238   118511.0000      Cuts: 63      680   24.99%
      0     0   148085.2451   258   118511.0000     Cuts: 128      724   24.95%
      0     0   147922.4118   186   118511.0000      Cuts: 61      748   24.82%
      0     0   147822.5000   221   118511.0000      Cuts: 51      814   24.73%
      0     0   147543.2500   178   118511.0000     Cuts: 102      945   24.50%
      0     0   147531.0000   157   118511.0000      Cuts: 39      959   24.49%
      0     0   147531.0000   157   118511.0000   ZeroHalf: 3      962   24.49%
      0     0   147531.0000   156   118511.0000   ZeroHalf: 4      963   24.49%
      0     2   147531.0000   156   118511.0000   147531.0000      963   24.49%
Elapsed time = 0.11 sec. (263.87 ticks, tree = 0.01 MB, solutions = 1)
     48    40   146247.9147   213   118511.0000   147361.5423     4503   24.34%
    134   100   146094.4465   163   118511.0000   147208.0000     8918   24.21%
    241   189   146069.5069   134   118511.0000   147205.0317    13865   24.21%
    332   253   145909.7625   210   118511.0000   147171.0943    18399   24.18%
    424   315   146409.4703    82   118511.0000   147145.3680    22829   24.16%
    519   387   146397.8333   186   118511.0000   147084.3333    27139   24.11%

Performing restart 1

Repeating presolve.
Tried aggregator 1 time.
MIP Presolve modified 64 coefficients.
Reduced MIP has 1759 rows, 924 columns, and 7572 nonzeros.
Reduced MIP has 676 binaries, 248 generals, 0 SOSs, and 0 indicators.
Presolve time = 0.00 sec. (4.13 ticks)
Tried aggregator 1 time.
Reduced MIP has 1759 rows, 924 columns, and 7572 nonzeros.
Reduced MIP has 676 binaries, 248 generals, 0 SOSs, and 0 indicators.
Presolve time = 0.00 sec. (5.02 ticks)
Represolve time = 0.01 sec. (14.53 ticks)
    532     0   147489.3333   188   118511.0000       Cuts: 4    28497   24.11%
    532     0   147418.2940   325   118511.0000      Cuts: 47    28650   24.11%
    532     0   147256.5157   350   118511.0000     Cuts: 122    28781   24.11%
    532     0   147216.2066   399   118511.0000      Cuts: 65    29054   24.11%
    532     0   147160.7556   308   118511.0000     Cuts: 104    29284   24.11%
    532     0   147142.6912   425   118511.0000      Cuts: 74    29387   24.11%
    532     0   147141.5037   327   118511.0000     Cuts: 135    29416   24.11%
    532     0   147139.0648   323   118511.0000      Cuts: 36    29451   24.11%
    532     0   147137.1907   299   118511.0000      Cuts: 28    29489   24.11%
    532     0   147134.4098   395   118511.0000      Cuts: 39    29551   24.11%
    532     0   147131.7604   411   118511.0000     Cuts: 173    29583   24.11%
    532     2   147131.7604   411   118511.0000   147084.3333    29583   24.11%
    533     3   147099.1573   419   118511.0000   147084.3333    29718   24.11%
    535     5   147054.2103   305   118511.0000   147053.7938    30038   24.08%
    549    18   143161.2176   282   118511.0000   147053.6636    32636   24.08%
Elapsed time = 1.83 sec. (4973.46 ticks, tree = 0.06 MB, solutions = 1)
    591    48   137494.2784   257   118511.0000   146970.4677    41129   24.01%
    717   148   142074.5729   175   118511.0000   146827.6250    47249   23.89%
    810   216   143242.9500   219   118511.0000   146729.6667    54408   23.81%
    959   341   146406.3521   304   118511.0000   146648.0000    61520   23.74%
   1095   463   141650.8864   205   118511.0000   146424.0556    70447   23.55%
   1223   567    infeasible         118511.0000   146378.8597    79418   23.51%
   1373   691   145593.1364   364   118511.0000   146284.2500    87702   23.44%
   1531   819   129706.4168   221   118511.0000   146179.5094    96112   23.35%
   1689   956   139004.5832   305   118511.0000   145984.7567   104746   23.18%
   1816  1044   144110.4449   215   118511.0000   145864.1541   114068   23.08%
Elapsed time = 5.23 sec. (14624.25 ticks, tree = 10.97 MB, solutions = 1)
   2001  1198   144146.4993   321   118511.0000   145797.5485   123305   23.02%
   2107  1280   144052.2500   168   118511.0000   145762.4293   131654   22.99%
   2253  1402   139481.7740   253   118511.0000   145731.6751   140834   22.97%
   2382  1508   121281.4476   169   118511.0000   145726.1795   148860   22.96%
   2553  1647   142734.5182   240   118511.0000   145676.9490   158018   22.92%
   2711  1786   137172.9808   240   118511.0000   145625.5486   166900   22.88%
   2864  1924   143819.1221   250   118511.0000   145609.0143   174540   22.87%
   3027  2058   139867.6316   339   118511.0000   145533.1364   184278   22.80%
   3147  2147   142792.0000   205   118511.0000   145490.2083   192814   22.77%
   3286  2265   141030.2146   232   118511.0000   145472.3565   201094   22.75%
Elapsed time = 8.72 sec. (24442.25 ticks, tree = 29.30 MB, solutions = 1)
   3428  2375   143927.3532   251   118511.0000   145438.6919   209158   22.72%
   3566  2490   144358.8216   280   118511.0000   145418.8788   217080   22.70%
   3721  2618   144300.3443   203   118511.0000   145407.9894   226739   22.70%
   3872  2748   137589.3126   150   118511.0000   145393.5255   240973   22.68%
   4082  2907   143480.0625   191   118511.0000   145360.3696   250430   22.66%
   4230  3028   136348.6842   210   118511.0000   145355.1671   258972   22.65%
   4347  3113    infeasible         118511.0000   145312.4426   266701   22.62%
   4487  3216   141016.0598   205   118511.0000   145222.1375   276037   22.54%
   4631  3338   139029.9016   235   118511.0000   145169.6429   284888   22.49%
   4841  3510   144121.2500   170   118511.0000   145115.5353   293166   22.45%
Elapsed time = 14.45 sec. (34191.71 ticks, tree = 45.84 MB, solutions = 1)
   4964  3611   140007.3499   306   118511.0000   145101.3680   301790   22.44%
   5072  3695   141850.2581   195   118511.0000   145083.8638   309744   22.42%
   5227  3821   142384.9295   260   118511.0000   145074.3704   316669   22.41%
   5336  3908   141607.5000   211   118511.0000   145046.2594   325793   22.39%
   5473  4021   120025.5517   198   118511.0000   145032.3865   334860   22.38%
   5630  4147   142136.6395   312   118511.0000   145014.0490   343020   22.36%
   5757  4251   121310.3175   175   118511.0000   145013.3012   350833   22.36%
   5893  4364   136839.7514   252   118511.0000   145006.4919   358207   22.36%
   6010  4451   136737.3864   192   118511.0000   144978.6071   366406   22.33%
   6168  4576   143378.8854   352   118511.0000   144971.1473   375693   22.33%
Elapsed time = 17.82 sec. (43772.27 ticks, tree = 57.30 MB, solutions = 1)
   6332  4713   135926.2997   202   118511.0000   144945.0185   384576   22.31%
   6474  4825   141757.3500   328   118511.0000   144930.5333   393669   22.29%
   6611  4936   131618.3503   205   118511.0000   144901.0856   401694   22.27%
   6742  5030   140534.8333   262   118511.0000   144883.4444   410777   22.25%
   6846  5114   141887.7381   301   118511.0000   144866.7979   419614   22.24%
   7007  5245   143946.5000   275   118511.0000   144861.2024   428211   22.23%
   7130  5345   142285.0000   219   118511.0000   144840.9689   436592   22.22%
   7239  5427   139645.3500   319   118511.0000   144812.6111   445523   22.19%
   7351  5514   143965.0000   142   118511.0000   144799.9679   453808   22.18%
   7454  5597   142626.1667   196   118511.0000   144782.3481   462132   22.17%
Elapsed time = 21.27 sec. (53380.37 ticks, tree = 68.63 MB, solutions = 1)
   7563  5678   137019.5815   309   118511.0000   144763.1389   470596   22.15%
   7683  5767   136002.8898   197   118511.0000   144746.5806   478847   22.14%
   7804  5859   137177.3120   186   118511.0000   144740.6242   487495   22.13%
   7942  5963    infeasible         118511.0000   144718.1580   495497   22.11%
   8082  6067   140185.3977   241   118511.0000   144688.0900   504772   22.09%
   8238  6189   131188.4632   187   118511.0000   144676.9875   513439   22.08%
   8380  6295   140610.4626   159   118511.0000   144662.2934   523906   22.07%
   8518  6398   140548.5000   249   118511.0000   144649.1000   533703   22.06%
   8741  6584   138318.9000   199   118511.0000   144614.9960   543026   22.03%
   8912  6716   142367.2139   349   118511.0000   144588.7829   552075   22.00%
Elapsed time = 24.72 sec. (63014.69 ticks, tree = 85.06 MB, solutions = 1)
   9091  6854   140094.3635   248   118511.0000   144564.6829   561064   21.98%
   9228  6944   139197.2902   263   118511.0000   144539.9286   569502   21.96%
   9368  7055   140431.6585   210   118511.0000   144519.5000   579342   21.95%
   9517  7174        cutoff         118511.0000   144490.0381   587945   21.92%
   9664  7293   136711.1696   229   118511.0000   144471.3393   595856   21.91%
   9786  7386   136579.3453    83   118511.0000   144451.7644   604092   21.89%
   9934  7503   143511.2365   183   118511.0000   144446.8538   612459   21.88%
  10064  7606   136060.6931   235   118511.0000   144435.8315   620903   21.88%
  10244  7760   119206.8513   131   118511.0000   144421.3530   629846   21.86%
  10417  7902   130294.9300   239   118511.0000   144401.8922   639091   21.85%
Elapsed time = 28.19 sec. (72655.11 ticks, tree = 98.88 MB, solutions = 1)
  10545  7987   140849.0500   334   118511.0000   144380.9632   646865   21.83%
  10699  8111   140711.7951   313   118511.0000   144368.5000   654793   21.82%
  10865  8247   124553.0217   181   118511.0000   144355.3931   663686   21.81%
  11017  8363   138699.2863   249   118511.0000   144348.8046   671500   21.80%
* 11173+ 8407                       120614.0000   144340.5400            19.67%
* 11173+ 8397                       120901.0000   144340.5400            19.39%
* 11173+ 8391                       121001.0000   144340.5400            19.29%
* 11173+ 8385                       121112.0000   144340.5400            19.18%
* 11173+ 8380                       121158.0000   144340.5400            19.13%
  11173  8382   141365.8438   298   121158.0000   144339.8752   678452   19.13%
  11174  8383   142099.2857   265   121158.0000   144338.5371   678642   19.13%
  11347  8521   140246.9015   315   121158.0000   144329.0565   686979   19.12%
  11464  8600   141950.8889   213   121158.0000   144309.0962   695321   19.11%
  11603  8709   142530.9303   186   121158.0000   144287.5788   703840   19.09%
  11747  8828   139376.3582   229   121158.0000   144274.2891   712835   19.08%
Elapsed time = 34.15 sec. (88600.08 ticks, tree = 113.59 MB, solutions = 6)
  11892  8949   140393.1458   217   121158.0000   144267.1667   722007   19.07%
  12074  9106   144173.4750   306   121158.0000   144250.0100   731890   19.06%
  12185  9199   134816.3370   181   121158.0000   144246.6708   740262   19.06%
  12380  9363   142442.4446   292   121158.0000   144241.5000   749141   19.05%
  12533  9494   139955.5893   268   121158.0000   144228.7984   758558   19.04%
  12679  9596        cutoff         121158.0000   144221.9310   767876   19.04%
  12834  9724   133194.9782   186   121158.0000   144208.1964   777251   19.02%
  12996  9853   122060.7005   189   121158.0000   144197.9392   786955   19.02%
  13150  9969   139129.8974   257   121158.0000   144185.2549   796310   19.01%
  13779 10484   123280.2427   192   121158.0000   144153.2292   835556   18.98%
Elapsed time = 38.66 sec. (101054.11 ticks, tree = 136.79 MB, solutions = 6)
  14409 10981   139160.5374   270   121158.0000   144108.7629   874022   18.94%
  14919 11368   140871.2588   264   121158.0000   144067.0524   909813   18.91%
  15443 11779   124220.0974   126   121158.0000   144043.5661   945667   18.89%
  16034 12218   141020.7168   231   121158.0000   144011.1364   979711   18.86%
  16704 12766   139910.5000   214   121158.0000   143975.2222  1022195   18.83%
  17331 13251   139109.0937   275   121158.0000   143928.8778  1058816   18.79%
  17874 13635   137938.1048   302   121158.0000   143873.4252  1099865   18.75%
  18544 14167   133770.3750   145   121158.0000   143836.3112  1138459   18.72%
  19114 14610   140754.7996   247   121158.0000   143808.3714  1178086   18.69%
  19676 15041   137113.4167   213   121158.0000   143768.8131  1215245   18.66%
Elapsed time = 54.47 sec. (139327.64 ticks, tree = 191.77 MB, solutions = 6)
  20265 15504   138099.2284   149   121158.0000   143747.7160  1251673   18.64%
  20837 15941   134341.2620   204   121158.0000   143714.5167  1287171   18.62%
  21489 16476   137847.3679   196   121158.0000   143685.4921  1322116   18.59%

Performing restart 2

Repeating presolve.
Tried aggregator 1 time.
MIP Presolve modified 520 coefficients.
Reduced MIP has 1759 rows, 924 columns, and 9928 nonzeros.
Reduced MIP has 676 binaries, 248 generals, 0 SOSs, and 0 indicators.
Presolve time = 0.00 sec. (6.90 ticks)
Tried aggregator 1 time.
Reduced MIP has 1759 rows, 924 columns, and 9928 nonzeros.
Reduced MIP has 676 binaries, 248 generals, 0 SOSs, and 0 indicators.
Presolve time = 0.00 sec. (6.19 ticks)
Represolve time = 0.03 sec. (34.75 ticks)
  22034     0   146670.0406   372   121158.0000      Cuts: 62  1354238   18.57%
  22034     0   146562.2454   402   121158.0000     Cuts: 115  1354360   18.57%
  22034     0   146456.3975   438   121158.0000      Cuts: 81  1354570   18.57%
  22034     0   146304.3284   382   121158.0000      Cuts: 68  1354709   18.57%
  22034     0   146229.7426   388   121158.0000      Cuts: 98  1354866   18.57%
  22034     0   146156.7059   421   121158.0000      Cuts: 58  1355010   18.57%
  22034     0   146120.6323   415   121158.0000      Cuts: 84  1355149   18.57%
  22034     0   146103.8135   430   121158.0000      Cuts: 83  1355215   18.57%
  22034     2   146103.8135   430   121158.0000   143661.2545  1355215   18.57%
  22066    30   139517.4789   288   121158.0000   143661.2545  1362238   18.57%
  22242   169   140918.6779   172   121158.0000   143661.2545  1386645   18.57%
  22651   506   142164.3203   310   121158.0000   143661.2545  1432675   18.57%
  23111   895   140682.0100   230   121158.0000   143661.2545  1491017   18.57%

Clique cuts applied:  10
Cover cuts applied:  27
Implied bound cuts applied:  18
Flow cuts applied:  18
Mixed integer rounding cuts applied:  177
Zero-half cuts applied:  105
Lift and project cuts applied:  1
Gomory fractional cuts applied:  12

Root node processing (before b&c):
  Real time             =    0.11 sec. (264.10 ticks)
Sequential b&c:
  Real time             =   66.89 sec. (174899.39 ticks)
                          ------------
Total (root+branch&cut) =   67.00 sec. (175163.48 ticks)
[CPLEX] Status: time limit exceeded
[CPLEX] OPTIMAL OBJ: 121158.0
[CPLEX] Runtime: 67.005 sec
Vehicle 0: d → 22 → 27 → 3 → 10 → 7 → 17 → 8 → 21 → 14 → 9 → 28 → 4 → 19 → 26 → 13 → 25 → 29 → 15 → 6 → 12 → 20 → 18 → 16 → d, (requests = [0, 1, 2, 3, 4, 8, 9, 10, 13, 17])
Vehicle 1: d → 16 → 18 → 20 → 12 → 6 → 0 → 15 → 29 → 25 → 13 → 26 → 19 → 4 → 24 → 9 → 14 → 21 → 17 → 7 → 27 → 22 → 2 → 5 → d, (requests = [6, 7, 11, 12, 16, 20, 22])
Vehicle 2: d → 5 → 2 → 22 → 27 → 7 → 17 → 21 → 14 → 9 → 24 → 4 → 19 → 26 → 13 → 25 → 15 → 11 → 0 → 6 → 12 → d, (requests = [14, 15, 18, 19, 21])
Vehicle 3: d, (requests = [])
======== PPDSP OBJECTIVE ========
Profit    = 148586
Cost      = 27428
Objective = 121158
=================================
===== RAW XY MODEL =====
107 148 205 242 278 317 328 405 442 458 487 544 553 593 635 659 687 732 830 846 868 901 944 1015 1040 1094 1177 1216 1217 1276 1327 1415 1467 1494 1534 1555 1576 1621 1637 1677 1714 1731 1802 1838 1876 1911 1978 2033 2203 2283 2344 2359 2401 2438 2509 2549 2612 2638 2654 2688 2762 2831 2883 2928 2969 3012 3042 3068 3194 2049 2051 2053 2055 2183 2188 2190 2191 2193 2195 3296 3299 3301 3306 3309 3311 3313 4423 4427 4430 4435 4438
  [Time Manager] Step 22 consumed 67.01s. Total Consumed: 1041.44s.
  [Info] Saved 4440 core assumption literals to p1_A-n32-k5_r23v4k2.lp.asm

[23/60] Building & Solving: R=24, V=4, K=2
Default row names c1, c2 ... being created.
  [Info] Generating MIP Formulation...
  [Time Manager] Global Remaining Budget: 2558.56s | Future Weight Sum: 38.0
  [Time Manager] Recalibrated Budget for this step: 67.33s
[CPLEX] Setting time limit to 67 seconds
[CPLEX] Reading assumption from p1_A-n32-k5_r23v4k2.lp.asm ...
[CPLEX] Applying MIP Start with 4188 variables.
Version identifier: 22.1.1.0 | 2022-11-28 | 9160aff4d
CPXPARAM_Read_DataCheck                          1
CPXPARAM_Threads                                 1
CPXPARAM_TimeLimit                               67
1 of 1 MIP starts provided solutions.
MIP start 'm1' defined initial solution with objective 121158.0000.
Tried aggregator 1 time.
MIP Presolve eliminated 48 rows and 3516 columns.
MIP Presolve modified 1776 coefficients.
Reduced MIP has 1776 rows, 928 columns, and 7680 nonzeros.
Reduced MIP has 680 binaries, 248 generals, 0 SOSs, and 0 indicators.
Presolve time = 0.00 sec. (5.06 ticks)
Probing time = 0.00 sec. (1.56 ticks)
Tried aggregator 1 time.
Detecting symmetries...
Reduced MIP has 1776 rows, 928 columns, and 7680 nonzeros.
Reduced MIP has 680 binaries, 248 generals, 0 SOSs, and 0 indicators.
Presolve time = 0.00 sec. (4.91 ticks)
Probing time = 0.00 sec. (1.61 ticks)
Clique table members: 396.
MIP emphasis: balance optimality and feasibility.
MIP search method: dynamic search.
Parallel mode: none, using 1 thread.
Root relaxation solution time = 0.00 sec. (12.47 ticks)

        Nodes                                         Cuts/
   Node  Left     Objective  IInf  Best Integer    Best Bound    ItCnt     Gap

*     0+    0                       121158.0000   646372.0000           433.50%
      0     0   154826.1963   150   121158.0000   154826.1963      420   27.79%
      0     0   154429.0000   177   121158.0000     Cuts: 223      603   27.46%
      0     0   154233.1250   178   121158.0000      Cuts: 81      702   27.30%
      0     0   154225.0000   180   121158.0000      Cuts: 84      727   27.29%
      0     0   154149.0384   215   121158.0000      Cuts: 60      832   27.23%
      0     0   154054.7500   195   121158.0000      Cuts: 94      860   27.15%
      0     0   153864.9012   279   121158.0000      Cuts: 59      948   27.00%
      0     0   153769.3333   207   121158.0000     Cuts: 114     1045   26.92%
      0     0   153769.3333   212   121158.0000      Cuts: 26     1059   26.92%
      0     0   153750.2500   227   121158.0000  ZeroHalf: 12     1140   26.90%
      0     0   153729.0000   218   121158.0000      Cuts: 88     1159   26.88%
      0     0   153682.0000    82   121158.0000      Cuts: 63     1231   26.84%
      0     0   153664.1950   276   121158.0000      Cuts: 67     1340   26.83%
      0     2   153664.1950   208   121158.0000   153662.5000     1340   26.83%
Elapsed time = 0.19 sec. (442.67 ticks, tree = 0.01 MB, solutions = 1)
     60    46   153546.0000   171   121158.0000   153645.3333     6087   26.81%
    107    84   153369.6786   103   121158.0000   153426.4655    10338   26.63%
    178   141   150188.9339   145   121158.0000   153379.4304    14833   26.59%
    246   193   152386.7855   200   121158.0000   153354.9055    19491   26.57%
    313   239   152755.5390   109   121158.0000   153267.1111    23910   26.50%
    396   308   148461.6082   166   121158.0000   153257.5177    29214   26.49%
    468   360   150851.7096   175   121158.0000   153220.8340    33932   26.46%
    527   397   152267.1831   177   121158.0000   153188.2943    38263   26.44%
    609   465   149678.7492   171   121158.0000   153157.3333    42950   26.41%
    908   657   151963.4028   157   121158.0000   152969.1112    61355   26.26%
Elapsed time = 1.33 sec. (3587.76 ticks, tree = 0.72 MB, solutions = 1)

Performing restart 1

Repeating presolve.
Tried aggregator 1 time.
MIP Presolve modified 64 coefficients.
Reduced MIP has 1776 rows, 928 columns, and 7680 nonzeros.
Reduced MIP has 680 binaries, 248 generals, 0 SOSs, and 0 indicators.
Presolve time = 0.00 sec. (4.18 ticks)
Tried aggregator 1 time.
Reduced MIP has 1776 rows, 928 columns, and 7680 nonzeros.
Reduced MIP has 680 binaries, 248 generals, 0 SOSs, and 0 indicators.
Presolve time = 0.00 sec. (5.09 ticks)
Represolve time = 0.01 sec. (16.30 ticks)
   1026     0   153643.0000    93   121158.0000      Cuts: 87    70298   26.24%
   1026     0   153531.0833   256   121158.0000      Cuts: 95    70501   26.24%
   1026     0   153510.9420   212   121158.0000     Cuts: 194    70669   26.24%
   1026     0   153507.7594   207   121158.0000      Cuts: 40    70764   26.24%
   1026     0   153507.0000   167   121158.0000      Cuts: 57    70813   26.24%
   1026     0   153500.1746   183   121158.0000      Cuts: 13    70876   26.24%
   1026     0   153467.6092   367   121158.0000     Cuts: 131    71176   26.24%
   1026     0   153431.0626   317   121158.0000     Cuts: 170    71344   26.24%
   1026     0   153334.8615   335   121158.0000      Cuts: 52    71651   26.24%
   1026     0   153250.1928   316   121158.0000     Cuts: 149    71794   26.24%
   1026     0   153157.2380   360   121158.0000      Cuts: 62    71927   26.24%
   1026     0   153153.1327   345   121158.0000     Cuts: 105    71975   26.24%
   1026     0   153062.9744   348   121158.0000      Cuts: 87    72089   26.24%
   1026     0   153033.4635   446   121158.0000     Cuts: 103    72240   26.24%
   1026     0   152999.6885   351   121158.0000      Cuts: 66    72300   26.24%
   1026     0   152997.5121   234   121158.0000      Cuts: 81    72339   26.24%
   1026     0   152990.4487   338   121158.0000      Cuts: 59    72370   26.24%
   1026     0   152990.3966   350   121158.0000      Cuts: 73    72397   26.24%
   1026     2   152990.3966   350   121158.0000   152947.9870    72397   26.24%
   1029     5   152022.3110   344   121158.0000   152842.3053    73573   26.15%
   1033     9   150610.7157   372   121158.0000   152842.3053    76097   26.15%
   1038    12   149858.0160   197   121158.0000   152842.3053    78443   26.15%
   1047    18   145997.9945   310   121158.0000   152842.3053    80142   26.15%
   1060    22   152673.6623   332   121158.0000   152805.5659    81117   26.12%
   1076    32   152529.6005   242   121158.0000   152669.3672    83702   26.01%
   1091    41   151824.6522   310   121158.0000   152638.7266    87947   25.98%
   1132    69   151981.6486   236   121158.0000   152623.6898    93573   25.97%
   1182   109   147102.1076   197   121158.0000   152599.0459   101172   25.95%
Elapsed time = 5.39 sec. (15525.56 ticks, tree = 0.30 MB, solutions = 1)
   1225   141   151378.4981   394   121158.0000   152524.9167   109564   25.89%
   1299   207   144592.5816   207   121158.0000   152514.9502   119546   25.88%
   1411   296   150061.6067   183   121158.0000   152332.9434   130486   25.73%
   1516   378    infeasible         121158.0000   152182.0403   145183   25.61%
   1585   423    infeasible         121158.0000   151905.8816   160665   25.38%
   1666   486   145810.9713   259   121158.0000   151711.8929   174499   25.22%
   1749   544   150254.1022   190   121158.0000   151528.0003   189529   25.07%
   1844   620   127870.7857   185   121158.0000   151501.0000   204403   25.04%
   1945   693   150265.9455   320   121158.0000   151316.3471   218140   24.89%
   2071   794    infeasible         121158.0000   151282.1503   232154   24.86%
Elapsed time = 8.76 sec. (25281.76 ticks, tree = 0.98 MB, solutions = 1)
   2203   907   149931.7255   184   121158.0000   151240.9552   245536   24.83%
   2347  1019   149462.1290   232   121158.0000   151233.7927   261779   24.82%
   2468  1112   147747.9061   171   121158.0000   151224.9758   277339   24.82%
   2579  1193   149684.3902   310   121158.0000   151207.2334   294067   24.80%
   2690  1274   141729.3822   198   121158.0000   151193.6562   308581   24.79%
   2786  1347   144814.6812   139   121158.0000   151150.2793   324351   24.75%
   2904  1427   149225.7419   191   121158.0000   151113.0000   339506   24.72%
   2986  1493   149052.8571   185   121158.0000   151092.2925   356963   24.71%
   3101  1584   145346.3243   216   121158.0000   151087.3634   372879   24.70%
   3206  1668   143165.0696   233   121158.0000   151077.4068   385300   24.69%
Elapsed time = 12.16 sec. (35018.87 ticks, tree = 1.75 MB, solutions = 1)
   3315  1741   142638.0018   144   121158.0000   151068.7426   398382   24.69%
   3445  1844   148742.2852   174   121158.0000   151053.4146   412729   24.67%
   3580  1942   129892.2422   198   121158.0000   151040.0440   428508   24.66%
   3692  2016   138632.0501   182   121158.0000   150971.1884   443880   24.61%
   3853  2147   146095.6617   239   121158.0000   150861.0000   459616   24.52%
   3988  2244   150154.7941   307   121158.0000   150813.4336   474760   24.48%
   4100  2328   145628.1464   200   121158.0000   150780.0000   490601   24.45%
   4213  2402    infeasible         121158.0000   150751.2807   507323   24.43%
   4308  2470   129229.3820   153   121158.0000   150724.0613   523742   24.40%
   4419  2557   139098.6814   204   121158.0000   150674.0327   539567   24.36%
Elapsed time = 17.78 sec. (44626.24 ticks, tree = 2.49 MB, solutions = 1)
   4504  2607   150124.5999   251   121158.0000   150624.6787   554521   24.32%
   4621  2690   145288.8864   186   121158.0000   150602.1250   571244   24.30%
   4787  2812   149474.0924   252   121158.0000   150578.6097   587105   24.28%
   4911  2914   142877.1598   157   121158.0000   150564.9455   603701   24.27%
   5089  3050    infeasible         121158.0000   150555.2456   619647   24.26%
   5198  3135   130280.5824   189   121158.0000   150516.0910   635668   24.23%
   5345  3252    infeasible         121158.0000   150444.5032   652208   24.17%
   5443  3311   148615.0000   260   121158.0000   150431.2407   667473   24.16%
   5529  3370   146293.7835   164   121158.0000   150420.8846   681734   24.15%
   5678  3480   150025.2500   174   121158.0000   150400.3287   696715   24.14%
Elapsed time = 21.16 sec. (54227.88 ticks, tree = 3.12 MB, solutions = 1)
   5847  3617    infeasible         121158.0000   150394.5361   711310   24.13%
   5973  3707   148539.0198   240   121158.0000   150393.0038   726316   24.13%
   6144  3829   149927.8158   162   121158.0000   150364.9359   742844   24.11%
   6288  3935   147429.3493   235   121158.0000   150344.6170   760023   24.09%
   6459  4073   145847.3841   179   121158.0000   150334.6429   775801   24.08%
   6593  4184   145489.9654   302   121158.0000   150325.0416   792586   24.07%
   6751  4307   149024.2295   143   121158.0000   150297.2719   807999   24.05%
   6846  4380   145223.6000   262   121158.0000   150286.8723   825148   24.04%
   6963  4471   145691.5876   109   121158.0000   150271.4043   839234   24.03%
   7128  4600   149721.7034   231   121158.0000   150256.2426   853316   24.02%
Elapsed time = 24.61 sec. (63860.59 ticks, tree = 4.09 MB, solutions = 1)
   7242  4684   149501.9575   218   121158.0000   150251.0042   867729   24.01%
   7370  4780   139766.7077   257   121158.0000   150234.8333   883478   24.00%
   7498  4868   145535.4164   202   121158.0000   150222.2244   898589   23.99%
   7630  4969   137982.1192   226   121158.0000   150197.7823   914425   23.97%
   7742  5055   149219.6136   197   121158.0000   150173.6277   929731   23.95%
   7904  5171   149933.7268   269   121158.0000   150146.2366   946274   23.93%
   8016  5253   145567.2500   222   121158.0000   150121.2143   962618   23.91%
   8148  5353   145129.0846   251   121158.0000   150113.7812   980149   23.90%
   8276  5434   149138.7662   104   121158.0000   150099.8861   996785   23.89%
   8385  5513   149610.5000   246   121158.0000   150088.8933  1011912   23.88%
Elapsed time = 28.05 sec. (73480.14 ticks, tree = 4.79 MB, solutions = 1)
   8524  5626   149687.0486   360   121158.0000   150086.6408  1028299   23.88%
   8616  5689   149126.4627   249   121158.0000   150076.4796  1043537   23.87%
   8756  5792   144937.0352   258   121158.0000   150067.7325  1060017   23.86%
   8876  5882   149602.4028   333   121158.0000   150056.8437  1075107   23.85%
   9003  5968   144652.6639   193   121158.0000   150048.3588  1091752   23.85%
   9145  6086   149692.0000    95   121158.0000   150039.1866  1107306   23.84%
   9264  6168   147646.6536   286   121158.0000   150024.8125  1124455   23.83%
   9383  6250   148865.6183   236   121158.0000   150010.1700  1140467   23.81%
   9523  6364   145754.3938   264   121158.0000   150008.0000  1155786   23.81%
   9620  6439   146492.6662   186   121158.0000   150005.8167  1170026   23.81%
Elapsed time = 31.49 sec. (83208.27 ticks, tree = 5.50 MB, solutions = 1)
   9780  6564   141305.7500   179   121158.0000   149996.7219  1185106   23.80%
   9946  6699   126960.8683   112   121158.0000   149991.0657  1201020   23.80%
  10089  6814   142900.1232   159   121158.0000   149982.1250  1217457   23.79%
  10212  6895    infeasible         121158.0000   149973.3056  1233520   23.78%
  10334  6988   141514.5066   109   121158.0000   149962.6215  1247961   23.77%
  10480  7103   146330.1153   317   121158.0000   149953.9315  1263082   23.77%
  10622  7211   147680.2227   225   121158.0000   149942.3480  1278303   23.76%
  10771  7342   141642.1710   172   121158.0000   149933.2324  1293179   23.75%
  10894  7437   149007.0590   268   121158.0000   149919.3205  1307424   23.74%
* 11287+ 7716                       121181.0000   149882.1667            23.68%
  11287  7718   149693.4167   182   121181.0000   149881.1284  1355158   23.68%
Elapsed time = 36.19 sec. (95903.53 ticks, tree = 6.49 MB, solutions = 2)
  11288  7719   146419.1109   232   121181.0000   149881.1000  1355853   23.68%
  11822  8108   143916.8632   355   121181.0000   149832.1087  1417517   23.64%
  12271  8445   133361.1001   188   121181.0000   149799.0948  1479461   23.62%
  12757  8797   149357.3750   164   121181.0000   149757.5799  1540748   23.58%
  13319  9243   136691.7661   252   121181.0000   149716.5004  1603515   23.55%
  13842  9633   148198.7066   310   121181.0000   149693.4167  1667230   23.53%
  14367 10041   148560.6689   334   121181.0000   149678.0304  1729106   23.52%
  14930 10465   142837.1436   118   121181.0000   149654.2917  1791260   23.50%
  15454 10882   143527.2495    88   121181.0000   149626.4387  1852251   23.47%
  16000 11290   147524.3334   208   121181.0000   149576.9812  1911250   23.43%
Elapsed time = 54.86 sec. (139158.78 ticks, tree = 9.60 MB, solutions = 2)
  16514 11702   143557.9019   228   121181.0000   149549.9753  1973601   23.41%
  16972 12045   147138.8959   204   121181.0000   149520.0000  2033097   23.39%
  17380 12347   147481.6391   217   121181.0000   149501.5031  2093766   23.37%
  17787 12638   130729.4042   159   121181.0000   149473.3276  2146130   23.35%
  18245 12993   147077.2500   185   121181.0000   149452.5000  2207136   23.33%
  18779 13425   149309.6667   205   121181.0000   149440.7989  2271344   23.32%
  19221 13762   144829.6896   156   121181.0000   149423.3587  2331340   23.31%
  19752 14184   147889.4865   223   121181.0000   149404.2011  2389595   23.29%
Advanced basis not built.

GUB cover cuts applied:  4
Clique cuts applied:  13
Cover cuts applied:  59
Implied bound cuts applied:  57
Flow cuts applied:  24
Mixed integer rounding cuts applied:  400
Zero-half cuts applied:  242
Lift and project cuts applied:  2
Gomory fractional cuts applied:  12

Root node processing (before b&c):
  Real time             =    0.19 sec. (442.81 ticks)
Sequential b&c:
  Real time             =   66.82 sec. (171131.70 ticks)
                          ------------
Total (root+branch&cut) =   67.00 sec. (171574.51 ticks)
[CPLEX] Status: time limit exceeded
[CPLEX] OPTIMAL OBJ: 121181.0
[CPLEX] Runtime: 67.006 sec
Vehicle 0: d → 22 → 27 → 3 → 10 → 7 → 17 → 21 → 14 → 9 → 28 → 4 → 19 → 26 → 13 → 25 → 29 → 15 → 6 → 12 → 20 → 18 → 16 → d, (requests = [0, 1, 2, 3, 4, 9, 13, 17])
Vehicle 1: d → 16 → 18 → 20 → 12 → 6 → 0 → 15 → 29 → 25 → 13 → 26 → 19 → 4 → 24 → 9 → 14 → 21 → 17 → 7 → 27 → 22 → 2 → 5 → d, (requests = [6, 7, 11, 12, 16, 20, 22])
Vehicle 2: d → 5 → 2 → 22 → 27 → 7 → 17 → 8 → 21 → 14 → 9 → 24 → 4 → 19 → 26 → 13 → 25 → 15 → 11 → 0 → 6 → 12 → d, (requests = [8, 10, 14, 15, 18, 19, 21])
Vehicle 3: d, (requests = [])
======== PPDSP OBJECTIVE ========
Profit    = 148586
Cost      = 27405
Objective = 121181
=================================
===== RAW XY MODEL =====
107 148 205 242 317 328 405 442 458 487 544 566 593 635 659 687 732 830 846 868 901 944 1015 1040 1094 1177 1216 1217 1276 1327 1415 1467 1494 1534 1555 1576 1621 1637 1677 1714 1731 1802 1838 1876 1911 1978 2033 2203 2283 2344 2359 2401 2438 2474 2509 2549 2612 2638 2654 2688 2749 2831 2883 2928 2969 3012 3042 3068 3194 2049 2051 2053 2055 2183 2188 2190 3229 2193 3231 3296 3299 3301 3306 3309 3311 3313 4423 4427 4430 4435 4438
  [Time Manager] Step 23 consumed 67.01s. Total Consumed: 1108.45s.
  [Info] Saved 4444 core assumption literals to p1_A-n32-k5_r24v4k2.lp.asm

[24/60] Building & Solving: R=24, V=5, K=2
Default row names c1, c2 ... being created.
  [Info] Generating MIP Formulation...
  [Time Manager] Global Remaining Budget: 2491.55s | Future Weight Sum: 37.0
  [Time Manager] Recalibrated Budget for this step: 67.34s
[CPLEX] Setting time limit to 67 seconds
[CPLEX] Reading assumption from p1_A-n32-k5_r24v4k2.lp.asm ...
[CPLEX] Applying MIP Start with 4192 variables.
Version identifier: 22.1.1.0 | 2022-11-28 | 9160aff4d
CPXPARAM_Read_DataCheck                          1
CPXPARAM_Threads                                 1
CPXPARAM_TimeLimit                               67
1 of 1 MIP starts provided solutions.
MIP start 'm1' defined initial solution with objective 125496.0000.
Tried aggregator 1 time.
MIP Presolve eliminated 60 rows and 4395 columns.
MIP Presolve modified 2220 coefficients.
Reduced MIP has 2214 rows, 1160 columns, and 9600 nonzeros.
Reduced MIP has 850 binaries, 310 generals, 0 SOSs, and 0 indicators.
Presolve time = 0.00 sec. (6.32 ticks)
Probing time = 0.00 sec. (2.00 ticks)
Tried aggregator 1 time.
Detecting symmetries...
Reduced MIP has 2214 rows, 1160 columns, and 9600 nonzeros.
Reduced MIP has 850 binaries, 310 generals, 0 SOSs, and 0 indicators.
Presolve time = 0.00 sec. (6.43 ticks)
Probing time = 0.00 sec. (2.06 ticks)
Clique table members: 489.
MIP emphasis: balance optimality and feasibility.
MIP search method: dynamic search.
Parallel mode: none, using 1 thread.
Root relaxation solution time = 0.01 sec. (20.23 ticks)

        Nodes                                         Cuts/
   Node  Left     Objective  IInf  Best Integer    Best Bound    ItCnt     Gap

*     0+    0                       125496.0000   807965.0000           543.82%
      0     0   154826.1963   151   125496.0000   154826.1963      573   23.37%
      0     0   154429.0000   147   125496.0000     Cuts: 230      704   23.05%
      0     0   154257.0000   169   125496.0000     Cuts: 110      807   22.92%
      0     0   154240.0000   163   125496.0000       Cuts: 9      813   22.90%
      0     0   154240.0000   163   125496.0000       Cuts: 8      824   22.90%
      0     0   154240.0000   161   125496.0000  ZeroHalf: 11      830   22.90%
      0     2   154240.0000   161   125496.0000   154238.0000      830   22.90%
Elapsed time = 0.14 sec. (323.09 ticks, tree = 0.01 MB, solutions = 1)
     29    29   150488.7985   101   125496.0000   154106.7231     4062   22.80%
     48    42   153268.5518   237   125496.0000   154105.9371     6423   22.80%
     81    67   151254.3335   234   125496.0000   154054.9037     9680   22.76%
    156   110   152397.2008   193   125496.0000   154032.4398    13641   22.74%
    226   158   151269.7025   130   125496.0000   154024.8148    17834   22.73%
    290   194   153616.9593   132   125496.0000   153892.4772    22054   22.63%
    340   232   152738.4517   197   125496.0000   153882.0000    25332   22.62%
    407   288   150486.2352   198   125496.0000   153834.6638    28954   22.58%
    480   343   153478.4531   150   125496.0000   153821.3424    32912   22.57%
    780   591   150613.2844   206   125496.0000   153719.7233    49299   22.49%
Elapsed time = 1.37 sec. (3466.10 ticks, tree = 0.70 MB, solutions = 1)

Performing restart 1

Repeating presolve.
Tried aggregator 1 time.
MIP Presolve modified 80 coefficients.
Reduced MIP has 2214 rows, 1160 columns, and 9600 nonzeros.
Reduced MIP has 850 binaries, 310 generals, 0 SOSs, and 0 indicators.
Presolve time = 0.00 sec. (5.19 ticks)
Tried aggregator 1 time.
Reduced MIP has 2214 rows, 1160 columns, and 9600 nonzeros.
Reduced MIP has 850 binaries, 310 generals, 0 SOSs, and 0 indicators.
Presolve time = 0.00 sec. (6.65 ticks)
Represolve time = 0.01 sec. (19.37 ticks)
    936     0   154238.0000   165   125496.0000      Cuts: 11    58550   22.48%
    936     0   154238.0000   170   125496.0000      Cuts: 98    58564   22.48%
    936     0   154238.0000   173   125496.0000     Cuts: 112    58574   22.48%
    936     0   154238.0000   173   125496.0000     Cuts: 129    58582   22.48%
    936     2   154238.0000   173   125496.0000   153703.5828    58582   22.48%
    941     7   153912.1714   282   125496.0000   153703.5828    59272   22.48%
    952    15   152314.4540   248   125496.0000   153703.5828    60943   22.48%
    967    26   149714.9422   207   125496.0000   153703.5828    61703   22.48%
    987    34   152637.0000   165   125496.0000   153703.5828    65697   22.48%
   1019    61   148448.8704   205   125496.0000   153703.5828    68996   22.48%
   1057    84   150679.7441   189   125496.0000   153703.5828    71247   22.48%
   1116   128   151050.8854   165   125496.0000   153703.5828    74431   22.48%
   1163   161   151475.7612   306   125496.0000   153586.9032    77911   22.38%
   1259   240   149465.6015   196   125496.0000   153582.2275    82200   22.38%
Elapsed time = 5.17 sec. (13796.64 ticks, tree = 2.45 MB, solutions = 1)
   1359   311   152879.6428   103   125496.0000   153448.5294    87513   22.27%
   1427   357   145386.7617   183   125496.0000   153204.0000    91847   22.08%
   1549   449   152957.0521   258   125496.0000   153045.8703    97736   21.95%
   1695   569   145716.1667   160   125496.0000   153032.3923   103883   21.94%
   1833   689   135288.0627   193   125496.0000   152975.9556   109809   21.90%
   1988   804   148341.9466   172   125496.0000   152918.5000   116727   21.85%
   2110   893   146210.8318   159   125496.0000   152848.4767   124174   21.80%
   2314  1064   152007.2295   246   125496.0000   152796.3689   131025   21.75%
   2501  1209   152085.3297   171   125496.0000   152771.4167   138333   21.73%
   2621  1294   150493.7641   277   125496.0000   152726.8689   145941   21.70%
Elapsed time = 8.69 sec. (23449.21 ticks, tree = 19.89 MB, solutions = 1)
   2760  1379   150316.3733   216   125496.0000   152689.2083   153012   21.67%
   2907  1492   151644.3620   293   125496.0000   152685.4000   160540   21.67%
   3026  1568   145685.3546   268   125496.0000   152656.3335   168779   21.64%
   3178  1686    infeasible         125496.0000   152646.7778   175739   21.63%
   3317  1785   148537.0074   280   125496.0000   152614.5829   183634   21.61%
   3440  1873   134304.6792   173   125496.0000   152606.3592   191805   21.60%
   3543  1927   150913.5174   271   125496.0000   152562.0000   199605   21.57%
   3663  2021   137555.1504   214   125496.0000   152536.7161   208300   21.55%
   3802  2124   151424.0336   152   125496.0000   152484.0000   216747   21.51%
   3981  2268    infeasible         125496.0000   152438.2551   224252   21.47%
Elapsed time = 12.21 sec. (33065.66 ticks, tree = 37.08 MB, solutions = 1)
   4127  2368   149048.1480   211   125496.0000   152420.5355   231448   21.45%
   4246  2441   149140.5382   318   125496.0000   152388.1080   238526   21.43%
   4393  2556   147023.3857   279   125496.0000   152363.1818   245179   21.41%
   4539  2653   142173.7302   316   125496.0000   152353.3971   252571   21.40%
   4713  2795   150730.2240   171   125496.0000   152331.2491   259746   21.38%
   4878  2931   151425.2478   238   125496.0000   152305.5011   267355   21.36%
   4982  2996   149702.2857   228   125496.0000   152297.8070   275065   21.36%
   5100  3067   143058.1147   264   125496.0000   152284.3897   282700   21.35%
   5259  3199   138504.5705   286   125496.0000   152273.0944   291044   21.34%
   5425  3341   149844.1197   282   125496.0000   152248.3917   298001   21.32%
Elapsed time = 15.88 sec. (42672.29 ticks, tree = 53.96 MB, solutions = 1)
   5541  3418   150464.9631   229   125496.0000   152234.0000   305301   21.31%
   5671  3517   146298.4462   192   125496.0000   152210.5995   311706   21.29%
   5800  3591   150038.5000   181   125496.0000   152187.6333   319572   21.27%
   5953  3712   147560.8819   287   125496.0000   152176.2444   328239   21.26%
   6088  3816   138993.2477   188   125496.0000   152159.6319   335448   21.25%
   6235  3914   141545.3810   240   125496.0000   152115.9495   343155   21.21%
   6391  4024   151223.0000   173   125496.0000   152101.5362   351219   21.20%
   6536  4136   150917.8971   279   125496.0000   152078.7940   359170   21.18%
   6657  4208    infeasible         125496.0000   152065.4020   367398   21.17%
   6754  4266   147923.1286   230   125496.0000   152057.5978   375340   21.17%
Elapsed time = 22.23 sec. (52271.49 ticks, tree = 70.31 MB, solutions = 1)
   6892  4357   149738.9925   248   125496.0000   152046.9913   383840   21.16%
   7064  4500   148986.7200   207   125496.0000   152039.6713   390602   21.15%
   7185  4593   147800.3750   275   125496.0000   152028.0000   399158   21.14%
   7333  4695   147547.1765   229   125496.0000   152021.9490   407439   21.14%
   7438  4770   147421.3500   238   125496.0000   152016.3714   414586   21.13%
   7579  4869   145300.5309   247   125496.0000   151991.8241   422579   21.11%
   7730  4991   143953.0372   220   125496.0000   151979.9641   430459   21.10%
   7846  5031    infeasible         125496.0000   151953.0974   439064   21.08%
   7967  5106   151099.6774   236   125496.0000   151934.5080   446404   21.07%
   8060  5171   144168.0500   189   125496.0000   151924.4346   454684   21.06%
Elapsed time = 26.00 sec. (61923.36 ticks, tree = 84.76 MB, solutions = 1)
   8227  5286   150809.6000   304   125496.0000   151914.8235   463430   21.05%
   8396  5399   149854.9061   307   125496.0000   151875.1825   470912   21.02%
   8534  5510   147699.5476   291   125496.0000   151863.1613   479126   21.01%
   8656  5606    infeasible         125496.0000   151851.3629   486548   21.00%
   8765  5667   141991.1197   203   125496.0000   151825.7189   494597   20.98%
   8916  5770    infeasible         125496.0000   151798.5000   502548   20.96%
   9018  5824   149856.8352   225   125496.0000   151770.2058   510605   20.94%
   9129  5893   136072.9375   273   125496.0000   151749.3794   519194   20.92%
   9249  5962   150253.5455   184   125496.0000   151736.5000   527956   20.91%
   9406  6062   150635.0833   296   125496.0000   151709.3405   536280   20.89%
Elapsed time = 29.87 sec. (71540.49 ticks, tree = 101.69 MB, solutions = 1)
   9552  6161   151579.5000   218   125496.0000   151687.9500   544509   20.87%
   9728  6301   148164.2000   237   125496.0000   151682.5000   552691   20.87%
   9876  6407   140367.4977   251   125496.0000   151668.5539   561117   20.86%
  10043  6532    infeasible         125496.0000   151658.5523   568738   20.85%
  10181  6643   145768.5439   262   125496.0000   151653.5943   576882   20.84%
* 10298+ 6699                       127501.0000   151643.2478            18.93%
* 10298+ 6690                       127752.0000   151643.2478            18.70%
* 10298+ 6650                       128253.0000   151643.2478            18.24%
* 10298+ 6650                       128298.0000   151643.2478            18.20%
  10298  6652   149017.4179   361   128298.0000   151641.8111   579862   18.19%
  10444  6742   145164.1486   268   128298.0000   151627.4653   588822   18.18%
  10582  6844   148588.6062   265   128298.0000   151614.0000   597190   18.17%
  10769  6985   149364.6506   214   128298.0000   151602.5627   605304   18.16%
  10898  7072   148230.4358   253   128298.0000   151589.0000   613459   18.15%
Elapsed time = 35.02 sec. (84669.58 ticks, tree = 120.72 MB, solutions = 5)
  11075  7205   149635.1991   157   128298.0000   151571.0000   621406   18.14%
  11291  7388   148834.4169   263   128298.0000   151567.7214   629634   18.14%
  11496  7559   140346.8921    86   128298.0000   151560.5768   637721   18.13%
  11665  7693   141579.4012   173   128298.0000   151544.7334   645528   18.12%
  11795  7789   149268.4949   191   128298.0000   151519.5431   653210   18.10%
  11918  7872   149450.1203   277   128298.0000   151507.5834   661212   18.09%
  12139  8068   128643.7222   225   128298.0000   151505.0000   668563   18.09%
  12348  8241   149260.4584   295   128298.0000   151486.1931   675704   18.07%
  12536  8402   137353.1863   162   128298.0000   151476.7493   683388   18.07%
  13033  8754   147855.5166   219   128298.0000   151449.1885   714218   18.04%
Elapsed time = 39.31 sec. (97138.46 ticks, tree = 151.99 MB, solutions = 5)
  13787  9359   148647.6854   285   128298.0000   151420.5208   744174   18.02%
  14427  9879   147904.4962   223   128298.0000   151369.6199   775398   17.98%
  15014 10328   149588.8722   300   128298.0000   151317.0000   807720   17.94%
  15584 10793   140506.0215   260   128298.0000   151284.0484   840475   17.92%
  16096 11184    infeasible         128298.0000   151250.5978   871751   17.89%
  16718 11686   147304.0000   157   128298.0000   151220.8615   902557   17.87%
  17361 12214   150071.2270   210   128298.0000   151194.0000   934539   17.85%
  17930 12659   150050.0048   298   128298.0000   151162.1610   965511   17.82%
  18506 13090   149710.4822   203   128298.0000   151122.5502   997156   17.79%
  19126 13571   146910.4444   231   128298.0000   151086.6667  1027352   17.76%
Elapsed time = 55.07 sec. (135373.39 ticks, tree = 242.79 MB, solutions = 5)
  19731 14045   131626.2250   140   128298.0000   151058.2857  1058524   17.74%

Performing restart 2

Repeating presolve.
Tried aggregator 1 time.
MIP Presolve modified 690 coefficients.
Reduced MIP has 2214 rows, 1160 columns, and 12660 nonzeros.
Reduced MIP has 850 binaries, 310 generals, 0 SOSs, and 0 indicators.
Presolve time = 0.00 sec. (8.69 ticks)
Tried aggregator 1 time.
Reduced MIP has 2214 rows, 1160 columns, and 12660 nonzeros.
Reduced MIP has 850 binaries, 310 generals, 0 SOSs, and 0 indicators.
Presolve time = 0.00 sec. (7.82 ticks)
Represolve time = 0.02 sec. (31.04 ticks)
  19880     0   153969.0000   196   128298.0000      Cuts: 65  1067118   17.74%
  19880     0   153831.5000   109   128298.0000      Cuts: 51  1067212   17.74%
  19880     0   153702.7486   207   128298.0000      Cuts: 88  1067453   17.74%
  19880     0   153558.9831   302   128298.0000     Cuts: 107  1067667   17.74%
  19880     0   153499.2019   404   128298.0000     Cuts: 137  1067811   17.74%
  19880     0   153478.6621   397   128298.0000     Cuts: 100  1067930   17.74%
  19880     0   153399.4116   284   128298.0000     Cuts: 118  1068053   17.74%
  19880     0   153348.9815   419   128298.0000      Cuts: 99  1068212   17.74%
  19880     0   153281.1819   406   128298.0000      Cuts: 68  1068321   17.74%
  19880     0   153251.5000   207   128298.0000      Cuts: 55  1068385   17.74%
  19880     0   153182.7153   392   128298.0000      Cuts: 51  1068521   17.74%
  19883     5   153077.2093   388   128298.0000   151053.3435  1068923   17.74%
  19905    22   146232.5370   223   128298.0000   151053.3435  1074320   17.74%
  19943    54   147263.8588   197   128298.0000   151053.3435  1083682   17.74%
  19987    91   152805.3422   277   128298.0000   151053.3435  1090511   17.74%
  20031   129   148578.8501   416   128298.0000   151053.3435  1099412   17.74%
  20104   189   151238.2500   166   128298.0000   151053.3435  1110650   17.74%
  20246   314   141873.4792   267   128298.0000   151053.3435  1120569   17.74%
  20522   557   135468.9050   187   128298.0000   151053.3435  1138867   17.74%

Clique cuts applied:  1
Cover cuts applied:  16
Implied bound cuts applied:  28
Flow cuts applied:  8
Mixed integer rounding cuts applied:  85
Zero-half cuts applied:  60
Lift and project cuts applied:  1
Gomory fractional cuts applied:  14

Root node processing (before b&c):
  Real time             =    0.14 sec. (323.35 ticks)
Sequential b&c:
  Real time             =   66.86 sec. (170355.68 ticks)
                          ------------
Total (root+branch&cut) =   67.00 sec. (170679.03 ticks)
[CPLEX] Status: time limit exceeded
[CPLEX] OPTIMAL OBJ: 128298.0
[CPLEX] Runtime: 67.006 sec
Vehicle 0: d → 22 → 27 → 3 → 10 → 7 → 17 → 21 → 14 → 9 → 28 → 4 → 19 → 26 → 13 → 25 → 29 → 15 → 6 → 12 → 20 → 18 → 16 → d, (requests = [0, 1, 2, 3, 4, 9, 10, 13, 17])
Vehicle 1: d → 16 → 30 → 20 → 12 → 6 → 0 → 15 → 29 → 25 → 13 → 26 → 19 → 4 → 24 → 9 → 14 → 21 → 8 → 17 → 7 → 10 → 3 → 27 → 22 → 2 → 5 → d, (requests = [5, 6, 7, 12, 16, 20, 23])
Vehicle 2: d → 5 → 2 → 22 → 27 → 7 → 17 → 8 → 21 → 14 → 9 → 24 → 4 → 19 → 26 → 13 → 25 → 15 → 11 → 0 → 6 → 12 → d, (requests = [8, 14, 15, 18, 19, 21])
Vehicle 3: d, (requests = [])
Vehicle 4: d → 25 → 13 → 26 → 19 → 4 → 28 → 14 → 21 → 17 → d, (requests = [11, 22])
======== PPDSP OBJECTIVE ========
Profit    = 161593
Cost      = 33295
Objective = 128298
=================================
===== RAW XY MODEL =====
107 148 205 242 317 328 405 442 458 487 544 566 593 635 659 687 732 830 846 868 901 944 1015 1040 1094 1148 1177 1216 1217 1259 1298 1327 1348 1415 1467 1494 1534 1567 1576 1637 1677 1705 1731 1802 1838 1876 1911 1978 2005 2033 2203 2283 2344 2359 2401 2438 2474 2509 2549 2612 2638 2654 2688 2749 2831 2883 2928 2969 3012 3042 3068 3194 4601 4887 4914 5020 5057 5134 5258 5296 5355 5462 2049 2051 2053 2055 2183 2186 2188 2190 3229 2193 2195 5480 3299 3301 3306 3309 3311 3313 4423 4427 4430 4435 5491 4442
  [Time Manager] Step 24 consumed 67.01s. Total Consumed: 1175.46s.
  [Info] Saved 5492 core assumption literals to p1_A-n32-k5_r24v5k2.lp.asm

[25/60] Building & Solving: R=24, V=5, K=3
Default row names c1, c2 ... being created.
  [Info] Generating MIP Formulation...
  [Time Manager] Global Remaining Budget: 2424.54s | Future Weight Sum: 36.0
  [Time Manager] Recalibrated Budget for this step: 67.35s
[CPLEX] Setting time limit to 67 seconds
[CPLEX] Reading assumption from p1_A-n32-k5_r24v5k2.lp.asm ...
[CPLEX] Applying MIP Start with 5240 variables.
Version identifier: 22.1.1.0 | 2022-11-28 | 9160aff4d
CPXPARAM_Read_DataCheck                          1
CPXPARAM_Threads                                 1
CPXPARAM_TimeLimit                               67
1 of 1 MIP starts provided solutions.
MIP start 'm1' defined initial solution with objective 128298.0000.
Tried aggregator 1 time.
MIP Presolve eliminated 60 rows and 4265 columns.
MIP Presolve modified 2740 coefficients.
Reduced MIP has 2604 rows, 1290 columns, and 11850 nonzeros.
Reduced MIP has 980 binaries, 310 generals, 0 SOSs, and 0 indicators.
Presolve time = 0.00 sec. (7.28 ticks)
Probing time = 0.00 sec. (2.47 ticks)
Tried aggregator 1 time.
Detecting symmetries...
Reduced MIP has 2604 rows, 1290 columns, and 11850 nonzeros.
Reduced MIP has 980 binaries, 310 generals, 0 SOSs, and 0 indicators.
Presolve time = 0.00 sec. (7.69 ticks)
Probing time = 0.00 sec. (2.55 ticks)
Clique table members: 554.
MIP emphasis: balance optimality and feasibility.
MIP search method: dynamic search.
Parallel mode: none, using 1 thread.
Root relaxation solution time = 0.01 sec. (24.21 ticks)

        Nodes                                         Cuts/
   Node  Left     Objective  IInf  Best Integer    Best Bound    ItCnt     Gap

*     0+    0                       128298.0000   807965.0000           529.76%
      0     0   155009.6276   141   128298.0000   155009.6276      599   20.82%
      0     0   154636.5000   135   128298.0000     Cuts: 138      790   20.53%
      0     0   154481.0323   186   128298.0000     Cuts: 151      939   20.41%
      0     0   154471.8158   183   128298.0000      Cuts: 73      964   20.40%
      0     0   154431.0000   141   128298.0000      Cuts: 50      975   20.37%
      0     0   154431.0000   167   128298.0000      Cuts: 98     1011   20.37%
      0     0   154361.2012   204   128298.0000  ZeroHalf: 35     1179   20.31%
      0     0   154243.2500   165   128298.0000     Cuts: 104     1218   20.22%
      0     0   154050.0000    88   128298.0000      Cuts: 65     1264   20.07%
      0     0   154047.0000   101   128298.0000      Cuts: 76     1334   20.07%
*     0+    0                       128381.0000   154047.0000            19.99%
      0     0        cutoff         128381.0000   154047.0000     1334   19.99%
      0     2   154047.0000    81   128381.0000   154046.1138     1334   19.99%
Elapsed time = 0.24 sec. (587.70 ticks, tree = 0.01 MB, solutions = 2)
     11    13   153242.0171   204   128381.0000   153878.5157     3179   19.86%
     38    38   150772.6554   125   128381.0000   153878.5157     6369   19.86%
     58    52   153758.5729   111   128381.0000   153875.1513     8421   19.86%
     95    85   153790.1038   281   128381.0000   153852.7857    11934   19.84%
    152   129   151174.1119   128   128381.0000   153820.7328    14981   19.82%
    194   158   153442.0000   180   128381.0000   153755.3412    18997   19.76%
    247   197   153442.4394   123   128381.0000   153754.4333    23143   19.76%
    291   229   151083.6889   179   128381.0000   153737.7424    27131   19.75%
    330   256   135234.8759    60   128381.0000   153735.7162    30210   19.75%
    540   406   145477.3352    88   128381.0000   153711.7688    44681   19.73%
Elapsed time = 1.43 sec. (3763.99 ticks, tree = 0.52 MB, solutions = 2)
    762   590   153465.3294    91   128381.0000   153693.6512    59007   19.72%
    925   702   151750.4462    83   128381.0000   153665.7991    73913   19.70%

Performing restart 1

Repeating presolve.
Tried aggregator 1 time.
MIP Presolve modified 80 coefficients.
Reduced MIP has 2604 rows, 1290 columns, and 11850 nonzeros.
Reduced MIP has 980 binaries, 310 generals, 0 SOSs, and 0 indicators.
Presolve time = 0.00 sec. (6.20 ticks)
Tried aggregator 1 time.
Reduced MIP has 2604 rows, 1290 columns, and 11850 nonzeros.
Reduced MIP has 980 binaries, 310 generals, 0 SOSs, and 0 indicators.
Presolve time = 0.00 sec. (7.95 ticks)
Represolve time = 0.01 sec. (22.38 ticks)
    956     0   153980.7083   240   128381.0000      Cuts: 67    78225   19.69%
    956     0   153937.7500   184   128381.0000     Cuts: 113    78334   19.69%
    956     0   153913.4346   394   128381.0000      Cuts: 94    78496   19.69%
    956     0   153892.4034   241   128381.0000     Cuts: 129    78869   19.69%
    956     0   153869.5345   304   128381.0000     Cuts: 155    79142   19.69%
    956     0   153864.2264   420   128381.0000     Cuts: 104    79264   19.69%
    956     0   153863.0156   458   128381.0000     Cuts: 171    79362   19.69%
    956     2   153863.0156   438   128381.0000   153662.4285    79362   19.69%
    959     5   153843.4615   394   128381.0000   153662.4285    80007   19.69%
    960     6   153834.2002   358   128381.0000   153662.4285    80141   19.69%
    969    15   153402.8333    58   128381.0000   153662.4285    81723   19.69%
    977    21   152728.4111   174   128381.0000   153662.4285    82824   19.69%
    993    25   152146.8246   134   128381.0000   153662.4285    85087   19.69%
    998    30   151690.5604   243   128381.0000   153662.4285    87925   19.69%
   1004    36   151274.9067   143   128381.0000   153662.4285    89101   19.69%
Elapsed time = 5.59 sec. (16159.83 ticks, tree = 0.39 MB, solutions = 2)
   1020    52   149112.6905   164   128381.0000   153662.4285    90814   19.69%
   1054    77   153635.6393   279   128381.0000   153662.4285    92863   19.69%
   1081    98   153726.7581   232   128381.0000   153662.4285    95346   19.69%
   1109   122   148369.0107   172   128381.0000   153662.4285    96948   19.69%
   1163   172    infeasible         128381.0000   153662.4285    99051   19.69%
   1186   191   151543.5000   195   128381.0000   153662.4285   100910   19.69%
   1257   251   147437.3117   215   128381.0000   153662.4285   105286   19.69%
   1333   310   153680.9048   149   128381.0000   153662.4285   110066   19.69%
   1408   377   148524.9876   143   128381.0000   153662.4285   115721   19.69%
   1466   422   153229.5077   391   128381.0000   153662.4285   120992   19.69%
Elapsed time = 8.92 sec. (26039.17 ticks, tree = 8.67 MB, solutions = 2)
   1519   464   151550.6785   228   128381.0000   153662.4285   124455   19.69%
   1628   559   151238.1687   143   128381.0000   153662.4285   132190   19.69%
   1715   638   151630.7607   195   128381.0000   153662.4285   136834   19.69%
   1806   706   153212.7869   261   128381.0000   153641.6701   143824   19.68%
   1909   802   141571.9577   103   128381.0000   153634.9849   149268   19.67%
   1997   876   148916.6525   210   128381.0000   153612.6129   156329   19.65%
   2086   950   149546.5957   247   128381.0000   153596.6386   162847   19.64%
   2127   977   151517.1799   194   128381.0000   153573.5268   169601   19.62%
   2195  1031    infeasible         128381.0000   153568.9652   176788   19.62%
   2262  1086   152477.7000   279   128381.0000   153568.6452   182835   19.62%
Elapsed time = 12.34 sec. (36009.47 ticks, tree = 19.18 MB, solutions = 2)
   2355  1164   151870.9946   207   128381.0000   153503.5833   189783   19.57%
   2482  1278   140991.8250   171   128381.0000   153496.1468   196810   19.56%
   2570  1352   152074.3525   277   128381.0000   153452.6051   203298   19.53%
   2641  1404   145273.7888   163   128381.0000   153423.5543   210793   19.51%
   2763  1511    infeasible         128381.0000   153414.7222   217248   19.50%
   2822  1555   151289.7138   258   128381.0000   153414.1976   224063   19.50%
   2923  1644   150174.4483   201   128381.0000   153391.4316   231326   19.48%
   2989  1696   148722.5188   256   128381.0000   153328.5320   238305   19.43%
   3038  1733   151621.6000   153   128381.0000   153306.8468   245951   19.42%
   3131  1810    infeasible         128381.0000   153293.3379   253338   19.41%
Elapsed time = 15.75 sec. (45820.47 ticks, tree = 33.51 MB, solutions = 2)
   3237  1898   147050.0248   156   128381.0000   153278.2958   260130   19.39%
   3321  1968   151197.2279   223   128381.0000   153264.9457   267202   19.38%
   3408  2032   152612.7940   205   128381.0000   153247.8571   274957   19.37%
   3486  2103    infeasible         128381.0000   153229.5509   282576   19.36%
   3555  2153    infeasible         128381.0000   153207.0000   290430   19.34%
   3688  2268   152251.0888   230   128381.0000   153191.7857   297382   19.33%
   3760  2320   151899.0958   270   128381.0000   153175.6596   305122   19.31%
   3874  2422   147621.0564   185   128381.0000   153163.0000   312503   19.30%
*  3956+ 2482                       128563.0000   153135.6674            19.11%
   3959  2485   149726.5146   171   128563.0000   153135.6674   320188   19.11%
   4054  2565   150203.2279   145   128563.0000   153128.6755   328331   19.11%
Elapsed time = 18.99 sec. (55476.24 ticks, tree = 49.86 MB, solutions = 3)
   4143  2637   150334.8439   368   128563.0000   153127.4981   336434   19.11%
   4245  2721   146264.7078   203   128563.0000   153121.3502   344339   19.10%
   4349  2805   148619.6621   136   128563.0000   153111.3023   352451   19.09%
   4500  2933    infeasible         128563.0000   153103.3420   359553   19.09%
   4610  3027   152869.6909   375   128563.0000   153088.8487   367019   19.08%
   4736  3135   152704.7953   287   128563.0000   153088.5419   374142   19.08%
   4866  3255    infeasible         128563.0000   153088.5000   382845   19.08%
   4988  3357   150219.2281   156   128563.0000   153086.4457   390340   19.08%
   5050  3397   150248.2735   397   128563.0000   153085.6799   398815   19.07%
   5173  3502   151419.5000   211   128563.0000   153085.2520   406931   19.07%
Elapsed time = 24.45 sec. (65181.30 ticks, tree = 72.30 MB, solutions = 3)
   5266  3582   151652.7971   227   128563.0000   153084.1722   415632   19.07%
   5392  3685   152030.7944   222   128563.0000   153084.0000   423235   19.07%
   5515  3791   152150.7063   317   128563.0000   153081.9240   431321   19.07%
   5615  3881   145188.8813   105   128563.0000   153081.8284   438539   19.07%
   5672  3919   151548.4934   300   128563.0000   153079.8989   446451   19.07%
   5802  4035   151488.2969   362   128563.0000   153079.0654   453738   19.07%
   5958  4166   150690.7956    94   128563.0000   153073.1402   461601   19.06%
   6049  4239   149927.7476   264   128563.0000   153071.6904   469048   19.06%
   6185  4362   149753.0811   289   128563.0000   153070.9584   476185   19.06%
   6272  4439   148081.3347   227   128563.0000   153065.2292   482336   19.06%
Elapsed time = 27.74 sec. (74912.79 ticks, tree = 95.10 MB, solutions = 3)
   6434  4588   147622.7111   239   128563.0000   153063.6297   490139   19.06%
   6524  4656   151076.5037   332   128563.0000   153061.2587   496434   19.06%
   6631  4753   145143.3687   251   128563.0000   153060.9665   504149   19.06%
   6786  4889   146997.0373   293   128563.0000   153059.5075   511391   19.05%
   6916  5006   149312.5208   198   128563.0000   153058.0229   518838   19.05%
*  6956+ 5044                       128617.0000   153058.0229            19.00%
   7026  5106   149593.5440   226   128617.0000   153049.4643   526079   19.00%
   7173  5236   152726.7841   325   128617.0000   153042.1275   533926   18.99%
   7282  5331   152600.7708   395   128617.0000   153041.7599   542131   18.99%
   7376  5416   152174.8269   227   128617.0000   153036.0686   549203   18.99%
   7507  5535   151276.7763   223   128617.0000   153034.4417   557295   18.98%
Elapsed time = 31.09 sec. (84697.35 ticks, tree = 118.44 MB, solutions = 4)
   7599  5611   145512.9220   239   128617.0000   153031.5512   564652   18.98%
   7725  5720   150781.9722   149   128617.0000   153025.8240   571863   18.98%
   7872  5848   151880.2747   393   128617.0000   153017.4218   579407   18.97%
   7952  5914   146608.0745   178   128617.0000   153013.7118   587083   18.97%
   8089  6033   148360.8263   174   128617.0000   153012.6538   593844   18.97%
   8181  6103   151085.6261   227   128617.0000   153004.6885   601391   18.96%
   8263  6163    infeasible         128617.0000   152993.2857   608958   18.95%
   8386  6274   149584.1265   258   128617.0000   152990.6699   615045   18.95%
   8458  6332   149995.1750   356   128617.0000   152990.6699   622514   18.95%
   8851  6660   142365.3854   209   128617.0000   152962.4563   651104   18.93%
Elapsed time = 35.50 sec. (97239.04 ticks, tree = 144.80 MB, solutions = 4)
   9314  7069   152620.0000   133   128617.0000   152950.6914   678639   18.92%
   9784  7480   146129.1036   159   128617.0000   152924.2074   705979   18.90%
  10143  7759   150950.4348   255   128617.0000   152899.4883   735278   18.88%
* 10516+ 8063                       128659.0000   152877.8571            18.82%
* 10516+ 8063                       128660.0000   152877.8571            18.82%
* 10516+ 8062                       128735.0000   152877.8571            18.75%
* 10516+ 8062                       129093.0000   152877.8571            18.42%
* 10516+ 8062                       129244.0000   152877.8571            18.29%
* 10517+ 8063                       129248.0000   152877.8571            18.28%
* 10517+ 8063                       129336.0000   152877.8571            18.20%
  10517  8065   152527.0000   148   129336.0000   152876.2076   761990   18.20%
  10518  8066   150189.8889   342   129336.0000   152875.8068   762286   18.20%
  10982  8475   146908.9437   289   129336.0000   152864.2955   790649   18.19%
  11546  8993   151144.8639   308   129336.0000   152843.8653   817962   18.18%
  12014  9403   150510.4207   228   129336.0000   152827.4188   845755   18.16%
  12514  9846   152099.7710   294   129336.0000   152813.1360   872326   18.15%
  13003 10281   151009.1588   356   129336.0000   152792.0000   900937   18.14%
Elapsed time = 53.06 sec. (145391.41 ticks, tree = 231.86 MB, solutions = 11)
  13416 10639   148249.2230   310   129336.0000   152784.2950   929141   18.13%
  13830 10989   151063.7551   133   129336.0000   152774.8000   957749   18.12%
  14174 11280   140894.7794   275   129336.0000   152760.4886   986535   18.11%
  14686 11731   149154.7127   202   129336.0000   152749.1931  1012113   18.10%
  15178 12151   152264.3889   262   129336.0000   152737.2000  1038454   18.09%
  15677 12586   150314.9167   176   129336.0000   152725.4620  1065322   18.08%
  16191 13049    infeasible         129336.0000   152712.6067  1089681   18.07%
  16334 13161   149753.9114   249   129336.0000   152704.4980  1105994   18.07%

GUB cover cuts applied:  5
Clique cuts applied:  5
Cover cuts applied:  95
Implied bound cuts applied:  62
Flow cuts applied:  28
Mixed integer rounding cuts applied:  676
Zero-half cuts applied:  84
Gomory fractional cuts applied:  13

Root node processing (before b&c):
  Real time             =    0.24 sec. (588.22 ticks)
Sequential b&c:
  Real time             =   66.76 sec. (177242.92 ticks)
                          ------------
Total (root+branch&cut) =   67.00 sec. (177831.14 ticks)
[CPLEX] Status: time limit exceeded
[CPLEX] OPTIMAL OBJ: 129336.0
[CPLEX] Runtime: 67.007 sec
Vehicle 0: d → 22 → 27 → 3 → 7 → 21 → 14 → 9 → 28 → 4 → 19 → 23 → 25 → 29 → 15 → 6 → 12 → 20 → 18 → 16 → d, (requests = [0, 1, 2, 3, 4, 9, 10, 13, 17])
Vehicle 1: d → 16 → 30 → 20 → 12 → 0 → 15 → 29 → 25 → 13 → 26 → 19 → 4 → 24 → 9 → 14 → 21 → 8 → 7 → 10 → 27 → 22 → 5 → d, (requests = [5, 6, 7, 12, 16, 20, 23])
Vehicle 2: d → 5 → 2 → 22 → 27 → 17 → 8 → 21 → 14 → 9 → 24 → 4 → 19 → 23 → 25 → 15 → 11 → 0 → 12 → 6 → d, (requests = [8, 14, 15, 18, 19, 21])
Vehicle 3: d, (requests = [])
Vehicle 4: d → 25 → 23 → 19 → 4 → 28 → 14 → 21 → 17 → d, (requests = [11, 22])
======== PPDSP OBJECTIVE ========
Profit    = 161593
Cost      = 32257
Objective = 129336
=================================
===== RAW XY MODEL =====
104 148 205 246 317 405 458 487 544 593 632 659 687 732 762 830 868 901 944 1015 1040 1177 1216 1259 1288 1327 1372 1409 1467 1494 1534 1567 1637 1677 1705 1734 1802 1838 1876 1911 1978 2005 2033 2209 2283 2344 2359 2420 2474 2509 2549 2587 2654 2688 2749 2828 2883 2928 2958 2969 3012 3078 3194 4601 4914 5020 5057 5134 5200 5268 5355 5462 2049 2051 2053 2055 2183 2186 2188 2190 3229 2193 2195 5480 3299 3301 3306 3309 3311 3313 4423 4427 4430 4435 5491 4442
  [Time Manager] Step 25 consumed 67.01s. Total Consumed: 1242.47s.
  [Info] Saved 5492 core assumption literals to p1_A-n32-k5_r24v5k3.lp.asm

[26/60] Building & Solving: R=25, V=5, K=3
Default row names c1, c2 ... being created.
  [Info] Generating MIP Formulation...
  [Time Manager] Global Remaining Budget: 2357.53s | Future Weight Sum: 35.0
  [Time Manager] Recalibrated Budget for this step: 67.36s
[CPLEX] Setting time limit to 67 seconds
[CPLEX] Reading assumption from p1_A-n32-k5_r24v5k3.lp.asm ...
[CPLEX] Applying MIP Start with 5240 variables.
Version identifier: 22.1.1.0 | 2022-11-28 | 9160aff4d
CPXPARAM_Read_DataCheck                          1
CPXPARAM_Threads                                 1
CPXPARAM_TimeLimit                               67
1 of 1 MIP starts provided solutions.
MIP start 'm1' defined initial solution with objective 129336.0000.
Tried aggregator 1 time.
MIP Presolve eliminated 55 rows and 4265 columns.
MIP Presolve modified 2750 coefficients.
Reduced MIP has 2625 rows, 1295 columns, and 12000 nonzeros.
Reduced MIP has 985 binaries, 310 generals, 0 SOSs, and 0 indicators.
Presolve time = 0.00 sec. (7.34 ticks)
Probing time = 0.00 sec. (2.51 ticks)
Tried aggregator 1 time.
Detecting symmetries...
Reduced MIP has 2625 rows, 1295 columns, and 12000 nonzeros.
Reduced MIP has 985 binaries, 310 generals, 0 SOSs, and 0 indicators.
Presolve time = 0.00 sec. (7.78 ticks)
Probing time = 0.00 sec. (2.56 ticks)
Clique table members: 560.
MIP emphasis: balance optimality and feasibility.
MIP search method: dynamic search.
Parallel mode: none, using 1 thread.
Root relaxation solution time = 0.01 sec. (30.73 ticks)

        Nodes                                         Cuts/
   Node  Left     Objective  IInf  Best Integer    Best Bound    ItCnt     Gap

*     0+    0                       129336.0000   832585.0000           543.74%
      0     0   159882.6331   161   129336.0000   159882.6331      711   23.62%
      0     0   159529.6667   202   129336.0000     Cuts: 147      818   23.35%
      0     0   159355.0000   172   129336.0000     Cuts: 172      908   23.21%
      0     0   159329.0000   279   129336.0000      Cuts: 29      979   23.19%
      0     0   159320.2500   182   129336.0000      Cuts: 51     1000   23.18%
      0     0   159196.2500   192   129336.0000      Cuts: 39     1118   23.09%
      0     0   158999.9459   294   129336.0000      Cuts: 44     1211   22.94%
      0     0   158992.4727   221   129336.0000      Cuts: 71     1284   22.93%
      0     0   158989.4727   235   129336.0000      Cuts: 34     1308   22.93%
      0     0   158989.4727   225   129336.0000      Cuts: 10     1313   22.93%
      0     0   158946.0000   175   129336.0000      Cuts: 34     1355   22.89%
      0     0   158946.0000   181   129336.0000      Cuts: 84     1370   22.89%
      0     2   158946.0000   181   129336.0000   158946.0000     1370   22.89%
Elapsed time = 0.24 sec. (519.61 ticks, tree = 0.01 MB, solutions = 1)
     26    28   157216.0575   108   129336.0000   158692.0714     4785   22.70%
     70    63   157343.9314   117   129336.0000   158685.8571     8596   22.69%
    117    90   154254.3988   100   129336.0000   158648.5627    12071   22.66%
    161   119   158326.0669   254   129336.0000   158635.6973    15085   22.65%
    212   156    infeasible         129336.0000   158635.6973    18903   22.65%
    241   178   157329.3146   146   129336.0000   158613.8333    22208   22.64%
    300   220   157590.1248   229   129336.0000   158606.0745    26237   22.63%
    355   260   158592.5560   101   129336.0000   158602.9040    29449   22.63%
    389   286   158252.5340   186   129336.0000   158593.5000    33103   22.62%
    564   426   157180.9494    95   129336.0000   158577.5015    46118   22.61%
Elapsed time = 1.48 sec. (3734.81 ticks, tree = 0.50 MB, solutions = 1)
    748   569   158429.8544   237   129336.0000   158537.9286    58406   22.58%
    991   758   158330.5016   301   129336.0000   158485.0000    68010   22.54%

Performing restart 1

Repeating presolve.
Tried aggregator 1 time.
MIP Presolve modified 100 coefficients.
Reduced MIP has 2625 rows, 1295 columns, and 12000 nonzeros.
Reduced MIP has 985 binaries, 310 generals, 0 SOSs, and 0 indicators.
Presolve time = 0.00 sec. (6.34 ticks)
Tried aggregator 1 time.
Reduced MIP has 2625 rows, 1295 columns, and 12000 nonzeros.
Reduced MIP has 985 binaries, 310 generals, 0 SOSs, and 0 indicators.
Presolve time = 0.00 sec. (8.04 ticks)
Represolve time = 0.01 sec. (24.48 ticks)
   1008     0   158922.4528   238   129336.0000      Cuts: 87    70805   22.54%
   1008     0   158844.8162    94   129336.0000      Cuts: 66    70909   22.54%
   1008     0   158794.5429   259   129336.0000     Cuts: 155    71068   22.54%
   1008     0   158740.6749   267   129336.0000     Cuts: 102    71378   22.54%
   1008     0   158738.8379   334   129336.0000      Cuts: 29    71466   22.54%
   1008     0   158728.0361   270   129336.0000     Cuts: 103    71546   22.54%
   1008     0   158728.0361   276   129336.0000      Cuts: 50    71567   22.54%
   1008     0   158726.7133   295   129336.0000       Cuts: 8    71583   22.54%
   1008     2   158726.7133   295   129336.0000   158484.6212    71583   22.54%
   1013     7   158591.8275   205   129336.0000   158484.6212    72385   22.54%
   1021    14   157599.1618   179   129336.0000   158484.6212    73500   22.54%
   1036    28   154471.9195   329   129336.0000   158484.6212    76372   22.54%
   1065    51   156042.5073   198   129336.0000   158484.6212    80977   22.54%
   1157   133    infeasible         129336.0000   158484.6212    85789   22.54%
   1210   179   158470.2220    87   129336.0000   158484.6212    89856   22.54%
   1325   281   158442.7932   187   129336.0000   158484.6212    96168   22.54%
Elapsed time = 5.31 sec. (14450.49 ticks, tree = 2.89 MB, solutions = 1)
   1417   365   158404.7114   194   129336.0000   158484.6212   100701   22.54%
   1528   463   142702.1213   121   129336.0000   158484.6212   107195   22.54%
   1615   532   156263.8662   269   129336.0000   158484.6212   114358   22.54%
   1769   663   146857.9737   191   129336.0000   158484.6212   121780   22.54%
   1848   725   153472.9333   200   129336.0000   158456.6154   128511   22.52%
   1985   850   145652.4429   279   129336.0000   158455.4290   135900   22.51%
   2138   978   156577.9354   255   129336.0000   158452.5000   143161   22.51%
   2238  1057   156707.5932   301   129336.0000   158439.6942   151496   22.50%
   2355  1151   156062.1265   268   129336.0000   158421.3560   158847   22.49%
   2479  1247   156912.9521   160   129336.0000   158401.5889   166981   22.47%
Elapsed time = 8.66 sec. (24087.29 ticks, tree = 23.66 MB, solutions = 1)
   2605  1350   153594.4459   159   129336.0000   158398.4126   175190   22.47%
   2761  1472   154898.7296   146   129336.0000   158385.5229   182191   22.46%
   2946  1648   155086.9347   267   129336.0000   158375.0912   189685   22.45%
   3044  1725   153254.1346   250   129336.0000   158356.0633   198235   22.44%
   3151  1801    infeasible         129336.0000   158342.6650   205826   22.43%
   3271  1897    infeasible         129336.0000   158321.3292   212985   22.41%
   3383  1990   156972.2835   373   129336.0000   158317.5899   220645   22.41%
   3511  2092   158073.7477    76   129336.0000   158306.1583   227898   22.40%
   3591  2149   153102.0161   274   129336.0000   158304.1863   234135   22.40%
   3730  2259    infeasible         129336.0000   158283.8993   241475   22.38%
Elapsed time = 12.08 sec. (33723.78 ticks, tree = 40.99 MB, solutions = 1)
   3848  2361   153920.2648   254   129336.0000   158280.7683   249420   22.38%
   3955  2440   157399.6519   206   129336.0000   158271.7873   255956   22.37%
   4045  2509   152563.1314   206   129336.0000   158253.6917   262844   22.36%
   4130  2576   155718.5597   319   129336.0000   158229.4641   268898   22.34%
   4286  2703   157769.7278   339   129336.0000   158218.5171   276366   22.33%
   4385  2788   156975.4441   177   129336.0000   158209.5485   282151   22.32%
   4479  2868   150792.8902   188   129336.0000   158205.8750   289523   22.32%
   4570  2938   156765.3440   285   129336.0000   158198.5054   296858   22.32%
   4660  3008   148173.0102   207   129336.0000   158193.2718   303505   22.31%
   4704  3034   156931.8446   259   129336.0000   158152.2500   309141   22.28%
Elapsed time = 15.48 sec. (43539.05 ticks, tree = 57.29 MB, solutions = 1)
   4784  3087   157360.1200   291   129336.0000   158141.4507   316668   22.27%
   4883  3166   155216.7721   228   129336.0000   158131.4256   323290   22.26%
   4990  3245   157675.5886   452   129336.0000   158123.5052   328950   22.26%
   5064  3304   153229.4299   249   129336.0000   158113.5000   335085   22.25%
   5180  3400   152385.3773   283   129336.0000   158100.2146   342166   22.24%
   5292  3497   146205.3042   149   129336.0000   158098.4748   349562   22.24%
   5386  3565   156224.8244   359   129336.0000   158089.4773   356580   22.23%
   5493  3649    infeasible         129336.0000   158081.4413   363022   22.23%
   5595  3737   157496.6810   270   129336.0000   158068.1797   369565   22.22%
   5703  3829   157674.9907   206   129336.0000   158062.0216   376546   22.21%
Elapsed time = 18.98 sec. (53406.41 ticks, tree = 74.90 MB, solutions = 1)
   5754  3864   156903.3591   359   129336.0000   158056.2333   383600   22.21%
   5868  3951   156226.5625   276   129336.0000   158047.5342   390639   22.20%
   5928  3998   156061.1600   337   129336.0000   158045.7715   396763   22.20%
   6042  4092   152158.6543   241   129336.0000   158043.5193   403113   22.20%
   6109  4143   155720.6467   233   129336.0000   158035.0064   409496   22.19%
   6219  4239   157093.7587   347   129336.0000   158026.6133   416175   22.18%
   6304  4319   151295.3183   165   129336.0000   158021.9047   423164   22.18%
   6427  4422   157678.5571   392   129336.0000   158016.1444   430718   22.17%
   6530  4508   152868.6074   280   129336.0000   158014.0611   438046   22.17%
   6614  4567   153877.6752   286   129336.0000   158011.4775   445530   22.17%
Elapsed time = 22.41 sec. (63198.77 ticks, tree = 92.72 MB, solutions = 1)
   6692  4629   157848.9536   447   129336.0000   158004.3745   451424   22.17%
   6839  4771   149552.8263   252   129336.0000   157995.8125   457743   22.16%
   6929  4835   154032.1326   288   129336.0000   157990.5636   464151   22.16%
   6990  4884   156812.3657   292   129336.0000   157978.2122   470764   22.15%
   7063  4950   149010.3915   195   129336.0000   157978.1632   477348   22.15%
   7169  5042   157214.4744   299   129336.0000   157974.8064   483327   22.14%
   7236  5093   153620.7679   262   129336.0000   157965.9970   489396   22.14%
   7361  5191   157213.4167   226   129336.0000   157964.7801   495708   22.14%
   7448  5264   156354.8964   250   129336.0000   157953.2250   501283   22.13%
   7508  5314   153919.6564   143   129336.0000   157951.5000   507076   22.12%
Elapsed time = 28.21 sec. (72923.75 ticks, tree = 108.57 MB, solutions = 1)
   7617  5403   156834.4327   201   129336.0000   157944.3408   513373   22.12%
   7688  5444    infeasible         129336.0000   157928.8880   520109   22.11%
   7791  5537   148355.4522   105   129336.0000   157926.3891   526294   22.11%
   7869  5591   153444.7719   304   129336.0000   157922.8741   533671   22.10%
   7940  5641   151642.9516   234   129336.0000   157920.0086   539556   22.10%
   8036  5716   156256.8142   348   129336.0000   157917.3866   546880   22.10%
   8088  5754   155980.4769   271   129336.0000   157905.0476   553460   22.09%
   8140  5775   157363.7740   200   129336.0000   157901.8750   559948   22.09%
   8292  5905   157552.8505   192   129336.0000   157899.7083   566343   22.08%
   8360  5948   153741.5793   306   129336.0000   157893.4680   573627   22.08%
Elapsed time = 31.78 sec. (82813.08 ticks, tree = 121.99 MB, solutions = 1)
   8424  5987   154178.2348   293   129336.0000   157882.9735   580309   22.07%
   8494  6047   157351.0919   355   129336.0000   157877.9712   586128   22.07%
   8606  6148   142767.5778   204   129336.0000   157871.5000   592310   22.06%
   8681  6206   156984.9546   335   129336.0000   157868.0420   597895   22.06%
   8758  6266   149145.4000   360   129336.0000   157863.1880   604669   22.06%
   8825  6325   145649.8361   287   129336.0000   157860.7465   611527   22.05%
   8895  6371   152006.0417   167   129336.0000   157850.0208   618423   22.05%
   8995  6456    infeasible         129336.0000   157844.7120   624470   22.04%
   9093  6534   155438.4688   173   129336.0000   157842.4880   631896   22.04%
   9439  6825    infeasible         129336.0000   157825.8768   659274   22.03%
Elapsed time = 36.16 sec. (95319.33 ticks, tree = 144.49 MB, solutions = 1)
   9805  7129   152114.4934   113   129336.0000   157817.0876   684813   22.02%
  10174  7420   135795.1541   322   129336.0000   157793.0462   711317   22.00%
  10537  7709   153715.1213   225   129336.0000   157781.3525   736210   21.99%
  10957  8064   156048.2311   375   129336.0000   157771.7185   763212   21.99%
* 11089+ 8170                       129568.0000   157767.0963            21.76%
* 11089+ 8160                       130112.0000   157767.0963            21.25%
  11089  8162   157251.0981   387   130112.0000   157766.5435   774537   21.25%
  11090  8163   155628.3636   202   130112.0000   157764.8050   774746   21.25%
  11543  8552   154766.4882   308   130112.0000   157757.3056   800539   21.25%
  11936  8880   155367.0526   237   130112.0000   157742.6472   827624   21.24%
  12407  9260    infeasible         130112.0000   157728.9958   856727   21.23%
  12841  9616    infeasible         130112.0000   157718.6635   886897   21.22%
Elapsed time = 52.77 sec. (140528.24 ticks, tree = 208.66 MB, solutions = 3)
  13239  9947   155525.9686   193   130112.0000   157705.8382   915187   21.21%
  13788 10403   154442.4729   371   130112.0000   157693.3128   945654   21.20%
  14220 10759    infeasible         130112.0000   157682.7716   971990   21.19%
  14560 11032   149427.4944   188   130112.0000   157671.0125   998311   21.18%
  15026 11439   156383.1909   289   130112.0000   157667.5671  1026268   21.18%
  15467 11824   152405.4066   398   130112.0000   157659.8146  1052966   21.17%
  15808 12102   151952.7459   227   130112.0000   157654.5000  1076841   21.17%
  16108 12347   155483.3565   283   130112.0000   157647.2631  1100623   21.16%
Advanced basis not built.

GUB cover cuts applied:  10
Clique cuts applied:  12
Cover cuts applied:  76
Implied bound cuts applied:  55
Flow cuts applied:  14
Mixed integer rounding cuts applied:  451
Zero-half cuts applied:  66
Lift and project cuts applied:  1
Gomory fractional cuts applied:  11

Root node processing (before b&c):
  Real time             =    0.24 sec. (519.82 ticks)
Sequential b&c:
  Real time             =   66.76 sec. (173604.92 ticks)
                          ------------
Total (root+branch&cut) =   67.00 sec. (174124.74 ticks)
[CPLEX] Status: time limit exceeded
[CPLEX] OPTIMAL OBJ: 130112.0
[CPLEX] Runtime: 67.007 sec
Vehicle 0: d → 22 → 27 → 3 → 7 → 21 → 14 → 9 → 28 → 4 → 19 → 23 → 25 → 29 → 15 → 6 → 12 → 20 → 18 → 16 → d, (requests = [0, 1, 2, 3, 4, 9, 10, 13, 17])
Vehicle 1: d → 16 → 30 → 20 → 12 → 0 → 15 → 29 → 25 → 13 → 26 → 19 → 4 → 24 → 9 → 14 → 21 → 8 → 7 → 10 → 27 → 22 → 5 → d, (requests = [5, 6, 7, 11, 12, 16, 20, 23])
Vehicle 2: d → 5 → 2 → 22 → 27 → 17 → 8 → 21 → 14 → 9 → 24 → 4 → 19 → 23 → 25 → 15 → 11 → 0 → 12 → 6 → d, (requests = [8, 14, 15, 18, 19, 21])
Vehicle 3: d, (requests = [])
Vehicle 4: d → 19 → 4 → 28 → 14 → 21 → 17 → d, (requests = [22])
======== PPDSP OBJECTIVE ========
Profit    = 161593
Cost      = 31481
Objective = 130112
=================================
===== RAW XY MODEL =====
104 148 205 246 317 405 458 487 544 593 632 659 687 732 762 830 868 901 944 1015 1040 1177 1216 1259 1288 1327 1372 1409 1467 1494 1534 1567 1637 1677 1705 1734 1802 1838 1876 1911 1978 2005 2033 2209 2283 2344 2359 2420 2474 2509 2549 2587 2654 2688 2749 2828 2883 2928 2958 2969 3012 3078 3194 4601 4914 5020 5057 5134 5355 5456 2049 2051 2053 2055 2183 2186 2188 2190 3229 2193 2195 3296 3299 3301 3306 3309 3311 3313 4423 4427 4430 4435 5491 4442
  [Time Manager] Step 26 consumed 67.01s. Total Consumed: 1309.47s.
  [Info] Saved 5560 core assumption literals to p1_A-n32-k5_r25v5k3.lp.asm

[27/60] Building & Solving: R=26, V=5, K=3
Default row names c1, c2 ... being created.
  [Info] Generating MIP Formulation...
  [Time Manager] Global Remaining Budget: 2290.53s | Future Weight Sum: 34.0
  [Time Manager] Recalibrated Budget for this step: 67.37s
[CPLEX] Setting time limit to 67 seconds
[CPLEX] Reading assumption from p1_A-n32-k5_r25v5k3.lp.asm ...
[CPLEX] Applying MIP Start with 5245 variables.
Version identifier: 22.1.1.0 | 2022-11-28 | 9160aff4d
CPXPARAM_Read_DataCheck                          1
CPXPARAM_Threads                                 1
CPXPARAM_TimeLimit                               67
1 of 1 MIP starts provided solutions.
MIP start 'm1' defined initial solution with objective 130112.0000.
Tried aggregator 1 time.
MIP Presolve eliminated 55 rows and 4265 columns.
MIP Presolve modified 2750 coefficients.
Reduced MIP has 2641 rows, 1300 columns, and 12160 nonzeros.
Reduced MIP has 990 binaries, 310 generals, 0 SOSs, and 0 indicators.
Presolve time = 0.00 sec. (7.41 ticks)
Probing time = 0.00 sec. (2.54 ticks)
Tried aggregator 1 time.
Detecting symmetries...
Reduced MIP has 2641 rows, 1300 columns, and 12160 nonzeros.
Reduced MIP has 990 binaries, 310 generals, 0 SOSs, and 0 indicators.
Presolve time = 0.00 sec. (7.85 ticks)
Probing time = 0.00 sec. (2.56 ticks)
Clique table members: 561.
MIP emphasis: balance optimality and feasibility.
MIP search method: dynamic search.
Parallel mode: none, using 1 thread.
Root relaxation solution time = 0.01 sec. (26.22 ticks)

        Nodes                                         Cuts/
   Node  Left     Objective  IInf  Best Integer    Best Bound    ItCnt     Gap

*     0+    0                       130112.0000   882620.0000           578.35%
      0     0   169885.1445   169   130112.0000   169885.1445      649   30.57%
      0     0   169516.0433   211   130112.0000     Cuts: 118      833   30.28%
      0     0   169322.0000   173   130112.0000     Cuts: 174      978   30.14%
      0     0   169322.0000   173   130112.0000      Cuts: 60      979   30.14%
      0     0   169312.3235   180   130112.0000  ZeroHalf: 43     1037   30.13%
      0     0   169298.5000   174   130112.0000      Cuts: 75     1062   30.12%
      0     0   169239.3077   224   130112.0000      Cuts: 35     1195   30.07%
      0     0   169190.2500   190   130112.0000      Cuts: 67     1244   30.03%
      0     0   169118.7199   233   130112.0000      Cuts: 53     1358   29.98%
      0     0   169086.0000   234   130112.0000     Cuts: 107     1523   29.95%
      0     0   169049.4048   250   130112.0000      Cuts: 71     1633   29.93%
      0     0   168913.0000   220   130112.0000     Cuts: 108     1807   29.82%
*     0+    0                       134307.0000   168913.0000            25.77%
      0     0        cutoff         134307.0000   168913.0000     1807   25.77%
      0     0   168880.1827   379   134307.0000     Cuts: 113     1989   25.74%
      0     0   168834.1221   426   134307.0000      Cuts: 62     2206   25.71%
      0     0   168760.3421   349   134307.0000      Cuts: 74     2382   25.65%
      0     0   168740.6758   221   134307.0000     Cuts: 102     2445   25.64%
      0     0   168738.2126   327   134307.0000      Cuts: 80     2569   25.64%
      0     2   168738.2126   327   134307.0000   168736.0237     2569   25.63%
Elapsed time = 0.33 sec. (789.33 ticks, tree = 0.01 MB, solutions = 2)
     17    17   168287.2327   110   134307.0000   168712.4408     4450   25.62%
     53    43   168147.7647   280   134307.0000   168693.0000     7942   25.60%
    100    82   163265.2646    98   134307.0000   168693.0000    10915   25.60%
    126   103   158381.5077   136   134307.0000   168675.5294    13088   25.59%
    160   126   167974.7725   177   134307.0000   168662.2745    16784   25.58%
    208   164   167110.8160   152   134307.0000   168662.2353    20253   25.58%
    254   196   166356.8655   162   134307.0000   168650.7268    24376   25.57%
    292   224   165700.3652    99   134307.0000   168649.5906    27226   25.57%
    349   263   166823.5873   123   134307.0000   168649.5906    30911   25.57%
    520   391   168573.3235   107   134307.0000   168588.5000    41476   25.52%
Elapsed time = 1.52 sec. (3948.29 ticks, tree = 0.62 MB, solutions = 2)
    700   540   167690.0617   239   134307.0000   168549.1286    55190   25.50%

Performing restart 1

Repeating presolve.
Tried aggregator 1 time.
MIP Presolve modified 100 coefficients.
Reduced MIP has 2641 rows, 1300 columns, and 12160 nonzeros.
Reduced MIP has 990 binaries, 310 generals, 0 SOSs, and 0 indicators.
Presolve time = 0.00 sec. (6.41 ticks)
Tried aggregator 1 time.
Reduced MIP has 2641 rows, 1300 columns, and 12160 nonzeros.
Reduced MIP has 990 binaries, 310 generals, 0 SOSs, and 0 indicators.
Presolve time = 0.00 sec. (8.11 ticks)
Represolve time = 0.01 sec. (24.81 ticks)
    970     0   168705.5833   252   134307.0000     Cuts: 175    70132   25.46%
    970     0   168693.0000    96   134307.0000      Cuts: 97    70234   25.46%
    970     0   168685.4017   241   134307.0000     Cuts: 134    70339   25.46%
    970     0   168675.3778   235   134307.0000     Cuts: 166    70517   25.46%
    970     0   168675.1410   262   134307.0000     Cuts: 115    70554   25.46%
    970     0   168655.1436   234   134307.0000      Cuts: 77    70768   25.46%
    970     0   168653.1309   440   134307.0000     Cuts: 160    70910   25.46%
    970     0   168646.6058   428   134307.0000      Cuts: 92    70984   25.46%
    970     0   168641.7612   465   134307.0000     Cuts: 196    71055   25.46%
    970     2   168641.7612   466   134307.0000   168499.8333    71055   25.46%
    974     6   168623.6250   199   134307.0000   168499.8333    71391   25.46%
    981    13   168402.5610   115   134307.0000   168499.8333    72162   25.46%
    996    25   165143.7921   128   134307.0000   168499.8333    73452   25.46%
   1025    42   167805.6174   139   134307.0000   168499.8333    74516   25.46%
   1042    55   166755.1449   116   134307.0000   168499.8333    76052   25.46%
   1066    76   164233.3120   153   134307.0000   168499.8333    77759   25.46%
   1084    90   166780.8705   246   134307.0000   168499.8333    80167   25.46%
   1103   105    infeasible         134307.0000   168499.8333    82703   25.46%
Elapsed time = 6.07 sec. (16839.91 ticks, tree = 0.67 MB, solutions = 2)
   1109   109   167552.0000   253   134307.0000   168499.8333    84327   25.46%
   1117   117   167009.0000   289   134307.0000   168499.8333    84971   25.46%
   1130   129   163050.5590   184   134307.0000   168499.8333    86549   25.46%
   1149   141   166839.5073   295   134307.0000   168499.8333    91705   25.46%
   1169   157   165410.9887   285   134307.0000   168473.3575    97472   25.44%
   1228   204   167597.9605   387   134307.0000   168471.7117   102455   25.44%
   1321   278   165705.2763   227   134307.0000   168467.7094   106326   25.43%
   1430   371   168290.6252   133   134307.0000   168458.9364   110885   25.43%
   1540   461   166694.9500   155   134307.0000   168442.1710   117199   25.42%
   1597   509   166822.6802   293   134307.0000   168435.5413   122321   25.41%
Elapsed time = 9.52 sec. (26835.61 ticks, tree = 6.14 MB, solutions = 2)
   1674   581   156285.2698   272   134307.0000   168435.5413   126712   25.41%
   1794   677   166318.1860   239   134307.0000   168417.2500   133754   25.40%
   1935   810   162190.2983   214   134307.0000   168416.5072   140325   25.40%
   2056   918   160151.4727   220   134307.0000   168402.2500   146045   25.39%
   2171  1014   163353.3685   108   134307.0000   168389.1763   152047   25.38%
   2243  1070   165997.9270   218   134307.0000   168381.4385   158756   25.37%
   2349  1158   161944.9400   254   134307.0000   168361.7159   166123   25.36%
   2459  1253   167670.1875   216   134307.0000   168320.7218   173478   25.33%
   2522  1302   166171.1744   203   134307.0000   168310.7613   180886   25.32%
   2623  1388   166451.9737   383   134307.0000   168304.9706   187435   25.31%
Elapsed time = 12.87 sec. (36485.07 ticks, tree = 21.90 MB, solutions = 2)
   2790  1536   159226.1619   150   134307.0000   168298.6641   195079   25.31%
   2909  1640   162292.9019   179   134307.0000   168272.4773   201928   25.29%
   3079  1799   165596.1462   191   134307.0000   168259.2318   209180   25.28%
   3212  1914   166471.0049   243   134307.0000   168256.4195   216415   25.28%
   3401  2080   167167.4520   125   134307.0000   168242.4760   222751   25.27%
   3496  2162   161876.8746   207   134307.0000   168234.2959   230686   25.26%
   3623  2270    infeasible         134307.0000   168215.1248   238737   25.25%
   3747  2371    infeasible         134307.0000   168206.5714   246555   25.24%
   3870  2473   167218.0129   258   134307.0000   168195.9250   254350   25.23%
   3982  2573   166122.8965   231   134307.0000   168191.8790   261537   25.23%
Elapsed time = 16.20 sec. (46167.70 ticks, tree = 48.66 MB, solutions = 2)
   4068  2637   167410.1833   181   134307.0000   168175.9697   270016   25.22%
   4204  2751    infeasible         134307.0000   168169.0207   278840   25.21%
   4306  2832    infeasible         134307.0000   168153.9306   286196   25.20%
   4421  2928   166963.3714   273   134307.0000   168138.4844   293434   25.19%
   4511  3000   165533.7273   190   134307.0000   168125.6915   301413   25.18%
   4613  3077   160898.4892   167   134307.0000   168098.2130   309666   25.16%
   4720  3170   165930.5511   227   134307.0000   168091.1013   317627   25.15%
   4821  3246   162106.1972   166   134307.0000   168089.7230   325915   25.15%
   4923  3335   166230.2112   214   134307.0000   168081.1485   333914   25.15%
   5031  3424   165642.6667   187   134307.0000   168068.9363   342456   25.14%
Elapsed time = 19.62 sec. (55890.67 ticks, tree = 68.00 MB, solutions = 2)
   5129  3508   163802.6701   254   134307.0000   168066.0235   350371   25.14%
   5247  3604   165416.2629   160   134307.0000   168053.5526   357653   25.13%
   5354  3697   166311.1217   184   134307.0000   168037.8626   365612   25.11%
   5439  3761    infeasible         134307.0000   168029.0701   373260   25.11%
   5551  3860   164603.7897   203   134307.0000   168004.7791   379984   25.09%
   5649  3934   167370.5473   219   134307.0000   167981.5000   387819   25.07%
   5720  3994   166599.7942   182   134307.0000   167969.4932   394101   25.06%
   5806  4061   165721.1882   284   134307.0000   167955.6436   401239   25.05%
   5939  4169   165944.1513   175   134307.0000   167950.8182   409111   25.05%
   6039  4253   157551.0952   181   134307.0000   167941.8559   416646   25.04%
Elapsed time = 22.91 sec. (65543.76 ticks, tree = 86.53 MB, solutions = 2)
   6123  4324   167074.4612   319   134307.0000   167930.1978   423274   25.03%
   6199  4379   164832.9556   143   134307.0000   167914.4794   430715   25.02%
   6296  4460   156035.1297   150   134307.0000   167898.6969   438355   25.01%
   6342  4493   164346.4221   377   134307.0000   167893.7389   445538   25.01%
   6442  4577   160748.4361   157   134307.0000   167887.9220   452750   25.00%
   6545  4659   167464.7604   333   134307.0000   167878.5162   460253   25.00%
   6615  4713   167495.7490   393   134307.0000   167869.5669   467930   24.99%
   6745  4824   161977.1821   201   134307.0000   167863.2606   475519   24.98%
   6848  4897   166948.8649   357   134307.0000   167845.6256   483278   24.97%
   6925  4958   163979.4385   268   134307.0000   167833.5717   491290   24.96%
Elapsed time = 28.68 sec. (75256.80 ticks, tree = 102.25 MB, solutions = 2)
   7014  5029   167133.9640   157   134307.0000   167826.1328   497192   24.96%
   7119  5114    infeasible         134307.0000   167822.3333   504491   24.95%
   7182  5161   156588.1476   290   134307.0000   167805.0000   511337   24.94%
   7321  5289   167397.1382   179   134307.0000   167796.4916   518358   24.94%
   7383  5337   165275.5824   281   134307.0000   167788.8325   526095   24.93%
   7446  5390   164453.1814   341   134307.0000   167784.9740   534248   24.93%
   7527  5452   164867.7040   261   134307.0000   167778.6589   541897   24.92%
   7664  5565   166473.5809   141   134307.0000   167763.7100   549458   24.91%
   7734  5619   166631.0052   140   134307.0000   167754.6111   557083   24.90%
   7857  5715   165742.4968   338   134307.0000   167744.9286   564796   24.90%
Elapsed time = 32.21 sec. (84956.58 ticks, tree = 116.91 MB, solutions = 2)
   7923  5764   163351.4143    98   134307.0000   167732.7768   572103   24.89%
   7996  5819   167029.4263   229   134307.0000   167725.6676   579044   24.88%
   8099  5896   166206.3996   199   134307.0000   167712.3533   586974   24.87%
   8193  5980   159125.3363   166   134307.0000   167707.5792   594866   24.87%
   8274  6043   167516.7824   285   134307.0000   167696.8462   601527   24.86%
   8366  6111   164753.7269   173   134307.0000   167687.0202   608994   24.85%
   8495  6213   159176.0480   172   134307.0000   167665.5000   615996   24.84%
   8617  6299    infeasible         134307.0000   167660.0851   623428   24.83%
   8713  6367   165676.4266   173   134307.0000   167641.2500   631370   24.82%
   9100  6677   166776.0000   160   134307.0000   167604.0839   661770   24.79%
Elapsed time = 36.71 sec. (97456.50 ticks, tree = 137.81 MB, solutions = 2)
   9489  6998   153161.5345   171   134307.0000   167592.6883   690466   24.78%
   9896  7324   164734.6481   301   134307.0000   167577.6877   717139   24.77%
  10351  7711   164065.0095   167   134307.0000   167563.2863   747342   24.76%
* 10670+ 7977                       134308.0000   167556.0202            24.76%
* 10670+ 7976                       134379.0000   167556.0202            24.69%
* 10671+ 7954                       139324.0000   167556.0202            20.26%
* 10671+ 7953                       139603.0000   167556.0202            20.02%
* 10671+ 7953                       139695.0000   167556.0202            19.94%
  10671  7955   166503.8209   204   139695.0000   167555.1315   762276   19.94%
  10672  7956   167402.3333   159   139695.0000   167554.2111   762427   19.94%
  11121  8329   166568.0232   301   139695.0000   167536.0638   791245   19.93%
  11449  8598   155853.5337   163   139695.0000   167512.7783   817804   19.91%
  11796  8868   158297.1042   122   139695.0000   167500.8333   846769   19.90%
  12241  9231   166601.4200   353   139695.0000   167488.0000   874564   19.90%
  12786  9694   164350.6112   192   139695.0000   167469.8148   904186   19.88%
Elapsed time = 55.46 sec. (147795.12 ticks, tree = 203.77 MB, solutions = 7)
  13243 10071   164501.2081   259   139695.0000   167455.2042   933917   19.87%
  13660 10412   158734.4788   209   139695.0000   167436.9217   963308   19.86%
  14089 10781   165449.8750   217   139695.0000   167427.2853   992951   19.85%
  14531 11138   164639.7157   206   139695.0000   167412.6079  1022209   19.84%
  14980 11511   162124.4000   165   139695.0000   167408.4849  1050764   19.84%
  15411 11857   166025.8217   190   139695.0000   167400.8475  1079858   19.83%

GUB cover cuts applied:  6
Clique cuts applied:  13
Cover cuts applied:  46
Implied bound cuts applied:  41
Flow cuts applied:  18
Mixed integer rounding cuts applied:  446
Zero-half cuts applied:  97
Lift and project cuts applied:  1
Gomory fractional cuts applied:  19

Root node processing (before b&c):
  Real time             =    0.33 sec. (779.76 ticks)
Sequential b&c:
  Real time             =   66.67 sec. (173170.34 ticks)
                          ------------
Total (root+branch&cut) =   67.00 sec. (173950.10 ticks)
[CPLEX] Status: time limit exceeded
[CPLEX] OPTIMAL OBJ: 139695.0
[CPLEX] Runtime: 67.007 sec
Vehicle 0: d → 22 → 27 → 3 → 7 → 21 → 14 → 9 → 28 → 4 → 19 → 23 → 25 → 29 → 15 → 6 → 12 → 20 → 18 → 16 → d, (requests = [0, 1, 2, 3, 4, 9, 10, 13, 17])
Vehicle 1: d → 16 → 30 → 20 → 12 → 0 → 15 → 29 → 25 → 13 → 26 → 19 → 4 → 24 → 9 → 14 → 21 → 8 → 7 → 10 → 27 → 22 → 5 → d, (requests = [5, 6, 7, 11, 12, 16, 20, 23])
Vehicle 2: d → 2 → 22 → 27 → 7 → 8 → 21 → 14 → 28 → 24 → 4 → 19 → 23 → 25 → 15 → 11 → 0 → 12 → 6 → d, (requests = [8, 14, 15, 18, 19, 25])
Vehicle 3: d → 5 → 1 → 22 → 27 → 10 → 7 → 17 → d, (requests = [21, 24])
Vehicle 4: d → 19 → 4 → 28 → 14 → 21 → 17 → d, (requests = [22])
======== PPDSP OBJECTIVE ========
Profit    = 176524
Cost      = 36829
Objective = 139695
=================================
===== RAW XY MODEL =====
104 148 205 246 317 405 458 487 544 593 632 659 687 732 762 830 868 901 944 1015 1040 1177 1216 1259 1288 1327 1372 1409 1467 1494 1534 1567 1637 1677 1705 1734 1802 1838 1876 1911 1978 2005 2033 2209 2283 2344 2420 2429 2474 2549 2587 2673 2688 2828 2883 2928 2958 2969 3012 3068 3117 3191 3370 3477 3557 3643 3891 4047 4190 4313 4601 4914 5020 5057 5134 5355 5456 2049 2051 2053 2055 2183 2186 2188 2190 3229 2193 2195 3296 3299 3301 3306 3309 3311 3313 4423 4427 4430 4436 5491 4442 5559 5563
  [Time Manager] Step 27 consumed 67.01s. Total Consumed: 1376.48s.
  [Info] Saved 5565 core assumption literals to p1_A-n32-k5_r26v5k3.lp.asm

[28/60] Building & Solving: R=27, V=5, K=3
Default row names c1, c2 ... being created.
  [Info] Generating MIP Formulation...
  [Time Manager] Global Remaining Budget: 2223.52s | Future Weight Sum: 33.0
  [Time Manager] Recalibrated Budget for this step: 67.38s
[CPLEX] Setting time limit to 67 seconds
[CPLEX] Reading assumption from p1_A-n32-k5_r26v5k3.lp.asm ...
[CPLEX] Applying MIP Start with 5250 variables.
Version identifier: 22.1.1.0 | 2022-11-28 | 9160aff4d
CPXPARAM_Read_DataCheck                          1
CPXPARAM_Threads                                 1
CPXPARAM_TimeLimit                               67
1 of 1 MIP starts provided solutions.
MIP start 'm1' defined initial solution with objective 139695.0000.
Tried aggregator 1 time.
MIP Presolve eliminated 50 rows and 4265 columns.
MIP Presolve modified 2770 coefficients.
Reduced MIP has 2662 rows, 1305 columns, and 12325 nonzeros.
Reduced MIP has 995 binaries, 310 generals, 0 SOSs, and 0 indicators.
Presolve time = 0.00 sec. (7.54 ticks)
Probing time = 0.00 sec. (2.58 ticks)
Tried aggregator 1 time.
Detecting symmetries...
Reduced MIP has 2662 rows, 1305 columns, and 12325 nonzeros.
Reduced MIP has 995 binaries, 310 generals, 0 SOSs, and 0 indicators.
Presolve time = 0.00 sec. (7.94 ticks)
Probing time = 0.00 sec. (2.57 ticks)
Clique table members: 567.
MIP emphasis: balance optimality and feasibility.
MIP search method: dynamic search.
Parallel mode: none, using 1 thread.
Root relaxation solution time = 0.01 sec. (30.30 ticks)

        Nodes                                         Cuts/
   Node  Left     Objective  IInf  Best Integer    Best Bound    ItCnt     Gap

*     0+    0                       139695.0000   920485.0000           558.92%
      0     0   177457.3284   162   139695.0000   177457.3284      708   27.03%
      0     0   177088.8621   150   139695.0000     Cuts: 185      856   26.77%
      0     0   176932.0000   180   139695.0000     Cuts: 166     1017   26.66%
      0     0   176922.5141   259   139695.0000      Cuts: 31     1135   26.65%
      0     0   176899.7953   271   139695.0000      Cuts: 93     1185   26.63%
      0     0   176830.3419   435   139695.0000      Cuts: 32     1559   26.58%
      0     0   176742.7773   418   139695.0000      Cuts: 79     1625   26.52%
      0     0   176583.6749   347   139695.0000      Cuts: 57     1675   26.41%
      0     0   176557.8333   207   139695.0000      Cuts: 49     1725   26.39%
      0     0   176520.2727   244   139695.0000      Cuts: 51     1773   26.36%
      0     0   176510.2500   211   139695.0000     Cuts: 110     1792   26.35%
      0     0   176451.6429   235   139695.0000      Cuts: 80     1934   26.31%
      0     0   176382.0096   255   139695.0000      Cuts: 66     2069   26.26%
      0     0   176373.1667   243   139695.0000      Cuts: 47     2112   26.26%
      0     0   176353.5000   233   139695.0000      Cuts: 43     2180   26.24%
      0     2   176353.5000   233   139695.0000   176352.3571     2180   26.24%
Elapsed time = 0.32 sec. (733.86 ticks, tree = 0.01 MB, solutions = 1)
     21    23   175719.3361   144   139695.0000   176350.5000     4809   26.24%
     57    49   169761.5045   134   139695.0000   176350.5000     8172   26.24%
    100    76   176053.4434    86   139695.0000   176246.3706    11462   26.17%
    131   105   173445.6296   145   139695.0000   176246.3706    14342   26.17%
    153   121   175544.8710   209   139695.0000   176209.0000    15765   26.14%
    174   142   173282.2894   161   139695.0000   176209.0000    18081   26.14%
    218   176   172145.2232   169   139695.0000   176205.7597    20132   26.14%
    256   205   176102.3662   113   139695.0000   176182.7941    22207   26.12%
    300   239   168155.9119   132   139695.0000   176182.7941    24731   26.12%
    444   352   175828.0641   195   139695.0000   176168.5869    32276   26.11%
Elapsed time = 1.49 sec. (3955.19 ticks, tree = 4.32 MB, solutions = 1)

Performing restart 1

Repeating presolve.
Tried aggregator 1 time.
MIP Presolve modified 100 coefficients.
Reduced MIP has 2662 rows, 1305 columns, and 12325 nonzeros.
Reduced MIP has 995 binaries, 310 generals, 0 SOSs, and 0 indicators.
Presolve time = 0.00 sec. (6.48 ticks)
Tried aggregator 1 time.
Reduced MIP has 2662 rows, 1305 columns, and 12325 nonzeros.
Reduced MIP has 995 binaries, 310 generals, 0 SOSs, and 0 indicators.
Presolve time = 0.00 sec. (8.21 ticks)
Represolve time = 0.02 sec. (26.48 ticks)
    511     0   176298.3543   236   139695.0000     Cuts: 144    37077   26.11%
    511     0   176286.1176   291   139695.0000     Cuts: 140    37165   26.11%
    511     0   176266.8103   343   139695.0000      Cuts: 61    37377   26.11%
    511     0   176260.3219   438   139695.0000     Cuts: 103    37486   26.11%
    511     0   176260.2193   314   139695.0000      Cuts: 41    37512   26.11%
    511     0   176236.1995   247   139695.0000     Cuts: 101    37725   26.11%
    511     0   176227.4012   365   139695.0000      Cuts: 97    37826   26.11%
    511     0   176222.0258   370   139695.0000     Cuts: 102    37935   26.11%
    511     0   176211.0555   362   139695.0000     Cuts: 101    38105   26.11%
    511     0   176209.6374   375   139695.0000      Cuts: 75    38153   26.11%
    511     2   176209.6374   362   139695.0000   176168.0022    38153   26.11%
    516     7   176118.6152   213   139695.0000   176139.7580    39539   26.09%
    521    12   175555.6039   297   139695.0000   176139.7580    40698   26.09%
    526    17   174429.4223   324   139695.0000   176139.7580    42195   26.09%
    531    22   171648.6148   192   139695.0000   176139.7580    42740   26.09%
    542    31   168992.3239    73   139695.0000   176139.7580    44749   26.09%
    564    50   167559.9632   146   139695.0000   176139.7580    46331   26.09%
    581    64   164304.1975   190   139695.0000   176139.7580    47036   26.09%
    626   105   175981.9500   284   139695.0000   176135.7222    49163   26.09%
    640   119   175082.1207   136   139695.0000   176135.7222    50906   26.09%
Elapsed time = 6.12 sec. (17335.35 ticks, tree = 2.16 MB, solutions = 1)
    679   157   168006.9614   127   139695.0000   176135.7222    53210   26.09%
    731   199   175580.3910   247   139695.0000   176116.0897    56127   26.07%
    800   266   168093.4723   204   139695.0000   176116.0897    59865   26.07%
    931   392   172777.2866   215   139695.0000   176067.2270    64106   26.04%
    995   447   172532.5351   113   139695.0000   176052.6262    68023   26.03%
   1075   506   175900.0965   289   139695.0000   176050.5039    72109   26.02%
   1159   585   170884.8845   211   139695.0000   176049.1713    78800   26.02%
   1224   636   174567.6321   260   139695.0000   176029.1500    84130   26.01%
   1353   750   172433.3473   159   139695.0000   176025.6500    90851   26.01%
   1407   794   172664.2946   269   139695.0000   176015.0000    97403   26.00%
Elapsed time = 9.42 sec. (26959.97 ticks, tree = 17.75 MB, solutions = 1)
   1504   880   172030.0857   229   139695.0000   175988.3227   104151   25.98%
   1608   976   175230.7964   277   139695.0000   175981.9500   111021   25.98%
   1699  1061   172422.2631   190   139695.0000   175981.9500   117773   25.98%
   1777  1133   165664.5265   210   139695.0000   175981.6000   125253   25.98%
   1855  1197   172326.5937   273   139695.0000   175977.5595   133783   25.97%
   1913  1234   175944.4102   161   139695.0000   175943.9725   140865   25.95%
   2000  1299    infeasible         139695.0000   175929.5007   149008   25.94%
   2071  1363   168303.6067   262   139695.0000   175927.2103   156363   25.94%
   2222  1495   175314.0242   270   139695.0000   175916.3333   162923   25.93%
   2313  1573   175159.1718   242   139695.0000   175905.7311   168537   25.92%
Elapsed time = 12.67 sec. (36634.04 ticks, tree = 35.10 MB, solutions = 1)
   2473  1726   173253.7781   193   139695.0000   175899.1504   175862   25.92%
   2533  1772   171127.5993   126   139695.0000   175889.3922   182790   25.91%
   2596  1819   170182.4251   272   139695.0000   175882.3674   190414   25.90%
   2691  1902   172421.3312   206   139695.0000   175871.1951   197667   25.90%
   2775  1977   168088.3033   191   139695.0000   175870.4064   205480   25.90%
   2887  2068   170605.8120   243   139695.0000   175853.0514   213066   25.88%
   2961  2124    infeasible         139695.0000   175802.9566   220831   25.85%
   3078  2229   172153.0269   237   139695.0000   175801.7521   228233   25.85%
   3182  2310   175592.8759   227   139695.0000   175794.5379   236598   25.84%
   3264  2374   174541.5164   157   139695.0000   175766.9141   243417   25.82%
Elapsed time = 15.94 sec. (46341.11 ticks, tree = 53.90 MB, solutions = 1)
   3344  2432   174026.3377   241   139695.0000   175755.3227   250305   25.81%
   3462  2539   169111.5166   204   139695.0000   175754.5000   258338   25.81%
   3520  2573   175493.9071   451   139695.0000   175748.1818   265804   25.81%
   3605  2650   172915.6811   275   139695.0000   175742.4582   273481   25.80%
   3681  2712   168925.8363   201   139695.0000   175724.0599   281059   25.79%
   3817  2828    infeasible         139695.0000   175724.0306   288841   25.79%
   3910  2915   169186.8905   210   139695.0000   175721.0370   296257   25.79%
   4003  2996   175345.5182   276   139695.0000   175701.7113   307177   25.78%
   4138  3122    infeasible         139695.0000   175679.3211   315057   25.76%
   4281  3250   175250.2857   119   139695.0000   175662.0000   322250   25.75%
Elapsed time = 19.22 sec. (56003.71 ticks, tree = 64.70 MB, solutions = 1)
   4375  3320   174902.2701   353   139695.0000   175633.8620   329327   25.73%
   4490  3431   160378.6584   203   139695.0000   175622.1073   336670   25.72%
   4623  3552   175518.4836   291   139695.0000   175618.0000   343189   25.72%
   4673  3588    infeasible         139695.0000   175614.8129   350616   25.71%
   4778  3673   175378.5543   191   139695.0000   175602.4286   357819   25.70%
   4898  3785   162819.9563   203   139695.0000   175592.0408   364894   25.70%
   5014  3888   175031.3333   211   139695.0000   175585.4000   372151   25.69%
   5089  3945   172849.6531   186   139695.0000   175577.5121   379841   25.69%
   5151  3993   169318.8414   139   139695.0000   175569.6200   388031   25.68%
   5273  4101   175145.7675   247   139695.0000   175569.0628   395328   25.68%
Elapsed time = 22.45 sec. (65686.70 ticks, tree = 81.68 MB, solutions = 1)
   5369  4188   170002.1298   284   139695.0000   175563.5000   401941   25.68%
   5423  4228   175421.3602   289   139695.0000   175560.8172   409342   25.67%
   5493  4278    infeasible         139695.0000   175555.2044   417217   25.67%
   5585  4357   171572.8280   280   139695.0000   175552.3700   424962   25.67%
   5670  4425   173859.5993   242   139695.0000   175546.9091   432869   25.66%
   5800  4538   174336.4756   290   139695.0000   175541.8044   439670   25.66%
   5873  4587   175500.8333   285   139695.0000   175524.2692   447262   25.65%
   5983  4688   172077.8222   171   139695.0000   175524.0281   454897   25.65%
   6093  4774   173897.1314   153   139695.0000   175515.0000   462341   25.64%
   6190  4860   166560.0000   186   139695.0000   175509.8000   469228   25.64%
Elapsed time = 25.76 sec. (75345.20 ticks, tree = 98.79 MB, solutions = 1)
   6378  5028   174081.7940   286   139695.0000   175497.6170   477530   25.63%
   6454  5090   173147.2219   286   139695.0000   175493.7500   485026   25.63%
   6546  5162    infeasible         139695.0000   175492.5114   493109   25.63%
   6648  5254   169353.4670   165   139695.0000   175488.9756   500528   25.62%
   6803  5393   174843.3382   218   139695.0000   175476.1366   508474   25.61%
   6896  5464   175116.3880   303   139695.0000   175460.2115   515999   25.60%
   7000  5558   167946.6468   164   139695.0000   175459.5324   523215   25.60%
   7184  5726    infeasible         139695.0000   175451.0082   530502   25.60%
   7281  5803    infeasible         139695.0000   175446.4191   537447   25.59%
   7370  5882    infeasible         139695.0000   175441.2269   544590   25.59%
Elapsed time = 31.31 sec. (85092.40 ticks, tree = 123.47 MB, solutions = 1)
   7425  5927   173729.0432   192   139695.0000   175428.1195   552419   25.58%
   7533  6021   167610.0910   182   139695.0000   175420.1544   559574   25.57%
   7591  6057   175233.9447   344   139695.0000   175409.6756   566349   25.57%
   7653  6108   174809.0890   202   139695.0000   175404.5641   574374   25.56%
   7729  6168   174330.1425   321   139695.0000   175403.6581   582822   25.56%
   7805  6226    infeasible         139695.0000   175400.1333   590441   25.56%
   7917  6316   175207.4813   150   139695.0000   175396.7062   597929   25.56%
   8061  6435   174294.5191   102   139695.0000   175393.3227   605103   25.55%
   8098  6462   174952.2282   296   139695.0000   175393.2250   612521   25.55%
   8408  6711   175243.8167   191   139695.0000   175378.3125   641076   25.54%
Elapsed time = 35.65 sec. (97710.13 ticks, tree = 142.23 MB, solutions = 1)
   8914  7150   170177.8336   164   139695.0000   175372.3779   670118   25.54%
   9387  7539   167783.8054   187   139695.0000   175352.2500   700311   25.53%
   9818  7904    infeasible         139695.0000   175341.4971   730525   25.52%
  10268  8281   157044.2649   203   139695.0000   175332.7506   761786   25.51%
  10656  8603   172967.3983   176   139695.0000   175327.9716   793340   25.51%
* 10732+ 8660                       139864.0000   175326.2678            25.35%
* 10732+ 8646                       140222.0000   175326.2678            25.03%
* 10732+ 8643                       140378.0000   175326.2678            24.90%
* 10732+ 8642                       140676.0000   175326.2678            24.63%
  10732  8644   174195.8170    90   140676.0000   175325.0312   801446   24.63%
  10733  8645   174919.3276   200   140676.0000   175323.4457   801634   24.63%
  11152  9006   170621.2649   180   140676.0000   175305.0714   832452   24.62%
  11528  9315   162423.3372   211   140676.0000   175296.7500   862006   24.61%
  12040  9752   173377.7600   270   140676.0000   175288.9948   892336   24.60%
Elapsed time = 52.00 sec. (142188.85 ticks, tree = 212.84 MB, solutions = 5)
  12420 10060   173169.0972   221   140676.0000   175286.0354   923511   24.60%
  12841 10401   172659.9182   235   140676.0000   175275.8333   953701   24.60%
  13251 10742   172203.5237   277   140676.0000   175263.0193   981677   24.59%
  13693 11117   174892.5458   305   140676.0000   175255.0815  1011180   24.58%
  14210 11587   175199.6203   364   140676.0000   175250.2857  1040931   24.58%
  14659 11945   171331.7750   105   140676.0000   175242.8694  1070129   24.57%
  15055 12266   170294.3453   256   140676.0000   175236.7336  1097660   24.57%
  15512 12664   170971.2025   276   140676.0000   175231.7500  1126631   24.56%
  15950 13028   173302.4250   334   140676.0000   175228.1420  1153544   24.56%

GUB cover cuts applied:  3
Clique cuts applied:  10
Cover cuts applied:  21
Implied bound cuts applied:  19
Flow cuts applied:  25
Mixed integer rounding cuts applied:  274
Zero-half cuts applied:  141
Lift and project cuts applied:  5
Gomory fractional cuts applied:  12

Root node processing (before b&c):
  Real time             =    0.32 sec. (734.14 ticks)
Sequential b&c:
  Real time             =   66.68 sec. (177900.69 ticks)
                          ------------
Total (root+branch&cut) =   67.00 sec. (178634.83 ticks)
[CPLEX] Status: time limit exceeded
[CPLEX] OPTIMAL OBJ: 140676.0
[CPLEX] Runtime: 67.007 sec
Vehicle 0: d → 22 → 27 → 3 → 7 → 21 → 14 → 9 → 28 → 4 → 19 → 23 → 25 → 29 → 15 → 6 → 12 → 20 → 18 → 16 → d, (requests = [0, 1, 2, 3, 4, 9, 13, 17])
Vehicle 1: d → 16 → 20 → 12 → 0 → 15 → 29 → 25 → 13 → 23 → 26 → 19 → 4 → 24 → 9 → 14 → 21 → 7 → 10 → 27 → 22 → 1 → 5 → d, (requests = [6, 7, 11, 12, 16, 20, 23, 26])
Vehicle 2: d → 2 → 22 → 27 → 7 → 8 → 21 → 14 → 28 → 24 → 4 → 19 → 23 → 25 → 15 → 11 → 0 → 12 → 6 → d, (requests = [8, 14, 15, 18, 19, 25])
Vehicle 3: d → 5 → 1 → 22 → 27 → 10 → 7 → 17 → d, (requests = [10, 21, 24])
Vehicle 4: d → 19 → 4 → 28 → 14 → 21 → 17 → d, (requests = [22])
======== PPDSP OBJECTIVE ========
Profit    = 177568
Cost      = 36892
Objective = 140676
=================================
===== RAW XY MODEL =====
104 148 205 246 317 405 458 487 544 593 632 659 687 732 762 830 868 901 944 1015 1040 1062 1177 1216 1259 1327 1372 1409 1464 1494 1534 1557 1637 1677 1704 1730 1787 1802 1838 1876 1911 1978 2033 2209 2283 2344 2420 2429 2474 2549 2587 2673 2688 2828 2883 2928 2958 2969 3012 3068 3117 3191 3370 3477 3557 3643 3891 4047 4190 4313 4601 4914 5020 5057 5134 5355 5456 2049 2051 2053 2055 2183 2188 2190 3229 2193 4350 3296 3299 3301 3306 3309 3311 3313 4423 4427 4430 4436 5491 4442 5559 5563 5567
  [Time Manager] Step 28 consumed 67.01s. Total Consumed: 1443.49s.
  [Info] Saved 5570 core assumption literals to p1_A-n32-k5_r27v5k3.lp.asm

[29/60] Building & Solving: R=28, V=5, K=3
Default row names c1, c2 ... being created.
  [Info] Generating MIP Formulation...
  [Time Manager] Global Remaining Budget: 2156.51s | Future Weight Sum: 32.0
  [Time Manager] Recalibrated Budget for this step: 67.39s
[CPLEX] Setting time limit to 67 seconds
[CPLEX] Reading assumption from p1_A-n32-k5_r27v5k3.lp.asm ...
[CPLEX] Applying MIP Start with 5255 variables.
Version identifier: 22.1.1.0 | 2022-11-28 | 9160aff4d
CPXPARAM_Read_DataCheck                          1
CPXPARAM_Threads                                 1
CPXPARAM_TimeLimit                               67
1 of 1 MIP starts provided solutions.
MIP start 'm1' defined initial solution with objective 140676.0000.
Tried aggregator 1 time.
MIP Presolve eliminated 50 rows and 4265 columns.
MIP Presolve modified 2770 coefficients.
Reduced MIP has 2678 rows, 1310 columns, and 12495 nonzeros.
Reduced MIP has 1000 binaries, 310 generals, 0 SOSs, and 0 indicators.
Presolve time = 0.00 sec. (7.61 ticks)
Probing time = 0.00 sec. (2.58 ticks)
Tried aggregator 1 time.
Detecting symmetries...
Reduced MIP has 2678 rows, 1310 columns, and 12495 nonzeros.
Reduced MIP has 1000 binaries, 310 generals, 0 SOSs, and 0 indicators.
Presolve time = 0.00 sec. (8.03 ticks)
Probing time = 0.00 sec. (2.57 ticks)
Clique table members: 573.
MIP emphasis: balance optimality and feasibility.
MIP search method: dynamic search.
Parallel mode: none, using 1 thread.
Root relaxation solution time = 0.01 sec. (26.23 ticks)

        Nodes                                         Cuts/
   Node  Left     Objective  IInf  Best Integer    Best Bound    ItCnt     Gap

*     0+    0                       140676.0000   954950.0000           578.83%
      0     0   184344.9683   142   140676.0000   184344.9683      677   31.04%
      0     0   183902.4408   157   140676.0000     Cuts: 197      843   30.73%
      0     0   183782.0000   185   140676.0000     Cuts: 140      925   30.64%
      0     0   183782.0000   185   140676.0000      Cuts: 63      927   30.64%
      0     0   183737.7500   213   140676.0000  ZeroHalf: 46     1061   30.61%
      0     0   183664.0000   205   140676.0000      Cuts: 96     1099   30.56%
      0     0   183399.3872   329   140676.0000      Cuts: 83     1378   30.37%
      0     0   183261.0000   239   140676.0000     Cuts: 142     1576   30.27%
      0     0   183116.6667   210   140676.0000     Cuts: 104     1769   30.17%
      0     0   183116.6667   210   140676.0000      Cuts: 44     1791   30.17%
      0     2   183116.6667   210   140676.0000   183115.5000     1791   30.17%
Elapsed time = 0.21 sec. (517.55 ticks, tree = 0.01 MB, solutions = 1)
     15    17   182162.9715   124   140676.0000   183110.0000     4492   30.16%
     34    34   180152.5184   108   140676.0000   183110.0000     6371   30.16%
     59    53   182892.4010   290   140676.0000   182964.6600     9131   30.06%
     72    66   181982.6067   170   140676.0000   182964.6600    11710   30.06%
    102    84   182668.4454   174   140676.0000   182963.7054    14191   30.06%
    178   141   182516.8222   370   140676.0000   182955.3722    17884   30.05%
    200   163   181241.1492   138   140676.0000   182955.3722    21261   30.05%
    223   182   181296.4131   211   140676.0000   182943.8165    24738   30.05%
    254   208   181846.2941   223   140676.0000   182943.7296    28237   30.05%
    425   349   181678.4315   252   140676.0000   182868.0824    41539   29.99%
Elapsed time = 1.41 sec. (3704.56 ticks, tree = 0.99 MB, solutions = 1)

Performing restart 1

Repeating presolve.
Tried aggregator 1 time.
MIP Presolve modified 100 coefficients.
Reduced MIP has 2678 rows, 1310 columns, and 12495 nonzeros.
Reduced MIP has 1000 binaries, 310 generals, 0 SOSs, and 0 indicators.
Presolve time = 0.00 sec. (6.55 ticks)
Tried aggregator 1 time.
Reduced MIP has 2678 rows, 1310 columns, and 12495 nonzeros.
Reduced MIP has 1000 binaries, 310 generals, 0 SOSs, and 0 indicators.
Presolve time = 0.00 sec. (8.30 ticks)
Represolve time = 0.01 sec. (22.72 ticks)
    532     0   183083.0000   111   140676.0000      Cuts: 73    50528   29.98%
    532     0   183067.7744   345   140676.0000     Cuts: 127    50766   29.98%
    532     0   183059.0000   166   140676.0000     Cuts: 118    50879   29.98%
    532     0   183059.0000   184   140676.0000     Cuts: 195    50915   29.98%
    532     0   183059.0000   178   140676.0000      Cuts: 68    50929   29.98%
    532     0   183058.6760   373   140676.0000      Cuts: 79    50991   29.98%
    532     0   183052.3585   426   140676.0000     Cuts: 173    51098   29.98%
    532     2   183052.3585   415   140676.0000   182849.1958    51098   29.98%
    534     4   182918.8780   166   140676.0000   182849.1958    51984   29.98%
    536     6   182559.5803   471   140676.0000   182849.1958    52604   29.98%
    540    10   182880.0545   431   140676.0000   182849.1958    54636   29.98%
    547    17   182266.3333    91   140676.0000   182849.1958    55787   29.98%
    554    23   181997.2696   260   140676.0000   182849.1958    57334   29.98%
    568    37   181902.0603   155   140676.0000   182849.1958    58669   29.98%
    584    52   177182.5042   189   140676.0000   182849.1958    59553   29.98%
    609    73   169700.2013   136   140676.0000   182849.1958    60287   29.98%
    636    93   182402.6772   348   140676.0000   182849.1958    61479   29.98%
Elapsed time = 6.24 sec. (17973.46 ticks, tree = 1.24 MB, solutions = 1)
    646   103   181870.3485   216   140676.0000   182849.1958    62813   29.98%
    665   118   181592.7437   186   140676.0000   182849.1958    65157   29.98%
    675   128   180947.6184   235   140676.0000   182849.1958    65639   29.98%
    726   174   171550.6598   112   140676.0000   182849.1958    67750   29.98%
    752   192   182791.0000    86   140676.0000   182849.1958    69099   29.98%
    804   240   174706.4280   213   140676.0000   182849.1958    72736   29.98%
    828   255   182749.2721   383   140676.0000   182849.1958    74903   29.98%
    859   285   177499.7712   252   140676.0000   182849.1958    77179   29.98%
    952   367   178764.2054   144   140676.0000   182802.7057    81467   29.95%
   1017   421   182515.1921   197   140676.0000   182801.0000    84124   29.94%
Elapsed time = 9.61 sec. (27835.94 ticks, tree = 5.46 MB, solutions = 1)
   1055   455   179228.0032   309   140676.0000   182801.0000    88218   29.94%
   1117   506   182701.4244   414   140676.0000   182777.0586    93971   29.93%
   1170   557   172576.3790   227   140676.0000   182777.0586    99462   29.93%
   1252   631   182504.5000    78   140676.0000   182764.8333   103687   29.92%
   1337   707    infeasible         140676.0000   182761.3146   109651   29.92%
   1443   803   159633.8031   263   140676.0000   182761.3146   116253   29.92%
   1571   915   172719.6791   250   140676.0000   182756.4137   121948   29.91%
   1685  1015   182742.7774   369   140676.0000   182748.7759   127654   29.91%
   1812  1137   182084.6653   356   140676.0000   182739.7955   134535   29.90%
   1895  1213   168518.8787   256   140676.0000   182739.7955   141820   29.90%
Elapsed time = 12.88 sec. (37562.59 ticks, tree = 13.62 MB, solutions = 1)
   2004  1310   177878.2194   450   140676.0000   182738.5204   148467   29.90%
   2123  1425   172433.2507   164   140676.0000   182735.8195   156012   29.90%
   2218  1512   181024.6475   180   140676.0000   182698.0493   162727   29.87%
   2310  1594   182466.5908   500   140676.0000   182693.2256   169321   29.87%
   2482  1751   182401.5906   502   140676.0000   182669.0919   176370   29.85%
   2585  1842   177966.1096   261   140676.0000   182649.8261   183544   29.84%
   2683  1933   178654.6492   210   140676.0000   182647.9258   191564   29.84%
   2758  1996   177884.8630   355   140676.0000   182646.9647   199369   29.84%
   2836  2064   176807.9936   254   140676.0000   182646.5212   206647   29.83%
   2937  2155   179126.8830   254   140676.0000   182645.8187   213497   29.83%
Elapsed time = 16.15 sec. (47393.80 ticks, tree = 28.44 MB, solutions = 1)
   3004  2214   181360.5647   191   140676.0000   182627.7078   220818   29.82%
   3104  2300    infeasible         140676.0000   182620.6749   229072   29.82%
   3162  2350   175136.0245   288   140676.0000   182618.9607   236915   29.82%
   3229  2411   179084.0368   257   140676.0000   182618.1763   246243   29.81%
   3352  2524   179216.8729   247   140676.0000   182617.1893   253420   29.81%
   3467  2629   176650.4505   161   140676.0000   182611.2549   260951   29.81%
   3614  2758   180315.1671   134   140676.0000   182608.5051   268083   29.81%
   3726  2856   181830.5000   195   140676.0000   182599.8203   274773   29.80%
   3913  3025   182476.7739   248   140676.0000   182591.0652   282454   29.80%
   4057  3155   182166.4456   176   140676.0000   182581.8772   289576   29.79%
Elapsed time = 19.39 sec. (57188.73 ticks, tree = 48.40 MB, solutions = 1)
   4131  3219   179557.0585   338   140676.0000   182573.9772   296278   29.78%
   4266  3346   181041.6844   176   140676.0000   182570.4796   303804   29.78%
   4370  3442   179325.0942   280   140676.0000   182566.9926   311352   29.78%
   4502  3563   161335.0329   152   140676.0000   182558.2146   318835   29.77%
   4580  3629   177733.1805   160   140676.0000   182553.4428   325250   29.77%
   4711  3754   158054.1140   205   140676.0000   182548.0431   332887   29.76%
   4814  3845   164826.1937   204   140676.0000   182543.5000   339530   29.76%
   4999  4016   182523.5938   162   140676.0000   182538.0889   346052   29.76%
   5063  4072   180119.3876   306   140676.0000   182533.4239   353229   29.75%
   5195  4196   175896.7618   254   140676.0000   182531.0660   360898   29.75%
Elapsed time = 22.63 sec. (66808.23 ticks, tree = 62.75 MB, solutions = 1)
   5340  4335   175175.5217   256   140676.0000   182523.5702   368615   29.75%
   5512  4496   176194.3212   174   140676.0000   182521.4909   376183   29.75%
   5604  4576   182009.0460   121   140676.0000   182520.1062   384447   29.75%
   5713  4665   174870.0643   222   140676.0000   182515.5300   391913   29.74%
   5816  4749   178503.1667   166   140676.0000   182510.5176   400056   29.74%
   5924  4844   178036.5820   286   140676.0000   182505.9044   408680   29.73%
   6021  4930   180527.4365   209   140676.0000   182504.0163   415525   29.73%
   6137  5035   180652.4944   277   140676.0000   182503.5286   423184   29.73%
   6235  5126    infeasible         140676.0000   182501.7961   430852   29.73%
   6300  5176    infeasible         140676.0000   182497.3750   438929   29.73%
Elapsed time = 25.92 sec. (76768.68 ticks, tree = 80.08 MB, solutions = 1)
   6405  5269   180382.0854   373   140676.0000   182483.9165   446289   29.72%
   6557  5405   182382.1246   317   140676.0000   182477.3333   454047   29.71%
   6655  5487   179876.6220   318   140676.0000   182474.3107   461256   29.71%
   6784  5608   179706.4174   277   140676.0000   182466.5908   469061   29.71%
   6866  5682   179521.1395   150   140676.0000   182462.4360   476321   29.70%
   6946  5750   180536.9007   336   140676.0000   182459.1070   483689   29.70%
   7074  5870   181808.8776   381   140676.0000   182453.1170   491475   29.70%
   7157  5947   174786.2211   228   140676.0000   182451.9583   499138   29.70%
   7281  6057   182201.1275   343   140676.0000   182440.7731   507501   29.69%
   7366  6134   180368.7701   320   140676.0000   182440.4776   514412   29.69%
Elapsed time = 29.24 sec. (86590.66 ticks, tree = 95.88 MB, solutions = 1)
   7489  6247   173696.1004   197   140676.0000   182437.4790   522432   29.69%
   7547  6295   178201.6984   328   140676.0000   182434.1060   530041   29.68%
   7617  6347   177961.7032   189   140676.0000   182430.2547   537905   29.68%
   7715  6436   180194.9793   128   140676.0000   182425.2605   545513   29.68%
   7801  6504   179427.1717   295   140676.0000   182423.0000   553394   29.68%
   7943  6622   182317.1583   251   140676.0000   182420.1377   561442   29.67%
   8040  6715   168141.1664   177   140676.0000   182418.8362   569504   29.67%
   8122  6787   176862.0325   250   140676.0000   182409.1377   577521   29.67%
   8278  6933   181542.1778   243   140676.0000   182404.5273   584870   29.66%
   8758  7364   182049.4393   517   140676.0000   182396.8345   615468   29.66%
Elapsed time = 35.84 sec. (99074.94 ticks, tree = 122.29 MB, solutions = 1)
   9163  7713   181989.7340   422   140676.0000   182388.7055   647451   29.65%
   9560  8058   181087.8846   201   140676.0000   182382.3476   677991   29.65%
   9898  8343   182251.0648   491   140676.0000   182375.7501   707684   29.64%
  10313  8717   180210.0607   219   140676.0000   182356.1707   738519   29.63%
  10668  9013   181331.4279   307   140676.0000   182340.3423   768667   29.62%
  11009  9308   182097.6348   262   140676.0000   182318.1580   797440   29.60%
  11173  9450   181521.4646   251   140676.0000   182315.8301   815546   29.60%
  11174  9451   181782.8329   329   140676.0000   182314.9855   815885   29.60%
  11612  9841   180012.0661   376   140676.0000   182306.4313   844749   29.59%
  12046 10220   178938.9700   296   140676.0000   182303.2571   876452   29.59%
Elapsed time = 52.03 sec. (143063.32 ticks, tree = 170.32 MB, solutions = 1)
  12339 10449   181682.4112   197   140676.0000   182294.8375   907251   29.58%
  12626 10687   175776.9487   321   140676.0000   182282.3120   938878   29.58%
  12964 10973   180973.4545   143   140676.0000   182272.2677   967370   29.57%
  13266 11232   181030.3516   299   140676.0000   182261.6256   996241   29.56%
  13604 11506   181115.4688   299   140676.0000   182252.6516  1025167   29.55%
  13907 11760   181723.4729   426   140676.0000   182249.4964  1053696   29.55%
  14285 12081   180715.0135   241   140676.0000   182239.5023  1083196   29.55%
  14712 12465   177634.0926   284   140676.0000   182231.2188  1112024   29.54%
  15054 12753   179724.5938   174   140676.0000   182224.3444  1139403   29.53%

GUB cover cuts applied:  6
Clique cuts applied:  17
Cover cuts applied:  35
Implied bound cuts applied:  36
Flow cuts applied:  16
Mixed integer rounding cuts applied:  291
Zero-half cuts applied:  112
Lift and project cuts applied:  5
Gomory fractional cuts applied:  14

Root node processing (before b&c):
  Real time             =    0.21 sec. (517.63 ticks)
Sequential b&c:
  Real time             =   67.01 sec. (178996.91 ticks)
                          ------------
Total (root+branch&cut) =   67.22 sec. (179514.54 ticks)
[CPLEX] Status: time limit exceeded
[CPLEX] OPTIMAL OBJ: 140676.0
[CPLEX] Runtime: 67.226 sec
Vehicle 0: d → 22 → 27 → 3 → 7 → 21 → 14 → 9 → 28 → 4 → 19 → 23 → 25 → 29 → 15 → 6 → 12 → 20 → 18 → 16 → d, (requests = [0, 1, 2, 3, 4, 9, 13, 17])
Vehicle 1: d → 16 → 20 → 12 → 0 → 15 → 29 → 25 → 13 → 23 → 26 → 19 → 4 → 24 → 9 → 14 → 21 → 7 → 10 → 27 → 22 → 1 → 5 → d, (requests = [6, 7, 11, 12, 16, 20, 23, 26])
Vehicle 2: d → 2 → 22 → 27 → 7 → 8 → 21 → 14 → 28 → 24 → 4 → 19 → 23 → 25 → 15 → 11 → 0 → 12 → 6 → d, (requests = [8, 14, 15, 18, 19, 25])
Vehicle 3: d → 5 → 1 → 22 → 27 → 10 → 7 → 17 → d, (requests = [10, 21, 24])
Vehicle 4: d → 19 → 4 → 28 → 14 → 21 → 17 → d, (requests = [22])
======== PPDSP OBJECTIVE ========
Profit    = 177568
Cost      = 36892
Objective = 140676
=================================
===== RAW XY MODEL =====
104 148 205 246 317 405 458 487 544 593 632 659 687 732 762 830 868 901 944 1015 1040 1062 1177 1216 1259 1327 1372 1409 1464 1494 1534 1557 1637 1677 1704 1730 1787 1802 1838 1876 1911 1978 2033 2209 2283 2344 2420 2429 2474 2549 2587 2673 2688 2828 2883 2928 2958 2969 3012 3068 3117 3191 3370 3477 3557 3643 3891 4047 4190 4313 4601 4914 5020 5057 5134 5355 5456 2049 2051 2053 2055 2183 2188 2190 3229 2193 4350 3296 3299 3301 3306 3309 3311 3313 4423 4427 4430 4436 5491 4442 5559 5563 5567
  [Time Manager] Step 29 consumed 67.23s. Total Consumed: 1510.72s.
  [Info] Saved 5575 core assumption literals to p1_A-n32-k5_r28v5k3.lp.asm

[30/60] Building & Solving: R=29, V=5, K=3
Default row names c1, c2 ... being created.
  [Info] Generating MIP Formulation...
  [Time Manager] Global Remaining Budget: 2089.28s | Future Weight Sum: 31.0
  [Time Manager] Recalibrated Budget for this step: 67.40s
[CPLEX] Setting time limit to 67 seconds
[CPLEX] Reading assumption from p1_A-n32-k5_r28v5k3.lp.asm ...
[CPLEX] Applying MIP Start with 5260 variables.
Version identifier: 22.1.1.0 | 2022-11-28 | 9160aff4d
CPXPARAM_Read_DataCheck                          1
CPXPARAM_Threads                                 1
CPXPARAM_TimeLimit                               67
1 of 1 MIP starts provided solutions.
MIP start 'm1' defined initial solution with objective 140676.0000.
Tried aggregator 1 time.
MIP Presolve eliminated 45 rows and 4265 columns.
MIP Presolve modified 2790 coefficients.
Reduced MIP has 2699 rows, 1315 columns, and 12665 nonzeros.
Reduced MIP has 1005 binaries, 310 generals, 0 SOSs, and 0 indicators.
Presolve time = 0.00 sec. (7.75 ticks)
Probing time = 0.00 sec. (2.59 ticks)
Tried aggregator 1 time.
Detecting symmetries...
Reduced MIP has 2699 rows, 1315 columns, and 12665 nonzeros.
Reduced MIP has 1005 binaries, 310 generals, 0 SOSs, and 0 indicators.
Presolve time = 0.00 sec. (8.13 ticks)
Probing time = 0.00 sec. (2.58 ticks)
Clique table members: 574.
MIP emphasis: balance optimality and feasibility.
MIP search method: dynamic search.
Parallel mode: none, using 1 thread.
Root relaxation solution time = 0.01 sec. (29.60 ticks)

        Nodes                                         Cuts/
   Node  Left     Objective  IInf  Best Integer    Best Bound    ItCnt     Gap

*     0+    0                       140676.0000   979750.0000           596.46%
      0     0   189318.5846   140   140676.0000   189318.5846      671   34.58%
      0     0   188928.9667   161   140676.0000     Cuts: 206      838   34.30%
      0     0   188742.0000   178   140676.0000     Cuts: 130      924   34.17%
      0     0   188742.0000   188   140676.0000      Cuts: 68      933   34.17%
      0     0   188742.0000   188   140676.0000      Cuts: 81      935   34.17%
      0     2   188742.0000   185   140676.0000   188742.0000      935   34.17%
Elapsed time = 0.18 sec. (448.71 ticks, tree = 0.01 MB, solutions = 1)
      9    11   187411.7637   269   140676.0000   188476.1674     4350   33.98%
     38    40   186143.1091   148   140676.0000   188476.1674     6668   33.98%
     90    82   187621.5937   254   140676.0000   188476.1674     8677   33.98%
    131   121   183883.8835   192   140676.0000   188476.1674    11404   33.98%
    152   139   180645.1047   175   140676.0000   188411.5648    12886   33.93%
    180   158   187789.2031   149   140676.0000   188382.8589    15278   33.91%
    214   180   187556.2537   125   140676.0000   188331.3525    18241   33.88%
    248   210   187900.3920   115   140676.0000   188293.6479    21399   33.85%
    278   238   184364.2375   144   140676.0000   188293.6479    24824   33.85%
    406   333   188148.3663   217   140676.0000   188255.7362    38075   33.82%
Elapsed time = 1.41 sec. (3611.30 ticks, tree = 2.24 MB, solutions = 1)
    569   473   185930.6295   135   140676.0000   188238.7503    51564   33.81%
    807   654   187629.1630   274   140676.0000   188177.9478    65903   33.77%
    966   797    infeasible         140676.0000   188173.0104    79916   33.76%

Performing restart 1

Repeating presolve.
Tried aggregator 1 time.
MIP Presolve modified 100 coefficients.
Reduced MIP has 2699 rows, 1315 columns, and 12665 nonzeros.
Reduced MIP has 1005 binaries, 310 generals, 0 SOSs, and 0 indicators.
Presolve time = 0.00 sec. (6.63 ticks)
Tried aggregator 1 time.
Reduced MIP has 2699 rows, 1315 columns, and 12665 nonzeros.
Reduced MIP has 1005 binaries, 310 generals, 0 SOSs, and 0 indicators.
Presolve time = 0.00 sec. (8.40 ticks)
Represolve time = 0.01 sec. (22.73 ticks)
   1036     0   188629.6848   238   140676.0000     Cuts: 184    89237   33.75%
   1036     0   188446.6235   265   140676.0000     Cuts: 106    89426   33.75%
   1036     0   188305.1855   295   140676.0000     Cuts: 112    89569   33.75%
   1036     0   188142.9725   339   140676.0000     Cuts: 105    89857   33.74%
   1036     0   188128.4342   333   140676.0000     Cuts: 143    89994   33.73%
   1036     0   188096.5525   342   140676.0000     Cuts: 160    90092   33.71%
   1036     0   188055.4507   323   140676.0000      Cuts: 43    90380   33.68%
   1036     0   188048.4285   343   140676.0000      Cuts: 77    90502   33.67%
   1036     0   188044.1585   342   140676.0000      Cuts: 42    90558   33.67%
   1036     0   188040.4453   349   140676.0000      Cuts: 56    90640   33.67%
   1036     0   188033.5698   411   140676.0000     Cuts: 127    90760   33.66%
   1036     0   188033.5698   415   140676.0000      Cuts: 79    90797   33.66%
   1036     0   188033.5698   309   140676.0000      Cuts: 17    90800   33.66%
   1036     0   188033.5698   325   140676.0000      Cuts: 54    90823   33.66%
   1036     0   188033.5698   325   140676.0000       Cuts: 5    90827   33.66%
   1036     0   188026.3435   314   140676.0000   ZeroHalf: 8    90949   33.66%
   1036     2   188026.3435   314   140676.0000   188025.8721    90949   33.66%
   1039     5   188019.0000   193   140676.0000   188019.0000    92086   33.65%
   1042     8   187857.5014   219   140676.0000   188019.0000    92743   33.65%
   1047    13   186887.8949   174   140676.0000   188019.0000    94679   33.65%
   1050    16   186448.0000    96   140676.0000   188019.0000    97222   33.65%
   1054    20   185166.9516   263   140676.0000   188019.0000    99606   33.65%
   1063    29   184964.3767   285   140676.0000   188019.0000   101426   33.65%
Elapsed time = 6.08 sec. (16606.34 ticks, tree = 0.15 MB, solutions = 1)
   1071    37   184471.9663   345   140676.0000   188019.0000   102816   33.65%
   1087    53   183137.2442   134   140676.0000   188019.0000   105560   33.65%
   1096    58   185370.2174   228   140676.0000   187948.7552   108402   33.60%
   1103    63   184534.0069   281   140676.0000   187948.7552   110170   33.60%
   1112    70   182194.9112   269   140676.0000   187948.7552   113626   33.60%
   1129    85   181076.0632   379   140676.0000   187948.7552   116509   33.60%
   1147    99   185464.1041   288   140676.0000   187895.4463   122100   33.57%
   1176   120   185903.8519   117   140676.0000   187863.4519   126435   33.54%
   1198   138   185832.8376   323   140676.0000   187844.1730   131023   33.53%
   1226   160   186854.5286   200   140676.0000   187834.2526   137065   33.52%
Elapsed time = 9.55 sec. (26777.31 ticks, tree = 0.67 MB, solutions = 1)
   1252   186   183238.3418   141   140676.0000   187834.2526   145120   33.52%
   1297   223   186971.6029   320   140676.0000   187833.5250   153661   33.52%
   1326   251   180776.0028   194   140676.0000   187833.5250   161832   33.52%
   1372   287   184836.5034   162   140676.0000   187826.5318   171473   33.52%
   1426   335   181737.7961   237   140676.0000   187816.9162   180198   33.51%
   1478   378   186588.2422   196   140676.0000   187780.5848   188889   33.48%
   1515   411   182015.3394   329   140676.0000   187737.7902   198782   33.45%
   1595   487   182946.8496   177   140676.0000   187727.3121   210228   33.45%
   1662   545   181824.1251   231   140676.0000   187726.4280   218675   33.45%
   1733   602   185839.1000   201   140676.0000   187715.3318   230823   33.44%
Elapsed time = 13.02 sec. (36519.50 ticks, tree = 1.13 MB, solutions = 1)
   1784   645   186125.5280   264   140676.0000   187678.0000   242671   33.41%
   1848   699   187173.7878   232   140676.0000   187673.0831   254683   33.41%
   1897   738   186068.3927   300   140676.0000   187639.5280   265876   33.38%
   1963   801   187291.3400   213   140676.0000   187596.0485   275562   33.35%
   2019   851   179756.4708   251   140676.0000   187595.4821   285753   33.35%
   2048   874   183632.7211   345   140676.0000   187572.9000   296106   33.34%
   2104   921   181593.6628   217   140676.0000   187497.0031   306882   33.28%
   2179   986   186674.9752   300   140676.0000   187495.1829   311990   33.28%
   2250  1049   186173.7220   259   140676.0000   187433.4757   318677   33.24%
   2310  1103   183700.5141   290   140676.0000   187429.8297   324888   33.24%
Elapsed time = 16.58 sec. (46362.27 ticks, tree = 5.42 MB, solutions = 1)
   2409  1188   184703.9800   183   140676.0000   187395.8932   331564   33.21%
   2497  1266   179720.7857   210   140676.0000   187376.1206   338140   33.20%
   2601  1359   183824.4928   184   140676.0000   187345.5978   345824   33.18%
   2642  1390   185136.6182   163   140676.0000   187325.9222   351881   33.16%
   2694  1425   186718.8223   368   140676.0000   187318.7738   359705   33.16%
   2790  1501   187058.8478   199   140676.0000   187309.3375   366251   33.15%
   2861  1550   187054.1215   284   140676.0000   187298.4613   373562   33.14%
   2914  1579    infeasible         140676.0000   187279.3070   380940   33.13%
   2987  1644   182110.6592   243   140676.0000   187266.3874   388349   33.12%
   3048  1689    infeasible         140676.0000   187224.2458   396058   33.09%
Elapsed time = 20.14 sec. (56103.70 ticks, tree = 13.89 MB, solutions = 1)
   3093  1722    infeasible         140676.0000   187186.5000   403754   33.06%
   3160  1769   185900.6985   343   140676.0000   187173.9213   411314   33.05%
   3229  1824    infeasible         140676.0000   187170.3210   419466   33.05%
   3308  1887    infeasible         140676.0000   187147.0333   427143   33.03%
   3408  1969   186116.9476   372   140676.0000   187102.8745   434624   33.00%
   3507  2050   185722.7326   258   140676.0000   187097.9273   441823   33.00%
   3599  2127   184424.1500   196   140676.0000   187092.1511   448591   33.00%
   3695  2205   186266.0000   270   140676.0000   187090.3176   456413   32.99%
   3811  2312   182587.1781   191   140676.0000   187088.5930   464360   32.99%
   3956  2443   183541.7365   326   140676.0000   187087.7152   471822   32.99%
Elapsed time = 23.76 sec. (65863.62 ticks, tree = 27.81 MB, solutions = 1)
   4013  2482    infeasible         140676.0000   187083.0875   480115   32.99%
   4079  2532   184784.6811   352   140676.0000   187071.3677   486561   32.98%
   4143  2580   184124.0695   166   140676.0000   187065.7580   494250   32.98%
   4259  2686   184784.9969   154   140676.0000   187065.4470   501218   32.98%
   4311  2717   186048.8099   479   140676.0000   187054.8793   508678   32.97%
   4392  2788   186635.8186   207   140676.0000   187053.0667   516362   32.97%
   4484  2866   184495.8056    98   140676.0000   187048.1322   524459   32.96%
   4594  2962   180840.4558   243   140676.0000   187046.9130   531590   32.96%
   4693  3047   185890.6982   334   140676.0000   187042.4798   539866   32.96%
   4756  3089   186444.9143   413   140676.0000   187026.4902   548039   32.95%
Elapsed time = 27.22 sec. (75510.17 ticks, tree = 41.27 MB, solutions = 1)
   4840  3157   183151.1069   214   140676.0000   187018.8735   555644   32.94%
   4915  3209   184066.4056   278   140676.0000   187018.2543   563773   32.94%
   5002  3283   185619.3017   211   140676.0000   187006.6936   571179   32.93%
   5098  3368   185830.7665   323   140676.0000   187002.1039   578457   32.93%
   5159  3417   185710.9062   323   140676.0000   186999.5880   585996   32.93%
   5254  3504   162321.3137   133   140676.0000   186998.0810   594116   32.93%
   5362  3596   182872.1432   263   140676.0000   186990.8922   602203   32.92%
   5428  3648   182948.4884   231   140676.0000   186983.3150   609893   32.92%
   5490  3694    infeasible         140676.0000   186980.5758   617527   32.92%
   5587  3778   183680.8944   261   140676.0000   186971.4836   625203   32.91%
Elapsed time = 30.68 sec. (85198.71 ticks, tree = 51.89 MB, solutions = 1)
   5674  3851    infeasible         140676.0000   186969.2448   632979   32.91%
   5762  3925    infeasible         140676.0000   186964.3148   640433   32.90%
   5818  3967   182827.2765   278   140676.0000   186960.4375   647780   32.90%
   5928  4071   164863.4661   289   140676.0000   186960.4375   656015   32.90%
   6020  4151   186672.9398   277   140676.0000   186955.9477   663568   32.90%
   6073  4182   186309.3000   211   140676.0000   186950.7373   671429   32.89%
   6161  4250    infeasible         140676.0000   186948.6277   678834   32.89%
   6285  4357   186104.9508   191   140676.0000   186944.2000   686461   32.89%
   6347  4411   179725.9527   217   140676.0000   186941.4145   694301   32.89%
   6763  4781   180371.2207   160   140676.0000   186922.7735   726026   32.87%
Elapsed time = 37.47 sec. (97641.91 ticks, tree = 73.73 MB, solutions = 1)
   7074  5040   183255.9137   210   140676.0000   186911.2877   757384   32.87%
   7432  5341   185327.0930   366   140676.0000   186899.9638   789366   32.86%
   7792  5642   186434.3941   198   140676.0000   186883.3231   820547   32.85%
   8145  5925   186029.7969   152   140676.0000   186870.1250   851352   32.84%
   8501  6208    infeasible         140676.0000   186856.2979   882868   32.83%
   8883  6517   181490.4629   238   140676.0000   186848.5949   913811   32.82%
   9251  6833   167245.1892   257   140676.0000   186841.6624   944482   32.82%
   9586  7113   186054.4318   319   140676.0000   186819.7236   973353   32.80%
   9962  7429   183937.9211   372   140676.0000   186805.7413  1003739   32.79%
  10217  7604    infeasible         140676.0000   186794.0942  1033492   32.78%
Elapsed time = 51.34 sec. (135913.91 ticks, tree = 130.97 MB, solutions = 1)
  10553  7895   182102.2050   213   140676.0000   186778.9444  1061046   32.77%
  10888  8176   186650.6355   207   140676.0000   186772.1112  1090119   32.77%
  11215  8425   178871.2304   286   140676.0000   186760.5729  1120666   32.76%
* 11397+ 8576                       140832.0000   186756.2609            32.61%
* 11397+ 8576                       141116.0000   186756.2609            32.34%
* 11397+ 8572                       145842.0000   186756.2609            28.05%
  11397  8574   186617.0393   194   145842.0000   186756.0213  1135369   28.05%
  11398  8575   185660.2183   238   145842.0000   186755.5384  1135725   28.05%
  11656  8754   186528.9476   239   145842.0000   186740.9729  1164440   28.04%
  11951  8987    infeasible         145842.0000   186730.8203  1193482   28.04%
  12198  9174   183236.0528   275   145842.0000   186725.0435  1223895   28.03%

GUB cover cuts applied:  3
Clique cuts applied:  8
Cover cuts applied:  30
Implied bound cuts applied:  95
Flow cuts applied:  19
Mixed integer rounding cuts applied:  377
Zero-half cuts applied:  113
Gomory fractional cuts applied:  16

Root node processing (before b&c):
  Real time             =    0.18 sec. (448.94 ticks)
Sequential b&c:
  Real time             =   68.97 sec. (174792.41 ticks)
                          ------------
Total (root+branch&cut) =   69.15 sec. (175241.35 ticks)
[CPLEX] Status: time limit exceeded
[CPLEX] OPTIMAL OBJ: 145842.0
[CPLEX] Runtime: 69.152 sec
Vehicle 0: d → 22 → 27 → 3 → 7 → 21 → 14 → 9 → 28 → 4 → 19 → 26 → 13 → 25 → 29 → 15 → 6 → 12 → 20 → 18 → 16 → d, (requests = [0, 1, 2, 3, 4, 9, 13, 17, 28])
Vehicle 1: d → 16 → 20 → 12 → 0 → 15 → 29 → 25 → 13 → 23 → 26 → 19 → 4 → 24 → 9 → 14 → 21 → 7 → 10 → 27 → 22 → 1 → 5 → d, (requests = [6, 7, 11, 12, 16, 20, 23, 26])
Vehicle 2: d → 2 → 22 → 27 → 7 → 8 → 21 → 14 → 28 → 24 → 4 → 19 → 23 → 25 → 15 → 11 → 0 → 12 → 6 → d, (requests = [8, 14, 15, 18, 19, 25])
Vehicle 3: d → 5 → 1 → 22 → 27 → 10 → 7 → 17 → d, (requests = [10, 21, 24])
Vehicle 4: d → 23 → 25 → 6 → d, (requests = [27])
======== PPDSP OBJECTIVE ========
Profit    = 180402
Cost      = 34560
Objective = 145842
=================================
===== RAW XY MODEL =====
104 148 205 246 317 405 442 458 487 544 593 635 659 687 732 830 846 868 901 944 1015 1040 1062 1177 1216 1259 1327 1372 1409 1464 1494 1534 1557 1637 1677 1704 1730 1787 1802 1838 1876 1911 1978 2033 2209 2283 2344 2420 2429 2474 2549 2587 2673 2688 2828 2883 2928 2958 2969 3012 3068 3117 3191 3370 3477 3557 3643 3891 4047 4190 4313 4668 5206 5251 5460 2049 2051 2053 2055 2183 2188 2190 3229 2193 4350 3296 3299 3301 3306 3309 3311 3313 4423 4427 4430 4436 4442 5559 5563 5567 5575 5576
  [Time Manager] Step 30 consumed 69.15s. Total Consumed: 1579.87s.
  [Info] Saved 5580 core assumption literals to p1_A-n32-k5_r29v5k3.lp.asm

[31/60] Building & Solving: R=30, V=5, K=3
Default row names c1, c2 ... being created.
  [Info] Generating MIP Formulation...
  [Time Manager] Global Remaining Budget: 2020.13s | Future Weight Sum: 30.0
  [Time Manager] Recalibrated Budget for this step: 67.34s
[CPLEX] Setting time limit to 67 seconds
[CPLEX] Reading assumption from p1_A-n32-k5_r29v5k3.lp.asm ...
[CPLEX] Applying MIP Start with 5265 variables.
Version identifier: 22.1.1.0 | 2022-11-28 | 9160aff4d
CPXPARAM_Read_DataCheck                          1
CPXPARAM_Threads                                 1
CPXPARAM_TimeLimit                               67
1 of 1 MIP starts provided solutions.
MIP start 'm1' defined initial solution with objective 150424.0000.
Tried aggregator 1 time.
MIP Presolve eliminated 45 rows and 4265 columns.
MIP Presolve modified 2782 coefficients.
Reduced MIP has 2715 rows, 1320 columns, and 12820 nonzeros.
Reduced MIP has 1010 binaries, 310 generals, 0 SOSs, and 0 indicators.
Presolve time = 0.00 sec. (7.82 ticks)
Probing time = 0.00 sec. (2.59 ticks)
Tried aggregator 1 time.
Detecting symmetries...
Reduced MIP has 2715 rows, 1320 columns, and 12820 nonzeros.
Reduced MIP has 1010 binaries, 310 generals, 0 SOSs, and 0 indicators.
Presolve time = 0.00 sec. (8.21 ticks)
Probing time = 0.00 sec. (2.58 ticks)
Clique table members: 580.
MIP emphasis: balance optimality and feasibility.
MIP search method: dynamic search.
Parallel mode: none, using 1 thread.
Root relaxation solution time = 0.01 sec. (24.75 ticks)

        Nodes                                         Cuts/
   Node  Left     Objective  IInf  Best Integer    Best Bound    ItCnt     Gap

*     0+    0                       150424.0000  1002660.0000           566.56%
      0     0   193900.3215   146   150424.0000   193900.3215      658   28.90%
      0     0   193531.3529   157   150424.0000     Cuts: 202      814   28.66%
      0     0   193324.0000   184   150424.0000     Cuts: 143      869   28.52%
      0     0   193324.0000   184   150424.0000      Cuts: 44      870   28.52%
      0     0   193276.0959   213   150424.0000  ZeroHalf: 49     1000   28.49%
      0     0   193189.5000   199   150424.0000     Cuts: 102     1027   28.43%
      0     0   192882.0580   178   150424.0000      Cuts: 69     1335   28.23%
      0     0   192794.5000   171   150424.0000     Cuts: 123     1411   28.17%
      0     0   192637.0000   216   150424.0000     Cuts: 105     1597   28.06%
      0     0   192635.3333   219   150424.0000      Cuts: 66     1634   28.06%
      0     2   192635.3333   204   150424.0000   192635.2000     1634   28.06%
Elapsed time = 0.26 sec. (602.28 ticks, tree = 0.01 MB, solutions = 1)
     12    14   192019.5691   136   150424.0000   192635.2000     5160   28.06%
     29    31   191092.7748   138   150424.0000   192635.2000     7159   28.06%
     65    62   192432.2721   421   150424.0000   192601.0000     9574   28.04%
     74    71   191521.7062   271   150424.0000   192503.9444    12329   27.97%
     90    87   190171.8010   170   150424.0000   192503.9444    14423   27.97%
    150   131   191987.6250   212   150424.0000   192463.4932    17223   27.95%
    190   171   187229.6001   118   150424.0000   192463.4932    20727   27.95%
    215   192   188318.6451   147   150424.0000   192461.9296    23689   27.95%
    240   213   190323.6387   125   150424.0000   192444.9895    27018   27.94%
    393   330   180193.5050   230   150424.0000   192431.6542    41746   27.93%
Elapsed time = 1.48 sec. (3833.28 ticks, tree = 0.79 MB, solutions = 1)

Performing restart 1

Repeating presolve.
Tried aggregator 1 time.
MIP Presolve modified 100 coefficients.
Reduced MIP has 2715 rows, 1320 columns, and 12820 nonzeros.
Reduced MIP has 1010 binaries, 310 generals, 0 SOSs, and 0 indicators.
Presolve time = 0.00 sec. (6.69 ticks)
Tried aggregator 1 time.
Reduced MIP has 2715 rows, 1320 columns, and 12820 nonzeros.
Reduced MIP has 1010 binaries, 310 generals, 0 SOSs, and 0 indicators.
Presolve time = 0.00 sec. (8.48 ticks)
Represolve time = 0.01 sec. (22.89 ticks)
    484     0   192612.0000   214   150424.0000     Cuts: 107    51924   27.91%
    484     0   192606.6591   312   150424.0000     Cuts: 102    52007   27.91%
    484     0   192598.4631   253   150424.0000      Cuts: 72    52125   27.91%
    484     0   192572.8149   162   150424.0000     Cuts: 184    52328   27.91%
    484     0   192563.0223   483   150424.0000     Cuts: 149    52564   27.91%
    484     0   192536.0095   475   150424.0000     Cuts: 170    52806   27.91%
    484     0   192528.1190   503   150424.0000     Cuts: 105    52935   27.91%
    484     0   192504.9365   395   150424.0000      Cuts: 35    53084   27.91%
    484     0   192494.2730   389   150424.0000      Cuts: 63    53242   27.91%
    484     0   192493.8746   400   150424.0000     Cuts: 108    53338   27.91%
    484     2   192493.8746   400   150424.0000   192405.1015    53338   27.91%
    486     4   192473.1355   310   150424.0000   192405.1015    53928   27.91%
    487     5   192430.1196   307   150424.0000   192405.1015    54210   27.91%
    488     6   192340.1593   477   150424.0000   192405.1015    54452   27.91%
    490     8   191882.3946   448   150424.0000   192405.1015    55478   27.91%
    493    11   192257.3333   130   150424.0000   192405.1015    57714   27.91%
    498    14   191391.9883   326   150424.0000   192405.1015    59815   27.91%
    507    22   189996.7648   106   150424.0000   192405.1015    60778   27.91%
    522    33   188779.6096   104   150424.0000   192405.1015    61725   27.91%
    541    52   188278.8303   168   150424.0000   192405.1015    63075   27.91%
Elapsed time = 6.29 sec. (18173.14 ticks, tree = 0.10 MB, solutions = 1)
    547    53   192338.4732   436   150424.0000   192377.9900    64336   27.89%
    550    56   192291.9211   438   150424.0000   192377.9900    64797   27.89%
    555    61   191258.8865   318   150424.0000   192377.9900    66220   27.89%
    563    68   190797.8735   271   150424.0000   192377.9900    67783   27.89%
    575    80   189508.1546   271   150424.0000   192377.9900    69824   27.89%
    592    93   191508.6253   183   150424.0000   192337.6478    73219   27.86%
    624   124   189578.3154   103   150424.0000   192337.6478    75072   27.86%
    647   139   191288.6942   371   150424.0000   192336.5736    77123   27.86%
    677   165   191958.0243   246   150424.0000   192336.2413    80713   27.86%
    709   195   186670.4385   342   150424.0000   192336.2413    83383   27.86%
Elapsed time = 9.62 sec. (28328.17 ticks, tree = 1.97 MB, solutions = 1)
    745   230   184357.7860   247   150424.0000   192336.2413    85064   27.86%
    782   260   190455.6343   352   150424.0000   192322.6209    88174   27.85%
    816   289   182278.7524   196   150424.0000   192322.6209    92870   27.85%
    864   327   192030.5467   376   150424.0000   192297.8641    96680   27.84%
    870   333   191752.8347   360   150424.0000   192297.8641    97123   27.84%
    921   378   191895.5018   230   150424.0000   192294.4787   101425   27.83%
    976   425   192074.7391   297   150424.0000   192282.6841   106498   27.83%
   1032   475   191808.6639   430   150424.0000   192212.0211   111672   27.78%
   1128   568   178789.7651   203   150424.0000   192212.0211   115745   27.78%
   1208   634   192024.0000   197   150424.0000   192178.9614   121655   27.76%
Elapsed time = 13.02 sec. (38190.26 ticks, tree = 7.61 MB, solutions = 1)
   1238   660   189759.6467   358   150424.0000   192160.7825   125674   27.75%
   1352   765   191532.4574   331   150424.0000   192159.8176   132085   27.75%
   1398   805   185608.8415   192   150424.0000   192159.2555   138267   27.75%
   1455   854   190868.3810   286   150424.0000   192153.8660   144064   27.74%
   1503   888    infeasible         150424.0000   192151.6686   151735   27.74%
   1549   926   190398.2427   314   150424.0000   192149.0083   157071   27.74%
   1609   975   188512.6207   201   150424.0000   192141.5359   162981   27.73%
   1731  1085   190388.7553   299   150424.0000   192118.3556   169128   27.72%
   1820  1160    infeasible         150424.0000   192109.4829   176547   27.71%
   1897  1233   188283.3148   232   150424.0000   192102.4120   183269   27.71%
Elapsed time = 16.39 sec. (47806.58 ticks, tree = 15.12 MB, solutions = 1)
   2017  1342   191289.9425   234   150424.0000   192076.5672   189240   27.69%
   2065  1380   191457.1916   246   150424.0000   192072.9898   193763   27.69%
   2168  1477   189571.7644   135   150424.0000   192064.7816   200255   27.68%
   2248  1547   189375.6549   281   150424.0000   192039.7791   206242   27.67%
   2323  1612   190528.3579   313   150424.0000   192022.4706   214228   27.65%
   2380  1660   191686.8603   261   150424.0000   192014.5294   220516   27.65%
   2538  1809   157885.3551   110   150424.0000   192014.5294   227699   27.65%
   2593  1850   190916.6612   292   150424.0000   191999.3571   234066   27.64%
   2647  1890   190062.7799   337   150424.0000   191991.7690   240922   27.63%
   2731  1966   190067.2787   354   150424.0000   191983.4053   247606   27.63%
Elapsed time = 19.79 sec. (57570.13 ticks, tree = 23.25 MB, solutions = 1)
   2805  2026   190449.0525   278   150424.0000   191976.2143   255074   27.62%
   2888  2087   191578.4822   449   150424.0000   191971.5502   262381   27.62%
   3047  2230   190400.1605   177   150424.0000   191970.4848   269301   27.62%
   3125  2285   190827.6033   279   150424.0000   191948.2325   277368   27.60%
   3258  2407   190888.3151   253   150424.0000   191942.5779   284931   27.60%
   3342  2479    infeasible         150424.0000   191928.8604   292381   27.59%
   3423  2548   186544.1268   227   150424.0000   191916.1225   300658   27.58%
   3523  2632   190121.2941   202   150424.0000   191914.1342   307933   27.58%
   3585  2680    infeasible         150424.0000   191912.6263   316103   27.58%
   3653  2744   188049.0998   194   150424.0000   191909.8565   323072   27.58%
Elapsed time = 23.28 sec. (67255.90 ticks, tree = 39.39 MB, solutions = 1)
   3726  2799   191537.2127   248   150424.0000   191904.0132   330408   27.58%
   3856  2922   187326.0106   261   150424.0000   191903.7116   338481   27.58%
   3935  2989    infeasible         150424.0000   191898.6068   346210   27.57%
   4021  3067   174970.4441   117   150424.0000   191898.5000   353889   27.57%
   4152  3186   186693.7152   219   150424.0000   191894.2898   361501   27.57%
   4258  3281   189800.2717   131   150424.0000   191893.1487   368631   27.57%
   4345  3358   183214.8724   333   150424.0000   191892.8620   376918   27.57%
   4415  3417   187928.1813   210   150424.0000   191887.0529   384758   27.56%
   4544  3530   189325.3644   482   150424.0000   191884.5204   392555   27.56%
   4680  3660   183857.4295   305   150424.0000   191884.0759   399851   27.56%
Elapsed time = 26.67 sec. (76908.15 ticks, tree = 53.15 MB, solutions = 1)
   4801  3769    infeasible         150424.0000   191882.1444   407240   27.56%
   4899  3855    infeasible         150424.0000   191880.2372   415146   27.56%
   4963  3909   186857.1151   389   150424.0000   191877.8784   422747   27.56%
   5119  4059   161331.1158   137   150424.0000   191876.9224   430344   27.56%
   5216  4140   181501.3761   254   150424.0000   191876.1309   437831   27.56%
   5398  4311   167588.5384   133   150424.0000   191875.8627   444922   27.56%
   5491  4383   187885.7959   321   150424.0000   191873.7796   452281   27.56%
   5607  4494   190435.9155   356   150424.0000   191873.4598   459674   27.56%
   5676  4553   189671.4959   306   150424.0000   191873.3077   466685   27.55%
   5766  4632   187638.1121   256   150424.0000   191872.1344   474463   27.55%
Elapsed time = 30.16 sec. (86528.89 ticks, tree = 68.34 MB, solutions = 1)
   5894  4755   186274.8936   223   150424.0000   191871.0428   482245   27.55%
   5970  4820   188258.5000   237   150424.0000   191869.2718   489511   27.55%
   6038  4874    infeasible         150424.0000   191867.7019   496923   27.55%
   6123  4949   191619.6289   261   150424.0000   191864.9079   504715   27.55%
   6184  4998   190356.6973   212   150424.0000   191854.7552   512148   27.54%
   6237  5043   183745.9911   199   150424.0000   191854.3214   519265   27.54%
   6291  5085   190881.3750   350   150424.0000   191851.4678   526733   27.54%
   6471  5258   190320.8234   266   150424.0000   191846.5177   534379   27.54%
   6561  5335   183054.8301   272   150424.0000   191827.2517   541688   27.52%
   6916  5655   190968.5242   330   150424.0000   191818.9924   570457   27.52%
Elapsed time = 36.90 sec. (99114.37 ticks, tree = 78.75 MB, solutions = 1)
   7132  5835   189030.5636   321   150424.0000   191797.8671   596055   27.50%
   7484  6147   190663.1378   488   150424.0000   191775.4007   625661   27.49%
   7785  6410   180880.5061   183   150424.0000   191760.8456   654918   27.48%
   8078  6663   190840.1451   352   150424.0000   191743.7167   682904   27.47%
   8383  6931   187252.8109   282   150424.0000   191724.7523   711014   27.46%
   8696  7205   189339.1250   224   150424.0000   191715.8642   738919   27.45%
   8955  7413   190377.3544   221   150424.0000   191704.3845   767581   27.44%
   9247  7660    infeasible         150424.0000   191685.5742   796326   27.43%
   9600  7968   190819.8279   361   150424.0000   191665.7983   825739   27.42%
   9864  8187   186093.5027   297   150424.0000   191660.9713   854269   27.41%
Elapsed time = 50.77 sec. (137417.99 ticks, tree = 129.55 MB, solutions = 1)
* 10165+ 8450                       150431.0000   191644.7697            27.40%
* 10165+ 8450                       150454.0000   191644.7697            27.38%
* 10165+ 8450                       150587.0000   191644.7697            27.27%
* 10165+ 8450                       150674.0000   191644.7697            27.19%
  10165  8452   190966.2500   188   150674.0000   191643.6321   880388   27.19%
* 10166+ 8451                       150757.0000   191643.6321            27.12%
  10166  8453   191564.4641   336   150757.0000   191643.1842   880553   27.12%
  10470  8716   188129.6629   336   150757.0000   191637.3793   911202   27.12%
  10706  8913    infeasible         150757.0000   191630.1532   939031   27.11%
  10955  9122   189316.6470   241   150757.0000   191619.6289   965332   27.10%
  11230  9366   190694.9994   341   150757.0000   191616.5597   994168   27.10%
  11484  9601   176688.5930   200   150757.0000   191614.6897  1020221   27.10%
  11732  9814   189999.6063   443   150757.0000   191609.1071  1047827   27.10%

GUB cover cuts applied:  8
Clique cuts applied:  9
Cover cuts applied:  44
Implied bound cuts applied:  40
Flow cuts applied:  24
Mixed integer rounding cuts applied:  490
Zero-half cuts applied:  90
Gomory fractional cuts applied:  13

Root node processing (before b&c):
  Real time             =    0.26 sec. (602.59 ticks)
Sequential b&c:
  Real time             =   66.75 sec. (178879.09 ticks)
                          ------------
Total (root+branch&cut) =   67.00 sec. (179481.69 ticks)
[CPLEX] Status: time limit exceeded
[CPLEX] OPTIMAL OBJ: 150757.0
[CPLEX] Runtime: 67.007 sec
Vehicle 0: d → 22 → 27 → 3 → 7 → 21 → 14 → 9 → 28 → 4 → 19 → 23 → 13 → 25 → 6 → 12 → 20 → 18 → 16 → d, (requests = [0, 1, 3, 9, 13, 17, 27, 28])
Vehicle 1: d → 16 → 20 → 12 → 0 → 15 → 29 → 25 → 13 → 23 → 26 → 19 → 4 → 24 → 9 → 14 → 21 → 7 → 10 → 27 → 22 → 1 → 5 → d, (requests = [6, 7, 11, 12, 16, 20, 23, 26, 29])
Vehicle 2: d → 2 → 22 → 27 → 7 → 8 → 21 → 14 → 28 → 24 → 4 → 19 → 23 → 25 → 15 → 11 → d, (requests = [2, 8, 14, 15, 19, 25])
Vehicle 3: d → 5 → 1 → 22 → 27 → 10 → 7 → 17 → d, (requests = [10, 21, 24])
Vehicle 4: d → 29 → 11 → 0 → 12 → 20 → d, (requests = [4, 18])
======== PPDSP OBJECTIVE ========
Profit    = 184984
Cost      = 34227
Objective = 150757
=================================
===== RAW XY MODEL =====
104 148 205 246 317 405 442 458 544 593 632 659 687 732 750 807 868 901 1015 1040 1062 1177 1216 1259 1327 1372 1409 1464 1494 1534 1557 1637 1677 1704 1730 1787 1802 1838 1876 1911 1978 2033 2283 2344 2429 2474 2580 2673 2688 2828 2883 2928 2958 2969 3012 3068 3117 3191 3370 3477 3557 3643 3891 4047 4190 4313 4457 4797 4849 5116 5384 5466 2049 2051 3223 2055 5473 2188 2190 3229 2193 4350 3296 3299 3301 3306 3309 3311 3313 5487 4427 4430 4436 4442 5559 5563 5567 5571 5576 5582
  [Time Manager] Step 31 consumed 67.01s. Total Consumed: 1646.88s.
  [Info] Saved 5585 core assumption literals to p1_A-n32-k5_r30v5k3.lp.asm

[32/60] Building & Solving: R=30, V=6, K=3
Default row names c1, c2 ... being created.
  [Info] Generating MIP Formulation...
  [Time Manager] Global Remaining Budget: 1953.12s | Future Weight Sum: 29.0
  [Time Manager] Recalibrated Budget for this step: 67.35s
[CPLEX] Setting time limit to 67 seconds
[CPLEX] Reading assumption from p1_A-n32-k5_r30v5k3.lp.asm ...
[CPLEX] Applying MIP Start with 5270 variables.
Version identifier: 22.1.1.0 | 2022-11-28 | 9160aff4d
CPXPARAM_Read_DataCheck                          1
CPXPARAM_Threads                                 1
CPXPARAM_TimeLimit                               67
1 of 1 MIP starts provided solutions.
MIP start 'm1' defined initial solution with objective 159119.0000.
Tried aggregator 1 time.
MIP Presolve eliminated 54 rows and 5118 columns.
MIP Presolve modified 3332 coefficients.
Reduced MIP has 3252 rows, 1584 columns, and 15384 nonzeros.
Reduced MIP has 1212 binaries, 372 generals, 0 SOSs, and 0 indicators.
Presolve time = 0.00 sec. (9.36 ticks)
Probing time = 0.00 sec. (2.70 ticks)
Tried aggregator 1 time.
Detecting symmetries...
Reduced MIP has 3252 rows, 1584 columns, and 15384 nonzeros.
Reduced MIP has 1212 binaries, 372 generals, 0 SOSs, and 0 indicators.
Presolve time = 0.00 sec. (10.11 ticks)
Probing time = 0.00 sec. (2.70 ticks)
Clique table members: 690.
MIP emphasis: balance optimality and feasibility.
MIP search method: dynamic search.
Parallel mode: none, using 1 thread.
Root relaxation solution time = 0.01 sec. (15.86 ticks)

        Nodes                                         Cuts/
   Node  Left     Objective  IInf  Best Integer    Best Bound    ItCnt     Gap

*     0+    0                       159119.0000  1203192.0000           656.16%
      0     0   194044.0000   128   159119.0000   194044.0000      600   21.95%
      0     0   194044.0000   187   159119.0000     Cuts: 199      679   21.95%
      0     0   194044.0000   188   159119.0000      Cuts: 48      682   21.95%
      0     2   194044.0000   188   159119.0000   194044.0000      682   21.95%
Elapsed time = 0.19 sec. (492.69 ticks, tree = 0.01 MB, solutions = 1)
      8    10   192529.3584   183   159119.0000   193917.6119     3779   21.87%
     38    40   190953.0143   114   159119.0000   193917.6119     5939   21.87%
    100    82   190301.6014   193   159119.0000   193910.5625     8347   21.87%
    140   106   193349.4334   210   159119.0000   193745.2307    10415   21.76%
    211   166   190369.1907   110   159119.0000   193698.9704    13365   21.73%
    236   185    infeasible         159119.0000   193603.5091    16308   21.67%
    293   225   191353.1100   106   159119.0000   193591.9499    19328   21.66%
    349   260   193234.0982   106   159119.0000   193560.4563    21796   21.65%
    394   293   191355.5663   119   159119.0000   193534.9864    24481   21.63%
    590   441   192256.5820   229   159119.0000   193437.2720    37168   21.57%
Elapsed time = 1.50 sec. (3769.09 ticks, tree = 1.58 MB, solutions = 1)
    839   650   192891.8617   320   159119.0000   193367.1400    50747   21.52%

Performing restart 1

Repeating presolve.
Tried aggregator 1 time.
MIP Presolve modified 120 coefficients.
Reduced MIP has 3252 rows, 1584 columns, and 15384 nonzeros.
Reduced MIP has 1212 binaries, 372 generals, 0 SOSs, and 0 indicators.
Presolve time = 0.00 sec. (7.95 ticks)
Tried aggregator 1 time.
Reduced MIP has 3252 rows, 1584 columns, and 15384 nonzeros.
Reduced MIP has 1212 binaries, 372 generals, 0 SOSs, and 0 indicators.
Presolve time = 0.01 sec. (10.43 ticks)
Represolve time = 0.01 sec. (26.13 ticks)
   1010     0   194024.6667   190   159119.0000     Cuts: 110    61881   21.51%
   1010     0   193964.2326   212   159119.0000     Cuts: 144    61944   21.51%
   1010     0   193862.0488   218   159119.0000     Cuts: 166    62040   21.51%
   1010     0   193678.7224   222   159119.0000     Cuts: 178    62177   21.51%
   1010     0   193651.5000   193   159119.0000     Cuts: 156    62246   21.51%
   1010     0   193601.5000   179   159119.0000      Cuts: 50    62338   21.51%
   1010     0   193402.2509   331   159119.0000     Cuts: 263    62744   21.51%
*  1010+    0                       159201.0000   193338.2914            21.44%
   1010     0        cutoff         159201.0000   193338.2914    62744   21.44%
   1010     0   193371.9220   281   159201.0000      Cuts: 88    62901   21.44%
   1010     0   193354.5899   304   159201.0000     Cuts: 111    63117   21.44%
   1010     0   193338.2585   453   159201.0000      Cuts: 30    63347   21.44%
   1010     0   193325.6233   460   159201.0000     Cuts: 180    63441   21.43%
   1010     0   193324.0000   187   159201.0000      Cuts: 23    63446   21.43%
   1010     0   193324.0000   187   159201.0000     Cuts: 171    63449   21.43%
   1010     0   193319.0815   337   159201.0000  ZeroHalf: 82    63549   21.43%
   1010     2   193319.0815   337   159201.0000   193303.9478    63549   21.42%
   1012     4   193258.7640   332   159201.0000   193258.6632    64048   21.39%
   1014     6   193150.2259   214   159201.0000   193257.7932    65356   21.39%
   1018    10   192904.7896   161   159201.0000   193047.0535    69521   21.26%
   1034    26   192012.8404    96   159201.0000   193047.0535    73670   21.26%
   1049    39  -1.00000e+75   245   159201.0000   193047.0535    76691   21.26%
   1061    49   190538.4138   243   159201.0000   193046.3100    81695   21.26%
   1073    57   192601.0000   130   159201.0000   192990.7869    85324   21.22%
   1090    74   190963.3701   239   159201.0000   192990.7869    88866   21.22%
Elapsed time = 6.05 sec. (15911.54 ticks, tree = 0.52 MB, solutions = 2)
   1144   115   192768.4662   239   159201.0000   192894.3288    96356   21.16%
   1176   147   190602.8587   234   159201.0000   192894.3288   101668   21.16%
   1220   187   190010.7345   167   159201.0000   192820.1078   110480   21.12%
   1269   231   190684.5081   267   159201.0000   192795.8070   117984   21.10%
   1329   286   190974.0148   254   159201.0000   192768.3117   125774   21.08%
   1363   315   191609.0278   345   159201.0000   192768.1340   134023   21.08%
   1403   352    infeasible         159201.0000   192768.1340   141792   21.08%
   1452   394   191376.4028   178   159201.0000   192747.8746   151271   21.07%
   1503   438   189895.3528   180   159201.0000   192740.4791   161769   21.07%
   1556   488   183659.6467   217   159201.0000   192740.4791   172267   21.07%
Elapsed time = 9.62 sec. (25731.70 ticks, tree = 0.93 MB, solutions = 2)
   1617   532   191852.2557   172   159201.0000   192708.9538   182137   21.05%
   1655   561   192087.6018   250   159201.0000   192703.5208   192349   21.04%
   1733   630   189642.9038   216   159201.0000   192697.7609   203936   21.04%
   1773   662   189837.6625   182   159201.0000   192648.8276   215448   21.01%
   1853   738   191833.4673   197   159201.0000   192638.1606   227256   21.00%
   1909   787   189944.1028   162   159201.0000   192622.2463   239039   20.99%
   1979   845   192143.2811   184   159201.0000   192601.7725   251487   20.98%
   2035   897   184262.5306   196   159201.0000   192601.7725   262383   20.98%
   2089   941   192199.9253   424   159201.0000   192598.9888   273141   20.98%
   2139   984   191916.5206   204   159201.0000   192587.9729   282193   20.97%
Elapsed time = 13.24 sec. (35498.66 ticks, tree = 1.50 MB, solutions = 2)
   2184  1020   189980.1789   167   159201.0000   192584.4101   294899   20.97%
   2221  1045   190590.2817   196   159201.0000   192528.5207   306916   20.93%
   2269  1077   192357.4082   214   159201.0000   192468.6441   319316   20.90%
   2293  1095   191704.9867   204   159201.0000   192468.5294   329455   20.90%
   2324  1118   190110.8692   388   159201.0000   192462.2360   339008   20.89%
   2361  1146   191345.7200   154   159201.0000   192442.1745   347618   20.88%
   2384  1167    infeasible         159201.0000   192442.1745   355726   20.88%
   2406  1181   191022.6919   351   159201.0000   192432.1280   365235   20.87%
   2473  1245   181531.7690   159   159201.0000   192432.1280   375787   20.87%
   2558  1320   190691.4957   177   159201.0000   192430.0311   386543   20.87%
Elapsed time = 16.89 sec. (45258.62 ticks, tree = 1.90 MB, solutions = 2)
   2612  1370   178427.2487   214   159201.0000   192430.0311   396226   20.87%
   2644  1394   192091.1680   247   159201.0000   192417.7053   404110   20.86%
   2669  1409   191727.5641   211   159201.0000   192416.8190   412978   20.86%
   2693  1426   188520.8131   175   159201.0000   192415.8524   421483   20.86%
   2714  1438   191487.8276   420   159201.0000   192404.7791   429448   20.86%
   2748  1470   186022.4059   102   159201.0000   192404.7791   438569   20.86%
   2775  1481   191135.1606   222   159201.0000   192381.2361   446681   20.84%
   2804  1502   189670.2197   198   159201.0000   192378.9896   455798   20.84%
   2833  1519   192188.2209   224   159201.0000   192366.7347   465259   20.83%
   2868  1544   192235.9783   249   159201.0000   192360.8181   474078   20.83%
Elapsed time = 20.44 sec. (55173.16 ticks, tree = 2.28 MB, solutions = 2)
   2911  1575    infeasible         159201.0000   192360.8181   484555   20.83%
   2970  1628   189377.9352   301   159201.0000   192356.4367   495361   20.83%
   3007  1658   192053.3514   223   159201.0000   192329.1250   504343   20.81%
*  3010+ 1659                       159390.0000   192329.1250            20.67%
   3038  1684   189777.4636   221   159390.0000   192308.9011   514035   20.65%
   3077  1709   191424.0811   161   159390.0000   192304.0701   524128   20.65%
   3102  1726   191869.9000   269   159390.0000   192298.9675   533212   20.65%
   3159  1783   183957.9570   193   159390.0000   192298.9675   538183   20.65%
   3218  1823    infeasible         159390.0000   192279.0498   543610   20.63%
   3262  1855   188398.0500   156   159390.0000   192267.4947   550718   20.63%
   3313  1889   191260.4710   272   159390.0000   192251.4723   557262   20.62%
Elapsed time = 23.98 sec. (65127.08 ticks, tree = 3.76 MB, solutions = 3)
   3388  1943    infeasible         159390.0000   192235.2392   564223   20.61%
   3438  1973    infeasible         159390.0000   192230.2450   571733   20.60%
   3495  2018   191849.8532   214   159390.0000   192224.2636   577827   20.60%
   3547  2061   186682.2216   193   159390.0000   192222.5072   582448   20.60%
   3610  2113   191506.5921   180   159390.0000   192218.4587   588663   20.60%
   3661  2157   186246.8246   224   159390.0000   192218.2498   595524   20.60%
   3722  2208   191099.7858   206   159390.0000   192208.6448   601641   20.59%
   3795  2260   190873.8477   158   159390.0000   192202.6228   608899   20.59%
   3840  2295   187296.5185   292   159390.0000   192199.8938   614920   20.58%
   3973  2422   190833.3476   132   159390.0000   192196.9443   621007   20.58%
Elapsed time = 27.51 sec. (74821.95 ticks, tree = 9.90 MB, solutions = 3)
   4031  2469   188494.6653   168   159390.0000   192192.5783   627616   20.58%
   4102  2527    infeasible         159390.0000   192192.3056   634128   20.58%
   4156  2562   190127.3180   187   159390.0000   192187.1301   640239   20.58%
   4204  2601   185157.0200   207   159390.0000   192186.3393   646624   20.58%
   4267  2647   191969.7585   227   159390.0000   192183.4315   653375   20.57%
   4319  2693   190945.9884   340   159390.0000   192183.4152   659762   20.57%
   4364  2729   175475.8686   204   159390.0000   192176.6163   665520   20.57%
   4466  2820   190943.2802   244   159390.0000   192169.0619   671323   20.57%
   4525  2862    infeasible         159390.0000   192162.4797   678345   20.56%
   4569  2886   191129.8069   192   159390.0000   192154.0092   684569   20.56%
Elapsed time = 31.14 sec. (84624.99 ticks, tree = 20.22 MB, solutions = 3)
   4628  2930   188093.4504   290   159390.0000   192147.0767   690852   20.55%
   4669  2959   191371.3823   114   159390.0000   192143.8641   696769   20.55%
   4723  2997    infeasible         159390.0000   192133.0528   703325   20.54%
   4761  3021   191621.7726   265   159390.0000   192115.4068   709165   20.53%
   4802  3048   189852.9466   142   159390.0000   192111.3135   715258   20.53%
   4867  3093   188221.7609   194   159390.0000   192107.2496   722600   20.53%
   4923  3127   191572.3740   140   159390.0000   192098.7746   729520   20.52%
   4984  3168    infeasible         159390.0000   192095.3761   735878   20.52%
   5048  3210   190822.5043   194   159390.0000   192084.6394   741981   20.51%
   5288  3397   190361.3505   261   159390.0000   192065.3565   766687   20.50%
Elapsed time = 38.55 sec. (97382.90 ticks, tree = 27.36 MB, solutions = 3)
   5498  3543   191717.9718   145   159390.0000   192044.3467   790948   20.49%
   5784  3768    infeasible         159390.0000   192017.2179   815148   20.47%
   5996  3932   190583.2673   205   159390.0000   192004.1407   838805   20.46%
   6206  4090   188389.2211   262   159390.0000   191996.0301   863520   20.46%
   6451  4283   190719.8786   204   159390.0000   191984.5347   889702   20.45%
   6673  4456   191493.6983   200   159390.0000   191976.8919   913197   20.44%
   6849  4555   187757.9000   219   159390.0000   191950.9260   938314   20.43%
   7004  4641   190916.9383   216   159390.0000   191934.6983   963160   20.42%
   7186  4771    infeasible         159390.0000   191920.3177   987334   20.41%
   7381  4924   188908.4451   160   159390.0000   191907.7709  1011761   20.40%
Elapsed time = 52.31 sec. (135700.28 ticks, tree = 57.96 MB, solutions = 3)
   7547  5045   191153.8952   399   159390.0000   191902.0215  1035434   20.40%
   7748  5194   190658.5122   262   159390.0000   191890.7425  1060454   20.39%
   7936  5323   189433.9948   183   159390.0000   191878.2271  1085315   20.38%
   8204  5540   187726.8242   289   159390.0000   191866.8889  1109844   20.38%
   8406  5701   182224.3691   202   159390.0000   191862.9663  1135581   20.37%
   8648  5887   190922.3728   172   159390.0000   191854.4000  1160143   20.37%
   8860  6028   185093.5629   130   159390.0000   191832.9010  1186827   20.35%
*  9110+ 6206                       159508.0000   191822.1716            20.26%
   9148  6224   191207.5000   153   159508.0000   191818.9734  1215299   20.26%
*  9210+ 6270                       159545.0000   191818.5843            20.23%
   9410  6409   190878.9501   155   159545.0000   191812.7674  1241257   20.22%
   9696  6631   188064.8570   146   159545.0000   191801.5189  1267757   20.22%
Elapsed time = 66.83 sec. (174288.68 ticks, tree = 93.39 MB, solutions = 5)
Advanced basis not built.

Clique cuts applied:  13
Cover cuts applied:  21
Implied bound cuts applied:  28
Flow cuts applied:  13
Mixed integer rounding cuts applied:  104
Zero-half cuts applied:  219
Gomory fractional cuts applied:  15

Root node processing (before b&c):
  Real time             =    0.19 sec. (493.03 ticks)
Sequential b&c:
  Real time             =   66.81 sec. (174178.89 ticks)
                          ------------
Total (root+branch&cut) =   67.00 sec. (174671.92 ticks)
[CPLEX] Status: time limit exceeded
[CPLEX] OPTIMAL OBJ: 159545.0
[CPLEX] Runtime: 67.008 sec
Vehicle 0: d → 22 → 27 → 3 → 7 → 21 → 14 → 9 → 28 → 4 → 19 → 23 → 13 → 25 → 6 → 12 → 20 → 18 → 16 → d, (requests = [0, 1, 3, 9, 10, 13, 17, 27, 28])
Vehicle 1: d → 16 → 20 → 12 → 0 → 15 → 29 → 25 → 13 → 23 → 26 → 19 → 4 → 24 → 9 → 14 → 21 → 7 → 10 → 27 → 22 → 1 → 5 → d, (requests = [6, 7, 11, 12, 16, 20, 23, 26, 29])
Vehicle 2: d → 2 → 22 → 27 → 7 → 8 → 21 → 14 → 28 → 24 → 4 → 19 → 23 → 25 → 15 → 11 → d, (requests = [2, 8, 14, 15, 19, 25])
Vehicle 3: d → 5 → 1 → 22 → 27 → 10 → 7 → 17 → d, (requests = [21, 24])
Vehicle 4: d → 29 → 11 → 0 → 12 → 20 → d, (requests = [4, 18])
Vehicle 5: d → 30 → 20 → 12 → 6 → 25 → 23 → 19 → 4 → 28 → 14 → 21 → 8 → 17 → d, (requests = [5, 22])
======== PPDSP OBJECTIVE ========
Profit    = 200532
Cost      = 40987
Objective = 159545
=================================
===== RAW XY MODEL =====
104 148 205 246 317 405 442 458 544 593 632 659 687 732 750 807 868 901 1015 1040 1062 1177 1216 1259 1327 1372 1409 1464 1494 1534 1557 1637 1677 1704 1730 1787 1802 1838 1876 1911 1978 2033 2283 2344 2429 2474 2580 2673 2688 2828 2883 2928 2958 2969 3012 3068 3117 3191 3370 3477 3557 3643 3891 4047 4190 4313 4457 4797 4849 5116 5384 5466 5742 5803 5859 5976 6055 6161 6198 6238 6266 6341 6409 6496 6566 6608 2049 2051 3223 2055 5473 6615 2188 2190 3229 2193 2195 3296 3299 3301 3306 3309 3311 3313 5487 4427 4430 4436 6632 4442 5559 5563 5567 5571 5576 5582
  [Time Manager] Step 32 consumed 67.01s. Total Consumed: 1713.89s.
  [Info] Saved 6639 core assumption literals to p1_A-n32-k5_r30v6k3.lp.asm

[33/60] Building & Solving: R=31, V=6, K=3
Default row names c1, c2 ... being created.
  [Info] Generating MIP Formulation...
  [Time Manager] Global Remaining Budget: 1886.11s | Future Weight Sum: 28.0
  [Time Manager] Recalibrated Budget for this step: 67.36s
[CPLEX] Setting time limit to 67 seconds
[CPLEX] Reading assumption from p1_A-n32-k5_r30v6k3.lp.asm ...
[CPLEX] Applying MIP Start with 6324 variables.
Version identifier: 22.1.1.0 | 2022-11-28 | 9160aff4d
CPXPARAM_Read_DataCheck                          1
CPXPARAM_Threads                                 1
CPXPARAM_TimeLimit                               67
1 of 1 MIP starts provided solutions.
MIP start 'm1' defined initial solution with objective 159545.0000.
Tried aggregator 1 time.
MIP Presolve eliminated 48 rows and 5118 columns.
MIP Presolve modified 3344 coefficients.
Reduced MIP has 3277 rows, 1590 columns, and 15570 nonzeros.
Reduced MIP has 1218 binaries, 372 generals, 0 SOSs, and 0 indicators.
Presolve time = 0.00 sec. (9.44 ticks)
Probing time = 0.00 sec. (2.71 ticks)
Tried aggregator 1 time.
Detecting symmetries...
Reduced MIP has 3277 rows, 1590 columns, and 15570 nonzeros.
Reduced MIP has 1218 binaries, 372 generals, 0 SOSs, and 0 indicators.
Presolve time = 0.01 sec. (10.21 ticks)
Probing time = 0.00 sec. (2.70 ticks)
Clique table members: 691.
MIP emphasis: balance optimality and feasibility.
MIP search method: dynamic search.
Parallel mode: none, using 1 thread.
Root relaxation solution time = 0.01 sec. (17.93 ticks)

        Nodes                                         Cuts/
   Node  Left     Objective  IInf  Best Integer    Best Bound    ItCnt     Gap

*     0+    0                       159545.0000  1272654.0000           697.68%
      0     0   205621.0000   131   159545.0000   205621.0000      636   28.88%
      0     0   205621.0000   187   159545.0000     Cuts: 201      740   28.88%
      0     0   205621.0000   189   159545.0000      Cuts: 49      746   28.88%
      0     2   205621.0000   189   159545.0000   205621.0000      746   28.88%
Elapsed time = 0.17 sec. (348.95 ticks, tree = 0.01 MB, solutions = 1)
     10    12   204657.2929   180   159545.0000   205458.5940     3000   28.78%
     49    43    infeasible         159545.0000   205458.5940     5448   28.78%
     60    52   204427.5677   111   159545.0000   205375.2737     7328   28.73%
     88    74   202628.7352   126   159545.0000   205375.2737    10153   28.73%
    120   100   203139.3781   101   159545.0000   205150.9124    12393   28.58%
    161   131   204319.3581   158   159545.0000   205134.8274    15745   28.57%
    203   163   203776.9754   117   159545.0000   205108.7591    18955   28.56%
    242   192   204982.3629   191   159545.0000   205030.2935    22556   28.51%
    288   232   204747.2808   151   159545.0000   205029.3298    25676   28.51%
    480   387   204748.8679   196   159545.0000   204962.4240    37888   28.47%
Elapsed time = 4.07 sec. (3487.93 ticks, tree = 1.05 MB, solutions = 1)
    672   538   192975.7712   186   159545.0000   204914.3846    48434   28.44%
    848   676   204416.6060   239   159545.0000   204884.7128    61469   28.42%
   1062   846   203394.7046   180   159545.0000   204864.5897    75298   28.41%

Performing restart 1

Repeating presolve.
Tried aggregator 1 time.
MIP Presolve modified 126 coefficients.
Reduced MIP has 3277 rows, 1590 columns, and 15570 nonzeros.
Reduced MIP has 1218 binaries, 372 generals, 0 SOSs, and 0 indicators.
Presolve time = 0.00 sec. (8.06 ticks)
Tried aggregator 1 time.
Reduced MIP has 3277 rows, 1590 columns, and 15570 nonzeros.
Reduced MIP has 1218 binaries, 372 generals, 0 SOSs, and 0 indicators.
Presolve time = 0.01 sec. (10.53 ticks)
Represolve time = 0.02 sec. (27.32 ticks)
   1072     0   205621.0000   191   159545.0000      Cuts: 96    77131   28.41%
   1072     0   205621.0000   192   159545.0000      Cuts: 98    77143   28.41%
   1072     0   205401.9724   415   159545.0000      Cuts: 61    77517   28.41%
   1072     0   205142.4310   191   159545.0000     Cuts: 267    77749   28.41%
   1072     0   204901.0000   183   159545.0000      Cuts: 76    77881   28.41%
   1072     0   204901.0000   188   159545.0000      Cuts: 92    77896   28.41%
   1072     0   204901.0000   189   159545.0000      Cuts: 84    77905   28.41%
   1072     2   204901.0000   189   159545.0000   204864.5897    77905   28.41%
   1075     5   204726.9636   338   159545.0000   204825.8611    78718   28.38%
   1079     9   202797.3629   143   159545.0000   204825.8611    79806   28.38%
   1082    11   202663.0297   105   159545.0000   204825.8611    80541   28.38%
   1090    19   202333.2400   208   159545.0000   204825.8611    83786   28.38%
   1096    23   201040.9835   148   159545.0000   204825.8611    86162   28.38%
   1104    27   203321.9769   390   159545.0000   204726.5319    88207   28.32%
Elapsed time = 8.75 sec. (15360.03 ticks, tree = 0.06 MB, solutions = 1)
   1110    33   202885.2339   224   159545.0000   204726.5319    89957   28.32%
   1117    40   202419.9242   273   159545.0000   204726.5319    91779   28.32%
   1126    47   201640.7380   179   159545.0000   204726.5319    93304   28.32%
   1146    61   203143.0168   192   159545.0000   204725.7143    95070   28.32%
   1175    84   204178.0000   137   159545.0000   204590.0000    96344   28.23%
   1177    86   203837.0000   138   159545.0000   204590.0000    96599   28.23%
   1182    91   203020.6667   271   159545.0000   204590.0000    97260   28.23%
   1189    98   202180.5000   332   159545.0000   204590.0000    97972   28.23%
   1224   127   204074.5442   219   159545.0000   204488.8120    99765   28.17%
   1246   147   202726.9837   232   159545.0000   204488.8120   101386   28.17%
Elapsed time = 12.54 sec. (26144.33 ticks, tree = 1.70 MB, solutions = 1)
   1287   188   196168.5223   164   159545.0000   204488.8120   103073   28.17%
   1344   241   202987.5000   190   159545.0000   204458.5000   105509   28.15%
   1387   277    infeasible         159545.0000   204306.0000   110054   28.06%
   1451   327   202000.8945   270   159545.0000   204264.2986   114845   28.03%
   1521   391   202927.9128   319   159545.0000   204178.0000   119769   27.98%
   1546   408    infeasible         159545.0000   204128.5455   123390   27.94%
   1585   441   203819.0000   294   159545.0000   204104.4901   127537   27.93%
   1655   501   201057.5070   182   159545.0000   204101.1667   132100   27.93%
   1722   545    infeasible         159545.0000   204088.5082   138762   27.92%
   1804   617   203043.7805   287   159545.0000   204051.6350   144214   27.90%
Elapsed time = 16.08 sec. (36037.23 ticks, tree = 11.37 MB, solutions = 1)
   1856   663   201890.6512   422   159545.0000   204050.5993   150210   27.90%
   1904   705   202272.9668   244   159545.0000   204041.3976   153870   27.89%
   1974   762   201703.1761   283   159545.0000   204028.2727   159383   27.88%
   2044   818   202591.9485   266   159545.0000   204015.4028   165114   27.87%
   2108   864   201803.8656   225   159545.0000   203990.8571   172175   27.86%
   2182   922   202653.0000   294   159545.0000   203966.9000   178527   27.84%
   2260   993   198611.6759   237   159545.0000   203943.2623   184681   27.83%
   2359  1080   195742.7055   297   159545.0000   203893.5385   190834   27.80%
   2444  1145   202082.1698   211   159545.0000   203871.4231   196637   27.78%
   2548  1234   197867.3500   211   159545.0000   203865.1667   202386   27.78%
Elapsed time = 19.56 sec. (45734.96 ticks, tree = 28.05 MB, solutions = 1)
   2631  1293   202481.4444   449   159545.0000   203851.4872   208271   27.77%
   2714  1356   202956.1294   248   159545.0000   203837.0000   214993   27.76%
   2768  1397   203509.5152   271   159545.0000   203819.0000   221568   27.75%
   2862  1477   199517.2818   256   159545.0000   203815.9167   228784   27.75%
   2952  1560   195855.5376   267   159545.0000   203815.8920   234908   27.75%
   3036  1636   198610.0453   282   159545.0000   203806.2445   240590   27.74%
   3119  1699   203408.2129   285   159545.0000   203797.8863   247232   27.74%
   3220  1780   197410.1655   219   159545.0000   203763.2353   254096   27.72%
   3281  1817   202194.1111   165   159545.0000   203733.7500   260810   27.70%
   3367  1887   202880.8484   209   159545.0000   203717.9286   267760   27.69%
Elapsed time = 23.11 sec. (55382.16 ticks, tree = 44.42 MB, solutions = 1)
   3476  1976   202935.4633   176   159545.0000   203682.7500   274918   27.66%
   3573  2055   200694.4990   360   159545.0000   203674.8305   281769   27.66%
   3622  2097   201346.7333   233   159545.0000   203670.1806   286014   27.66%
   3739  2200   199482.8375   225   159545.0000   203660.7500   291393   27.65%
   3826  2269   202922.0417   335   159545.0000   203646.0688   297010   27.64%
   3918  2345    infeasible         159545.0000   203633.0323   302869   27.63%
   4007  2410   198672.3478   266   159545.0000   203623.7075   309637   27.63%
   4129  2507   202585.3308   295   159545.0000   203605.0574   316956   27.62%
   4255  2608    infeasible         159545.0000   203596.8462   323700   27.61%
   4346  2693   196935.4659   231   159545.0000   203586.0000   329736   27.60%
Elapsed time = 26.51 sec. (65010.95 ticks, tree = 66.52 MB, solutions = 1)
   4442  2768   200366.7082   182   159545.0000   203571.7457   337598   27.60%
   4532  2826   203404.3402   254   159545.0000   203562.1563   344489   27.59%
   4609  2884   199437.8783   344   159545.0000   203559.2837   351929   27.59%
   4726  2986   203221.9469   183   159545.0000   203555.9500   358415   27.59%
   4840  3090   198818.4140   301   159545.0000   203548.8169   365468   27.58%
   5003  3240   199549.4292   280   159545.0000   203543.5932   371931   27.58%
   5123  3335   198361.7491   169   159545.0000   203539.5857   379235   27.58%
   5212  3403   202970.1121   276   159545.0000   203535.4591   386192   27.57%
   5309  3491   202409.9571   250   159545.0000   203535.1810   393019   27.57%
   5443  3609   190239.1378   176   159545.0000   203534.9851   400158   27.57%
Elapsed time = 30.12 sec. (74655.12 ticks, tree = 92.40 MB, solutions = 1)
   5531  3681   203322.5806   287   159545.0000   203534.4518   406419   27.57%
   5630  3762    infeasible         159545.0000   203533.4296   413430   27.57%
   5702  3814   202800.5841   256   159545.0000   203529.4110   420826   27.57%
   5787  3875   203027.9533   263   159545.0000   203527.2879   428125   27.57%
   5909  3977   202453.1632   331   159545.0000   203526.6257   435774   27.57%
   6005  4057   202270.1626   199   159545.0000   203525.2397   443498   27.57%
   6082  4098   203393.9404   168   159545.0000   203515.4962   450773   27.56%
   6206  4210    infeasible         159545.0000   203513.4517   457540   27.56%
   6270  4259   198654.6131   157   159545.0000   203507.9513   464271   27.56%
   6350  4317   202833.6199   285   159545.0000   203503.4156   471315   27.55%
Elapsed time = 33.82 sec. (84312.32 ticks, tree = 112.38 MB, solutions = 1)
   6423  4380   201046.9516   163   159545.0000   203501.9183   478705   27.55%
   6526  4460   203369.3069   190   159545.0000   203491.7745   485543   27.55%
   6630  4550   202452.2226   147   159545.0000   203488.7314   493016   27.54%
   6670  4568   199091.7951   147   159545.0000   203486.3529   500010   27.54%
   6746  4630   198593.6456   312   159545.0000   203482.2908   506719   27.54%
   6839  4697   201671.9863   173   159545.0000   203476.7167   513747   27.54%
   6940  4786   199721.4658   281   159545.0000   203472.3932   520856   27.53%
   7003  4831    infeasible         159545.0000   203466.7504   527737   27.53%
   7070  4876    infeasible         159545.0000   203462.1877   535110   27.53%
   7483  5208    infeasible         159545.0000   203455.1304   563144   27.52%
Elapsed time = 41.13 sec. (96787.10 ticks, tree = 135.86 MB, solutions = 1)
   7974  5634    infeasible         159545.0000   203446.8276   590770   27.52%
   8242  5827   200133.8763   187   159545.0000   203418.4348   619052   27.50%
   8616  6117    infeasible         159545.0000   203395.5766   647400   27.48%
   9048  6479   202055.0000   237   159545.0000   203385.6557   675719   27.48%
   9391  6740    infeasible         159545.0000   203377.0267   703540   27.47%
   9746  7027   202781.3842   342   159545.0000   203368.8750   730598   27.47%
  10219  7436   202876.3750   323   159545.0000   203361.5704   757259   27.46%
  10604  7759   198361.3078   219   159545.0000   203347.1556   785826   27.45%
  10950  8034   199052.8667   189   159545.0000   203331.0641   813443   27.44%
* 11072+ 8104                       163550.0000   203322.0163            24.32%
  11249  8233   201800.0614   291   163550.0000   203315.9764   841540   24.31%
Elapsed time = 54.72 sec. (134979.73 ticks, tree = 219.70 MB, solutions = 2)
  11670  8578    infeasible         163550.0000   203300.6369   870565   24.30%
* 11792+ 8662                       163844.0000   203291.5000            24.08%
* 11792+ 8662                       163910.0000   203291.5000            24.03%
* 11793+ 8663                       163912.0000   203291.5000            24.02%
  11793  8665   202819.5682   199   163912.0000   203290.4658   880797   24.02%
  11794  8666   201684.5396   123   163912.0000   203289.7984   881156   24.02%
  12123  8934   201857.0368   203   163912.0000   203281.1988   910152   24.02%
  12483  9194   196652.5322   243   163912.0000   203270.4649   938160   24.01%

Clique cuts applied:  10
Cover cuts applied:  16
Implied bound cuts applied:  66
Flow cuts applied:  4
Mixed integer rounding cuts applied:  161
Zero-half cuts applied:  103
Gomory fractional cuts applied:  16

Root node processing (before b&c):
  Real time             =    0.17 sec. (349.29 ticks)
Sequential b&c:
  Real time             =   66.83 sec. (164530.09 ticks)
                          ------------
Total (root+branch&cut) =   67.00 sec. (164879.38 ticks)
[CPLEX] Status: time limit exceeded
[CPLEX] OPTIMAL OBJ: 163912.0
[CPLEX] Runtime: 67.009 sec
Vehicle 0: d → 3 → 7 → 21 → 14 → 9 → 28 → 4 → 19 → 23 → 13 → 25 → 6 → 12 → 20 → 18 → d, (requests = [0, 1, 3, 13, 17, 27, 28, 30])
Vehicle 1: d → 16 → 20 → 12 → 0 → 15 → 29 → 25 → 13 → 23 → 26 → 19 → 4 → 24 → 9 → 14 → 21 → 7 → 10 → 27 → 22 → 1 → 5 → d, (requests = [6, 7, 11, 12, 16, 20, 23, 26, 29])
Vehicle 2: d → 2 → 22 → 27 → 7 → 8 → 21 → 14 → 28 → 24 → 4 → 19 → 23 → 25 → 15 → 11 → d, (requests = [2, 8, 14, 15, 19, 25])
Vehicle 3: d → 5 → 1 → 22 → 27 → 10 → 7 → 17 → d, (requests = [10, 21, 24])
Vehicle 4: d → 29 → 11 → 0 → 12 → 20 → d, (requests = [4, 18])
Vehicle 5: d → 30 → 20 → 12 → 6 → 25 → 23 → 19 → 4 → 28 → 14 → 21 → 8 → 17 → d, (requests = [5, 22])
======== PPDSP OBJECTIVE ========
Profit    = 204537
Cost      = 40625
Objective = 163912
=================================
===== RAW XY MODEL =====
104 148 205 246 317 405 442 458 608 632 659 687 750 807 901 996 1040 1062 1177 1216 1259 1327 1372 1409 1464 1494 1534 1557 1637 1677 1704 1730 1787 1802 1838 1876 1911 1978 2033 2283 2344 2429 2474 2580 2673 2688 2828 2883 2928 2958 2969 3012 3068 3117 3191 3370 3477 3557 3643 3891 4047 4190 4313 4457 4797 4849 5116 5384 5466 5742 5803 5859 5976 6055 6161 6198 6238 6266 6341 6409 6496 6566 6608 2049 2051 3223 2055 5473 6615 2188 2190 3229 4350 3296 3299 3301 3306 3309 3311 3313 5487 4427 4430 4436 6632 4442 5559 5563 5567 5571 5576 5582 6703
  [Time Manager] Step 33 consumed 67.01s. Total Consumed: 1780.90s.
  [Info] Saved 6708 core assumption literals to p1_A-n32-k5_r31v6k3.lp.asm

[34/60] Building & Solving: R=32, V=6, K=3
Default row names c1, c2 ... being created.
  [Info] Generating MIP Formulation...
  [Time Manager] Global Remaining Budget: 1819.10s | Future Weight Sum: 27.0
  [Time Manager] Recalibrated Budget for this step: 67.37s
[CPLEX] Setting time limit to 67 seconds
[CPLEX] Reading assumption from p1_A-n32-k5_r31v6k3.lp.asm ...
[CPLEX] Applying MIP Start with 6330 variables.
Version identifier: 22.1.1.0 | 2022-11-28 | 9160aff4d
CPXPARAM_Read_DataCheck                          1
CPXPARAM_Threads                                 1
CPXPARAM_TimeLimit                               67
1 of 1 MIP starts provided solutions.
MIP start 'm1' defined initial solution with objective 163912.0000.
Tried aggregator 1 time.
MIP Presolve eliminated 48 rows and 5118 columns.
MIP Presolve modified 3356 coefficients.
Reduced MIP has 3296 rows, 1596 columns, and 15774 nonzeros.
Reduced MIP has 1224 binaries, 372 generals, 0 SOSs, and 0 indicators.
Presolve time = 0.00 sec. (9.75 ticks)
Probing time = 0.00 sec. (2.72 ticks)
Tried aggregator 1 time.
Detecting symmetries...
Reduced MIP has 3296 rows, 1596 columns, and 15774 nonzeros.
Reduced MIP has 1224 binaries, 372 generals, 0 SOSs, and 0 indicators.
Presolve time = 0.01 sec. (10.29 ticks)
Probing time = 0.00 sec. (2.71 ticks)
Clique table members: 698.
MIP emphasis: balance optimality and feasibility.
MIP search method: dynamic search.
Parallel mode: none, using 1 thread.
Root relaxation solution time = 0.01 sec. (19.35 ticks)

        Nodes                                         Cuts/
   Node  Left     Objective  IInf  Best Integer    Best Bound    ItCnt     Gap

*     0+    0                       163912.0000  1333566.0000           713.59%
      0     0   215773.0000   132   163912.0000   215773.0000      643   31.64%
      0     0   215773.0000   193   163912.0000     Cuts: 204      729   31.64%
      0     0   215773.0000   190   163912.0000      Cuts: 50      731   31.64%
      0     0   215773.0000   190   163912.0000      Cuts: 48      732   31.64%
      0     2   215773.0000   190   163912.0000   215773.0000      732   31.64%
Elapsed time = 0.16 sec. (387.45 ticks, tree = 0.01 MB, solutions = 1)
     11    13   214215.8646   230   163912.0000   215608.2723     3131   31.54%
     34    36   212608.7744   185   163912.0000   215608.2723     5272   31.54%
     79    72   214948.3381   166   163912.0000   215562.0045     7737   31.51%
    119   106   211961.7246    99   163912.0000   215562.0045    10897   31.51%
    151   132   213057.6491   142   163912.0000   215499.5155    13611   31.47%
    211   179   214936.6848   188   163912.0000   215442.1592    16885   31.44%
    243   207   214572.7086   201   163912.0000   215410.3435    19994   31.42%
    265   227    infeasible         163912.0000   215410.3435    22197   31.42%
    302   254   214595.6456   174   163912.0000   215294.3363    24683   31.35%
    480   387   214948.9204   296   163912.0000   215223.2669    36302   31.30%
Elapsed time = 1.55 sec. (3573.88 ticks, tree = 0.59 MB, solutions = 1)
    617   497   213358.5308   128   163912.0000   215153.3879    47300   31.26%
    800   645    infeasible         163912.0000   215087.8210    59436   31.22%

Performing restart 1

Repeating presolve.
Tried aggregator 1 time.
MIP Presolve modified 144 coefficients.
Reduced MIP has 3296 rows, 1596 columns, and 15774 nonzeros.
Reduced MIP has 1224 binaries, 372 generals, 0 SOSs, and 0 indicators.
Presolve time = 0.00 sec. (8.30 ticks)
Tried aggregator 1 time.
Reduced MIP has 3296 rows, 1596 columns, and 15774 nonzeros.
Reduced MIP has 1224 binaries, 372 generals, 0 SOSs, and 0 indicators.
Presolve time = 0.01 sec. (10.68 ticks)
Represolve time = 0.02 sec. (27.13 ticks)
    932     0   215413.0000   170   163912.0000     Cuts: 124    70072   31.20%
    932     0   215053.0000   166   163912.0000     Cuts: 155    70133   31.20%
    932     0   215053.0000   190   163912.0000     Cuts: 120    70164   31.20%
    932     0   215053.0000   191   163912.0000      Cuts: 94    70169   31.20%
    932     0   215053.0000   199   163912.0000      Cuts: 77    70186   31.20%
    932     0   215053.0000   203   163912.0000     Cuts: 183    70211   31.20%
    932     2   215053.0000   203   163912.0000   215053.0000    70211   31.20%
    934     4   214776.3905   330   163912.0000   214835.8571    71178   31.07%
    937     7   214653.6596   244   163912.0000   214835.8571    71589   31.07%
    939     9   214443.0000   184   163912.0000   214835.8571    72651   31.07%
    942    12   214100.6684   380   163912.0000   214835.8571    73982   31.07%
    944    14   214050.6799   310   163912.0000   214835.8571    75501   31.07%
    947    17   213859.0512   297   163912.0000   214835.8571    77282   31.07%
    952    21   213243.6835   161   163912.0000   214835.8571    78569   31.07%
Elapsed time = 8.68 sec. (15937.82 ticks, tree = 0.14 MB, solutions = 1)
    958    26   212301.1213   184   163912.0000   214835.8571    80254   31.07%
    964    32   212685.2593   283   163912.0000   214835.8571    81747   31.07%
    970    36   211040.8226   164   163912.0000   214835.8571    82273   31.07%
    982    48   208924.4608   159   163912.0000   214835.8571    83148   31.07%
   1009    71   207042.8418   122   163912.0000   214835.8571    84402   31.07%
   1018    74   213449.7236   191   163912.0000   214757.0000    86354   31.02%
   1032    88   211270.1444   209   163912.0000   214757.0000    87966   31.02%
   1076   123   213148.8889   120   163912.0000   214742.0000    91162   31.01%
   1083   128   211286.8265   289   163912.0000   214742.0000    93310   31.01%
   1089   134   211098.4670   387   163912.0000   214742.0000    93890   31.01%
Elapsed time = 12.61 sec. (26268.81 ticks, tree = 2.63 MB, solutions = 1)
   1107   152   210579.0257   205   163912.0000   214742.0000    95278   31.01%
   1132   174   206814.9937   121   163912.0000   214742.0000    96885   31.01%
   1158   195   209697.7000   294   163912.0000   214646.0000   100447   30.95%
   1212   245   213898.8106   247   163912.0000   214587.3775   104071   30.92%
   1250   283   210320.6065   278   163912.0000   214587.3775   107292   30.92%
   1327   359   205501.3457   274   163912.0000   214587.3775   110710   30.92%
   1371   398   212316.8760   286   163912.0000   214437.0000   114388   30.82%
   1401   420   214330.0000   135   163912.0000   214436.3333   119552   30.82%
   1442   461   200228.9723   234   163912.0000   214436.3333   124415   30.82%
   1519   535   213703.4444   281   163912.0000   214390.0000   129019   30.80%
Elapsed time = 16.04 sec. (36010.61 ticks, tree = 13.95 MB, solutions = 1)
   1612   615    infeasible         163912.0000   214330.0000   135472   30.76%
   1654   654   207120.1460   218   163912.0000   214330.0000   139724   30.76%
   1687   677   213545.3339   367   163912.0000   214306.0000   145670   30.74%
   1764   746   213812.7981   300   163912.0000   214258.8616   152211   30.72%
   1819   800   208248.3720   260   163912.0000   214258.8616   160248   30.72%
   1877   847   212173.0893   366   163912.0000   214240.1108   167952   30.70%
   1938   904   208908.5146   258   163912.0000   214238.8832   174767   30.70%
   1991   953   208393.5821   270   163912.0000   214232.6265   180109   30.70%
   2063  1018   212870.0270   304   163912.0000   214228.4363   186159   30.70%
   2121  1070   209672.1506   198   163912.0000   214227.4707   192015   30.70%
Elapsed time = 19.29 sec. (45657.23 ticks, tree = 26.94 MB, solutions = 1)
   2190  1133   207603.6165   356   163912.0000   214220.3056   198659   30.69%
   2242  1174   208086.2884   250   163912.0000   214215.6817   205269   30.69%
   2328  1249   209364.9394   274   163912.0000   214214.3918   212123   30.69%
   2370  1281   210615.2250   211   163912.0000   214199.5523   218924   30.68%
   2411  1314   211854.1218   309   163912.0000   214199.5151   224995   30.68%
   2472  1365   213790.6311   322   163912.0000   214193.1389   231120   30.68%
   2515  1404   207941.8424   372   163912.0000   214193.1389   237928   30.68%
   2571  1446   213801.4901   242   163912.0000   214164.4957   244719   30.66%
   2701  1566   209587.4637   169   163912.0000   214164.4655   251781   30.66%
   2816  1658   211079.4715   130   163912.0000   214127.0704   259124   30.64%
Elapsed time = 22.72 sec. (55339.69 ticks, tree = 38.55 MB, solutions = 1)
   2875  1704   208830.0293   259   163912.0000   214125.0297   265827   30.63%
   2922  1743   212541.1404   230   163912.0000   214116.5176   271989   30.63%
   3007  1816   213589.2667   116   163912.0000   214110.6693   278600   30.63%
   3098  1893    infeasible         163912.0000   214101.3805   286165   30.62%
   3189  1970   213282.8371   188   163912.0000   214063.3282   293242   30.60%
   3272  2038   212379.3613   290   163912.0000   214049.3955   300242   30.59%
   3332  2092   209666.0929   290   163912.0000   214049.0000   305892   30.59%
   3405  2156   210558.0399   334   163912.0000   214048.5079   311779   30.59%
   3504  2243    infeasible         163912.0000   214015.5000   318022   30.57%
   3542  2269   211981.9045   201   163912.0000   213974.9484   325058   30.54%
Elapsed time = 26.15 sec. (65140.89 ticks, tree = 56.39 MB, solutions = 1)
   3640  2342   212729.2051   224   163912.0000   213952.2130   332063   30.53%
   3730  2420   213705.5008   182   163912.0000   213950.0092   338603   30.53%
   3770  2453   207696.7988   327   163912.0000   213942.5000   345006   30.52%
   3833  2507   212468.6473   291   163912.0000   213930.2155   352037   30.52%
   3898  2560    infeasible         163912.0000   213925.4926   358423   30.51%
   3929  2581    infeasible         163912.0000   213920.4000   364753   30.51%
   4002  2644    infeasible         163912.0000   213913.8634   372764   30.51%
   4052  2684   209561.9065   254   163912.0000   213901.5000   379617   30.50%
   4122  2746   210748.3125   312   163912.0000   213898.1820   385182   30.50%
   4187  2795   212384.4984   246   163912.0000   213894.3991   391951   30.49%
Elapsed time = 29.67 sec. (74898.31 ticks, tree = 69.42 MB, solutions = 1)
   4255  2855   210479.4481   359   163912.0000   213888.0468   398935   30.49%
   4326  2917   213431.1888   305   163912.0000   213883.1575   405784   30.49%
   4423  2996    infeasible         163912.0000   213881.1229   412860   30.49%
   4508  3070   209768.0031   313   163912.0000   213877.2500   420328   30.48%
   4563  3109   211517.3615   230   163912.0000   213876.9587   427064   30.48%
   4656  3190   213501.4768   242   163912.0000   213876.5633   434606   30.48%
   4726  3248   206618.2948   176   163912.0000   213873.2343   441975   30.48%
   4811  3316   210965.8096   353   163912.0000   213863.5000   448745   30.47%
   4856  3357   210789.2537   221   163912.0000   213857.9746   455520   30.47%
   4926  3413   213222.7809   286   163912.0000   213849.8763   462368   30.47%
Elapsed time = 33.21 sec. (84570.25 ticks, tree = 87.52 MB, solutions = 1)
   4990  3467   209382.3733   261   163912.0000   213838.9089   469311   30.46%
   5075  3529   213717.1000   177   163912.0000   213818.6623   477089   30.45%
   5150  3595   206678.7062   267   163912.0000   213815.3116   484318   30.45%
   5202  3627   210335.2435   208   163912.0000   213806.7402   492013   30.44%
   5254  3669   211703.7500   364   163912.0000   213800.9910   499157   30.44%
   5346  3754   211597.2258   275   163912.0000   213798.8361   506405   30.44%
   5441  3831   209313.8098   224   163912.0000   213790.6311   513827   30.43%
   5496  3880   207785.6191   197   163912.0000   213788.4271   520942   30.43%
   5534  3906   213046.3149   168   163912.0000   213785.2727   528255   30.43%
   5802  4127   211986.2270   262   163912.0000   213761.4809   556726   30.41%
Elapsed time = 40.36 sec. (97079.81 ticks, tree = 104.91 MB, solutions = 1)
   6236  4494   205145.4827   244   163912.0000   213748.1967   584660   30.40%
   6556  4755   209404.3265   226   163912.0000   213721.7143   612983   30.39%
   6826  4970   211940.5134   221   163912.0000   213695.5319   640543   30.37%
   7152  5235   212294.5542   237   163912.0000   213673.4350   669031   30.36%
   7411  5442   211745.4805   183   163912.0000   213656.8180   697379   30.35%
   7703  5688    infeasible         163912.0000   213647.0517   723526   30.34%
   7975  5901   213632.4206   538   163912.0000   213631.8625   753044   30.33%
   8186  6058   208226.9191   184   163912.0000   213613.4060   782866   30.32%
   8481  6303   212230.0816   193   163912.0000   213601.9834   810968   30.32%
   8744  6526   203264.6311   227   163912.0000   213594.5058   838821   30.31%
Elapsed time = 53.77 sec. (135365.62 ticks, tree = 164.72 MB, solutions = 1)
   9027  6749   207326.3531   151   163912.0000   213588.8828   866475   30.31%
   9338  7004   212841.9873   189   163912.0000   213580.5000   894162   30.30%
   9618  7232   208906.3608   229   163912.0000   213570.1444   923423   30.30%
   9989  7542    infeasible         163912.0000   213559.4494   950030   30.29%
* 10253+ 7759                       164808.0000   213551.6905            29.58%
* 10253+ 7759                       164866.0000   213551.6905            29.53%
* 10253+ 7759                       164878.0000   213551.6905            29.52%
  10253  7761   212518.2905   419   164878.0000   213547.1887   968800   29.52%
Advanced basis not built.

Clique cuts applied:  9
Cover cuts applied:  2
Implied bound cuts applied:  110
Flow cuts applied:  1
Mixed integer rounding cuts applied:  138
Zero-half cuts applied:  137
Gomory fractional cuts applied:  15

Root node processing (before b&c):
  Real time             =    0.16 sec. (387.75 ticks)
Sequential b&c:
  Real time             =   66.84 sec. (168814.24 ticks)
                          ------------
Total (root+branch&cut) =   67.00 sec. (169201.98 ticks)
[CPLEX] Status: time limit exceeded
[CPLEX] OPTIMAL OBJ: 164878.0
[CPLEX] Runtime: 67.009 sec
Vehicle 0: d → 3 → 7 → 21 → 14 → 9 → 28 → 4 → 19 → 23 → 25 → 6 → 12 → 20 → 18 → d, (requests = [0, 1, 3, 13, 17, 27, 30])
Vehicle 1: d → 12 → 0 → 15 → 29 → 25 → 13 → 23 → 26 → 19 → 4 → 24 → 9 → 14 → 21 → 7 → 10 → 27 → 22 → 1 → 5 → d, (requests = [6, 7, 11, 16, 20, 23, 26, 29])
Vehicle 2: d → 2 → 22 → 27 → 7 → 8 → 21 → 14 → 28 → 24 → 4 → 19 → 26 → 13 → 25 → 15 → 11 → d, (requests = [2, 8, 14, 15, 19, 25, 28])
Vehicle 3: d → 5 → 1 → 22 → 27 → 10 → 7 → 17 → d, (requests = [10, 21, 24])
Vehicle 4: d → 29 → 11 → 0 → 12 → 20 → d, (requests = [4, 18])
Vehicle 5: d → 16 → 30 → 20 → 12 → 6 → 25 → 23 → 19 → 4 → 28 → 14 → 21 → 8 → 17 → d, (requests = [5, 12, 22])
======== PPDSP OBJECTIVE ========
Profit    = 204537
Cost      = 39659
Objective = 164878
=================================
===== RAW XY MODEL =====
104 148 205 246 317 405 458 608 632 659 687 762 807 901 996 1040 1062 1177 1216 1259 1327 1372 1409 1464 1494 1534 1637 1704 1730 1787 1802 1838 1876 1911 1978 2029 2283 2344 2429 2474 2580 2638 2673 2688 2831 2883 2928 2969 3012 3042 3068 3117 3191 3370 3477 3557 3643 3891 4047 4190 4313 4457 4797 4849 5116 5384 5466 5742 5803 5859 5976 6055 6128 6161 6198 6238 6266 6341 6409 6496 6566 6594 2049 2051 3223 2055 5473 6615 2188 2190 3229 4350 3296 6622 3301 3306 3309 3311 3313 5487 4427 4430 4436 6632 4442 5559 5563 5567 5571 5578 5582 6703
  [Time Manager] Step 34 consumed 67.01s. Total Consumed: 1847.92s.
  [Info] Saved 6714 core assumption literals to p1_A-n32-k5_r32v6k3.lp.asm

[35/60] Building & Solving: R=33, V=6, K=3
Default row names c1, c2 ... being created.
  [Info] Generating MIP Formulation...
  [Time Manager] Global Remaining Budget: 1752.08s | Future Weight Sum: 26.0
  [Time Manager] Recalibrated Budget for this step: 67.39s
[CPLEX] Setting time limit to 67 seconds
[CPLEX] Reading assumption from p1_A-n32-k5_r32v6k3.lp.asm ...
[CPLEX] Applying MIP Start with 6336 variables.
Version identifier: 22.1.1.0 | 2022-11-28 | 9160aff4d
CPXPARAM_Read_DataCheck                          1
CPXPARAM_Threads                                 1
CPXPARAM_TimeLimit                               67
1 of 1 MIP starts provided solutions.
MIP start 'm1' defined initial solution with objective 164878.0000.
Tried aggregator 1 time.
MIP Presolve eliminated 48 rows and 5118 columns.
MIP Presolve modified 3356 coefficients.
Reduced MIP has 3315 rows, 1602 columns, and 15948 nonzeros.
Reduced MIP has 1230 binaries, 372 generals, 0 SOSs, and 0 indicators.
Presolve time = 0.00 sec. (9.82 ticks)
Probing time = 0.00 sec. (2.73 ticks)
Tried aggregator 1 time.
Detecting symmetries...
Reduced MIP has 3315 rows, 1602 columns, and 15948 nonzeros.
Reduced MIP has 1230 binaries, 372 generals, 0 SOSs, and 0 indicators.
Presolve time = 0.01 sec. (10.39 ticks)
Probing time = 0.00 sec. (2.71 ticks)
Clique table members: 699.
MIP emphasis: balance optimality and feasibility.
MIP search method: dynamic search.
Parallel mode: none, using 1 thread.
Root relaxation solution time = 0.01 sec. (19.42 ticks)

        Nodes                                         Cuts/
   Node  Left     Objective  IInf  Best Integer    Best Bound    ItCnt     Gap

*     0+    0                       164878.0000  1377222.0000           735.30%
      0     0   223049.0000   135   164878.0000   223049.0000      652   35.28%
      0     0   223049.0000   194   164878.0000     Cuts: 204      725   35.28%
      0     0   223049.0000   192   164878.0000      Cuts: 49      727   35.28%
      0     0   223049.0000   190   164878.0000      Cuts: 49      728   35.28%
      0     2   223049.0000   190   164878.0000   223049.0000      728   35.28%
Elapsed time = 0.14 sec. (324.34 ticks, tree = 0.01 MB, solutions = 1)
     10    12   221750.8031   286   164878.0000   222883.5523     2666   35.18%
     33    35   220720.2689   179   164878.0000   222883.5523     5516   35.18%
     83    69   222753.1335   168   164878.0000   222875.7245     8208   35.18%
     98    84   221640.2536   118   164878.0000   222875.7245    11330   35.18%
    122   106   219861.7659   131   164878.0000   222875.7245    12881   35.18%
    133   111   221950.0460   201   164878.0000   222776.3928    15823   35.12%
    171   142   222283.9757   213   164878.0000   222697.1955    18665   35.07%
    219   177   222642.3122   154   164878.0000   222646.5551    22020   35.04%
    246   200   222433.1476   170   164878.0000   222642.1870    24935   35.03%
    342   278   220613.0324   225   164878.0000   222461.9024    36597   34.93%
Elapsed time = 1.47 sec. (3550.89 ticks, tree = 0.57 MB, solutions = 1)
    508   420   220213.9183   148   164878.0000   222409.7011    44869   34.89%
    736   608   221969.5586   171   164878.0000   222339.6884    53624   34.85%
    960   810   217966.4302   109   164878.0000   222312.5633    61745   34.83%

Performing restart 1

Repeating presolve.
Tried aggregator 1 time.
MIP Presolve modified 144 coefficients.
Reduced MIP has 3315 rows, 1602 columns, and 15948 nonzeros.
Reduced MIP has 1230 binaries, 372 generals, 0 SOSs, and 0 indicators.
Presolve time = 0.00 sec. (8.37 ticks)
Tried aggregator 1 time.
Reduced MIP has 3315 rows, 1602 columns, and 15948 nonzeros.
Reduced MIP has 1230 binaries, 372 generals, 0 SOSs, and 0 indicators.
Presolve time = 0.01 sec. (10.78 ticks)
Represolve time = 0.01 sec. (26.64 ticks)
    982     0   222689.0000   170   164878.0000     Cuts: 154    63720   34.83%
    982     0   222329.0000   172   164878.0000     Cuts: 166    63850   34.83%
    982     0   222329.0000   191   164878.0000     Cuts: 109    63871   34.83%
    982     0   222329.0000   192   164878.0000      Cuts: 88    63879   34.83%
    982     0   222329.0000   199   164878.0000      Cuts: 67    63890   34.83%
    982     0   222329.0000   199   164878.0000     Cuts: 171    63906   34.83%
    982     2   222329.0000   199   164878.0000   222309.5367    63906   34.83%
    985     5   220829.6503   187   164878.0000   222046.0000    65434   34.67%
    995    15   220366.3497   207   164878.0000   222046.0000    66051   34.67%
   1011    25   218840.5237   274   164878.0000   222046.0000    69428   34.67%
   1021    29   221680.3333   377   164878.0000   222042.1000    72083   34.67%
   1033    41   220922.9511   186   164878.0000   222042.1000    75373   34.67%
   1055    61    infeasible         164878.0000   222042.1000    81046   34.67%
Elapsed time = 8.23 sec. (14251.68 ticks, tree = 1.06 MB, solutions = 1)
   1083    84   218585.5185   262   164878.0000   221868.2203    85081   34.57%
   1121   115   219363.0427   329   164878.0000   221856.4965    90369   34.56%
   1161   149   219373.9573   412   164878.0000   221848.3365    94203   34.55%
   1188   168   221133.5953   177   164878.0000   221791.6939    98451   34.52%
   1242   214   221011.4086   163   164878.0000   221789.9592   102837   34.52%
   1280   242    infeasible         164878.0000   221787.7589   108681   34.52%
   1337   290   221521.7504   237   164878.0000   221765.5087   113567   34.50%
   1382   325   218337.3094   158   164878.0000   221759.6393   120002   34.50%
   1420   345   218739.5818   132   164878.0000   221717.5998   127033   34.47%
   1452   369   219194.1686   273   164878.0000   221687.0998   133917   34.46%
Elapsed time = 11.78 sec. (23995.36 ticks, tree = 8.43 MB, solutions = 1)
   1500   409   215022.9554   251   164878.0000   221679.6667   139996   34.45%
   1593   501   191794.8059   154   164878.0000   221679.6667   145763   34.45%
   1645   542   219325.1209   258   164878.0000   221669.8801   151651   34.44%
   1689   574   216266.9453   209   164878.0000   221669.1000   158635   34.44%
   1730   599   221215.0845   338   164878.0000   221650.0000   165354   34.43%
   1786   646   221111.3125   199   164878.0000   221649.4329   171400   34.43%
   1857   711   215864.3203   225   164878.0000   221648.3560   177764   34.43%
   1891   733   221275.4223   253   164878.0000   221631.5057   184307   34.42%
   1922   750   219601.3042   214   164878.0000   221626.0038   190568   34.42%
   1965   777   220549.0556   207   164878.0000   221610.1310   197340   34.41%
Elapsed time = 15.16 sec. (33673.19 ticks, tree = 20.39 MB, solutions = 1)
   2002   810   219236.4659   240   164878.0000   221606.0000   204823   34.41%
   2096   898   217496.8100   336   164878.0000   221601.1133   211099   34.40%
   2236  1035   192327.3190   141   164878.0000   221601.1133   215363   34.40%
   2297  1084   219981.7062   204   164878.0000   221583.7417   221663   34.39%
   2354  1129   217415.4544   270   164878.0000   221581.0732   228744   34.39%
   2407  1168   219377.2862   270   164878.0000   221571.4741   235423   34.39%
   2462  1207   220349.5512   285   164878.0000   221558.9437   242440   34.38%
   2488  1217   218510.8983   273   164878.0000   221547.8671   248957   34.37%
   2571  1296   216346.2134   303   164878.0000   221543.1686   255341   34.37%
   2603  1315    infeasible         164878.0000   221539.8296   261589   34.37%
Elapsed time = 18.56 sec. (43337.20 ticks, tree = 33.96 MB, solutions = 1)
   2652  1360   220566.5989   225   164878.0000   221532.3877   266902   34.36%
   2678  1380   217896.5906   336   164878.0000   221531.7933   271320   34.36%
   2739  1431    infeasible         164878.0000   221530.8965   278287   34.36%
   2775  1453    infeasible         164878.0000   221520.2272   284313   34.35%
   2803  1469   220191.1821   224   164878.0000   221500.7039   289995   34.34%
   2862  1518    infeasible         164878.0000   221500.3448   296412   34.34%
   2881  1529   220190.3362   257   164878.0000   221493.9079   301878   34.34%
   2930  1564    infeasible         164878.0000   221490.6258   307609   34.34%
   2973  1603   218480.0695   176   164878.0000   221486.2597   313420   34.33%
   3017  1633   217853.2036   326   164878.0000   221480.2616   318549   34.33%
Elapsed time = 21.96 sec. (52943.46 ticks, tree = 41.68 MB, solutions = 1)
   3051  1659   216951.1016   267   164878.0000   221479.9335   324985   34.33%
   3075  1669   217943.4133   311   164878.0000   221475.4305   330238   34.33%
   3113  1699   219870.7733   223   164878.0000   221467.3783   336017   34.32%
   3147  1721    infeasible         164878.0000   221464.4437   342246   34.32%
   3179  1749   216125.6075   260   164878.0000   221458.3557   348272   34.32%
   3222  1780   219493.4565   210   164878.0000   221457.2683   354287   34.32%
   3256  1802   220272.2858   248   164878.0000   221452.4818   360696   34.31%
   3291  1831   218703.3704   360   164878.0000   221450.4035   366380   34.31%
   3358  1892   216853.7487   308   164878.0000   221448.6793   372596   34.31%
   3414  1936    infeasible         164878.0000   221427.4261   378781   34.30%
Elapsed time = 25.33 sec. (62708.75 ticks, tree = 48.51 MB, solutions = 1)
   3456  1966   217327.7953   235   164878.0000   221402.5942   384559   34.28%
   3508  2010   220553.0837   441   164878.0000   221401.8225   390791   34.28%
   3549  2039    infeasible         164878.0000   221396.4614   396517   34.28%
   3594  2078   217565.3058   188   164878.0000   221393.2500   401938   34.28%
   3641  2119   219269.9467   295   164878.0000   221387.3696   407354   34.27%
   3705  2175   220675.0568   341   164878.0000   221381.4410   413311   34.27%
   3749  2203   219923.7958   186   164878.0000   221376.6836   419544   34.27%
   3780  2220   218669.5849   296   164878.0000   221366.9809   425963   34.26%
   3831  2261   217326.0000   377   164878.0000   221365.6563   431884   34.26%
   3865  2287   219177.6027   325   164878.0000   221364.0833   439030   34.26%
Elapsed time = 28.59 sec. (72438.68 ticks, tree = 57.78 MB, solutions = 1)
   3906  2323   214143.3542   343   164878.0000   221350.9832   445567   34.25%
   3977  2390   220441.2120   247   164878.0000   221348.9232   451505   34.25%
   4009  2414   215781.0184   230   164878.0000   221346.9883   459153   34.25%
   4060  2449        cutoff         164878.0000   221334.7500   465520   34.24%
   4090  2465   218324.3333   286   164878.0000   221329.0633   472265   34.24%
   4139  2508   213475.9762   353   164878.0000   221328.6896   478098   34.24%
   4185  2545   217247.5532   194   164878.0000   221322.5256   482540   34.23%
   4241  2591   216884.1677   308   164878.0000   221316.8671   488650   34.23%
   4287  2626   220963.6583   279   164878.0000   221311.6230   494502   34.23%
   4319  2651    infeasible         164878.0000   221310.8188   501329   34.23%
Elapsed time = 32.10 sec. (82329.15 ticks, tree = 65.95 MB, solutions = 1)
   4354  2675   216919.4400   329   164878.0000   221304.5230   506604   34.22%
   4446  2762   219986.2216   292   164878.0000   221298.3404   513227   34.22%
   4489  2798   217963.3182   446   164878.0000   221295.1122   518185   34.22%
   4569  2876   199586.2222   263   164878.0000   221295.1122   524200   34.22%
   4611  2904   220538.3286   231   164878.0000   221291.3214   530429   34.22%
   4658  2942   217338.0360   273   164878.0000   221289.8171   536799   34.21%
   4684  2954   219791.5885   229   164878.0000   221283.9141   542842   34.21%
   4717  2973   218883.6667   257   164878.0000   221283.2161   549155   34.21%
   4741  2985   220777.1460   378   164878.0000   221278.4998   555663   34.21%
   4852  3061   216946.6896   254   164878.0000   221252.0216   579904   34.19%
Elapsed time = 36.63 sec. (95056.42 ticks, tree = 71.57 MB, solutions = 1)
   4982  3152    infeasible         164878.0000   221239.2195   603482   34.18%
   5238  3373    infeasible         164878.0000   221226.7500   625968   34.18%
   5447  3555   215771.6268   223   164878.0000   221204.5639   648649   34.16%
   5591  3662   218615.7705   412   164878.0000   221184.1596   671987   34.15%
   5803  3836   220774.7885   390   164878.0000   221182.3819   693734   34.15%
   6001  3998   210822.4833   193   164878.0000   221157.9041   717523   34.13%
   6161  4104   218214.0468   293   164878.0000   221149.6115   741715   34.13%
   6323  4235   212675.6327   344   164878.0000   221142.1121   764705   34.12%
   6467  4342   218152.3717   198   164878.0000   221139.2345   789913   34.12%
   6655  4493   219987.2064   253   164878.0000   221131.0734   813925   34.12%
Elapsed time = 52.16 sec. (133385.43 ticks, tree = 113.30 MB, solutions = 1)
   6898  4714   214395.5480   197   164878.0000   221129.7087   835411   34.12%
   7060  4836   219687.3241   240   164878.0000   221122.8697   858300   34.11%
   7249  4995   214200.7439   297   164878.0000   221122.1429   881544   34.11%
   7471  5174   220316.1163   198   164878.0000   221094.9258   904614   34.10%
   7611  5268    infeasible         164878.0000   221088.7343   926930   34.09%
   7731  5360   217456.1551   202   164878.0000   221081.7320   947918   34.09%
   7966  5545   217719.8144   290   164878.0000   221062.2394   969724   34.08%
   8158  5708   219164.0208   222   164878.0000   221052.3749   993413   34.07%
   8341  5850   216873.3889   399   164878.0000   221027.5000  1016831   34.06%
   8592  6071   215445.8643   248   164878.0000   221020.4909  1038754   34.05%
Elapsed time = 64.71 sec. (171696.82 ticks, tree = 157.34 MB, solutions = 1)
   8782  6221   214954.0140   165   164878.0000   221009.2022  1065520   34.04%

Clique cuts applied:  13
Cover cuts applied:  17
Implied bound cuts applied:  116
Flow cuts applied:  5
Mixed integer rounding cuts applied:  150
Zero-half cuts applied:  127
Gomory fractional cuts applied:  17

Root node processing (before b&c):
  Real time             =    0.14 sec. (324.46 ticks)
Sequential b&c:
  Real time             =   66.86 sec. (177728.35 ticks)
                          ------------
Total (root+branch&cut) =   67.00 sec. (178052.81 ticks)
[CPLEX] Status: time limit exceeded
[CPLEX] OPTIMAL OBJ: 164878.0
[CPLEX] Runtime: 67.008 sec
Vehicle 0: d → 3 → 7 → 21 → 14 → 9 → 28 → 4 → 19 → 23 → 25 → 6 → 12 → 20 → 18 → d, (requests = [0, 1, 3, 13, 17, 27, 30])
Vehicle 1: d → 12 → 0 → 15 → 29 → 25 → 13 → 23 → 26 → 19 → 4 → 24 → 9 → 14 → 21 → 7 → 10 → 27 → 22 → 1 → 5 → d, (requests = [6, 7, 11, 16, 20, 23, 26, 29])
Vehicle 2: d → 2 → 22 → 27 → 7 → 8 → 21 → 14 → 28 → 24 → 4 → 19 → 26 → 13 → 25 → 15 → 11 → d, (requests = [2, 8, 14, 15, 19, 25, 28])
Vehicle 3: d → 5 → 1 → 22 → 27 → 10 → 7 → 17 → d, (requests = [10, 21, 24])
Vehicle 4: d → 29 → 11 → 0 → 12 → 20 → d, (requests = [4, 18])
Vehicle 5: d → 16 → 30 → 20 → 12 → 6 → 25 → 23 → 19 → 4 → 28 → 14 → 21 → 8 → 17 → d, (requests = [5, 12, 22])
======== PPDSP OBJECTIVE ========
Profit    = 204537
Cost      = 39659
Objective = 164878
=================================
===== RAW XY MODEL =====
104 148 205 246 317 405 458 608 632 659 687 762 807 901 996 1040 1062 1177 1216 1259 1327 1372 1409 1464 1494 1534 1637 1704 1730 1787 1802 1838 1876 1911 1978 2029 2283 2344 2429 2474 2580 2638 2673 2688 2831 2883 2928 2969 3012 3042 3068 3117 3191 3370 3477 3557 3643 3891 4047 4190 4313 4457 4797 4849 5116 5384 5466 5742 5803 5859 5976 6055 6128 6161 6198 6238 6266 6341 6409 6496 6566 6594 2049 2051 3223 2055 5473 6615 2188 2190 3229 4350 3296 6622 3301 3306 3309 3311 3313 5487 4427 4430 4436 6632 4442 5559 5563 5567 5571 5578 5582 6703
  [Time Manager] Step 35 consumed 67.01s. Total Consumed: 1914.93s.
  [Info] Saved 6720 core assumption literals to p1_A-n32-k5_r33v6k3.lp.asm

[36/60] Building & Solving: R=34, V=6, K=3
Default row names c1, c2 ... being created.
  [Info] Generating MIP Formulation...
  [Time Manager] Global Remaining Budget: 1685.07s | Future Weight Sum: 25.0
  [Time Manager] Recalibrated Budget for this step: 67.40s
[CPLEX] Setting time limit to 67 seconds
[CPLEX] Reading assumption from p1_A-n32-k5_r33v6k3.lp.asm ...
[CPLEX] Applying MIP Start with 6342 variables.
Version identifier: 22.1.1.0 | 2022-11-28 | 9160aff4d
CPXPARAM_Read_DataCheck                          1
CPXPARAM_Threads                                 1
CPXPARAM_TimeLimit                               67
1 of 1 MIP starts provided solutions.
MIP start 'm1' defined initial solution with objective 164878.0000.
Tried aggregator 1 time.
MIP Presolve eliminated 42 rows and 5118 columns.
MIP Presolve modified 3380 coefficients.
Reduced MIP has 3340 rows, 1608 columns, and 16140 nonzeros.
Reduced MIP has 1236 binaries, 372 generals, 0 SOSs, and 0 indicators.
Presolve time = 0.00 sec. (9.92 ticks)
Probing time = 0.00 sec. (2.74 ticks)
Tried aggregator 1 time.
Detecting symmetries...
Reduced MIP has 3340 rows, 1608 columns, and 16140 nonzeros.
Reduced MIP has 1236 binaries, 372 generals, 0 SOSs, and 0 indicators.
Presolve time = 0.01 sec. (10.49 ticks)
Probing time = 0.00 sec. (2.71 ticks)
Clique table members: 694.
MIP emphasis: balance optimality and feasibility.
MIP search method: dynamic search.
Parallel mode: none, using 1 thread.
Root relaxation solution time = 0.01 sec. (19.94 ticks)

        Nodes                                         Cuts/
   Node  Left     Objective  IInf  Best Integer    Best Bound    ItCnt     Gap

*     0+    0                       164878.0000  1437900.0000           772.10%
      0     0   233162.0000   135   164878.0000   233162.0000      675   41.41%
      0     0   233162.0000   193   164878.0000     Cuts: 206      768   41.41%
      0     0   233162.0000   194   164878.0000      Cuts: 51      771   41.41%
      0     2   233162.0000   194   164878.0000   233162.0000      771   41.41%
Elapsed time = 0.14 sec. (328.38 ticks, tree = 0.01 MB, solutions = 1)
      6     8   232525.7732   224   164878.0000   232889.4214     3935   41.25%
     10    12   232821.7337   118   164878.0000   232838.0299     5316   41.22%
     40    38    infeasible         164878.0000   232838.0299     7798   41.22%
     68    62   230631.1707    86   164878.0000   232821.4060    10192   41.21%
     98    87   228591.7288   238   164878.0000   232817.6060    12359   41.21%
    119    96    infeasible         164878.0000   232795.9768    14521   41.19%
    152   121    infeasible         164878.0000   232695.0051    16274   41.13%
    188   153   231790.7143   203   164878.0000   232630.8382    18406   41.09%
    226   177    infeasible         164878.0000   232626.3191    20623   41.09%
    374   290   231815.3796   135   164878.0000   232569.9826    28030   41.06%
Elapsed time = 1.42 sec. (3573.07 ticks, tree = 2.90 MB, solutions = 1)
    582   462   231308.6609   170   164878.0000   232547.9287    36273   41.04%
    745   589   232083.1607   219   164878.0000   232510.8550    43615   41.02%
    890   707   231471.1590   224   164878.0000   232480.0639    52388   41.00%

Performing restart 1

Repeating presolve.
Tried aggregator 1 time.
MIP Presolve modified 144 coefficients.
Reduced MIP has 3340 rows, 1608 columns, and 16140 nonzeros.
Reduced MIP has 1236 binaries, 372 generals, 0 SOSs, and 0 indicators.
Presolve time = 0.00 sec. (9.55 ticks)
Tried aggregator 1 time.
Reduced MIP has 3340 rows, 1608 columns, and 16140 nonzeros.
Reduced MIP has 1236 binaries, 372 generals, 0 SOSs, and 0 indicators.
Presolve time = 0.01 sec. (10.92 ticks)
Represolve time = 0.02 sec. (28.54 ticks)
    964     0   233162.0000   197   164878.0000     Cuts: 100    58617   41.00%
    964     0   233162.0000   196   164878.0000      Cuts: 87    58622   41.00%
    964     0   232929.1718   197   164878.0000      Cuts: 64    58871   41.00%
    964     0   232580.4827   208   164878.0000     Cuts: 272    59079   41.00%
    964     0   232442.0000   193   164878.0000     Cuts: 100    59143   40.98%
    964     0   232442.0000   194   164878.0000      Cuts: 65    59148   40.98%
    964     0   232442.0000   195   164878.0000      Cuts: 89    59152   40.98%
    964     0   232442.0000   196   164878.0000      Cuts: 69    59164   40.98%
    964     2   232442.0000   196   164878.0000   232442.0000    59164   40.98%
    967     5   232165.9696   320   164878.0000   232351.6619    60108   40.92%
    970     8   231949.4733   229   164878.0000   232351.6619    62205   40.92%
    975    13   231304.1038   262   164878.0000   232351.6619    64698   40.92%
    981    19   230152.2023   271   164878.0000   232351.6619    68676   40.92%
    985    19   230876.6332   290   164878.0000   232165.7625    72621   40.81%
   1002    36   229155.9931   302   164878.0000   232165.7625    76435   40.81%
Elapsed time = 5.95 sec. (15776.32 ticks, tree = 0.38 MB, solutions = 1)
   1027    56   230431.5320   282   164878.0000   232061.2975    79397   40.75%
   1049    74   230584.1530   364   164878.0000   232004.3213    83453   40.71%
   1069    94   229111.0711   303   164878.0000   232004.3213    85176   40.71%
   1125   147   221084.8214   262   164878.0000   232004.3213    89227   40.71%
   1165   179   231826.2096   225   164878.0000   231928.5582    94753   40.67%
   1237   239   229633.1747   326   164878.0000   231922.5864   100702   40.66%
   1283   275   229826.9512   361   164878.0000   231814.9710   104722   40.60%
   1320   306   231349.6178   357   164878.0000   231784.5174   108811   40.58%
   1367   346   231194.1778   368   164878.0000   231780.6112   113322   40.58%
   1424   393   231224.2112   409   164878.0000   231772.5556   118863   40.57%
Elapsed time = 11.84 sec. (25577.94 ticks, tree = 6.58 MB, solutions = 1)
   1497   454   229791.1683   187   164878.0000   231752.7196   125728   40.56%
   1584   531   229785.0591   249   164878.0000   231751.2363   131828   40.56%
   1651   585    infeasible         164878.0000   231741.9658   138579   40.55%
   1708   634   230417.1140   401   164878.0000   231735.6111   144741   40.55%
   1772   690   231213.3510   219   164878.0000   231720.3281   151284   40.54%
   1824   732   227685.6332   338   164878.0000   231716.5914   157255   40.54%
   1874   768   230435.9982   242   164878.0000   231684.9268   162806   40.52%
   1918   806   225700.9225   240   164878.0000   231684.0924   169516   40.52%
   1978   859   227130.3228   288   164878.0000   231677.9580   175203   40.51%
   2048   925   227176.7275   299   164878.0000   231673.9511   181783   40.51%
Elapsed time = 15.11 sec. (35274.62 ticks, tree = 14.94 MB, solutions = 1)
   2124   995   230420.0093   139   164878.0000   231671.3452   186955   40.51%
   2188  1051   230605.8593   208   164878.0000   231661.5173   193545   40.50%
   2252  1105   228765.3515   186   164878.0000   231659.4557   199418   40.50%
   2324  1167   231352.5833   242   164878.0000   231652.3894   205818   40.50%
   2379  1218   226731.5020   267   164878.0000   231649.9316   212391   40.50%
   2417  1248   228564.1398   232   164878.0000   231634.3857   220424   40.49%
   2498  1323   230245.5511   242   164878.0000   231634.2422   226229   40.49%
   2557  1370   231124.0896   297   164878.0000   231628.1551   233556   40.48%
   2607  1408    infeasible         164878.0000   231618.9582   241620   40.48%
   2641  1434   229920.1932   309   164878.0000   231614.2668   249512   40.48%
Elapsed time = 18.43 sec. (45230.14 ticks, tree = 25.19 MB, solutions = 1)
   2696  1473   231029.2177   236   164878.0000   231597.0609   256769   40.47%
   2737  1506   229465.5565   268   164878.0000   231592.1970   263478   40.46%
   2790  1545   229996.9821   262   164878.0000   231570.7103   270023   40.45%
   2837  1580   230486.4204   203   164878.0000   231569.5105   276609   40.45%
   2891  1628   225825.7086   345   164878.0000   231567.2956   283148   40.45%
   2983  1720   212647.8133   219   164878.0000   231567.2956   290004   40.45%
   3110  1838   229536.1560   383   164878.0000   231561.9464   295790   40.44%
   3218  1931   227408.2206   309   164878.0000   231555.6544   302497   40.44%
   3286  1989   230718.6804   327   164878.0000   231553.8051   309156   40.44%
   3343  2032   230983.9625   267   164878.0000   231542.0223   315600   40.43%
Elapsed time = 21.68 sec. (55009.04 ticks, tree = 32.16 MB, solutions = 1)
   3417  2096   227510.3253   375   164878.0000   231518.1818   322160   40.42%
   3453  2120   230898.4958   241   164878.0000   231507.1689   327722   40.41%
   3504  2157   230617.3691   336   164878.0000   231487.5952   333602   40.40%
   3533  2180   229011.2115   305   164878.0000   231485.6697   339510   40.40%
   3583  2214   229569.9245   232   164878.0000   231471.8472   345328   40.39%
   3629  2252   226746.2998   233   164878.0000   231463.5301   350339   40.38%
   3713  2315   230694.4008   211   164878.0000   231440.4535   357152   40.37%
   3740  2330   230625.2219   242   164878.0000   231436.9759   362691   40.37%
   3816  2398   230561.4874   421   164878.0000   231433.7002   368856   40.37%
   3861  2435   231406.8329   190   164878.0000   231431.0963   374443   40.37%
Elapsed time = 25.01 sec. (64775.19 ticks, tree = 42.03 MB, solutions = 1)
   3900  2466   229617.6177   314   164878.0000   231426.9131   380710   40.36%
   3947  2503   231384.5503   232   164878.0000   231416.1455   386124   40.36%
   3984  2532   227905.6005   263   164878.0000   231411.6420   392128   40.35%
   4040  2576   230950.5646   400   164878.0000   231410.4763   397951   40.35%
   4089  2611   229988.3674   295   164878.0000   231406.0546   404465   40.35%
   4124  2636    infeasible         164878.0000   231405.4081   410126   40.35%
   4167  2673   229584.2114   209   164878.0000   231404.4532   416880   40.35%
   4217  2714   230762.3810   297   164878.0000   231400.9157   423212   40.35%
   4254  2741   229055.0400   346   164878.0000   231399.1622   428729   40.35%
   4292  2768   227172.3102   211   164878.0000   231399.0793   435243   40.35%
Elapsed time = 28.41 sec. (74929.73 ticks, tree = 49.47 MB, solutions = 1)
   4359  2822   229017.1918   348   164878.0000   231393.9963   441903   40.34%
   4386  2833   229529.4254   227   164878.0000   231384.4142   448041   40.34%
   4416  2847    infeasible         164878.0000   231379.7676   454611   40.33%
   4447  2872   226101.2413   374   164878.0000   231377.9210   459605   40.33%
   4481  2892   230839.1156   279   164878.0000   231364.1596   465718   40.32%
   4550  2952   230003.0995   289   164878.0000   231357.1853   472534   40.32%
   4598  2992   230226.8279   451   164878.0000   231354.6709   477823   40.32%
   4621  3005   230445.6521   301   164878.0000   231352.0000   483747   40.32%
   4668  3038    infeasible         164878.0000   231350.0624   490509   40.32%
   4692  3050   229311.7458   384   164878.0000   231347.1233   496376   40.31%
Elapsed time = 31.76 sec. (84780.38 ticks, tree = 55.86 MB, solutions = 1)
   4723  3077   230685.7164   332   164878.0000   231338.9887   502669   40.31%
   4758  3096    infeasible         164878.0000   231331.5833   510658   40.30%
   4801  3126    infeasible         164878.0000   231321.0148   517164   40.30%
   4843  3156   230529.5793   190   164878.0000   231315.6987   524641   40.30%
   4899  3196   229886.0436   257   164878.0000   231307.8969   530399   40.29%
   4926  3211    infeasible         164878.0000   231303.6721   535956   40.29%
   4968  3235   230236.6977   329   164878.0000   231285.8219   542315   40.28%
   5017  3275   230534.7741   241   164878.0000   231278.7869   547561   40.27%
   5050  3298   229457.9525   330   164878.0000   231276.2280   553696   40.27%
   5204  3410   229287.0485   350   164878.0000   231259.0164   576090   40.26%
Elapsed time = 36.35 sec. (97462.82 ticks, tree = 65.08 MB, solutions = 1)
   5391  3553   229798.7426   274   164878.0000   231242.5585   599530   40.25%
   5555  3677   230053.9695   436   164878.0000   231224.2112   624185   40.24%
   5712  3782   227920.6864   180   164878.0000   231211.9577   647567   40.23%
   5886  3919   230130.2762   326   164878.0000   231193.8362   669014   40.22%
   6042  4037   229875.8500   410   164878.0000   231184.3394   691515   40.22%
   6196  4156   227255.8005   479   164878.0000   231171.9878   715085   40.21%
   6355  4281   230451.3094   273   164878.0000   231156.5385   736373   40.20%
   6566  4438   229943.7228   246   164878.0000   231126.1183   760369   40.18%
   6769  4581   231056.1190   326   164878.0000   231104.0730   784735   40.17%
   7003  4760   223553.3060   162   164878.0000   231095.1111   806391   40.16%
Elapsed time = 52.37 sec. (136011.47 ticks, tree = 94.44 MB, solutions = 1)
   7204  4900   229775.8157   292   164878.0000   231086.6827   831490   40.16%
   7396  5031   230310.2308   221   164878.0000   231072.9147   856627   40.15%
   7589  5170    infeasible         164878.0000   231066.0402   879947   40.14%
   7771  5305   229480.0758   199   164878.0000   231060.6672   903370   40.14%
   7947  5419   229345.4169   189   164878.0000   231047.7500   926201   40.13%
   8138  5568   230216.1378   305   164878.0000   231039.2865   947102   40.13%
*  8164+ 5590                       166410.0000   231039.2865            38.84%
   8310  5687   227974.4811   315   166410.0000   231027.9795   971618   38.83%
   8444  5757    infeasible         166410.0000   231016.5287   994478   38.82%
   8650  5911   228804.3791   461   166410.0000   231003.0887  1016364   38.82%
*  8664+ 5923                       173672.0000   231003.0887            33.01%
   8790  5995   229088.3846   205   173672.0000   230994.9738  1040321   33.01%
Elapsed time = 65.47 sec. (174320.55 ticks, tree = 125.07 MB, solutions = 3)
   8963  6125   220401.7346   251   173672.0000   230984.5400  1062135   33.00%

Clique cuts applied:  8
Cover cuts applied:  12
Implied bound cuts applied:  85
Flow cuts applied:  8
Mixed integer rounding cuts applied:  165
Zero-half cuts applied:  153
Gomory fractional cuts applied:  15

Root node processing (before b&c):
  Real time             =    0.14 sec. (328.63 ticks)
Sequential b&c:
  Real time             =   66.86 sec. (178358.78 ticks)
                          ------------
Total (root+branch&cut) =   67.00 sec. (178687.42 ticks)
[CPLEX] Status: time limit exceeded
[CPLEX] OPTIMAL OBJ: 173672.0
[CPLEX] Runtime: 67.008 sec
Vehicle 0: d → 3 → 7 → 8 → 21 → 14 → 9 → 28 → 4 → 19 → 23 → 25 → 6 → 12 → 20 → 18 → d, (requests = [0, 1, 3, 17, 27, 30, 33])
Vehicle 1: d → 12 → 0 → 15 → 29 → 25 → 13 → 23 → 26 → 19 → 4 → 24 → 9 → 14 → 21 → 7 → 10 → 27 → 22 → 1 → 2 → 5 → d, (requests = [6, 7, 11, 16, 20, 23, 26, 29, 32])
Vehicle 2: d → 2 → 22 → 27 → 7 → 8 → 21 → 14 → 28 → 24 → 4 → 19 → 26 → 13 → 25 → 15 → 11 → d, (requests = [2, 8, 14, 15, 19, 25, 28])
Vehicle 3: d → 5 → 1 → 22 → 27 → 10 → 7 → 17 → d, (requests = [10, 21, 24])
Vehicle 4: d → 29 → 11 → 0 → 12 → 20 → d, (requests = [4, 18])
Vehicle 5: d → 16 → 30 → 20 → 12 → 6 → 25 → 23 → 19 → 4 → 28 → 14 → 21 → 8 → 17 → d, (requests = [5, 12, 22])
======== PPDSP OBJECTIVE ========
Profit    = 213420
Cost      = 39748
Objective = 173672
=================================
===== RAW XY MODEL =====
104 148 205 233 278 317 405 458 608 632 659 687 762 807 901 996 1040 1059 1094 1177 1216 1259 1327 1372 1409 1464 1494 1534 1637 1704 1730 1787 1802 1838 1876 1911 1978 2029 2283 2344 2429 2474 2580 2638 2673 2688 2831 2883 2928 2969 3012 3042 3068 3117 3191 3370 3477 3557 3643 3891 4047 4190 4313 4457 4797 4849 5116 5384 5466 5742 5803 5859 5976 6055 6128 6161 6198 6238 6266 6341 6409 6496 6566 6594 2049 2051 3223 2055 5473 6615 2188 2190 3229 4350 3296 6622 3306 3309 3311 3313 5487 4427 4430 4436 6632 4442 5559 5563 5567 5571 5578 5582 6703 6716 6721
  [Time Manager] Step 36 consumed 67.01s. Total Consumed: 1981.94s.
  [Info] Saved 6726 core assumption literals to p1_A-n32-k5_r34v6k3.lp.asm

[37/60] Building & Solving: R=35, V=6, K=3
Default row names c1, c2 ... being created.
  [Info] Generating MIP Formulation...
  [Time Manager] Global Remaining Budget: 1618.06s | Future Weight Sum: 24.0
  [Time Manager] Recalibrated Budget for this step: 67.42s
[CPLEX] Setting time limit to 67 seconds
[CPLEX] Reading assumption from p1_A-n32-k5_r34v6k3.lp.asm ...
[CPLEX] Applying MIP Start with 6348 variables.
Version identifier: 22.1.1.0 | 2022-11-28 | 9160aff4d
CPXPARAM_Read_DataCheck                          1
CPXPARAM_Threads                                 1
CPXPARAM_TimeLimit                               67
1 of 1 MIP starts provided solutions.
MIP start 'm1' defined initial solution with objective 173672.0000.
Tried aggregator 1 time.
MIP Presolve eliminated 36 rows and 5118 columns.
MIP Presolve modified 3404 coefficients.
Reduced MIP has 3365 rows, 1614 columns, and 16362 nonzeros.
Reduced MIP has 1242 binaries, 372 generals, 0 SOSs, and 0 indicators.
Presolve time = 0.00 sec. (10.07 ticks)
Probing time = 0.00 sec. (2.74 ticks)
Tried aggregator 1 time.
Detecting symmetries...
Reduced MIP has 3365 rows, 1614 columns, and 16362 nonzeros.
Reduced MIP has 1242 binaries, 372 generals, 0 SOSs, and 0 indicators.
Presolve time = 0.01 sec. (10.59 ticks)
Probing time = 0.00 sec. (2.72 ticks)
Clique table members: 695.
MIP emphasis: balance optimality and feasibility.
MIP search method: dynamic search.
Parallel mode: none, using 1 thread.
Root relaxation solution time = 0.01 sec. (18.46 ticks)

        Nodes                                         Cuts/
   Node  Left     Objective  IInf  Best Integer    Best Bound    ItCnt     Gap

*     0+    0                       173672.0000  1470690.0000           746.82%
      0     0   238627.0000   136   173672.0000   238627.0000      668   37.40%
      0     0   238627.0000   195   173672.0000     Cuts: 204      761   37.40%
      0     0   238627.0000   196   173672.0000      Cuts: 43      794   37.40%
      0     2   238627.0000   196   173672.0000   238627.0000      794   37.40%
Elapsed time = 0.14 sec. (308.75 ticks, tree = 0.01 MB, solutions = 1)
     10    12   237674.2568   152   173672.0000   238463.0862     3318   37.31%
     21    23   237127.9984   115   173672.0000   238463.0862     6887   37.31%
     36    34   223531.0853   224   173672.0000   238463.0862     9649   37.31%
     56    50   237217.5290   121   173672.0000   238462.9737    11918   37.31%
     69    61   235803.6252   109   173672.0000   238462.9737    14710   37.31%
    110    98   232355.9922   164   173672.0000   238462.9737    17490   37.31%
    135   117   233690.3737   197   173672.0000   238375.8115    20725   37.26%
    140   118   237870.4885   241   173672.0000   238349.1717    21981   37.24%
    179   145   237706.3841   187   173672.0000   238336.7980    24967   37.23%
    306   249   236680.3952   157   173672.0000   238306.3730    36449   37.22%
Elapsed time = 1.49 sec. (3632.82 ticks, tree = 0.61 MB, solutions = 1)
    444   358   237435.3622   128   173672.0000   238110.4510    48760   37.10%

Performing restart 1

Repeating presolve.
Tried aggregator 1 time.
MIP Presolve modified 144 coefficients.
Reduced MIP has 3365 rows, 1614 columns, and 16362 nonzeros.
Reduced MIP has 1242 binaries, 372 generals, 0 SOSs, and 0 indicators.
Presolve time = 0.00 sec. (9.66 ticks)
Tried aggregator 1 time.
Reduced MIP has 3365 rows, 1614 columns, and 16362 nonzeros.
Reduced MIP has 1242 binaries, 372 generals, 0 SOSs, and 0 indicators.
Presolve time = 0.01 sec. (11.03 ticks)
Represolve time = 0.01 sec. (28.80 ticks)
    473     0   238573.8415   224   173672.0000      Cuts: 90    51656   37.09%
    473     0   238503.8367   216   173672.0000     Cuts: 102    51723   37.09%
    473     0   238365.9544   200   173672.0000      Cuts: 63    51946   37.09%
    473     0   238194.8883   281   173672.0000     Cuts: 263    52202   37.09%
    473     0   237909.6941   219   173672.0000     Cuts: 165    52778   36.99%
    473     0   237907.0000   202   173672.0000     Cuts: 110    52813   36.99%
    473     0   237907.0000   204   173672.0000      Cuts: 95    52816   36.99%
    473     0   237907.0000   206   173672.0000     Cuts: 141    52830   36.99%
    473     0   237907.0000   200   173672.0000     Cuts: 124    52835   36.99%
    473     2   237907.0000   200   173672.0000   237907.0000    52835   36.99%
    474     3   237795.6719   355   173672.0000   237795.5700    53566   36.92%
    476     5   237667.9255   231   173672.0000   237795.3330    54559   36.92%
    478     7   236041.9656   204   173672.0000   237667.1143    56823   36.85%
    480     9   236527.1054   324   173672.0000   237667.1143    59487   36.85%
    483    10   235625.6710   309   173672.0000   237667.1143    61467   36.85%
    486    13   234824.4571   296   173672.0000   237667.1143    62450   36.85%
    490    16   232915.5000   343   173672.0000   237667.1143    64290   36.85%
    494    20   232550.0499   340   173672.0000   237667.1143    65530   36.85%
Elapsed time = 6.77 sec. (18172.91 ticks, tree = 0.09 MB, solutions = 1)
    498    24   232320.2013   330   173672.0000   237667.1143    66237   36.85%
    503    25    infeasible         173672.0000   237667.1143    69942   36.85%
    508    30   237303.1604   306   173672.0000   237662.5000    70864   36.85%
    510    32   234646.3879   321   173672.0000   237662.5000    72012   36.85%
    516    38   236983.5425   316   173672.0000   237662.5000    73797   36.85%
    523    45   234850.0054   287   173672.0000   237662.5000    74386   36.85%
    525    47   232838.6512   365   173672.0000   237662.5000    75111   36.85%
    528    50   232790.1515   347   173672.0000   237662.5000    75599   36.85%
    532    54   232637.6013   352   173672.0000   237662.5000    75946   36.85%
    537    58   231522.7331   373   173672.0000   237662.5000    76703   36.85%
Elapsed time = 10.63 sec. (28804.01 ticks, tree = 0.81 MB, solutions = 1)
    542    59   237184.0000   138   173672.0000   237484.4554    77789   36.74%
    546    63   236740.6462   485   173672.0000   237484.4554    79320   36.74%
    550    67   236443.7143   169   173672.0000   237484.4554    80702   36.74%
    556    73   235933.8202   350   173672.0000   237484.4554    82707   36.74%
    577    90   237020.5000   206   173672.0000   237428.2609    86730   36.71%
    582    95   235173.9375   278   173672.0000   237428.2609    89887   36.71%
    595   108   234300.6788   276   173672.0000   237428.2609    93384   36.71%
    613   121   232511.2321   230   173672.0000   237428.2609    95046   36.71%
    636   139   235690.1161   266   173672.0000   237369.1060    97683   36.68%
    680   175   236382.5875   323   173672.0000   237303.1604   102152   36.64%
Elapsed time = 16.44 sec. (39376.05 ticks, tree = 1.97 MB, solutions = 1)
    713   204   236473.7958   286   173672.0000   237303.1604   106887   36.64%
    743   224   235282.6434   215   173672.0000   237245.1580   112673   36.61%
    781   254   234619.9794   213   173672.0000   237232.6836   117070   36.60%
    819   278    infeasible         173672.0000   237216.5909   122572   36.59%
    856   307   236772.9455   154   173672.0000   237174.2832   126390   36.56%
    895   346   234516.8717   171   173672.0000   237174.2832   128697   36.56%
    923   374   221120.9286   231   173672.0000   237174.2832   130737   36.56%
    984   433   196941.2921   209   173672.0000   237174.2832   133146   36.56%
   1030   458    infeasible         173672.0000   237161.0009   138811   36.56%
   1060   480   234504.2483   221   173672.0000   237091.8095   144584   36.52%
Elapsed time = 19.73 sec. (49195.70 ticks, tree = 10.43 MB, solutions = 1)
   1098   517   226255.4974   235   173672.0000   237091.8095   148755   36.52%
   1129   540   233735.8874   226   173672.0000   237053.1304   154901   36.49%
   1199   601   236514.5094   288   173672.0000   237034.2340   160192   36.48%
   1218   612   235021.1534   259   173672.0000   236959.6171   164544   36.44%
   1243   633   234627.3605   202   173672.0000   236951.7918   168163   36.44%
   1299   689   225661.9962   224   173672.0000   236951.7918   172972   36.44%
   1344   726   231930.6569   102   173672.0000   236947.2688   179190   36.43%
   1396   770   236003.3804   299   173672.0000   236946.3889   183055   36.43%
   1447   820   223541.3240   290   173672.0000   236946.3889   188273   36.43%
   1547   913   232965.2872   272   173672.0000   236938.5643   192657   36.43%
Elapsed time = 22.92 sec. (58917.71 ticks, tree = 23.59 MB, solutions = 1)
   1633   993   235449.0964   243   173672.0000   236932.1517   198326   36.43%
   1730  1089   211245.2571   220   173672.0000   236932.1517   202648   36.43%
   1803  1155   223471.6831   269   173672.0000   236924.0000   207756   36.42%
   1887  1233   234851.1257   190   173672.0000   236914.7533   213700   36.42%
   1927  1257   234911.7451   221   173672.0000   236899.8645   220029   36.41%
   1994  1312   234079.5444   254   173672.0000   236896.0000   226996   36.40%
   2043  1359   226025.6711   225   173672.0000   236896.0000   233140   36.40%
   2172  1479    infeasible         173672.0000   236895.3894   239836   36.40%
   2204  1499    infeasible         173672.0000   236893.9338   245126   36.40%
   2250  1538   233062.8114   312   173672.0000   236886.4943   251057   36.40%
Elapsed time = 26.16 sec. (68620.86 ticks, tree = 41.80 MB, solutions = 1)
   2365  1641   234636.8563   188   173672.0000   236880.7254   257091   36.40%
   2417  1680   229668.3240   247   173672.0000   236869.4087   263277   36.39%
   2466  1719   233480.9708   197   173672.0000   236866.3531   268220   36.39%
   2514  1758   229353.6591   252   173672.0000   236851.0804   274590   36.38%
   2574  1792   234762.9995   329   173672.0000   236825.4461   280899   36.36%
   2618  1826   235627.3408   338   173672.0000   236813.4283   287369   36.36%
   2695  1892    infeasible         173672.0000   236796.2458   293388   36.35%
   2735  1926   234112.2504   417   173672.0000   236771.7210   299414   36.33%
   2787  1973   219905.8364   236   173672.0000   236769.4872   306395   36.33%
   2878  2053    infeasible         173672.0000   236746.2698   312379   36.32%
Elapsed time = 29.34 sec. (78286.12 ticks, tree = 54.10 MB, solutions = 1)
   2957  2117   236208.2500   266   173672.0000   236731.3027   319791   36.31%
   3031  2180   236704.3137   222   173672.0000   236727.7516   326100   36.31%
   3100  2242   236331.3494   316   173672.0000   236725.8535   332540   36.31%
   3151  2289   235837.8691   431   173672.0000   236725.6230   338558   36.31%
   3213  2339   235856.2815   395   173672.0000   236722.8323   343995   36.30%
   3253  2375   232857.2295   190   173672.0000   236722.3473   350621   36.30%
   3287  2395   233544.5170   303   173672.0000   236716.7193   357203   36.30%
   3330  2427   234387.7182   277   173672.0000   236716.5243   364543   36.30%
   3409  2494    infeasible         173672.0000   236716.0517   371337   36.30%
   3492  2570   218389.0743   240   173672.0000   236700.3141   377325   36.29%
Elapsed time = 32.55 sec. (88055.83 ticks, tree = 64.30 MB, solutions = 1)
   3542  2610    infeasible         173672.0000   236694.1000   384362   36.29%
   3584  2642   232153.9150   158   173672.0000   236669.3208   390607   36.27%
   3648  2696   232762.9386   389   173672.0000   236663.4615   396716   36.27%
   3736  2771   235763.6895   241   173672.0000   236658.6053   401904   36.27%
   3836  2860   232639.6710   328   173672.0000   236655.9426   408252   36.27%
   3902  2916   234172.1496   324   173672.0000   236635.9714   415402   36.25%
   3987  2986   229159.6945   162   173672.0000   236634.5067   422011   36.25%
   4066  3060   231741.1812   298   173672.0000   236634.2355   428677   36.25%
   4117  3105   231593.5752   305   173672.0000   236629.3163   434349   36.25%
   4458  3423   217799.8008   273   173672.0000   236612.9478   461686   36.24%
Elapsed time = 36.91 sec. (100556.62 ticks, tree = 89.87 MB, solutions = 1)
   4760  3701   236137.1090   377   173672.0000   236601.0510   489055   36.23%
   4964  3853    infeasible         173672.0000   236567.5711   515631   36.22%
   5238  4099   213773.6104   181   173672.0000   236548.7254   541055   36.20%
   5515  4348   219396.8062   322   173672.0000   236531.5650   567349   36.19%
   5811  4614   215156.2947   290   173672.0000   236524.9230   593292   36.19%
   6174  4944   234917.7690   253   173672.0000   236513.8784   620464   36.18%
   6388  5123   235757.4464   334   173672.0000   236497.9258   646758   36.18%
   6586  5276   229701.5165   279   173672.0000   236471.4902   673820   36.16%
   6817  5462   233657.4953   236   173672.0000   236452.9841   699472   36.15%
   7140  5748   231921.0988   263   173672.0000   236447.9882   727077   36.15%
Elapsed time = 52.71 sec. (138896.77 ticks, tree = 142.52 MB, solutions = 1)
   7302  5867    infeasible         173672.0000   236429.8596   753828   36.14%
   7558  6056   232967.2228   231   173672.0000   236419.2156   779840   36.13%
   7819  6269   236029.7214   296   173672.0000   236406.3514   806935   36.12%
   8106  6521   235700.9115   206   173672.0000   236394.3358   833738   36.12%
   8445  6828   231401.2103   218   173672.0000   236385.6087   859788   36.11%
   8694  7029   229878.4070   275   173672.0000   236376.8341   886047   36.11%
   9003  7309   233154.0146   280   173672.0000   236371.3817   911962   36.10%
   9240  7503   235651.9635   233   173672.0000   236362.9992   936110   36.10%
   9423  7660   223839.9297   250   173672.0000   236353.4525   962341   36.09%
   9693  7880    infeasible         173672.0000   236340.3214   989583   36.08%
Elapsed time = 65.58 sec. (177164.71 ticks, tree = 195.67 MB, solutions = 1)
Advanced basis not built.

Clique cuts applied:  20
Cover cuts applied:  15
Implied bound cuts applied:  64
Flow cuts applied:  11
Mixed integer rounding cuts applied:  261
Zero-half cuts applied:  143
Lift and project cuts applied:  1
Gomory fractional cuts applied:  17

Root node processing (before b&c):
  Real time             =    0.14 sec. (308.88 ticks)
Sequential b&c:
  Real time             =   66.86 sec. (180549.63 ticks)
                          ------------
Total (root+branch&cut) =   67.00 sec. (180858.50 ticks)
[CPLEX] Status: time limit exceeded
[CPLEX] OPTIMAL OBJ: 173672.0
[CPLEX] Runtime: 67.010 sec
Vehicle 0: d → 3 → 7 → 8 → 21 → 14 → 9 → 28 → 4 → 19 → 23 → 25 → 6 → 12 → 20 → 18 → d, (requests = [0, 1, 3, 17, 27, 30, 33])
Vehicle 1: d → 12 → 0 → 15 → 29 → 25 → 13 → 23 → 26 → 19 → 4 → 24 → 9 → 14 → 21 → 7 → 10 → 27 → 22 → 1 → 2 → 5 → d, (requests = [6, 7, 11, 16, 20, 23, 26, 29, 32])
Vehicle 2: d → 2 → 22 → 27 → 7 → 8 → 21 → 14 → 28 → 24 → 4 → 19 → 26 → 13 → 25 → 15 → 11 → d, (requests = [2, 8, 14, 15, 19, 25, 28])
Vehicle 3: d → 5 → 1 → 22 → 27 → 10 → 7 → 17 → d, (requests = [10, 21, 24])
Vehicle 4: d → 29 → 11 → 0 → 12 → 20 → d, (requests = [4, 18])
Vehicle 5: d → 16 → 30 → 20 → 12 → 6 → 25 → 23 → 19 → 4 → 28 → 14 → 21 → 8 → 17 → d, (requests = [5, 12, 22])
======== PPDSP OBJECTIVE ========
Profit    = 213420
Cost      = 39748
Objective = 173672
=================================
===== RAW XY MODEL =====
104 148 205 233 278 317 405 458 608 632 659 687 762 807 901 996 1040 1059 1094 1177 1216 1259 1327 1372 1409 1464 1494 1534 1637 1704 1730 1787 1802 1838 1876 1911 1978 2029 2283 2344 2429 2474 2580 2638 2673 2688 2831 2883 2928 2969 3012 3042 3068 3117 3191 3370 3477 3557 3643 3891 4047 4190 4313 4457 4797 4849 5116 5384 5466 5742 5803 5859 5976 6055 6128 6161 6198 6238 6266 6341 6409 6496 6566 6594 2049 2051 3223 2055 5473 6615 2188 2190 3229 4350 3296 6622 3306 3309 3311 3313 5487 4427 4430 4436 6632 4442 5559 5563 5567 5571 5578 5582 6703 6716 6721
  [Time Manager] Step 37 consumed 67.01s. Total Consumed: 2048.95s.
  [Info] Saved 6732 core assumption literals to p1_A-n32-k5_r35v6k3.lp.asm

[38/60] Building & Solving: R=36, V=6, K=3
Default row names c1, c2 ... being created.
  [Info] Generating MIP Formulation...
  [Time Manager] Global Remaining Budget: 1551.05s | Future Weight Sum: 23.0
  [Time Manager] Recalibrated Budget for this step: 67.44s
[CPLEX] Setting time limit to 67 seconds
[CPLEX] Reading assumption from p1_A-n32-k5_r35v6k3.lp.asm ...
[CPLEX] Applying MIP Start with 6354 variables.
Version identifier: 22.1.1.0 | 2022-11-28 | 9160aff4d
CPXPARAM_Read_DataCheck                          1
CPXPARAM_Threads                                 1
CPXPARAM_TimeLimit                               67
1 of 1 MIP starts provided solutions.
MIP start 'm1' defined initial solution with objective 180642.0000.
Tried aggregator 1 time.
MIP Presolve eliminated 30 rows and 5118 columns.
MIP Presolve modified 3408 coefficients.
Reduced MIP has 3390 rows, 1620 columns, and 16584 nonzeros.
Reduced MIP has 1248 binaries, 372 generals, 0 SOSs, and 0 indicators.
Presolve time = 0.00 sec. (10.27 ticks)
Probing time = 0.00 sec. (2.74 ticks)
Tried aggregator 1 time.
Detecting symmetries...
Reduced MIP has 3390 rows, 1620 columns, and 16584 nonzeros.
Reduced MIP has 1248 binaries, 372 generals, 0 SOSs, and 0 indicators.
Presolve time = 0.01 sec. (10.72 ticks)
Probing time = 0.00 sec. (2.72 ticks)
Clique table members: 696.
MIP emphasis: balance optimality and feasibility.
MIP search method: dynamic search.
Parallel mode: none, using 1 thread.
Root relaxation solution time = 0.01 sec. (19.34 ticks)

        Nodes                                         Cuts/
   Node  Left     Objective  IInf  Best Integer    Best Bound    ItCnt     Gap

*     0+    0                       180642.0000  1512510.0000           737.30%
      0     0   245597.0000   141   180642.0000   245597.0000      659   35.96%
      0     0   245597.0000   197   180642.0000     Cuts: 206      737   35.96%
      0     0   245597.0000   198   180642.0000      Cuts: 48      740   35.96%
      0     2   245597.0000   198   180642.0000   245597.0000      740   35.96%
Elapsed time = 0.15 sec. (369.95 ticks, tree = 0.01 MB, solutions = 1)
      8    10   244232.0000   199   180642.0000   245430.7547     3018   35.87%
     20    22   244001.6811   235   180642.0000   245430.7547     4654   35.87%
     46    41    infeasible         180642.0000   245430.7547     7595   35.87%
     50    45   244737.6667   227   180642.0000   245430.5874     8683   35.87%
     64    59   243725.4739   159   180642.0000   245430.5874    11287   35.87%
    108    96   238526.8566   152   180642.0000   245430.5874    14720   35.87%
    130   110   244036.7113   113   180642.0000   245344.5548    17496   35.82%
    162   133   244597.3671   156   180642.0000   245316.2774    19790   35.80%
    194   159   244416.4515   199   180642.0000   245290.1043    22792   35.79%
    310   250   244508.4503   103   180642.0000   245261.7095    33960   35.77%
Elapsed time = 1.43 sec. (3534.82 ticks, tree = 0.67 MB, solutions = 1)
    427   343   242094.6562   127   180642.0000   245170.0000    46027   35.72%
    573   452   243894.6220   114   180642.0000   245035.2846    58402   35.65%
    817   673   244040.8442   171   180642.0000   245023.3756    70836   35.64%
    950   777   243190.9071   162   180642.0000   244991.5347    81889   35.62%

Performing restart 1

Repeating presolve.
Tried aggregator 1 time.
MIP Presolve modified 150 coefficients.
Reduced MIP has 3390 rows, 1620 columns, and 16584 nonzeros.
Reduced MIP has 1248 binaries, 372 generals, 0 SOSs, and 0 indicators.
Presolve time = 0.00 sec. (9.79 ticks)
Tried aggregator 1 time.
Reduced MIP has 3390 rows, 1620 columns, and 16584 nonzeros.
Reduced MIP has 1248 binaries, 372 generals, 0 SOSs, and 0 indicators.
Presolve time = 0.01 sec. (11.15 ticks)
Represolve time = 0.01 sec. (28.97 ticks)
   1008     0   245597.0000   201   180642.0000     Cuts: 102    88369   35.62%
   1008     0   245597.0000   199   180642.0000     Cuts: 117    88375   35.62%
   1008     0   245371.1667   209   180642.0000      Cuts: 78    88681   35.62%
   1008     0   245131.0000   199   180642.0000     Cuts: 274    88827   35.62%
   1008     0   244877.0000   168   180642.0000      Cuts: 74    88883   35.56%
   1008     0   244877.0000   196   180642.0000     Cuts: 210    88917   35.56%
   1008     0   244803.0011   350   180642.0000      Cuts: 73    89170   35.52%
   1008     0   244700.2863   372   180642.0000     Cuts: 180    89403   35.46%
   1008     0   244591.9459   256   180642.0000      Cuts: 69    89477   35.40%
   1008     0   244574.7301   259   180642.0000      Cuts: 80    89607   35.39%
   1008     0   244555.1990   282   180642.0000      Cuts: 98    89757   35.38%
   1008     0   244487.8731   381   180642.0000     Cuts: 147    90008   35.34%
   1008     0   244377.0489   380   180642.0000      Cuts: 85    90302   35.28%
   1008     0   244323.3914   285   180642.0000     Cuts: 189    90490   35.25%
   1008     0   244283.7079   377   180642.0000     Cuts: 124    90619   35.23%
   1008     0   244267.3330   229   180642.0000     Cuts: 121    90707   35.22%
   1008     0   244254.2766   368   180642.0000     Cuts: 186    90832   35.21%
   1008     0   244254.2766   360   180642.0000      Cuts: 13    90841   35.21%
   1008     2   244254.2766   360   180642.0000   244253.7661    90841   35.21%
   1010     4   243131.0138    86   180642.0000   244248.8127    92463   35.21%
   1013     7   243075.8079    81   180642.0000   244248.8127    92958   35.21%
   1016    10   242847.2986   273   180642.0000   244248.8127    95110   35.21%
   1019    13   242749.7097   330   180642.0000   244248.8127    96011   35.21%
   1022    16   242345.8614   321   180642.0000   244248.8127    97721   35.21%
Elapsed time = 6.84 sec. (18067.81 ticks, tree = 0.08 MB, solutions = 1)
   1025    19   242283.3019   307   180642.0000   244248.8127    99426   35.21%
   1029    23   241708.9984   318   180642.0000   244248.8127   100274   35.21%
   1032    26   241527.3612   269   180642.0000   244248.8127   101305   35.21%
   1036    30   241193.8302   298   180642.0000   244248.8127   104394   35.21%
   1042    34   241060.3919   145   180642.0000   244248.8127   105132   35.21%
   1047    39   240826.3140   298   180642.0000   244248.8127   106352   35.21%
   1052    43   239853.6287   339   180642.0000   244248.8127   108437   35.21%
   1055    44   244156.1202   280   180642.0000   244172.1647   108827   35.17%
   1059    48   243447.0362   190   180642.0000   244172.1647   109828   35.17%
   1064    49   242202.3443   346   180642.0000   244172.1647   111961   35.17%
Elapsed time = 10.91 sec. (29793.44 ticks, tree = 0.72 MB, solutions = 1)
   1068    53   241898.0605   253   180642.0000   244172.1647   113373   35.17%
   1071    56   241724.5631   303   180642.0000   244172.1647   114179   35.17%
   1075    60   241310.0858   231   180642.0000   244172.1647   115974   35.17%
   1083    64    infeasible         180642.0000   244172.1647   118677   35.17%
   1086    65   242404.9650   289   180642.0000   244169.1496   122351   35.17%
   1092    71   242037.5714   331   180642.0000   244169.1496   123888   35.17%
   1096    75   241692.4000   262   180642.0000   244169.1496   124489   35.17%
   1103    82   241278.8362   361   180642.0000   244169.1496   125564   35.17%
   1118    97   240722.2928   305   180642.0000   244169.1496   126606   35.17%
   1145   124   229630.3424   279   180642.0000   244169.1496   128336   35.17%
Elapsed time = 16.91 sec. (40582.15 ticks, tree = 2.59 MB, solutions = 1)
   1167   140   243791.2436   235   180642.0000   244153.2333   131116   35.16%
   1187   160   243084.6407   513   180642.0000   244153.2333   132939   35.16%
   1203   174   241777.1127   323   180642.0000   244153.2333   135427   35.16%
   1245   215   237278.3698   262   180642.0000   244153.2333   138433   35.16%
   1279   238   243921.5202   224   180642.0000   244030.6246   141970   35.09%
   1297   252   241583.7413   244   180642.0000   244030.6246   146496   35.09%
   1309   258   240406.1198   316   180642.0000   244000.7214   150644   35.07%
   1380   321   219993.6293   181   180642.0000   244000.7214   154799   35.07%
   1405   338   243636.1350   304   180642.0000   243990.1072   158367   35.07%
   1430   363   239382.7644   380   180642.0000   243990.1072   162179   35.07%
Elapsed time = 20.21 sec. (50720.64 ticks, tree = 7.82 MB, solutions = 1)
   1465   390   242566.2083   270   180642.0000   243917.9902   167714   35.03%
   1501   418   243757.1018   142   180642.0000   243914.8016   173182   35.03%
   1526   433   242973.8564   244   180642.0000   243881.9720   178785   35.01%
   1572   469   241147.1569   374   180642.0000   243874.9314   184250   35.00%
   1601   490   242575.2068   224   180642.0000   243866.5666   189428   35.00%
   1636   516   241944.6709   218   180642.0000   243849.9977   195556   34.99%
   1669   541   243429.7981   172   180642.0000   243819.2540   201058   34.97%
   1704   574   241451.8880   230   180642.0000   243819.2540   204537   34.97%
   1753   617   240957.7982   296   180642.0000   243815.7746   210808   34.97%
   1779   635   237418.0000   288   180642.0000   243801.3817   215593   34.96%
Elapsed time = 23.43 sec. (60782.25 ticks, tree = 14.13 MB, solutions = 1)
   1827   678   241620.6672   207   180642.0000   243788.4998   221236   34.96%
   1878   718   242906.8971   331   180642.0000   243771.4311   227063   34.95%
   1918   754   240815.5803   441   180642.0000   243760.1496   232382   34.94%
   1990   822   235867.9189   321   180642.0000   243760.1496   238280   34.94%
   2089   916   241258.2684   319   180642.0000   243756.2853   244409   34.94%
   2122   939   243717.8759   222   180642.0000   243753.6243   250969   34.94%
   2151   958   237479.9597   189   180642.0000   243748.4372   257747   34.93%
   2193   988   240421.0000   295   180642.0000   243735.8645   263620   34.93%
   2281  1070   242307.1460   238   180642.0000   243735.5377   269875   34.93%
   2317  1100   242554.9937   366   180642.0000   243734.7497   274364   34.93%
Elapsed time = 26.70 sec. (70631.31 ticks, tree = 25.89 MB, solutions = 1)
   2368  1144   243036.7260   392   180642.0000   243734.5245   279886   34.93%
   2399  1170   242524.1548   223   180642.0000   243734.1541   286843   34.93%
   2439  1205   240648.7234   456   180642.0000   243733.2770   293513   34.93%
   2472  1234   241324.9478   399   180642.0000   243727.1324   298557   34.92%
   2491  1245   240574.9610   239   180642.0000   243722.8217   304728   34.92%
   2516  1260   242584.1475   246   180642.0000   243717.8010   311844   34.92%
   2570  1306        cutoff         180642.0000   243717.8010   318419   34.92%
   2603  1326    infeasible         180642.0000   243714.5229   324226   34.92%
   2626  1341   242615.6338   348   180642.0000   243704.5080   330438   34.91%
   2710  1424   230164.5600   285   180642.0000   243704.5080   335366   34.91%
Elapsed time = 29.85 sec. (80518.01 ticks, tree = 30.88 MB, solutions = 1)
   2848  1557   243064.7753   299   180642.0000   243698.8890   341160   34.91%
   2888  1597   230430.2746   219   180642.0000   243698.8890   347117   34.91%
   2946  1649   242104.8659   173   180642.0000   243684.1455   352410   34.90%
   2979  1670   241165.3333   204   180642.0000   243677.6864   358492   34.90%
   3020  1698   242489.6806   245   180642.0000   243660.1321   365496   34.89%
   3039  1711   240544.7048   454   180642.0000   243658.6129   372141   34.88%
   3079  1745   243144.0682   195   180642.0000   243658.2728   378552   34.88%
   3114  1766   242739.5215   219   180642.0000   243636.1350   384588   34.87%
   3177  1825   235208.0089   240   180642.0000   243636.1350   390158   34.87%
   3224  1860    infeasible         180642.0000   243631.3365   397607   34.87%
Elapsed time = 33.14 sec. (90409.02 ticks, tree = 36.42 MB, solutions = 1)
   3249  1881   236989.4916   299   180642.0000   243617.6782   403648   34.86%
   3309  1929   241851.2195   357   180642.0000   243610.5136   409602   34.86%
   3365  1974   242251.8708   222   180642.0000   243592.7447   415911   34.85%
   3384  1985    infeasible         180642.0000   243592.5377   422813   34.85%
   3428  2019    infeasible         180642.0000   243586.5972   428477   34.84%
   3469  2056   235324.3167   212   180642.0000   243583.8929   435275   34.84%
   3506  2079   242569.6617   259   180642.0000   243567.4298   442643   34.83%
   3558  2124   238817.6460   349   180642.0000   243567.4039   448609   34.83%
   3594  2150   242521.4716   160   180642.0000   243528.4721   455333   34.81%
   3753  2268   242362.0458   168   180642.0000   243483.3329   480871   34.79%
Elapsed time = 37.46 sec. (103050.89 ticks, tree = 45.91 MB, solutions = 1)
   3916  2388   241702.0151   367   180642.0000   243437.6337   504806   34.76%
   4154  2582   242231.4135   257   180642.0000   243411.5406   531274   34.75%
   4372  2761   240167.0944   337   180642.0000   243341.2778   555509   34.71%
   4675  3039   242875.9306   302   180642.0000   243274.9884   579768   34.67%
   4883  3222   241609.7458   242   180642.0000   243233.2319   605418   34.65%
   5076  3373   241798.6533   346   180642.0000   243207.6884   629968   34.64%
   5314  3577   242428.8667   567   180642.0000   243198.7611   656358   34.63%
   5558  3794   239267.3609   255   180642.0000   243178.1105   680819   34.62%
   5764  3958   242801.9116   440   180642.0000   243147.5189   707251   34.60%
   5952  4113   242895.9214   278   180642.0000   243125.4678   732540   34.59%
Elapsed time = 53.28 sec. (141457.37 ticks, tree = 82.26 MB, solutions = 1)
   6145  4268   242217.4409   362   180642.0000   243105.9855   758461   34.58%
   6328  4417   241626.9214   479   180642.0000   243088.5299   784259   34.57%
   6534  4591   239954.1907   271   180642.0000   243082.3969   809519   34.57%
   6705  4725   237679.6307   329   180642.0000   243076.0000   835986   34.56%
   6915  4892    infeasible         180642.0000   243066.1670   861122   34.56%
   7088  5029   242018.7513   259   180642.0000   243060.6626   886122   34.55%
   7246  5145   240827.5089   196   180642.0000   243043.6114   911705   34.54%
   7482  5343   238738.6316   488   180642.0000   243036.4929   937387   34.54%
   7719  5556   241862.8202   228   180642.0000   243035.8448   963355   34.54%
   7899  5700   240419.3889   335   180642.0000   243025.8034   989684   34.53%
Elapsed time = 66.28 sec. (180018.21 ticks, tree = 121.61 MB, solutions = 1)

GUB cover cuts applied:  2
Clique cuts applied:  11
Cover cuts applied:  27
Implied bound cuts applied:  46
Flow cuts applied:  30
Mixed integer rounding cuts applied:  244
Zero-half cuts applied:  194
Lift and project cuts applied:  1
Gomory fractional cuts applied:  8

Root node processing (before b&c):
  Real time             =    0.15 sec. (370.08 ticks)
Sequential b&c:
  Real time             =   66.85 sec. (181770.41 ticks)
                          ------------
Total (root+branch&cut) =   67.00 sec. (182140.48 ticks)
[CPLEX] Status: time limit exceeded
[CPLEX] OPTIMAL OBJ: 180642.0
[CPLEX] Runtime: 67.008 sec
Vehicle 0: d → 3 → 7 → 8 → 21 → 14 → 9 → 28 → 4 → 19 → 23 → 25 → 6 → 12 → 20 → 18 → d, (requests = [0, 1, 3, 17, 27, 30, 33])
Vehicle 1: d → 12 → 0 → 15 → 29 → 25 → 13 → 23 → 26 → 19 → 4 → 24 → 9 → 14 → 21 → 7 → 10 → 27 → 22 → 1 → 2 → 5 → d, (requests = [6, 7, 11, 16, 20, 23, 26, 29, 32])
Vehicle 2: d → 2 → 22 → 27 → 7 → 8 → 21 → 14 → 28 → 24 → 4 → 19 → 26 → 13 → 25 → 15 → 11 → d, (requests = [2, 8, 14, 15, 19, 25, 28])
Vehicle 3: d → 5 → 1 → 22 → 27 → 10 → 7 → 17 → d, (requests = [10, 21, 24])
Vehicle 4: d → 29 → 11 → 0 → 12 → 20 → d, (requests = [4, 18])
Vehicle 5: d → 16 → 30 → 20 → 12 → 6 → 25 → 23 → 19 → 4 → 28 → 14 → 21 → 8 → 17 → d, (requests = [5, 12, 22, 35])
======== PPDSP OBJECTIVE ========
Profit    = 220390
Cost      = 39748
Objective = 180642
=================================
===== RAW XY MODEL =====
104 148 205 233 278 317 405 458 608 632 659 687 762 807 901 996 1040 1059 1094 1177 1216 1259 1327 1372 1409 1464 1494 1534 1637 1704 1730 1787 1802 1838 1876 1911 1978 2029 2283 2344 2429 2474 2580 2638 2673 2688 2831 2883 2928 2969 3012 3042 3068 3117 3191 3370 3477 3557 3643 3891 4047 4190 4313 4457 4797 4849 5116 5384 5466 5742 5803 5859 5976 6055 6128 6161 6198 6238 6266 6341 6409 6496 6566 6594 2049 2051 3223 2055 5473 6615 2188 2190 3229 4350 3296 6622 3306 3309 3311 3313 5487 4427 4430 4436 6632 4442 5559 5563 5567 5571 5578 5582 6703 6716 6721 6738
  [Time Manager] Step 38 consumed 67.01s. Total Consumed: 2115.96s.
  [Info] Saved 6738 core assumption literals to p1_A-n32-k5_r36v6k3.lp.asm

[39/60] Building & Solving: R=36, V=7, K=3
Default row names c1, c2 ... being created.
  [Info] Generating MIP Formulation...
  [Time Manager] Global Remaining Budget: 1484.04s | Future Weight Sum: 22.0
  [Time Manager] Recalibrated Budget for this step: 67.46s
[CPLEX] Setting time limit to 67 seconds
[CPLEX] Reading assumption from p1_A-n32-k5_r36v6k3.lp.asm ...
[CPLEX] Applying MIP Start with 6360 variables.
Version identifier: 22.1.1.0 | 2022-11-28 | 9160aff4d
CPXPARAM_Read_DataCheck                          1
CPXPARAM_Threads                                 1
CPXPARAM_TimeLimit                               67
1 of 1 MIP starts provided solutions.
MIP start 'm1' defined initial solution with objective 180642.0000.
Tried aggregator 1 time.
MIP Presolve eliminated 35 rows and 5971 columns.
MIP Presolve modified 3982 coefficients.
Reduced MIP has 3949 rows, 1890 columns, and 19348 nonzeros.
Reduced MIP has 1456 binaries, 434 generals, 0 SOSs, and 0 indicators.
Presolve time = 0.00 sec. (11.96 ticks)
Probing time = 0.00 sec. (2.81 ticks)
Tried aggregator 1 time.
Detecting symmetries...
Reduced MIP has 3949 rows, 1890 columns, and 19348 nonzeros.
Reduced MIP has 1456 binaries, 434 generals, 0 SOSs, and 0 indicators.
Presolve time = 0.01 sec. (12.75 ticks)
Probing time = 0.00 sec. (2.78 ticks)
Clique table members: 806.
MIP emphasis: balance optimality and feasibility.
MIP search method: dynamic search.
Parallel mode: none, using 1 thread.
Root relaxation solution time = 0.01 sec. (21.35 ticks)

        Nodes                                         Cuts/
   Node  Left     Objective  IInf  Best Integer    Best Bound    ItCnt     Gap

*     0+    0                       180642.0000  1764595.0000           876.85%
      0     0   245597.0000   144   180642.0000   245597.0000      788   35.96%
      0     0   245560.0000   210   180642.0000     Cuts: 204      988   35.94%
      0     0   245505.4261   206   180642.0000      Cuts: 76     1065   35.91%
      0     0   245353.9126   303   180642.0000      Cuts: 49     1334   35.82%
      0     0   245226.8676   321   180642.0000     Cuts: 151     1435   35.75%
      0     0   244952.5000   187   180642.0000      Cuts: 79     1561   35.60%
      0     0   244952.5000   219   180642.0000     Cuts: 113     1568   35.60%
      0     0   244909.0000   328   180642.0000      Cuts: 18     1638   35.58%
      0     0   244909.0000   344   180642.0000      Cuts: 57     1663   35.58%
      0     2   244909.0000   331   180642.0000   244909.0000     1663   35.58%
Elapsed time = 0.55 sec. (1197.24 ticks, tree = 0.01 MB, solutions = 1)
      5     7   244263.9167   264   180642.0000   244909.0000     3428   35.58%
     15    17   243518.9770   237   180642.0000   244909.0000     6447   35.58%
     27    29   242731.4687   174   180642.0000   244909.0000    10314   35.58%
     48    42   244877.0000   196   180642.0000   244877.0000    14546   35.56%
     50    44   244739.9754   351   180642.0000   244739.9348    16169   35.48%
     55    49   244195.0546   382   180642.0000   244696.0610    18716   35.46%
     62    56   244594.2671   167   180642.0000   244696.0610    20532   35.46%
     75    65   241865.4846   247   180642.0000   244696.0610    23670   35.46%
     90    76    infeasible         180642.0000   244696.0610    26453   35.46%
    154   128   241683.9390   138   180642.0000   244684.0676    35328   35.45%
Elapsed time = 1.89 sec. (4520.89 ticks, tree = 0.56 MB, solutions = 1)
    213   174   243156.2514   220   180642.0000   244614.3154    45804   35.41%
    319   260   240695.8098    89   180642.0000   244610.2269    54490   35.41%
    421   337   244016.1245   283   180642.0000   244559.7551    65452   35.38%
    509   401   243803.3900   268   180642.0000   244524.2310    76229   35.36%
    600   471   244265.2510   226   180642.0000   244501.3579    86089   35.35%
    694   551   244348.1811   129   180642.0000   244457.9494    95979   35.33%
    784   627   239405.3358   313   180642.0000   244450.4554   107333   35.32%
    956   788   243086.8058   163   180642.0000   244432.8083   117795   35.31%

Performing restart 1

Repeating presolve.
Tried aggregator 1 time.
MIP Presolve modified 175 coefficients.
Reduced MIP has 3949 rows, 1890 columns, and 19348 nonzeros.
Reduced MIP has 1456 binaries, 434 generals, 0 SOSs, and 0 indicators.
Presolve time = 0.01 sec. (11.31 ticks)
Tried aggregator 1 time.
Reduced MIP has 3949 rows, 1890 columns, and 19348 nonzeros.
Reduced MIP has 1456 binaries, 434 generals, 0 SOSs, and 0 indicators.
Presolve time = 0.01 sec. (13.25 ticks)
Represolve time = 0.02 sec. (36.61 ticks)
    996     0   244877.0000   196   180642.0000      Cuts: 34   125280   35.31%
    996     0   244877.0000   197   180642.0000      Cuts: 78   125283   35.31%
    996     0   244877.0000   196   180642.0000      Cuts: 93   125284   35.31%
    996     0   244859.3041   341   180642.0000  ZeroHalf: 60   125406   35.31%
    996     0   244815.1181   335   180642.0000     Cuts: 172   125457   35.31%
    996     0   244793.3629   224   180642.0000     Cuts: 120   125606   35.31%
    996     0   244768.6660   244   180642.0000      Cuts: 36   125822   35.31%
    996     2   244768.6660   240   180642.0000   244418.4056   125822   35.31%
    997     3   244720.0435   246   180642.0000   244418.4056   126240   35.31%
Elapsed time = 7.23 sec. (18145.55 ticks, tree = 0.01 MB, solutions = 1)
    999     5   244408.2128   223   180642.0000   244418.4056   127218   35.31%
   1001     7   243923.2381   222   180642.0000   244418.4056   129776   35.31%
   1002     8   244145.0000   328   180642.0000   244418.4056   131152   35.31%
   1003     9   244110.5000   215   180642.0000   244418.4056   131826   35.31%
   1007    13   242390.1182   287   180642.0000   244418.4056   134442   35.31%
   1011    17   241052.2964   147   180642.0000   244418.4056   136183   35.31%
   1017    23   240705.1830   346   180642.0000   244418.4056   138263   35.31%
   1024    30   239042.0628   310   180642.0000   244418.4056   140951   35.31%
   1035    38   237864.0418   244   180642.0000   244418.4056   145092   35.31%
   1059    62   236601.8788   214   180642.0000   244418.4056   149092   35.31%
Elapsed time = 11.11 sec. (29861.34 ticks, tree = 0.30 MB, solutions = 1)
   1081    77   244185.2281   206   180642.0000   244418.4056   151717   35.31%
   1085    81   242088.7503   218   180642.0000   244418.4056   155263   35.31%
   1095    91   241696.7025   233   180642.0000   244418.4056   160860   35.31%
   1103    99   240154.8591   366   180642.0000   244418.4056   167538   35.31%
   1114   108   239550.1716   181   180642.0000   244418.4056   172722   35.31%
   1126   114   243549.2274   257   180642.0000   244407.7201   177493   35.30%
   1139   127   242726.2427   275   180642.0000   244407.7201   181739   35.30%
   1145   133   242501.8248   235   180642.0000   244407.7201   183437   35.30%
   1164   152   240528.0313   301   180642.0000   244407.7201   189357   35.30%
   1191   171   242789.9970    81   180642.0000   244407.0000   197426   35.30%
Elapsed time = 14.72 sec. (40883.88 ticks, tree = 0.88 MB, solutions = 1)
   1201   181   242617.3359   404   180642.0000   244407.0000   202404   35.30%
   1215   193   241429.3919   362   180642.0000   244407.0000   208646   35.30%
   1229   203   243827.5202   219   180642.0000   244404.0202   216609   35.30%
   1237   211   239169.2015   620   180642.0000   244404.0202   221222   35.30%
   1255   229   238513.1662   423   180642.0000   244404.0202   226076   35.30%
   1273   247   237566.3985   278   180642.0000   244404.0202   231224   35.30%
   1310   281   230879.8250   297   180642.0000   244404.0202   238557   35.30%
   1336   301   242542.0300   316   180642.0000   244284.0645   244896   35.23%
   1347   312   241698.2396   227   180642.0000   244284.0645   253594   35.23%
   1360   321   241174.6411   346   180642.0000   244213.2500   262896   35.19%
Elapsed time = 20.03 sec. (50886.98 ticks, tree = 1.46 MB, solutions = 1)
   1378   335   242361.7500   297   180642.0000   244183.2807   270499   35.18%
   1409   366   241694.6770   388   180642.0000   244183.2807   280435   35.18%
   1436   393   238531.4130   231   180642.0000   244183.2807   289593   35.18%
   1450   401    infeasible         180642.0000   244157.2152   298637   35.16%
   1484   433   239055.4535   245   180642.0000   244157.2152   308956   35.16%
   1536   476   243434.3541   279   180642.0000   244143.7102   322207   35.15%
   1553   493   242037.1385   293   180642.0000   244143.7102   332567   35.15%
   1563   499   242112.5749   275   180642.0000   244139.6276   339989   35.15%
   1597   528    infeasible         180642.0000   244139.6276   350352   35.15%
   1614   543   243363.7878   413   180642.0000   244130.7561   359038   35.15%
Elapsed time = 23.66 sec. (61619.67 ticks, tree = 1.83 MB, solutions = 1)
   1621   546   241574.2500   197   180642.0000   244127.0338   367579   35.14%
   1643   568   240973.4455   237   180642.0000   244127.0338   376829   35.14%
   1670   589   242008.0000   230   180642.0000   244116.0896   386784   35.14%
   1691   604   241596.7319   409   180642.0000   244112.4480   396246   35.14%
   1723   634   237225.5453   402   180642.0000   244112.4480   404988   35.14%
   1756   667   235371.8350   191   180642.0000   244112.4480   411155   35.14%
   1796   703   243843.0798   396   180642.0000   244110.8380   418022   35.14%
   1814   721   243531.6349   234   180642.0000   244110.8380   428466   35.14%
   1832   736    infeasible         180642.0000   244110.8380   439028   35.14%
   1838   738   242164.7946   397   180642.0000   244110.2114   446936   35.13%
Elapsed time = 27.05 sec. (71515.65 ticks, tree = 2.18 MB, solutions = 1)
   1863   763   239048.5766   128   180642.0000   244110.2114   454680   35.13%
   1878   772   242580.1177   366   180642.0000   244110.0000   460754   35.13%
   1916   810   240792.3904   157   180642.0000   244110.0000   471404   35.13%
   1940   828   241420.2111   331   180642.0000   244094.0000   481503   35.13%
   1977   863   235614.5905   319   180642.0000   244094.0000   491479   35.13%
   1996   872   243229.1766   449   180642.0000   244093.9832   501115   35.13%
   2030   906   240710.2395   416   180642.0000   244093.9832   511288   35.13%
   2076   947   243389.0278   197   180642.0000   244062.6788   522716   35.11%
   2091   962   243051.0552   417   180642.0000   244062.6788   533470   35.11%
   2121   992   240404.8508   182   180642.0000   244062.6788   541684   35.11%
Elapsed time = 30.52 sec. (81474.02 ticks, tree = 3.02 MB, solutions = 1)
   2152  1015   243776.2593   211   180642.0000   244019.7248   545708   35.08%
   2198  1061   240804.8034   262   180642.0000   244019.7248   550514   35.08%
   2229  1085   243415.9000   409   180642.0000   243980.0183   555327   35.06%
   2268  1124   235530.9995   508   180642.0000   243980.0183   560764   35.06%
   2321  1175   222899.1054   341   180642.0000   243980.0183   566120   35.06%
   2363  1213   241451.0510   399   180642.0000   243953.8046   571323   35.05%
   2424  1270   243539.9025   261   180642.0000   243951.0000   577395   35.05%
   2452  1298   242230.7855   296   180642.0000   243951.0000   581501   35.05%
   2485  1327   241843.9188   228   180642.0000   243937.1069   587361   35.04%
   2535  1372   243102.8717   290   180642.0000   243923.2821   593712   35.03%
Elapsed time = 33.86 sec. (91158.08 ticks, tree = 7.56 MB, solutions = 1)
   2553  1386   243186.2636   685   180642.0000   243922.3333   597710   35.03%
   2596  1423   243181.5000   269   180642.0000   243921.4295   603930   35.03%
   2640  1463   242812.2140   337   180642.0000   243893.5000   610211   35.01%
   2684  1506   237720.7803   368   180642.0000   243893.5000   615723   35.01%
   2720  1538   240807.8138   241   180642.0000   243884.2500   620991   35.01%
   2772  1586   243628.7532   243   180642.0000   243882.5937   626693   35.01%
   2826  1638   234087.2317   217   180642.0000   243882.5937   632631   35.01%
   2861  1667   242273.1960   471   180642.0000   243869.2500   638550   35.00%
   2906  1712   229386.2509   292   180642.0000   243869.2500   643911   35.00%
   3051  1831   240134.3828   317   180642.0000   243819.5072   665965   34.97%
Elapsed time = 38.21 sec. (103977.45 ticks, tree = 14.71 MB, solutions = 1)
   3198  1956   239113.8848   434   180642.0000   243787.0440   689299   34.96%
   3380  2122   238835.7079   349   180642.0000   243775.2222   712208   34.95%
   3571  2282   241969.3637   301   180642.0000   243745.5866   735062   34.93%
   3687  2373   238705.4554   178   180642.0000   243735.0100   758077   34.93%
   3848  2518   230718.1876   274   180642.0000   243716.8342   781341   34.92%
   3973  2614   243160.4708   263   180642.0000   243708.2730   805711   34.91%
   4130  2745   241142.2690   307   180642.0000   243681.7113   828061   34.90%
   4293  2886   243086.4209   220   180642.0000   243655.0810   851260   34.88%
   4414  2985    infeasible         180642.0000   243643.9417   875171   34.88%
   4500  3051    infeasible         180642.0000   243608.7066   898956   34.86%
Elapsed time = 53.60 sec. (142380.14 ticks, tree = 40.51 MB, solutions = 1)
   4657  3190   242027.5266   267   180642.0000   243582.5000   921289   34.84%
   4745  3256    infeasible         180642.0000   243566.5200   944824   34.83%
   4901  3383   237935.2991   413   180642.0000   243548.0283   967809   34.82%
   5016  3472   240198.7626   466   180642.0000   243542.3125   991570   34.82%
   5170  3591   241025.1923   391   180642.0000   243528.2889  1015211   34.81%
   5301  3694   242369.1731   431   180642.0000   243511.0558  1038069   34.80%
   5453  3822   241159.6437   233   180642.0000   243499.1984  1060536   34.80%
   5635  3983    infeasible         180642.0000   243491.2805  1084511   34.79%
   5811  4135   242862.6667   198   180642.0000   243469.0914  1106111   34.78%
   6001  4296   239941.4403   317   180642.0000   243458.1993  1128797   34.77%
Elapsed time = 66.76 sec. (180791.17 ticks, tree = 73.81 MB, solutions = 1)

GUB cover cuts applied:  2
Clique cuts applied:  5
Cover cuts applied:  28
Implied bound cuts applied:  23
Flow cuts applied:  7
Mixed integer rounding cuts applied:  283
Zero-half cuts applied:  79
Lift and project cuts applied:  1
Gomory fractional cuts applied:  5

Root node processing (before b&c):
  Real time             =    0.55 sec. (1197.36 ticks)
Sequential b&c:
  Real time             =   66.45 sec. (180347.87 ticks)
                          ------------
Total (root+branch&cut) =   67.00 sec. (181545.23 ticks)
[CPLEX] Status: time limit exceeded
[CPLEX] OPTIMAL OBJ: 180642.0
[CPLEX] Runtime: 67.008 sec
Vehicle 0: d → 3 → 7 → 8 → 21 → 14 → 9 → 28 → 4 → 19 → 23 → 25 → 6 → 12 → 20 → 18 → d, (requests = [0, 1, 3, 17, 27, 30, 33])
Vehicle 1: d → 12 → 0 → 15 → 29 → 25 → 13 → 23 → 26 → 19 → 4 → 24 → 9 → 14 → 21 → 7 → 10 → 27 → 22 → 1 → 2 → 5 → d, (requests = [6, 7, 11, 16, 20, 23, 26, 29, 32])
Vehicle 2: d → 2 → 22 → 27 → 7 → 8 → 21 → 14 → 28 → 24 → 4 → 19 → 26 → 13 → 25 → 15 → 11 → d, (requests = [2, 8, 14, 15, 19, 25, 28])
Vehicle 3: d → 5 → 1 → 22 → 27 → 10 → 7 → 17 → d, (requests = [10, 21, 24])
Vehicle 4: d → 29 → 11 → 0 → 12 → 20 → d, (requests = [4, 18])
Vehicle 5: d → 16 → 30 → 20 → 12 → 6 → 25 → 23 → 19 → 4 → 28 → 14 → 21 → 8 → 17 → d, (requests = [5, 12, 22, 35])
Vehicle 6: d, (requests = [])
======== PPDSP OBJECTIVE ========
Profit    = 220390
Cost      = 39748
Objective = 180642
=================================
===== RAW XY MODEL =====
104 148 205 233 278 317 405 458 608 632 659 687 762 807 901 996 1040 1059 1094 1177 1216 1259 1327 1372 1409 1464 1494 1534 1637 1704 1730 1787 1802 1838 1876 1911 1978 2029 2283 2344 2429 2474 2580 2638 2673 2688 2831 2883 2928 2969 3012 3042 3068 3117 3191 3370 3477 3557 3643 3891 4047 4190 4313 4457 4797 4849 5116 5384 5466 5742 5803 5859 5976 6055 6128 6161 6198 6238 6266 6341 6409 6496 6566 6594 2049 2051 3223 2055 5473 6615 2188 2190 3229 4350 3296 6622 3306 3309 3311 3313 5487 4427 4430 4436 6632 4442 5559 5563 5567 5571 5578 5582 6703 6716 6721 6738
  [Time Manager] Step 39 consumed 67.01s. Total Consumed: 2182.97s.
  [Info] Saved 7798 core assumption literals to p1_A-n32-k5_r36v7k3.lp.asm

[40/60] Building & Solving: R=37, V=7, K=3
Default row names c1, c2 ... being created.
  [Info] Generating MIP Formulation...
  [Time Manager] Global Remaining Budget: 1417.03s | Future Weight Sum: 21.0
  [Time Manager] Recalibrated Budget for this step: 67.48s
[CPLEX] Setting time limit to 67 seconds
[CPLEX] Reading assumption from p1_A-n32-k5_r36v7k3.lp.asm ...
[CPLEX] Applying MIP Start with 7420 variables.
Version identifier: 22.1.1.0 | 2022-11-28 | 9160aff4d
CPXPARAM_Read_DataCheck                          1
CPXPARAM_Threads                                 1
CPXPARAM_TimeLimit                               67
1 of 1 MIP starts provided solutions.
MIP start 'm1' defined initial solution with objective 180642.0000.
Tried aggregator 1 time.
MIP Presolve eliminated 35 rows and 5971 columns.
MIP Presolve modified 3982 coefficients.
Reduced MIP has 3971 rows, 1897 columns, and 19551 nonzeros.
Reduced MIP has 1463 binaries, 434 generals, 0 SOSs, and 0 indicators.
Presolve time = 0.00 sec. (12.05 ticks)
Probing time = 0.00 sec. (2.82 ticks)
Tried aggregator 1 time.
Detecting symmetries...
Reduced MIP has 3971 rows, 1897 columns, and 19551 nonzeros.
Reduced MIP has 1463 binaries, 434 generals, 0 SOSs, and 0 indicators.
Presolve time = 0.01 sec. (12.86 ticks)
Probing time = 0.00 sec. (2.78 ticks)
Clique table members: 807.
MIP emphasis: balance optimality and feasibility.
MIP search method: dynamic search.
Parallel mode: none, using 1 thread.
Root relaxation solution time = 0.02 sec. (30.29 ticks)

        Nodes                                         Cuts/
   Node  Left     Objective  IInf  Best Integer    Best Bound    ItCnt     Gap

*     0+    0                       180642.0000  1807715.0000           900.72%
      0     0   251757.0000   147   180642.0000   251757.0000      822   39.37%
      0     0   251727.4302   211   180642.0000     Cuts: 209      971   39.35%
      0     0   251633.5840   216   180642.0000      Cuts: 76     1087   39.30%
      0     0   251624.7609   206   180642.0000      Cuts: 99     1127   39.29%
      0     0   251494.3364   191   180642.0000      Cuts: 52     1426   39.22%
      0     0   251353.4706   206   180642.0000     Cuts: 141     1510   39.14%
      0     0   251037.0000   167   180642.0000      Cuts: 37     1643   38.97%
      0     0   251037.0000   198   180642.0000     Cuts: 120     1676   38.97%
      0     0   251013.2436   237   180642.0000  ZeroHalf: 43     1816   38.96%
      0     0   250952.3750   351   180642.0000     Cuts: 103     1882   38.92%
      0     0   250853.9057   275   180642.0000     Cuts: 139     1955   38.87%
      0     0   250793.9672   239   180642.0000     Cuts: 113     2025   38.83%
      0     0   250775.4677   236   180642.0000      Cuts: 82     2156   38.82%
      0     2   250775.4677   236   180642.0000   250775.4211     2156   38.82%
Elapsed time = 0.37 sec. (870.97 ticks, tree = 0.01 MB, solutions = 1)
      4     6   250167.8737   294   180642.0000   250647.5000     4660   38.75%
      7     9   250110.0190   246   180642.0000   250647.5000     7234   38.75%
     10    12   249624.2500   331   180642.0000   250647.5000     8831   38.75%
     20    22   248779.9575   156   180642.0000   250647.5000    11076   38.75%
     70    64    infeasible         180642.0000   250647.5000    13214   38.75%
     80    68   250565.5488   249   180642.0000   250647.3043    14235   38.75%
     90    78   250174.4024   110   180642.0000   250647.3043    15688   38.75%
    100    88   249625.9347   102   180642.0000   250647.3043    16538   38.75%
    115    96   250224.0617   236   180642.0000   250596.7689    18818   38.73%
    142   123   244270.4717   109   180642.0000   250596.7689    23363   38.73%
Elapsed time = 1.60 sec. (4436.45 ticks, tree = 3.42 MB, solutions = 1)
    245   196   247146.5962   160   180642.0000   250444.4943    29833   38.64%
    315   252   249290.0507   186   180642.0000   250424.3796    35562   38.63%
    412   320    infeasible         180642.0000   250396.3728    42200   38.61%

Performing restart 1

Repeating presolve.
Tried aggregator 1 time.
MIP Presolve modified 175 coefficients.
Reduced MIP has 3971 rows, 1897 columns, and 19551 nonzeros.
Reduced MIP has 1463 binaries, 434 generals, 0 SOSs, and 0 indicators.
Presolve time = 0.01 sec. (11.45 ticks)
Tried aggregator 1 time.
Reduced MIP has 3971 rows, 1897 columns, and 19551 nonzeros.
Reduced MIP has 1463 binaries, 434 generals, 0 SOSs, and 0 indicators.
Presolve time = 0.01 sec. (13.40 ticks)
Represolve time = 0.02 sec. (40.33 ticks)
    487     0   250723.8306   261   180642.0000      Cuts: 92    48539   38.59%
    487     0   250689.1720   326   180642.0000     Cuts: 147    48919   38.59%
    487     0   250602.2970   269   180642.0000      Cuts: 75    49323   38.59%
    487     0   250528.5575   370   180642.0000     Cuts: 102    49701   38.59%
    487     0   250486.2304   257   180642.0000     Cuts: 101    49970   38.59%
    487     0   250457.9313   385   180642.0000      Cuts: 57    50246   38.59%
    487     0   250422.7606   471   180642.0000      Cuts: 83    50594   38.59%
    487     0   250422.7606   492   180642.0000     Cuts: 110    50635   38.59%
    487     0   250422.7606   474   180642.0000       Cuts: 3    50638   38.59%
*   487+    0                       185195.0000   250358.5534            35.19%
    487     0   250417.0887   483   185195.0000      Cuts: 87    50744   35.19%
    487     0   250412.6526   450   185195.0000      Cuts: 34    50831   35.19%
    487     0   250412.4788   456   185195.0000     Cuts: 144    50849   35.19%
    487     2   250412.4788   444   185195.0000   250358.5534    50849   35.19%
    489     4   249007.5908   304   185195.0000   250358.5534    52397   35.19%
    491     6   250333.7872   303   185195.0000   250333.7872    53141   35.17%
    493     8   248605.9228   242   185195.0000   250272.7234    56082   35.14%
    495    10   250272.7234   225   185195.0000   250270.3000    57573   35.14%
    498    13   249552.4935   255   185195.0000   250270.3000    59184   35.14%
    503    18   249580.3750    93   185195.0000   250270.3000    59841   35.14%
Elapsed time = 7.52 sec. (21331.84 ticks, tree = 0.33 MB, solutions = 2)
    507    22   249065.7500    96   185195.0000   250270.3000    61154   35.14%
    512    27   248858.1223   346   185195.0000   250270.3000    61947   35.14%
    517    32   248078.5851   289   185195.0000   250270.3000    63338   35.14%
    523    30   250131.5789   261   185195.0000   250269.7206    67096   35.14%
    527    34   250057.7669   236   185195.0000   250269.7206    67363   35.14%
    531    38   249933.4159   229   185195.0000   250269.7206    67948   35.14%
    535    42   249734.7311   192   185195.0000   250269.7206    69275   35.14%
    539    46   249065.7370   311   185195.0000   250269.7206    70894   35.14%
    544    47        cutoff         185195.0000   250269.7206    75047   35.14%
    547    50   249973.0000   191   185195.0000   250234.2948    76485   35.12%
Elapsed time = 11.56 sec. (33074.63 ticks, tree = 1.17 MB, solutions = 2)
    550    53   249503.0000   309   185195.0000   250234.2948    79357   35.12%
    552    55   249450.8293   511   185195.0000   250234.2948    80069   35.12%
    555    58   249336.6955   500   185195.0000   250234.2948    80926   35.12%
    558    61   248898.5164   375   185195.0000   250234.2948    81970   35.12%
    564    67   248009.2464   411   185195.0000   250234.2948    83313   35.12%
    569    72   247712.6815   310   185195.0000   250234.2948    84012   35.12%
    577    80   247380.7139   277   185195.0000   250234.2948    84655   35.12%
    585    82   250121.0233   288   185195.0000   250195.0000    86262   35.10%
    595    92   247845.1377   421   185195.0000   250195.0000    88476   35.10%
    612   105   249793.4000   238   185195.0000   250154.4467    91339   35.08%
Elapsed time = 15.49 sec. (44457.60 ticks, tree = 2.94 MB, solutions = 2)
    625   118   248038.8793   249   185195.0000   250154.4467    93821   35.08%
    639   128   248940.6282   415   185195.0000   250154.3458    98481   35.08%
    646   129    infeasible         185195.0000   250154.3458   100646   35.08%
    663   139   249757.0187   339   185195.0000   250131.5789   103931   35.06%
    680   156   248411.4870   390   185195.0000   250131.5789   106431   35.06%
    692   164   249591.1615   243   185195.0000   250120.5109   108281   35.06%
    712   184   246680.8299   333   185195.0000   250120.5109   111289   35.06%
    747   216   240081.1733   168   185195.0000   250120.5109   113814   35.06%
    769   234   248001.6250   265   185195.0000   250115.8950   117411   35.06%
    786   243   249722.6429   248   185195.0000   250108.4347   121381   35.05%
Elapsed time = 21.49 sec. (54351.42 ticks, tree = 7.80 MB, solutions = 2)
    810   267   248030.0923   404   185195.0000   250108.4347   126845   35.05%
    831   281   248230.7500   213   185195.0000   250108.3491   131638   35.05%
    851   297   246261.4184   240   185195.0000   250086.3323   136024   35.04%
    895   335   247497.9430   394   185195.0000   250078.8448   141342   35.04%
    926   361   249011.5444   128   185195.0000   250064.0000   145880   35.03%
    935   366   248363.8320   253   185195.0000   250054.2009   149183   35.02%
    954   385   248222.4228   225   185195.0000   250054.2009   152255   35.02%
    982   413   247080.1083   379   185195.0000   250054.2009   156068   35.02%
   1022   447   247241.5000   136   185195.0000   250046.2428   160913   35.02%
   1051   472   246865.2077   559   185195.0000   250002.5578   165807   34.99%
Elapsed time = 25.14 sec. (64226.42 ticks, tree = 15.43 MB, solutions = 2)
   1078   489   248860.0385   521   185195.0000   249989.3861   171151   34.99%
   1114   517   249374.5909   246   185195.0000   249973.0000   176407   34.98%
   1127   530   247011.6067   235   185195.0000   249973.0000   181073   34.98%
   1143   540   249113.3054   295   185195.0000   249933.6248   184596   34.96%
   1161   554   245941.2848   555   185195.0000   249918.6216   189458   34.95%
   1202   594   243557.0539   308   185195.0000   249918.6216   194074   34.95%
   1258   638    infeasible         185195.0000   249845.0240   200230   34.91%
   1288   668   246155.5968   339   185195.0000   249833.3871   204011   34.90%
   1308   684   249033.2833   317   185195.0000   249827.2097   209398   34.90%
   1339   711   241744.0214   352   185195.0000   249827.2097   213812   34.90%
Elapsed time = 28.58 sec. (74004.87 ticks, tree = 23.26 MB, solutions = 2)
   1384   750   248657.1842   299   185195.0000   249804.8393   218714   34.89%
   1409   775   244904.6798   372   185195.0000   249804.8393   222470   34.89%
   1436   794   249268.3010   379   185195.0000   249786.0000   228211   34.88%
   1468   822   248796.9861   345   185195.0000   249781.3851   234004   34.87%
   1495   843   248434.9736   177   185195.0000   249781.2067   240026   34.87%
   1536   880   242644.7794   220   185195.0000   249781.2067   245412   34.87%
   1578   911   249236.4153   251   185195.0000   249779.5323   250227   34.87%
   1607   932   249578.0748   258   185195.0000   249764.1560   254831   34.87%
   1635   954   249155.8078   319   185195.0000   249762.3561   259846   34.86%
   1664   977   249066.6822   227   185195.0000   249757.0187   265850   34.86%
Elapsed time = 32.04 sec. (84463.08 ticks, tree = 32.75 MB, solutions = 2)
   1704  1013   249550.9837   352   185195.0000   249750.7789   270604   34.86%
   1716  1017   247642.0276   243   185195.0000   249748.5798   276710   34.86%
   1741  1034   247453.2578   227   185195.0000   249747.8566   281403   34.86%
   1760  1045    infeasible         185195.0000   249731.0983   286810   34.85%
   1771  1046   248060.6905   286   185195.0000   249728.7661   291756   34.85%
   1811  1082   247283.6068   266   185195.0000   249717.5000   297085   34.84%
   1860  1122    infeasible         185195.0000   249714.0000   302825   34.84%
   1877  1137   248323.0040   420   185195.0000   249696.7963   307844   34.83%
   1895  1155   244513.9264   354   185195.0000   249696.7963   314453   34.83%
   1913  1167   248485.5333   403   185195.0000   249681.1658   320686   34.82%
Elapsed time = 35.34 sec. (94265.99 ticks, tree = 37.77 MB, solutions = 2)
   1954  1200   247181.9805   241   185195.0000   249680.3497   326642   34.82%
   2005  1247   248754.7998   303   185195.0000   249680.2208   332219   34.82%
   2044  1279   245905.5806   371   185195.0000   249680.1060   338464   34.82%
   2083  1314   248502.7314   180   185195.0000   249671.3333   344260   34.82%
   2117  1340   241451.9550   196   185195.0000   249671.3333   350235   34.82%
   2145  1356   249484.1733   200   185195.0000   249655.9296   355006   34.81%
   2166  1373   247954.6739   194   185195.0000   249654.5410   360613   34.81%
   2191  1392   246728.4444   422   185195.0000   249648.3507   366106   34.80%
   2217  1414   247192.9816   511   185195.0000   249638.2464   371976   34.80%
   2326  1490   249334.4144   337   185195.0000   249612.6289   394760   34.78%
Elapsed time = 39.66 sec. (107177.74 ticks, tree = 48.81 MB, solutions = 2)
   2463  1609   248495.0037   367   185195.0000   249598.4927   415365   34.78%
   2600  1718   246949.9612   254   185195.0000   249589.4790   437435   34.77%
   2735  1833   244883.7960   290   185195.0000   249585.6458   459614   34.77%
   2807  1873   248535.7191   195   185195.0000   249569.9349   481915   34.76%
   2910  1942   247569.6250   210   185195.0000   249552.4721   503968   34.75%
   3050  2063   246732.1329   451   185195.0000   249546.8000   526100   34.75%
   3248  2240    infeasible         185195.0000   249537.8000   548400   34.74%
   3336  2303   244979.7797   248   185195.0000   249521.2641   571802   34.73%
   3480  2420   247237.8733   431   185195.0000   249509.5250   593820   34.73%
   3616  2521   245720.2762   241   185195.0000   249507.2500   616095   34.73%
Elapsed time = 55.79 sec. (145755.97 ticks, tree = 78.06 MB, solutions = 2)
   3714  2597   244315.8025   267   185195.0000   249499.9000   637472   34.72%
   3884  2752   241616.9546   286   185195.0000   249496.6097   660358   34.72%
   4068  2906   247541.8409   186   185195.0000   249488.7039   682154   34.72%
   4218  3026   246805.4164   402   185195.0000   249474.4145   702903   34.71%
   4356  3142   247681.9308   253   185195.0000   249463.0337   725679   34.70%
   4505  3264   249089.6310   350   185195.0000   249459.8139   746059   34.70%
*  4687+ 3428                       185270.0000   249452.7500            34.64%
   4700  3435   248724.2276   154   185270.0000   249450.3051   767835   34.64%
   4833  3555   239961.3657   366   185270.0000   249449.3244   792073   34.64%

GUB cover cuts applied:  6
Clique cuts applied:  8
Cover cuts applied:  32
Implied bound cuts applied:  18
Flow cuts applied:  20
Mixed integer rounding cuts applied:  406
Zero-half cuts applied:  151
Gomory fractional cuts applied:  9

Root node processing (before b&c):
  Real time             =    0.37 sec. (868.66 ticks)
Sequential b&c:
  Real time             =   66.63 sec. (176294.68 ticks)
                          ------------
Total (root+branch&cut) =   67.00 sec. (177163.34 ticks)
[CPLEX] Status: time limit exceeded
[CPLEX] OPTIMAL OBJ: 185270.0
[CPLEX] Runtime: 67.009 sec
Vehicle 0: d → 3 → 7 → 21 → 14 → 9 → 28 → 4 → 19 → 23 → 25 → 6 → 12 → 20 → 18 → d, (requests = [0, 1, 3, 13, 17, 27, 30, 36])
Vehicle 1: d → 12 → 0 → 15 → 29 → 25 → 13 → 23 → 26 → 19 → 4 → 24 → 9 → 14 → 21 → 7 → 10 → 27 → 22 → 1 → 2 → 5 → d, (requests = [6, 7, 11, 16, 20, 23, 26, 29, 32])
Vehicle 2: d → 2 → 22 → 27 → 7 → 8 → 21 → 14 → 28 → 24 → 4 → 19 → 26 → 13 → 25 → 15 → 11 → d, (requests = [2, 8, 14, 15, 19, 25, 28])
Vehicle 3: d → 5 → 1 → 22 → 27 → 10 → 7 → 17 → d, (requests = [10, 21, 24])
Vehicle 4: d → 29 → 11 → 0 → 12 → 20 → d, (requests = [4, 18])
Vehicle 5: d → 16 → 30 → 20 → 12 → 6 → 25 → 23 → 19 → 4 → 28 → 14 → 21 → 8 → 17 → d, (requests = [5, 12, 22, 35])
Vehicle 6: d, (requests = [])
======== PPDSP OBJECTIVE ========
Profit    = 224943
Cost      = 39673
Objective = 185270
=================================
===== RAW XY MODEL =====
104 148 205 246 317 405 458 608 632 659 687 762 807 901 996 1040 1059 1094 1177 1216 1259 1327 1372 1409 1464 1494 1534 1637 1704 1730 1787 1802 1838 1876 1911 1978 2029 2283 2344 2429 2474 2580 2638 2673 2688 2831 2883 2928 2969 3012 3042 3068 3117 3191 3370 3477 3557 3643 3891 4047 4190 4313 4457 4797 4849 5116 5384 5466 5742 5803 5859 5976 6055 6128 6161 6198 6238 6266 6341 6409 6496 6566 6594 2049 2051 3223 2055 5473 6615 2188 2190 3229 4350 3296 6622 3301 3306 3309 3311 3313 5487 4427 4430 4436 6632 4442 5559 5563 5567 5571 5578 5582 6703 6716 6738 7862
  [Time Manager] Step 40 consumed 67.01s. Total Consumed: 2249.98s.
  [Info] Saved 7868 core assumption literals to p1_A-n32-k5_r37v7k3.lp.asm

[41/60] Building & Solving: R=38, V=7, K=3
Default row names c1, c2 ... being created.
  [Info] Generating MIP Formulation...
  [Time Manager] Global Remaining Budget: 1350.02s | Future Weight Sum: 20.0
  [Time Manager] Recalibrated Budget for this step: 67.50s
[CPLEX] Setting time limit to 67 seconds
[CPLEX] Reading assumption from p1_A-n32-k5_r37v7k3.lp.asm ...
[CPLEX] Applying MIP Start with 7427 variables.
Version identifier: 22.1.1.0 | 2022-11-28 | 9160aff4d
CPXPARAM_Read_DataCheck                          1
CPXPARAM_Threads                                 1
CPXPARAM_TimeLimit                               67
1 of 1 MIP starts provided solutions.
MIP start 'm1' defined initial solution with objective 185270.0000.
Tried aggregator 1 time.
MIP Presolve eliminated 35 rows and 5971 columns.
MIP Presolve modified 3970 coefficients.
Reduced MIP has 3993 rows, 1904 columns, and 19817 nonzeros.
Reduced MIP has 1470 binaries, 434 generals, 0 SOSs, and 0 indicators.
Presolve time = 0.00 sec. (12.16 ticks)
Probing time = 0.00 sec. (2.82 ticks)
Tried aggregator 1 time.
Detecting symmetries...
Reduced MIP has 3993 rows, 1904 columns, and 19817 nonzeros.
Reduced MIP has 1470 binaries, 434 generals, 0 SOSs, and 0 indicators.
Presolve time = 0.01 sec. (13.01 ticks)
Probing time = 0.00 sec. (2.79 ticks)
Clique table members: 808.
MIP emphasis: balance optimality and feasibility.
MIP search method: dynamic search.
Parallel mode: none, using 1 thread.
Root relaxation solution time = 0.01 sec. (22.27 ticks)

        Nodes                                         Cuts/
   Node  Left     Objective  IInf  Best Integer    Best Bound    ItCnt     Gap

*     0+    0                       185270.0000  1864149.0000           906.18%
      0     0   259819.0000   149   185270.0000   259819.0000      802   40.24%
      0     0   259819.0000   210   185270.0000     Cuts: 214      914   40.24%
      0     0   259819.0000   203   185270.0000      Cuts: 86      936   40.24%
      0     0   259628.7641   190   185270.0000      Cuts: 52     1237   40.14%
      0     0   259459.0000   174   185270.0000     Cuts: 146     1347   40.04%
      0     0   259099.0000   199   185270.0000     Cuts: 135     1476   39.85%
      0     0   259099.0000   199   185270.0000      Cuts: 50     1479   39.85%
*     0+    0                       185759.0000   259099.0000            39.48%
      0     0        cutoff         185759.0000   259099.0000     1479   39.48%
      0     2   259099.0000   199   185759.0000   259099.0000     1479   39.48%
Elapsed time = 0.24 sec. (594.42 ticks, tree = 0.01 MB, solutions = 2)
      4     6   258859.5072   121   185759.0000   258859.1962     4064   39.35%
      8    10   258497.2589   231   185759.0000   258788.5478     6808   39.31%
     14    16   258439.4750   102   185759.0000   258787.5038     9081   39.31%
     20    22   257468.5782   115   185759.0000   258787.5038    10837   39.31%
     33    33   256530.5993   182   185759.0000   258787.5038    12469   39.31%
     39    37    infeasible         185759.0000   258787.5038    14925   39.31%
     59    55   252665.5870   247   185759.0000   258787.5038    17950   39.31%
     68    58   258188.0049   140   185759.0000   258771.7500    20492   39.31%
     79    69   257449.0619   109   185759.0000   258771.7500    22592   39.31%
    119   101   258467.4041   261   185759.0000   258769.3333    29415   39.30%
Elapsed time = 1.59 sec. (3979.70 ticks, tree = 1.38 MB, solutions = 2)
    202   176   257101.8667   261   185759.0000   258662.7400    36074   39.25%
    306   272   254154.9853   327   185759.0000   258657.0000    42780   39.24%
    447   396   258610.0406   106   185759.0000   258650.0185    49119   39.24%

Performing restart 1

Repeating presolve.
Tried aggregator 1 time.
MIP Presolve modified 175 coefficients.
Reduced MIP has 3993 rows, 1904 columns, and 19817 nonzeros.
Reduced MIP has 1470 binaries, 434 generals, 0 SOSs, and 0 indicators.
Presolve time = 0.01 sec. (11.60 ticks)
Tried aggregator 1 time.
Reduced MIP has 3993 rows, 1904 columns, and 19817 nonzeros.
Reduced MIP has 1470 binaries, 434 generals, 0 SOSs, and 0 indicators.
Presolve time = 0.01 sec. (13.58 ticks)
Represolve time = 0.02 sec. (36.59 ticks)
    516     0   259037.3394   371   185759.0000      Cuts: 91    56820   39.24%
    516     0   258919.3310   367   185759.0000     Cuts: 172    56936   39.24%
    516     0   258892.8511   267   185759.0000     Cuts: 124    56958   39.24%
    516     0   258828.8852   254   185759.0000      Cuts: 91    57232   39.24%
    516     0   258782.8526   268   185759.0000     Cuts: 140    57414   39.24%
    516     0   258775.6419   257   185759.0000     Cuts: 184    57509   39.24%
    516     0   258716.2820   256   185759.0000     Cuts: 127    57877   39.24%
    516     0   258695.4178   255   185759.0000      Cuts: 89    58092   39.24%
    516     0   258616.2432   298   185759.0000      Cuts: 57    58578   39.22%
    516     0   258589.6931   224   185759.0000     Cuts: 110    58768   39.21%
    516     0   258560.1502   529   185759.0000     Cuts: 227    59157   39.19%
    516     0   258495.5442   365   185759.0000      Cuts: 69    59411   39.16%
    516     0   258453.0222   354   185759.0000     Cuts: 162    59826   39.13%
    516     0   258435.5417   389   185759.0000     Cuts: 166    59975   39.12%
    516     0   258404.1500   320   185759.0000      Cuts: 93    60136   39.11%
    516     0   258396.1667   103   185759.0000      Cuts: 93    60214   39.10%
    516     0   258391.8000   232   185759.0000     Cuts: 131    60346   39.10%
    516     0   258376.0000   196   185759.0000     Cuts: 185    60400   39.09%
    516     0   258376.0000   180   185759.0000     Cuts: 160    60406   39.09%
    516     0   258376.0000   202   185759.0000     Cuts: 122    60439   39.09%
    516     0   258376.0000   201   185759.0000     Cuts: 171    60440   39.09%
    516     2   258376.0000   201   185759.0000   258376.0000    60440   39.09%
    518     4   258302.6667   256   185759.0000   258366.4833    61365   39.09%
    520     6   258301.8333   247   185759.0000   258302.6667    62333   39.05%
    522     8   257275.3651   260   185759.0000   258302.6667    66572   39.05%
    524    10   256829.2551   248   185759.0000   258302.6667    70342   39.05%
    526    12   258173.6365   385   185759.0000   258302.6667    71924   39.05%
    529    15   258043.8266   232   185759.0000   258302.6667    72175   39.05%
Elapsed time = 7.63 sec. (20747.64 ticks, tree = 0.06 MB, solutions = 2)
    532    18   257850.5876   343   185759.0000   258302.6667    74278   39.05%
    536    22   255321.3944   438   185759.0000   258302.6667    79047   39.05%
    542    22   258133.5094   249   185759.0000   258178.7280    84262   38.99%
    545    25   257906.5129   308   185759.0000   258178.7280    86969   38.99%
    548    28   255793.5714   228   185759.0000   258178.7280    91188   38.99%
    552    32   255500.5816   286   185759.0000   258178.7280    93443   38.99%
    560    32   256989.5645   319   185759.0000   258173.4157   101596   38.98%
    562    33   254524.2591   605   185759.0000   258173.4157   103416   38.98%
    566    33   258069.2609   316   185759.0000   258173.4119   105269   38.98%
    569    36   257932.0877   196   185759.0000   258173.4119   106561   38.98%
Elapsed time = 11.73 sec. (32996.94 ticks, tree = 0.20 MB, solutions = 2)
    573    40   257208.2500   279   185759.0000   258173.4119   109031   38.98%
    577    44   257012.0000   308   185759.0000   258173.4119   110057   38.98%
    581    48   256202.6306   206   185759.0000   258173.4119   112496   38.98%
    586    53   256098.0816   215   185759.0000   258173.4119   113322   38.98%
    593    59   253889.5000   210   185759.0000   258173.4119   114480   38.98%
    599    61   256529.9118   469   185759.0000   258130.8133   115562   38.96%
    603    65   256421.7944   298   185759.0000   258130.8133   116270   38.96%
    606    68   256282.2723   502   185759.0000   258130.8133   117205   38.96%
    613    73   255512.8891   377   185759.0000   258130.8133   118212   38.96%
    619    78   255311.4558   368   185759.0000   258130.8133   119380   38.96%
Elapsed time = 15.27 sec. (43273.71 ticks, tree = 1.09 MB, solutions = 2)
    631    85   253048.2627   338   185759.0000   258130.8133   121296   38.96%
    654    96   257447.1964   272   185759.0000   258116.9920   123251   38.95%
    660   100   255183.6114   258   185759.0000   258116.9920   125930   38.95%
    668   106   254065.7091   380   185759.0000   258116.9920   128386   38.95%
    676   112   251151.3951   402   185759.0000   258116.9920   131710   38.95%
    705   139   247219.7377   237   185759.0000   258116.9920   135009   38.95%
    763   189   241645.8251   283   185759.0000   258116.9920   138693   38.95%
    783   197   255334.7485   403   185759.0000   258078.0588   142179   38.93%
    801   211   257984.1451   274   185759.0000   258075.0000   144452   38.93%
    824   234   257238.3429   215   185759.0000   258075.0000   146827   38.93%
Elapsed time = 18.87 sec. (53380.46 ticks, tree = 6.67 MB, solutions = 2)
    838   244   256508.7805   222   185759.0000   258053.3113   150463   38.92%
    863   263   256206.5659   500   185759.0000   258024.8148   155546   38.90%
    883   283   255689.6094   262   185759.0000   258024.8148   158353   38.90%
    901   297   253544.7673   214   185759.0000   258024.8148   162873   38.90%
    930   322   255882.9568   318   185759.0000   258012.6147   167547   38.90%
    944   330   257476.9833   299   185759.0000   257983.5679   173948   38.88%
    962   348   256457.0421   500   185759.0000   257983.5679   176346   38.88%
    989   375   253977.6168   231   185759.0000   257983.5679   179664   38.88%
   1035   417   255534.2037   262   185759.0000   257981.1673   183541   38.88%
   1056   430   256213.0106   247   185759.0000   257981.0214   187429   38.88%
Elapsed time = 25.22 sec. (63807.57 ticks, tree = 11.96 MB, solutions = 2)
   1086   460   251391.8589   196   185759.0000   257981.0214   192360   38.88%
   1120   486   253393.6970   252   185759.0000   257978.6147   197024   38.88%
   1155   512   254927.1679   293   185759.0000   257978.5237   202431   38.88%
   1180   537   253023.3495   252   185759.0000   257978.5237   207069   38.88%
   1197   550   254935.6356   334   185759.0000   257977.8443   212259   38.88%
   1217   564    infeasible         185759.0000   257977.8443   217830   38.88%
   1236   575   256174.5000   580   185759.0000   257957.9571   222681   38.87%
   1261   600   253126.5770   534   185759.0000   257957.9571   227927   38.87%
   1285   624   249631.6891   634   185759.0000   257957.9571   232319   38.87%
   1350   689   233146.0000   176   185759.0000   257957.9571   236103   38.87%
Elapsed time = 28.55 sec. (73476.16 ticks, tree = 17.67 MB, solutions = 2)
   1386   725   224779.0322   176   185759.0000   257957.9571   239319   38.87%
   1421   754   256360.9957   450   185759.0000   257948.1546   243133   38.86%
   1460   791   253792.8597   574   185759.0000   257948.1546   248064   38.86%
   1500   831   253574.8209   396   185759.0000   257948.1546   250910   38.86%
   1541   868   255608.3600   398   185759.0000   257939.4929   254650   38.86%
   1566   893   252608.4369   391   185759.0000   257939.4929   259063   38.86%
   1609   928   255627.6000   230   185759.0000   257933.0588   264462   38.85%
   1658   973    infeasible         185759.0000   257933.0588   270198   38.85%
   1689  1002   252001.5978   277   185759.0000   257931.9226   275530   38.85%
   1730  1037   257252.9965   395   185759.0000   257922.1429   280277   38.85%
Elapsed time = 31.81 sec. (83290.87 ticks, tree = 27.14 MB, solutions = 2)
   1752  1054   256839.6667   255   185759.0000   257850.5233   284476   38.81%
   1795  1097   253740.4827   267   185759.0000   257850.5233   290016   38.81%
   1814  1112   254774.8025   410   185759.0000   257765.5000   296255   38.76%
   1848  1142   255575.6354   327   185759.0000   257669.7083   301874   38.71%
   1872  1160    infeasible         185759.0000   257640.8000   307558   38.70%
   1904  1180    infeasible         185759.0000   257607.1667   313136   38.68%
   1933  1203    infeasible         185759.0000   257538.4694   319350   38.64%
   1956  1224   253754.6855   239   185759.0000   257478.0000   323868   38.61%
   1992  1256   256743.3798   428   185759.0000   257478.0000   329002   38.61%
   2042  1306   255926.6556   260   185759.0000   257478.0000   332844   38.61%
Elapsed time = 35.15 sec. (93455.16 ticks, tree = 36.60 MB, solutions = 2)
   2092  1352   257330.1280   222   185759.0000   257474.7750   337328   38.61%
   2112  1370   254963.5078   405   185759.0000   257474.7750   342266   38.61%
   2140  1394   252065.3237   607   185759.0000   257473.4667   348045   38.61%
   2177  1425   252924.9702   331   185759.0000   257454.3450   353490   38.60%
   2204  1439   256731.6354   235   185759.0000   257429.7038   358239   38.58%
   2262  1493   248288.9997   252   185759.0000   257429.7038   362442   38.58%
   2301  1528   251516.8799   276   185759.0000   257425.5945   367260   38.58%
   2334  1559   245484.9227   266   185759.0000   257425.5945   373025   38.58%
   2400  1625   236275.4673   259   185759.0000   257425.5945   378639   38.58%
*  2516+ 1735                       185863.0000   257425.5945            38.50%
   2587  1784   254242.3634   288   185863.0000   257409.0384   397907   38.49%
Elapsed time = 39.45 sec. (106147.20 ticks, tree = 54.54 MB, solutions = 3)
   2805  1988   256146.0000   208   185863.0000   257381.5000   417331   38.48%
   2890  2059   250229.1477   292   185863.0000   257346.7323   436247   38.46%
   3007  2150   252582.4964   267   185863.0000   257343.1373   457822   38.46%
   3118  2241    infeasible         185863.0000   257335.6995   479219   38.45%
   3248  2358   253275.9587   329   185863.0000   257334.4258   499459   38.45%
   3352  2446   253111.7805   351   185863.0000   257330.4526   521784   38.45%
   3505  2573   256807.7375   433   185863.0000   257325.5556   543222   38.45%
   3658  2707   256921.9418   201   185863.0000   257317.6179   564578   38.44%
   3734  2767    infeasible         185863.0000   257311.2400   585504   38.44%
   3840  2843   255543.9294   434   185863.0000   257285.2811   608541   38.43%
Elapsed time = 52.80 sec. (144611.07 ticks, tree = 88.79 MB, solutions = 3)
   3985  2970    infeasible         185863.0000   257283.6135   630497   38.43%
   4120  3083   256099.0304   131   185863.0000   257276.1125   652841   38.42%
   4256  3205   245479.5455   194   185863.0000   257269.9933   674329   38.42%
   4369  3293    infeasible         185863.0000   257261.2500   694139   38.41%
   4468  3367    infeasible         185863.0000   257244.3450   715789   38.41%
   4542  3413   254913.7641   206   185863.0000   257237.0249   739196   38.40%
   4605  3451   255663.7344   145   185863.0000   257213.8000   760720   38.39%
   4760  3590   255902.5247   221   185863.0000   257207.2500   783022   38.39%

GUB cover cuts applied:  2
Clique cuts applied:  16
Cover cuts applied:  19
Implied bound cuts applied:  61
Flow cuts applied:  23
Mixed integer rounding cuts applied:  518
Zero-half cuts applied:  262
Lift and project cuts applied:  1
Gomory fractional cuts applied:  8

Root node processing (before b&c):
  Real time             =    0.24 sec. (594.71 ticks)
Sequential b&c:
  Real time             =   66.76 sec. (176045.59 ticks)
                          ------------
Total (root+branch&cut) =   67.00 sec. (176640.30 ticks)
[CPLEX] Status: time limit exceeded
[CPLEX] OPTIMAL OBJ: 185863.0
[CPLEX] Runtime: 67.009 sec
Vehicle 0: d → 3 → 7 → 21 → 14 → 9 → 28 → 4 → 19 → 23 → 25 → 6 → 12 → 20 → 18 → d, (requests = [0, 1, 3, 13, 17, 27, 30, 36])
Vehicle 1: d → 12 → 0 → 15 → 29 → 25 → 13 → 23 → 26 → 19 → 4 → 24 → 9 → 14 → 21 → 7 → 10 → 27 → 22 → 2 → 5 → d, (requests = [6, 7, 11, 16, 20, 23, 29, 32, 37])
Vehicle 2: d → 2 → 22 → 27 → 7 → 8 → 21 → 14 → 28 → 24 → 4 → 19 → 26 → 13 → 25 → 15 → 11 → d, (requests = [2, 8, 14, 15, 19, 25, 28])
Vehicle 3: d → 5 → 1 → 22 → 27 → 10 → 7 → 17 → d, (requests = [10, 21, 24])
Vehicle 4: d → 29 → 11 → 0 → 12 → 20 → d, (requests = [4, 18])
Vehicle 5: d → 16 → 30 → 20 → 12 → 6 → 25 → 23 → 19 → 4 → 28 → 14 → 21 → 8 → 17 → d, (requests = [5, 12, 22, 35])
Vehicle 6: d, (requests = [])
======== PPDSP OBJECTIVE ========
Profit    = 225432
Cost      = 39569
Objective = 185863
=================================
===== RAW XY MODEL =====
104 148 205 246 317 405 458 608 632 659 687 762 807 901 996 1040 1094 1177 1216 1259 1327 1372 1409 1464 1494 1534 1637 1704 1731 1787 1802 1838 1876 1911 1978 2029 2283 2344 2429 2474 2580 2638 2673 2688 2831 2883 2928 2969 3012 3042 3068 3117 3191 3370 3477 3557 3643 3891 4047 4190 4313 4457 4797 4849 5116 5384 5466 5742 5803 5859 5976 6055 6128 6161 6198 6238 6266 6341 6409 6496 6566 6594 2049 2051 3223 2055 5473 6615 2188 2190 3229 4350 3296 6622 3301 3306 3309 3311 3313 5487 4427 4430 4436 6632 4442 5559 5563 5571 5578 5582 6703 6716 6738 7862 7870
  [Time Manager] Step 41 consumed 67.01s. Total Consumed: 2316.99s.
  [Info] Saved 7875 core assumption literals to p1_A-n32-k5_r38v7k3.lp.asm

[42/60] Building & Solving: R=39, V=7, K=3
Default row names c1, c2 ... being created.
  [Info] Generating MIP Formulation...
  [Time Manager] Global Remaining Budget: 1283.01s | Future Weight Sum: 19.0
  [Time Manager] Recalibrated Budget for this step: 67.53s
[CPLEX] Setting time limit to 67 seconds
[CPLEX] Reading assumption from p1_A-n32-k5_r38v7k3.lp.asm ...
[CPLEX] Applying MIP Start with 7434 variables.
Version identifier: 22.1.1.0 | 2022-11-28 | 9160aff4d
CPXPARAM_Read_DataCheck                          1
CPXPARAM_Threads                                 1
CPXPARAM_TimeLimit                               67
1 of 1 MIP starts provided solutions.
MIP start 'm1' defined initial solution with objective 185863.0000.
Tried aggregator 1 time.
MIP Presolve eliminated 28 rows and 5971 columns.
MIP Presolve modified 3998 coefficients.
Reduced MIP has 4022 rows, 1911 columns, and 20041 nonzeros.
Reduced MIP has 1477 binaries, 434 generals, 0 SOSs, and 0 indicators.
Presolve time = 0.00 sec. (12.32 ticks)
Probing time = 0.00 sec. (2.83 ticks)
Tried aggregator 1 time.
Detecting symmetries...
Reduced MIP has 4022 rows, 1911 columns, and 20041 nonzeros.
Reduced MIP has 1477 binaries, 434 generals, 0 SOSs, and 0 indicators.
Presolve time = 0.01 sec. (13.17 ticks)
Probing time = 0.00 sec. (2.79 ticks)
Clique table members: 816.
MIP emphasis: balance optimality and feasibility.
MIP search method: dynamic search.
Parallel mode: none, using 1 thread.
Root relaxation solution time = 0.01 sec. (28.89 ticks)

        Nodes                                         Cuts/
   Node  Left     Objective  IInf  Best Integer    Best Bound    ItCnt     Gap

*     0+    0                       185863.0000  1914052.0000           929.82%
      0     0   266948.0000   151   185863.0000   266948.0000      881   43.63%
      0     0   266948.0000   211   185863.0000     Cuts: 211      993   43.63%
      0     0   266948.0000   207   185863.0000      Cuts: 61     1012   43.63%
      0     0   266948.0000   206   185863.0000      Cuts: 59     1017   43.63%
      0     2   266948.0000   206   185863.0000   266948.0000     1017   43.63%
Elapsed time = 0.16 sec. (397.89 ticks, tree = 0.01 MB, solutions = 1)
      6     8   265592.2500   373   185863.0000   266766.8614     2856   43.53%
     11    13   265060.1015   232   185863.0000   266766.8614     5613   43.53%
     20    22   264572.2171   228   185863.0000   266766.8614     7527   43.53%
     40    41   263058.1773   201   185863.0000   266766.8614     9872   43.53%
     88    81   266223.7926   234   185863.0000   266762.1089    13119   43.53%
     94    87   266326.9477   218   185863.0000   266762.1089    15208   43.53%
    104    96   265788.1835   125   185863.0000   266762.1089    16761   43.53%
    117   109   264027.1752   107   185863.0000   266762.1089    19311   43.53%
    141   128   266292.2355   228   185863.0000   266326.8696    21310   43.29%
    234   203   265857.2963   305   185863.0000   266281.4793    30498   43.27%
Elapsed time = 1.44 sec. (3681.19 ticks, tree = 0.86 MB, solutions = 1)
    332   279   266154.3092   267   185863.0000   266277.2131    40134   43.27%
    424   350   265469.4817   127   185863.0000   266227.5681    49963   43.24%
    490   405   265021.9853   216   185863.0000   266221.9107    60349   43.24%
    595   488   257855.8873   234   185863.0000   266207.8544    70502   43.23%
    678   555   264181.6260   191   185863.0000   266204.9796    80257   43.23%
    760   624   265934.5836   204   185863.0000   266186.4770    89328   43.22%
    808   667   264183.3557   367   185863.0000   266179.9007    99181   43.21%
    863   722   225568.7856   258   185863.0000   266179.9007   110061   43.21%

Performing restart 1

Repeating presolve.
Tried aggregator 1 time.
MIP Presolve modified 168 coefficients.
Reduced MIP has 4022 rows, 1911 columns, and 20041 nonzeros.
Reduced MIP has 1477 binaries, 434 generals, 0 SOSs, and 0 indicators.
Presolve time = 0.01 sec. (11.79 ticks)
Tried aggregator 1 time.
Reduced MIP has 4022 rows, 1911 columns, and 20041 nonzeros.
Reduced MIP has 1477 binaries, 434 generals, 0 SOSs, and 0 indicators.
Presolve time = 0.01 sec. (13.79 ticks)
Represolve time = 0.02 sec. (35.82 ticks)
   1024     0   266699.3196   214   185863.0000      Cuts: 46   118662   43.21%
   1024     0   266559.0000   186   185863.0000     Cuts: 140   118717   43.21%
   1024     0   266123.2483   358   185863.0000     Cuts: 158   119198   43.18%
   1024     0   266038.3919   357   185863.0000     Cuts: 174   119262   43.14%
   1024     0   265784.2222   336   185863.0000     Cuts: 120   119460   43.00%
   1024     0   265773.6667   232   185863.0000      Cuts: 25   119484   42.99%
   1024     0   265757.2669   353   185863.0000      Cuts: 73   119621   42.99%
   1024     0   265686.4199   279   185863.0000     Cuts: 123   119818   42.95%
   1024     0   265625.2933   261   185863.0000     Cuts: 146   120140   42.91%
   1024     0   265585.1161   275   185863.0000     Cuts: 117   120505   42.89%
   1024     0   265570.9117   454   185863.0000     Cuts: 218   120670   42.89%
   1024     0   265513.3333   349   185863.0000     Cuts: 162   121112   42.85%
   1024     0   265512.0000   208   185863.0000     Cuts: 111   121198   42.85%
   1024     0   265511.5000   356   185863.0000     Cuts: 104   121253   42.85%
   1024     0   265505.0000   159   185863.0000      Cuts: 72   121304   42.85%
   1024     0   265505.0000   202   185863.0000     Cuts: 216   121395   42.85%
   1024     0   265505.0000   204   185863.0000      Cuts: 50   121408   42.85%
   1024     0   265505.0000   202   185863.0000     Cuts: 113   121409   42.85%
   1024     2   265505.0000   202   185863.0000   265505.0000   121409   42.85%
   1025     3   265418.1667   101   185863.0000   265418.0000   121861   42.80%
Elapsed time = 6.52 sec. (17085.57 ticks, tree = 0.01 MB, solutions = 1)
   1027     5   265242.6667   238   185863.0000   265417.7591   122807   42.80%
   1029     7   265055.1132   393   185863.0000   265417.7591   123310   42.80%
   1031     9   264782.1409   338   185863.0000   265417.7591   126904   42.80%
   1033    11   263998.1667   205   185863.0000   265417.7591   129203   42.80%
   1035    13   263845.0000   162   185863.0000   265417.7591   130203   42.80%
   1040    17   263852.4508   109   185863.0000   265417.7591   130931   42.80%
   1044    21   263159.4142   157   185863.0000   265417.7591   131602   42.80%
   1048    24   260944.7307   188   185863.0000   265417.7591   132694   42.80%
   1054    30   260789.9911   191   185863.0000   265417.7591   133106   42.80%
   1060    36   260688.2491   224   185863.0000   265417.7591   133379   42.80%
Elapsed time = 11.10 sec. (30240.50 ticks, tree = 0.59 MB, solutions = 1)
   1067    40   263962.8609   419   185863.0000   265242.1020   134629   42.71%
   1070    43   263007.5340   316   185863.0000   265242.1020   137526   42.71%
   1074    47   262452.6800   197   185863.0000   265242.1020   139607   42.71%
   1079    52   261545.5738   306   185863.0000   265242.1020   142242   42.71%
   1084    57   261393.8679   282   185863.0000   265242.1020   143459   42.71%
   1088    61   260592.7013   425   185863.0000   265242.1020   144691   42.71%
   1093    66   259850.4925   203   185863.0000   265242.1020   145666   42.71%
   1103    72   265164.0000   202   185863.0000   265241.3585   147462   42.71%
   1106    75   264847.0000   185   185863.0000   265241.3585   148525   42.71%
   1108    77   264301.2500   285   185863.0000   265241.3585   150691   42.71%
Elapsed time = 15.46 sec. (42720.66 ticks, tree = 1.51 MB, solutions = 1)
   1109    78   264290.0000   208   185863.0000   265241.3585   150811   42.71%
   1112    81   263360.3140   429   185863.0000   265241.3585   152351   42.71%
   1115    84   263184.7317   337   185863.0000   265241.3585   153738   42.71%
   1119    88   262729.6440   282   185863.0000   265241.3585   155904   42.71%
   1124    93   261873.9614   278   185863.0000   265241.3585   158060   42.71%
   1132   101   261417.6213   546   185863.0000   265241.3585   159858   42.71%
   1143   112   260244.1247   495   185863.0000   265241.3585   161301   42.71%
   1147   116   249090.3842   322   185863.0000   265241.3585   162865   42.71%
   1151   120   248783.3470   463   185863.0000   265241.3585   163546   42.71%
   1164   133   248457.3869   468   185863.0000   265241.3585   166809   42.71%
Elapsed time = 19.11 sec. (53375.37 ticks, tree = 3.10 MB, solutions = 1)
   1179   148   239457.1205   239   185863.0000   265241.3585   169343   42.71%
   1223   192   234869.9390   264   185863.0000   265241.3585   172030   42.71%
   1250   218   231357.3359   369   185863.0000   265241.3585   172769   42.71%
   1275   238   263571.4643   124   185863.0000   265228.5231   174056   42.70%
   1291   254   263149.0234   547   185863.0000   265228.5231   175621   42.70%
   1305   268   263029.1550   202   185863.0000   265228.5231   177043   42.70%
   1335   294   265171.6471   113   185863.0000   265171.6471   180425   42.67%
   1372   329   258027.3422   218   185863.0000   265171.6471   184568   42.67%
   1409   362   263892.4328   109   185863.0000   265099.9303   189821   42.63%
   1440   393   259117.3265   208   185863.0000   265099.9303   194683   42.63%
Elapsed time = 25.22 sec. (63357.17 ticks, tree = 8.58 MB, solutions = 1)
   1459   404   261603.7600   206   185863.0000   265079.9609   199496   42.62%
   1488   433   256968.4551   274   185863.0000   265079.9609   203057   42.62%
   1523   462   261016.8661   299   185863.0000   265077.5257   207293   42.62%
   1542   477   263658.7400   177   185863.0000   265077.2855   212596   42.62%
   1588   523   258969.3549   351   185863.0000   265077.2855   218314   42.62%
   1644   574   264044.6522   240   185863.0000   265076.7337   222892   42.62%
   1694   623   256756.0914   320   185863.0000   265076.7337   227862   42.62%
   1746   667   263758.2000   232   185863.0000   265021.7817   232471   42.59%
   1786   701   264510.3333   309   185863.0000   264932.1981   238931   42.54%
   1815   726   263310.3531   295   185863.0000   264921.8567   244818   42.54%
Elapsed time = 28.98 sec. (73307.40 ticks, tree = 17.34 MB, solutions = 1)
   1835   742   264307.3243   276   185863.0000   264866.1250   249947   42.51%
   1858   761   264040.4110   309   185863.0000   264862.7500   253567   42.50%
   1895   793   252555.5077   250   185863.0000   264862.7500   257783   42.50%
   1931   821   258872.7948   238   185863.0000   264855.6151   262698   42.50%
   1974   861   254737.8927   268   185863.0000   264855.6151   266439   42.50%
   2003   884   263520.2302   402   185863.0000   264847.0000   271017   42.50%
   2020   895   261880.2839   236   185863.0000   264769.0794   277238   42.45%
   2036   907   264211.4900   407   185863.0000   264767.6806   282281   42.45%
   2064   935   262083.6006   277   185863.0000   264767.6806   286463   42.45%
   2106   977   255444.0040   286   185863.0000   264767.6806   290565   42.45%
Elapsed time = 32.47 sec. (83403.46 ticks, tree = 22.39 MB, solutions = 1)
   2148  1014   246898.9536   273   185863.0000   264767.6806   294920   42.45%
   2203  1065   261495.2361   210   185863.0000   264757.0806   299999   42.45%
   2247  1103    infeasible         185863.0000   264757.0806   306296   42.45%
   2270  1123   261879.4297   217   185863.0000   264658.3071   311855   42.39%
   2309  1158   260796.2915   282   185863.0000   264657.3502   317283   42.39%
   2335  1180   262144.5973   210   185863.0000   264655.0820   323075   42.39%
   2379  1212   263013.0000   261   185863.0000   264574.8174   329627   42.35%
   2399  1226    infeasible         185863.0000   264547.7301   336169   42.33%
   2419  1238    infeasible         185863.0000   264541.7997   341506   42.33%
   2443  1257   263918.7253   368   185863.0000   264518.7063   346559   42.32%
Elapsed time = 35.87 sec. (93402.75 ticks, tree = 25.59 MB, solutions = 1)
   2483  1297   254711.4466   207   185863.0000   264518.7063   352481   42.32%
   2560  1355   263870.4937   244   185863.0000   264505.0741   357743   42.31%
   2585  1380   255622.7403   182   185863.0000   264505.0741   363277   42.31%
   2627  1418   258648.6443   260   185863.0000   264493.7000   369065   42.31%
   2683  1463   260573.3842   353   185863.0000   264491.3000   374577   42.30%
   2718  1490    infeasible         185863.0000   264490.6573   380423   42.30%
   2734  1500   262011.2874   516   185863.0000   264473.5000   386734   42.29%
   2749  1511   262298.7946   287   185863.0000   264471.3129   392390   42.29%
   2769  1527   261041.9290   205   185863.0000   264449.1458   397825   42.28%
   2921  1657   259831.1174   189   185863.0000   264389.0805   419988   42.25%
Elapsed time = 40.11 sec. (106014.44 ticks, tree = 34.39 MB, solutions = 1)
   3048  1762    infeasible         185863.0000   264329.2941   440049   42.22%
   3193  1867   263793.6018   361   185863.0000   264297.8852   462869   42.20%
   3290  1943   260086.7139   404   185863.0000   264211.4900   482520   42.15%
   3408  2046   262300.2694   277   185863.0000   264175.2500   499341   42.13%
   3525  2136   260466.6447   298   185863.0000   264115.7143   520468   42.10%
   3741  2325   263139.5562   484   185863.0000   264099.3497   542383   42.09%
   3845  2410   262844.6116   312   185863.0000   264071.7720   563526   42.08%
   3983  2530   260961.7129   471   185863.0000   264066.7500   585634   42.08%
   4131  2663   260492.9445   275   185863.0000   264049.0000   608111   42.07%
   4279  2782   260506.9170   385   185863.0000   264042.1667   631077   42.06%
Elapsed time = 53.08 sec. (144320.17 ticks, tree = 67.93 MB, solutions = 1)
   4415  2899   260466.9020   435   185863.0000   264031.7058   652400   42.06%
   4588  3044   262379.7261   230   185863.0000   264005.9073   675962   42.04%
   4747  3179   262851.3441   308   185863.0000   263997.4854   697581   42.04%
   4946  3361   258167.0369   328   185863.0000   263980.8000   719563   42.03%
   5153  3541    infeasible         185863.0000   263971.5812   743238   42.02%
   5324  3691   262285.8937   337   185863.0000   263954.1667   763387   42.02%
   5453  3796   260859.9023   209   185863.0000   263948.3764   785499   42.01%
   5565  3884   260577.6315   406   185863.0000   263944.0553   806534   42.01%

GUB cover cuts applied:  2
Clique cuts applied:  23
Cover cuts applied:  17
Implied bound cuts applied:  115
Flow cuts applied:  23
Mixed integer rounding cuts applied:  314
Zero-half cuts applied:  307
Gomory fractional cuts applied:  14

Root node processing (before b&c):
  Real time             =    0.16 sec. (398.04 ticks)
Sequential b&c:
  Real time             =   66.84 sec. (175578.51 ticks)
                          ------------
Total (root+branch&cut) =   67.00 sec. (175976.55 ticks)
[CPLEX] Status: time limit exceeded
[CPLEX] OPTIMAL OBJ: 185863.0
[CPLEX] Runtime: 67.009 sec
Vehicle 0: d → 3 → 7 → 21 → 14 → 9 → 28 → 4 → 19 → 23 → 25 → 6 → 12 → 20 → 18 → d, (requests = [0, 1, 3, 13, 17, 27, 30, 36])
Vehicle 1: d → 12 → 0 → 15 → 29 → 25 → 13 → 23 → 26 → 19 → 4 → 24 → 9 → 14 → 21 → 7 → 10 → 27 → 22 → 2 → 5 → d, (requests = [6, 7, 11, 16, 20, 23, 29, 32, 37])
Vehicle 2: d → 2 → 22 → 27 → 7 → 8 → 21 → 14 → 28 → 24 → 4 → 19 → 26 → 13 → 25 → 15 → 11 → d, (requests = [2, 8, 14, 15, 19, 25, 28])
Vehicle 3: d → 5 → 1 → 22 → 27 → 10 → 7 → 17 → d, (requests = [10, 21, 24])
Vehicle 4: d → 29 → 11 → 0 → 12 → 20 → d, (requests = [4, 18])
Vehicle 5: d → 16 → 30 → 20 → 12 → 6 → 25 → 23 → 19 → 4 → 28 → 14 → 21 → 8 → 17 → d, (requests = [5, 12, 22, 35])
Vehicle 6: d, (requests = [])
======== PPDSP OBJECTIVE ========
Profit    = 225432
Cost      = 39569
Objective = 185863
=================================
===== RAW XY MODEL =====
104 148 205 246 317 405 458 608 632 659 687 762 807 901 996 1040 1094 1177 1216 1259 1327 1372 1409 1464 1494 1534 1637 1704 1731 1787 1802 1838 1876 1911 1978 2029 2283 2344 2429 2474 2580 2638 2673 2688 2831 2883 2928 2969 3012 3042 3068 3117 3191 3370 3477 3557 3643 3891 4047 4190 4313 4457 4797 4849 5116 5384 5466 5742 5803 5859 5976 6055 6128 6161 6198 6238 6266 6341 6409 6496 6566 6594 2049 2051 3223 2055 5473 6615 2188 2190 3229 4350 3296 6622 3301 3306 3309 3311 3313 5487 4427 4430 4436 6632 4442 5559 5563 5571 5578 5582 6703 6716 6738 7862 7870
  [Time Manager] Step 42 consumed 67.01s. Total Consumed: 2384.00s.
  [Info] Saved 7882 core assumption literals to p1_A-n32-k5_r39v7k3.lp.asm

[43/60] Building & Solving: R=40, V=7, K=3
Default row names c1, c2 ... being created.
  [Info] Generating MIP Formulation...
  [Time Manager] Global Remaining Budget: 1216.00s | Future Weight Sum: 18.0
  [Time Manager] Recalibrated Budget for this step: 67.56s
[CPLEX] Setting time limit to 67 seconds
[CPLEX] Reading assumption from p1_A-n32-k5_r39v7k3.lp.asm ...
[CPLEX] Applying MIP Start with 7441 variables.
Version identifier: 22.1.1.0 | 2022-11-28 | 9160aff4d
CPXPARAM_Read_DataCheck                          1
CPXPARAM_Threads                                 1
CPXPARAM_TimeLimit                               67
1 of 1 MIP starts provided solutions.
MIP start 'm1' defined initial solution with objective 185863.0000.
Tried aggregator 1 time.
MIP Presolve eliminated 28 rows and 5971 columns.
MIP Presolve modified 3984 coefficients.
Reduced MIP has 4044 rows, 1918 columns, and 20272 nonzeros.
Reduced MIP has 1484 binaries, 434 generals, 0 SOSs, and 0 indicators.
Presolve time = 0.00 sec. (12.36 ticks)
Probing time = 0.00 sec. (2.83 ticks)
Tried aggregator 1 time.
Detecting symmetries...
Reduced MIP has 4044 rows, 1918 columns, and 20272 nonzeros.
Reduced MIP has 1484 binaries, 434 generals, 0 SOSs, and 0 indicators.
Presolve time = 0.01 sec. (13.30 ticks)
Probing time = 0.00 sec. (2.79 ticks)
Clique table members: 810.
MIP emphasis: balance optimality and feasibility.
MIP search method: dynamic search.
Parallel mode: none, using 1 thread.
Root relaxation solution time = 0.01 sec. (23.68 ticks)

        Nodes                                         Cuts/
   Node  Left     Objective  IInf  Best Integer    Best Bound    ItCnt     Gap

*     0+    0                       185863.0000  1989953.0000           970.66%
      0     0   277791.0000   152   185863.0000   277791.0000      857   49.46%
      0     0   277779.2500   218   185863.0000     Cuts: 212     1005   49.45%
      0     0   277722.9688   211   185863.0000      Cuts: 63     1111   49.42%
      0     0   277577.6475   200   185863.0000      Cuts: 56     1377   49.35%
      0     0   277431.0000   209   185863.0000     Cuts: 134     1519   49.27%
      0     0   277071.0000   173   185863.0000      Cuts: 36     1624   49.07%
      0     0   277071.0000   204   185863.0000     Cuts: 145     1656   49.07%
      0     0   277042.1944   360   185863.0000  ZeroHalf: 61     1789   49.06%
      0     0   277004.9167   358   185863.0000      Cuts: 95     1832   49.04%
      0     0   276843.3462   289   185863.0000     Cuts: 108     1968   48.95%
      0     0   276831.7500   269   185863.0000     Cuts: 129     1993   48.94%
      0     0   276768.6682   298   185863.0000      Cuts: 42     2326   48.91%
      0     0   276664.1250   295   185863.0000      Cuts: 96     2570   48.85%
      0     0   276532.8333   297   185863.0000     Cuts: 100     2677   48.78%
      0     0   276424.9358   301   185863.0000      Cuts: 80     2879   48.73%
      0     0   276391.7000   362   185863.0000     Cuts: 146     3027   48.71%
      0     2   276391.7000   343   185863.0000   276389.6500     3027   48.71%
Elapsed time = 0.58 sec. (1375.02 ticks, tree = 0.01 MB, solutions = 1)
      6     8   275986.0935   216   185863.0000   276389.4545     5004   48.71%
     12    14   275814.3387   119   185863.0000   276389.4545     6895   48.71%
     20    20   275436.1647   301   185863.0000   276389.4545     9921   48.71%
     23    23   274980.9061   205   185863.0000   276389.4545    12947   48.71%
     25    25   272689.3793   243   185863.0000   276389.4545    14975   48.71%
     30    30   272152.6125   164   185863.0000   276389.4545    16976   48.71%
     39    39   271618.8845   157   185863.0000   276389.4545    19314   48.71%
     46    42    infeasible         185863.0000   276389.4545    21480   48.71%
     50    44   276022.9375   347   185863.0000   276210.4254    23336   48.61%
     78    66   275389.6223   217   185863.0000   276173.0500    28861   48.59%
Elapsed time = 1.78 sec. (4849.96 ticks, tree = 0.67 MB, solutions = 1)
    149   116   275846.4000   290   185863.0000   276120.0205    34734   48.56%
    231   182   273408.0378   142   185863.0000   276117.2212    41283   48.56%
    337   271   273363.1030   145   185863.0000   276071.7500    46220   48.54%
    415   326   276055.5594   157   185863.0000   276070.4435    53038   48.53%
    450   361   272942.7623   126   185863.0000   276070.4435    58691   48.53%
    535   422   274923.7459   142   185863.0000   276025.2692    64755   48.51%
    617   490   274783.5660   216   185863.0000   276018.7500    71430   48.51%
    700   558   264444.9915   353   185863.0000   276003.0000    77877   48.50%
    769   610   263022.6769   458   185863.0000   275997.0874    84518   48.49%
    826   667   214302.2545   326   185863.0000   275997.0874    90705   48.49%
Elapsed time = 5.10 sec. (14547.02 ticks, tree = 9.07 MB, solutions = 1)
    980   805   274834.6381   504   185863.0000   275990.0808    97702   48.49%

Performing restart 1

Repeating presolve.
Tried aggregator 1 time.
MIP Presolve modified 168 coefficients.
Reduced MIP has 4044 rows, 1918 columns, and 20272 nonzeros.
Reduced MIP has 1484 binaries, 434 generals, 0 SOSs, and 0 indicators.
Presolve time = 0.01 sec. (11.90 ticks)
Tried aggregator 1 time.
Reduced MIP has 4044 rows, 1918 columns, and 20272 nonzeros.
Reduced MIP has 1484 binaries, 434 generals, 0 SOSs, and 0 indicators.
Presolve time = 0.01 sec. (13.92 ticks)
Represolve time = 0.02 sec. (39.19 ticks)
   1002     0   276348.0000   195   185863.0000      Cuts: 61   101233   48.49%
   1002     0   276348.0000   200   185863.0000     Cuts: 107   101279   48.49%
   1002     0   276348.0000   205   185863.0000      Cuts: 73   101290   48.49%
   1002     0   276348.0000   206   185863.0000      Cuts: 67   101294   48.49%
   1002     0   276348.0000   207   185863.0000      Cuts: 85   101323   48.49%
   1002     2   276348.0000   207   185863.0000   275990.0808   101323   48.49%
   1003     3   276327.3750   364   185863.0000   275990.0808   101453   48.49%
   1004     4   276157.3989   455   185863.0000   275990.0808   102449   48.49%
   1006     6   276263.8333   272   185863.0000   275990.0808   102876   48.49%
   1008     8   274499.5606   480   185863.0000   275990.0808   105543   48.49%
   1010    10   275803.1982   368   185863.0000   275990.0808   107323   48.49%
   1012    12   275750.1676   368   185863.0000   275990.0808   108514   48.49%
   1016    16   274592.4725   248   185863.0000   275990.0808   110964   48.49%
   1019    19   274476.7888   283   185863.0000   275990.0808   112564   48.49%
Elapsed time = 9.46 sec. (28014.58 ticks, tree = 0.26 MB, solutions = 1)
   1022    22   274411.9161   358   185863.0000   275990.0808   113305   48.49%
   1024    24   273757.6667   269   185863.0000   275990.0808   114169   48.49%
   1026    26   271733.2700   219   185863.0000   275990.0808   117485   48.49%
   1029    29   271657.2785   481   185863.0000   275990.0808   120506   48.49%
   1033    33   271392.3330   384   185863.0000   275990.0808   122647   48.49%
   1037    37   271165.5641   463   185863.0000   275990.0808   124041   48.49%
   1041    41   270603.2921   317   185863.0000   275990.0808   126595   48.49%
   1045    45   270054.3653   462   185863.0000   275990.0808   128601   48.49%
   1048    48   270022.7380   468   185863.0000   275990.0808   131330   48.49%
   1051    51   269883.4902   361   185863.0000   275990.0808   133410   48.49%
Elapsed time = 13.08 sec. (39615.33 ticks, tree = 0.50 MB, solutions = 1)
   1055    55   269023.1975   326   185863.0000   275990.0808   135860   48.49%
   1059    59   267196.1764   357   185863.0000   275990.0808   138705   48.49%
   1064    64   266752.2702   486   185863.0000   275990.0808   140154   48.49%
   1067    67   266684.7731   482   185863.0000   275990.0808   140760   48.49%
   1070    70   266163.5216   364   185863.0000   275990.0808   142992   48.49%
   1075    75   265790.3735   391   185863.0000   275990.0808   145330   48.49%
   1080    80   264680.2253   375   185863.0000   275990.0808   148398   48.49%
   1084    84   265726.7348   504   185863.0000   275990.0808   150495   48.49%
   1091    91   265521.7258   554   185863.0000   275990.0808   152978   48.49%
   1097    97   265480.0526   420   185863.0000   275990.0808   154767   48.49%
Elapsed time = 16.63 sec. (50585.80 ticks, tree = 0.99 MB, solutions = 1)
   1101   101   265413.1340   455   185863.0000   275990.0808   156787   48.49%
   1107   107   265221.5250   355   185863.0000   275990.0808   158080   48.49%
   1121   121   263477.1428   346   185863.0000   275990.0808   159956   48.49%
   1152   148   275184.9124   276   185863.0000   275990.0808   163723   48.49%
   1158   152   274586.1654   378   185863.0000   275990.0808   166000   48.49%
   1164   154    infeasible         185863.0000   275990.0808   170502   48.49%
   1181   167   273761.3956   284   185863.0000   275990.0808   173198   48.49%
   1204   183   275421.0491   334   185863.0000   275990.0808   176945   48.49%
   1235   211   272497.7029   350   185863.0000   275990.0808   180114   48.49%
   1257   228   275987.8313   290   185863.0000   275990.0808   182787   48.49%
Elapsed time = 20.29 sec. (60983.84 ticks, tree = 5.06 MB, solutions = 1)
   1275   246   275083.3178   363   185863.0000   275990.0808   185440   48.49%
   1285   256   273662.2482   324   185863.0000   275990.0808   187615   48.49%
   1307   277   257380.7339   356   185863.0000   275990.0808   190956   48.49%
   1327   297   250189.9532   325   185863.0000   275990.0808   193719   48.49%
   1348   317   244401.5176   425   185863.0000   275990.0808   196231   48.49%
   1393   360   229725.5181   250   185863.0000   275990.0808   199850   48.49%
   1411   373   269623.1888   509   185863.0000   275990.0808   202389   48.49%
   1437   395   274441.7419   229   185863.0000   275990.0808   205753   48.49%
   1463   421   270396.2662   237   185863.0000   275990.0808   210431   48.49%
   1487   438   275301.4313   331   185863.0000   275990.0808   213421   48.49%
Elapsed time = 23.76 sec. (70736.62 ticks, tree = 12.37 MB, solutions = 1)
   1512   459   274157.5980   282   185863.0000   275990.0808   217670   48.49%
   1564   510   269093.6056   300   185863.0000   275990.0808   222068   48.49%
   1601   544   269495.9592   359   185863.0000   275990.0808   227249   48.49%
   1636   575   275552.1500   241   185863.0000   275990.0808   230900   48.49%
   1662   597   275805.0000   205   185863.0000   275985.2014   236015   48.49%
   1682   617   272743.4859   257   185863.0000   275985.2014   240424   48.49%
   1709   640   274701.1667   172   185863.0000   275982.7586   244749   48.49%
   1738   665    infeasible         185863.0000   275982.7586   248421   48.49%
   1757   676    infeasible         185863.0000   275974.1750   253553   48.48%
   1794   705   275518.2321   408   185863.0000   275905.3066   257492   48.45%
Elapsed time = 27.38 sec. (80672.35 ticks, tree = 21.66 MB, solutions = 1)
   1831   740   271905.4060   311   185863.0000   275905.3066   261692   48.45%
   1911   820   269549.0857   307   185863.0000   275905.3066   265854   48.45%
   1964   870   247687.7335   270   185863.0000   275905.3066   268786   48.45%
   2029   927   274015.3896   406   185863.0000   275898.1226   273087   48.44%
   2070   965   271538.6027   273   185863.0000   275898.1226   278862   48.44%
   2116   997   275855.9286   355   185863.0000   275880.9464   284121   48.43%
   2153  1028    infeasible         185863.0000   275880.9464   289578   48.43%
   2165  1040   272553.9242   346   185863.0000   275858.6010   292990   48.42%
   2221  1090   275097.8594   499   185863.0000   275849.9949   298694   48.42%
   2263  1125   275447.4375   394   185863.0000   275847.6057   304203   48.41%
Elapsed time = 30.96 sec. (90584.36 ticks, tree = 36.37 MB, solutions = 1)
   2287  1149   271241.0691   351   185863.0000   275847.6057   308855   48.41%
   2315  1173    infeasible         185863.0000   275847.6057   314277   48.41%
   2337  1190   273990.8438   380   185863.0000   275805.0000   319262   48.39%
   2387  1234   265660.3255   220   185863.0000   275805.0000   325420   48.39%
   2440  1281   273369.7529   592   185863.0000   275786.5000   331276   48.38%
   2462  1303   269384.8074   408   185863.0000   275786.5000   334456   48.38%
   2485  1322   274996.8911   448   185863.0000   275773.4667   339370   48.37%
   2547  1384   270469.1738   311   185863.0000   275773.4667   343869   48.37%
   2576  1409   273608.0262   375   185863.0000   275747.3598   348858   48.36%
   2742  1562   273097.0164   446   185863.0000   275733.1307   370787   48.35%
Elapsed time = 35.62 sec. (103215.61 ticks, tree = 51.63 MB, solutions = 1)
   2995  1804   275304.0000   226   185863.0000   275701.2059   393056   48.34%
   3170  1955   263520.6826   286   185863.0000   275684.9219   414648   48.33%
   3303  2066   275220.0846   321   185863.0000   275645.0000   436914   48.31%
   3512  2266   261544.1692   248   185863.0000   275631.2998   459530   48.30%
   3698  2421   273764.0444   379   185863.0000   275610.5584   481501   48.29%
   3887  2592   275018.0000   184   185863.0000   275575.8677   504695   48.27%
   4095  2790   269262.9557   381   185863.0000   275575.2954   525877   48.27%
   4295  2966    infeasible         185863.0000   275551.1669   548608   48.25%
   4511  3167   273768.7033   344   185863.0000   275516.7539   570903   48.24%
   4666  3298    infeasible         185863.0000   275501.9693   594505   48.23%
Elapsed time = 52.26 sec. (141911.37 ticks, tree = 112.66 MB, solutions = 1)
   4846  3456   253995.6165   308   185863.0000   275488.5714   617324   48.22%
   5013  3604   267142.2603   331   185863.0000   275477.1446   640672   48.22%
   5202  3766   271139.0694   360   185863.0000   275467.7089   663539   48.21%
   5399  3947   269000.2308   331   185863.0000   275458.0000   684953   48.20%
   5607  4125   274167.3442   365   185863.0000   275447.7500   707484   48.20%
   5802  4303   232052.2690   343   185863.0000   275437.3512   731461   48.19%
   5995  4468   271178.8491   430   185863.0000   275427.7500   753803   48.19%
   6168  4613    infeasible         185863.0000   275406.6171   775885   48.18%
   6371  4800   262463.2904   306   185863.0000   275391.9667   799111   48.17%
*  6402+ 4829                       185865.0000   275391.9667            48.17%
   6608  5016   274599.6377   542   185865.0000   275371.6667   821121   48.16%
Elapsed time = 65.23 sec. (180609.10 ticks, tree = 173.26 MB, solutions = 2)
   6739  5129   275003.3333   261   185865.0000   275361.4542   840880   48.15%

Clique cuts applied:  22
Cover cuts applied:  16
Implied bound cuts applied:  86
Flow cuts applied:  2
Mixed integer rounding cuts applied:  206
Zero-half cuts applied:  108
Lift and project cuts applied:  1
Gomory fractional cuts applied:  6

Root node processing (before b&c):
  Real time             =    0.58 sec. (1372.56 ticks)
Sequential b&c:
  Real time             =   66.42 sec. (184326.57 ticks)
                          ------------
Total (root+branch&cut) =   67.00 sec. (185699.13 ticks)
[CPLEX] Status: time limit exceeded
[CPLEX] OPTIMAL OBJ: 185865.0
[CPLEX] Runtime: 67.009 sec
Vehicle 0: d → 3 → 7 → 21 → 14 → 9 → 28 → 4 → 19 → 23 → 25 → 6 → 12 → 20 → 18 → d, (requests = [0, 1, 3, 13, 17, 27, 30, 36])
Vehicle 1: d → 12 → 0 → 15 → 29 → 25 → 13 → 26 → 19 → 4 → 24 → 9 → 14 → 21 → 7 → 10 → 27 → 22 → 2 → 5 → d, (requests = [6, 7, 11, 16, 20, 23, 32, 37])
Vehicle 2: d → 2 → 22 → 27 → 7 → 8 → 21 → 14 → 28 → 24 → 4 → 19 → 26 → 13 → 25 → 15 → 11 → d, (requests = [2, 8, 14, 15, 19, 25, 28])
Vehicle 3: d → 5 → 1 → 22 → 27 → 10 → 7 → 17 → d, (requests = [10, 21, 24])
Vehicle 4: d → 29 → 11 → 0 → 12 → 20 → d, (requests = [4, 18])
Vehicle 5: d → 16 → 30 → 20 → 12 → 6 → 25 → 23 → 26 → 19 → 4 → 28 → 14 → 21 → 8 → 17 → d, (requests = [5, 12, 22, 29, 35])
Vehicle 6: d, (requests = [])
======== PPDSP OBJECTIVE ========
Profit    = 225432
Cost      = 39567
Objective = 185865
=================================
===== RAW XY MODEL =====
104 148 205 246 317 405 458 608 632 659 687 762 807 901 996 1040 1094 1177 1216 1259 1327 1372 1409 1467 1494 1534 1637 1704 1731 1802 1838 1876 1911 1978 2029 2283 2344 2429 2474 2580 2638 2673 2688 2831 2883 2928 2969 3012 3042 3068 3117 3191 3370 3477 3557 3643 3891 4047 4190 4313 4457 4797 4849 5116 5384 5466 5742 5803 5859 5976 6055 6128 6161 6198 6238 6266 6348 6409 6437 6496 6566 6594 2049 2051 3223 2055 5473 6615 2188 2190 3229 4350 3296 6622 3301 3306 3309 3311 3313 5487 4427 4430 4436 6632 4442 5559 5563 5571 5578 6639 6703 6716 6738 7862 7870
  [Time Manager] Step 43 consumed 67.01s. Total Consumed: 2451.02s.
  [Info] Saved 7889 core assumption literals to p1_A-n32-k5_r40v7k3.lp.asm

[44/60] Building & Solving: R=41, V=7, K=3
Default row names c1, c2 ... being created.
  [Info] Generating MIP Formulation...
  [Time Manager] Global Remaining Budget: 1148.98s | Future Weight Sum: 17.0
  [Time Manager] Recalibrated Budget for this step: 67.59s
[CPLEX] Setting time limit to 67 seconds
[CPLEX] Reading assumption from p1_A-n32-k5_r40v7k3.lp.asm ...
[CPLEX] Applying MIP Start with 7448 variables.
Version identifier: 22.1.1.0 | 2022-11-28 | 9160aff4d
CPXPARAM_Read_DataCheck                          1
CPXPARAM_Threads                                 1
CPXPARAM_TimeLimit                               67
1 of 1 MIP starts provided solutions.
MIP start 'm1' defined initial solution with objective 185865.0000.
Tried aggregator 1 time.
MIP Presolve eliminated 21 rows and 5971 columns.
MIP Presolve modified 3996 coefficients.
Reduced MIP has 4073 rows, 1925 columns, and 20496 nonzeros.
Reduced MIP has 1491 binaries, 434 generals, 0 SOSs, and 0 indicators.
Presolve time = 0.00 sec. (12.47 ticks)
Probing time = 0.00 sec. (2.84 ticks)
Tried aggregator 1 time.
Detecting symmetries...
Reduced MIP has 4073 rows, 1925 columns, and 20496 nonzeros.
Reduced MIP has 1491 binaries, 434 generals, 0 SOSs, and 0 indicators.
Presolve time = 0.01 sec. (13.41 ticks)
Probing time = 0.00 sec. (2.80 ticks)
Clique table members: 804.
MIP emphasis: balance optimality and feasibility.
MIP search method: dynamic search.
Parallel mode: none, using 1 thread.
Root relaxation solution time = 0.01 sec. (28.02 ticks)

        Nodes                                         Cuts/
   Node  Left     Objective  IInf  Best Integer    Best Bound    ItCnt     Gap

*     0+    0                       185865.0000  2084257.0000              --- 
      0     0   291263.0000   154   185865.0000   291263.0000      903   56.71%
      0     0   291240.7800   220   185865.0000     Cuts: 213     1080   56.69%
      0     0   291185.1317   214   185865.0000      Cuts: 62     1189   56.66%
      0     0   291057.3051   196   185865.0000  ZeroHalf: 42     1435   56.60%
      0     0   290903.0000   208   185865.0000     Cuts: 142     1558   56.51%
      0     0   290543.0000   175   185865.0000  ZeroHalf: 39     1655   56.32%
      0     0   290543.0000   206   185865.0000     Cuts: 145     1689   56.32%
      0     0   290494.1795   249   185865.0000  ZeroHalf: 52     1901   56.29%
      0     0   290411.2500   240   185865.0000     Cuts: 104     1978   56.25%
      0     0   290263.3571   271   185865.0000      Cuts: 79     2085   56.17%
      0     0   290149.2500   256   185865.0000      Cuts: 89     2276   56.11%
      0     0   290021.2561   282   185865.0000      Cuts: 54     2310   56.04%
*     0+    0                       187813.0000   290021.2561            54.42%
      0     0   290018.8776   285   187813.0000     Cuts: 111     2352   54.42%
      0     2   290018.8776   278   187813.0000   290018.7333     2352   54.42%
Elapsed time = 0.51 sec. (1215.10 ticks, tree = 0.01 MB, solutions = 2)
      3     5   289424.9167   590   187813.0000   289983.0875     4356   54.40%
      5     7   289594.6182   234   187813.0000   289983.0875     7399   54.40%
      7     9   289582.3171   213   187813.0000   289983.0875     9493   54.40%
     11    13   288474.5363   175   187813.0000   289983.0875    11209   54.40%
     17    19   287879.1288   281   187813.0000   289983.0875    13468   54.40%
     22    24   287168.4319   192   187813.0000   289983.0875    15169   54.40%
     30    32   287040.6600   144   187813.0000   289983.0875    16754   54.40%
     70    68   284977.8880   124   187813.0000   289983.0875    18326   54.40%
     95    83   289551.9553   125   187813.0000   289980.8562    19724   54.40%
    136   116   289785.4167   300   187813.0000   289871.9749    25741   54.34%
Elapsed time = 1.72 sec. (4599.25 ticks, tree = 2.94 MB, solutions = 2)
    200   173   287072.0499   148   187813.0000   289845.7941    31644   54.33%
    248   216   286401.6512   211   187813.0000   289832.5307    36243   54.32%
    295   247   289325.2197   244   187813.0000   289779.6039    42508   54.29%
    398   330   288879.1329   156   187813.0000   289742.8726    48763   54.27%
    460   381   289037.5139   138   187813.0000   289714.2377    54693   54.26%

Performing restart 1

Repeating presolve.
Tried aggregator 1 time.
MIP Presolve modified 168 coefficients.
Reduced MIP has 4073 rows, 1925 columns, and 20496 nonzeros.
Reduced MIP has 1491 binaries, 434 generals, 0 SOSs, and 0 indicators.
Presolve time = 0.01 sec. (12.00 ticks)
Tried aggregator 1 time.
Reduced MIP has 4073 rows, 1925 columns, and 20496 nonzeros.
Reduced MIP has 1491 binaries, 434 generals, 0 SOSs, and 0 indicators.
Presolve time = 0.01 sec. (14.07 ticks)
Represolve time = 0.02 sec. (39.08 ticks)
    482     0   290015.9286   279   187813.0000     Cuts: 120    58780   54.26%
    482     0   290003.5848   387   187813.0000     Cuts: 140    58934   54.26%
    482     0   289977.8276   301   187813.0000     Cuts: 178    59163   54.26%
    482     0   289972.2500   279   187813.0000      Cuts: 91    59280   54.26%
    482     0   289946.5394   287   187813.0000     Cuts: 118    59540   54.26%
    482     0   289943.7149   367   187813.0000     Cuts: 167    59668   54.26%
    482     2   289943.7149   367   187813.0000   289714.2377    59668   54.26%
    484     4   288311.7069   336   187813.0000   289714.2377    63816   54.26%
    485     5   289820.0000   198   187813.0000   289714.2377    64060   54.26%
    486     6   289601.3568   354   187813.0000   289714.2377    64406   54.26%
    488     8   288395.7306   233   187813.0000   289714.2377    66773   54.26%
Elapsed time = 7.17 sec. (20771.08 ticks, tree = 0.01 MB, solutions = 2)
    490    10   289420.4318   227   187813.0000   289714.2377    67699   54.26%
    493    13   289230.6868   275   187813.0000   289714.2377    68592   54.26%
    496    16   288824.3143   244   187813.0000   289714.2377    72514   54.26%
    499    19   288678.5683   265   187813.0000   289714.2377    74274   54.26%
    502    22   288059.0130   275   187813.0000   289714.2377    78737   54.26%
    507    23   287950.8231   222   187813.0000   289714.2377    82747   54.26%
    509    25   287852.0268   230   187813.0000   289714.2377    83106   54.26%
    512    28   287770.6189   250   187813.0000   289714.2377    84564   54.26%
    514    30   286935.7742   463   187813.0000   289714.2377    88673   54.26%
    515    31   287280.2108   340   187813.0000   289714.2377    89364   54.26%
Elapsed time = 13.02 sec. (33235.85 ticks, tree = 0.20 MB, solutions = 2)
    518    34   286695.0588   245   187813.0000   289714.2377    90363   54.26%
    521    35   286374.3152   579   187813.0000   289714.2377    93332   54.26%
    524    36   286262.5043   418   187813.0000   289714.2377    96652   54.26%
    527    39   286089.5387   334   187813.0000   289714.2377    98381   54.26%
    530    42   286026.8464   462   187813.0000   289714.2377   100878   54.26%
    532    44   285904.9749   268   187813.0000   289714.2377   102090   54.26%
    535    47   285610.1844   453   187813.0000   289714.2377   103216   54.26%
    538    50   284423.3121   228   187813.0000   289714.2377   106283   54.26%
    542    50   289570.2694   363   187813.0000   289570.0061   110740   54.18%
    545    53   289525.3507   302   187813.0000   289568.4852   111171   54.18%
Elapsed time = 17.31 sec. (45581.80 ticks, tree = 0.69 MB, solutions = 2)
    548    56   289247.1087   213   187813.0000   289568.4852   112015   54.18%
    551    59   288920.1557   356   187813.0000   289568.4852   113155   54.18%
    554    62   288460.2100   465   187813.0000   289568.4852   115493   54.18%
    558    66   288252.7642   246   187813.0000   289568.4852   116385   54.18%
    562    70   287926.7171   428   187813.0000   289568.4852   117300   54.18%
    571    79   287477.5067   400   187813.0000   289568.4852   118544   54.18%
    578    86   286986.4897   365   187813.0000   289568.4852   119579   54.18%
    589    96   284656.1048   285   187813.0000   289568.4852   120867   54.18%
    595    98   287546.2627   224   187813.0000   289560.7454   123192   54.18%
    600   103   287407.9027   390   187813.0000   289560.7454   123781   54.18%
Elapsed time = 20.76 sec. (56343.78 ticks, tree = 2.24 MB, solutions = 2)
    620   123   284420.4632   283   187813.0000   289560.7454   126598   54.18%
    649   146   289206.9604   252   187813.0000   289560.7200   130234   54.18%
    664   156   289332.5285   260   187813.0000   289524.1695   134159   54.16%
    681   171   285889.8500   368   187813.0000   289524.1695   138896   54.16%
    695   181   287971.3156   191   187813.0000   289502.0706   141412   54.14%
    714   200   287399.9613   471   187813.0000   289502.0706   143693   54.14%
    742   226   285556.4394   313   187813.0000   289502.0706   147098   54.14%
    752   232   289291.6133   273   187813.0000   289500.9385   148611   54.14%
    764   240   288669.2308   236   187813.0000   289479.0000   152608   54.13%
    787   263   288267.6060   272   187813.0000   289479.0000   155392   54.13%
Elapsed time = 24.08 sec. (66619.54 ticks, tree = 6.04 MB, solutions = 2)
    811   287   286951.2656   249   187813.0000   289479.0000   158375   54.13%
    824   300   282830.3158   391   187813.0000   289479.0000   160191   54.13%
    847   323   281499.9234   376   187813.0000   289479.0000   162419   54.13%
    870   342   288489.1941   452   187813.0000   289419.5974   164957   54.10%
    882   354   287232.6172   275   187813.0000   289419.5974   167164   54.10%
    900   369   285323.6562   324   187813.0000   289419.5974   169638   54.10%
    940   407   279844.3681   254   187813.0000   289419.5974   172134   54.10%
    953   416   288918.2910   146   187813.0000   289403.3657   176473   54.09%
    981   444   286469.1964   390   187813.0000   289403.3657   181882   54.09%
   1015   472   288859.1297   247   187813.0000   289335.9997   186763   54.06%
Elapsed time = 27.34 sec. (76565.91 ticks, tree = 13.07 MB, solutions = 2)
   1047   501   286220.8166   519   187813.0000   289335.9997   190225   54.06%
   1093   542   288414.0000   246   187813.0000   289291.6133   194539   54.03%
   1128   575   284386.7638   331   187813.0000   289291.6133   200180   54.03%
   1172   609   288903.4701   255   187813.0000   289283.7450   205047   54.03%
   1186   619   288637.3467   612   187813.0000   289245.8795   209530   54.01%
   1229   660   287171.8591   416   187813.0000   289245.8795   214807   54.01%
   1266   697   280943.3919   457   187813.0000   289245.8795   219296   54.01%
   1284   710   286125.8685   331   187813.0000   289244.0000   224186   54.01%
   1307   731   284375.4630   419   187813.0000   289244.0000   228597   54.01%
   1332   752   288188.9434   452   187813.0000   289229.6745   235349   54.00%
Elapsed time = 30.63 sec. (86536.41 ticks, tree = 19.69 MB, solutions = 2)
   1351   765   288294.5267   314   187813.0000   289206.9604   240394   53.99%
   1381   791    infeasible         187813.0000   289206.9604   247097   53.99%
   1391   797   285749.2859   379   187813.0000   289193.3496   253077   53.98%
   1418   824   284093.4604   368   187813.0000   289193.3496   258308   53.98%
   1455   861   280786.9538   284   187813.0000   289193.3496   263247   53.98%
   1501   903   287499.6198   419   187813.0000   289168.9259   268185   53.97%
   1509   905   286519.5504   295   187813.0000   289108.3969   272806   53.93%
   1522   916   282011.9779   328   187813.0000   289108.3969   279263   53.93%
   1543   933   288162.7015   242   187813.0000   289106.2984   284679   53.93%
   1556   942   285701.2032   263   187813.0000   289106.2964   290013   53.93%
Elapsed time = 33.98 sec. (96532.21 ticks, tree = 26.12 MB, solutions = 2)
   1608   983   287569.9240   242   187813.0000   289100.4660   295468   53.93%
   1619   990   288192.4430   315   187813.0000   289091.8895   300375   53.93%
   1637  1000   288279.1563   399   187813.0000   289008.3500   306815   53.88%
   1647  1004    infeasible         187813.0000   289008.3500   312937   53.88%
   1655  1010   285582.9375   421   187813.0000   289008.0552   317987   53.88%
   1695  1050   280181.1948   300   187813.0000   289008.0552   323253   53.88%
   1724  1069   285077.0372   209   187813.0000   289000.9200   329081   53.88%
   1738  1077    infeasible         187813.0000   289000.7283   333237   53.88%
   1756  1087   288594.5000   218   187813.0000   288986.7127   338661   53.87%
   1819  1122    infeasible         187813.0000   288972.9579   359166   53.86%
Elapsed time = 38.43 sec. (109410.12 ticks, tree = 32.38 MB, solutions = 2)
   1908  1192   286682.0889   500   187813.0000   288955.6730   380170   53.85%
   2092  1364   286576.8884   265   187813.0000   288937.1781   400515   53.84%
   2183  1438    infeasible         187813.0000   288921.1659   418729   53.83%
   2298  1533   287026.4400   253   187813.0000   288908.7127   438815   53.83%
   2460  1689   274307.2280   272   187813.0000   288902.3832   458988   53.82%
   2579  1791   278867.2677   306   187813.0000   288896.4697   481102   53.82%
   2697  1893   286261.8194   219   187813.0000   288883.4004   502002   53.81%
   2778  1958   288012.3966   450   187813.0000   288857.6316   524310   53.80%
   2846  2004   288455.5000   202   187813.0000   288823.1220   546167   53.78%
   2931  2075   283744.5249   299   187813.0000   288791.9219   568265   53.77%
Elapsed time = 53.68 sec. (148052.83 ticks, tree = 64.34 MB, solutions = 2)
   3009  2129   287761.0225   460   187813.0000   288773.7162   591541   53.76%
   3124  2226   286364.5025   261   187813.0000   288736.5967   613824   53.74%
   3210  2296    infeasible         187813.0000   288712.7500   634718   53.72%
   3298  2354   286982.9509   347   187813.0000   288691.2400   657683   53.71%
   3407  2446   285494.5000   391   187813.0000   288680.3372   677914   53.71%
   3494  2517   285723.0444   280   187813.0000   288665.4160   698371   53.70%
   3621  2632   286767.6001   576   187813.0000   288650.9451   719795   53.69%
   3764  2761   283982.4996   336   187813.0000   288648.3170   742203   53.69%
   3907  2883    infeasible         187813.0000   288640.9553   761331   53.69%
   4030  2992   285322.1942   279   187813.0000   288631.2643   781815   53.68%
Elapsed time = 66.39 sec. (186514.87 ticks, tree = 90.11 MB, solutions = 2)

GUB cover cuts applied:  1
Clique cuts applied:  7
Cover cuts applied:  30
Implied bound cuts applied:  21
Flow cuts applied:  8
Mixed integer rounding cuts applied:  186
Zero-half cuts applied:  97
Lift and project cuts applied:  9
Gomory fractional cuts applied:  5

Root node processing (before b&c):
  Real time             =    0.51 sec. (1212.59 ticks)
Sequential b&c:
  Real time             =   66.49 sec. (187082.03 ticks)
                          ------------
Total (root+branch&cut) =   67.00 sec. (188294.62 ticks)
[CPLEX] Status: time limit exceeded
[CPLEX] OPTIMAL OBJ: 187813.0
[CPLEX] Runtime: 67.009 sec
Vehicle 0: d → 3 → 7 → 21 → 14 → 9 → 28 → 4 → 19 → 23 → 25 → 6 → 12 → 20 → 18 → d, (requests = [0, 1, 3, 13, 17, 27, 30, 36])
Vehicle 1: d → 12 → 0 → 15 → 29 → 25 → 13 → 26 → 19 → 4 → 24 → 9 → 14 → 21 → 7 → 10 → 27 → 22 → 2 → 5 → d, (requests = [6, 7, 11, 16, 20, 23, 32, 37])
Vehicle 2: d → 2 → 22 → 27 → 7 → 8 → 21 → 14 → 28 → 24 → 4 → 19 → 26 → 13 → 25 → 15 → 11 → d, (requests = [2, 8, 14, 19, 25, 28, 40])
Vehicle 3: d → 5 → 1 → 22 → 27 → 10 → 7 → 17 → d, (requests = [10, 21, 24])
Vehicle 4: d → 29 → 11 → 0 → 12 → 20 → d, (requests = [4, 18])
Vehicle 5: d → 16 → 30 → 20 → 12 → 6 → 25 → 23 → 26 → 19 → 4 → 28 → 14 → 21 → 8 → 17 → d, (requests = [5, 12, 22, 29, 35])
Vehicle 6: d, (requests = [])
======== PPDSP OBJECTIVE ========
Profit    = 227380
Cost      = 39567
Objective = 187813
=================================
===== RAW XY MODEL =====
104 148 205 246 317 405 458 608 632 659 687 762 807 901 996 1040 1094 1177 1216 1259 1327 1372 1409 1467 1494 1534 1637 1704 1731 1802 1838 1876 1911 1978 2029 2283 2344 2429 2474 2580 2638 2673 2688 2831 2883 2928 2969 3012 3042 3068 3117 3191 3370 3477 3557 3643 3891 4047 4190 4313 4457 4797 4849 5116 5384 5466 5742 5803 5859 5976 6055 6128 6161 6198 6238 6266 6348 6409 6437 6496 6566 6594 2049 2051 3223 2055 5473 6615 2188 2190 3229 4350 3296 6622 3301 3306 3311 3313 5487 4427 4430 4436 6632 4442 5559 5563 5571 5578 6639 6703 6716 6738 7862 7870 7892
  [Time Manager] Step 44 consumed 67.01s. Total Consumed: 2518.03s.
  [Info] Saved 7896 core assumption literals to p1_A-n32-k5_r41v7k3.lp.asm

[45/60] Building & Solving: R=42, V=7, K=3
Default row names c1, c2 ... being created.
  [Info] Generating MIP Formulation...
  [Time Manager] Global Remaining Budget: 1081.97s | Future Weight Sum: 16.0
  [Time Manager] Recalibrated Budget for this step: 67.62s
[CPLEX] Setting time limit to 67 seconds
[CPLEX] Reading assumption from p1_A-n32-k5_r41v7k3.lp.asm ...
[CPLEX] Applying MIP Start with 7455 variables.
Version identifier: 22.1.1.0 | 2022-11-28 | 9160aff4d
CPXPARAM_Read_DataCheck                          1
CPXPARAM_Threads                                 1
CPXPARAM_TimeLimit                               67
1 of 1 MIP starts provided solutions.
MIP start 'm1' defined initial solution with objective 187813.0000.
Tried aggregator 1 time.
MIP Presolve eliminated 21 rows and 5971 columns.
MIP Presolve modified 3984 coefficients.
Reduced MIP has 4095 rows, 1932 columns, and 20720 nonzeros.
Reduced MIP has 1498 binaries, 434 generals, 0 SOSs, and 0 indicators.
Presolve time = 0.00 sec. (12.56 ticks)
Probing time = 0.00 sec. (2.85 ticks)
Tried aggregator 1 time.
Detecting symmetries...
Reduced MIP has 4095 rows, 1932 columns, and 20720 nonzeros.
Reduced MIP has 1498 binaries, 434 generals, 0 SOSs, and 0 indicators.
Presolve time = 0.01 sec. (13.53 ticks)
Probing time = 0.00 sec. (2.80 ticks)
Clique table members: 805.
MIP emphasis: balance optimality and feasibility.
MIP search method: dynamic search.
Parallel mode: none, using 1 thread.
Root relaxation solution time = 0.02 sec. (31.88 ticks)

        Nodes                                         Cuts/
   Node  Left     Objective  IInf  Best Integer    Best Bound    ItCnt     Gap

*     0+    0                       187813.0000  2150295.0000              --- 
      0     0   300697.0000   156   187813.0000   300697.0000      916   60.10%
      0     0   300685.2500   221   187813.0000     Cuts: 215     1076   60.10%
      0     0   300611.3563   216   187813.0000      Cuts: 61     1300   60.06%
      0     0   300592.4853   198   187813.0000      Cuts: 93     1330   60.05%
      0     0   300399.5269   207   187813.0000      Cuts: 71     1866   59.95%
      0     0   300263.0000   182   187813.0000     Cuts: 143     1922   59.87%
      0     0   299977.0000   208   187813.0000     Cuts: 120     2178   59.72%
      0     0   299977.0000   208   187813.0000      Cuts: 50     2179   59.72%
      0     0   299938.6410   252   187813.0000  ZeroHalf: 62     2363   59.70%
      0     0   299867.5938   376   187813.0000     Cuts: 100     2513   59.66%
      0     0   299758.1875   295   187813.0000     Cuts: 111     2568   59.60%
      0     0   299755.7500   269   187813.0000     Cuts: 111     2588   59.60%
      0     0   299712.5000   269   187813.0000      Cuts: 63     2728   59.58%
      0     0   299623.5000   135   187813.0000      Cuts: 61     2944   59.53%
      0     0   299599.7500   243   187813.0000      Cuts: 95     3050   59.52%
      0     2   299599.7500   232   187813.0000   299599.5000     3050   59.52%
Elapsed time = 0.57 sec. (1306.22 ticks, tree = 0.01 MB, solutions = 1)
      6     8   299234.6217   141   187813.0000   299598.0000     6818   59.52%
     10    12   298720.8878   104   187813.0000   299598.0000     8671   59.52%
     20    20    infeasible         187813.0000   299598.0000    10637   59.52%
     30    30   295958.7549   198   187813.0000   299598.0000    13072   59.52%
     52    46   293277.1029   119   187813.0000   299598.0000    14837   59.52%
     62    48   298829.9297   231   187813.0000   299501.9690    16409   59.47%
     66    52   299023.1269   270   187813.0000   299501.9690    18234   59.47%
     69    55   298622.2779   364   187813.0000   299501.9690    19745   59.47%
     72    58   298246.7677   248   187813.0000   299501.9690    21026   59.47%
    140   115   298721.2556   132   187813.0000   299364.6937    27198   59.40%
Elapsed time = 1.90 sec. (5017.31 ticks, tree = 2.62 MB, solutions = 1)
    227   187   297691.3609   255   187813.0000   299292.7948    33425   59.36%
    335   281   292977.6522   189   187813.0000   299283.1977    39915   59.35%
    406   338   297399.5555   284   187813.0000   299234.6217    46302   59.33%
    469   392   296428.9133   291   187813.0000   299208.6093    52960   59.31%

Performing restart 1

Repeating presolve.
Tried aggregator 1 time.
MIP Presolve modified 168 coefficients.
Reduced MIP has 4095 rows, 1932 columns, and 20720 nonzeros.
Reduced MIP has 1498 binaries, 434 generals, 0 SOSs, and 0 indicators.
Presolve time = 0.01 sec. (12.11 ticks)
Tried aggregator 1 time.
Reduced MIP has 4095 rows, 1932 columns, and 20720 nonzeros.
Reduced MIP has 1498 binaries, 434 generals, 0 SOSs, and 0 indicators.
Presolve time = 0.01 sec. (14.19 ticks)
Represolve time = 0.02 sec. (39.38 ticks)
    471     0   299517.3798   149   187813.0000     Cuts: 197    54909   59.31%
    471     0   299453.2500   243   187813.0000     Cuts: 170    55278   59.31%
    471     0   299409.4470   328   187813.0000      Cuts: 86    55964   59.31%
    471     0   299374.4686   302   187813.0000     Cuts: 159    56289   59.31%
    471     0   299337.0792   672   187813.0000     Cuts: 106    56921   59.31%
    471     0   299302.8671   372   187813.0000     Cuts: 116    57269   59.31%
    471     0   299286.0932   529   187813.0000     Cuts: 104    57495   59.31%
    471     0   299272.2078   374   187813.0000     Cuts: 116    58050   59.31%
    471     0   299267.9476   730   187813.0000     Cuts: 158    58366   59.31%
    471     0   299254.0000   211   187813.0000      Cuts: 69    58555   59.31%
    471     0   299254.0000   192   187813.0000     Cuts: 106    58570   59.31%
    471     0   299250.4597   501   187813.0000      Cuts: 89    58897   59.31%
    471     0   299244.4513   510   187813.0000     Cuts: 170    58995   59.31%
    471     0   299218.8291   449   187813.0000      Cuts: 96    59305   59.31%
    471     0   299118.7463   603   187813.0000      Cuts: 92    60189   59.26%
    471     0   299099.7299   407   187813.0000     Cuts: 169    60358   59.25%
    471     0   299096.1667   236   187813.0000      Cuts: 48    60447   59.25%
    471     0   299068.1769   435   187813.0000     Cuts: 111    60812   59.24%
    471     0   299029.8577   289   187813.0000      Cuts: 89    60965   59.22%
    471     0   299005.4475   288   187813.0000      Cuts: 87    61155   59.20%
    471     2   299005.4475   267   187813.0000   299005.0446    61155   59.20%
    473     4   297709.4813   340   187813.0000   298954.2453    62699   59.18%
    474     5   297697.6480   336   187813.0000   298954.2453    63116   59.18%
    475     6   297299.9344   444   187813.0000   298954.2453    64218   59.18%
    477     8   296883.0445   415   187813.0000   298954.2453    67212   59.18%
    479    10   296960.0213   422   187813.0000   298954.2453    71230   59.18%
Elapsed time = 8.71 sec. (23405.72 ticks, tree = 0.02 MB, solutions = 1)
    481    12   296135.2256   402   187813.0000   298954.2453    72883   59.18%
    484    15   295824.5374   415   187813.0000   298954.2453    76132   59.18%
    488    19   295743.2775   269   187813.0000   298954.2453    78193   59.18%
    493    24   295671.8749   383   187813.0000   298954.2453    79175   59.18%
    497    25   295011.5551   131   187813.0000   298954.2453    80948   59.18%
    503    28   292719.6083   254   187813.0000   298954.2453    83289   59.18%
    509    32   290973.7500   225   187813.0000   298954.2453    86668   59.18%
    515    38   290232.1395    97   187813.0000   298954.2453    89290   59.18%
    520    43   289527.0570   288   187813.0000   298954.2453    91686   59.18%
    526    49   287508.4297   247   187813.0000   298954.2453    93211   59.18%
Elapsed time = 14.33 sec. (34400.18 ticks, tree = 0.68 MB, solutions = 1)
    549    72   288392.8441   208   187813.0000   298954.2453    95037   59.18%
    558    76   298824.0000   318   187813.0000   298953.6109    96470   59.18%
    561    79   298279.8098   501   187813.0000   298953.6109    97473   59.18%
    563    81   298245.0690   387   187813.0000   298953.6109    98014   59.18%
    566    84   296954.1927   402   187813.0000   298953.6109    99348   59.18%
    569    87   296895.0929   224   187813.0000   298953.6109   100594   59.18%
    574    92   296589.5370   219   187813.0000   298953.6109   102125   59.18%
    579    95   295090.3277   323   187813.0000   298953.6109   106231   59.18%
    582    98   293418.8672   391   187813.0000   298953.6109   111921   59.18%
    584   100   292719.2129   517   187813.0000   298953.6109   113458   59.18%
Elapsed time = 18.77 sec. (47381.56 ticks, tree = 2.13 MB, solutions = 1)
    589   101   292216.4783   411   187813.0000   298953.6109   116227   59.18%
    593   105   291796.5609   289   187813.0000   298953.6109   116987   59.18%
    599   109   291613.7998   282   187813.0000   298953.6109   118917   59.18%
    609   118   289367.4604   318   187813.0000   298953.6109   120640   59.18%
    639   147   284337.9266   212   187813.0000   298953.6109   124037   59.18%
    676   172   298800.6471   115   187813.0000   298821.6570   126046   59.11%
    691   187   296380.8752   282   187813.0000   298821.6570   128806   59.11%
    699   192   298813.0000   205   187813.0000   298812.3636   130751   59.10%
    713   205   297167.5420   467   187813.0000   298812.3636   132700   59.10%
    723   215   296815.5383   714   187813.0000   298812.3636   134406   59.10%
Elapsed time = 22.70 sec. (58142.39 ticks, tree = 4.71 MB, solutions = 1)
    735   227   296207.6531   413   187813.0000   298812.3636   136759   59.10%
    746   238   293412.8259   546   187813.0000   298812.3636   139604   59.10%
    771   263   291469.9095   433   187813.0000   298812.3636   142919   59.10%
    804   294   274534.3522   437   187813.0000   298812.3636   145907   59.10%
    831   317    infeasible         187813.0000   298812.3636   150899   59.10%
    844   329   294408.7214   462   187813.0000   298800.4020   154549   59.09%
    853   338   291415.7086   518   187813.0000   298800.4020   158076   59.09%
    875   357   298692.6254   361   187813.0000   298784.4317   162378   59.09%
    891   371   294408.9340   240   187813.0000   298784.4317   167493   59.09%
    909   385   298261.4212   458   187813.0000   298778.3083   171551   59.08%
Elapsed time = 26.34 sec. (68216.75 ticks, tree = 5.75 MB, solutions = 1)
    938   412   294569.3860   375   187813.0000   298778.3083   173980   59.08%
    953   427   292179.9377   340   187813.0000   298778.3083   176459   59.08%
    972   441   298422.1089   358   187813.0000   298769.7340   179679   59.08%
    992   458   296145.4696   250   187813.0000   298766.0323   183578   59.08%
   1014   480   293990.8874   364   187813.0000   298766.0323   187368   59.08%
   1049   509   296396.6701   239   187813.0000   298723.5456   192438   59.05%
   1061   515   294375.3500   260   187813.0000   298723.1111   197798   59.05%
   1071   517   296101.7759   351   187813.0000   298690.2884   202611   59.04%
   1087   529   294865.4000   382   187813.0000   298680.3636   206512   59.03%
   1123   561   294856.0435   353   187813.0000   298678.8185   211864   59.03%
Elapsed time = 29.94 sec. (78136.89 ticks, tree = 9.74 MB, solutions = 1)
   1145   581   289207.5747   269   187813.0000   298678.8185   217835   59.03%
   1173   600   298390.8579   300   187813.0000   298648.5670   223468   59.01%
   1191   618   297349.0718   460   187813.0000   298648.5670   227709   59.01%
   1214   639   292825.5592   335   187813.0000   298648.5670   231874   59.01%
   1257   682   289332.6405   323   187813.0000   298648.5670   235777   59.01%
   1302   726   280580.3507   284   187813.0000   298648.5670   239758   59.01%
   1371   784   297560.9677   193   187813.0000   298557.0000   243850   58.97%
   1406   816   291117.2031   456   187813.0000   298557.0000   249256   58.97%
   1466   874   288364.0459   282   187813.0000   298557.0000   253802   58.97%
   1537   945   274994.4628   200   187813.0000   298557.0000   257651   58.97%
Elapsed time = 33.60 sec. (88089.36 ticks, tree = 20.77 MB, solutions = 1)
   1591   993   293945.5642   461   187813.0000   298551.7918   263011   58.96%
   1605  1003   293090.8829   429   187813.0000   298539.1818   267347   58.96%
   1631  1029   288553.3306   398   187813.0000   298539.1818   272706   58.96%
   1668  1065   283145.4439   301   187813.0000   298539.1818   277055   58.96%
   1708  1102   294096.8072   232   187813.0000   298515.8301   282565   58.94%
   1730  1116   298149.1611   238   187813.0000   298505.4479   287970   58.94%
   1742  1124   297983.4246   454   187813.0000   298502.4418   292685   58.94%
   1752  1130   296756.7541   247   187813.0000   298478.4372   298625   58.92%
   1769  1143   294994.3571   366   187813.0000   298477.8851   303596   58.92%
   1813  1187   291704.1375   414   187813.0000   298477.8851   308944   58.92%
Elapsed time = 37.17 sec. (98188.74 ticks, tree = 28.80 MB, solutions = 1)
   1830  1200   293842.4845   371   187813.0000   298460.0271   314432   58.91%
   1856  1218   296851.1969   381   187813.0000   298448.6417   320583   58.91%
   1878  1238   294150.1683   449   187813.0000   298448.6417   326395   58.91%
   1918  1273   296920.8448   446   187813.0000   298436.5000   332053   58.90%
   1943  1293   297108.2393   693   187813.0000   298413.8282   336826   58.89%
   1969  1319   293304.7612   459   187813.0000   298413.8282   342286   58.89%
   2018  1367   288957.9962   296   187813.0000   298413.8282   346158   58.89%
   2077  1424   282680.1378   323   187813.0000   298413.8282   350716   58.89%
   2134  1474   292438.2957   369   187813.0000   298412.0919   356120   58.89%
   2274  1594   294344.2573   455   187813.0000   298390.8579   377321   58.88%
Elapsed time = 41.74 sec. (110949.82 ticks, tree = 42.89 MB, solutions = 1)
   2421  1733   278135.5886   264   187813.0000   298384.0484   395780   58.87%
   2554  1856   292784.0280   236   187813.0000   298376.7245   416748   58.87%
   2655  1940   296769.2694   296   187813.0000   298319.1490   436873   58.84%
   2725  1995   294338.9660   259   187813.0000   298297.3548   459040   58.83%
   2888  2144   290857.5515   341   187813.0000   298278.0598   479225   58.82%
   3034  2272   288564.3037   419   187813.0000   298271.6583   501923   58.81%
   3231  2460   286581.1293   208   187813.0000   298253.4172   523851   58.80%
   3392  2592   294047.9492   597   187813.0000   298230.7551   545659   58.79%
   3565  2744   297342.5565   200   187813.0000   298185.3606   568781   58.77%
   3683  2848   293260.0845   380   187813.0000   298160.1052   591020   58.75%
Elapsed time = 54.90 sec. (149481.10 ticks, tree = 68.12 MB, solutions = 1)
   3809  2961   292957.0126   520   187813.0000   298148.9557   612756   58.75%
   3934  3062   294101.6937   245   187813.0000   298136.0163   635043   58.74%
   4131  3235   292110.5606   219   187813.0000   298119.1131   656979   58.73%
   4237  3323   296224.5333   211   187813.0000   298115.9684   679699   58.73%
   4464  3524   297046.2813   324   187813.0000   298097.0187   703975   58.72%
   4645  3692   294031.5699   422   187813.0000   298091.4774   724959   58.72%
   4772  3799    infeasible         187813.0000   298083.5830   747460   58.71%
   4908  3918   294431.3392   437   187813.0000   298059.4703   769726   58.70%
   5006  3999   293750.0296   240   187813.0000   298042.0189   792274   58.69%

Clique cuts applied:  15
Cover cuts applied:  7
Implied bound cuts applied:  16
Flow cuts applied:  33
Mixed integer rounding cuts applied:  199
Zero-half cuts applied:  194
Lift and project cuts applied:  1
Gomory fractional cuts applied:  5

Root node processing (before b&c):
  Real time             =    0.57 sec. (1303.62 ticks)
Sequential b&c:
  Real time             =   66.44 sec. (184843.49 ticks)
                          ------------
Total (root+branch&cut) =   67.00 sec. (186147.10 ticks)
[CPLEX] Status: time limit exceeded
[CPLEX] OPTIMAL OBJ: 187813.0
[CPLEX] Runtime: 67.009 sec
Vehicle 0: d → 3 → 7 → 21 → 14 → 9 → 28 → 4 → 19 → 23 → 25 → 6 → 12 → 20 → 18 → d, (requests = [0, 1, 3, 13, 17, 27, 30, 36])
Vehicle 1: d → 12 → 0 → 15 → 29 → 25 → 13 → 26 → 19 → 4 → 24 → 9 → 14 → 21 → 7 → 10 → 27 → 22 → 2 → 5 → d, (requests = [6, 7, 11, 16, 20, 23, 32, 37])
Vehicle 2: d → 2 → 22 → 27 → 7 → 8 → 21 → 14 → 28 → 24 → 4 → 19 → 26 → 13 → 25 → 15 → 11 → d, (requests = [2, 8, 14, 19, 25, 28, 40])
Vehicle 3: d → 5 → 1 → 22 → 27 → 10 → 7 → 17 → d, (requests = [10, 21, 24])
Vehicle 4: d → 29 → 11 → 0 → 12 → 20 → d, (requests = [4, 18])
Vehicle 5: d → 16 → 30 → 20 → 12 → 6 → 25 → 23 → 26 → 19 → 4 → 28 → 14 → 21 → 8 → 17 → d, (requests = [5, 12, 22, 29, 35])
Vehicle 6: d, (requests = [])
======== PPDSP OBJECTIVE ========
Profit    = 227380
Cost      = 39567
Objective = 187813
=================================
===== RAW XY MODEL =====
104 148 205 246 317 405 458 608 632 659 687 762 807 901 996 1040 1094 1177 1216 1259 1327 1372 1409 1467 1494 1534 1637 1704 1731 1802 1838 1876 1911 1978 2029 2283 2344 2429 2474 2580 2638 2673 2688 2831 2883 2928 2969 3012 3042 3068 3117 3191 3370 3477 3557 3643 3891 4047 4190 4313 4457 4797 4849 5116 5384 5466 5742 5803 5859 5976 6055 6128 6161 6198 6238 6266 6348 6409 6437 6496 6566 6594 2049 2051 3223 2055 5473 6615 2188 2190 3229 4350 3296 6622 3301 3306 3311 3313 5487 4427 4430 4436 6632 4442 5559 5563 5571 5578 6639 6703 6716 6738 7862 7870 7892
  [Time Manager] Step 45 consumed 67.01s. Total Consumed: 2585.04s.
  [Info] Saved 7903 core assumption literals to p1_A-n32-k5_r42v7k3.lp.asm

[46/60] Building & Solving: R=42, V=8, K=3
Default row names c1, c2 ... being created.
  [Info] Generating MIP Formulation...
  [Time Manager] Global Remaining Budget: 1014.96s | Future Weight Sum: 15.0
  [Time Manager] Recalibrated Budget for this step: 67.66s
[CPLEX] Setting time limit to 67 seconds
[CPLEX] Reading assumption from p1_A-n32-k5_r42v7k3.lp.asm ...
[CPLEX] Applying MIP Start with 7462 variables.
Version identifier: 22.1.1.0 | 2022-11-28 | 9160aff4d
CPXPARAM_Read_DataCheck                          1
CPXPARAM_Threads                                 1
CPXPARAM_TimeLimit                               67
1 of 1 MIP starts provided solutions.
MIP start 'm1' defined initial solution with objective 187813.0000.
Tried aggregator 1 time.
MIP Presolve eliminated 24 rows and 6824 columns.
MIP Presolve modified 4564 coefficients.
Reduced MIP has 4674 rows, 2208 columns, and 23680 nonzeros.
Reduced MIP has 1712 binaries, 496 generals, 0 SOSs, and 0 indicators.
Presolve time = 0.01 sec. (14.34 ticks)
Probing time = 0.00 sec. (2.97 ticks)
Tried aggregator 1 time.
Detecting symmetries...
Reduced MIP has 4674 rows, 2208 columns, and 23680 nonzeros.
Reduced MIP has 1712 binaries, 496 generals, 0 SOSs, and 0 indicators.
Presolve time = 0.01 sec. (15.70 ticks)
Probing time = 0.00 sec. (2.87 ticks)
Clique table members: 914.
MIP emphasis: balance optimality and feasibility.
MIP search method: dynamic search.
Parallel mode: none, using 1 thread.
Root relaxation solution time = 0.02 sec. (36.70 ticks)

        Nodes                                         Cuts/
   Node  Left     Objective  IInf  Best Integer    Best Bound    ItCnt     Gap

*     0+    0                       187813.0000  2457480.0000              --- 
      0     0   300697.0000   154   187813.0000   300697.0000      997   60.10%
      0     0   300679.2647   221   187813.0000     Cuts: 212     1229   60.10%
      0     0   300623.0599   214   187813.0000      Cuts: 64     1375   60.07%
      0     0   300486.3057   202   187813.0000      Cuts: 50     1719   59.99%
      0     0   300337.0000   181   187813.0000     Cuts: 148     1803   59.91%
      0     0   299977.0000   177   187813.0000     Cuts: 135     1984   59.72%
      0     0   299977.0000   207   187813.0000     Cuts: 134     2025   59.72%
      0     0   299977.0000   205   187813.0000      Cuts: 51     2027   59.72%
      0     2   299977.0000   205   187813.0000   299977.0000     2027   59.72%
Elapsed time = 0.51 sec. (1192.02 ticks, tree = 0.01 MB, solutions = 1)
      3     5   299729.9145   316   187813.0000   299819.4216     3991   59.64%
      5     7   299718.3526   338   187813.0000   299745.2224     5311   59.60%
      7     9   299704.8653   253   187813.0000   299745.2224     7642   59.60%
     10    12   299310.9478   362   187813.0000   299745.2224     9361   59.60%
     19    20   299186.1828   229   187813.0000   299745.2224    11278   59.60%
     42    36    infeasible         187813.0000   299745.2224    12757   59.60%
     75    57   299731.0910   290   187813.0000   299745.2224    14512   59.60%
     82    64   299185.4320   117   187813.0000   299745.2224    15336   59.60%
     93    75   298753.7446   109   187813.0000   299745.2224    16659   59.60%
    119    95   290309.5714   302   187813.0000   299716.4450    21794   59.58%
Elapsed time = 1.92 sec. (4633.29 ticks, tree = 2.46 MB, solutions = 1)
    155   126   286018.1180   139   187813.0000   299716.4450    26716   59.58%
    219   178   295334.1772   154   187813.0000   299673.5460    34981   59.56%
    265   214   299372.9079   274   187813.0000   299636.9418    43301   59.54%
    306   254   295036.3569   220   187813.0000   299636.9418    51567   59.54%
    325   269   298519.1272   482   187813.0000   299636.5227    57283   59.54%
    400   338   298834.2366   161   187813.0000   299570.7525    62977   59.50%
    465   394   293722.6681   249   187813.0000   299564.4627    69107   59.50%
    506   429   298057.2349   224   187813.0000   299548.4961    74345   59.49%
    609   512   298798.1478   205   187813.0000   299488.3315    80459   59.46%
    663   556   298813.1250   406   187813.0000   299466.2151    86809   59.45%
Elapsed time = 5.72 sec. (14483.82 ticks, tree = 8.07 MB, solutions = 1)
    727   610   298559.8477   278   187813.0000   299461.8958    92372   59.45%
    819   690   296543.4039   223   187813.0000   299461.8958    98070   59.45%
    887   745   298125.0608   663   187813.0000   299456.1257   103753   59.44%
    913   771   243223.9750   357   187813.0000   299456.1257   109375   59.44%

Performing restart 1

Repeating presolve.
Tried aggregator 1 time.
MIP Presolve modified 192 coefficients.
Reduced MIP has 4674 rows, 2208 columns, and 23680 nonzeros.
Reduced MIP has 1712 binaries, 496 generals, 0 SOSs, and 0 indicators.
Presolve time = 0.01 sec. (13.73 ticks)
Tried aggregator 1 time.
Reduced MIP has 4674 rows, 2208 columns, and 23680 nonzeros.
Reduced MIP has 1712 binaries, 496 generals, 0 SOSs, and 0 indicators.
Presolve time = 0.01 sec. (16.42 ticks)
Represolve time = 0.03 sec. (48.78 ticks)
    982     0   299977.0000   209   187813.0000     Cuts: 107   115925   59.44%
    982     0   299977.0000   211   187813.0000      Cuts: 81   115934   59.44%
    982     0   299977.0000   213   187813.0000      Cuts: 94   115941   59.44%
    982     0   299977.0000   214   187813.0000     Cuts: 130   115950   59.44%
    982     2   299977.0000   214   187813.0000   299456.1257   115950   59.44%
    983     3   299787.6294   273   187813.0000   299456.1257   117001   59.44%
    985     5   299665.6471   269   187813.0000   299456.1257   117655   59.44%
    986     6   299505.5202   484   187813.0000   299456.1257   118301   59.44%
    987     7   299664.5714   239   187813.0000   299456.1257   118369   59.44%
    989     9   299582.8085   206   187813.0000   299456.1257   119596   59.44%
Elapsed time = 12.76 sec. (28298.38 ticks, tree = 0.09 MB, solutions = 1)
    991    11   299341.4142   232   187813.0000   299456.1257   121376   59.44%
    993    13   298166.2829   311   187813.0000   299456.1257   123040   59.44%
    996    16   297681.0244   259   187813.0000   299456.1257   125088   59.44%
    999    17   297551.6286   264   187813.0000   299456.1257   125682   59.44%
   1001    19   297389.8394   587   187813.0000   299456.1257   127428   59.44%
   1003    21   296922.3237   242   187813.0000   299456.1257   127966   59.44%
   1005    22   296316.2440   494   187813.0000   299456.1257   130045   59.44%
   1009    26   296415.8742   298   187813.0000   299456.1257   130789   59.44%
   1015    30   294885.7029   218   187813.0000   299456.1257   132258   59.44%
   1022    35   294675.9217   170   187813.0000   299456.1257   132651   59.44%
Elapsed time = 17.17 sec. (40688.31 ticks, tree = 0.58 MB, solutions = 1)
   1033    44    infeasible         187813.0000   299456.1257   133146   59.44%
   1039    45   298249.3333   286   187813.0000   299456.1257   134045   59.44%
   1041    47   298128.4545   367   187813.0000   299456.1257   134453   59.44%
   1045    51   297201.6846   269   187813.0000   299456.1257   135756   59.44%
   1048    52   296206.8196   248   187813.0000   299456.1257   139461   59.44%
   1051    55   295968.1320   371   187813.0000   299456.1257   140365   59.44%
   1056    60   295609.4075   392   187813.0000   299456.1257   141154   59.44%
   1064    68   294776.0613   215   187813.0000   299456.1257   142285   59.44%
   1085    81   297904.1133   304   187813.0000   299456.1257   145901   59.44%
   1092    88   296618.6458   320   187813.0000   299456.1257   148118   59.44%
Elapsed time = 21.02 sec. (51624.18 ticks, tree = 2.46 MB, solutions = 1)
   1104    96    infeasible         187813.0000   299456.1257   150730   59.44%
   1116   107   295640.8434   237   187813.0000   299456.1257   153739   59.44%
   1126   112   296795.0755   406   187813.0000   299456.1257   156801   59.44%
   1131   117   295375.0392   307   187813.0000   299456.1257   160195   59.44%
   1138   122   293269.5150   283   187813.0000   299456.1257   163846   59.44%
   1143   123   297910.0000   204   187813.0000   299456.1257   165423   59.44%
   1149   129   295797.5000   175   187813.0000   299456.1257   168543   59.44%
   1156   136   295643.3232   295   187813.0000   299456.1257   170295   59.44%
   1161   141   295517.8810   195   187813.0000   299456.1257   171419   59.44%
   1169   149   293187.3807   210   187813.0000   299456.1257   174542   59.44%
Elapsed time = 24.57 sec. (61829.42 ticks, tree = 4.13 MB, solutions = 1)
   1185   165   292334.9046   221   187813.0000   299456.1257   176608   59.44%
   1190   166   298619.6174   279   187813.0000   299456.1257   178106   59.44%
   1194   170   298425.3726   274   187813.0000   299456.1257   178627   59.44%
   1204   180   296274.9608   271   187813.0000   299456.1257   180683   59.44%
   1220   187   298965.2500   294   187813.0000   299385.5510   184037   59.41%
   1234   201   293929.9073   387   187813.0000   299385.5510   186770   59.41%
   1241   204   298975.5000   277   187813.0000   299379.0357   188820   59.40%
   1251   214   298288.9851   550   187813.0000   299379.0357   190302   59.40%
   1273   230   297058.9264   412   187813.0000   299307.0362   193162   59.36%
   1285   236   298962.7025   289   187813.0000   299306.7956   197692   59.36%
Elapsed time = 27.95 sec. (71929.82 ticks, tree = 7.20 MB, solutions = 1)
   1293   242    infeasible         187813.0000   299306.7956   203459   59.36%
   1304   247   294258.9272   271   187813.0000   299306.7956   209184   59.36%
   1329   266   292991.1703   163   187813.0000   299254.5000   214125   59.34%
   1344   273   297524.2968   212   187813.0000   299100.7381   217783   59.25%
   1358   287   297481.4900   418   187813.0000   299100.7381   219267   59.25%
   1374   303   297088.2326   579   187813.0000   299100.7381   221171   59.25%
   1384   313   296992.4910   501   187813.0000   299100.7381   221956   59.25%
   1413   342   296672.5963   198   187813.0000   299100.7381   224027   59.25%
   1452   381   278510.8370   297   187813.0000   299100.7381   226543   59.25%
   1478   397    infeasible         187813.0000   299089.1919   231316   59.25%
Elapsed time = 31.34 sec. (82112.71 ticks, tree = 12.75 MB, solutions = 1)
   1489   404    infeasible         187813.0000   298975.5000   237253   59.19%
   1510   423   285061.8624   408   187813.0000   298963.8043   240519   59.18%
   1527   437   298189.6119   513   187813.0000   298956.9836   243747   59.18%
   1545   453   296047.7503   287   187813.0000   298956.9836   246969   59.18%
   1560   462   297517.0374   510   187813.0000   298953.0000   251827   59.18%
   1579   481   292636.5256   439   187813.0000   298953.0000   257018   59.18%
   1608   510   290398.3684   430   187813.0000   298953.0000   260926   59.18%
   1667   567   280778.8362   368   187813.0000   298953.0000   265362   59.18%
   1699   594   292065.8293   314   187813.0000   298951.7143   269523   59.18%
   1723   612   297880.0265   629   187813.0000   298931.4767   273815   59.16%
Elapsed time = 34.57 sec. (92033.25 ticks, tree = 21.01 MB, solutions = 1)
   1742   627  -1.00000e+75   299   187813.0000   298931.4767   277658   59.16%
   1760   639   295412.5356   239   187813.0000   298925.0102   282151   59.16%
   1782   657   297352.1566   468   187813.0000   298913.0000   286349   59.15%
   1810   679    infeasible         187813.0000   298913.0000   290904   59.15%
   1829   696    infeasible         187813.0000   298910.8000   294949   59.15%
   1846   707   296130.7117   385   187813.0000   298883.3333   299591   59.14%
   1890   743   298480.6328   486   187813.0000   298806.0429   304794   59.10%
   1902   755   295206.3015   288   187813.0000   298806.0429   307575   59.10%
   1930   779   295785.3123   287   187813.0000   298800.7059   311664   59.09%
   2018   846   295476.9080   327   187813.0000   298753.1667   330698   59.07%
Elapsed time = 39.01 sec. (104853.11 ticks, tree = 30.25 MB, solutions = 1)
   2137   949   295135.3780   295   187813.0000   298740.5214   346194   59.06%
   2230  1033   292670.3172   326   187813.0000   298737.5000   359367   59.06%
   2351  1130   287879.6433   428   187813.0000   298715.1364   379704   59.05%
   2486  1237   297864.5000   421   187813.0000   298665.5305   399800   59.02%
   2597  1330   298120.1851   348   187813.0000   298653.9926   419501   59.02%
   2696  1407   293604.9758   470   187813.0000   298607.1764   439671   58.99%
   2792  1491    infeasible         187813.0000   298569.4034   455999   58.97%
   2901  1580   292643.3696   289   187813.0000   298556.9281   475226   58.96%
   2993  1652   296751.0160   305   187813.0000   298551.7935   494429   58.96%
   3116  1767   294756.0910   303   187813.0000   298543.0800   513093   58.96%
Elapsed time = 54.20 sec. (143506.45 ticks, tree = 59.92 MB, solutions = 1)
   3214  1846   297575.7732   342   187813.0000   298505.0357   532070   58.94%
   3329  1957   290949.9266   331   187813.0000   298503.3333   551867   58.94%
   3466  2078   293164.5211   434   187813.0000   298502.4167   568807   58.94%
   3552  2142    infeasible         187813.0000   298499.7892   589773   58.93%
   3664  2238   294443.5319   308   187813.0000   298489.5311   609521   58.93%
   3798  2352   294710.7548   383   187813.0000   298479.6859   626882   58.92%
   3890  2425   296605.7640   478   187813.0000   298466.2238   646137   58.92%
   4004  2519   297348.2925   211   187813.0000   298460.3205   665687   58.91%
   4152  2647   298361.7071   777   187813.0000   298455.8846   681640   58.91%

GUB cover cuts applied:  1
Clique cuts applied:  6
Cover cuts applied:  9
Implied bound cuts applied:  121
Mixed integer rounding cuts applied:  200
Zero-half cuts applied:  68
Lift and project cuts applied:  1
Gomory fractional cuts applied:  4

Root node processing (before b&c):
  Real time             =    0.51 sec. (1188.92 ticks)
Sequential b&c:
  Real time             =   66.49 sec. (178484.31 ticks)
                          ------------
Total (root+branch&cut) =   67.00 sec. (179673.23 ticks)
[CPLEX] Status: time limit exceeded
[CPLEX] OPTIMAL OBJ: 187813.0
[CPLEX] Runtime: 67.010 sec
Vehicle 0: d → 3 → 7 → 21 → 14 → 9 → 28 → 4 → 19 → 23 → 25 → 6 → 12 → 20 → 18 → d, (requests = [0, 1, 3, 13, 17, 27, 30, 36])
Vehicle 1: d → 12 → 0 → 15 → 29 → 25 → 13 → 26 → 19 → 4 → 24 → 9 → 14 → 21 → 7 → 10 → 27 → 22 → 2 → 5 → d, (requests = [6, 7, 11, 16, 20, 23, 32, 37])
Vehicle 2: d → 2 → 22 → 27 → 7 → 8 → 21 → 14 → 28 → 24 → 4 → 19 → 26 → 13 → 25 → 15 → 11 → d, (requests = [2, 8, 14, 19, 25, 28, 40])
Vehicle 3: d → 5 → 1 → 22 → 27 → 10 → 7 → 17 → d, (requests = [10, 21, 24])
Vehicle 4: d → 29 → 11 → 0 → 12 → 20 → d, (requests = [4, 18])
Vehicle 5: d → 16 → 30 → 20 → 12 → 6 → 25 → 23 → 26 → 19 → 4 → 28 → 14 → 21 → 8 → 17 → d, (requests = [5, 12, 22, 29, 35])
Vehicle 6: d, (requests = [])
Vehicle 7: d, (requests = [])
======== PPDSP OBJECTIVE ========
Profit    = 227380
Cost      = 39567
Objective = 187813
=================================
===== RAW XY MODEL =====
104 148 205 246 317 405 458 608 632 659 687 762 807 901 996 1040 1094 1177 1216 1259 1327 1372 1409 1467 1494 1534 1637 1704 1731 1802 1838 1876 1911 1978 2029 2283 2344 2429 2474 2580 2638 2673 2688 2831 2883 2928 2969 3012 3042 3068 3117 3191 3370 3477 3557 3643 3891 4047 4190 4313 4457 4797 4849 5116 5384 5466 5742 5803 5859 5976 6055 6128 6161 6198 6238 6266 6348 6409 6437 6496 6566 6594 2049 2051 3223 2055 5473 6615 2188 2190 3229 4350 3296 6622 3301 3306 3311 3313 5487 4427 4430 4436 6632 4442 5559 5563 5571 5578 6639 6703 6716 6738 7862 7870 7892
  [Time Manager] Step 46 consumed 67.01s. Total Consumed: 2652.05s.
  [Info] Saved 8969 core assumption literals to p1_A-n32-k5_r42v8k3.lp.asm

[47/60] Building & Solving: R=43, V=8, K=3
Default row names c1, c2 ... being created.
  [Info] Generating MIP Formulation...
  [Time Manager] Global Remaining Budget: 947.95s | Future Weight Sum: 14.0
  [Time Manager] Recalibrated Budget for this step: 67.71s
[CPLEX] Setting time limit to 67 seconds
[CPLEX] Reading assumption from p1_A-n32-k5_r42v8k3.lp.asm ...
[CPLEX] Applying MIP Start with 8528 variables.
Version identifier: 22.1.1.0 | 2022-11-28 | 9160aff4d
CPXPARAM_Read_DataCheck                          1
CPXPARAM_Threads                                 1
CPXPARAM_TimeLimit                               67
1 of 1 MIP starts provided solutions.
MIP start 'm1' defined initial solution with objective 187813.0000.
Tried aggregator 1 time.
MIP Presolve eliminated 24 rows and 6824 columns.
MIP Presolve modified 4548 coefficients.
Reduced MIP has 4699 rows, 2216 columns, and 23944 nonzeros.
Reduced MIP has 1720 binaries, 496 generals, 0 SOSs, and 0 indicators.
Presolve time = 0.01 sec. (14.31 ticks)
Probing time = 0.00 sec. (2.98 ticks)
Tried aggregator 1 time.
Detecting symmetries...
Reduced MIP has 4699 rows, 2216 columns, and 23944 nonzeros.
Reduced MIP has 1720 binaries, 496 generals, 0 SOSs, and 0 indicators.
Presolve time = 0.01 sec. (15.83 ticks)
Probing time = 0.00 sec. (2.87 ticks)
Clique table members: 907.
MIP emphasis: balance optimality and feasibility.
MIP search method: dynamic search.
Parallel mode: none, using 1 thread.
Root relaxation solution time = 0.02 sec. (35.20 ticks)

        Nodes                                         Cuts/
   Node  Left     Objective  IInf  Best Integer    Best Bound    ItCnt     Gap

*     0+    0                       187813.0000  2508848.0000              --- 
      0     0   307118.0000   155   187813.0000   307118.0000     1018   63.52%
      0     0   307087.8529   223   187813.0000     Cuts: 215     1220   63.51%
      0     0   307037.0735   222   187813.0000      Cuts: 70     1269   63.48%
      0     0   306873.3474   214   187813.0000      Cuts: 38     1563   63.39%
      0     0   306758.0000   205   187813.0000     Cuts: 155     1777   63.33%
      0     0   306398.0000   179   187813.0000      Cuts: 35     1920   63.14%
      0     0   306398.0000   210   187813.0000     Cuts: 154     1954   63.14%
      0     0   306398.0000   179   187813.0000  ZeroHalf: 53     1975   63.14%
      0     0   306398.0000   210   187813.0000     Cuts: 150     2008   63.14%
      0     2   306398.0000   210   187813.0000   306398.0000     2008   63.14%
Elapsed time = 0.51 sec. (1288.90 ticks, tree = 0.01 MB, solutions = 1)
      3     5   305763.4167   200   187813.0000   306243.9527     3877   63.06%
      8    10   305187.0169   207   187813.0000   306243.9527     5911   63.06%
     12    14   304598.7917   194   187813.0000   306243.9527     7476   63.06%
     17    19   303809.7771   247   187813.0000   306243.9527     9496   63.06%
     23    25   302986.4153   212   187813.0000   306243.9527    11369   63.06%
     44    46   301901.1772   193   187813.0000   306243.9527    13099   63.06%
     97    93   306197.6445   415   187813.0000   306214.1970    15151   63.04%
    101    97   306136.0322   481   187813.0000   306214.1970    16283   63.04%
    104   100   306116.0363   489   187813.0000   306214.1970    17837   63.04%
    143   130   298691.6942   271   187813.0000   306214.1970    23224   63.04%
Elapsed time = 1.87 sec. (4817.65 ticks, tree = 4.62 MB, solutions = 1)
    212   184   306157.8149   124   187813.0000   306160.2027    28612   63.01%
    279   239   305406.2581   240   187813.0000   306156.7941    34094   63.01%
    313   268   303024.3311   211   187813.0000   306156.7941    39426   63.01%
    370   312   304970.8175   271   187813.0000   306134.6555    44377   63.00%
    453   377   302673.6632   222   187813.0000   306115.7063    49853   62.99%
    543   438   305243.4517   252   187813.0000   306094.0800    55732   62.98%
    600   492    infeasible         187813.0000   306094.0800    61308   62.98%
    652   530   305259.6136   364   187813.0000   305919.9007    66766   62.89%
    715   583   304813.0311   278   187813.0000   305890.2436    72894   62.87%
    809   660    infeasible         187813.0000   305853.9729    78826   62.85%
Elapsed time = 5.14 sec. (14499.51 ticks, tree = 27.01 MB, solutions = 1)
    914   743   304859.1027   353   187813.0000   305829.3994    84998   62.84%
    939   768   281743.6377   446   187813.0000   305829.3994    90397   62.84%

Performing restart 1

Repeating presolve.
Tried aggregator 1 time.
MIP Presolve modified 192 coefficients.
Reduced MIP has 4699 rows, 2216 columns, and 23944 nonzeros.
Reduced MIP has 1720 binaries, 496 generals, 0 SOSs, and 0 indicators.
Presolve time = 0.01 sec. (13.93 ticks)
Tried aggregator 1 time.
Reduced MIP has 4699 rows, 2216 columns, and 23944 nonzeros.
Reduced MIP has 1720 binaries, 496 generals, 0 SOSs, and 0 indicators.
Presolve time = 0.01 sec. (16.63 ticks)
Represolve time = 0.02 sec. (44.56 ticks)
    968     0   306343.5350   358   187813.0000      Cuts: 56    95514   62.84%
    968     0   306301.6521   366   187813.0000     Cuts: 197    95634   62.84%
    968     0   306173.4527   289   187813.0000     Cuts: 138    96177   62.84%
    968     0   306037.0798   291   187813.0000     Cuts: 259    96553   62.84%
    968     0   305977.9313   303   187813.0000     Cuts: 144    96818   62.84%
    968     0   305821.2622   233   187813.0000     Cuts: 115    98127   62.83%
    968     0   305797.3258   319   187813.0000     Cuts: 178    98534   62.82%
    968     0   305675.0000   204   187813.0000     Cuts: 133    98768   62.75%
    968     0   305675.0000   193   187813.0000     Cuts: 194    98801   62.75%
    968     0   305675.0000   211   187813.0000     Cuts: 148    98850   62.75%
    968     0   305675.0000   198   187813.0000     Cuts: 118    98859   62.75%
    968     0   305669.9373   266   187813.0000  ZeroHalf: 55    99048   62.75%
    968     2   305669.9373   266   187813.0000   305669.5941    99048   62.75%
    970     4   305634.0054   419   187813.0000   305632.9086    99678   62.73%
    971     5   305589.3062   393   187813.0000   305626.2462    99955   62.73%
    972     6   305544.5000   239   187813.0000   305626.2462   100401   62.73%
    974     8   305511.6129   387   187813.0000   305626.2462   102227   62.73%
    975     9   305475.0000   222   187813.0000   305626.2462   102496   62.73%
    977    11   303977.1883   247   187813.0000   305626.2462   105083   62.73%
    978    12   303892.5786   255   187813.0000   305626.2462   106074   62.73%
Elapsed time = 12.80 sec. (31618.64 ticks, tree = 0.10 MB, solutions = 1)
    980    14   303788.9838   231   187813.0000   305626.2462   107632   62.73%
    981    15   302437.2696   409   187813.0000   305626.2462   110058   62.73%
    983    17   303749.9445   410   187813.0000   305626.2462   112496   62.73%
    985    19   303749.9445   409   187813.0000   305626.2462   113019   62.73%
    988    21   303286.4281   187   187813.0000   305626.2462   115055   62.73%
    990    23   303180.9876   265   187813.0000   305626.2462   118027   62.73%
    992    25   303079.9468   335   187813.0000   305626.2462   121557   62.73%
    994    26   302193.3595   238   187813.0000   305626.2462   124923   62.73%
    998    30   301401.9486   184   187813.0000   305626.2462   126630   62.73%
   1000    32   301408.3282   346   187813.0000   305626.2462   126816   62.73%
Elapsed time = 17.99 sec. (46026.71 ticks, tree = 0.37 MB, solutions = 1)
   1001    33   301331.7495   344   187813.0000   305626.2462   127034   62.73%
   1004    36   301319.0976   335   187813.0000   305626.2462   127183   62.73%
   1006    38   300724.8884   154   187813.0000   305626.2462   127908   62.73%
   1010    42   301302.9597   301   187813.0000   305626.2462   128662   62.73%
   1015    46   301230.3246   234   187813.0000   305626.2462   129132   62.73%
   1018    47   300149.7065   265   187813.0000   305626.2462   131273   62.73%
   1021    50   298698.1291   251   187813.0000   305626.2462   133922   62.73%
   1026    51   304975.2672   101   187813.0000   305588.4010   136910   62.71%
   1028    53   304789.7076   304   187813.0000   305588.4010   137548   62.71%
   1030    55   304755.3903   294   187813.0000   305588.4010   140344   62.71%
Elapsed time = 22.45 sec. (57826.44 ticks, tree = 0.82 MB, solutions = 1)
   1032    57   304642.8848   275   187813.0000   305588.4010   140657   62.71%
   1035    60   303919.6137   289   187813.0000   305588.4010   142111   62.71%
   1040    59   305370.6429   244   187813.0000   305563.4521   147096   62.70%
   1043    62   305246.0164   382   187813.0000   305563.4521   148329   62.70%
   1049    68   304609.6190   328   187813.0000   305563.4521   149907   62.70%
   1053    72   304288.7379   428   187813.0000   305563.4521   151259   62.70%
   1063    82   303090.3514   397   187813.0000   305563.4521   152741   62.70%
   1075    92   301607.3025   322   187813.0000   305563.4521   154436   62.70%
   1091   108   300118.5938   370   187813.0000   305563.4521   157367   62.70%
   1098   115   299790.1816   445   187813.0000   305563.4521   158501   62.70%
Elapsed time = 26.16 sec. (68858.09 ticks, tree = 3.34 MB, solutions = 1)
   1104   121   299404.2443   465   187813.0000   305563.4521   159470   62.70%
   1107   124   298961.0688   440   187813.0000   305563.4521   160042   62.70%
   1118   135   298320.4980   346   187813.0000   305563.4521   161570   62.70%
   1129   145   295309.5898   385   187813.0000   305563.4521   163308   62.70%
   1143   159   294530.3158   377   187813.0000   305563.4521   164435   62.70%
   1157   173   293139.7761   365   187813.0000   305563.4521   165418   62.70%
   1188   200   303721.2035   258   187813.0000   305538.5000   169216   62.68%
   1205   217   303243.8326   375   187813.0000   305538.5000   171340   62.68%
   1208   220   303231.4211   488   187813.0000   305538.5000   171800   62.68%
   1212   224   303220.1382   569   187813.0000   305538.5000   172209   62.68%
Elapsed time = 30.09 sec. (79887.53 ticks, tree = 7.05 MB, solutions = 1)
   1222   234   302838.0089   401   187813.0000   305538.5000   174128   62.68%
   1232   240   305092.8498   356   187813.0000   305508.6297   178271   62.67%
   1246   254   303667.4476   311   187813.0000   305508.6297   181383   62.67%
   1250   258   303098.0650   402   187813.0000   305508.6297   182491   62.67%
   1253   261   302903.9975   457   187813.0000   305508.6297   183097   62.67%
   1258   266   301976.1997   399   187813.0000   305508.6297   185166   62.67%
   1267   274   300158.8279   428   187813.0000   305508.6297   187041   62.67%
   1273   280   299699.5020   415   187813.0000   305508.6297   187906   62.67%
   1289   296   298681.5581   420   187813.0000   305508.6297   190313   62.67%
   1303   310   297972.1802   275   187813.0000   305508.6297   191684   62.67%
Elapsed time = 34.09 sec. (90939.67 ticks, tree = 10.28 MB, solutions = 1)
   1319   326   296775.5802   459   187813.0000   305508.6297   193690   62.67%
   1334   341   295783.7375   350   187813.0000   305508.6297   195519   62.67%
   1357   364   294248.0874   350   187813.0000   305508.6297   197605   62.67%
   1371   378   268899.4672   361   187813.0000   305508.6297   199618   62.67%
   1410   417   255722.8312   314   187813.0000   305508.6297   202211   62.67%
   1425   428   302619.3888   445   187813.0000   305432.8824   204911   62.63%
   1439   442   298701.6391   322   187813.0000   305432.8824   209358   62.63%
   1448   447   305300.1818   352   187813.0000   305432.5775   210800   62.63%
   1462   461   303941.8227   547   187813.0000   305432.5775   214375   62.63%
   1475   474   303607.8293   382   187813.0000   305432.5775   216968   62.63%
Elapsed time = 37.97 sec. (101267.39 ticks, tree = 17.29 MB, solutions = 1)
   1489   488   303294.4383   470   187813.0000   305432.5775   219549   62.63%
   1502   500   290183.0299   295   187813.0000   305432.5775   222958   62.63%
   1526   522   275807.0586   398   187813.0000   305432.5775   227612   62.63%
   1542   537   266540.0121   430   187813.0000   305432.5775   230086   62.63%
   1579   568   304808.4500   514   187813.0000   305370.5164   233408   62.59%
   1602   591   303698.5940   443   187813.0000   305370.5164   237730   62.59%
   1628   617   295364.6108   268   187813.0000   305370.5164   241994   62.59%
   1664   647   305018.8695   232   187813.0000   305328.6667   245838   62.57%
   1681   662   300706.1682   310   187813.0000   305328.6667   250499   62.57%
   1747   717   305242.5153   395   187813.0000   305297.9286   269211   62.55%
Elapsed time = 42.88 sec. (114647.86 ticks, tree = 24.36 MB, solutions = 1)
   1822   785   300949.2934   456   187813.0000   305297.0000   283710   62.55%
   1927   883   301799.3741   316   187813.0000   305291.8786   299294   62.55%
   2008   956   301623.5273   392   187813.0000   305257.4441   318067   62.53%
   2138  1074   301194.3937   273   187813.0000   305245.7170   336756   62.53%
   2213  1138   302025.4067   279   187813.0000   305236.9338   355251   62.52%
   2264  1183   293519.8725   318   187813.0000   305228.0071   373084   62.52%
   2398  1301   304014.9689   505   187813.0000   305159.4855   392454   62.48%
   2474  1367   300530.6259   433   187813.0000   305133.0748   412090   62.47%
   2566  1446   304665.2359   252   187813.0000   305128.6299   431434   62.46%
   2626  1493   304429.1569   330   187813.0000   305128.0540   450210   62.46%
Elapsed time = 57.71 sec. (153423.01 ticks, tree = 55.89 MB, solutions = 1)
   2711  1570   303455.8079   231   187813.0000   305121.2768   469819   62.46%
   2794  1642   302821.4706   372   187813.0000   305114.7790   489550   62.46%
   2903  1736   304810.7609   254   187813.0000   305111.4246   507895   62.45%
   3022  1839   298296.7732   289   187813.0000   305101.1913   527966   62.45%
   3098  1902   303582.4993   422   187813.0000   305095.3571   547872   62.45%
   3174  1962   303403.0542   362   187813.0000   305074.8750   567483   62.44%

GUB cover cuts applied:  4
Clique cuts applied:  4
Cover cuts applied:  10
Implied bound cuts applied:  73
Flow cuts applied:  11
Mixed integer rounding cuts applied:  200
Zero-half cuts applied:  364
Gomory fractional cuts applied:  9

Root node processing (before b&c):
  Real time             =    0.51 sec. (1285.78 ticks)
Sequential b&c:
  Real time             =   66.49 sec. (178691.01 ticks)
                          ------------
Total (root+branch&cut) =   67.00 sec. (179976.79 ticks)
[CPLEX] Status: time limit exceeded
[CPLEX] OPTIMAL OBJ: 187813.0
[CPLEX] Runtime: 67.011 sec
Vehicle 0: d → 3 → 7 → 21 → 14 → 9 → 28 → 4 → 19 → 23 → 25 → 6 → 12 → 20 → 18 → d, (requests = [0, 1, 3, 13, 17, 27, 30, 36])
Vehicle 1: d → 12 → 0 → 15 → 29 → 25 → 13 → 26 → 19 → 4 → 24 → 9 → 14 → 21 → 7 → 10 → 27 → 22 → 2 → 5 → d, (requests = [6, 7, 11, 16, 20, 23, 32, 37])
Vehicle 2: d → 2 → 22 → 27 → 7 → 8 → 21 → 14 → 28 → 24 → 4 → 19 → 26 → 13 → 25 → 15 → 11 → d, (requests = [2, 8, 14, 19, 25, 28, 40])
Vehicle 3: d → 5 → 1 → 22 → 27 → 10 → 7 → 17 → d, (requests = [10, 21, 24])
Vehicle 4: d → 29 → 11 → 0 → 12 → 20 → d, (requests = [4, 18])
Vehicle 5: d → 16 → 30 → 20 → 12 → 6 → 25 → 23 → 26 → 19 → 4 → 28 → 14 → 21 → 8 → 17 → d, (requests = [5, 12, 22, 29, 35])
Vehicle 6: d, (requests = [])
Vehicle 7: d, (requests = [])
======== PPDSP OBJECTIVE ========
Profit    = 227380
Cost      = 39567
Objective = 187813
=================================
===== RAW XY MODEL =====
104 148 205 246 317 405 458 608 632 659 687 762 807 901 996 1040 1094 1177 1216 1259 1327 1372 1409 1467 1494 1534 1637 1704 1731 1802 1838 1876 1911 1978 2029 2283 2344 2429 2474 2580 2638 2673 2688 2831 2883 2928 2969 3012 3042 3068 3117 3191 3370 3477 3557 3643 3891 4047 4190 4313 4457 4797 4849 5116 5384 5466 5742 5803 5859 5976 6055 6128 6161 6198 6238 6266 6348 6409 6437 6496 6566 6594 2049 2051 3223 2055 5473 6615 2188 2190 3229 4350 3296 6622 3301 3306 3311 3313 5487 4427 4430 4436 6632 4442 5559 5563 5571 5578 6639 6703 6716 6738 7862 7870 7892
  [Time Manager] Step 47 consumed 67.01s. Total Consumed: 2719.06s.
  [Info] Saved 9040 core assumption literals to p1_A-n32-k5_r43v8k3.lp.asm

[48/60] Building & Solving: R=44, V=8, K=3
Default row names c1, c2 ... being created.
  [Info] Generating MIP Formulation...
  [Time Manager] Global Remaining Budget: 880.94s | Future Weight Sum: 13.0
  [Time Manager] Recalibrated Budget for this step: 67.76s
[CPLEX] Setting time limit to 67 seconds
[CPLEX] Reading assumption from p1_A-n32-k5_r43v8k3.lp.asm ...
[CPLEX] Applying MIP Start with 8536 variables.
Version identifier: 22.1.1.0 | 2022-11-28 | 9160aff4d
CPXPARAM_Read_DataCheck                          1
CPXPARAM_Threads                                 1
CPXPARAM_TimeLimit                               67
1 of 1 MIP starts provided solutions.
MIP start 'm1' defined initial solution with objective 187813.0000.
Tried aggregator 1 time.
MIP Presolve eliminated 24 rows and 6824 columns.
MIP Presolve modified 4548 coefficients.
Reduced MIP has 4724 rows, 2224 columns, and 24248 nonzeros.
Reduced MIP has 1728 binaries, 496 generals, 0 SOSs, and 0 indicators.
Presolve time = 0.01 sec. (14.44 ticks)
Probing time = 0.00 sec. (2.99 ticks)
Tried aggregator 1 time.
Detecting symmetries...
Reduced MIP has 4724 rows, 2224 columns, and 24248 nonzeros.
Reduced MIP has 1728 binaries, 496 generals, 0 SOSs, and 0 indicators.
Presolve time = 0.01 sec. (15.99 ticks)
Probing time = 0.00 sec. (2.87 ticks)
Clique table members: 908.
MIP emphasis: balance optimality and feasibility.
MIP search method: dynamic search.
Parallel mode: none, using 1 thread.
Root relaxation solution time = 0.02 sec. (35.04 ticks)

        Nodes                                         Cuts/
   Node  Left     Objective  IInf  Best Integer    Best Bound    ItCnt     Gap

*     0+    0                       187813.0000  2561184.0000              --- 
      0     0   313660.0000   158   187813.0000   313660.0000      979   67.01%
      0     0   313657.1579   222   187813.0000     Cuts: 214     1098   67.01%
      0     0   313583.3573   229   187813.0000      Cuts: 64     1272   66.97%
      0     0   313547.9501   224   187813.0000      Cuts: 86     1363   66.95%
      0     0   313384.9821   351   187813.0000      Cuts: 64     1747   66.86%
      0     0   313280.7500   398   187813.0000     Cuts: 145     1788   66.80%
      0     0   313063.5000   231   187813.0000     Cuts: 175     1914   66.69%
      0     0   313063.5000   233   187813.0000      Cuts: 18     1935   66.69%
      0     2   313063.5000   233   187813.0000   313063.4569     1935   66.69%
Elapsed time = 0.36 sec. (835.91 ticks, tree = 0.01 MB, solutions = 1)
      5     7   312716.1292   354   187813.0000   313019.7271     4461   66.67%
      7     9   312704.6212   450   187813.0000   313019.7271     6623   66.67%
      8    10   311945.3632   332   187813.0000   313019.7271     8383   66.67%
     12    14   312310.1825   284   187813.0000   313019.7271    10425   66.67%
     21    22   311859.7473   288   187813.0000   313019.7271    11809   66.67%
     37    36   307634.5684    97   187813.0000   313019.7271    14081   66.67%
     42    37   312775.6560   357   187813.0000   313019.7271    15838   66.67%
     47    42   312674.2159   409   187813.0000   313019.7271    17930   66.67%
     52    47   312183.8353   245   187813.0000   313019.7271    18621   66.67%
     98    83   312958.9009   374   187813.0000   313000.3732    24292   66.66%
Elapsed time = 1.76 sec. (4330.03 ticks, tree = 1.70 MB, solutions = 1)
    147   125   312488.1729   358   187813.0000   312994.8508    27763   66.65%
    236   204   306060.2049   171   187813.0000   312957.3449    34029   66.63%
    280   236   312508.4708   271   187813.0000   312829.7378    39659   66.56%
    356   307   310950.3075   256   187813.0000   312775.6560    45205   66.54%
    438   376   312015.8930   367   187813.0000   312726.2983    50759   66.51%
    498   424   311809.6808   515   187813.0000   312724.4112    55149   66.51%
    524   444   311094.0416   285   187813.0000   312716.8370    60885   66.50%
    626   534   311786.7934   124   187813.0000   312709.7160    66985   66.50%
    696   595   312083.5125   247   187813.0000   312689.2831    72611   66.49%
    748   638   305655.1950   201   187813.0000   312686.5976    77887   66.49%
Elapsed time = 5.32 sec. (14150.48 ticks, tree = 12.43 MB, solutions = 1)
    811   692   301079.9647   294   187813.0000   312674.1367    83891   66.48%
    880   761   282286.0659   297   187813.0000   312674.1367    89930   66.48%

Performing restart 1

Repeating presolve.
Tried aggregator 1 time.
MIP Presolve modified 192 coefficients.
Reduced MIP has 4724 rows, 2224 columns, and 24248 nonzeros.
Reduced MIP has 1728 binaries, 496 generals, 0 SOSs, and 0 indicators.
Presolve time = 0.01 sec. (14.10 ticks)
Tried aggregator 1 time.
Reduced MIP has 4724 rows, 2224 columns, and 24248 nonzeros.
Reduced MIP has 1728 binaries, 496 generals, 0 SOSs, and 0 indicators.
Presolve time = 0.01 sec. (16.81 ticks)
Represolve time = 0.02 sec. (45.83 ticks)
    954     0   312947.5000   334   187813.0000      Cuts: 20    93814   66.48%
    954     0   312943.8462   349   187813.0000      Cuts: 90    93884   66.48%
    954     0   312943.8333   446   187813.0000      Cuts: 43    93923   66.48%
    954     0   312942.3571   347   187813.0000      Cuts: 55    93997   66.48%
    954     0   312940.0000   220   187813.0000      Cuts: 14    94073   66.48%
    954     0   312937.4641   368   187813.0000     Cuts: 145    94338   66.48%
    954     0   312922.7816   378   187813.0000     Cuts: 150    94615   66.48%
    954     2   312922.7816   367   187813.0000   312674.1367    94615   66.48%
    955     3   312876.3859   364   187813.0000   312674.1367    95587   66.48%
    957     5   311618.2529   395   187813.0000   312674.1367    96914   66.48%
    958     6   311491.9141   465   187813.0000   312674.1367    97253   66.48%
    960     8   311573.3874   298   187813.0000   312674.1367    99189   66.48%
    962    10   310947.4771   240   187813.0000   312674.1367   102210   66.48%
    964    12   310895.5287   349   187813.0000   312674.1367   104090   66.48%
    967    15   310486.2996   334   187813.0000   312674.1367   105949   66.48%
Elapsed time = 13.55 sec. (32533.33 ticks, tree = 0.10 MB, solutions = 1)
    970    18   310356.4974   427   187813.0000   312674.1367   107935   66.48%
    975    21   309403.6160   323   187813.0000   312674.1367   110264   66.48%
    982    26   309044.9634   336   187813.0000   312674.1367   113355   66.48%
    988    28   312873.3599   230   187813.0000   312674.1367   116347   66.48%
    991    31   312514.8087   252   187813.0000   312674.1367   118695   66.48%
    995    33   311935.5616   240   187813.0000   312674.1367   120725   66.48%
    999    35   310392.4446   237   187813.0000   312674.1367   123137   66.48%
   1002    38   309818.2595   226   187813.0000   312674.1367   123829   66.48%
   1006    42   309022.8123   272   187813.0000   312674.1367   128201   66.48%
   1011    47   308795.8429   276   187813.0000   312674.1367   132021   66.48%
Elapsed time = 17.70 sec. (44276.61 ticks, tree = 0.63 MB, solutions = 1)
   1024    60   305066.3424   223   187813.0000   312674.1367   134049   66.48%
   1035    65   311258.4677   269   187813.0000   312674.1367   136829   66.48%
   1047    72   312077.3425   131   187813.0000   312674.1367   139990   66.48%
   1059    84   308904.7996   211   187813.0000   312674.1367   142039   66.48%
   1066    87   312559.7440   242   187813.0000   312674.1367   143198   66.48%
   1074    95   311034.3333   252   187813.0000   312674.1367   144674   66.48%
   1079   100   310813.0882   307   187813.0000   312674.1367   145367   66.48%
   1088   108   308328.8591   322   187813.0000   312674.1367   146226   66.48%
   1094   114   308193.9314   323   187813.0000   312674.1367   146731   66.48%
   1102   122   307313.8004   319   187813.0000   312674.1367   147501   66.48%
Elapsed time = 21.51 sec. (54732.78 ticks, tree = 1.56 MB, solutions = 1)
   1123   139   305997.4074   324   187813.0000   312674.1367   149205   66.48%
   1128   140   311828.8713   269   187813.0000   312570.7142   151978   66.43%
   1133   145   311494.8426   344   187813.0000   312570.7142   152940   66.43%
   1143   155   309619.0615   268   187813.0000   312570.7142   156200   66.43%
   1148   156   311707.2500   243   187813.0000   312558.6100   158998   66.42%
   1162   169   307177.2892   271   187813.0000   312558.6100   161756   66.42%
   1182   185    infeasible         187813.0000   312558.6100   165069   66.42%
   1192   191   309452.6834   266   187813.0000   312552.4491   167434   66.42%
   1215   214   307410.4539   300   187813.0000   312552.4491   170395   66.42%
   1223   218   311774.6072   525   187813.0000   312552.1562   172573   66.42%
Elapsed time = 25.31 sec. (65050.11 ticks, tree = 2.52 MB, solutions = 1)
   1229   224   311690.2401   446   187813.0000   312552.1562   173587   66.42%
   1232   227   311688.1781   442   187813.0000   312552.1562   173794   66.42%
   1243   238   310890.0854   373   187813.0000   312552.1562   175841   66.42%
   1267   262   310355.4726   339   187813.0000   312552.1562   177409   66.42%
   1281   271   311749.6948   215   187813.0000   312434.1102   181689   66.35%
   1298   282   311620.5854   312   187813.0000   312392.8335   185102   66.33%
   1321   302   311932.7431   347   187813.0000   312390.7083   188756   66.33%
   1336   311   311420.7550   472   187813.0000   312388.5984   193896   66.33%
   1354   325   311459.0217   321   187813.0000   312377.4209   198414   66.32%
   1391   361   307969.2465   285   187813.0000   312377.4209   200819   66.32%
Elapsed time = 29.21 sec. (76207.55 ticks, tree = 5.89 MB, solutions = 1)
   1421   377    infeasible         187813.0000   312342.5964   204917   66.31%
   1436   390    infeasible         187813.0000   312295.0000   209860   66.28%
   1464   412   311521.1701   412   187813.0000   312295.0000   213344   66.28%
   1505   451   308668.3258   244   187813.0000   312295.0000   218240   66.28%
   1514   456   311427.0000   204   187813.0000   312294.9642   222109   66.28%
   1542   475   309757.5000   313   187813.0000   312259.4182   225660   66.26%
   1571   504   302504.5007   287   187813.0000   312259.4182   229611   66.26%
   1590   515   311437.5083   500   187813.0000   312252.4225   234708   66.26%
   1611   536   306716.5556   496   187813.0000   312252.4225   239611   66.26%
   1629   554   300698.3801   315   187813.0000   312252.4225   244123   66.26%
Elapsed time = 32.87 sec. (86533.48 ticks, tree = 10.30 MB, solutions = 1)
   1648   569    infeasible         187813.0000   312252.4225   248691   66.26%
   1667   582    infeasible         187813.0000   312217.0000   253883   66.24%
   1686   599   311941.6901   704   187813.0000   312209.6190   256309   66.23%
   1729   642   311546.3689   232   187813.0000   312209.6190   259972   66.23%
   1764   669   306754.4974   346   187813.0000   312209.6190   262439   66.23%
   1798   696   311483.3299   368   187813.0000   312169.1721   265851   66.21%
   1856   754   306595.5970   219   187813.0000   312169.1721   270956   66.21%
   1906   800   307939.1042   291   187813.0000   312130.6663   275661   66.19%
   1938   832   302911.7459   404   187813.0000   312130.6663   280076   66.19%
   1977   867   308994.8750   228   187813.0000   312124.6509   284039   66.19%
Elapsed time = 36.29 sec. (96286.05 ticks, tree = 21.99 MB, solutions = 1)
   1987   873   308113.9279   492   187813.0000   312092.0793   288128   66.17%
   2007   893   306103.1352   243   187813.0000   312092.0793   292162   66.17%
   2050   929   311163.0962   210   187813.0000   312077.3425   295866   66.16%
   2096   975   310318.1017   526   187813.0000   312077.3425   298756   66.16%
   2119   998   306543.9828   314   187813.0000   312077.3425   301185   66.16%
   2143  1016   311486.6798   341   187813.0000   312059.7953   303990   66.15%
   2162  1031        cutoff         187813.0000   312059.7953   310797   66.15%
   2174  1043   307265.8466   315   187813.0000   312041.4991   314652   66.14%
   2191  1059   304586.0067   303   187813.0000   312041.4991   317441   66.14%
   2292  1148   305888.9086   401   187813.0000   312032.5173   335622   66.14%
Elapsed time = 40.93 sec. (109369.92 ticks, tree = 32.58 MB, solutions = 1)
   2386  1228    infeasible         187813.0000   312009.3437   351788   66.13%
   2493  1334   299480.8209   498   187813.0000   312008.8497   367758   66.13%
   2646  1483   302932.9873   420   187813.0000   312007.3761   384946   66.13%
   2797  1626   308039.0729   218   187813.0000   311994.1364   402473   66.12%
   2893  1712   303698.3743   311   187813.0000   311986.5847   422229   66.12%
   3052  1858   309414.2291   448   187813.0000   311986.1958   442591   66.12%
   3230  2022   309830.6083   253   187813.0000   311985.5560   462564   66.11%
   3327  2109    infeasible         187813.0000   311984.5236   480875   66.11%
   3447  2215   310787.9425   435   187813.0000   311968.6313   499214   66.11%
   3573  2333   310607.4853   345   187813.0000   311948.2674   518157   66.10%
Elapsed time = 55.49 sec. (147792.75 ticks, tree = 79.75 MB, solutions = 1)
   3720  2464   303765.2524   436   187813.0000   311941.1044   538106   66.09%
   3816  2545    infeasible         187813.0000   311941.0175   556234   66.09%
   3930  2641    infeasible         187813.0000   311927.6486   576048   66.08%
   4087  2784   307873.0139   429   187813.0000   311926.4064   597503   66.08%
   4208  2899   303809.7164   234   187813.0000   311925.6953   616690   66.08%
   4348  3022   306557.4654   418   187813.0000   311919.7230   636300   66.08%
*  4454+ 3113                       188220.0000   311917.7068            65.72%
   4454  3115   307256.0522   282   188220.0000   311917.7068   655983   65.72%
   4563  3210   302994.2000   169   188220.0000   311916.6957   677328   65.72%

GUB cover cuts applied:  2
Clique cuts applied:  15
Cover cuts applied:  10
Implied bound cuts applied:  20
Flow cuts applied:  7
Mixed integer rounding cuts applied:  196
Zero-half cuts applied:  54
Gomory fractional cuts applied:  8

Root node processing (before b&c):
  Real time             =    0.36 sec. (832.87 ticks)
Sequential b&c:
  Real time             =   66.64 sec. (180047.33 ticks)
                          ------------
Total (root+branch&cut) =   67.00 sec. (180880.20 ticks)
[CPLEX] Status: time limit exceeded
[CPLEX] OPTIMAL OBJ: 188220.0
[CPLEX] Runtime: 67.011 sec
Vehicle 0: d → 3 → 7 → 8 → 21 → 14 → 9 → 28 → 4 → 19 → 23 → 25 → 6 → 12 → 20 → 18 → d, (requests = [1, 3, 17, 27, 30, 33, 36, 43])
Vehicle 1: d → 12 → 0 → 15 → 29 → 25 → 13 → 26 → 19 → 4 → 24 → 9 → 14 → 21 → 7 → 10 → 27 → 22 → 2 → 5 → d, (requests = [6, 7, 11, 16, 20, 23, 32, 37])
Vehicle 2: d → 2 → 22 → 27 → 7 → 8 → 21 → 14 → 28 → 24 → 4 → 19 → 26 → 13 → 25 → 15 → 11 → d, (requests = [2, 8, 14, 19, 25, 28, 40])
Vehicle 3: d → 5 → 1 → 22 → 27 → 10 → 7 → 17 → d, (requests = [10, 21, 24])
Vehicle 4: d → 29 → 11 → 0 → 12 → 20 → d, (requests = [4, 18])
Vehicle 5: d → 16 → 30 → 20 → 12 → 6 → 25 → 23 → 26 → 19 → 4 → 28 → 14 → 21 → 8 → 17 → d, (requests = [5, 12, 22, 29, 35])
Vehicle 6: d, (requests = [])
Vehicle 7: d, (requests = [])
======== PPDSP OBJECTIVE ========
Profit    = 227862
Cost      = 39642
Objective = 188220
=================================
===== RAW XY MODEL =====
104 148 205 233 278 317 405 458 608 632 659 687 762 807 901 996 1040 1094 1177 1216 1259 1327 1372 1409 1467 1494 1534 1637 1704 1731 1802 1838 1876 1911 1978 2029 2283 2344 2429 2474 2580 2638 2673 2688 2831 2883 2928 2969 3012 3042 3068 3117 3191 3370 3477 3557 3643 3891 4047 4190 4313 4457 4797 4849 5116 5384 5466 5742 5803 5859 5976 6055 6128 6161 6198 6238 6266 6348 6409 6437 6496 6566 6594 2051 3223 2055 5473 6615 2188 2190 3229 4350 3296 6622 3306 3311 3313 5487 4427 4430 4436 6632 4442 5559 5563 5571 5578 6639 6703 6716 6721 6738 7862 7870 7892 9041
  [Time Manager] Step 48 consumed 67.01s. Total Consumed: 2786.08s.
  [Info] Saved 9048 core assumption literals to p1_A-n32-k5_r44v8k3.lp.asm

[49/60] Building & Solving: R=45, V=8, K=3
Default row names c1, c2 ... being created.
  [Info] Generating MIP Formulation...
  [Time Manager] Global Remaining Budget: 813.92s | Future Weight Sum: 12.0
  [Time Manager] Recalibrated Budget for this step: 67.83s
[CPLEX] Setting time limit to 67 seconds
[CPLEX] Reading assumption from p1_A-n32-k5_r44v8k3.lp.asm ...
[CPLEX] Applying MIP Start with 8544 variables.
Version identifier: 22.1.1.0 | 2022-11-28 | 9160aff4d
CPXPARAM_Read_DataCheck                          1
CPXPARAM_Threads                                 1
CPXPARAM_TimeLimit                               67
1 of 1 MIP starts provided solutions.
MIP start 'm1' defined initial solution with objective 188220.0000.
Tried aggregator 1 time.
MIP Presolve eliminated 16 rows and 6824 columns.
MIP Presolve modified 4612 coefficients.
Reduced MIP has 4757 rows, 2232 columns, and 24520 nonzeros.
Reduced MIP has 1736 binaries, 496 generals, 0 SOSs, and 0 indicators.
Presolve time = 0.01 sec. (14.70 ticks)
Probing time = 0.00 sec. (3.00 ticks)
Tried aggregator 1 time.
Detecting symmetries...
Reduced MIP has 4757 rows, 2232 columns, and 24520 nonzeros.
Reduced MIP has 1736 binaries, 496 generals, 0 SOSs, and 0 indicators.
Presolve time = 0.01 sec. (16.13 ticks)
Probing time = 0.00 sec. (2.88 ticks)
Clique table members: 909.
MIP emphasis: balance optimality and feasibility.
MIP search method: dynamic search.
Parallel mode: none, using 1 thread.
Root relaxation solution time = 0.02 sec. (38.71 ticks)

        Nodes                                         Cuts/
   Node  Left     Objective  IInf  Best Integer    Best Bound    ItCnt     Gap

*     0+    0                       188220.0000  2611032.0000              --- 
      0     0   319891.0000   160   188220.0000   319891.0000     1017   69.96%
      0     0   319872.9366   227   188220.0000     Cuts: 217     1231   69.95%
      0     0   319808.8333   224   188220.0000      Cuts: 73     1374   69.91%
      0     0   319741.2603   223   188220.0000      Cuts: 76     1513   69.88%
      0     0   319602.4684   328   188220.0000      Cuts: 82     1807   69.80%
      0     0   319542.1525   353   188220.0000     Cuts: 158     1876   69.77%
      0     0   319215.1864   215   188220.0000      Cuts: 67     2109   69.60%
      0     0   319203.2500   302   188220.0000     Cuts: 154     2169   69.59%
      0     0   319171.0000   183   188220.0000  ZeroHalf: 23     2185   69.57%
      0     0   319171.0000   214   188220.0000     Cuts: 135     2189   69.57%
      0     2   319171.0000   214   188220.0000   319171.0000     2189   69.57%
Elapsed time = 0.60 sec. (1459.86 ticks, tree = 0.01 MB, solutions = 1)
      3     5   318933.2106   248   188220.0000   319041.9878     3873   69.50%
      5     7   318880.2439   250   188220.0000   319037.4136     6409   69.50%
      8    10   318532.7500   329   188220.0000   319037.4136     8132   69.50%
     15    17   318075.8445   274   188220.0000   319037.4136     9989   69.50%
     24    24   318374.6696   130   188220.0000   319037.4136    12006   69.50%
     44    42   316066.0394   138   188220.0000   319037.4136    13923   69.50%
     56    52   315107.8793   132   188220.0000   319037.4136    16857   69.50%
     70    59   318270.4658   224   188220.0000   319037.4119    19510   69.50%
     75    64   318125.4556   343   188220.0000   319037.4119    21514   69.50%
     94    83   316959.5142   186   188220.0000   319037.4119    28584   69.50%
Elapsed time = 1.98 sec. (4961.36 ticks, tree = 0.33 MB, solutions = 1)
    163   135   318930.3392   379   188220.0000   318940.1334    35663   69.45%
    190   157   318112.3570   260   188220.0000   318927.6637    43615   69.44%
    259   211   317883.1221   248   188220.0000   318908.7153    52450   69.43%
    314   253   317382.6744   174   188220.0000   318899.4823    60132   69.43%
    351   287   311332.6410   149   188220.0000   318899.4823    68278   69.43%
    400   320   317930.9151   229   188220.0000   318893.7140    74508   69.43%
    474   374   318018.2888   234   188220.0000   318880.2439    83269   69.42%
    520   414   318059.3182   167   188220.0000   318880.2439    91238   69.42%
    582   465   317978.4517   272   188220.0000   318869.2790    99841   69.41%
    622   504   313740.5313   180   188220.0000   318869.2790   107266   69.41%
Elapsed time = 6.06 sec. (15000.51 ticks, tree = 1.01 MB, solutions = 1)
    650   526   317364.8386   272   188220.0000   318862.9179   115376   69.41%
    729   590    infeasible         188220.0000   318843.3281   123782   69.40%
    800   638   317209.8153   216   188220.0000   318808.1831   131582   69.38%
    854   683   301539.9713   224   188220.0000   318808.1831   140572   69.38%
    885   708   317435.9319   346   188220.0000   318807.9361   149351   69.38%
    945   756   311352.6622   238   188220.0000   318806.1015   158371   69.38%
    960   771   298400.0022   216   188220.0000   318806.1015   166731   69.38%
    983   794   274872.0396   327   188220.0000   318806.1015   176828   69.38%
   1029   840   232295.0250   372   188220.0000   318806.1015   187831   69.38%

Performing restart 1

Repeating presolve.
Tried aggregator 1 time.
MIP Presolve modified 200 coefficients.
Reduced MIP has 4757 rows, 2232 columns, and 24520 nonzeros.
Reduced MIP has 1736 binaries, 496 generals, 0 SOSs, and 0 indicators.
Presolve time = 0.01 sec. (14.44 ticks)
Tried aggregator 1 time.
Reduced MIP has 4757 rows, 2232 columns, and 24520 nonzeros.
Reduced MIP has 1736 binaries, 496 generals, 0 SOSs, and 0 indicators.
Presolve time = 0.01 sec. (17.03 ticks)
Represolve time = 0.02 sec. (46.84 ticks)
   1036     0   319168.0517   239   188220.0000      Cuts: 75   190810   69.38%
   1036     0   319078.9905   361   188220.0000     Cuts: 141   191107   69.38%
   1036     0   318985.5383   233   188220.0000      Cuts: 87   191225   69.38%
   1036     0   318799.9506   354   188220.0000      Cuts: 96   191768   69.38%
   1036     0   318670.6854   366   188220.0000     Cuts: 192   192027   69.31%
   1036     0   318634.0343   296   188220.0000     Cuts: 121   192136   69.29%
   1036     0   318602.4086   277   188220.0000     Cuts: 221   192304   69.27%
   1036     0   318460.2500   316   188220.0000      Cuts: 76   192762   69.20%
   1036     0   318448.0000   196   188220.0000     Cuts: 172   192828   69.19%
   1036     0   318448.0000   222   188220.0000     Cuts: 148   192866   69.19%
   1036     0   318448.0000   202   188220.0000      Cuts: 93   192874   69.19%
   1036     0   318448.0000   225   188220.0000  ZeroHalf: 56   192894   69.19%
   1036     0   318448.0000   204   188220.0000      Cuts: 79   192897   69.19%
   1036     0   318442.0441   240   188220.0000      Cuts: 80   193043   69.19%
   1036     2   318442.0441   240   188220.0000   318439.1401   193043   69.18%
Elapsed time = 14.03 sec. (30733.83 ticks, tree = 0.01 MB, solutions = 1)
   1038     4   318284.5000   236   188220.0000   318413.5008   193957   69.17%
   1039     5   317992.0961   413   188220.0000   318283.8933   195103   69.10%
   1040     6   317870.5845   669   188220.0000   318283.8933   195810   69.10%
   1041     7   317805.8736   493   188220.0000   318283.8933   196936   69.10%
   1042     8   315917.4379   534   188220.0000   318283.8933   201028   69.10%
   1043     9   317636.3627   610   188220.0000   318283.8933   203861   69.10%
   1044    10   316422.2334   328   188220.0000   318283.8933   207818   69.10%
   1045    11   317216.0280   433   188220.0000   318283.8933   209897   69.10%
   1046    12   316968.3880   281   188220.0000   318283.8933   211167   69.10%
   1048    14   316866.8504   338   188220.0000   318283.8933   212041   69.10%
Elapsed time = 21.98 sec. (55773.86 ticks, tree = 0.02 MB, solutions = 1)
   1052    18   316880.9027   408   188220.0000   318283.8933   214288   69.10%
   1053    19   316974.3765   453   188220.0000   318283.8933   214551   69.10%
   1055    21   316820.7308   475   188220.0000   318283.8933   215388   69.10%
   1060    26   315744.0243   384   188220.0000   318283.8933   218288   69.10%
   1062    28   315707.0285   449   188220.0000   318283.8933   220371   69.10%
   1067    32   312415.5013   327   188220.0000   318283.8933   225104   69.10%
   1077    35   318164.1613   184   188220.0000   318283.7536   231182   69.10%
   1081    39   318014.8564   182   188220.0000   318283.7536   234874   69.10%
   1087    45   317424.8254   275   188220.0000   318283.7536   238698   69.10%
   1092    50   317608.2542   279   188220.0000   318283.7536   241438   69.10%
Elapsed time = 26.42 sec. (68669.60 ticks, tree = 0.37 MB, solutions = 1)
   1101    59   317493.4103   377   188220.0000   318283.7536   243910   69.10%
   1113    69   316693.1058   367   188220.0000   318283.7536   247300   69.10%
   1131    86   314411.4995   337   188220.0000   318283.7536   249242   69.10%
   1163   114   308571.1063   364   188220.0000   318283.7536   251968   69.10%
   1175   122   318118.5278   271   188220.0000   318212.3493   253737   69.06%
   1185   132   317431.3732   568   188220.0000   318212.3493   255873   69.06%
   1195   142   317101.9801   556   188220.0000   318212.3493   257075   69.06%
   1198   145   316941.2324   625   188220.0000   318212.3493   257727   69.06%
   1199   146   316935.1302   645   188220.0000   318212.3493   257818   69.06%
   1201   148   316356.9415   531   188220.0000   318212.3493   258497   69.06%
Elapsed time = 30.27 sec. (79652.77 ticks, tree = 2.88 MB, solutions = 1)
   1215   162   315781.2486   459   188220.0000   318212.3493   260185   69.06%
   1226   173   315039.0265   518   188220.0000   318212.3493   261872   69.06%
   1229   176   314959.0743   490   188220.0000   318212.3493   262163   69.06%
   1244   191   314174.3431   410   188220.0000   318212.3493   264086   69.06%
   1254   201   313359.8046   454   188220.0000   318212.3493   264979   69.06%
   1265   212   311853.4398   536   188220.0000   318212.3493   266130   69.06%
   1273   220   310271.9140   527   188220.0000   318212.3493   267265   69.06%
   1292   239   308510.1980   359   188220.0000   318212.3493   269678   69.06%
   1316   260    infeasible         188220.0000   318212.3493   272096   69.06%
   1331   271   317992.2401   403   188220.0000   318149.5733   276420   69.03%
Elapsed time = 34.61 sec. (91587.42 ticks, tree = 3.04 MB, solutions = 1)
   1337   277   317498.3843   530   188220.0000   318149.5733   278479   69.03%
   1344   284   315166.2633   622   188220.0000   318149.5733   281344   69.03%
   1353   289   313626.1419   379   188220.0000   318149.5733   284769   69.03%
   1362   296   316322.6750   279   188220.0000   318135.5687   286809   69.02%
   1383   315   314504.8989   382   188220.0000   318135.5687   289919   69.02%
   1390   322   312612.8801   329   188220.0000   318135.5687   292511   69.02%
   1400   329   309740.9215   275   188220.0000   318135.5687   294275   69.02%
   1444   367   317918.0384   270   188220.0000   318117.9430   298863   69.01%
   1459   382   317614.9708   411   188220.0000   318117.9430   303489   69.01%
   1476   398   313734.7785   417   188220.0000   318117.9430   306724   69.01%
Elapsed time = 38.22 sec. (101818.39 ticks, tree = 8.33 MB, solutions = 1)
   1501   423   313527.4478   438   188220.0000   318117.9430   311052   69.01%
   1510   429   315821.8000   246   188220.0000   318093.5013   313401   69.00%
   1532   449   313071.2503   310   188220.0000   318093.5013   318158   69.00%
   1550   465   310209.8371   311   188220.0000   318093.5013   322114   69.00%
   1591   501   317516.7158   291   188220.0000   318031.9544   326318   68.97%
   1609   513   317682.2849   276   188220.0000   318030.2800   331370   68.97%
   1625   529   313020.5424   346   188220.0000   318030.2800   335787   68.97%
   1648   549   317385.7681   330   188220.0000   318020.0757   338901   68.96%
   1661   562   313858.9660   275   188220.0000   318020.0757   342925   68.96%
   1679   575   316481.7380   274   188220.0000   318014.8564   347109   68.96%
Elapsed time = 42.10 sec. (112615.82 ticks, tree = 12.57 MB, solutions = 1)
   1692   586   315560.7012   388   188220.0000   318014.8564   352069   68.96%
   1696   590   312793.7955   385   188220.0000   318014.8564   357166   68.96%
   1712   602   316352.7747   309   188220.0000   318013.7872   360836   68.96%
   1737   621   317870.3156   214   188220.0000   317992.0459   364849   68.95%
   1779   663   317125.4026   256   188220.0000   317992.0459   368521   68.95%
   1812   693   309375.8479   315   188220.0000   317992.0459   371753   68.95%
   1853   734   306159.4954   223   188220.0000   317992.0459   375412   68.95%
   1954   827   317490.0977   240   188220.0000   317989.9964   379112   68.95%
   1964   837   316465.8045   364   188220.0000   317989.9964   382275   68.95%
   2022   891   314256.3982   387   188220.0000   317981.8891   397369   68.94%
Elapsed time = 48.28 sec. (125545.27 ticks, tree = 26.22 MB, solutions = 1)
   2135   999   315493.0865   503   188220.0000   317953.7127   411473   68.93%
   2247  1102   315393.6466   397   188220.0000   317951.8793   429083   68.93%
   2386  1228   311311.1986   291   188220.0000   317946.9786   446528   68.92%
   2544  1382   311228.3514   355   188220.0000   317942.4555   463710   68.92%
   2659  1487   315187.4389   422   188220.0000   317902.1578   481418   68.90%
   2770  1593   309349.9176   448   188220.0000   317893.9217   497432   68.89%
   2897  1714   307735.0680   230   188220.0000   317892.1149   516422   68.89%
   2990  1799   315888.4529   253   188220.0000   317882.7501   534616   68.89%
   3110  1909   315317.9702   346   188220.0000   317874.6766   551436   68.88%
*  3136+ 1933                       192503.0000   317874.6766            65.13%
*  3136+ 1933                       194451.0000   317874.6766            63.47%
   3258  2044   315384.8226   373   194451.0000   317841.1132   569848   63.46%
Elapsed time = 61.70 sec. (164021.05 ticks, tree = 66.31 MB, solutions = 3)
   3355  2121   317632.8248   371   194451.0000   317805.6618   588727   63.44%
   3503  2254   317273.7614   534   194451.0000   317793.5887   606898   63.43%
   3579  2328   310613.4151   375   194451.0000   317793.5887   620205   63.43%

Clique cuts applied:  3
Cover cuts applied:  2
Implied bound cuts applied:  79
Flow cuts applied:  11
Mixed integer rounding cuts applied:  245
Zero-half cuts applied:  318
Gomory fractional cuts applied:  20

Root node processing (before b&c):
  Real time             =    0.60 sec. (1456.83 ticks)
Sequential b&c:
  Real time             =   66.40 sec. (177042.29 ticks)
                          ------------
Total (root+branch&cut) =   67.00 sec. (178499.12 ticks)
[CPLEX] Status: time limit exceeded
[CPLEX] OPTIMAL OBJ: 194451.0
[CPLEX] Runtime: 67.011 sec
Vehicle 0: d → 3 → 7 → 8 → 21 → 14 → 9 → 28 → 4 → 19 → 23 → 25 → 6 → 12 → 20 → 18 → d, (requests = [1, 3, 17, 27, 30, 33, 36, 43])
Vehicle 1: d → 12 → 0 → 15 → 29 → 25 → 13 → 26 → 19 → 4 → 24 → 9 → 14 → 21 → 7 → 10 → 27 → 22 → 2 → 5 → d, (requests = [6, 7, 11, 16, 20, 23, 32, 37])
Vehicle 2: d → 2 → 22 → 27 → 7 → 8 → 21 → 14 → 28 → 24 → 4 → 19 → 26 → 13 → 25 → 15 → 11 → d, (requests = [2, 8, 14, 19, 25, 28, 40])
Vehicle 3: d → 5 → 1 → 22 → 27 → 10 → 7 → 17 → d, (requests = [10, 21, 24])
Vehicle 4: d → 29 → 11 → 0 → 12 → 20 → d, (requests = [4, 18])
Vehicle 5: d → 16 → 18 → 30 → 20 → 12 → 6 → 25 → 23 → 26 → 19 → 4 → 28 → 14 → 21 → 8 → 17 → d, (requests = [5, 12, 22, 29, 35, 44])
Vehicle 6: d, (requests = [])
Vehicle 7: d, (requests = [])
======== PPDSP OBJECTIVE ========
Profit    = 234093
Cost      = 39642
Objective = 194451
=================================
===== RAW XY MODEL =====
104 148 205 233 278 317 405 458 608 632 659 687 762 807 901 996 1040 1094 1177 1216 1259 1327 1372 1409 1467 1494 1534 1637 1704 1731 1802 1838 1876 1911 1978 2029 2283 2344 2429 2474 2580 2638 2673 2688 2831 2883 2928 2969 3012 3042 3068 3117 3191 3370 3477 3557 3643 3891 4047 4190 4313 4457 4797 4849 5116 5384 5466 5742 5803 5859 5976 6055 6116 6161 6192 6198 6238 6266 6348 6409 6437 6496 6566 6594 2051 3223 2055 5473 6615 2188 2190 3229 4350 3296 6622 3306 3311 3313 5487 4427 4430 4436 6632 4442 5559 5563 5571 5578 6639 6703 6716 6721 6738 7862 7870 7892 9041 9054
  [Time Manager] Step 49 consumed 67.01s. Total Consumed: 2853.09s.
  [Info] Saved 9056 core assumption literals to p1_A-n32-k5_r45v8k3.lp.asm

[50/60] Building & Solving: R=46, V=8, K=3
Default row names c1, c2 ... being created.
  [Info] Generating MIP Formulation...
  [Time Manager] Global Remaining Budget: 746.91s | Future Weight Sum: 11.0
  [Time Manager] Recalibrated Budget for this step: 67.90s
[CPLEX] Setting time limit to 67 seconds
[CPLEX] Reading assumption from p1_A-n32-k5_r45v8k3.lp.asm ...
[CPLEX] Applying MIP Start with 8552 variables.
Version identifier: 22.1.1.0 | 2022-11-28 | 9160aff4d
CPXPARAM_Read_DataCheck                          1
CPXPARAM_Threads                                 1
CPXPARAM_TimeLimit                               67
1 of 1 MIP starts provided solutions.
MIP start 'm1' defined initial solution with objective 199193.0000.
Tried aggregator 1 time.
MIP Presolve eliminated 16 rows and 6824 columns.
MIP Presolve modified 4612 coefficients.
Reduced MIP has 4782 rows, 2240 columns, and 24816 nonzeros.
Reduced MIP has 1744 binaries, 496 generals, 0 SOSs, and 0 indicators.
Presolve time = 0.01 sec. (14.85 ticks)
Probing time = 0.00 sec. (3.01 ticks)
Tried aggregator 1 time.
Detecting symmetries...
Reduced MIP has 4782 rows, 2240 columns, and 24816 nonzeros.
Reduced MIP has 1744 binaries, 496 generals, 0 SOSs, and 0 indicators.
Presolve time = 0.01 sec. (16.25 ticks)
Probing time = 0.00 sec. (2.89 ticks)
Clique table members: 918.
MIP emphasis: balance optimality and feasibility.
MIP search method: dynamic search.
Parallel mode: none, using 1 thread.
Root relaxation solution time = 0.02 sec. (30.63 ticks)

        Nodes                                         Cuts/
   Node  Left     Objective  IInf  Best Integer    Best Bound    ItCnt     Gap

*     0+    0                       199193.0000  2648968.0000              --- 
      0     0   324633.0000   161   199193.0000   324633.0000      969   62.97%
      0     0   324600.0423   232   199193.0000     Cuts: 220     1118   62.96%
      0     0   324528.4078   227   199193.0000      Cuts: 64     1185   62.92%
      0     0   324512.2099   227   199193.0000      Cuts: 46     1301   62.91%
      0     0   324373.1538   243   199193.0000      Cuts: 58     1624   62.84%
      0     0   324291.2292   317   199193.0000      Cuts: 53     1733   62.80%
      0     0   324109.5833   236   199193.0000     Cuts: 124     1885   62.71%
      0     0   324101.0000   206   199193.0000       Cuts: 7     1915   62.71%
      0     0   324018.8333   240   199193.0000     Cuts: 134     2060   62.67%
      0     0   324013.2500   242   199193.0000      Cuts: 16     2089   62.66%
      0     0   323935.7963   446   199193.0000      Cuts: 11     2196   62.62%
      0     0   323929.6778   475   199193.0000     Cuts: 103     2253   62.62%
      0     2   323929.6778   475   199193.0000   323929.6389     2253   62.62%
Elapsed time = 0.55 sec. (1257.03 ticks, tree = 0.01 MB, solutions = 1)
      4     6   323636.9188   360   199193.0000   323929.6389     4299   62.62%
      6     8   323184.4939   310   199193.0000   323929.6389     6146   62.62%
     10    12   322726.2571   228   199193.0000   323929.6389     7716   62.62%
     17    19   322404.1995   293   199193.0000   323929.6389     9540   62.62%
     30    32   320275.1774   165   199193.0000   323929.6389    10889   62.62%
     51    49   323191.5000   277   199193.0000   323913.0000    12490   62.61%
     56    54   323151.5639   222   199193.0000   323862.3761    13720   62.59%
     61    59   322615.8764   318   199193.0000   323862.3761    15408   62.59%
     65    63   322061.3874   368   199193.0000   323862.3761    17013   62.59%
     83    81   320979.2896   220   199193.0000   323862.3761    22802   62.59%
Elapsed time = 1.80 sec. (4688.45 ticks, tree = 1.86 MB, solutions = 1)
    163   152   323432.0939   377   199193.0000   323792.3215    28186   62.55%
    223   197   323555.9491   264   199193.0000   323788.4179    33198   62.55%
    317   275   323647.0456   295   199193.0000   323715.0967    38164   62.51%
    373   330   318590.8890   152   199193.0000   323715.0967    44257   62.51%
    433   378   323025.7456   171   199193.0000   323704.4660    49943   62.51%

Performing restart 1

Repeating presolve.
Tried aggregator 1 time.
MIP Presolve modified 176 coefficients.
Reduced MIP has 4782 rows, 2240 columns, and 24816 nonzeros.
Reduced MIP has 1744 binaries, 496 generals, 0 SOSs, and 0 indicators.
Presolve time = 0.01 sec. (14.52 ticks)
Tried aggregator 1 time.
Reduced MIP has 4782 rows, 2240 columns, and 24816 nonzeros.
Reduced MIP has 1744 binaries, 496 generals, 0 SOSs, and 0 indicators.
Presolve time = 0.01 sec. (17.18 ticks)
Represolve time = 0.02 sec. (45.68 ticks)
    511     0   323921.5287   346   199193.0000      Cuts: 62    56646   62.50%
    511     0   323913.0000   206   199193.0000     Cuts: 150    56683   62.50%
    511     0   323913.0000   209   199193.0000     Cuts: 180    56700   62.50%
    511     0   323909.7026   406   199193.0000      Cuts: 64    56799   62.50%
    511     0   323892.3737   396   199193.0000      Cuts: 94    57059   62.50%
    511     0   323877.4130   506   199193.0000      Cuts: 51    57599   62.50%
    511     0   323860.2367   531   199193.0000     Cuts: 126    57834   62.50%
    511     2   323860.2367   522   199193.0000   323690.8793    57834   62.50%
    512     3   323772.5749   242   199193.0000   323690.8793    58687   62.50%
    513     4   323406.8001   527   199193.0000   323690.8793    59770   62.50%
    514     5   323337.4175   384   199193.0000   323690.8793    60295   62.50%
    516     7   323056.8410   364   199193.0000   323690.8793    61653   62.50%
Elapsed time = 8.26 sec. (23042.81 ticks, tree = 0.09 MB, solutions = 1)
    517     8   322738.6743   392   199193.0000   323690.8793    62981   62.50%
    519    10   322917.4569   361   199193.0000   323690.8793    63955   62.50%
    521    12   322717.1321   245   199193.0000   323690.8793    64625   62.50%
    524    15   322494.4669   156   199193.0000   323690.8793    66239   62.50%
    528    17   322415.1445   377   199193.0000   323690.8793    67676   62.50%
    532    21   321521.8710   406   199193.0000   323690.8793    70501   62.50%
    534    23   320873.4275   219   199193.0000   323690.8793    71565   62.50%
    538    23   323681.2941   485   199193.0000   323690.8793    75756   62.50%
    540    25   323545.5692   470   199193.0000   323690.8793    76726   62.50%
    542    27   321542.6705   241   199193.0000   323690.8793    79658   62.50%
Elapsed time = 14.42 sec. (36750.65 ticks, tree = 0.57 MB, solutions = 1)
    545    28    infeasible         199193.0000   323690.8793    82387   62.50%
    548    31   321917.6445   240   199193.0000   323690.8793    84397   62.50%
    551    34   321859.8983   475   199193.0000   323690.8793    85352   62.50%
    555    38   321781.9208   434   199193.0000   323690.8793    87553   62.50%
    559    38   323248.3333   206   199193.0000   323681.1406    89935   62.50%
    562    41   323006.0476   208   199193.0000   323681.1406    90674   62.50%
    565    44   322689.8910   376   199193.0000   323681.1406    92674   62.50%
    568    47   322428.8027   337   199193.0000   323681.1406    94406   62.50%
    571    50   322313.6894   335   199193.0000   323681.1406    94889   62.50%
    575    52   321043.8182   183   199193.0000   323681.1406    97654   62.50%
Elapsed time = 18.47 sec. (50083.90 ticks, tree = 0.84 MB, solutions = 1)
    577    54   320878.0246   561   199193.0000   323681.1406    98776   62.50%
    579    56   320845.4444   270   199193.0000   323681.1406   101293   62.50%
    581    58   320795.1190   184   199193.0000   323681.1406   103717   62.50%
    584    61   320431.5871   423   199193.0000   323681.1406   105864   62.50%
    587    64   319680.7894   341   199193.0000   323681.1406   109767   62.50%
    590    67   319587.1974   221   199193.0000   323681.1406   111656   62.50%
    594    71   319442.5000   268   199193.0000   323681.1406   113216   62.50%
    599    72   323338.6019   377   199193.0000   323545.5400   115288   62.43%
    603    76   323043.6132   367   199193.0000   323545.5400   117172   62.43%
    611    84   322532.1328   343   199193.0000   323545.5400   118849   62.43%
Elapsed time = 22.45 sec. (61543.96 ticks, tree = 1.45 MB, solutions = 1)
    618    91   321110.7953   238   199193.0000   323545.5400   120641   62.43%
    625    98   320915.1197   229   199193.0000   323545.5400   122021   62.43%
    633   106   320420.4869   279   199193.0000   323545.5400   123476   62.43%
    640   113   317787.8148   313   199193.0000   323545.5400   125849   62.43%
    654   127   317223.6952   338   199193.0000   323545.5400   127498   62.43%
    660   133   315609.0112   371   199193.0000   323545.5400   129763   62.43%
    683   154    infeasible         199193.0000   323545.5400   132752   62.43%
    691   160   323174.0926   239   199193.0000   323406.6781   134003   62.36%
    708   177   323030.0967   509   199193.0000   323406.6781   135982   62.36%
    719   188   321790.7606   267   199193.0000   323406.6781   138163   62.36%
Elapsed time = 25.86 sec. (71834.60 ticks, tree = 5.62 MB, solutions = 1)
    729   194   322302.1932   347   199193.0000   323386.2301   140593   62.35%
    738   201   322098.3448   397   199193.0000   323386.2301   142845   62.35%
    744   207   320818.9247   486   199193.0000   323386.2301   146448   62.35%
    752   215   320497.7705   288   199193.0000   323386.2301   149310   62.35%
    769   229   317911.6276   452   199193.0000   323386.2301   153573   62.35%
    783   242   314748.0673   232   199193.0000   323386.2301   155527   62.35%
    820   275   311798.5175   284   199193.0000   323386.2301   158509   62.35%
    829   280   322532.0088   151   199193.0000   323367.0000   160918   62.34%
    843   292   320804.3056   313   199193.0000   323367.0000   165142   62.34%
    854   299   321616.8145   255   199193.0000   323308.8975   167934   62.31%
Elapsed time = 29.44 sec. (82155.98 ticks, tree = 9.69 MB, solutions = 1)
    866   309   319781.9210   406   199193.0000   323308.8975   170647   62.31%
    890   332   317606.6176   303   199193.0000   323308.8975   173414   62.31%
    902   342   321796.2565   386   199193.0000   323285.1664   176206   62.30%
    929   366   319488.8449   312   199193.0000   323285.1664   179380   62.30%
    956   393   313616.5859   356   199193.0000   323285.1664   183457   62.30%
    983   416   322190.1625   272   199193.0000   323279.6217   186622   62.29%
   1001   430   322812.8904   382   199193.0000   323279.4791   191182   62.29%
   1012   441   320850.1735   414   199193.0000   323279.4791   196955   62.29%
   1022   447   322311.4454   532   199193.0000   323279.0834   201491   62.29%
   1041   465   319708.7195   388   199193.0000   323279.0834   205865   62.29%
Elapsed time = 32.90 sec. (92387.12 ticks, tree = 16.31 MB, solutions = 1)
   1055   475   322495.3737   552   199193.0000   323240.2115   210951   62.27%
   1076   494   321210.4193   366   199193.0000   323240.2115   214654   62.27%
   1101   517   316863.0988   352   199193.0000   323240.2115   218221   62.27%
   1134   542   321712.5833   209   199193.0000   323225.7651   222526   62.27%
   1150   556    infeasible         199193.0000   323225.7651   229572   62.27%
   1164   568   321211.8526   406   199193.0000   323196.5198   233128   62.25%
   1181   581   322790.8871   499   199193.0000   323190.0000   237922   62.25%
   1192   592   320877.8758   413   199193.0000   323190.0000   242619   62.25%
   1212   606    infeasible         199193.0000   323190.0000   248047   62.25%
   1230   624   318889.1243   296   199193.0000   323180.0818   253092   62.24%
Elapsed time = 36.42 sec. (102709.28 ticks, tree = 22.70 MB, solutions = 1)
   1243   633   320085.4167   379   199193.0000   323174.0926   257555   62.24%
   1268   650    infeasible         199193.0000   323174.0926   262702   62.24%
   1278   660   319784.5089   310   199193.0000   323159.9329   265838   62.23%
   1305   687   316308.0570   430   199193.0000   323159.9329   271004   62.23%
   1331   713   312933.3878   507   199193.0000   323159.9329   275521   62.23%
   1355   733   321858.9373   382   199193.0000   323141.4359   280507   62.23%
   1371   749   320516.7190   563   199193.0000   323141.4359   285457   62.23%
   1397   771   322340.0000   210   199193.0000   323112.9762   290143   62.21%
   1410   784   318789.1904   663   199193.0000   323112.9762   295347   62.21%
   1512   871   315977.5757   338   199193.0000   323108.3987   312993   62.21%
Elapsed time = 40.84 sec. (115574.18 ticks, tree = 32.64 MB, solutions = 1)
   1632   981   319901.2015   413   199193.0000   323103.0475   329363   62.21%
   1727  1062    infeasible         199193.0000   323089.7563   345877   62.20%
   1845  1169   313599.6879   237   199193.0000   323078.0450   364165   62.19%
   1927  1237   321809.0000   238   199193.0000   323075.4423   383122   62.19%
   2053  1354    infeasible         199193.0000   323071.5009   401017   62.19%
   2158  1442   320396.4839   307   199193.0000   323064.3812   419283   62.19%
   2250  1520   320332.4740   443   199193.0000   323058.2204   439244   62.18%
   2435  1693   321505.4277   356   199193.0000   323027.1777   458875   62.17%
   2497  1737    infeasible         199193.0000   323003.8106   477405   62.16%
   2574  1807    infeasible         199193.0000   322995.6820   492135   62.15%
Elapsed time = 55.84 sec. (154059.33 ticks, tree = 67.18 MB, solutions = 1)
   2658  1873    infeasible         199193.0000   322976.6115   511237   62.14%
   2737  1943   317804.9991   405   199193.0000   322950.0574   529892   62.13%
   2818  2008   316646.4715   374   199193.0000   322917.0038   547884   62.11%
   2904  2080   316580.3625   566   199193.0000   322901.0000   567451   62.10%
   3028  2195    infeasible         199193.0000   322865.0000   587959   62.09%
   3130  2289   318860.9229   354   199193.0000   322864.0000   606588   62.09%
   3239  2393   319711.1088   546   199193.0000   322862.3125   620658   62.09%
   3296  2444   314148.5023   292   199193.0000   322856.5198   639014   62.08%

GUB cover cuts applied:  2
Clique cuts applied:  21
Cover cuts applied:  10
Implied bound cuts applied:  18
Flow cuts applied:  7
Mixed integer rounding cuts applied:  170
Zero-half cuts applied:  78
Gomory fractional cuts applied:  9

Root node processing (before b&c):
  Real time             =    0.55 sec. (1253.80 ticks)
Sequential b&c:
  Real time             =   66.45 sec. (186087.08 ticks)
                          ------------
Total (root+branch&cut) =   67.00 sec. (187340.88 ticks)
[CPLEX] Status: time limit exceeded
[CPLEX] OPTIMAL OBJ: 199193.0
[CPLEX] Runtime: 67.010 sec
Vehicle 0: d → 3 → 7 → 8 → 21 → 14 → 9 → 28 → 4 → 19 → 23 → 25 → 6 → 12 → 20 → 18 → d, (requests = [1, 3, 17, 27, 30, 33, 36, 43])
Vehicle 1: d → 12 → 0 → 15 → 29 → 25 → 13 → 26 → 19 → 4 → 24 → 9 → 14 → 21 → 7 → 10 → 27 → 22 → 2 → 5 → d, (requests = [6, 7, 11, 16, 20, 23, 32, 37, 45])
Vehicle 2: d → 2 → 22 → 27 → 7 → 8 → 21 → 14 → 28 → 24 → 4 → 19 → 26 → 13 → 25 → 15 → 11 → d, (requests = [2, 8, 14, 19, 25, 28, 40])
Vehicle 3: d → 5 → 1 → 22 → 27 → 10 → 7 → 17 → d, (requests = [10, 21, 24])
Vehicle 4: d → 29 → 11 → 0 → 12 → 20 → d, (requests = [4, 18])
Vehicle 5: d → 16 → 18 → 30 → 20 → 12 → 6 → 25 → 23 → 26 → 19 → 4 → 28 → 14 → 21 → 8 → 17 → d, (requests = [5, 12, 22, 29, 35, 44])
Vehicle 6: d, (requests = [])
Vehicle 7: d, (requests = [])
======== PPDSP OBJECTIVE ========
Profit    = 238835
Cost      = 39642
Objective = 199193
=================================
===== RAW XY MODEL =====
104 148 205 233 278 317 405 458 608 632 659 687 762 807 901 996 1040 1094 1177 1216 1259 1327 1372 1409 1467 1494 1534 1637 1704 1731 1802 1838 1876 1911 1978 2029 2283 2344 2429 2474 2580 2638 2673 2688 2831 2883 2928 2969 3012 3042 3068 3117 3191 3370 3477 3557 3643 3891 4047 4190 4313 4457 4797 4849 5116 5384 5466 5742 5803 5859 5976 6055 6116 6161 6192 6198 6238 6266 6348 6409 6437 6496 6566 6594 2051 3223 2055 5473 6615 2188 2190 3229 4350 3296 6622 3306 3311 3313 5487 4427 4430 4436 6632 4442 5559 5563 5571 5578 6639 6703 6716 6721 6738 7862 7870 7892 9041 9054 9058
  [Time Manager] Step 50 consumed 67.01s. Total Consumed: 2920.10s.
  [Info] Saved 9064 core assumption literals to p1_A-n32-k5_r46v8k3.lp.asm

[51/60] Building & Solving: R=47, V=8, K=3
Default row names c1, c2 ... being created.
  [Info] Generating MIP Formulation...
  [Time Manager] Global Remaining Budget: 679.90s | Future Weight Sum: 10.0
  [Time Manager] Recalibrated Budget for this step: 67.99s
[CPLEX] Setting time limit to 67 seconds
[CPLEX] Reading assumption from p1_A-n32-k5_r46v8k3.lp.asm ...
[CPLEX] Applying MIP Start with 8560 variables.
Version identifier: 22.1.1.0 | 2022-11-28 | 9160aff4d
CPXPARAM_Read_DataCheck                          1
CPXPARAM_Threads                                 1
CPXPARAM_TimeLimit                               67
1 of 1 MIP starts provided solutions.
MIP start 'm1' defined initial solution with objective 199193.0000.
Tried aggregator 1 time.
MIP Presolve eliminated 16 rows and 6824 columns.
MIP Presolve modified 4566 coefficients.
Reduced MIP has 4807 rows, 2248 columns, and 25120 nonzeros.
Reduced MIP has 1752 binaries, 496 generals, 0 SOSs, and 0 indicators.
Presolve time = 0.01 sec. (14.88 ticks)
Probing time = 0.00 sec. (3.02 ticks)
Tried aggregator 1 time.
Detecting symmetries...
Reduced MIP has 4807 rows, 2248 columns, and 25120 nonzeros.
Reduced MIP has 1752 binaries, 496 generals, 0 SOSs, and 0 indicators.
Presolve time = 0.01 sec. (16.40 ticks)
Probing time = 0.00 sec. (2.89 ticks)
Clique table members: 919.
MIP emphasis: balance optimality and feasibility.
MIP search method: dynamic search.
Parallel mode: none, using 1 thread.
Root relaxation solution time = 0.02 sec. (36.09 ticks)

        Nodes                                         Cuts/
   Node  Left     Objective  IInf  Best Integer    Best Bound    ItCnt     Gap

*     0+    0                       199193.0000  2707704.0000              --- 
      0     0   331975.0000   167   199193.0000   331975.0000     1046   66.66%
      0     0   331942.0423   237   199193.0000     Cuts: 210     1268   66.64%
      0     0   331882.9444   235   199193.0000      Cuts: 58     1398   66.61%
      0     0   331750.9473   219   199193.0000      Cuts: 56     1734   66.55%
      0     0   331615.0000   220   199193.0000     Cuts: 155     1847   66.48%
      0     0   331377.5000   198   199193.0000      Cuts: 31     1930   66.36%
      0     0   331255.0000   296   199193.0000     Cuts: 118     2070   66.30%
      0     0   331255.0000   218   199193.0000     Cuts: 121     2072   66.30%
      0     0   331255.0000   219   199193.0000  ZeroHalf: 46     2117   66.30%
      0     0   331255.0000   218   199193.0000      Cuts: 38     2118   66.30%
      0     2   331255.0000   218   199193.0000   331255.0000     2118   66.30%
Elapsed time = 0.40 sec. (980.54 ticks, tree = 0.01 MB, solutions = 1)
      4     6   330700.0000   219   199193.0000   331092.1848     3610   66.22%
      7     9   330033.0333   214   199193.0000   331092.1848     6018   66.22%
      9    11   329574.1500   277   199193.0000   331092.1848     7513   66.22%
     12    14   329494.2358   518   199193.0000   331092.1848     8890   66.22%
     16    18   329249.6074   238   199193.0000   331092.1848    11103   66.22%
     20    22   328909.5000   182   199193.0000   331092.1848    12119   66.22%
     36    38   327822.7933   187   199193.0000   331092.1848    13881   66.22%
    105    92   321381.8414   147   199193.0000   331092.1848    15611   66.22%
    128   110   330493.5639   341   199193.0000   331090.6467    16956   66.22%
    146   128   329657.4982   140   199193.0000   331090.6467    21411   66.22%
Elapsed time = 1.65 sec. (4348.07 ticks, tree = 4.05 MB, solutions = 1)
    216   184   330446.6191   156   199193.0000   331016.4194    27500   66.18%
    310   258    infeasible         199193.0000   331004.0476    33013   66.17%
    386   321   330027.7032   262   199193.0000   330848.9078    39188   66.09%
    498   418   330186.9369   210   199193.0000   330847.7119    45205   66.09%

Performing restart 1

Repeating presolve.
Tried aggregator 1 time.
MIP Presolve modified 178 coefficients.
Reduced MIP has 4807 rows, 2248 columns, and 25120 nonzeros.
Reduced MIP has 1752 binaries, 496 generals, 0 SOSs, and 0 indicators.
Presolve time = 0.01 sec. (14.73 ticks)
Tried aggregator 1 time.
Reduced MIP has 4807 rows, 2248 columns, and 25120 nonzeros.
Reduced MIP has 1752 binaries, 496 generals, 0 SOSs, and 0 indicators.
Presolve time = 0.01 sec. (17.37 ticks)
Represolve time = 0.02 sec. (46.82 ticks)
    504     0   331214.0345   236   199193.0000      Cuts: 63    47117   66.09%
    504     0   331154.0357   250   199193.0000     Cuts: 162    47316   66.09%
    504     0   331137.6494   391   199193.0000      Cuts: 71    47426   66.09%
    504     0   331115.3938   266   199193.0000      Cuts: 29    47689   66.09%
    504     0   331107.0330   264   199193.0000     Cuts: 201    47752   66.09%
    504     0   331019.0720   264   199193.0000      Cuts: 95    48393   66.09%
    504     0   330824.9004   285   199193.0000     Cuts: 279    48634   66.08%
    504     0   330753.7974   433   199193.0000      Cuts: 70    49023   66.05%
    504     0   330743.6151   457   199193.0000     Cuts: 178    49284   66.04%
    504     0   330721.2068   320   199193.0000      Cuts: 75    49457   66.03%
    504     0   330704.9333   430   199193.0000     Cuts: 187    49706   66.02%
    504     0   330695.8115   514   199193.0000      Cuts: 92    49804   66.02%
    504     0   330688.7485   422   199193.0000     Cuts: 125    49957   66.01%
    504     0   330688.7485   436   199193.0000      Cuts: 86    49986   66.01%
    504     0   330676.4456   510   199193.0000      Cuts: 17    50111   66.01%
    504     2   330676.4456   510   199193.0000   330676.1211    50111   66.01%
    505     3   330630.9568   391   199193.0000   330630.9499    50351   65.99%
    506     4   330603.6772   382   199193.0000   330630.9499    50720   65.99%
    507     5   330558.4992   254   199193.0000   330596.4014    51322   65.97%
    509     7   330391.9350   277   199193.0000   330596.4014    53813   65.97%
    511     9   330228.4424   236   199193.0000   330596.4014    56180   65.97%
Elapsed time = 8.14 sec. (21651.28 ticks, tree = 0.02 MB, solutions = 1)
    513    11   330197.6790   282   199193.0000   330596.4014    59047   65.97%
    515    13   329994.3116   276   199193.0000   330596.4014    61990   65.97%
    517    15   328261.1882   375   199193.0000   330596.4014    63890   65.97%
    520    18   329718.3087   490   199193.0000   330596.4014    65784   65.97%
    524    22   329561.9358   372   199193.0000   330596.4014    68197   65.97%
    526    24   329125.4705   418   199193.0000   330596.4014    69560   65.97%
    530    28   328969.3863   421   199193.0000   330596.4014    72198   65.97%
    536    30   330542.7089   436   199193.0000   330586.3537    74376   65.96%
    538    32   330118.3569   399   199193.0000   330586.3537    75804   65.96%
    540    34   330070.8361   232   199193.0000   330586.3537    77050   65.96%
Elapsed time = 12.59 sec. (33754.81 ticks, tree = 0.37 MB, solutions = 1)
    542    36   330064.0237   212   199193.0000   330586.3537    77937   65.96%
    544    38   329565.8489   241   199193.0000   330586.3537    79408   65.96%
    547    41   329525.5967   218   199193.0000   330586.3537    80755   65.96%
    549    43   329520.4287   346   199193.0000   330586.3537    81561   65.96%
    553    47   329443.9738   654   199193.0000   330586.3537    83929   65.96%
    556    50   329203.5859   462   199193.0000   330586.3537    86018   65.96%
    561    53    infeasible         199193.0000   330586.3537    91063   65.96%
    565    57   328209.1675   260   199193.0000   330586.3537    92657   65.96%
    570    62   327933.5438   259   199193.0000   330586.3537    93658   65.96%
    578    66   328830.3168   194   199193.0000   330558.3574    95695   65.95%
Elapsed time = 17.95 sec. (44619.96 ticks, tree = 1.22 MB, solutions = 1)
    584    70   326266.2300   247   199193.0000   330558.3574    97783   65.95%
    590    76   325594.5063   361   199193.0000   330558.3574    99013   65.95%
    597    79   329926.1521   397   199193.0000   330532.0000   101811   65.94%
    603    85   329731.7857   477   199193.0000   330532.0000   102605   65.94%
    609    91   329437.0568   214   199193.0000   330532.0000   103283   65.94%
    617    97   327284.3556   274   199193.0000   330532.0000   105541   65.94%
    623   101    infeasible         199193.0000   330532.0000   107115   65.94%
    627   103   330318.2523   224   199193.0000   330532.0000   108869   65.94%
    634   110   328587.0821   378   199193.0000   330532.0000   110955   65.94%
    643   119   327552.6791   430   199193.0000   330532.0000   113145   65.94%
Elapsed time = 21.73 sec. (55601.55 ticks, tree = 2.61 MB, solutions = 1)
    649   125   326667.1560   436   199193.0000   330532.0000   114634   65.94%
    662   133   330428.5000   231   199193.0000   330515.4011   116162   65.93%
    667   138   330015.2534   462   199193.0000   330515.4011   119802   65.93%
    676   147   328767.3129   533   199193.0000   330515.4011   123146   65.93%
    698   167   326145.0749   432   199193.0000   330515.4011   127585   65.93%
    709   177   323444.6297   374   199193.0000   330515.4011   130790   65.93%
    722   184   329112.6164   259   199193.0000   330450.0000   134645   65.89%
    737   199   327870.4640   542   199193.0000   330450.0000   138025   65.89%
    754   212   329416.5000   379   199193.0000   330391.9211   142159   65.87%
    758   216   329290.4227   426   199193.0000   330391.9211   142966   65.87%
Elapsed time = 25.30 sec. (66209.06 ticks, tree = 6.60 MB, solutions = 1)
    764   222   328828.4582   464   199193.0000   330391.9211   144290   65.87%
    775   233   328203.4845   388   199193.0000   330391.9211   146058   65.87%
    798   251   330009.2784   302   199193.0000   330391.3753   148940   65.86%
    813   264   326668.3424   271   199193.0000   330391.3753   153027   65.86%
    820   267   330077.2670   360   199193.0000   330376.8790   157067   65.86%
    834   277    infeasible         199193.0000   330376.8790   161873   65.86%
    837   280   328094.7623   369   199193.0000   330370.9038   164388   65.85%
    843   286   327558.8128   408   199193.0000   330370.9038   167200   65.85%
    858   299    infeasible         199193.0000   330370.9038   170655   65.85%
    882   321   324265.4949   293   199193.0000   330370.9038   173583   65.85%
Elapsed time = 28.89 sec. (76545.54 ticks, tree = 9.62 MB, solutions = 1)
    891   326   329758.5084   443   199193.0000   330348.9479   177812   65.84%
    908   338   330008.5533   589   199193.0000   330305.6596   181876   65.82%
    916   341   329958.5117   222   199193.0000   330299.3230   186902   65.82%
    922   347   328670.9496   439   199193.0000   330299.3230   192066   65.82%
    939   360    infeasible         199193.0000   330299.3230   196250   65.82%
    950   365   328871.6697   615   199193.0000   330275.1921   200499   65.81%
    961   372   328946.1269   269   199193.0000   330262.8224   205063   65.80%
    977   388   328518.6064   409   199193.0000   330262.8224   208387   65.80%
    991   396   328789.4412   259   199193.0000   330260.7395   213616   65.80%
   1000   401   329891.5198   612   199193.0000   330260.3862   218970   65.80%
Elapsed time = 32.29 sec. (86637.50 ticks, tree = 12.18 MB, solutions = 1)
   1007   404   330081.5049   211   199193.0000   330239.9348   223668   65.79%
   1021   418   327170.6938   410   199193.0000   330239.9348   228103   65.79%
   1040   433   329745.2558   428   199193.0000   330233.3762   232580   65.79%
   1052   441    infeasible         199193.0000   330233.3762   237703   65.79%
   1060   449   329036.5337   626   199193.0000   330232.8035   242191   65.79%
   1069   458   327400.2074   595   199193.0000   330232.8035   247259   65.79%
   1078   467   327286.6800   297   199193.0000   330232.8035   251706   65.79%
   1087   472   329221.6348   681   199193.0000   330227.9975   256723   65.78%
   1100   485   327332.5048   285   199193.0000   330227.9975   262398   65.78%
   1111   490   329959.6797   372   199193.0000   330159.3529   264671   65.75%
Elapsed time = 35.52 sec. (96874.44 ticks, tree = 14.81 MB, solutions = 1)
   1124   499   328766.6388   547   199193.0000   330143.1570   270114   65.74%
   1140   515   326845.3456   607   199193.0000   330143.1570   275058   65.74%
   1163   534   329394.7798   504   199193.0000   330127.4875   278444   65.73%
   1183   553   326681.5181   262   199193.0000   330127.4875   283475   65.73%
   1206   576   326330.8465   507   199193.0000   330127.4875   286485   65.73%
   1225   593   326011.8230   419   199193.0000   330127.4875   289107   65.73%
   1252   620   316508.8957   294   199193.0000   330127.4875   293838   65.73%
   1265   629   327841.5822   276   199193.0000   330118.3569   296588   65.73%
   1269   633   327289.7976   497   199193.0000   330118.3569   298630   65.73%
   1309   659   325877.8683   217   199193.0000   330112.6641   314988   65.73%
Elapsed time = 40.01 sec. (109907.64 ticks, tree = 21.39 MB, solutions = 1)
   1369   702   325853.1118   255   199193.0000   330094.8713   332437   65.72%
   1407   726   327938.8565   350   199193.0000   330080.6153   350645   65.71%
   1477   784   328960.5697   479   199193.0000   330075.4250   369599   65.71%
   1528   822   325699.9237   356   199193.0000   330073.4258   385460   65.71%
   1607   897   327203.7622   279   199193.0000   330070.2473   400073   65.70%
   1644   923   327597.0000   304   199193.0000   330059.3290   417672   65.70%
   1692   959   328816.6622   216   199193.0000   330054.9062   435128   65.70%
   1729   981   326819.1296   573   199193.0000   330034.9412   453007   65.69%
   1806  1050   327658.2105   459   199193.0000   330030.5227   471729   65.68%
   1870  1097   327793.6875   452   199193.0000   330021.7817   490823   65.68%
Elapsed time = 54.77 sec. (148448.52 ticks, tree = 36.75 MB, solutions = 1)
   1944  1156   329103.4126   582   199193.0000   330007.8868   508375   65.67%
   2003  1205   327746.4039   410   199193.0000   330002.5256   527220   65.67%
   2066  1260   323106.5296   249   199193.0000   329999.8251   544642   65.67%
   2114  1294   327695.3367   538   199193.0000   329975.8509   568975   65.66%
   2167  1329   329880.1160   300   199193.0000   329969.4448   588010   65.65%
   2236  1384   329456.6050   421   199193.0000   329967.5596   606845   65.65%
   2299  1434   317007.0000   238   199193.0000   329962.3198   624589   65.65%
   2463  1581    infeasible         199193.0000   329958.8278   639786   65.65%
Advanced basis not built.

GUB cover cuts applied:  1
Clique cuts applied:  8
Cover cuts applied:  16
Implied bound cuts applied:  80
Flow cuts applied:  8
Mixed integer rounding cuts applied:  250
Zero-half cuts applied:  148
Gomory fractional cuts applied:  9

Root node processing (before b&c):
  Real time             =    0.40 sec. (977.26 ticks)
Sequential b&c:
  Real time             =   66.61 sec. (183058.55 ticks)
                          ------------
Total (root+branch&cut) =   67.00 sec. (184035.81 ticks)
[CPLEX] Status: time limit exceeded
[CPLEX] OPTIMAL OBJ: 199193.0
[CPLEX] Runtime: 67.011 sec
Vehicle 0: d → 3 → 7 → 8 → 21 → 14 → 9 → 28 → 4 → 19 → 23 → 25 → 6 → 12 → 20 → 18 → d, (requests = [1, 3, 17, 27, 30, 33, 36, 43])
Vehicle 1: d → 12 → 0 → 15 → 29 → 25 → 13 → 26 → 19 → 4 → 24 → 9 → 14 → 21 → 7 → 10 → 27 → 22 → 2 → 5 → d, (requests = [6, 7, 11, 16, 20, 23, 32, 37, 45])
Vehicle 2: d → 2 → 22 → 27 → 7 → 8 → 21 → 14 → 28 → 24 → 4 → 19 → 26 → 13 → 25 → 15 → 11 → d, (requests = [2, 8, 14, 19, 25, 28, 40])
Vehicle 3: d → 5 → 1 → 22 → 27 → 10 → 7 → 17 → d, (requests = [10, 21, 24])
Vehicle 4: d → 29 → 11 → 0 → 12 → 20 → d, (requests = [4, 18])
Vehicle 5: d → 16 → 18 → 30 → 20 → 12 → 6 → 25 → 23 → 26 → 19 → 4 → 28 → 14 → 21 → 8 → 17 → d, (requests = [5, 12, 22, 29, 35, 44])
Vehicle 6: d, (requests = [])
Vehicle 7: d, (requests = [])
======== PPDSP OBJECTIVE ========
Profit    = 238835
Cost      = 39642
Objective = 199193
=================================
===== RAW XY MODEL =====
104 148 205 233 278 317 405 458 608 632 659 687 762 807 901 996 1040 1094 1177 1216 1259 1327 1372 1409 1467 1494 1534 1637 1704 1731 1802 1838 1876 1911 1978 2029 2283 2344 2429 2474 2580 2638 2673 2688 2831 2883 2928 2969 3012 3042 3068 3117 3191 3370 3477 3557 3643 3891 4047 4190 4313 4457 4797 4849 5116 5384 5466 5742 5803 5859 5976 6055 6116 6161 6192 6198 6238 6266 6348 6409 6437 6496 6566 6594 2051 3223 2055 5473 6615 2188 2190 3229 4350 3296 6622 3306 3311 3313 5487 4427 4430 4436 6632 4442 5559 5563 5571 5578 6639 6703 6716 6721 6738 7862 7870 7892 9041 9054 9058
  [Time Manager] Step 51 consumed 67.01s. Total Consumed: 2987.12s.
  [Info] Saved 9072 core assumption literals to p1_A-n32-k5_r47v8k3.lp.asm

[52/60] Building & Solving: R=48, V=8, K=3
Default row names c1, c2 ... being created.
  [Info] Generating MIP Formulation...
  [Time Manager] Global Remaining Budget: 612.88s | Future Weight Sum: 9.0
  [Time Manager] Recalibrated Budget for this step: 68.10s
[CPLEX] Setting time limit to 68 seconds
[CPLEX] Reading assumption from p1_A-n32-k5_r47v8k3.lp.asm ...
[CPLEX] Applying MIP Start with 8568 variables.
Version identifier: 22.1.1.0 | 2022-11-28 | 9160aff4d
CPXPARAM_Read_DataCheck                          1
CPXPARAM_Threads                                 1
CPXPARAM_TimeLimit                               68
1 of 1 MIP starts provided solutions.
MIP start 'm1' defined initial solution with objective 199193.0000.
Tried aggregator 1 time.
MIP Presolve eliminated 16 rows and 6824 columns.
MIP Presolve modified 4550 coefficients.
Reduced MIP has 4832 rows, 2256 columns, and 25360 nonzeros.
Reduced MIP has 1760 binaries, 496 generals, 0 SOSs, and 0 indicators.
Presolve time = 0.01 sec. (14.90 ticks)
Probing time = 0.00 sec. (3.03 ticks)
Tried aggregator 1 time.
Detecting symmetries...
Reduced MIP has 4832 rows, 2256 columns, and 25360 nonzeros.
Reduced MIP has 1760 binaries, 496 generals, 0 SOSs, and 0 indicators.
Presolve time = 0.01 sec. (16.53 ticks)
Probing time = 0.00 sec. (2.89 ticks)
Clique table members: 912.
MIP emphasis: balance optimality and feasibility.
MIP search method: dynamic search.
Parallel mode: none, using 1 thread.
Root relaxation solution time = 0.02 sec. (34.74 ticks)

        Nodes                                         Cuts/
   Node  Left     Objective  IInf  Best Integer    Best Bound    ItCnt     Gap

*     0+    0                       199193.0000  2802296.0000              --- 
      0     0   343799.0000   168   199193.0000   343799.0000     1044   72.60%
      0     0   343782.7746   231   199193.0000     Cuts: 214     1206   72.59%
      0     0   343764.0000   221   199193.0000      Cuts: 62     1244   72.58%
      0     0   343586.3320   220   199193.0000      Cuts: 47     1745   72.49%
      0     0   343439.0000   220   199193.0000     Cuts: 146     2041   72.42%
      0     0   343341.5000   334   199193.0000  ZeroHalf: 53     2103   72.37%
      0     0   343079.0000   189   199193.0000     Cuts: 110     2215   72.23%
      0     0   343079.0000   220   199193.0000     Cuts: 125     2251   72.23%
      0     0   343079.0000   220   199193.0000      Cuts: 36     2252   72.23%
      0     2   343079.0000   220   199193.0000   343079.0000     2252   72.23%
Elapsed time = 0.46 sec. (1098.13 ticks, tree = 0.01 MB, solutions = 1)
      4     6   329607.0000   217   199193.0000   343016.9773     4607   72.20%
      7     9   342263.0833   249   199193.0000   343016.9773     6464   72.20%
     10    12   342158.3235   263   199193.0000   343016.9773     7990   72.20%
     13    15   341552.0498   224   199193.0000   343016.9773     9667   72.20%
     16    18   342111.8408   484   199193.0000   343016.9773    11381   72.20%
     21    23   341573.2542   217   199193.0000   343016.9773    12878   72.20%
     26    28   340937.8922   215   199193.0000   343016.9773    14834   72.20%
     30    32   340741.3920   208   199193.0000   343016.9773    16681   72.20%
     38    40   340606.7283   171   199193.0000   343016.9773    18212   72.20%
    110    97   342351.7193   184   199193.0000   342840.7903    22852   72.11%
Elapsed time = 1.77 sec. (4609.79 ticks, tree = 2.34 MB, solutions = 1)
    188   163   341803.7457   129   199193.0000   342752.3333    28872   72.07%
    294   251   340649.8382   190   199193.0000   342707.8750    34154   72.05%
    365   308   340159.5320   285   199193.0000   342707.4000    39222   72.05%
    452   378   341416.7517   313   199193.0000   342664.9194    44874   72.03%

Performing restart 1

Repeating presolve.
Tried aggregator 1 time.
MIP Presolve modified 154 coefficients.
Reduced MIP has 4832 rows, 2256 columns, and 25360 nonzeros.
Reduced MIP has 1760 binaries, 496 generals, 0 SOSs, and 0 indicators.
Presolve time = 0.01 sec. (13.17 ticks)
Tried aggregator 1 time.
Reduced MIP has 4832 rows, 2256 columns, and 25360 nonzeros.
Reduced MIP has 1760 binaries, 496 generals, 0 SOSs, and 0 indicators.
Presolve time = 0.01 sec. (17.46 ticks)
Represolve time = 0.02 sec. (44.76 ticks)
    482     0   343079.0000   220   199193.0000      Cuts: 61    48599   72.03%
    482     0   343079.0000   220   199193.0000      Fract: 1    48604   72.03%
    482     0   343079.0000   221   199193.0000      Fract: 1    48610   72.03%
    482     0   343079.0000   224   199193.0000      Fract: 1    48615   72.03%
    482     2   343079.0000   224   199193.0000   342664.9194    48615   72.03%
    483     3   343007.8529   281   199193.0000   342664.9194    49210   72.03%
    485     5   341368.8261   396   199193.0000   342664.9194    51467   72.03%
    487     7   341249.2463   395   199193.0000   342664.9194    51724   72.03%
    489     9   340819.9408   401   199193.0000   342664.9194    53215   72.03%
    491    11   340991.2905   388   199193.0000   342664.9194    56834   72.03%
Elapsed time = 6.63 sec. (17908.56 ticks, tree = 0.17 MB, solutions = 1)
    493    13   340867.2502   454   199193.0000   342664.9194    59805   72.03%
    494    14   340855.1153   328   199193.0000   342664.9194    60640   72.03%
    496    15   339370.1532   407   199193.0000   342664.9194    62873   72.03%
    500    15   342660.0000   272   199193.0000   342664.9194    65301   72.03%
    503    18   342581.5394   270   199193.0000   342664.9194    65982   72.03%
    506    21   340630.0779   268   199193.0000   342664.9194    69184   72.03%
    510    25   340064.1671   273   199193.0000   342664.9194    71046   72.03%
    515    30   339604.5824   321   199193.0000   342664.9194    72735   72.03%
    523    36   337784.7156   253   199193.0000   342664.9194    74940   72.03%
    528    41   337166.6025   269   199193.0000   342664.9194    77157   72.03%
Elapsed time = 11.07 sec. (29910.39 ticks, tree = 0.52 MB, solutions = 1)
    532    45   336929.8162   321   199193.0000   342664.9194    78914   72.03%
    541    54   334018.1404   265   199193.0000   342664.9194    81528   72.03%
    554    57   342889.9412   351   199193.0000   342664.9194    83786   72.03%
    559    62   342356.0000   166   199193.0000   342664.9194    84288   72.03%
    562    65   341652.9244   610   199193.0000   342664.9194    85243   72.03%
    567    70   340757.3594   221   199193.0000   342664.9194    86463   72.03%
    572    74   337865.0000   166   199193.0000   342664.9194    87117   72.03%
    577    79   337270.8571   184   199193.0000   342664.9194    88558   72.03%
    584    82   336797.3582   199   199193.0000   342664.9194    89239   72.03%
    593    85   342358.8387   354   199193.0000   342664.9194    91154   72.03%
Elapsed time = 16.58 sec. (40769.56 ticks, tree = 1.13 MB, solutions = 1)
    595    87   342256.8265   239   199193.0000   342664.9194    91489   72.03%
    599    91   341970.4866   625   199193.0000   342664.9194    92198   72.03%
    602    94   341537.4426   511   199193.0000   342664.9194    92904   72.03%
    608   100   341117.3095   671   199193.0000   342664.9194    94495   72.03%
    616   108   340834.4314   514   199193.0000   342664.9194    95888   72.03%
    622   114   340728.3201   587   199193.0000   342664.9194    96770   72.03%
    625   117   340238.2658   468   199193.0000   342664.9194    99844   72.03%
    631   122   336831.3853   442   199193.0000   342664.9194   104225   72.03%
    637   128   336574.8430   500   199193.0000   342664.9194   107226   72.03%
    654   145   335031.2117   494   199193.0000   342664.9194   111131   72.03%
Elapsed time = 20.32 sec. (51743.67 ticks, tree = 2.53 MB, solutions = 1)
    675   163   340651.7652   284   199193.0000   342664.9194   113296   72.03%
    694   179   340468.8000   336   199193.0000   342664.9194   115800   72.03%
    713   198   337929.1235   302   199193.0000   342664.9194   119067   72.03%
    751   230   333722.4349   265   199193.0000   342664.9194   123433   72.03%
    765   240   340591.5803   472   199193.0000   342638.0656   126114   72.01%
    784   259   334975.3024   318   199193.0000   342638.0656   129982   72.01%
    817   292   333514.7058   244   199193.0000   342638.0656   133782   72.01%
    862   333   329149.9672   274   199193.0000   342638.0656   137541   72.01%
    878   345   340026.0025   535   199193.0000   342580.4532   140894   71.98%
    888   355   336667.5133   429   199193.0000   342580.4532   143739   71.98%
Elapsed time = 23.84 sec. (61688.58 ticks, tree = 6.16 MB, solutions = 1)
    908   371   341427.0889   290   199193.0000   342578.1680   147596   71.98%
    924   385   338618.7685   351   199193.0000   342578.1680   150905   71.98%
    941   398   340617.8078   580   199193.0000   342429.7157   154069   71.91%
    961   414    infeasible         199193.0000   342429.7157   158317   71.91%
    971   422   340928.3891   441   199193.0000   342364.3333   162591   71.88%
    996   445   337062.4079   418   199193.0000   342364.3333   167465   71.88%
   1033   476   341730.3580   372   199193.0000   342356.0000   172501   71.87%
   1050   492   336798.1017   494   199193.0000   342356.0000   176470   71.87%
   1089   524   340642.3843   219   199193.0000   342354.6328   181766   71.87%
   1106   539   338936.5341   302   199193.0000   342354.6328   185318   71.87%
Elapsed time = 27.28 sec. (72094.98 ticks, tree = 11.41 MB, solutions = 1)
   1131   564   337832.2395   209   199193.0000   342354.6328   188022   71.87%
   1162   595   334911.9824   247   199193.0000   342354.6328   191222   71.87%
   1188   619   304623.7158   298   199193.0000   342354.6328   193888   71.87%
   1207   638   289643.9212   320   199193.0000   342354.6328   195969   71.87%
   1263   694   272722.8384   341   199193.0000   342354.6328   198467   71.87%
   1291   721   225992.4046   167   199193.0000   342354.6328   201565   71.87%
   1358   780   340692.0287   351   199193.0000   342333.9810   205171   71.86%
   1375   797   335106.4257   284   199193.0000   342333.9810   208344   71.86%
   1413   832   327178.9347   325   199193.0000   342333.9810   212178   71.86%
   1449   858   340833.8174   338   199193.0000   342249.6885   216024   71.82%
Elapsed time = 30.97 sec. (81990.66 ticks, tree = 12.89 MB, solutions = 1)
   1467   872   341716.7750   353   199193.0000   342226.6279   220565   71.81%
   1487   892   341125.0484   487   199193.0000   342226.6279   224608   71.81%
   1512   917   340787.6043   505   199193.0000   342226.6279   228658   71.81%
   1535   940   337590.2589   321   199193.0000   342226.6279   232337   71.81%
   1571   964   340863.5930   289   199193.0000   342218.0000   236460   71.80%
   1598   987   340909.5667   224   199193.0000   342188.3684   240788   71.79%
   1631  1016   341498.8947   326   199193.0000   342187.5860   245782   71.79%
   1659  1044   332188.9012   302   199193.0000   342187.5860   250579   71.79%
   1696  1081   325261.0220   349   199193.0000   342187.5860   256286   71.79%
   1753  1134   341700.3685   314   199193.0000   342155.6262   261802   71.77%
Elapsed time = 34.39 sec. (92114.18 ticks, tree = 19.14 MB, solutions = 1)
   1785  1162    infeasible         199193.0000   342155.6262   266683   71.77%
   1806  1183   340195.1636   248   199193.0000   342150.7674   271771   71.77%
   1824  1197   342082.9070   216   199193.0000   342135.4286   276760   71.76%
   1858  1231   341435.5588   519   199193.0000   342135.4286   280958   71.76%
   1874  1247   339436.3825   460   199193.0000   342135.4286   284383   71.76%
   1887  1258   322674.6187   277   199193.0000   342135.4286   289177   71.76%
   1916  1283   338396.9306   394   199193.0000   342128.3075   294117   71.76%
   1937  1300   341956.1516   284   199193.0000   342125.7381   298265   71.76%
   1969  1332   332473.7956   302   199193.0000   342125.7381   303841   71.76%
   2120  1468   339313.0884   200   199193.0000   342069.0288   322118   71.73%
Elapsed time = 39.08 sec. (105080.63 ticks, tree = 29.03 MB, solutions = 1)
   2233  1565   341511.4502   391   199193.0000   342057.0457   340702   71.72%
   2391  1712   341675.2840   295   199193.0000   342039.0963   359027   71.71%
   2510  1817   339604.9924   348   199193.0000   342029.2108   379057   71.71%
   2639  1937   337583.4795   292   199193.0000   342015.1864   398154   71.70%
   2701  1982   340612.0109   308   199193.0000   342011.4473   417515   71.70%
   2816  2082   341672.1410   347   199193.0000   341986.1893   438306   71.69%
   2893  2146   338947.4431   394   199193.0000   341969.5200   457846   71.68%
   2980  2223   339170.5376   385   199193.0000   341952.8595   477351   71.67%
   3114  2337   341799.7433   360   199193.0000   341929.0422   496579   71.66%
   3229  2442   338299.1469   261   199193.0000   341877.9091   516745   71.63%
Elapsed time = 53.70 sec. (143641.76 ticks, tree = 60.65 MB, solutions = 1)
   3334  2523   341001.8519   302   199193.0000   341866.9945   536581   71.63%
   3458  2632   336245.3224   342   199193.0000   341863.7370   555493   71.62%
   3533  2703   333203.0954   421   199193.0000   341862.9276   573318   71.62%
   3647  2812   325018.8514   159   199193.0000   341862.9276   591004   71.62%
   3856  3011   341181.6103   304   199193.0000   341855.3670   613200   71.62%
   3983  3128   340944.5959   640   199193.0000   341847.1504   633086   71.62%
   4062  3197   336218.2181   560   199193.0000   341829.2030   654137   71.61%
   4177  3297   340634.3829   531   199193.0000   341827.6066   674836   71.61%
   4273  3381   339617.8567   466   199193.0000   341808.0892   694823   71.60%
   4373  3465   340247.0154   320   199193.0000   341799.7433   714972   71.59%
Elapsed time = 67.06 sec. (182364.76 ticks, tree = 91.72 MB, solutions = 1)

Clique cuts applied:  9
Cover cuts applied:  14
Implied bound cuts applied:  25
Flow cuts applied:  3
Mixed integer rounding cuts applied:  182
Zero-half cuts applied:  47
Gomory fractional cuts applied:  4

Root node processing (before b&c):
  Real time             =    0.46 sec. (1094.81 ticks)
Sequential b&c:
  Real time             =   67.54 sec. (183570.84 ticks)
                          ------------
Total (root+branch&cut) =   68.00 sec. (184665.66 ticks)
[CPLEX] Status: time limit exceeded
[CPLEX] OPTIMAL OBJ: 199193.0
[CPLEX] Runtime: 68.010 sec
Vehicle 0: d → 3 → 7 → 8 → 21 → 14 → 9 → 28 → 4 → 19 → 23 → 25 → 6 → 12 → 20 → 18 → d, (requests = [1, 3, 17, 27, 30, 33, 36, 43])
Vehicle 1: d → 12 → 0 → 15 → 29 → 25 → 13 → 26 → 19 → 4 → 24 → 9 → 14 → 21 → 7 → 10 → 27 → 22 → 2 → 5 → d, (requests = [6, 7, 11, 16, 20, 23, 32, 37, 45])
Vehicle 2: d → 2 → 22 → 27 → 7 → 8 → 21 → 14 → 28 → 24 → 4 → 19 → 26 → 13 → 25 → 15 → 11 → d, (requests = [2, 8, 14, 19, 25, 28, 40])
Vehicle 3: d → 5 → 1 → 22 → 27 → 10 → 7 → 17 → d, (requests = [10, 21, 24])
Vehicle 4: d → 29 → 11 → 0 → 12 → 20 → d, (requests = [4, 18])
Vehicle 5: d → 16 → 18 → 30 → 20 → 12 → 6 → 25 → 23 → 26 → 19 → 4 → 28 → 14 → 21 → 8 → 17 → d, (requests = [5, 12, 22, 29, 35, 44])
Vehicle 6: d, (requests = [])
Vehicle 7: d, (requests = [])
======== PPDSP OBJECTIVE ========
Profit    = 238835
Cost      = 39642
Objective = 199193
=================================
===== RAW XY MODEL =====
104 148 205 233 278 317 405 458 608 632 659 687 762 807 901 996 1040 1094 1177 1216 1259 1327 1372 1409 1467 1494 1534 1637 1704 1731 1802 1838 1876 1911 1978 2029 2283 2344 2429 2474 2580 2638 2673 2688 2831 2883 2928 2969 3012 3042 3068 3117 3191 3370 3477 3557 3643 3891 4047 4190 4313 4457 4797 4849 5116 5384 5466 5742 5803 5859 5976 6055 6116 6161 6192 6198 6238 6266 6348 6409 6437 6496 6566 6594 2051 3223 2055 5473 6615 2188 2190 3229 4350 3296 6622 3306 3311 3313 5487 4427 4430 4436 6632 4442 5559 5563 5571 5578 6639 6703 6716 6721 6738 7862 7870 7892 9041 9054 9058
  [Time Manager] Step 52 consumed 68.01s. Total Consumed: 3055.13s.
  [Info] Saved 9080 core assumption literals to p1_A-n32-k5_r48v8k3.lp.asm

[53/60] Building & Solving: R=48, V=9, K=3
Default row names c1, c2 ... being created.
  [Info] Generating MIP Formulation...
  [Time Manager] Global Remaining Budget: 544.87s | Future Weight Sum: 8.0
  [Time Manager] Recalibrated Budget for this step: 68.11s
[CPLEX] Setting time limit to 68 seconds
[CPLEX] Reading assumption from p1_A-n32-k5_r48v8k3.lp.asm ...
[CPLEX] Applying MIP Start with 8576 variables.
Version identifier: 22.1.1.0 | 2022-11-28 | 9160aff4d
CPXPARAM_Read_DataCheck                          1
CPXPARAM_Threads                                 1
CPXPARAM_TimeLimit                               68
1 of 1 MIP starts provided solutions.
MIP start 'm1' defined initial solution with objective 199193.0000.
Tried aggregator 1 time.
MIP Presolve eliminated 18 rows and 7677 columns.
MIP Presolve modified 5094 coefficients.
Reduced MIP has 5430 rows, 2538 columns, and 28530 nonzeros.
Reduced MIP has 1980 binaries, 558 generals, 0 SOSs, and 0 indicators.
Presolve time = 0.01 sec. (16.76 ticks)
Probing time = 0.00 sec. (3.19 ticks)
Tried aggregator 1 time.
Detecting symmetries...
Reduced MIP has 5430 rows, 2538 columns, and 28530 nonzeros.
Reduced MIP has 1980 binaries, 558 generals, 0 SOSs, and 0 indicators.
Presolve time = 0.01 sec. (18.84 ticks)
Probing time = 0.00 sec. (2.99 ticks)
Clique table members: 1020.
MIP emphasis: balance optimality and feasibility.
MIP search method: dynamic search.
Parallel mode: none, using 1 thread.
Root relaxation solution time = 0.02 sec. (43.23 ticks)

        Nodes                                         Cuts/
   Node  Left     Objective  IInf  Best Integer    Best Bound    ItCnt     Gap

*     0+    0                       199193.0000  3152583.0000              --- 
      0     0   343799.0000   164   199193.0000   343799.0000     1171   72.60%
      0     0   343799.0000   189   199193.0000     Cuts: 226     1261   72.60%
      0     0   343799.0000   221   199193.0000     Cuts: 131     1314   72.60%
      0     2   343799.0000   221   199193.0000   343799.0000     1314   72.60%
Elapsed time = 0.36 sec. (885.09 ticks, tree = 0.01 MB, solutions = 1)
      2     4   343079.0000   160   199193.0000   343644.4726     3347   72.52%
      5     7   343026.8236   322   199193.0000   343644.4726     6137   72.52%
      7     9   342897.9003   331   199193.0000   343644.4726     7878   72.52%
     10    12   342596.7627   222   199193.0000   343644.4726     8820   72.52%
     14    16   342166.6778   204   199193.0000   343644.4726    10800   72.52%
     17    19   341926.2338   297   199193.0000   343644.4726    12522   72.52%
     22    24   341721.1613   249   199193.0000   343644.4726    14232   72.52%
     29    31   341416.0143   258   199193.0000   343644.4726    15913   72.52%
     44    45   340626.4453   177   199193.0000   343644.4726    17241   72.52%
     85    78   342848.1134   354   199193.0000   343643.8712    21218   72.52%
Elapsed time = 1.77 sec. (4357.16 ticks, tree = 1.62 MB, solutions = 1)
    169   145   343396.8966   341   199193.0000   343593.0787    26493   72.49%
    214   184   342805.0098   262   199193.0000   343476.0203    31030   72.43%
    291   249   340841.6059   179   199193.0000   343406.9304    36144   72.40%
    383   318   342931.2024   156   199193.0000   343396.8966    42043   72.39%
    447   369   339970.9783   213   199193.0000   343393.2811    47160   72.39%

Performing restart 1

Repeating presolve.
Tried aggregator 1 time.
MIP Presolve modified 171 coefficients.
Reduced MIP has 5430 rows, 2538 columns, and 28530 nonzeros.
Reduced MIP has 1980 binaries, 558 generals, 0 SOSs, and 0 indicators.
Presolve time = 0.01 sec. (14.71 ticks)
Tried aggregator 1 time.
Reduced MIP has 5430 rows, 2538 columns, and 28530 nonzeros.
Reduced MIP has 1980 binaries, 558 generals, 0 SOSs, and 0 indicators.
Presolve time = 0.01 sec. (19.83 ticks)
Represolve time = 0.03 sec. (49.80 ticks)
    487     0   343799.0000   227   199193.0000      Cuts: 92    51583   72.33%
    487     0   343799.0000   225   199193.0000     Cuts: 100    51598   72.33%
    487     0   343736.9454   234   199193.0000      Cuts: 83    51816   72.33%
    487     0   343681.5381   236   199193.0000     Cuts: 108    52142   72.33%
    487     0   343536.2808   233   199193.0000      Cuts: 82    52613   72.33%
    487     0   343439.3991   371   199193.0000     Cuts: 275    52907   72.33%
    487     0   343223.3419   383   199193.0000     Cuts: 108    53391   72.31%
    487     0   343152.5808   365   199193.0000      Cuts: 95    53653   72.27%
    487     0   343079.0000   200   199193.0000      Cuts: 77    53776   72.23%
    487     0   343079.0000   226   199193.0000      Cuts: 73    53808   72.23%
    487     0   343079.0000   315   199193.0000      Cuts: 97    53827   72.23%
    487     0   343079.0000   206   199193.0000      Cuts: 77    53846   72.23%
    487     0   343079.0000   231   199193.0000      Cuts: 69    53863   72.23%
    487     0   343079.0000   219   199193.0000     Cuts: 107    53868   72.23%
    487     0   343033.8966   380   199193.0000  ZeroHalf: 70    54097   72.21%
    487     0   343001.5000   236   199193.0000     Cuts: 177    54139   72.20%
    487     0   342913.7209   276   199193.0000      Cuts: 94    54198   72.15%
    487     0   342896.2153   417   199193.0000     Cuts: 133    54306   72.14%
    487     2   342896.2153   417   199193.0000   342895.2647    54306   72.14%
    489     4   342847.0000   240   199193.0000   342846.4578    54946   72.12%
    490     5   342811.5000   216   199193.0000   342845.2133    55151   72.12%
    491     6   342522.9720   377   199193.0000   342845.2133    55735   72.12%
    493     8   342098.5569   414   199193.0000   342845.2133    58725   72.12%
Elapsed time = 8.84 sec. (23176.50 ticks, tree = 0.02 MB, solutions = 1)
    495     8   341092.4354   399   199193.0000   342845.2133    60454   72.12%
    496     9   340596.9844   438   199193.0000   342845.2133    61997   72.12%
    498    11   340604.1638   414   199193.0000   342845.2133    63469   72.12%
    500    13   340551.1257   314   199193.0000   342845.2133    65167   72.12%
    501    14   340532.2635   460   199193.0000   342845.2133    66507   72.12%
    503    16   339861.7093   307   199193.0000   342845.2133    68144   72.12%
    504    17   340452.8764   276   199193.0000   342845.2133    68784   72.12%
    506    19   340118.6172   298   199193.0000   342845.2133    70541   72.12%
    509    22   339623.5776   379   199193.0000   342845.2133    73416   72.12%
    512    25   339514.0527   247   199193.0000   342845.2133    75969   72.12%
Elapsed time = 15.30 sec. (36681.75 ticks, tree = 0.27 MB, solutions = 1)
    515    28   339114.9282   249   199193.0000   342845.2133    82576   72.12%
    518    31   338523.9514   356   199193.0000   342845.2133    83911   72.12%
    521    34   338421.1003   255   199193.0000   342845.2133    85318   72.12%
    526    39   338382.6193   169   199193.0000   342845.2133    87580   72.12%
    529    42   338246.1758   280   199193.0000   342845.2133    88725   72.12%
    534    45    infeasible         199193.0000   342845.2133    90679   72.12%
    538    49   337794.4501   278   199193.0000   342845.2133    92341   72.12%
    545    55   334263.2742   188   199193.0000   342845.2133    94643   72.12%
    559    65   332028.9955   193   199193.0000   342845.2133    96366   72.12%
    565    65   341348.1024   371   199193.0000   342811.5000   100193   72.10%
Elapsed time = 20.21 sec. (48730.80 ticks, tree = 1.38 MB, solutions = 1)
    569    69   341314.6762   274   199193.0000   342811.5000   100431   72.10%
    572    72   340855.1438   262   199193.0000   342811.5000   103579   72.10%
    576    76   339644.4314   223   199193.0000   342811.5000   106165   72.10%
    581    81   339973.6577   265   199193.0000   342811.5000   107847   72.10%
    585    85   337114.1612   446   199193.0000   342811.5000   110434   72.10%
    591    91   337423.7785   231   199193.0000   342811.5000   112753   72.10%
    599    95   342657.5000   212   199193.0000   342810.0000   116583   72.10%
    610   106   342138.8000   236   199193.0000   342810.0000   119516   72.10%
    613   109   341762.9900   402   199193.0000   342810.0000   120596   72.10%
    617   112   339558.8333   485   199193.0000   342810.0000   122313   72.10%
Elapsed time = 24.72 sec. (61573.11 ticks, tree = 2.72 MB, solutions = 1)
    620   115   339241.0923   178   199193.0000   342810.0000   124050   72.10%
    624   119   339133.7692   174   199193.0000   342810.0000   125860   72.10%
    628   123   339108.1111   184   199193.0000   342810.0000   127021   72.10%
    631   126   339085.3248   172   199193.0000   342810.0000   127988   72.10%
    639   129   342638.0000   207   199193.0000   342769.9243   132057   72.08%
    642   132   341784.9495   484   199193.0000   342769.9243   136673   72.08%
    648   138   341365.3579   433   199193.0000   342769.9243   138641   72.08%
    655   145   340063.4841   238   199193.0000   342769.9243   140839   72.08%
    661   147    infeasible         199193.0000   342769.9243   142886   72.08%
    669   155   342418.7002   496   199193.0000   342657.1786   144628   72.02%
Elapsed time = 28.48 sec. (73192.03 ticks, tree = 2.97 MB, solutions = 1)
    684   170   342055.0375   263   199193.0000   342657.1786   146816   72.02%
    694   178   340322.1256   381   199193.0000   342657.1786   149825   72.02%
    707   185   339835.2013   300   199193.0000   342625.7500   153303   72.01%
    715   193   339508.5986   337   199193.0000   342625.7500   154659   72.01%
    724   201   336152.0088   267   199193.0000   342625.7500   156930   72.01%
    729   206   335856.2097   337   199193.0000   342625.7500   158486   72.01%
    732   209   335848.3494   361   199193.0000   342625.7500   159088   72.01%
    739   216   335794.4338   341   199193.0000   342625.7500   159891   72.01%
    750   226   333122.2837   328   199193.0000   342625.7500   161382   72.01%
    758   234   330114.1841   289   199193.0000   342625.7500   163527   72.01%
Elapsed time = 32.26 sec. (83908.42 ticks, tree = 5.82 MB, solutions = 1)
    767   240   342192.6463   355   199193.0000   342625.7500   165518   72.01%
    773   242    infeasible         199193.0000   342625.7500   168743   72.01%
    780   249   341483.3584   300   199193.0000   342608.0000   172236   72.00%
    784   253   341401.3869   466   199193.0000   342608.0000   172681   72.00%
    803   272   338397.5931   320   199193.0000   342608.0000   175975   72.00%
    820   289   336848.6089   444   199193.0000   342608.0000   179808   72.00%
    834   298    infeasible         199193.0000   342608.0000   183643   72.00%
    847   311   339140.6615   174   199193.0000   342574.8929   186437   71.98%
    871   330   342057.5779   476   199193.0000   342528.6872   190507   71.96%
    883   341   337585.2161   353   199193.0000   342528.6872   194170   71.96%
Elapsed time = 35.67 sec. (94098.94 ticks, tree = 7.09 MB, solutions = 1)
    898   352   341528.7879   293   199193.0000   342526.9687   197349   71.96%
    926   373    infeasible         199193.0000   342526.9687   204397   71.96%
    937   384   340723.2849   481   199193.0000   342521.5123   207043   71.95%
    953   400   339847.3554   295   199193.0000   342521.5123   210612   71.95%
    975   420   337920.6242   220   199193.0000   342521.5123   213724   71.95%
    986   427   339364.5363   422   199193.0000   342514.1794   217817   71.95%
   1008   449   335933.5397   269   199193.0000   342514.1794   221340   71.95%
   1019   456   339654.6250   342   199193.0000   342512.7847   225277   71.95%
   1030   467   338383.5117   317   199193.0000   342512.7847   228255   71.95%
   1040   477   336915.7205   325   199193.0000   342512.7847   230630   71.95%
Elapsed time = 39.36 sec. (104157.22 ticks, tree = 11.32 MB, solutions = 1)
   1061   495   338681.0000   394   199193.0000   342499.3182   235222   71.94%
   1072   500    infeasible         199193.0000   342499.3182   240513   71.94%
   1083   511   340920.2405   354   199193.0000   342486.1136   244603   71.94%
   1100   527   337556.2753   162   199193.0000   342486.1136   248172   71.94%
   1120   543    infeasible         199193.0000   342486.1136   251678   71.94%
   1136   553   338419.7463   297   199193.0000   342465.7458   256052   71.93%
   1156   569   342060.0000   198   199193.0000   342463.3447   259456   71.93%
   1168   581   341202.9804   229   199193.0000   342463.3447   262434   71.93%
   1177   590   334413.0147   426   199193.0000   342463.3447   267399   71.93%
   1284   689   342010.4302   476   199193.0000   342446.4326   282616   71.92%
Elapsed time = 44.05 sec. (117465.85 ticks, tree = 17.54 MB, solutions = 1)
   1342   739    infeasible         199193.0000   342421.4847   300785   71.90%
   1374   765   335938.6626   345   199193.0000   342418.7002   313074   71.90%
   1441   824   341947.6145   380   199193.0000   342381.5000   330087   71.88%
   1477   854    infeasible         199193.0000   342357.1378   343177   71.87%
   1553   919   336647.7235   418   199193.0000   342336.8448   358060   71.86%
   1663  1021   337927.7716   344   199193.0000   342289.4958   374901   71.84%
   1710  1057   338206.6992   428   199193.0000   342256.0689   390927   71.82%
   1768  1105   334440.2012   290   199193.0000   342246.6542   406571   71.82%
   1852  1185   337640.8550   473   199193.0000   342243.9693   415355   71.82%
   1940  1265   340175.0519   283   199193.0000   342238.5976   430303   71.81%
Elapsed time = 59.41 sec. (156319.94 ticks, tree = 38.59 MB, solutions = 1)
   1990  1305   336501.3204   310   199193.0000   342234.9936   449204   71.81%
   2067  1373   341575.5534   299   199193.0000   342232.3194   464170   71.81%
   2135  1435    infeasible         199193.0000   342227.5458   482248   71.81%
   2178  1472   337322.6066   542   199193.0000   342222.8135   496291   71.80%
   2261  1543   341651.9376   470   199193.0000   342215.2059   512868   71.80%
   2308  1586   341464.3889   330   199193.0000   342214.9358   525191   71.80%

Clique cuts applied:  20
Cover cuts applied:  6
Implied bound cuts applied:  56
Flow cuts applied:  9
Mixed integer rounding cuts applied:  184
Zero-half cuts applied:  284
Gomory fractional cuts applied:  13

Root node processing (before b&c):
  Real time             =    0.36 sec. (885.26 ticks)
Sequential b&c:
  Real time             =   67.64 sec. (180659.62 ticks)
                          ------------
Total (root+branch&cut) =   68.00 sec. (181544.88 ticks)
[CPLEX] Status: time limit exceeded
[CPLEX] OPTIMAL OBJ: 199193.0
[CPLEX] Runtime: 68.011 sec
Vehicle 0: d → 3 → 7 → 8 → 21 → 14 → 9 → 28 → 4 → 19 → 23 → 25 → 6 → 12 → 20 → 18 → d, (requests = [1, 3, 17, 27, 30, 33, 36, 43])
Vehicle 1: d → 12 → 0 → 15 → 29 → 25 → 13 → 26 → 19 → 4 → 24 → 9 → 14 → 21 → 7 → 10 → 27 → 22 → 2 → 5 → d, (requests = [6, 7, 11, 16, 20, 23, 32, 37, 45])
Vehicle 2: d → 2 → 22 → 27 → 7 → 8 → 21 → 14 → 28 → 24 → 4 → 19 → 26 → 13 → 25 → 15 → 11 → d, (requests = [2, 8, 14, 19, 25, 28, 40])
Vehicle 3: d → 5 → 1 → 22 → 27 → 10 → 7 → 17 → d, (requests = [10, 21, 24])
Vehicle 4: d → 29 → 11 → 0 → 12 → 20 → d, (requests = [4, 18])
Vehicle 5: d → 16 → 18 → 30 → 20 → 12 → 6 → 25 → 23 → 26 → 19 → 4 → 28 → 14 → 21 → 8 → 17 → d, (requests = [5, 12, 22, 29, 35, 44])
Vehicle 6: d, (requests = [])
Vehicle 7: d, (requests = [])
Vehicle 8: d, (requests = [])
======== PPDSP OBJECTIVE ========
Profit    = 238835
Cost      = 39642
Objective = 199193
=================================
===== RAW XY MODEL =====
104 148 205 233 278 317 405 458 608 632 659 687 762 807 901 996 1040 1094 1177 1216 1259 1327 1372 1409 1467 1494 1534 1637 1704 1731 1802 1838 1876 1911 1978 2029 2283 2344 2429 2474 2580 2638 2673 2688 2831 2883 2928 2969 3012 3042 3068 3117 3191 3370 3477 3557 3643 3891 4047 4190 4313 4457 4797 4849 5116 5384 5466 5742 5803 5859 5976 6055 6116 6161 6192 6198 6238 6266 6348 6409 6437 6496 6566 6594 2051 3223 2055 5473 6615 2188 2190 3229 4350 3296 6622 3306 3311 3313 5487 4427 4430 4436 6632 4442 5559 5563 5571 5578 6639 6703 6716 6721 6738 7862 7870 7892 9041 9054 9058
  [Time Manager] Step 53 consumed 68.01s. Total Consumed: 3123.14s.
  [Info] Saved 10152 core assumption literals to p1_A-n32-k5_r48v9k3.lp.asm

[54/60] Building & Solving: R=49, V=9, K=3
Default row names c1, c2 ... being created.
  [Info] Generating MIP Formulation...
  [Time Manager] Global Remaining Budget: 476.86s | Future Weight Sum: 7.0
  [Time Manager] Recalibrated Budget for this step: 68.12s
[CPLEX] Setting time limit to 68 seconds
[CPLEX] Reading assumption from p1_A-n32-k5_r48v9k3.lp.asm ...
[CPLEX] Applying MIP Start with 9648 variables.
Version identifier: 22.1.1.0 | 2022-11-28 | 9160aff4d
CPXPARAM_Read_DataCheck                          1
CPXPARAM_Threads                                 1
CPXPARAM_TimeLimit                               68
1 of 1 MIP starts provided solutions.
MIP start 'm1' defined initial solution with objective 199193.0000.
Tried aggregator 1 time.
MIP Presolve eliminated 18 rows and 7677 columns.
MIP Presolve modified 5088 coefficients.
Reduced MIP has 5458 rows, 2547 columns, and 28782 nonzeros.
Reduced MIP has 1989 binaries, 558 generals, 0 SOSs, and 0 indicators.
Presolve time = 0.01 sec. (16.89 ticks)
Probing time = 0.00 sec. (3.21 ticks)
Tried aggregator 1 time.
Detecting symmetries...
Reduced MIP has 5458 rows, 2547 columns, and 28782 nonzeros.
Reduced MIP has 1989 binaries, 558 generals, 0 SOSs, and 0 indicators.
Presolve time = 0.01 sec. (18.98 ticks)
Probing time = 0.00 sec. (3.00 ticks)
Clique table members: 1030.
MIP emphasis: balance optimality and feasibility.
MIP search method: dynamic search.
Parallel mode: none, using 1 thread.
Root relaxation solution time = 0.02 sec. (41.67 ticks)

        Nodes                                         Cuts/
   Node  Left     Objective  IInf  Best Integer    Best Bound    ItCnt     Gap

*     0+    0                       199193.0000  3234771.0000              --- 
      0     0   352931.0000   160   199193.0000   352931.0000     1149   77.18%
      0     0   352931.0000   191   199193.0000     Cuts: 233     1212   77.18%
      0     0   352931.0000   223   199193.0000     Cuts: 130     1288   77.18%
      0     2   352931.0000   223   199193.0000   352931.0000     1288   77.18%
Elapsed time = 0.34 sec. (813.05 ticks, tree = 0.01 MB, solutions = 1)
      4     6   352674.1950   353   199193.0000   352773.7144     3223   77.10%
      8    10   352288.2108   232   199193.0000   352773.7144     5070   77.10%
     11    13   352605.4911   260   199193.0000   352773.7144     6499   77.10%
     14    16   352220.0066   277   199193.0000   352773.7144     9239   77.10%
     18    19   351723.0990   277   199193.0000   352773.7144    10559   77.10%
     26    27   351326.4258   175   199193.0000   352773.7144    11221   77.10%
     38    39   350650.7384   228   199193.0000   352773.7144    12176   77.10%
     60    46   348418.7896   124   199193.0000   352773.7144    13598   77.10%
     68    50   352367.9901   255   199193.0000   352674.1950    14752   77.05%
     87    69   351480.3724   265   199193.0000   352674.1950    18137   77.05%
Elapsed time = 1.70 sec. (4194.32 ticks, tree = 2.05 MB, solutions = 1)
    170   147   351439.4229   244   199193.0000   352601.0354    23865   77.01%
    246   207   348015.0895   182   199193.0000   352589.6915    27781   77.01%
    337   270   349280.2466   201   199193.0000   352374.3901    33303   76.90%
    419   334   352275.7716   231   199193.0000   352366.1582    38523   76.90%
    513   402   352080.9894   317   199193.0000   352343.1170    43900   76.89%
    572   452   352087.5975   247   199193.0000   352343.1024    48363   76.89%
    617   492   348663.8292   144   199193.0000   352343.1024    53600   76.89%
    697   553   351116.6663   183   199193.0000   352342.7123    59303   76.89%
    755   601   351016.2552   244   199193.0000   352342.6159    64316   76.89%
    828   649   351148.2043   213   199193.0000   352326.1724    70053   76.88%
Elapsed time = 5.38 sec. (13996.02 ticks, tree = 21.12 MB, solutions = 1)
    930   723   351803.7297   230   199193.0000   352313.4750    75353   76.87%

Performing restart 1

Repeating presolve.
Tried aggregator 1 time.
MIP Presolve modified 171 coefficients.
Reduced MIP has 5458 rows, 2547 columns, and 28782 nonzeros.
Reduced MIP has 1989 binaries, 558 generals, 0 SOSs, and 0 indicators.
Presolve time = 0.01 sec. (14.87 ticks)
Tried aggregator 1 time.
Reduced MIP has 5458 rows, 2547 columns, and 28782 nonzeros.
Reduced MIP has 1989 binaries, 558 generals, 0 SOSs, and 0 indicators.
Presolve time = 0.01 sec. (19.98 ticks)
Represolve time = 0.02 sec. (48.83 ticks)
    968     0   352931.0000   228   199193.0000       Cuts: 6    79652   76.87%
    968     0   352931.0000   223   199193.0000     Cuts: 113    79683   76.87%
    968     0   352862.8571   237   199193.0000      Cuts: 95    79893   76.87%
    968     0   352748.2042   249   199193.0000      Cuts: 94    80089   76.87%
    968     0   352736.0841   252   199193.0000     Cuts: 128    80245   76.87%
    968     0   352720.0561   258   199193.0000     Cuts: 126    80371   76.87%
    968     0   352704.4214   246   199193.0000     Cuts: 104    80577   76.87%
    968     0   352610.6844   283   199193.0000      Cuts: 95    81012   76.87%
    968     0   352489.0241   264   199193.0000     Cuts: 200    81303   76.87%
    968     0   352260.0532   345   199193.0000     Cuts: 120    81491   76.84%
    968     0   352248.3929   335   199193.0000     Cuts: 222    81599   76.84%
    968     0   352211.0000   215   199193.0000     Cuts: 166    81666   76.82%
    968     0   352211.0000   205   199193.0000       Cuts: 5    81681   76.82%
    968     0   352211.0000   208   199193.0000      Cuts: 49    81689   76.82%
    968     2   352211.0000   208   199193.0000   352211.0000    81689   76.82%
    969     3   352191.7500   244   199193.0000   352191.5833    81890   76.81%
    971     5   351900.0000   201   199193.0000   352191.0000    82865   76.81%
    972     6   351599.7775   284   199193.0000   352191.0000    83304   76.81%
    974     8   351743.3793   219   199193.0000   352191.0000    85323   76.81%
    975     9   351760.4565   355   199193.0000   352191.0000    85661   76.81%
    977    11   351679.6292   349   199193.0000   352191.0000    86637   76.81%
    979    13   351321.4384   236   199193.0000   352191.0000    88949   76.81%
    982    16   351112.7745   237   199193.0000   352191.0000    91248   76.81%
Elapsed time = 11.93 sec. (31894.05 ticks, tree = 0.12 MB, solutions = 1)
    984    18   351059.5761   227   199193.0000   352191.0000    92672   76.81%
    985    19   350285.2131   384   199193.0000   352191.0000    95756   76.81%
    987    21   350346.0961   229   199193.0000   352191.0000    98164   76.81%
    989    23   350322.6888   225   199193.0000   352191.0000   100208   76.81%
    991    25   350252.2107   222   199193.0000   352191.0000   100955   76.81%
    994    28   350218.6325   315   199193.0000   352191.0000   102278   76.81%
    997    31   349948.0392   321   199193.0000   352191.0000   103171   76.81%
   1000    34   349205.8534   273   199193.0000   352191.0000   104922   76.81%
   1005    33   351420.3000   272   199193.0000   352044.7778   111393   76.74%
   1008    36   350769.6917   233   199193.0000   352044.7778   112817   76.74%
Elapsed time = 18.73 sec. (45764.70 ticks, tree = 0.66 MB, solutions = 1)
   1011    39   351201.2622   274   199193.0000   352044.7778   113906   76.74%
   1013    41   351181.3330   351   199193.0000   352044.7778   114874   76.74%
   1017    45   351076.1963   563   199193.0000   352044.7778   115590   76.74%
   1019    47   351056.5561   382   199193.0000   352044.7778   117035   76.74%
   1021    49   350856.7001   448   199193.0000   352044.7778   118117   76.74%
   1024    52   350796.2095   268   199193.0000   352044.7778   119887   76.74%
   1027    55   349637.1877   334   199193.0000   352044.7778   124048   76.74%
   1031    54   350415.6992   377   199193.0000   351811.9565   126426   76.62%
   1034    57   349990.0013   316   199193.0000   351811.9565   127382   76.62%
   1038    61   349899.5775   279   199193.0000   351811.9565   129380   76.62%
Elapsed time = 23.22 sec. (58319.28 ticks, tree = 1.02 MB, solutions = 1)
   1042    65   349600.9428   275   199193.0000   351811.9565   133050   76.62%
   1047    70   347627.8914   277   199193.0000   351811.9565   137906   76.62%
   1050    69   350429.6667   245   199193.0000   351759.2826   140315   76.59%
   1054    73   350207.4402   220   199193.0000   351759.2826   141163   76.59%
   1059    78   349974.2388   327   199193.0000   351759.2826   142103   76.59%
   1067    86   349660.5807   316   199193.0000   351759.2826   143084   76.59%
   1073    91   347852.4029   302   199193.0000   351759.2826   144770   76.59%
   1080    98   345196.2606   469   199193.0000   351759.2826   147390   76.59%
   1083   101   344064.5000   393   199193.0000   351759.2826   149906   76.59%
   1086   104   344022.2000   472   199193.0000   351759.2826   150395   76.59%
Elapsed time = 27.25 sec. (69876.97 ticks, tree = 2.74 MB, solutions = 1)
   1090   107   343230.1707   266   199193.0000   351759.2826   151650   76.59%
   1100   117   342219.3000   294   199193.0000   351759.2826   153973   76.59%
   1112   125   349582.9749   377   199193.0000   351743.2657   156903   76.58%
   1122   135   348727.4641   442   199193.0000   351743.2657   159497   76.58%
   1126   137   348625.3504   546   199193.0000   351743.2657   159950   76.58%
   1129   140   348562.8269   370   199193.0000   351743.2657   160253   76.58%
   1141   152   347708.6822   300   199193.0000   351743.2657   161993   76.58%
   1155   160   351176.2310   207   199193.0000   351742.8230   164982   76.58%
   1161   164    infeasible         199193.0000   351742.8230   167805   76.58%
   1167   166   351286.4074   242   199193.0000   351679.5744   169431   76.55%
Elapsed time = 31.08 sec. (80984.37 ticks, tree = 5.59 MB, solutions = 1)
   1177   176   350356.4231   605   199193.0000   351679.5744   171629   76.55%
   1196   195   349811.3244   483   199193.0000   351679.5744   174128   76.55%
   1212   209   345292.4269   261   199193.0000   351679.5744   177605   76.55%
   1221   214   349733.5048   269   199193.0000   351679.4528   181252   76.55%
   1228   219   349466.7975   351   199193.0000   351679.4528   183788   76.55%
   1240   227    infeasible         199193.0000   351679.4528   187425   76.55%
   1252   239   347334.3262   293   199193.0000   351611.2938   191856   76.52%
   1265   248   350822.2500   303   199193.0000   351599.6373   196393   76.51%
   1271   250   350177.2286   506   199193.0000   351598.5259   200167   76.51%
   1285   261   347375.4349   414   199193.0000   351598.5259   203662   76.51%
Elapsed time = 34.67 sec. (92144.79 ticks, tree = 7.37 MB, solutions = 1)
   1297   271   349606.2430   300   199193.0000   351506.0123   207013   76.47%
   1302   276   349510.6392   611   199193.0000   351506.0123   208019   76.47%
   1305   279   349507.6581   689   199193.0000   351506.0123   208261   76.47%
   1308   282   349379.3970   519   199193.0000   351506.0123   208861   76.47%
   1320   294   348932.8603   409   199193.0000   351506.0123   210117   76.47%
   1327   298   350697.5759   449   199193.0000   351490.9958   213444   76.46%
   1344   315   350022.2025   329   199193.0000   351490.9958   216204   76.46%
   1364   335   348614.9981   371   199193.0000   351490.9958   219471   76.46%
   1375   346   344975.0563   361   199193.0000   351490.9958   221237   76.46%
   1391   358   350488.2500   216   199193.0000   351488.0000   224370   76.46%
Elapsed time = 38.13 sec. (102611.49 ticks, tree = 11.98 MB, solutions = 1)
   1409   376   347034.0212   367   199193.0000   351488.0000   229111   76.46%
   1439   406   343875.5067   386   199193.0000   351488.0000   232841   76.46%
   1448   411   351266.5224   535   199193.0000   351477.9601   235451   76.45%
   1462   425   351157.3243   420   199193.0000   351477.9601   237668   76.45%
   1479   442   350102.0372   276   199193.0000   351477.9601   240244   76.45%
   1488   449   347452.4928   244   199193.0000   351477.9601   242765   76.45%
   1526   479   351139.6664   264   199193.0000   351473.2345   246146   76.45%
   1532   485   348870.2223   258   199193.0000   351473.2345   249633   76.45%
   1539   492   349827.2235   237   199193.0000   351473.2345   254387   76.45%
   1571   516   349069.4802   254   199193.0000   351418.8859   271159   76.42%
Elapsed time = 42.86 sec. (116178.10 ticks, tree = 15.03 MB, solutions = 1)
   1653   594   339673.9323   277   199193.0000   351366.8318   286940   76.40%
   1744   679   348695.3115   347   199193.0000   351365.2619   300313   76.39%
   1800   725   345042.3366   306   199193.0000   351362.1484   317248   76.39%
   1860   776   348949.0290   344   199193.0000   351332.7172   328528   76.38%
   1930   836    infeasible         199193.0000   351332.4371   345255   76.38%
   1975   878   342321.9956   280   199193.0000   351321.0566   359529   76.37%
   2039   934   347078.1096   244   199193.0000   351318.5891   374931   76.37%
   2131  1009   350235.1502   439   199193.0000   351295.6607   387426   76.36%
   2203  1071   351080.3853   278   199193.0000   351278.9871   405129   76.35%
   2269  1135   342459.4478   313   199193.0000   351278.9871   419345   76.35%
Elapsed time = 58.51 sec. (154945.55 ticks, tree = 39.49 MB, solutions = 1)
   2327  1180    infeasible         199193.0000   351261.1679   436332   76.34%
   2382  1223   347146.6559   305   199193.0000   351260.1811   454681   76.34%
   2458  1287   350955.5315   252   199193.0000   351247.3220   471766   76.34%
   2514  1339   344076.3599   414   199193.0000   351242.4926   488327   76.33%
   2577  1394   349964.5729   412   199193.0000   351227.8462   505674   76.33%
*  2668+ 1477                       199286.0000   351227.8462            76.24%
   2683  1488   347940.3921   305   199286.0000   351223.7866   522827   76.24%
   2715  1511   347168.0167   207   199286.0000   351220.2817   540505   76.24%

Clique cuts applied:  6
Cover cuts applied:  4
Implied bound cuts applied:  118
Flow cuts applied:  14
Mixed integer rounding cuts applied:  181
Zero-half cuts applied:  241
Gomory fractional cuts applied:  8

Root node processing (before b&c):
  Real time             =    0.34 sec. (813.36 ticks)
Sequential b&c:
  Real time             =   67.66 sec. (181754.93 ticks)
                          ------------
Total (root+branch&cut) =   68.00 sec. (182568.29 ticks)
[CPLEX] Status: time limit exceeded
[CPLEX] OPTIMAL OBJ: 199286.0
[CPLEX] Runtime: 68.012 sec
Vehicle 0: d → 3 → 7 → 8 → 21 → 14 → 9 → 24 → 4 → 19 → 23 → 25 → 6 → 12 → 20 → 18 → d, (requests = [1, 3, 17, 27, 30, 33, 36, 43])
Vehicle 1: d → 12 → 0 → 15 → 29 → 25 → 13 → 26 → 19 → 4 → 24 → 9 → 14 → 21 → 7 → 10 → 27 → 22 → 2 → 5 → d, (requests = [6, 7, 11, 16, 20, 23, 32, 37, 45])
Vehicle 2: d → 2 → 22 → 27 → 7 → 8 → 21 → 14 → 28 → 24 → 4 → 19 → 26 → 13 → 25 → 15 → 11 → d, (requests = [2, 8, 14, 19, 25, 28, 40])
Vehicle 3: d → 5 → 1 → 22 → 27 → 10 → 7 → 17 → d, (requests = [10, 21, 24])
Vehicle 4: d → 29 → 11 → 0 → 12 → 20 → d, (requests = [4, 18])
Vehicle 5: d → 16 → 18 → 30 → 20 → 12 → 6 → 25 → 23 → 26 → 19 → 4 → 28 → 14 → 21 → 8 → 17 → d, (requests = [5, 12, 22, 29, 35, 44])
Vehicle 6: d, (requests = [])
Vehicle 7: d, (requests = [])
Vehicle 8: d, (requests = [])
======== PPDSP OBJECTIVE ========
Profit    = 238835
Cost      = 39549
Objective = 199286
=================================
===== RAW XY MODEL =====
104 148 205 233 278 313 405 458 608 632 659 687 762 773 807 996 1040 1094 1177 1216 1259 1327 1372 1409 1467 1494 1534 1637 1704 1731 1802 1838 1876 1911 1978 2029 2283 2344 2429 2474 2580 2638 2673 2688 2831 2883 2928 2969 3012 3042 3068 3117 3191 3370 3477 3557 3643 3891 4047 4190 4313 4457 4797 4849 5116 5384 5466 5742 5803 5859 5976 6055 6116 6161 6192 6198 6238 6266 6348 6409 6437 6496 6566 6594 2051 3223 2055 5473 6615 2188 2190 3229 4350 3296 6622 3306 3311 3313 5487 4427 4430 4436 6632 4442 5559 5563 5571 5578 6639 6703 6716 6721 6738 7862 7870 7892 9041 9054 9058
  [Time Manager] Step 54 consumed 68.01s. Total Consumed: 3191.16s.
  [Info] Saved 10224 core assumption literals to p1_A-n32-k5_r49v9k3.lp.asm

[55/60] Building & Solving: R=50, V=9, K=3
Default row names c1, c2 ... being created.
  [Info] Generating MIP Formulation...
  [Time Manager] Global Remaining Budget: 408.84s | Future Weight Sum: 6.0
  [Time Manager] Recalibrated Budget for this step: 68.14s
[CPLEX] Setting time limit to 68 seconds
[CPLEX] Reading assumption from p1_A-n32-k5_r49v9k3.lp.asm ...
[CPLEX] Applying MIP Start with 9657 variables.
Version identifier: 22.1.1.0 | 2022-11-28 | 9160aff4d
CPXPARAM_Read_DataCheck                          1
CPXPARAM_Threads                                 1
CPXPARAM_TimeLimit                               68
1 of 1 MIP starts provided solutions.
MIP start 'm1' defined initial solution with objective 199286.0000.
Tried aggregator 1 time.
MIP Presolve eliminated 18 rows and 7677 columns.
MIP Presolve modified 5088 coefficients.
Reduced MIP has 5486 rows, 2556 columns, and 29097 nonzeros.
Reduced MIP has 1998 binaries, 558 generals, 0 SOSs, and 0 indicators.
Presolve time = 0.01 sec. (17.04 ticks)
Probing time = 0.00 sec. (3.22 ticks)
Tried aggregator 1 time.
Detecting symmetries...
Reduced MIP has 5486 rows, 2556 columns, and 29097 nonzeros.
Reduced MIP has 1998 binaries, 558 generals, 0 SOSs, and 0 indicators.
Presolve time = 0.01 sec. (19.14 ticks)
Probing time = 0.00 sec. (3.00 ticks)
Clique table members: 1031.
MIP emphasis: balance optimality and feasibility.
MIP search method: dynamic search.
Parallel mode: none, using 1 thread.
Root relaxation solution time = 0.03 sec. (50.13 ticks)

        Nodes                                         Cuts/
   Node  Left     Objective  IInf  Best Integer    Best Bound    ItCnt     Gap

*     0+    0                       199286.0000  3273462.0000              --- 
      0     0   357230.0000   163   199286.0000   357230.0000     1228   79.25%
      0     0   357230.0000   193   199286.0000     Cuts: 235     1271   79.25%
      0     0   357230.0000   225   199286.0000     Cuts: 132     1349   79.25%
      0     2   357230.0000   225   199286.0000   357230.0000     1349   79.25%
Elapsed time = 0.33 sec. (796.32 ticks, tree = 0.01 MB, solutions = 1)
      2     4   356510.0000   243   199286.0000   357070.1592     3051   79.17%
      6     8   356644.6383   301   199286.0000   356968.3492     4834   79.12%
      8    10   356238.5430   237   199286.0000   356952.9439     6574   79.12%
     10    12   356583.7681   251   199286.0000   356847.4299     8108   79.06%
     15    17   356500.6954   203   199286.0000   356847.4299     9528   79.06%
     20    22   356152.0856   157   199286.0000   356847.4299    10669   79.06%
     30    30   355472.4300   245   199286.0000   356847.4299    11885   79.06%
     56    52   353315.7772   238   199286.0000   356847.4299    13320   79.06%
     70    66   352430.4775   184   199286.0000   356847.4299    15018   79.06%
    103    95   356358.9176   202   199286.0000   356847.3141    19368   79.06%
Elapsed time = 1.68 sec. (4195.83 ticks, tree = 2.07 MB, solutions = 1)
    136   119   355248.3182   377   199286.0000   356643.1383    23365   78.96%
    190   168   354808.2793   229   199286.0000   356641.9362    28875   78.96%
    280   242   345239.7396   189   199286.0000   356590.2340    34214   78.93%
    314   270   355591.7174   365   199286.0000   356583.7681    39077   78.93%
    397   340   356132.3000   189   199286.0000   356563.0874    44428   78.92%
    449   385   354369.5677   205   199286.0000   356541.5040    49105   78.91%

Performing restart 1

Repeating presolve.
Tried aggregator 1 time.
MIP Presolve modified 171 coefficients.
Reduced MIP has 5486 rows, 2556 columns, and 29097 nonzeros.
Reduced MIP has 1998 binaries, 558 generals, 0 SOSs, and 0 indicators.
Presolve time = 0.01 sec. (15.06 ticks)
Tried aggregator 1 time.
Reduced MIP has 5486 rows, 2556 columns, and 29097 nonzeros.
Reduced MIP has 1998 binaries, 558 generals, 0 SOSs, and 0 indicators.
Presolve time = 0.01 sec. (20.20 ticks)
Represolve time = 0.02 sec. (49.20 ticks)
    481     0   357230.0000   343   199286.0000      Cuts: 93    53679   78.91%
    481     0   357230.0000   345   199286.0000       Cuts: 7    53710   78.91%
    481     0   357230.0000   232   199286.0000       Cuts: 2    53738   78.91%
    481     0   357230.0000   228   199286.0000      Cuts: 86    53747   78.91%
    481     0   357222.4000   238   199286.0000      Cuts: 85    53838   78.91%
    481     0   357211.0000   244   199286.0000     Cuts: 105    53924   78.91%
    481     2   357211.0000   244   199286.0000   356541.5040    53924   78.91%
    482     3   356942.5887   244   199286.0000   356541.5040    54279   78.91%
    483     3   356309.3739   266   199286.0000   356541.5040    55293   78.91%
    484     4   355744.7282   262   199286.0000   356541.5040    56369   78.91%
Elapsed time = 6.83 sec. (17881.74 ticks, tree = 0.01 MB, solutions = 1)
    485     5   355218.3645   245   199286.0000   356541.5040    56695   78.91%
    487     7   355089.1458   350   199286.0000   356541.5040    58267   78.91%
    489     9   354722.7643   246   199286.0000   356541.5040    60737   78.91%
    491    11   354701.5099   273   199286.0000   356541.5040    62430   78.91%
    492    12   354598.5527   264   199286.0000   356541.5040    63158   78.91%
    494    14   354387.2753   255   199286.0000   356541.5040    66149   78.91%
    497    17   354129.0912   256   199286.0000   356541.5040    68055   78.91%
    500    20   354059.8658   256   199286.0000   356541.5040    69840   78.91%
    503    23   352527.5194   250   199286.0000   356541.5040    74326   78.91%
    505    25   352399.3082   402   199286.0000   356541.5040    76725   78.91%
Elapsed time = 11.39 sec. (30504.38 ticks, tree = 0.39 MB, solutions = 1)
    510    26   356510.0000   186   199286.0000   356541.5040    79917   78.91%
    512    28   356343.9560   327   199286.0000   356541.5040    82349   78.91%
    514    30   356031.1280   348   199286.0000   356541.5040    86825   78.91%
    516    32   356007.7121   336   199286.0000   356541.5040    90896   78.91%
    519    35   355953.9532   232   199286.0000   356541.5040    92320   78.91%
    521    37   355891.3207   238   199286.0000   356541.5040    93913   78.91%
    523    39   355831.0228   338   199286.0000   356541.5040    98794   78.91%
    526    42   354866.0196   267   199286.0000   356541.5040   101480   78.91%
    531    45   353851.9112   227   199286.0000   356541.5040   105560   78.91%
    534    48   354744.7295   207   199286.0000   356541.5040   109572   78.91%
Elapsed time = 18.02 sec. (44850.08 ticks, tree = 0.63 MB, solutions = 1)
    537    51   354637.2124   333   199286.0000   356541.5040   113660   78.91%
    540    54   354367.8815   381   199286.0000   356541.5040   117237   78.91%
    542    56   354013.5388   306   199286.0000   356541.5040   122244   78.91%
    546    60   353852.0202   249   199286.0000   356541.5040   124555   78.91%
    550    62   353714.4936   273   199286.0000   356541.5040   128861   78.91%
    553    61    infeasible         199286.0000   356541.5040   133439   78.91%
    557    65   352648.0026   284   199286.0000   356541.5040   135456   78.91%
    560    65   356401.9045   197   199286.0000   356401.8129   140302   78.84%
    571    76   355701.6541   193   199286.0000   356401.8129   143224   78.84%
    576    77   355447.7336   303   199286.0000   356351.5571   151335   78.81%
Elapsed time = 21.90 sec. (55628.24 ticks, tree = 0.94 MB, solutions = 1)
    584    85   354262.3387   302   199286.0000   356351.5571   155692   78.81%
    589    88   353087.1667   285   199286.0000   356351.5571   161156   78.81%
    595    94   352758.5000   273   199286.0000   356351.5571   164257   78.81%
    598    97   352485.0000   280   199286.0000   356351.5571   165380   78.81%
    600    99   352362.0000   269   199286.0000   356351.5571   166742   78.81%
    602   101   352227.3333   365   199286.0000   356351.5571   168970   78.81%
    605   104   352148.0140   355   199286.0000   356351.5571   171559   78.81%
    608   107   351783.6186   384   199286.0000   356351.5571   174260   78.81%
    613   108   356116.7202   220   199286.0000   356350.6019   179391   78.81%
    628   123   353675.7643   248   199286.0000   356350.6019   182008   78.81%
Elapsed time = 25.66 sec. (66464.16 ticks, tree = 0.97 MB, solutions = 1)
    637   132   352692.5443   423   199286.0000   356350.6019   183563   78.81%
    641   136   352418.6753   473   199286.0000   356350.6019   184451   78.81%
    646   141   351758.9309   401   199286.0000   356350.6019   185699   78.81%
    659   150   355734.8695   250   199286.0000   356343.3788   189256   78.81%
    668   159   353999.0791   330   199286.0000   356343.3788   193500   78.81%
    678   169   352421.6642   361   199286.0000   356343.3788   195817   78.81%
    684   169   355925.6497   237   199286.0000   356226.5154   199496   78.75%
    690   175   355202.3216   365   199286.0000   356226.5154   201507   78.75%
    702   187   353149.9118   290   199286.0000   356226.5154   203913   78.75%
    724   205   356019.0566   223   199286.0000   356160.5997   206986   78.72%
Elapsed time = 29.44 sec. (76752.35 ticks, tree = 1.84 MB, solutions = 1)
    741   220   353947.4523   245   199286.0000   356160.5997   211284   78.72%
    761   236   354485.6299   242   199286.0000   356123.7006   215689   78.70%
    768   243   353994.3838   310   199286.0000   356123.7006   217104   78.70%
    775   250   352458.7733   387   199286.0000   356123.7006   219679   78.70%
    792   261    infeasible         199286.0000   356123.7006   223614   78.70%
    810   279   353541.9223   245   199286.0000   356122.6198   228147   78.70%
    830   295   356030.1419   346   199286.0000   356116.3006   232786   78.70%
    841   306   353834.0980   226   199286.0000   356116.3006   237031   78.70%
    857   316   354151.1330   372   199286.0000   356105.1047   240965   78.69%
    868   323   355540.9969   320   199286.0000   356096.0548   245565   78.69%
Elapsed time = 33.07 sec. (86902.39 ticks, tree = 4.53 MB, solutions = 1)
    889   340   353478.7693   302   199286.0000   356096.0548   250114   78.69%
    900   347   355690.6653   192   199286.0000   356030.4979   253866   78.65%
    924   371   353918.0620   224   199286.0000   356030.4979   257886   78.65%
    940   383    infeasible         199286.0000   356030.4979   262048   78.65%
    946   387   354030.6751   303   199286.0000   356029.5797   265928   78.65%
    960   399   352809.0394   369   199286.0000   356029.5797   271084   78.65%
    974   409    infeasible         199286.0000   356029.5797   276965   78.65%
    981   416   354303.2532   262   199286.0000   356028.5000   281583   78.65%
    990   421    infeasible         199286.0000   356028.5000   288227   78.65%
   1001   430   353052.3928   263   199286.0000   356028.5000   292645   78.65%
Elapsed time = 36.76 sec. (97508.75 ticks, tree = 7.06 MB, solutions = 1)
   1010   437    infeasible         199286.0000   356028.5000   298033   78.65%
   1013   436   355657.5625   226   199286.0000   356028.5000   302756   78.65%
   1023   446   354246.4527   344   199286.0000   356028.5000   306691   78.65%
   1036   459   353559.6666   405   199286.0000   356028.5000   309792   78.65%
   1055   474   355581.1393   338   199286.0000   356012.5787   313573   78.64%
   1068   487   354355.9846   762   199286.0000   356012.5787   317341   78.64%
   1083   502   353335.7609   511   199286.0000   356012.5787   321381   78.64%
   1094   509    infeasible         199286.0000   356012.5787   325994   78.64%
   1108   523   353913.5356   505   199286.0000   356006.8749   330360   78.64%
   1158   557   355671.4134   265   199286.0000   355987.0000   346422   78.63%
Elapsed time = 41.19 sec. (110324.80 ticks, tree = 10.94 MB, solutions = 1)
   1217   603   350775.2957   307   199286.0000   355955.5707   363081   78.62%
   1273   648   354073.4690   258   199286.0000   355953.5000   378549   78.61%
   1327   697   354834.3488   235   199286.0000   355952.7627   389579   78.61%
   1379   735    infeasible         199286.0000   355952.7627   402724   78.61%
   1444   783    infeasible         199286.0000   355923.9428   420784   78.60%
   1513   833   352158.3913   413   199286.0000   355882.4389   439794   78.58%
   1571   868   352612.5063   240   199286.0000   355839.8644   455842   78.56%
   1650   935   350160.3825   580   199286.0000   355829.3641   474517   78.55%
   1722   996   354562.6976   266   199286.0000   355827.1868   492127   78.55%
   1785  1049   350899.6437   247   199286.0000   355825.7913   510564   78.55%
Elapsed time = 56.41 sec. (149086.20 ticks, tree = 26.70 MB, solutions = 1)
   1832  1080   351381.8784   421   199286.0000   355814.9286   530079   78.54%
   1879  1113   354299.1764   230   199286.0000   355795.1100   547320   78.53%
   1970  1180    infeasible         199286.0000   355785.5921   566411   78.53%
   2018  1209   354784.3840   246   199286.0000   355765.6192   584570   78.52%
   2082  1249    infeasible         199286.0000   355746.3547   603973   78.51%
   2146  1294   350114.5487   385   199286.0000   355705.7726   624241   78.49%
   2192  1315   354850.7717   287   199286.0000   355673.4327   642455   78.47%
   2254  1359   353039.4950   422   199286.0000   355664.2224   661524   78.47%

Clique cuts applied:  15
Cover cuts applied:  9
Implied bound cuts applied:  35
Flow cuts applied:  11
Mixed integer rounding cuts applied:  86
Zero-half cuts applied:  26
Gomory fractional cuts applied:  5

Root node processing (before b&c):
  Real time             =    0.33 sec. (796.49 ticks)
Sequential b&c:
  Real time             =   67.67 sec. (180670.53 ticks)
                          ------------
Total (root+branch&cut) =   68.00 sec. (181467.02 ticks)
[CPLEX] Status: time limit exceeded
[CPLEX] OPTIMAL OBJ: 199286.0
[CPLEX] Runtime: 68.012 sec
Vehicle 0: d → 3 → 7 → 8 → 21 → 14 → 9 → 24 → 4 → 19 → 23 → 25 → 6 → 12 → 20 → 18 → d, (requests = [1, 3, 17, 27, 30, 33, 36, 43])
Vehicle 1: d → 12 → 0 → 15 → 29 → 25 → 13 → 26 → 19 → 4 → 24 → 9 → 14 → 21 → 7 → 10 → 27 → 22 → 2 → 5 → d, (requests = [6, 7, 11, 16, 20, 23, 32, 37, 45])
Vehicle 2: d → 2 → 22 → 27 → 7 → 8 → 21 → 14 → 28 → 24 → 4 → 19 → 26 → 13 → 25 → 15 → 11 → d, (requests = [2, 8, 14, 19, 25, 28, 40])
Vehicle 3: d → 5 → 1 → 22 → 27 → 10 → 7 → 17 → d, (requests = [10, 21, 24])
Vehicle 4: d → 29 → 11 → 0 → 12 → 20 → d, (requests = [4, 18])
Vehicle 5: d → 16 → 18 → 30 → 20 → 12 → 6 → 25 → 23 → 26 → 19 → 4 → 28 → 14 → 21 → 8 → 17 → d, (requests = [5, 12, 22, 29, 35, 44])
Vehicle 6: d, (requests = [])
Vehicle 7: d, (requests = [])
Vehicle 8: d, (requests = [])
======== PPDSP OBJECTIVE ========
Profit    = 238835
Cost      = 39549
Objective = 199286
=================================
===== RAW XY MODEL =====
104 148 205 233 278 313 405 458 608 632 659 687 762 773 807 996 1040 1094 1177 1216 1259 1327 1372 1409 1467 1494 1534 1637 1704 1731 1802 1838 1876 1911 1978 2029 2283 2344 2429 2474 2580 2638 2673 2688 2831 2883 2928 2969 3012 3042 3068 3117 3191 3370 3477 3557 3643 3891 4047 4190 4313 4457 4797 4849 5116 5384 5466 5742 5803 5859 5976 6055 6116 6161 6192 6198 6238 6266 6348 6409 6437 6496 6566 6594 2051 3223 2055 5473 6615 2188 2190 3229 4350 3296 6622 3306 3311 3313 5487 4427 4430 4436 6632 4442 5559 5563 5571 5578 6639 6703 6716 6721 6738 7862 7870 7892 9041 9054 9058
  [Time Manager] Step 55 consumed 68.02s. Total Consumed: 3259.17s.
  [Info] Saved 10233 core assumption literals to p1_A-n32-k5_r50v9k3.lp.asm

[56/60] Building & Solving: R=51, V=9, K=3
Default row names c1, c2 ... being created.
  [Info] Generating MIP Formulation...
  [Time Manager] Global Remaining Budget: 340.83s | Future Weight Sum: 5.0
  [Time Manager] Recalibrated Budget for this step: 68.17s
[CPLEX] Setting time limit to 68 seconds
[CPLEX] Reading assumption from p1_A-n32-k5_r50v9k3.lp.asm ...
[CPLEX] Applying MIP Start with 9666 variables.
Version identifier: 22.1.1.0 | 2022-11-28 | 9160aff4d
CPXPARAM_Read_DataCheck                          1
CPXPARAM_Threads                                 1
CPXPARAM_TimeLimit                               68
1 of 1 MIP starts provided solutions.
MIP start 'm1' defined initial solution with objective 199286.0000.
Tried aggregator 1 time.
MIP Presolve eliminated 18 rows and 7677 columns.
MIP Presolve modified 5052 coefficients.
Reduced MIP has 5514 rows, 2565 columns, and 29358 nonzeros.
Reduced MIP has 2007 binaries, 558 generals, 0 SOSs, and 0 indicators.
Presolve time = 0.01 sec. (17.14 ticks)
Probing time = 0.00 sec. (3.24 ticks)
Tried aggregator 1 time.
Detecting symmetries...
Reduced MIP has 5514 rows, 2565 columns, and 29358 nonzeros.
Reduced MIP has 2007 binaries, 558 generals, 0 SOSs, and 0 indicators.
Presolve time = 0.01 sec. (19.28 ticks)
Probing time = 0.00 sec. (3.01 ticks)
Clique table members: 1032.
MIP emphasis: balance optimality and feasibility.
MIP search method: dynamic search.
Parallel mode: none, using 1 thread.
Root relaxation solution time = 0.03 sec. (50.66 ticks)

        Nodes                                         Cuts/
   Node  Left     Objective  IInf  Best Integer    Best Bound    ItCnt     Gap

*     0+    0                       199286.0000  3364263.0000              --- 
      0     0   367319.0000   167   199286.0000   367319.0000     1277   84.32%
      0     0   367319.0000   195   199286.0000     Cuts: 234     1360   84.32%
      0     0   367319.0000   226   199286.0000     Cuts: 129     1397   84.32%
*     0+    0                       199368.0000   367319.0000            84.24%
      0     0        cutoff         199368.0000   367319.0000     1397   84.24%
      0     2   367319.0000   226   199368.0000   367319.0000     1397   84.24%
Elapsed time = 0.33 sec. (808.39 ticks, tree = 0.01 MB, solutions = 2)
      2     4   366599.0000   165   199368.0000   367152.1422     3157   84.16%
      5     7   366542.5891   225   199368.0000   367152.1422     5302   84.16%
      7     9   366402.8780   330   199368.0000   367152.1422     7050   84.16%
     10    12   366340.8871   251   199368.0000   367152.1422     8247   84.16%
     13    15   365664.4255   343   199368.0000   367152.1422    10510   84.16%
     20    22   365660.7731   275   199368.0000   367152.1422    12410   84.16%
     30    31   365537.8451   162   199368.0000   367152.1422    14138   84.16%
     46    46   364839.5248   152   199368.0000   367152.1422    15913   84.16%
     60    56   364310.8453   143   199368.0000   367152.1422    16430   84.16%
    110    96   366756.0254   283   199368.0000   367149.6812    24787   84.16%
Elapsed time = 1.86 sec. (4674.57 ticks, tree = 0.53 MB, solutions = 2)
    150   136   364453.9645   124   199368.0000   367149.6812    32614   84.16%
    221   184   366486.7271   269   199368.0000   366998.6471    40918   84.08%
    276   225   366125.3958   251   199368.0000   366913.3701    48211   84.04%
    293   242   365620.0093   186   199368.0000   366913.3701    52134   84.04%
    356   290   365991.7709   249   199368.0000   366756.0254    59918   83.96%
    426   342   365688.8714   270   199368.0000   366756.0254    67574   83.96%
    516   415   366344.2035   252   199368.0000   366755.6764    77685   83.96%
    570   455   366528.3924   267   199368.0000   366733.6383    85607   83.95%
    621   497   365791.0350   219   199368.0000   366733.6383    92772   83.95%
    677   539   365416.1732   234   199368.0000   366731.8121   100339   83.95%
Elapsed time = 5.92 sec. (14613.48 ticks, tree = 1.36 MB, solutions = 2)
    739   587   366417.3908   329   199368.0000   366716.4458   108466   83.94%
    771   617   363228.8996   206   199368.0000   366716.4458   116596   83.94%
    817   657   365537.9455   281   199368.0000   366705.7422   124690   83.93%
    907   728   365237.8932   233   199368.0000   366705.5911   133358   83.93%
    995   793   366617.3890   271   199368.0000   366689.0709   141095   83.93%
   1035   825   365620.5262   295   199368.0000   366685.5140   150319   83.92%

Performing restart 1

Repeating presolve.
Tried aggregator 1 time.
MIP Presolve modified 171 coefficients.
Reduced MIP has 5514 rows, 2565 columns, and 29358 nonzeros.
Reduced MIP has 2007 binaries, 558 generals, 0 SOSs, and 0 indicators.
Presolve time = 0.01 sec. (15.18 ticks)
Tried aggregator 1 time.
Reduced MIP has 5514 rows, 2565 columns, and 29358 nonzeros.
Reduced MIP has 2007 binaries, 558 generals, 0 SOSs, and 0 indicators.
Presolve time = 0.01 sec. (20.36 ticks)
Represolve time = 0.02 sec. (50.31 ticks)
   1036     0   367319.0000   234   199368.0000     Cuts: 104   151978   83.92%
   1036     0   367319.0000   230   199368.0000     Cuts: 128   151987   83.92%
   1036     0   367282.2083   245   199368.0000     Cuts: 105   152084   83.92%
   1036     0   367265.3000   238   199368.0000     Cuts: 120   152121   83.92%
   1036     0   367082.5833   260   199368.0000      Cuts: 94   152534   83.92%
   1036     0   366952.5320   255   199368.0000      Cuts: 76   152743   83.92%
   1036     0   366912.2000   255   199368.0000      Cuts: 82   152795   83.92%
   1036     0   366892.0165   267   199368.0000     Cuts: 120   152994   83.92%
   1036     0   366850.9628   345   199368.0000     Cuts: 113   153473   83.92%
   1036     0   366710.3043   250   199368.0000     Cuts: 139   153705   83.92%
   1036     0   366689.0000   236   199368.0000     Cuts: 201   153787   83.92%
   1036     0   366599.0000   206   199368.0000      Cuts: 88   153962   83.88%
   1036     0   366599.0000   208   199368.0000      Cuts: 83   153992   83.88%
   1036     2   366599.0000   208   199368.0000   366599.0000   153992   83.88%
   1037     3   366550.5714   286   199368.0000   366550.5385   154679   83.86%
   1038     4   364794.8119   241   199368.0000   366550.5385   157919   83.86%
   1039     5   364760.4828   213   199368.0000   366550.5385   158433   83.86%
Elapsed time = 12.80 sec. (32516.94 ticks, tree = 0.01 MB, solutions = 2)
   1040     6   364733.8119   220   199368.0000   366550.5385   158573   83.86%
   1041     7   364493.5346   365   199368.0000   366550.5385   159134   83.86%
   1042     8   364441.8165   341   199368.0000   366550.5385   160235   83.86%
   1043     9   364382.5256   415   199368.0000   366550.5385   161612   83.86%
   1045     9   364300.5896   565   199368.0000   366550.5385   163719   83.86%
   1047    11   364199.6564   487   199368.0000   366550.5385   164799   83.86%
   1048    11   364156.0669   507   199368.0000   366550.5385   166020   83.86%
   1049    12   363193.1254   446   199368.0000   366550.5385   167929   83.86%
   1050    13   363355.8741   333   199368.0000   366550.5385   168658   83.86%
   1057    20   362827.9061   271   199368.0000   366550.5385   171737   83.86%
Elapsed time = 19.73 sec. (47672.14 ticks, tree = 0.22 MB, solutions = 2)
   1061    24   362617.1923   354   199368.0000   366550.5385   173869   83.86%
   1067    29   362053.6918   324   199368.0000   366550.5385   176674   83.86%
   1074    33   365993.7420   471   199368.0000   366550.0000   181545   83.86%
   1076    35   365949.2094   469   199368.0000   366550.0000   183344   83.86%
   1081    40   364716.3523   511   199368.0000   366550.0000   188494   83.86%
   1087    44   365357.3795   512   199368.0000   366550.0000   194103   83.86%
   1090    47   365321.4521   329   199368.0000   366550.0000   199894   83.86%
   1095    52   365251.0998   336   199368.0000   366550.0000   206726   83.86%
   1100    55   364276.9319   469   199368.0000   366550.0000   210661   83.86%
   1108    63   364179.4242   385   199368.0000   366550.0000   216187   83.86%
Elapsed time = 23.78 sec. (58805.90 ticks, tree = 0.61 MB, solutions = 2)
   1114    67   360904.4023   244   199368.0000   366550.0000   222214   83.86%
   1121    70   366015.0000   212   199368.0000   366288.0000   227817   83.72%
   1126    75   365952.5000   213   199368.0000   366288.0000   228831   83.72%
   1136    85   364240.3613   277   199368.0000   366288.0000   232602   83.72%
   1150    99   359897.4495   279   199368.0000   366288.0000   236160   83.72%
   1165   108   365876.0000   181   199368.0000   366212.2578   241537   83.69%
   1170   113   365141.6916   486   199368.0000   366212.2578   243926   83.69%
   1176   119   364786.8397   339   199368.0000   366212.2578   245652   83.69%
   1189   132   364477.4024   382   199368.0000   366212.2578   246999   83.69%
   1200   143   363318.2261   466   199368.0000   366212.2578   249055   83.69%
Elapsed time = 28.27 sec. (71101.38 ticks, tree = 2.92 MB, solutions = 2)
   1209   152   363002.3585   493   199368.0000   366212.2578   249967   83.69%
   1219   162   362389.7784   376   199368.0000   366212.2578   250475   83.69%
   1231   172   358215.0988   472   199368.0000   366212.2578   252228   83.69%
   1233   174   358067.7299   392   199368.0000   366212.2578   252708   83.69%
   1246   186   357073.1583   468   199368.0000   366212.2578   254329   83.69%
   1256   192   364066.1903   309   199368.0000   366208.3725   257699   83.68%
   1278   214   362080.9248   519   199368.0000   366208.3725   260131   83.68%
   1302   236   358332.2736   186   199368.0000   366208.3725   262619   83.68%
   1316   248   356440.8514   462   199368.0000   366208.3725   265525   83.68%
   1336   260    infeasible         199368.0000   366208.3725   269186   83.68%
Elapsed time = 32.22 sec. (81985.15 ticks, tree = 8.57 MB, solutions = 2)
   1349   273   363893.3864   265   199368.0000   366069.9167   273995   83.62%
   1358   282   362788.7974   322   199368.0000   366069.9167   276543   83.62%
   1376   298   360582.5323   332   199368.0000   366069.9167   280791   83.62%
   1397   312   363460.0954   605   199368.0000   366069.5000   284944   83.61%
   1410   323   363920.7887   376   199368.0000   366013.2500   289359   83.59%
   1417   330   362583.3270   537   199368.0000   366013.2500   291797   83.59%
   1426   335   363398.3884   521   199368.0000   366013.2500   295895   83.59%
   1436   339   365759.6105   392   199368.0000   366004.7778   299428   83.58%
   1447   350   365146.8602   461   199368.0000   366004.7778   302275   83.58%
   1463   366   363940.3128   400   199368.0000   366004.7778   305146   83.58%
Elapsed time = 35.81 sec. (92612.62 ticks, tree = 11.15 MB, solutions = 2)
   1486   385   365789.1750   377   199368.0000   365993.5950   308560   83.58%
   1494   393   364903.5469   346   199368.0000   365993.5950   312788   83.58%
   1499   398   362982.6066   241   199368.0000   365993.5950   317350   83.58%
   1511   410   362300.8662   335   199368.0000   365993.5950   321844   83.58%
   1527   426   360227.2532   371   199368.0000   365993.5950   325676   83.58%
   1558   457   357560.7516   329   199368.0000   365993.5950   330716   83.58%
   1576   468   365251.0687   421   199368.0000   365965.6250   334504   83.56%
   1589   481   361133.8953   337   199368.0000   365965.6250   339720   83.56%
   1611   500   363685.1411   270   199368.0000   365952.5000   344124   83.56%
   1648   529   365581.1750   248   199368.0000   365952.0000   348786   83.56%
Elapsed time = 39.38 sec. (102628.87 ticks, tree = 15.09 MB, solutions = 2)
   1656   537   362387.3163   530   199368.0000   365952.0000   353074   83.56%
   1670   551   361057.0110   376   199368.0000   365952.0000   357485   83.56%
   1690   566   361580.9657   307   199368.0000   365948.7775   362437   83.55%
   1709   579   364176.5493   506   199368.0000   365944.2856   367391   83.55%
   1716   586   363753.6983   495   199368.0000   365944.2856   371134   83.55%
   1727   593    infeasible         199368.0000   365944.2856   376388   83.55%
   1741   605   362690.0916   277   199368.0000   365876.0000   381122   83.52%
   1757   617   365751.6000   485   199368.0000   365858.9560   384747   83.51%
   1777   637   364474.7358   320   199368.0000   365858.9560   387803   83.51%
   1827   687   355262.7080   304   199368.0000   365858.9560   397975   83.51%
Elapsed time = 44.02 sec. (116235.96 ticks, tree = 21.60 MB, solutions = 2)
   1917   775   334520.0500   269   199368.0000   365858.9560   406713   83.51%
   1996   850   362750.2556   235   199368.0000   365807.8454   417662   83.48%
   2104   946   362628.2412   243   199368.0000   365792.5000   434677   83.48%
   2182  1022   357208.9277   409   199368.0000   365792.5000   450539   83.48%
   2245  1071   362048.9171   528   199368.0000   365774.3702   469294   83.47%
   2307  1129   364882.6637   472   199368.0000   365765.2813   488046   83.46%
   2365  1178   361557.0824   403   199368.0000   365756.2863   507784   83.46%
   2428  1227   363652.7884   623   199368.0000   365750.9919   526652   83.46%
   2483  1274   361798.8647   365   199368.0000   365740.2911   543830   83.45%
   2592  1377   363780.8149   436   199368.0000   365736.7453   560018   83.45%
Elapsed time = 59.42 sec. (155329.78 ticks, tree = 50.13 MB, solutions = 2)
   2677  1451   357978.7141   301   199368.0000   365719.5938   579393   83.44%
   2733  1493   362151.7111   297   199368.0000   365712.5000   598072   83.44%
   2797  1549   359724.5258   427   199368.0000   365692.0000   614479   83.43%
   2858  1600   365254.2941   626   199368.0000   365691.7322   631792   83.43%
   2935  1667   362727.0905   265   199368.0000   365687.6057   648421   83.42%
   3034  1766   350129.2726   379   199368.0000   365687.6057   665769   83.42%

Clique cuts applied:  11
Cover cuts applied:  3
Implied bound cuts applied:  69
Flow cuts applied:  20
Mixed integer rounding cuts applied:  155
Zero-half cuts applied:  185
Lift and project cuts applied:  1
Gomory fractional cuts applied:  8

Root node processing (before b&c):
  Real time             =    0.34 sec. (808.69 ticks)
Sequential b&c:
  Real time             =   67.67 sec. (180204.76 ticks)
                          ------------
Total (root+branch&cut) =   68.00 sec. (181013.44 ticks)
[CPLEX] Status: time limit exceeded
[CPLEX] OPTIMAL OBJ: 199368.0
[CPLEX] Runtime: 68.013 sec
Vehicle 0: d → 3 → 7 → 8 → 21 → 14 → 9 → 24 → 4 → 19 → 23 → 25 → 6 → 12 → 20 → 18 → d, (requests = [1, 3, 17, 27, 30, 33, 36, 43])
Vehicle 1: d → 12 → 0 → 15 → 29 → 25 → 13 → 26 → 19 → 4 → 24 → 9 → 14 → 21 → 7 → 10 → 27 → 22 → 2 → 5 → d, (requests = [6, 7, 11, 16, 20, 23, 32, 37, 45])
Vehicle 2: d → 2 → 22 → 27 → 7 → 8 → 21 → 14 → 28 → 24 → 4 → 19 → 26 → 13 → 25 → 15 → 11 → d, (requests = [2, 8, 14, 19, 28, 40, 50])
Vehicle 3: d → 5 → 1 → 22 → 27 → 10 → 7 → 17 → d, (requests = [10, 21, 24])
Vehicle 4: d → 29 → 11 → 0 → 12 → 20 → d, (requests = [4, 18])
Vehicle 5: d → 16 → 18 → 30 → 20 → 12 → 6 → 25 → 23 → 26 → 19 → 4 → 28 → 14 → 21 → 8 → 17 → d, (requests = [5, 12, 22, 29, 35, 44])
Vehicle 6: d, (requests = [])
Vehicle 7: d, (requests = [])
Vehicle 8: d, (requests = [])
======== PPDSP OBJECTIVE ========
Profit    = 238917
Cost      = 39549
Objective = 199368
=================================
===== RAW XY MODEL =====
104 148 205 233 278 313 405 458 608 632 659 687 762 773 807 996 1040 1094 1177 1216 1259 1327 1372 1409 1467 1494 1534 1637 1704 1731 1802 1838 1876 1911 1978 2029 2283 2344 2429 2474 2580 2638 2673 2688 2831 2883 2928 2969 3012 3042 3068 3117 3191 3370 3477 3557 3643 3891 4047 4190 4313 4457 4797 4849 5116 5384 5466 5742 5803 5859 5976 6055 6116 6161 6192 6198 6238 6266 6348 6409 6437 6496 6566 6594 2051 3223 2055 5473 6615 2188 2190 3229 4350 3296 6622 3306 3311 3313 5487 4427 4430 4436 6632 4442 5559 5571 5578 6639 6703 6716 6721 6738 7862 7870 7892 9041 9054 9058 10236
  [Time Manager] Step 56 consumed 68.02s. Total Consumed: 3327.19s.
  [Info] Saved 10242 core assumption literals to p1_A-n32-k5_r51v9k3.lp.asm

[57/60] Building & Solving: R=52, V=9, K=3
Default row names c1, c2 ... being created.
  [Info] Generating MIP Formulation...
  [Time Manager] Global Remaining Budget: 272.81s | Future Weight Sum: 4.0
  [Time Manager] Recalibrated Budget for this step: 68.20s
[CPLEX] Setting time limit to 68 seconds
[CPLEX] Reading assumption from p1_A-n32-k5_r51v9k3.lp.asm ...
[CPLEX] Applying MIP Start with 9675 variables.
Version identifier: 22.1.1.0 | 2022-11-28 | 9160aff4d
CPXPARAM_Read_DataCheck                          1
CPXPARAM_Threads                                 1
CPXPARAM_TimeLimit                               68
1 of 1 MIP starts provided solutions.
MIP start 'm1' defined initial solution with objective 199368.0000.
Tried aggregator 1 time.
MIP Presolve eliminated 9 rows and 7677 columns.
MIP Presolve modified 5046 coefficients.
Reduced MIP has 5551 rows, 2574 columns, and 29763 nonzeros.
Reduced MIP has 2016 binaries, 558 generals, 0 SOSs, and 0 indicators.
Presolve time = 0.01 sec. (17.53 ticks)
Probing time = 0.00 sec. (3.26 ticks)
Tried aggregator 1 time.
Detecting symmetries...
Reduced MIP has 5551 rows, 2574 columns, and 29763 nonzeros.
Reduced MIP has 2016 binaries, 558 generals, 0 SOSs, and 0 indicators.
Presolve time = 0.01 sec. (19.50 ticks)
Probing time = 0.00 sec. (3.00 ticks)
Clique table members: 1015.
MIP emphasis: balance optimality and feasibility.
MIP search method: dynamic search.
Parallel mode: none, using 1 thread.
Root relaxation solution time = 0.02 sec. (39.27 ticks)

        Nodes                                         Cuts/
   Node  Left     Objective  IInf  Best Integer    Best Bound    ItCnt     Gap

*     0+    0                       199368.0000  3413205.0000              --- 
      0     0   372607.0000   166   199368.0000   372607.0000     1201   86.89%
      0     0   372607.0000   197   199368.0000     Cuts: 218     1271   86.89%
      0     0   372607.0000   228   199368.0000     Cuts: 127     1312   86.89%
      0     2   372607.0000   228   199368.0000   372607.0000     1312   86.89%
Elapsed time = 0.36 sec. (834.27 ticks, tree = 0.01 MB, solutions = 1)
      2     4   371870.0000   167   199368.0000   372442.6849     2995   86.81%
      5     7   371800.1514   229   199368.0000   372442.6849     5497   86.81%
      7     9   371476.5088   198   199368.0000   372442.6849     7517   86.81%
     11    13   370937.4282   213   199368.0000   372442.6849     9032   86.81%
     17    19   370439.0344   350   199368.0000   372442.6849    10760   86.81%
     24    26   370324.9898   259   199368.0000   372442.6849    12410   86.81%
     29    31   370216.6770   272   199368.0000   372442.6849    14217   86.81%
     37    39   369603.2421   206   199368.0000   372442.6849    15695   86.81%
     53    52   368875.2729   162   199368.0000   372442.6849    16278   86.81%
     97    86   372274.6298   380   199368.0000   372440.1965    19935   86.81%
Elapsed time = 1.78 sec. (4365.02 ticks, tree = 2.78 MB, solutions = 1)
    103    92   372045.6253   289   199368.0000   372440.1965    22214   86.81%
    140   125   369380.6945   141   199368.0000   372440.1965    27182   86.81%
    210   179   368316.6964   164   199368.0000   372274.5606    32228   86.73%
    271   228   371585.7128   292   199368.0000   372013.2118    36873   86.60%
    323   270   370904.7986   314   199368.0000   372010.3087    42496   86.59%
    386   327   371554.0882   286   199368.0000   371994.1249    47024   86.59%
    462   389   371657.1114   404   199368.0000   371994.1249    52070   86.59%
    514   432   369238.6885   218   199368.0000   371991.2001    57111   86.59%

Performing restart 1

Repeating presolve.
Tried aggregator 1 time.
MIP Presolve modified 153 coefficients.
Reduced MIP has 5551 rows, 2574 columns, and 29763 nonzeros.
Reduced MIP has 2016 binaries, 558 generals, 0 SOSs, and 0 indicators.
Presolve time = 0.01 sec. (15.40 ticks)
Tried aggregator 1 time.
Reduced MIP has 5551 rows, 2574 columns, and 29763 nonzeros.
Reduced MIP has 2016 binaries, 558 generals, 0 SOSs, and 0 indicators.
Presolve time = 0.01 sec. (20.64 ticks)
Represolve time = 0.02 sec. (49.91 ticks)
    524     0   372607.0000   231   199368.0000     Cuts: 116    59026   86.59%
    524     0   372607.0000   231   199368.0000     Cuts: 118    59036   86.59%
    524     0   372599.7619   238   199368.0000      Cuts: 88    59092   86.59%
    524     0   372588.5655   247   199368.0000     Cuts: 103    59160   86.59%
    524     0   372566.4692   258   199368.0000     Cuts: 126    59428   86.59%
    524     2   372566.4692   254   199368.0000   371991.2001    59428   86.59%
    525     3   372395.0000   232   199368.0000   371991.2001    59929   86.59%
Elapsed time = 6.68 sec. (17626.05 ticks, tree = 0.01 MB, solutions = 1)
    527     5   371959.0000   441   199368.0000   371991.2001    61298   86.59%
    529     7   371870.0000   204   199368.0000   371991.2001    62357   86.59%
    531     9   371776.7931   213   199368.0000   371991.2001    64842   86.59%
    532    10   371475.0000   398   199368.0000   371991.2001    66348   86.59%
    534    12   371096.7512   349   199368.0000   371991.2001    69646   86.59%
    536    14   370498.3924   260   199368.0000   371991.2001    73898   86.59%
    539    17   370338.0414   356   199368.0000   371991.2001    77697   86.59%
    541    19   370124.7303   406   199368.0000   371991.2001    79710   86.59%
    543    21   369989.4615   299   199368.0000   371991.2001    81693   86.59%
    544    22   369927.5748   280   199368.0000   371991.2001    83015   86.59%
Elapsed time = 12.02 sec. (33308.89 ticks, tree = 0.30 MB, solutions = 1)
    546    24   369749.0799   363   199368.0000   371991.2001    86003   86.59%
    548    26   369478.9334   263   199368.0000   371991.2001    89853   86.59%
    550    28   369429.3988   294   199368.0000   371991.2001    94038   86.59%
    552    30   368842.6856   288   199368.0000   371991.2001    99279   86.59%
    554    32   368577.7362   285   199368.0000   371991.2001   100708   86.59%
    557    35   367965.4512   317   199368.0000   371991.2001   103956   86.59%
    559    37   368050.0167   329   199368.0000   371991.2001   110403   86.59%
    563    37   372170.8350   225   199368.0000   371991.2001   115602   86.59%
    566    40   371857.3461   259   199368.0000   371991.2001   116121   86.59%
    569    43   371734.7547   255   199368.0000   371991.2001   117419   86.59%
Elapsed time = 18.26 sec. (45586.30 ticks, tree = 0.89 MB, solutions = 1)
    573    47   370897.1129   351   199368.0000   371991.2001   118282   86.59%
    577    51   370572.6517   269   199368.0000   371991.2001   119375   86.59%
    581    55   370492.2037   260   199368.0000   371991.2001   121035   86.59%
    585    59   369415.5098   248   199368.0000   371991.2001   123059   86.59%
    591    63   368902.7115   241   199368.0000   371991.2001   125467   86.59%
    596    64   372022.1450   240   199368.0000   371991.2001   128284   86.59%
    613    81   371045.9407   254   199368.0000   371991.2001   130405   86.59%
    620    88   369720.1370   235   199368.0000   371991.2001   132083   86.59%
    632    99   367726.3456   270   199368.0000   371991.2001   133255   86.59%
    640   104   371021.1718   379   199368.0000   371991.2001   136135   86.59%
Elapsed time = 22.16 sec. (56527.15 ticks, tree = 3.74 MB, solutions = 1)
    645   109   370132.7955   286   199368.0000   371991.2001   137722   86.59%
    654   118   369366.9944   419   199368.0000   371991.2001   139254   86.59%
    658   122   368823.7324   314   199368.0000   371991.2001   140189   86.59%
    667   128   368434.3869   447   199368.0000   371991.2001   141394   86.59%
    670   131   368092.4072   536   199368.0000   371991.2001   142426   86.59%
    676   137   367931.2469   467   199368.0000   371991.2001   143186   86.59%
    682   143   366236.1277   383   199368.0000   371991.2001   144342   86.59%
    688   147   364538.8106   389   199368.0000   371991.2001   145519   86.59%
    695   154   363631.7075   389   199368.0000   371991.2001   147163   86.59%
    705   158   371234.8058   309   199368.0000   371991.2001   149652   86.59%
Elapsed time = 26.26 sec. (67498.11 ticks, tree = 6.18 MB, solutions = 1)
    710   163   369705.9313   403   199368.0000   371991.2001   150753   86.59%
    714   166   368531.5832   247   199368.0000   371991.2001   151750   86.59%
    724   175   365471.3666   343   199368.0000   371991.2001   152792   86.59%
    734   183   364058.2036   354   199368.0000   371991.2001   156522   86.59%
    755   200   370242.3885   256   199368.0000   371959.0000   159803   86.57%
    767   212   368783.3188   369   199368.0000   371959.0000   162444   86.57%
    784   229   368085.6672   256   199368.0000   371959.0000   165037   86.57%
    806   241    infeasible         199368.0000   371959.0000   168471   86.57%
    814   249   369856.4501   370   199368.0000   371901.0526   170985   86.54%
    821   254    infeasible         199368.0000   371901.0526   174400   86.54%
Elapsed time = 29.97 sec. (77898.91 ticks, tree = 10.04 MB, solutions = 1)
    824   257   368282.0435   406   199368.0000   371901.0526   176990   86.54%
    828   259   366332.4164   342   199368.0000   371901.0526   181497   86.54%
    835   262    infeasible         199368.0000   371901.0526   185965   86.54%
    844   271   370342.1429   451   199368.0000   371891.4858   188649   86.54%
    855   282   369150.7219   293   199368.0000   371891.4858   191146   86.54%
    866   293   368237.8636   455   199368.0000   371891.4858   194019   86.54%
    888   310    infeasible         199368.0000   371891.4858   198317   86.54%
    902   324   367105.4908   530   199368.0000   371867.1961   202036   86.52%
    924   344   365726.4745   265   199368.0000   371867.1961   204662   86.52%
    933   353   363663.0394   264   199368.0000   371867.1961   207001   86.52%
Elapsed time = 33.68 sec. (88642.26 ticks, tree = 14.44 MB, solutions = 1)
    959   379   362183.3369   321   199368.0000   371867.1961   209922   86.52%
    973   389   369884.9345   296   199368.0000   371866.0000   213056   86.52%
    988   404   363525.6559   362   199368.0000   371866.0000   217107   86.52%
   1002   413   371280.3770   445   199368.0000   371866.0000   221792   86.52%
   1008   419   368889.2573   245   199368.0000   371866.0000   225419   86.52%
   1018   427    infeasible         199368.0000   371866.0000   229426   86.52%
   1026   432   366991.0980   373   199368.0000   371866.0000   233348   86.52%
   1045   451   364501.6322   411   199368.0000   371866.0000   237560   86.52%
   1055   460   362495.0668   360   199368.0000   371866.0000   241005   86.52%
   1081   483   359391.0771   328   199368.0000   371866.0000   244442   86.52%
Elapsed time = 37.25 sec. (98601.16 ticks, tree = 20.33 MB, solutions = 1)
   1104   502   371013.8402   361   199368.0000   371852.4183   248891   86.52%
   1121   519   365702.2857   322   199368.0000   371852.4183   253511   86.52%
   1144   540   362680.3970   324   199368.0000   371852.4183   256721   86.52%
   1155   544   371504.6818   210   199368.0000   371775.9873   261223   86.48%
   1164   553   369420.6367   562   199368.0000   371775.9873   265309   86.48%
   1182   567   370013.1548   243   199368.0000   371733.6781   270029   86.46%
   1189   572   367748.1936   272   199368.0000   371733.6781   273972   86.46%
   1210   593   365862.5215   280   199368.0000   371733.6781   278189   86.46%
   1238   616   370306.1511   377   199368.0000   371722.0015   283622   86.45%
   1288   658   370403.3244   625   199368.0000   371641.9498   300233   86.41%
Elapsed time = 41.74 sec. (111577.52 ticks, tree = 27.01 MB, solutions = 1)
   1374   737   366707.2363   323   199368.0000   371622.0429   317062   86.40%
   1460   816   365947.9214   658   199368.0000   371614.5840   330753   86.40%
   1517   863    infeasible         199368.0000   371612.9550   348535   86.40%
   1593   927   369289.0404   235   199368.0000   371520.5159   365495   86.35%
   1672   998   366244.7240   642   199368.0000   371511.7324   383215   86.34%
   1762  1077   370823.3446   278   199368.0000   371510.7869   395051   86.34%
   1811  1108    infeasible         199368.0000   371504.6818   413720   86.34%
   1880  1166    infeasible         199368.0000   371491.2936   430542   86.33%
   1934  1210   367465.3228   426   199368.0000   371452.5000   448279   86.32%
   1990  1251   365714.4487   253   199368.0000   371425.8559   465557   86.30%
Elapsed time = 56.67 sec. (150272.06 ticks, tree = 45.41 MB, solutions = 1)
   2044  1288   371284.1242   549   199368.0000   371356.1953   484402   86.27%
   2125  1365   362981.1154   442   199368.0000   371352.5939   501309   86.26%
   2226  1454   369033.9585   390   199368.0000   371341.8115   518956   86.26%
   2283  1495   367323.6346   418   199368.0000   371322.4434   537545   86.25%
   2364  1566   366757.0621   307   199368.0000   371295.7195   555606   86.24%
   2461  1655   363363.8957   238   199368.0000   371283.0165   574953   86.23%
   2540  1724    infeasible         199368.0000   371282.9317   588172   86.23%
   2642  1803   369203.1062   566   199368.0000   371280.3770   605510   86.23%

Clique cuts applied:  18
Cover cuts applied:  2
Implied bound cuts applied:  38
Flow cuts applied:  7
Mixed integer rounding cuts applied:  97
Zero-half cuts applied:  23
Gomory fractional cuts applied:  5

Root node processing (before b&c):
  Real time             =    0.36 sec. (834.44 ticks)
Sequential b&c:
  Real time             =   67.64 sec. (182648.80 ticks)
                          ------------
Total (root+branch&cut) =   68.00 sec. (183483.24 ticks)
[CPLEX] Status: time limit exceeded
[CPLEX] OPTIMAL OBJ: 199368.0
[CPLEX] Runtime: 68.012 sec
Vehicle 0: d → 3 → 7 → 8 → 21 → 14 → 9 → 24 → 4 → 19 → 23 → 25 → 6 → 12 → 20 → 18 → d, (requests = [1, 3, 17, 27, 30, 33, 36, 43])
Vehicle 1: d → 12 → 0 → 15 → 29 → 25 → 13 → 26 → 19 → 4 → 24 → 9 → 14 → 21 → 7 → 10 → 27 → 22 → 2 → 5 → d, (requests = [6, 7, 11, 16, 20, 23, 32, 37, 45])
Vehicle 2: d → 2 → 22 → 27 → 7 → 8 → 21 → 14 → 28 → 24 → 4 → 19 → 26 → 13 → 25 → 15 → 11 → d, (requests = [2, 8, 14, 19, 28, 40, 50])
Vehicle 3: d → 5 → 1 → 22 → 27 → 10 → 7 → 17 → d, (requests = [10, 21, 24])
Vehicle 4: d → 29 → 11 → 0 → 12 → 20 → d, (requests = [4, 18])
Vehicle 5: d → 16 → 18 → 30 → 20 → 12 → 6 → 25 → 23 → 26 → 19 → 4 → 28 → 14 → 21 → 8 → 17 → d, (requests = [5, 12, 22, 29, 35, 44])
Vehicle 6: d, (requests = [])
Vehicle 7: d, (requests = [])
Vehicle 8: d, (requests = [])
======== PPDSP OBJECTIVE ========
Profit    = 238917
Cost      = 39549
Objective = 199368
=================================
===== RAW XY MODEL =====
104 148 205 233 278 313 405 458 608 632 659 687 762 773 807 996 1040 1094 1177 1216 1259 1327 1372 1409 1467 1494 1534 1637 1704 1731 1802 1838 1876 1911 1978 2029 2283 2344 2429 2474 2580 2638 2673 2688 2831 2883 2928 2969 3012 3042 3068 3117 3191 3370 3477 3557 3643 3891 4047 4190 4313 4457 4797 4849 5116 5384 5466 5742 5803 5859 5976 6055 6116 6161 6192 6198 6238 6266 6348 6409 6437 6496 6566 6594 2051 3223 2055 5473 6615 2188 2190 3229 4350 3296 6622 3306 3311 3313 5487 4427 4430 4436 6632 4442 5559 5571 5578 6639 6703 6716 6721 6738 7862 7870 7892 9041 9054 9058 10236
  [Time Manager] Step 57 consumed 68.02s. Total Consumed: 3395.21s.
  [Info] Saved 10251 core assumption literals to p1_A-n32-k5_r52v9k3.lp.asm

[58/60] Building & Solving: R=53, V=9, K=3
Default row names c1, c2 ... being created.
  [Info] Generating MIP Formulation...
  [Time Manager] Global Remaining Budget: 204.79s | Future Weight Sum: 3.0
  [Time Manager] Recalibrated Budget for this step: 68.26s
[CPLEX] Setting time limit to 68 seconds
[CPLEX] Reading assumption from p1_A-n32-k5_r52v9k3.lp.asm ...
[CPLEX] Applying MIP Start with 9684 variables.
Version identifier: 22.1.1.0 | 2022-11-28 | 9160aff4d
CPXPARAM_Read_DataCheck                          1
CPXPARAM_Threads                                 1
CPXPARAM_TimeLimit                               68
1 of 1 MIP starts provided solutions.
MIP start 'm1' defined initial solution with objective 199368.0000.
Tried aggregator 1 time.
MIP Presolve eliminated 9 rows and 7677 columns.
MIP Presolve modified 5046 coefficients.
Reduced MIP has 5579 rows, 2583 columns, and 30051 nonzeros.
Reduced MIP has 2025 binaries, 558 generals, 0 SOSs, and 0 indicators.
Presolve time = 0.01 sec. (17.66 ticks)
Probing time = 0.00 sec. (3.27 ticks)
Tried aggregator 1 time.
Detecting symmetries...
Reduced MIP has 5579 rows, 2583 columns, and 30051 nonzeros.
Reduced MIP has 2025 binaries, 558 generals, 0 SOSs, and 0 indicators.
Presolve time = 0.01 sec. (19.65 ticks)
Probing time = 0.00 sec. (3.01 ticks)
Clique table members: 1016.
MIP emphasis: balance optimality and feasibility.
MIP search method: dynamic search.
Parallel mode: none, using 1 thread.
Root relaxation solution time = 0.04 sec. (48.68 ticks)

        Nodes                                         Cuts/
   Node  Left     Objective  IInf  Best Integer    Best Bound    ItCnt     Gap

*     0+    0                       199368.0000  3459906.0000              --- 
      0     0   377796.0000   168   199368.0000   377796.0000     1204   89.50%
      0     0   377796.0000   200   199368.0000     Cuts: 238     1293   89.50%
      0     0   377796.0000   231   199368.0000     Cuts: 130     1334   89.50%
      0     2   377796.0000   231   199368.0000   377796.0000     1334   89.50%
Elapsed time = 0.36 sec. (837.76 ticks, tree = 0.01 MB, solutions = 1)
      2     4   377059.0000   252   199368.0000   377632.7200     3400   89.41%
      6     8   377498.9356   271   199368.0000   377632.6769     5261   89.41%
      7     9   377042.2857   322   199368.0000   377632.6769     7006   89.41%
      9    11   376974.6142   372   199368.0000   377632.6769     9370   89.41%
     13    15   376902.1891   269   199368.0000   377632.6769    10348   89.41%
     19    21   376426.6842   249   199368.0000   377632.6769    11912   89.41%
     26    28   376363.1391   283   199368.0000   377632.6769    13678   89.41%
     29    31   376571.2665   230   199368.0000   377632.6769    15274   89.41%
     38    38   375645.5341   190   199368.0000   377632.6769    16426   89.41%
    110    91   377192.0638   232   199368.0000   377301.9417    20656   89.25%
Elapsed time = 1.82 sec. (4545.86 ticks, tree = 3.17 MB, solutions = 1)
    129   110   375746.3594   309   199368.0000   377301.9417    25287   89.25%
    225   192   376662.0475   249   199368.0000   377299.9491    30700   89.25%
    307   260   376195.3254   211   199368.0000   377154.5190    35678   89.18%
    402   331   374024.9631   167   199368.0000   377109.2912    40864   89.15%
    427   349   376475.5889   362   199368.0000   377106.0219    45437   89.15%
    506   411   376565.9519   238   199368.0000   377070.5882    50388   89.13%
    566   464   376171.6748   302   199368.0000   377059.0000    55568   89.13%
    620   509   376744.7224   272   199368.0000   377059.0000    60615   89.13%
    659   542   376029.7340   421   199368.0000   377039.7727    65760   89.12%
    742   610   376639.5833   280   199368.0000   377038.4870    71355   89.12%
Elapsed time = 5.36 sec. (14328.20 ticks, tree = 20.84 MB, solutions = 1)
    760   628   376244.0877   226   199368.0000   377038.4870    75237   89.12%
    833   685   374987.0956   257   199368.0000   377032.9465    80272   89.11%
    900   745   374311.9133   290   199368.0000   377008.3120    84969   89.10%
    975   805   373532.2623   214   199368.0000   376989.0540    89927   89.09%
   1041   859   375681.9737   216   199368.0000   376982.8782    94224   89.09%

Performing restart 1

Repeating presolve.
Tried aggregator 1 time.
MIP Presolve modified 153 coefficients.
Reduced MIP has 5579 rows, 2583 columns, and 30051 nonzeros.
Reduced MIP has 2025 binaries, 558 generals, 0 SOSs, and 0 indicators.
Presolve time = 0.01 sec. (15.52 ticks)
Tried aggregator 1 time.
Reduced MIP has 5579 rows, 2583 columns, and 30051 nonzeros.
Reduced MIP has 2025 binaries, 558 generals, 0 SOSs, and 0 indicators.
Presolve time = 0.01 sec. (20.79 ticks)
Represolve time = 0.03 sec. (53.33 ticks)
   1042     0   377796.0000   232   199368.0000     Cuts: 105    95875   89.09%
   1042     0   377796.0000   233   199368.0000      Cuts: 83    95893   89.09%
   1042     0   377796.0000   232   199368.0000      Cuts: 85    95906   89.09%
   1042     0   377683.4792   250   199368.0000      Cuts: 68    96283   89.09%
   1042     0   377550.6855   236   199368.0000     Cuts: 113    96545   89.09%
   1042     0   377468.9853   396   199368.0000      Cuts: 87    96850   89.09%
   1042     0   377385.1019   231   199368.0000      Cuts: 92    97098   89.09%
   1042     0   377329.0358   495   199368.0000      Cuts: 78    97572   89.09%
   1042     0   377225.3820   410   199368.0000     Cuts: 220    97901   89.09%
   1042     0   377137.8911   401   199368.0000      Cuts: 81    98220   89.09%
   1042     0   377111.0000   330   199368.0000     Cuts: 151    98424   89.09%
   1042     0   377059.0000   235   199368.0000     Cuts: 193    98530   89.09%
   1042     0   377059.0000   236   199368.0000       Cuts: 5    98534   89.09%
   1042     0   377059.0000   235   199368.0000      Cuts: 70    98535   89.09%
   1042     2   377059.0000   235   199368.0000   376982.8782    98535   89.09%
   1043     3   376951.1695   303   199368.0000   376950.9880    99378   89.07%
   1044     4   376903.3250   285   199368.0000   376948.5750    99861   89.07%
   1045     5   376805.6833   370   199368.0000   376948.5750   100564   89.07%
   1046     6   376418.2660   292   199368.0000   376948.5750   101536   89.07%
Elapsed time = 11.28 sec. (30013.61 ticks, tree = 0.01 MB, solutions = 1)
   1048     8   376328.3233   268   199368.0000   376948.5750   104148   89.07%
   1050    10   376176.1007   423   199368.0000   376948.5750   107400   89.07%
   1052    12   376066.1403   362   199368.0000   376948.5750   109070   89.07%
   1055    15   375399.3894   258   199368.0000   376948.5750   110828   89.07%
   1057    17   375268.7425   248   199368.0000   376948.5750   111952   89.07%
   1059    19   374876.5440   387   199368.0000   376948.5750   116756   89.07%
   1061    21   374892.4250   388   199368.0000   376948.5750   118355   89.07%
   1065    25   374771.8598   419   199368.0000   376948.5750   120626   89.07%
   1068    28   374514.3464   343   199368.0000   376948.5750   124155   89.07%
   1070    28    infeasible         199368.0000   376948.5750   127309   89.07%
Elapsed time = 17.67 sec. (43143.01 ticks, tree = 0.10 MB, solutions = 1)
   1072    28   374876.2933   313   199368.0000   376805.3333   131541   89.00%
   1075    31   374221.8593   351   199368.0000   376805.3333   133714   89.00%
   1078    34   374299.5391   350   199368.0000   376805.3333   137334   89.00%
   1082    38   373681.1492   436   199368.0000   376805.3333   141202   89.00%
   1085    41   374018.2283   283   199368.0000   376805.3333   143428   89.00%
   1088    44   373350.0506   480   199368.0000   376805.3333   148414   89.00%
   1090    46   373296.6025   529   199368.0000   376805.3333   148879   89.00%
   1092    48   372852.5517   357   199368.0000   376805.3333   149912   89.00%
   1095    51   372797.1598   417   199368.0000   376805.3333   151380   89.00%
   1099    55   372151.0420   297   199368.0000   376805.3333   152995   89.00%
Elapsed time = 22.56 sec. (56876.63 ticks, tree = 0.91 MB, solutions = 1)
   1101    57   372002.6612   296   199368.0000   376805.3333   153269   89.00%
   1104    60   371342.2098   281   199368.0000   376805.3333   154778   89.00%
   1108    64   370298.4639   302   199368.0000   376805.3333   157756   89.00%
   1112    68   370249.0876   367   199368.0000   376805.3333   160761   89.00%
   1116    72   369988.2373   493   199368.0000   376805.3333   163309   89.00%
   1120    75   369337.7640   410   199368.0000   376805.3333   167070   89.00%
   1125    80   369149.3302   384   199368.0000   376805.3333   169409   89.00%
   1131    82   367501.3652   421   199368.0000   376805.3333   171838   89.00%
   1134    81   375403.5792   351   199368.0000   376804.7000   175670   89.00%
   1138    85   375019.8112   374   199368.0000   376804.7000   178377   89.00%
Elapsed time = 26.61 sec. (68620.74 ticks, tree = 1.68 MB, solutions = 1)
   1141    88   374678.5276   539   199368.0000   376804.7000   184318   89.00%
   1145    90   374441.6727   427   199368.0000   376804.7000   188333   89.00%
   1148    93   372540.1257   511   199368.0000   376804.7000   196077   89.00%
   1151    94   372017.2458   437   199368.0000   376804.7000   199593   89.00%
   1155    94   376748.0000   231   199368.0000   376748.0000   203388   88.97%
   1157    96   376319.0000   173   199368.0000   376748.0000   203996   88.97%
   1160    99   375719.0000   176   199368.0000   376748.0000   205126   88.97%
   1162   101   375579.2500   370   199368.0000   376748.0000   206042   88.97%
   1165   104   375278.0833   507   199368.0000   376748.0000   210169   88.97%
   1167   106   375188.3392   732   199368.0000   376748.0000   214415   88.97%
Elapsed time = 31.30 sec. (82683.12 ticks, tree = 2.38 MB, solutions = 1)
   1169   108   374888.7500   502   199368.0000   376748.0000   216603   88.97%
   1172   111   374701.8272   574   199368.0000   376748.0000   220636   88.97%
   1174   113   374521.1667   460   199368.0000   376748.0000   223520   88.97%
   1179   118   374491.1667   460   199368.0000   376748.0000   224168   88.97%
   1182   121   373785.3000   521   199368.0000   376748.0000   225805   88.97%
   1187   125   370827.3333   421   199368.0000   376748.0000   226169   88.97%
   1192   130   370716.0000   204   199368.0000   376748.0000   227094   88.97%
   1196   134   368221.0000   232   199368.0000   376748.0000   229198   88.97%
   1201   139   367309.2500   455   199368.0000   376748.0000   231930   88.97%
   1205   143   366878.8205   622   199368.0000   376748.0000   233575   88.97%
Elapsed time = 35.70 sec. (95568.08 ticks, tree = 3.98 MB, solutions = 1)
   1212   150   358300.0000   329   199368.0000   376748.0000   236139   88.97%
   1219   157   343855.0000   383   199368.0000   376748.0000   238705   88.97%
   1223   161   342888.3077   489   199368.0000   376748.0000   240095   88.97%
   1246   180   332876.0000   288   199368.0000   376748.0000   242274   88.97%
   1264   198   322747.0000   211   199368.0000   376748.0000   244892   88.97%
   1279   207   376331.6132   271   199368.0000   376586.8583   247879   88.89%
   1285   213   374985.0876   479   199368.0000   376586.8583   250018   88.89%
   1294   222   374512.0264   663   199368.0000   376586.8583   251950   88.89%
   1302   230   374112.0616   677   199368.0000   376586.8583   253876   88.89%
   1323   250   373823.6943   435   199368.0000   376586.8583   256346   88.89%
Elapsed time = 39.34 sec. (106136.46 ticks, tree = 5.13 MB, solutions = 1)
   1334   257   376147.5961   319   199368.0000   376417.6600   259848   88.81%
   1340   263   375152.3185   462   199368.0000   376417.6600   263872   88.81%
   1349   267   374659.5416   318   199368.0000   376372.5927   270434   88.78%
   1362   278   370554.4865   318   199368.0000   376372.5927   274718   88.78%
   1385   295    infeasible         199368.0000   376372.5927   276992   88.78%
   1401   303    infeasible         199368.0000   376329.6929   281719   88.76%
   1422   324   374776.0236   235   199368.0000   376319.0000   284919   88.76%
   1442   344   373099.6212   305   199368.0000   376319.0000   288758   88.76%
   1471   370    infeasible         199368.0000   376319.0000   293100   88.76%
   1494   391   371722.2988   462   199368.0000   376298.7468   302309   88.75%
Elapsed time = 44.12 sec. (119798.84 ticks, tree = 6.33 MB, solutions = 1)
   1551   439   371021.6923   266   199368.0000   376273.3796   314656   88.73%
   1648   519    infeasible         199368.0000   376270.9025   328283   88.73%
   1744   611   373827.7781   265   199368.0000   376258.3638   342647   88.73%
   1875   735   374663.0178   317   199368.0000   376241.2886   357835   88.72%
   1996   849   376072.2311   496   199368.0000   376187.8273   364589   88.69%
   2034   881   375492.2066   410   199368.0000   376174.3821   378599   88.68%
   2067   906   373286.9134   370   199368.0000   376169.1397   394353   88.68%
   2130   968   361877.2779   413   199368.0000   376169.1397   408859   88.68%
   2223  1053   374843.9399   444   199368.0000   376138.8708   426524   88.67%
   2304  1134   368982.0951   478   199368.0000   376138.8708   442355   88.67%
Elapsed time = 59.43 sec. (158395.96 ticks, tree = 28.22 MB, solutions = 1)
   2376  1190   375631.0125   327   199368.0000   376063.2218   459719   88.63%
   2415  1220    infeasible         199368.0000   376025.5769   477637   88.61%
   2501  1295   371657.6709   346   199368.0000   375991.2320   494074   88.59%
*  2542+ 1324                       199423.0000   375922.3257            88.50%
*  2542+ 1324                       200248.0000   375922.3257            87.73%
*  2542+ 1324                       203619.0000   375922.3257            84.62%
*  2542+ 1324                       204298.0000   375922.3257            84.01%
   2566  1350   373030.1855   272   204298.0000   375922.3257   506645   84.01%
   2648  1422   372477.4375   370   204298.0000   375872.3384   520410   83.98%
   2713  1475   374762.9287   550   204298.0000   375845.7150   537066   83.97%

Clique cuts applied:  4
Cover cuts applied:  3
Implied bound cuts applied:  110
Flow cuts applied:  14
Mixed integer rounding cuts applied:  268
Zero-half cuts applied:  284
Gomory fractional cuts applied:  12

Root node processing (before b&c):
  Real time             =    0.36 sec. (838.28 ticks)
Sequential b&c:
  Real time             =   67.64 sec. (181495.81 ticks)
                          ------------
Total (root+branch&cut) =   68.00 sec. (182334.09 ticks)
[CPLEX] Status: time limit exceeded
[CPLEX] OPTIMAL OBJ: 204298.0
[CPLEX] Runtime: 68.013 sec
Vehicle 0: d → 3 → 27 → 17 → 7 → 8 → 21 → 14 → 9 → 24 → 4 → 19 → 23 → 25 → 6 → 12 → 20 → 18 → d, (requests = [1, 3, 17, 27, 30, 33, 36, 43, 51])
Vehicle 1: d → 12 → 0 → 15 → 29 → 25 → 13 → 26 → 19 → 4 → 24 → 9 → 14 → 21 → 7 → 10 → 27 → 22 → 2 → 5 → d, (requests = [6, 7, 11, 16, 20, 23, 32, 37, 45])
Vehicle 2: d → 2 → 22 → 27 → 7 → 8 → 21 → 14 → 28 → 24 → 4 → 19 → 26 → 13 → 25 → 15 → 11 → d, (requests = [2, 8, 14, 19, 28, 40, 50])
Vehicle 3: d → 5 → 1 → 22 → 27 → 10 → 7 → 17 → d, (requests = [10, 21, 24])
Vehicle 4: d → 29 → 11 → 0 → 12 → 20 → d, (requests = [4, 18])
Vehicle 5: d → 16 → 18 → 30 → 20 → 12 → 6 → 25 → 23 → 26 → 19 → 4 → 28 → 14 → 21 → 8 → 17 → d, (requests = [5, 12, 22, 29, 35, 44])
Vehicle 6: d, (requests = [])
Vehicle 7: d, (requests = [])
Vehicle 8: d, (requests = [])
======== PPDSP OBJECTIVE ========
Profit    = 244355
Cost      = 40057
Objective = 204298
=================================
===== RAW XY MODEL =====
124 148 205 233 278 313 405 458 552 608 632 659 687 762 773 807 882 996 1040 1094 1177 1216 1259 1327 1372 1409 1467 1494 1534 1637 1704 1731 1802 1838 1876 1911 1978 2029 2283 2344 2429 2474 2580 2638 2673 2688 2831 2883 2928 2969 3012 3042 3068 3117 3191 3370 3477 3557 3643 3891 4047 4190 4313 4457 4797 4849 5116 5384 5466 5742 5803 5859 5976 6055 6116 6161 6192 6198 6238 6266 6348 6409 6437 6496 6566 6594 2051 3223 2055 5473 6615 2188 2190 3229 4350 3296 6622 3306 3311 3313 5487 4427 4430 4436 6632 4442 5559 5571 5578 6639 6703 6716 6721 6738 7862 7870 7892 9041 9054 9058 10236 10243
  [Time Manager] Step 58 consumed 68.02s. Total Consumed: 3463.22s.
  [Info] Saved 10260 core assumption literals to p1_A-n32-k5_r53v9k3.lp.asm

[59/60] Building & Solving: R=53, V=9, K=4
Default row names c1, c2 ... being created.
  [Info] Generating MIP Formulation...
  [Time Manager] Global Remaining Budget: 136.78s | Future Weight Sum: 2.0
  [Time Manager] Recalibrated Budget for this step: 68.39s
[CPLEX] Setting time limit to 68 seconds
[CPLEX] Reading assumption from p1_A-n32-k5_r53v9k3.lp.asm ...
[CPLEX] Applying MIP Start with 9693 variables.
Version identifier: 22.1.1.0 | 2022-11-28 | 9160aff4d
CPXPARAM_Read_DataCheck                          1
CPXPARAM_Threads                                 1
CPXPARAM_TimeLimit                               68
1 of 1 MIP starts provided solutions.
MIP start 'm1' defined initial solution with objective 204298.0000.
Tried aggregator 1 time.
MIP Presolve eliminated 9 rows and 7389 columns.
MIP Presolve modified 6132 coefficients.
Reduced MIP has 6443 rows, 2871 columns, and 36486 nonzeros.
Reduced MIP has 2313 binaries, 558 generals, 0 SOSs, and 0 indicators.
Presolve time = 0.01 sec. (20.54 ticks)
Probing time = 0.00 sec. (3.45 ticks)
Tried aggregator 1 time.
Detecting symmetries...
Reduced MIP has 6443 rows, 2871 columns, and 36486 nonzeros.
Reduced MIP has 2313 binaries, 558 generals, 0 SOSs, and 0 indicators.
Presolve time = 0.01 sec. (23.31 ticks)
Probing time = 0.00 sec. (3.21 ticks)
Clique table members: 1178.
MIP emphasis: balance optimality and feasibility.
MIP search method: dynamic search.
Parallel mode: none, using 1 thread.
Root relaxation solution time = 0.03 sec. (54.49 ticks)

        Nodes                                         Cuts/
   Node  Left     Objective  IInf  Best Integer    Best Bound    ItCnt     Gap

*     0+    0                       204298.0000  3459906.0000              --- 
      0     0   377796.0000   175   204298.0000   377796.0000     1286   84.92%
      0     0   377796.0000   199   204298.0000     Cuts: 231     1382   84.92%
      0     0   377796.0000   233   204298.0000     Cuts: 129     1425   84.92%
      0     2   377796.0000   233   204298.0000   377796.0000     1425   84.92%
Elapsed time = 0.39 sec. (951.62 ticks, tree = 0.01 MB, solutions = 1)
      2     4   377059.0000   169   204298.0000   377632.5064     3418   84.84%
      5     7   376987.5272   224   204298.0000   377632.5064     5369   84.84%
      7     9   376768.5200   418   204298.0000   377632.5064     6841   84.84%
      9    11   376602.2642   411   204298.0000   377632.5064     8506   84.84%
     12    14   376777.6264   344   204298.0000   377632.5064     9835   84.84%
     13    15   376110.2653   335   204298.0000   377632.5064    11048   84.84%
     15    17   376310.9481   431   204298.0000   377632.5064    13061   84.84%
     20    22   375793.7644   286   204298.0000   377632.5064    14460   84.84%
     32    34   375846.1618   216   204298.0000   377632.5064    15722   84.84%
     87    77   377178.7195   274   204298.0000   377628.2313    20785   84.84%
Elapsed time = 1.96 sec. (4867.36 ticks, tree = 2.77 MB, solutions = 1)
     97    87   376216.2710   356   204298.0000   377628.2313    23229   84.84%
    148   136   372868.5176   206   204298.0000   377628.2313    27312   84.84%
    216   187   375716.2748   335   204298.0000   377191.4911    31299   84.63%
    253   220   363260.9358   196   204298.0000   377191.4911    33803   84.63%
    326   273    infeasible         204298.0000   377109.6383    38793   84.59%
    369   309   373552.8082   228   204298.0000   377046.9680    43718   84.56%
    419   348   376145.1265   409   204298.0000   377046.4936    48006   84.56%

Performing restart 1

Repeating presolve.
Tried aggregator 1 time.
MIP Presolve modified 153 coefficients.
Reduced MIP has 6443 rows, 2871 columns, and 36486 nonzeros.
Reduced MIP has 2313 binaries, 558 generals, 0 SOSs, and 0 indicators.
Presolve time = 0.01 sec. (18.35 ticks)
Tried aggregator 1 time.
Reduced MIP has 6443 rows, 2871 columns, and 36486 nonzeros.
Reduced MIP has 2313 binaries, 558 generals, 0 SOSs, and 0 indicators.
Presolve time = 0.01 sec. (24.57 ticks)
Represolve time = 0.03 sec. (61.85 ticks)
    463     0   377796.0000   346   204298.0000       Cuts: 5    54319   84.56%
    463     0   377796.0000   235   204298.0000      Cuts: 34    54384   84.56%
    463     0   377796.0000   234   204298.0000     Cuts: 110    54434   84.56%
    463     0   377788.6327   242   204298.0000      Cuts: 98    54561   84.56%
    463     0   377779.5577   246   204298.0000     Cuts: 115    54594   84.56%
    463     2   377779.5577   246   204298.0000   377046.4936    54594   84.56%
    464     3   377346.0000   237   204298.0000   377046.4936    56374   84.56%
    466     5   377203.6477   231   204298.0000   377046.4936    57633   84.56%
Elapsed time = 8.58 sec. (21700.76 ticks, tree = 0.01 MB, solutions = 1)
    468     7   376930.4774   263   204298.0000   377046.4936    60268   84.56%
    470     9   375891.0483   325   204298.0000   377046.4936    65913   84.56%
    472    11   376295.5624   287   204298.0000   377046.4936    69105   84.56%
    473    12   376484.3135   240   204298.0000   377046.4936    69541   84.56%
    476    15   375628.0849   244   204298.0000   377046.4936    71698   84.56%
    477    16   375872.1240   277   204298.0000   377046.4936    74097   84.56%
    478    17   376019.0935   270   204298.0000   377046.4936    75155   84.56%
    481    20   375606.0024   366   204298.0000   377046.4936    77308   84.56%
    483    22   375554.4666   372   204298.0000   377046.4936    78222   84.56%
    485    24   375510.0261   469   204298.0000   377046.4936    78802   84.56%
Elapsed time = 13.53 sec. (34440.14 ticks, tree = 0.34 MB, solutions = 1)
    488    27   374396.9163   284   204298.0000   377046.4936    79709   84.56%
    492    31   374067.6754   337   204298.0000   377046.4936    81574   84.56%
    497    34   373508.9724   314   204298.0000   377046.4936    83909   84.56%
    502    39   373423.1178   312   204298.0000   377046.4936    85096   84.56%
    506    43   373302.6547   301   204298.0000   377046.4936    86337   84.56%
    512    47   371433.9107   312   204298.0000   377046.4936    87645   84.56%
    518    53   371337.1975   307   204298.0000   377046.4936    88159   84.56%
    525    60   371137.2078   293   204298.0000   377046.4936    89254   84.56%
    533    68   370907.1503   247   204298.0000   377046.4936    90931   84.56%
    543    73   377427.0000   234   204298.0000   377046.4936    92992   84.56%
Elapsed time = 19.95 sec. (46016.71 ticks, tree = 1.49 MB, solutions = 1)
    545    75   376088.3572   286   204298.0000   377046.4936    94501   84.56%
    549    79   375979.5187   281   204298.0000   377046.4936    95468   84.56%
    556    86   374852.6147   399   204298.0000   377046.4936    97592   84.56%
    559    89   374517.5699   275   204298.0000   377046.4936    99288   84.56%
    563    91   374455.3321   385   204298.0000   377046.4936   100393   84.56%
    565    93   374438.2010   348   204298.0000   377046.4936   101122   84.56%
    570    98   374388.4531   356   204298.0000   377046.4936   102608   84.56%
    574   102   373595.9180   282   204298.0000   377046.4936   105507   84.56%
    584   110   369683.2077   255   204298.0000   377046.4936   108009   84.56%
    594   120   369142.0866   268   204298.0000   377046.4936   110814   84.56%
Elapsed time = 24.22 sec. (57508.04 ticks, tree = 2.88 MB, solutions = 1)
    607   126   376782.7689   277   204298.0000   377046.4936   113746   84.56%
    619   138   375919.9907   386   204298.0000   377046.4936   116040   84.56%
    623   142   375713.0505   396   204298.0000   377046.4936   116702   84.56%
    627   146   375593.5292   424   204298.0000   377046.4936   117296   84.56%
    632   151   374246.0110   343   204298.0000   377046.4936   118994   84.56%
    638   157   371457.3603   468   204298.0000   377046.4936   120927   84.56%
    655   174   370024.9383   313   204298.0000   377046.4936   123073   84.56%
    675   189   377257.5468   367   204298.0000   377046.4936   124558   84.56%
    681   195   376305.9344   449   204298.0000   377046.4936   126585   84.56%
    687   201   376242.0476   449   204298.0000   377046.4936   127152   84.56%
Elapsed time = 28.48 sec. (69142.14 ticks, tree = 7.10 MB, solutions = 1)
    702   216   372375.8634   491   204298.0000   377046.4936   130601   84.56%
    704   218   372256.2894   526   204298.0000   377046.4936   131031   84.56%
    722   236   370955.6074   349   204298.0000   377046.4936   132640   84.56%
    744   250   376612.9638   404   204298.0000   377046.4936   136650   84.56%
    755   259   375740.9131   352   204298.0000   377046.4936   139039   84.56%
    770   274   373887.3616   311   204298.0000   377046.4936   142526   84.56%
    782   286   372883.2491   359   204298.0000   377046.4936   145405   84.56%
    791   295   371037.4435   278   204298.0000   377046.4936   147132   84.56%
    810   313   367871.3511   224   204298.0000   377046.4936   149182   84.56%
    828   331   366427.5869   306   204298.0000   377046.4936   151472   84.56%
Elapsed time = 32.52 sec. (80059.70 ticks, tree = 13.88 MB, solutions = 1)
    837   336   376289.3875   245   204298.0000   377046.4936   154952   84.56%
    860   357   374262.5967   326   204298.0000   377046.4936   159011   84.56%
    882   379   370282.9388   259   204298.0000   377046.4936   162602   84.56%
    910   406   366447.2953   298   204298.0000   377046.4936   165838   84.56%
    932   424   377059.0000   206   204298.0000   377046.4936   169391   84.56%
    942   434   375684.9792   334   204298.0000   377046.4936   172295   84.56%
    949   441   375643.6563   376   204298.0000   377046.4936   173780   84.56%
    962   454   374999.2599   241   204298.0000   377046.4936   176731   84.56%
    979   471   374853.8704   303   204298.0000   377046.4936   178345   84.56%
    988   480   374597.8560   255   204298.0000   377046.4936   179988   84.56%
Elapsed time = 36.01 sec. (90033.05 ticks, tree = 18.82 MB, solutions = 1)
    996   488   373814.6855   320   204298.0000   377046.4936   181959   84.56%
    998   490   373784.0367   492   204298.0000   377046.4936   182315   84.56%
   1001   493   373769.8361   433   204298.0000   377046.4936   182615   84.56%
   1015   507   373639.0114   327   204298.0000   377046.4936   183633   84.56%
   1018   510   373591.3497   476   204298.0000   377046.4936   184232   84.56%
   1024   516   373037.6362   405   204298.0000   377046.4936   185384   84.56%
   1029   521   372788.7272   333   204298.0000   377046.4936   186273   84.56%
   1045   537   364663.2269   246   204298.0000   377046.4936   187748   84.56%
   1077   562   376797.6500   238   204298.0000   377046.4936   191207   84.56%
   1093   578   374276.1694   364   204298.0000   377046.4936   195510   84.56%
Elapsed time = 40.11 sec. (100393.71 ticks, tree = 19.84 MB, solutions = 1)
   1113   598   373758.4693   430   204298.0000   377046.4936   198706   84.56%
   1122   607   371964.1414   330   204298.0000   377046.4936   201093   84.56%
   1135   620   371806.8137   477   204298.0000   377046.4936   203492   84.56%
   1142   627   371738.5446   423   204298.0000   377046.4936   204400   84.56%
   1155   636    infeasible         204298.0000   377046.4936   207864   84.56%
   1174   655   374925.8618   384   204298.0000   377046.4936   211105   84.56%
   1193   674   371245.0754   504   204298.0000   377046.4936   214469   84.56%
   1219   700   368647.9936   315   204298.0000   377046.4936   217986   84.56%
   1245   722        cutoff         204298.0000   377046.4936   222872   84.56%
   1293   770   372111.8612   738   204298.0000   376971.6040   234346   84.52%
Elapsed time = 44.71 sec. (113609.73 ticks, tree = 29.85 MB, solutions = 1)
   1347   820   374385.5742   338   204298.0000   376932.8333   247675   84.50%
   1389   848   374622.6762   232   204298.0000   376851.2500   265368   84.46%
   1443   896   372881.1993   552   204298.0000   376797.6500   281144   84.44%
   1472   921   372775.1053   382   204298.0000   376796.0455   297054   84.43%
   1530   976   376472.6667   319   204298.0000   376782.7689   309180   84.43%
   1599  1043   369341.2456   537   204298.0000   376782.7689   322845   84.43%
   1671  1109   370416.6004   425   204298.0000   376774.8750   336519   84.42%
   1743  1171    infeasible         204298.0000   376773.6612   353343   84.42%
   1823  1249   367711.7609   469   204298.0000   376755.0000   368468   84.41%
   1866  1288   374117.9115   461   204298.0000   376749.3195   383819   84.41%
Elapsed time = 59.97 sec. (152624.56 ticks, tree = 55.44 MB, solutions = 1)
   1953  1375   365391.4697   372   204298.0000   376749.3195   399205   84.41%
*  1963+ 1383                       205211.0000   376749.3195            83.59%
*  2063+ 1477                       215891.0000   376748.0000            74.51%
*  2063+ 1477                       215893.0000   376748.0000            74.51%
   2063  1479   370259.1518   310   215893.0000   376748.0000   413065   74.51%
   2138  1551   375917.3369   408   215893.0000   376748.0000   425262   74.51%
*  2163+ 1574                       215933.0000   376748.0000            74.47%
*  2163+ 1574                       216153.0000   376748.0000            74.30%
   2191  1604   374999.3341   443   216153.0000   376748.0000   431786   74.30%
*  2263+ 1667                       218697.0000   376748.0000            72.27%
*  2263+ 1667                       218712.0000   376748.0000            72.26%
*  2263+ 1667                       219176.0000   376748.0000            71.89%
*  2263+ 1667                       219191.0000   376748.0000            71.88%
*  2263+ 1667                       219482.0000   376748.0000            71.65%
   2268  1674   353300.5360   301   219482.0000   376748.0000   440246   71.65%

Clique cuts applied:  14
Cover cuts applied:  2
Implied bound cuts applied:  45
Flow cuts applied:  6
Mixed integer rounding cuts applied:  89
Zero-half cuts applied:  15
Gomory fractional cuts applied:  5

Root node processing (before b&c):
  Real time             =    0.39 sec. (952.58 ticks)
Sequential b&c:
  Real time             =   67.61 sec. (173184.11 ticks)
                          ------------
Total (root+branch&cut) =   68.00 sec. (174136.69 ticks)
[CPLEX] Status: time limit exceeded
[CPLEX] OPTIMAL OBJ: 219482.0
[CPLEX] Runtime: 68.013 sec
Vehicle 0: d → 3 → 27 → 17 → 7 → 8 → 21 → 14 → 9 → 24 → 4 → 19 → 23 → 25 → 6 → 12 → 20 → 18 → d, (requests = [1, 3, 10, 13, 17, 27, 30, 36, 43, 51])
Vehicle 1: d → 0 → 29 → 25 → 13 → 26 → 19 → 4 → 9 → 14 → 21 → 7 → 17 → 10 → 3 → 27 → 2 → d, (requests = [6, 7, 11, 32, 37, 46, 52])
Vehicle 2: d → 2 → 22 → 27 → 7 → 8 → 21 → 14 → 28 → 24 → 4 → 19 → 26 → 13 → 25 → 15 → 11 → d, (requests = [2, 8, 19, 40, 48, 50])
Vehicle 3: d → 5 → 1 → 27 → 10 → 7 → 17 → d, (requests = [21, 24])
Vehicle 4: d → 29 → 11 → 0 → 12 → 20 → d, (requests = [4, 18])
Vehicle 5: d → 16 → 18 → 30 → 20 → 12 → 6 → 25 → 23 → 26 → 19 → 4 → 24 → 14 → 8 → 17 → 27 → 22 → d, (requests = [5, 12, 16, 29, 34, 35, 44, 45])
Vehicle 6: d, (requests = [])
Vehicle 7: d → 28 → 4 → 19 → 23 → 25 → 11 → 0 → 15 → d, (requests = [0, 14, 15])
Vehicle 8: d, (requests = [])
======== PPDSP OBJECTIVE ========
Profit    = 264388
Cost      = 44906
Objective = 219482
=================================
===== RAW XY MODEL =====
124 148 205 233 278 313 405 458 552 608 632 659 687 762 773 807 882 996 1054 1120 1148 1162 1266 1327 1348 1467 1494 1579 1637 1704 1838 1876 1891 1978 2017 2283 2344 2429 2474 2580 2638 2673 2688 2831 2883 2928 2969 3012 3042 3068 3117 3191 3375 3477 3557 3643 3891 4190 4313 4457 4797 4849 5116 5384 5466 5738 5803 5859 5976 6042 6116 6157 6192 6198 6238 6321 6348 6368 6409 6437 6472 6566 6594 7919 8051 8256 8415 8535 8665 8715 8804 8924 8928 2051 3223 2055 5473 6615 2188 2190 3229 2195 3296 6622 3301 8942 8943 6626 3313 5487 4427 4436 5559 5571 6639 6703 6716 6732 6738 7862 7870 7892 9041 9054 9062 9066 10218 10236 10243 10253
  [Time Manager] Step 59 consumed 68.02s. Total Consumed: 3531.24s.
  [Info] Saved 10260 core assumption literals to p1_A-n32-k5_r53v9k4.lp.asm

[60/60] Building & Solving: R=54, V=9, K=4
Default row names c1, c2 ... being created.
  [Info] Generating MIP Formulation...
  [Time Manager] Global Remaining Budget: 68.76s | Future Weight Sum: 1.0
  [Time Manager] Recalibrated Budget for this step: 68.76s
[CPLEX] Setting time limit to 68 seconds
[CPLEX] Reading assumption from p1_A-n32-k5_r53v9k4.lp.asm ...
[CPLEX] Applying MIP Start with 9693 variables.
Version identifier: 22.1.1.0 | 2022-11-28 | 9160aff4d
CPXPARAM_Read_DataCheck                          1
CPXPARAM_Threads                                 1
CPXPARAM_TimeLimit                               68
1 of 1 MIP starts provided solutions.
MIP start 'm1' defined initial solution with objective 225740.0000.
Tried aggregator 1 time.
MIP Presolve eliminated 9 rows and 7389 columns.
MIP Presolve modified 6066 coefficients.
Reduced MIP has 6471 rows, 2880 columns, and 36846 nonzeros.
Reduced MIP has 2322 binaries, 558 generals, 0 SOSs, and 0 indicators.
Presolve time = 0.01 sec. (20.73 ticks)
Probing time = 0.00 sec. (3.46 ticks)
Tried aggregator 1 time.
Detecting symmetries...
Reduced MIP has 6471 rows, 2880 columns, and 36846 nonzeros.
Reduced MIP has 2322 binaries, 558 generals, 0 SOSs, and 0 indicators.
Presolve time = 0.01 sec. (23.49 ticks)
Probing time = 0.00 sec. (3.22 ticks)
Clique table members: 1188.
MIP emphasis: balance optimality and feasibility.
MIP search method: dynamic search.
Parallel mode: none, using 1 thread.
Root relaxation solution time = 0.04 sec. (62.62 ticks)

        Nodes                                         Cuts/
   Node  Left     Objective  IInf  Best Integer    Best Bound    ItCnt     Gap

*     0+    0                       225740.0000  3516228.0000              --- 
      0     0   384054.0000   171   225740.0000   384054.0000     1248   70.13%
      0     0   384054.0000   203   225740.0000     Cuts: 217     1301   70.13%
      0     0   384054.0000   233   225740.0000     Cuts: 132     1337   70.13%
      0     2   384054.0000   233   225740.0000   384054.0000     1337   70.13%
Elapsed time = 0.55 sec. (1356.83 ticks, tree = 0.01 MB, solutions = 1)
      2     4   383317.0000   173   225740.0000   383891.5090     3301   70.06%
      5     7   383247.5695   340   225740.0000   383891.5090     5778   70.06%
      7     9   383115.0052   340   225740.0000   383891.5090     7558   70.06%
      9    11   383093.4817   242   225740.0000   383891.5090     8574   70.06%
     11    13   382746.7199   253   225740.0000   383891.5090    10696   70.06%
     13    15   382589.9018   450   225740.0000   383891.5090    11865   70.06%
     15    17   382568.3662   345   225740.0000   383891.5090    13480   70.06%
     18    20   382315.5703   262   225740.0000   383891.5090    15166   70.06%
     22    24   382657.1759   263   225740.0000   383891.5090    16524   70.06%
     50    50   380631.6998   150   225740.0000   383891.5090    22644   70.06%
Elapsed time = 2.05 sec. (5305.61 ticks, tree = 0.41 MB, solutions = 1)
    102    90   383436.7195   269   225740.0000   383887.5912    28846   70.06%
    115   103   382361.1281   227   225740.0000   383887.5912    35256   70.06%
    140   128   380284.3149   197   225740.0000   383887.5912    41413   70.06%
    215   194   383450.0638   215   225740.0000   383450.0638    49637   69.86%
    246   224   380833.4993   180   225740.0000   383450.0638    56259   69.86%
    294   259   382707.3931   321   225740.0000   383364.0957    62606   69.83%
    325   284   368953.2082   137   225740.0000   383364.0957    67398   69.83%
    366   317   382645.7963   218   225740.0000   383296.3240    73913   69.80%
    421   358   382862.5194   373   225740.0000   383293.6687    80816   69.79%
    438   375   382263.3954   232   225740.0000   383293.6687    87028   69.79%
Elapsed time = 6.20 sec. (15357.83 ticks, tree = 1.08 MB, solutions = 1)
    473   408   380251.0023   212   225740.0000   383293.6687    94585   69.79%

Performing restart 1

Repeating presolve.
Tried aggregator 1 time.
MIP Presolve modified 144 coefficients.
Reduced MIP has 6471 rows, 2880 columns, and 36846 nonzeros.
Reduced MIP has 2322 binaries, 558 generals, 0 SOSs, and 0 indicators.
Presolve time = 0.01 sec. (18.42 ticks)
Tried aggregator 1 time.
Reduced MIP has 6471 rows, 2880 columns, and 36846 nonzeros.
Reduced MIP has 2322 binaries, 558 generals, 0 SOSs, and 0 indicators.
Presolve time = 0.01 sec. (24.77 ticks)
Represolve time = 0.03 sec. (66.12 ticks)
    500     0   384054.0000   350   225740.0000     Cuts: 106    99338   69.79%
    500     0   384054.0000   242   225740.0000      Cuts: 90    99372   69.79%
    500     0   384054.0000   237   225740.0000      Cuts: 94    99386   69.79%
    500     0   383849.2426   286   225740.0000      Cuts: 96   100153   69.79%
    500     0   383622.7304   377   225740.0000     Cuts: 216   100457   69.79%
    500     0   383381.6444   272   225740.0000     Cuts: 109   100687   69.79%
    500     0   383359.8947   384   225740.0000     Cuts: 155   100896   69.79%
    500     0   383341.0000   266   225740.0000     Cuts: 123   101013   69.79%
    500     0   383317.0000   198   225740.0000      Cuts: 89   101293   69.79%
    500     0   383317.0000   202   225740.0000     Cuts: 100   101314   69.79%
*   500+    0                       226162.0000   383293.6687            69.48%
    500     0        cutoff         226162.0000   383293.6687   101314   69.48%
    500     0   383317.0000   208   226162.0000      Cuts: 48   101327   69.48%
    500     0   383317.0000   209   226162.0000       Cuts: 4   101328   69.48%
*   500+    0                       226163.0000   383293.6687            69.48%
    500     0        cutoff         226163.0000   383293.6687   101328   69.48%
    500     2   383317.0000   209   226163.0000   383293.6687   101328   69.48%
    501     3   383311.2616   290   226163.0000   383293.6687   101639   69.48%
    502     4   383267.9875   277   226163.0000   383293.6687   102489   69.48%
    503     5   383094.8132   315   226163.0000   383264.2722   103934   69.46%
    504     6   383187.7590   261   226163.0000   383254.2140   104169   69.46%
    505     7   382352.6623   271   226163.0000   383186.7859   107647   69.43%
    506     8   382344.4500   470   226163.0000   383186.7859   108541   69.43%
    508    10   382271.8017   478   226163.0000   383186.7859   111681   69.43%
    509    11   381274.1667   264   226163.0000   383186.7859   114780   69.43%
Elapsed time = 19.86 sec. (49567.98 ticks, tree = 0.13 MB, solutions = 3)
    512    13   382240.4828   239   226163.0000   383186.7859   116558   69.43%
    513    14   381377.4315   330   226163.0000   383186.7859   118511   69.43%
    515    16   381360.8842   282   226163.0000   383186.7859   119545   69.43%
    516    17   381330.9564   392   226163.0000   383186.7859   120656   69.43%
    517    18   381298.8291   547   226163.0000   383186.7859   121741   69.43%
    518    19   381271.6224   474   226163.0000   383186.7859   122472   69.43%
    519    20   380919.2789   353   226163.0000   383186.7859   125657   69.43%
    521    22   380536.4840   273   226163.0000   383186.7859   128126   69.43%
    523    24   381237.4411   395   226163.0000   383186.7859   128897   69.43%
    525    26   380891.0166   241   226163.0000   383186.7859   130341   69.43%
Elapsed time = 25.05 sec. (64513.10 ticks, tree = 0.42 MB, solutions = 3)
    527    28   380807.3132   513   226163.0000   383186.7859   132413   69.43%
    529    30   380778.6081   371   226163.0000   383186.7859   134464   69.43%
    532    33   380752.3984   424   226163.0000   383186.7859   136678   69.43%
    536    35   379411.3172   500   226163.0000   383186.7859   139357   69.43%
    541    40   378606.1387   316   226163.0000   383186.7859   144713   69.43%
    550    49   379174.2224   426   226163.0000   383186.7859   146854   69.43%
    553    52   379136.5991   530   226163.0000   383186.7859   147805   69.43%
    557    56   376324.6444   228   226163.0000   383186.7859   150214   69.43%
    570    66   374365.7997   319   226163.0000   383186.7859   151738   69.43%
    577    71    infeasible         226163.0000   383186.7859   154256   69.43%
Elapsed time = 29.58 sec. (76548.83 ticks, tree = 2.59 MB, solutions = 3)
    579    71   383012.5000   462   226163.0000   383183.6782   155097   69.43%
    582    74   382702.8838   259   226163.0000   383183.6782   156614   69.43%
    589    81   382603.0029   257   226163.0000   383183.6782   157339   69.43%
    598    89   381401.6898   258   226163.0000   383183.6782   158821   69.43%
    600    91   381248.2762   263   226163.0000   383183.6782   160154   69.43%
    604    95   380992.4398   488   226163.0000   383183.6782   161862   69.43%
    611   102   380333.0481   444   226163.0000   383183.6782   165210   69.43%
    617   108   380326.5502   426   226163.0000   383183.6782   168481   69.43%
    619   110   380288.4657   353   226163.0000   383183.6782   168840   69.43%
    627   115    infeasible         226163.0000   383183.6782   171460   69.43%
Elapsed time = 34.13 sec. (89555.84 ticks, tree = 4.97 MB, solutions = 3)
    630   116   382803.7687   371   226163.0000   383113.2464   173094   69.40%
    631   117   382635.9955   622   226163.0000   383113.2464   173934   69.40%
    633   119   382579.3625   624   226163.0000   383113.2464   174836   69.40%
    634   120   382573.7419   363   226163.0000   383113.2464   174874   69.40%
    635   121   382570.5427   359   226163.0000   383113.2464   174896   69.40%
    641   127   382543.1311   228   226163.0000   383113.2464   175064   69.40%
    643   129   382454.6311   225   226163.0000   383113.2464   175101   69.40%
    645   131   382142.0638   705   226163.0000   383113.2464   177358   69.40%
    653   139   381712.9199   759   226163.0000   383113.2464   178712   69.40%
    658   144   381701.2477   557   226163.0000   383113.2464   179173   69.40%
Elapsed time = 39.56 sec. (105538.33 ticks, tree = 6.46 MB, solutions = 3)
    660   146   381673.1539   210   226163.0000   383113.2464   179367   69.40%
    673   156    infeasible         226163.0000   383113.2464   186433   69.40%
    685   164    infeasible         226163.0000   383113.2464   190216   69.40%
    686   165   381970.2302   268   226163.0000   383094.2886   191933   69.39%
    690   169   381900.7962   391   226163.0000   383094.2886   193214   69.39%
    699   178   379598.7914   454   226163.0000   383094.2886   195712   69.39%
    711   190   379472.7382   343   226163.0000   383094.2886   197228   69.39%
    720   199   379406.4206   254   226163.0000   383094.2886   198290   69.39%
    740   219   378725.5075   320   226163.0000   383094.2886   200766   69.39%
    754   226   382799.8333   275   226163.0000   383093.8974   205845   69.39%
Elapsed time = 44.12 sec. (119225.64 ticks, tree = 7.79 MB, solutions = 3)
    760   232   381346.8116   338   226163.0000   383093.8974   209119   69.39%
    767   239   380119.0288   532   226163.0000   383093.8974   211638   69.39%
    776   248   379764.4587   437   226163.0000   383093.8974   213684   69.39%
    788   260   378591.1151   323   226163.0000   383093.8974   215675   69.39%
    804   269   382422.9939   483   226163.0000   383010.6667   218070   69.35%
    810   275   382091.5181   363   226163.0000   383010.6667   221893   69.35%
    817   282   379919.2404   465   226163.0000   383010.6667   225436   69.35%
    823   288   380342.5063   451   226163.0000   383010.6667   226607   69.35%
    838   299   382081.7325   421   226163.0000   382867.2042   229923   69.29%
    844   305   381841.5271   308   226163.0000   382867.2042   231304   69.29%
Elapsed time = 47.91 sec. (129744.39 ticks, tree = 11.91 MB, solutions = 3)
    852   313   379949.4813   351   226163.0000   382867.2042   233840   69.29%
    860   317    infeasible         226163.0000   382867.2042   237458   69.29%
    872   327   381813.7034   298   226163.0000   382803.7687   241357   69.26%
    880   335   381624.0260   307   226163.0000   382803.7687   242328   69.26%
    895   350   380734.2532   351   226163.0000   382803.7687   244910   69.26%
    905   360   378159.2851   259   226163.0000   382803.7687   247943   69.26%
    936   388   374435.9838   247   226163.0000   382803.7687   250817   69.26%
    963   411   381487.4233   387   226163.0000   382794.5714   254130   69.26%
    977   425   379222.5477   288   226163.0000   382794.5714   257993   69.26%
   1048   486   380197.1712   434   226163.0000   382741.0000   272314   69.23%
Elapsed time = 54.39 sec. (143034.39 ticks, tree = 22.00 MB, solutions = 3)
   1109   543   380821.3324   337   226163.0000   382713.6604   286230   69.22%
   1136   566   373848.8399   255   226163.0000   382713.6604   298339   69.22%
   1200   625   369859.3755   349   226163.0000   382713.6604   306116   69.22%
   1282   696   382351.7386   449   226163.0000   382713.6604   313424   69.22%
   1307   720   379110.8832   409   226163.0000   382713.6604   319536   69.22%
   1337   750   377528.8068   239   226163.0000   382713.6604   329539   69.22%
*  1400+  811                       227770.0000   382713.6604            68.03%
   1453   862   381876.5000   213   227770.0000   382708.6008   338741   68.02%
   1500   909   378867.9374   333   227770.0000   382708.6008   345820   68.02%
   1580   984   381988.2110   485   227770.0000   382702.2520   357021   68.02%

Clique cuts applied:  7
Implied bound cuts applied:  89
Flow cuts applied:  7
Mixed integer rounding cuts applied:  207
Zero-half cuts applied:  234
Gomory fractional cuts applied:  12

Root node processing (before b&c):
  Real time             =    0.55 sec. (1357.30 ticks)
Sequential b&c:
  Real time             =   67.45 sec. (180939.24 ticks)
                          ------------
Total (root+branch&cut) =   68.00 sec. (182296.54 ticks)
[CPLEX] Status: time limit exceeded
[CPLEX] OPTIMAL OBJ: 227770.0
[CPLEX] Runtime: 68.012 sec
Vehicle 0: d → 3 → 27 → 17 → 7 → 8 → 21 → 14 → 9 → 4 → 19 → 23 → 25 → 6 → 12 → 20 → 18 → d, (requests = [1, 3, 10, 17, 27, 30, 33, 36, 43, 51, 53])
Vehicle 1: d → 0 → 29 → 25 → 13 → 26 → 19 → 4 → 9 → 14 → 21 → 7 → 17 → 10 → 3 → 27 → 2 → d, (requests = [6, 7, 11, 32, 37, 46, 52])
Vehicle 2: d → 2 → 22 → 27 → 7 → 8 → 21 → 14 → 28 → 24 → 4 → 19 → 26 → 13 → 25 → 15 → 11 → d, (requests = [2, 8, 19, 40, 48, 50])
Vehicle 3: d → 5 → 1 → 27 → 10 → 17 → d, (requests = [21, 24])
Vehicle 4: d → 29 → 11 → 0 → 12 → 20 → d, (requests = [4, 18])
Vehicle 5: d → 16 → 18 → 30 → 20 → 12 → 6 → 25 → 23 → 26 → 19 → 4 → 24 → 14 → 8 → 17 → 27 → 22 → d, (requests = [5, 12, 16, 29, 34, 35, 44, 45])
Vehicle 6: d, (requests = [])
Vehicle 7: d → 28 → 4 → 19 → 23 → 25 → 11 → 15 → d, (requests = [0, 14, 15])
Vehicle 8: d, (requests = [])
======== PPDSP OBJECTIVE ========
Profit    = 272253
Cost      = 44483
Objective = 227770
=================================
===== RAW XY MODEL =====
124 148 205 233 278 293 405 458 552 608 632 659 687 762 807 882 996 1054 1120 1148 1162 1266 1327 1348 1467 1494 1579 1637 1704 1838 1876 1891 1978 2017 2283 2344 2429 2474 2580 2638 2673 2688 2831 2883 2928 2969 3012 3042 3068 3117 3191 3375 3477 3653 3891 4190 4313 4457 4797 4849 5116 5384 5466 5738 5803 5859 5976 6042 6116 6157 6192 6198 6238 6321 6348 6368 6409 6437 6472 6566 6594 8051 8271 8415 8535 8665 8715 8804 8924 8928 2051 3223 2055 5473 6615 2188 2190 3229 2195 3296 6622 8942 8943 6626 3313 5487 4427 4436 5559 5571 6639 6703 6716 6721 6732 6738 7862 7870 7892 9041 9054 9062 9066 10218 10236 10243 10253 10261
  [Time Manager] Step 60 consumed 68.02s. Total Consumed: 3599.25s.
  [Info] Saved 10269 core assumption literals to p1_A-n32-k5_r54v9k4.lp.asm

>>> ROLLING HORIZON COMPLETED SUCCESSFULLY <<<
