Default row names c1, c2 ... being created.
[CPLEX] Setting time limit to 3600 seconds
Version identifier: 22.1.1.0 | 2022-11-28 | 9160aff4d
CPXPARAM_Read_DataCheck                          1
CPXPARAM_Threads                                 1
CPXPARAM_TimeLimit                               3600
Found incumbent of value 0.000000 after 0.00 sec. (0.30 ticks)
Tried aggregator 1 time.
MIP Presolve eliminated 9 rows and 7389 columns.
MIP Presolve modified 6066 coefficients.
Reduced MIP has 6471 rows, 2880 columns, and 36846 nonzeros.
Reduced MIP has 2322 binaries, 558 generals, 0 SOSs, and 0 indicators.
Presolve time = 0.01 sec. (20.73 ticks)
Probing time = 0.00 sec. (3.46 ticks)
Tried aggregator 1 time.
Detecting symmetries...
Reduced MIP has 6471 rows, 2880 columns, and 36846 nonzeros.
Reduced MIP has 2322 binaries, 558 generals, 0 SOSs, and 0 indicators.
Presolve time = 0.01 sec. (23.49 ticks)
Probing time = 0.00 sec. (3.22 ticks)
Clique table members: 1188.
MIP emphasis: balance optimality and feasibility.
MIP search method: dynamic search.
Parallel mode: none, using 1 thread.
Root relaxation solution time = 0.05 sec. (62.62 ticks)

        Nodes                                         Cuts/
   Node  Left     Objective  IInf  Best Integer    Best Bound    ItCnt     Gap

*     0+    0                            0.0000  3516228.0000              --- 
      0     0   384054.0000   171        0.0000   384054.0000     1248     --- 
      0     0   384054.0000   203        0.0000     Cuts: 240     1318     --- 
      0     0   384054.0000   233        0.0000     Cuts: 196     1354     --- 
      0     2   384054.0000   233        0.0000   384054.0000     1354     --- 
Elapsed time = 0.76 sec. (1687.41 ticks, tree = 0.01 MB, solutions = 1)
      2     4   383317.0000   171        0.0000   383891.2516     3325     --- 
      5     7   383247.5695   235        0.0000   383891.2516     5822     --- 
      7     9   383115.0052   367        0.0000   383891.2516     7712     --- 
      8    10   382987.5088   405        0.0000   383891.2516     8643     --- 
     11    13   382746.7199   257        0.0000   383891.2516    11112     --- 
     13    15   382589.9018   250        0.0000   383891.2516    12433     --- 
     19    21   381827.7474   221        0.0000   383891.2516    13901     --- 
     24    26   381264.1142   236        0.0000   383891.2516    15413     --- 
     31    33   381055.5406   228        0.0000   383891.2516    16539     --- 
    104   100   377515.1139   162        0.0000   383891.2516    20558     --- 
Elapsed time = 4.99 sec. (5491.47 ticks, tree = 3.34 MB, solutions = 1)
    123   113   383033.3913   221        0.0000   383888.1022    23841     --- 
    153   143   381113.4339   203        0.0000   383888.1022    28532     --- 
    221   197   383316.8936   334        0.0000   383447.7819    31412     --- 
    240   216   381790.6296   250        0.0000   383315.4488    35782     --- 
    290   266   379650.2305   216        0.0000   383315.4488    39895     --- 
    352   318   381594.4552   274        0.0000   383314.7771    44460     --- 
    409   363   382922.8038   366        0.0000   383304.7751    49012     --- 
    433   387   381956.4840   266        0.0000   383304.7751    53194     --- 
    489   437   383255.5827   368        0.0000   383303.0352    57906     --- 

Performing restart 1

Repeating presolve.
Tried aggregator 1 time.
MIP Presolve modified 144 coefficients.
Reduced MIP has 6471 rows, 2880 columns, and 36846 nonzeros.
Reduced MIP has 2322 binaries, 558 generals, 0 SOSs, and 0 indicators.
Presolve time = 0.01 sec. (18.42 ticks)
Tried aggregator 1 time.
Reduced MIP has 6471 rows, 2880 columns, and 36846 nonzeros.
Reduced MIP has 2322 binaries, 558 generals, 0 SOSs, and 0 indicators.
Presolve time = 0.01 sec. (24.77 ticks)
Represolve time = 0.04 sec. (66.05 ticks)
    500     0   384054.0000   353        0.0000     Cuts: 125    62385     --- 
    500     0   384054.0000   236        0.0000       Cuts: 2    62432     --- 
    500     0   384054.0000   233        0.0000     Cuts: 132    62461     --- 
    500     0   384047.3343   251        0.0000     Cuts: 116    62555     --- 
    500     0   384038.8151   250        0.0000     Cuts: 116    62624     --- 
    500     0   383887.9149   276        0.0000     Cuts: 110    63435     --- 
*   500+    0                         1679.0000   383303.0352              --- 
*   500+    0                        10119.0000   383303.0352              --- 
*   500+    0                        10133.0000   383303.0352              --- 
    500     0        cutoff          10133.0000   383303.0352    63435     --- 
    500     0   383762.5198   253    10133.0000     Cuts: 185    63616     --- 
    500     0   383527.8730   394    10133.0000     Cuts: 108    64422     --- 
    500     0   383381.7598   489    10133.0000     Cuts: 258    64774     --- 
    500     0   383319.1943   376    10133.0000      Cuts: 95    65092     --- 
    500     0   383318.9500   361    10133.0000     Cuts: 131    65120     --- 
    500     0   383318.2038   362    10133.0000      Cuts: 76    65206     --- 
*   500+    0                        10507.0000   383303.0352              --- 
*   500+    0                        18961.0000   383303.0352              --- 
    500     0        cutoff          18961.0000   383303.0352    65206     --- 
*   500+    0                        20180.0000   383303.0352              --- 
    500     0        cutoff          20180.0000   383303.0352    65206     --- 
    500     2   383318.2038   362    20180.0000   383303.0352    65206     --- 
Elapsed time = 11.96 sec. (24017.32 ticks, tree = 0.01 MB, solutions = 7)
    501     3   383264.8833   293    20180.0000   383264.8555    65871     --- 
    502     4   383167.6434   268    20180.0000   383264.6985    66468     --- 
    503     5   382863.7539   307    20180.0000   383167.3847    68026     --- 
    504     6   382566.5079   376    20180.0000   383167.3847    69213     --- 
    505     7   382710.2004   297    20180.0000   383167.3847    70552     --- 
    507     9   382649.3169   296    20180.0000   383167.3847    73116     --- 
    508    10   382634.4913   289    20180.0000   383167.3847    74285     --- 
    509    11   382616.3430   431    20180.0000   383167.3847    76137     --- 
    510    12   382591.5775   470    20180.0000   383167.3847    76914     --- 
    512    14   381939.6736   270    20180.0000   383167.3847    78609     --- 
Elapsed time = 17.04 sec. (40827.63 ticks, tree = 0.24 MB, solutions = 7)
    514    15   381540.3973   263    20180.0000   383167.3847    80789     --- 
    517    18   381450.6059   418    20180.0000   383167.3847    83843     --- 
    519    20   381397.8744   437    20180.0000   383167.3847    84792     --- 
    521    21   381096.3710   386    20180.0000   383167.3847    86510     --- 
    523    23   380944.3618   386    20180.0000   383167.3847    86825     --- 
    526    26   380885.9876   348    20180.0000   383167.3847    87647     --- 
    529    28   378621.6697   307    20180.0000   383167.3847    89307     --- 
    532    31   378315.6875   314    20180.0000   383167.3847    91745     --- 
    535    34   377618.7662   353    20180.0000   383167.3847    94772     --- 
    538    37   377601.4156   334    20180.0000   383167.3847    96612     --- 
Elapsed time = 21.65 sec. (53719.59 ticks, tree = 0.86 MB, solutions = 7)
    542    41   377525.2552   358    20180.0000   383167.3847    97386     --- 
    548    46   377172.4957   231    20180.0000   383167.3847    97962     --- 
    554    50   376982.9371   302    20180.0000   383167.3847    98501     --- 
    558    54   376919.0715   245    20180.0000   383167.3847    98990     --- 
    562    57   376002.9761   210    20180.0000   383167.3847    99416     --- 
    566    57   382894.6072   263    20180.0000   383164.3412   101149     --- 
    569    60   382474.6322   266    20180.0000   383164.3412   102643     --- 
    570    61   382636.6500   364    20180.0000   383164.3412   103303     --- 
    573    64   382212.1287   436    20180.0000   383164.3412   105091     --- 
    576    67   381289.5464   439    20180.0000   383164.3412   108105     --- 
Elapsed time = 26.05 sec. (66553.08 ticks, tree = 2.12 MB, solutions = 7)
    577    68   382075.8559   388    20180.0000   383164.3412   108344     --- 
    581    72   381976.0286   383    20180.0000   383164.3412   108844     --- 
    585    76   381373.7451   401    20180.0000   383164.3412   110337     --- 
    591    82   381618.7492   280    20180.0000   383164.3412   112430     --- 
    599    89   378055.7967   268    20180.0000   383164.3412   113628     --- 
    606    96   376205.6803   398    20180.0000   383164.3412   116459     --- 
    609    99   376124.6349   332    20180.0000   383164.3412   116778     --- 
    611   101   376107.9267   365    20180.0000   383164.3412   117436     --- 
    614   104   376040.0861   404    20180.0000   383164.3412   118145     --- 
    617   107   375704.0227   376    20180.0000   383164.3412   118938     --- 
Elapsed time = 29.85 sec. (77556.85 ticks, tree = 4.25 MB, solutions = 7)
    621   111   375628.3541   372    20180.0000   383164.3412   119540     --- 
    625   115   375498.8438   322    20180.0000   383164.3412   119876     --- 
    627   117   375151.1873   411    20180.0000   383164.3412   120381     --- 
    633   121   374782.0150   301    20180.0000   383164.3412   121109     --- 
    639   123   382766.0000   207    20180.0000   383152.6051   121923     --- 
    642   126   382282.7407   503    20180.0000   383152.6051   123670     --- 
    644   128   382003.6800   601    20180.0000   383152.6051   125186     --- 
    645   129   381534.0000   296    20180.0000   383152.6051   129585     --- 
    647   131   381395.2705   390    20180.0000   383152.6051   131556     --- 
    651   135   381255.3877   598    20180.0000   383152.6051   133093     --- 
Elapsed time = 34.43 sec. (91216.38 ticks, tree = 5.77 MB, solutions = 7)
    653   137   381140.4347   593    20180.0000   383152.6051   135687     --- 
    655   139   381104.9836   242    20180.0000   383152.6051   136363     --- 
    658   142   381019.8542   737    20180.0000   383152.6051   137363     --- 
    661   145   381012.2636   772    20180.0000   383152.6051   137536     --- 
    663   147   380962.9836   236    20180.0000   383152.6051   138616     --- 
    675   159   380879.7822   369    20180.0000   383152.6051   139446     --- 
    682   166   380642.4281   455    20180.0000   383152.6051   140769     --- 
    699   183   380608.0401   424    20180.0000   383152.6051   141237     --- 
    727   204   383073.6210   376    20180.0000   383132.6049   142869     --- 
    731   208   382239.6192   422    20180.0000   383132.6049   145725     --- 
Elapsed time = 41.34 sec. (103379.22 ticks, tree = 9.58 MB, solutions = 7)
    740   217   381923.3869   265    20180.0000   383132.6049   148385     --- 
    751   228   381251.0027   367    20180.0000   383132.6049   150978     --- 
    757   234   379850.5827   379    20180.0000   383132.6049   153046     --- 
    766   241   378018.7958   271    20180.0000   383132.6049   156228     --- 
    779   247   382888.8519   273    20180.0000   383112.8233   160586     --- 
    787   255   382146.0576   458    20180.0000   383112.8233   163165     --- 
    791   259   381101.0000   312    20180.0000   383112.8233   165652     --- 
    804   272   380207.2435   451    20180.0000   383112.8233   169040     --- 
    825   293   378051.9648   347    20180.0000   383112.8233   171709     --- 
    832   300   376916.4615   409    20180.0000   383112.8233   172972     --- 
Elapsed time = 45.03 sec. (114192.69 ticks, tree = 12.86 MB, solutions = 7)
    846   312   375511.2983   429    20180.0000   383112.8233   175674     --- 
    858   321   382603.2607   361    20180.0000   383112.4328   178884     --- 
    867   330   381531.7139   393    20180.0000   383112.4328   181705     --- 
    874   337   381320.0807   346    20180.0000   383112.4328   184887     --- 
    887   350   380095.3303   401    20180.0000   383112.4328   187922     --- 
    893   353    infeasible          20180.0000   383112.4328   192120     --- 
    901   361   381366.0000   240    20180.0000   383072.0351   195001     --- 
    912   372   380823.6316   564    20180.0000   383072.0351   199464     --- 
    923   383   380356.3400   400    20180.0000   383072.0351   202503     --- 
    963   423   376039.9221   325    20180.0000   383072.0351   212377     --- 
Elapsed time = 49.18 sec. (127627.68 ticks, tree = 19.56 MB, solutions = 7)
   1023   476   381084.9561   342    20180.0000   382903.2647   224557     --- 
   1054   504   376440.1338   347    20180.0000   382903.2647   232450     --- 
   1089   535   379347.6389   253    20180.0000   382888.7384   242736     --- 
   1140   580    infeasible          20180.0000   382868.1913   259431     --- 
   1171   607    infeasible          20180.0000   382799.9914   275625     --- 
   1228   656   380920.7006   259    20180.0000   382799.5186   291624     --- 
   1274   698   380839.1849   381    20180.0000   382766.0000   303722     --- 
   1333   756   373509.1715   513    20180.0000   382766.0000   316857     --- 
   1369   780   381221.2500   240    20180.0000   382744.5475   332685     --- 
   1451   857   381679.8193   385    20180.0000   382743.2147   349416     --- 
Elapsed time = 61.88 sec. (167139.87 ticks, tree = 43.36 MB, solutions = 7)
   1499   903   379456.6277   445    20180.0000   382743.2147   364432     --- 
*  1500+  902                        43430.0000   382743.2147           781.29%
*  1500+  902                        50125.0000   382743.2147           663.58%
*  1500+  902                        51371.0000   382743.2147           645.06%
*  1500+  902                        51395.0000   382743.2147           644.71%
   1519   923   376118.7016   426    51395.0000   382743.2147   372377  644.71%
*  1605+  993                        51569.0000   382743.2147           642.20%
   1605   995   382325.3846   360    51569.0000   382713.1123   384666  642.14%
   1643  1033   375577.9859   389    51569.0000   382713.1123   396355  642.14%
   1700  1082   381985.4682   335    51569.0000   382709.9825   408232  642.13%
   1750  1128   379175.9586   350    51569.0000   382708.2146   423666  642.13%
   1833  1204   380380.5083   343    51569.0000   382695.7287   436212  642.10%
   1881  1244   380053.6423   486    51569.0000   382678.1051   451756  642.07%
   1910  1265   380287.8684   226    51569.0000   382674.6901   467732  642.06%
   1940  1291   380034.6073   299    51569.0000   382649.8320   485080  642.02%
Elapsed time = 78.14 sec. (206069.89 ticks, tree = 59.67 MB, solutions = 12)
   1992  1337   381256.2839   424    51569.0000   382648.7661   501096  642.01%
   2052  1393   381730.8504   336    51569.0000   382634.2200   513197  641.98%
   2114  1451   381785.8053   262    51569.0000   382632.2921   528097  641.98%
   2134  1471   379528.8338   439    51569.0000   382632.2921   540599  641.98%
   2183  1512   373075.2790   481    51569.0000   382632.2921   555033  641.98%
   2223  1548   379453.8436   423    51569.0000   382632.2751   570041  641.98%
   2277  1596   381649.7500   254    51569.0000   382616.3430   581465  641.95%
   2332  1645   382015.4263   368    51569.0000   382603.1798   598103  641.92%
   2413  1716   380646.5149   520    51569.0000   382603.1219   616495  641.92%
   2455  1750   379941.5842   344    51569.0000   382586.9123   633108  641.89%
Elapsed time = 90.60 sec. (244876.61 ticks, tree = 74.87 MB, solutions = 12)
   2503  1794   375470.0548   291    51569.0000   382586.8385   648465  641.89%
   2560  1847   375986.3527   391    51569.0000   382577.0000   662830  641.87%
   2599  1880   379047.6083   538    51569.0000   382566.3388   670360  641.85%
   2668  1949   376784.0170   382    51569.0000   382566.3388   680519  641.85%
   2778  2053   378317.5917   346    51569.0000   382564.3251   694781  641.85%
   2839  2110   378065.1336   292    51569.0000   382509.5452   711973  641.74%
   2887  2149    infeasible          51569.0000   382505.1766   728698  641.73%
   2927  2189   375506.4974   403    51569.0000   382482.9765   742473  641.69%
   3042  2302   355368.3522   470    51569.0000   382482.9765   756392  641.69%
   3202  2461   247139.7950   172    51569.0000   382482.9765   764087  641.69%
Elapsed time = 103.70 sec. (283666.32 ticks, tree = 94.92 MB, solutions = 12)
   3296  2551   375969.9594   332    51569.0000   382481.7172   773989  641.69%
   3370  2611   380054.5765   368    51569.0000   382480.7946   786800  641.69%
   3401  2639   379500.1436   348    51569.0000   382474.3778   802357  641.67%
   3459  2697   374268.8572   276    51569.0000   382474.3778   814456  641.67%
   3571  2806   367801.7799   355    51569.0000   382474.3778   825107  641.67%
   3635  2866   381028.1733   476    51569.0000   382474.1739   839120  641.67%
   3700  2925   377374.8017   475    51569.0000   382474.1739   851757  641.67%
   3765  2984   378343.5762   376    51569.0000   382469.5956   867372  641.67%
   3890  3104   369108.5664   291    51569.0000   382469.5956   881925  641.67%
   4029  3237   372904.9884   250    51569.0000   382454.7255   895557  641.64%
Elapsed time = 119.16 sec. (322216.05 ticks, tree = 117.38 MB, solutions = 12)
   4083  3283   380764.1401   331    51569.0000   382413.9701   910408  641.56%
   4153  3349   380886.5290   294    51569.0000   382413.2144   926164  641.56%
   4212  3395   376647.7929   234    51569.0000   382402.7813   941002  641.54%
   4305  3477   381216.7473   291    51569.0000   382394.2484   958061  641.52%
   4363  3534   377606.7349   356    51569.0000   382394.2484   972084  641.52%
   4431  3594   377477.4641   400    51569.0000   382381.1143   988046  641.49%
   4500  3655   371561.7094   350    51569.0000   382376.5654  1002730  641.49%
   4586  3732   377783.0845   341    51569.0000   382335.7589  1019777  641.41%
   4651  3797   368290.9640   352    51569.0000   382335.7589  1033310  641.41%
   4699  3841   380279.5955   392    51569.0000   382325.0290  1049353  641.39%
Elapsed time = 132.23 sec. (361360.95 ticks, tree = 150.45 MB, solutions = 12)
   4750  3885   377984.5385   348    51569.0000   382319.6209  1065825  641.37%
   4846  3981   350635.4708   316    51569.0000   382319.6209  1082339  641.37%
   5058  4186   382113.5393   430    51569.0000   382319.3250  1095675  641.37%
   5133  4255   379465.7142   280    51569.0000   382315.4093  1110764  641.37%
   5244  4358   377530.0654   448    51569.0000   382312.1828  1128414  641.36%
   5297  4402   382140.7980   207    51569.0000   382302.8151  1144010  641.34%
   5350  4451   378303.3943   371    51569.0000   382297.3718  1159422  641.33%
   5421  4518   377856.9205   657    51569.0000   382295.8296  1175895  641.33%
*  5500+ 4589                        63692.0000   382295.8296           500.23%
   5547  4633   381185.9799   522    63692.0000   382293.6908  1189118  500.22%
   5654  4738   371511.1468   337    63692.0000   382293.6908  1205505  500.22%
Elapsed time = 147.69 sec. (399885.35 ticks, tree = 192.83 MB, solutions = 13)
   5714  4788   379794.6680   403    63692.0000   382289.4976  1221238  500.22%
   5751  4825   372563.4402   273    63692.0000   382289.4976  1238744  500.22%
   5841  4912   380385.9165   383    63692.0000   382288.7399  1256896  500.21%
   5902  4968   375438.3976   348    63692.0000   382282.5540  1273489  500.20%
   5979  5038   378187.0984   451    63692.0000   382281.3333  1290148  500.20%
   6083  5137   364952.4340   268    63692.0000   382281.3333  1307034  500.20%
   6163  5207   380036.1917   380    63692.0000   382274.0826  1323697  500.19%
   6208  5244    infeasible          63692.0000   382274.0568  1339814  500.19%
   6240  5272   379444.4548   378    63692.0000   382253.1093  1356365  500.16%
   6311  5337   380699.1940   306    63692.0000   382250.9568  1372362  500.16%
Elapsed time = 160.66 sec. (438968.93 ticks, tree = 223.42 MB, solutions = 13)
   6395  5420   371115.2837   400    63692.0000   382250.9568  1389064  500.16%
   6437  5448   379911.5432   537    63692.0000   382239.6192  1404717  500.14%
   6490  5497   380014.6227   279    63692.0000   382239.1652  1420629  500.14%
   6527  5526   381993.5000   298    63692.0000   382231.6884  1437016  500.13%
   6570  5565   381410.9109   381    63692.0000   382228.4722  1452971  500.12%
   6595  5590   377132.9313   321    63692.0000   382228.4722  1470063  500.12%
   6690  5673   381522.7308   360    63692.0000   382223.6890  1489132  500.11%
   6741  5720   379704.1415   312    63692.0000   382222.2195  1506041  500.11%
   6806  5785   371479.6145   365    63692.0000   382222.2195  1522662  500.11%
   6879  5849   380032.4449   627    63692.0000   382220.8994  1539607  500.11%
Elapsed time = 173.68 sec. (478027.63 ticks, tree = 244.31 MB, solutions = 13)
   6938  5908   371433.7900   255    63692.0000   382220.8994  1556621  500.11%
   6992  5954   378434.0191   243    63692.0000   382220.6791  1573320  500.11%
   7101  6047   379287.1049   464    63692.0000   382220.5120  1590779  500.11%
   7147  6089   378481.2757   419    63692.0000   382219.6395  1607007  500.11%
   7203  6141   380847.2973   346    63692.0000   382219.3327  1622971  500.11%
   7284  6213   380116.2836   549    63692.0000   382211.5985  1638773  500.09%
   7325  6253   374453.6521   470    63692.0000   382211.5985  1654314  500.09%
   7374  6298   379856.0445   364    63692.0000   382210.8710  1669362  500.09%
   7433  6357   372683.1103   309    63692.0000   382210.8710  1686710  500.09%
   7527  6447   374623.3290   425    63692.0000   382208.3404  1701645  500.09%
Elapsed time = 188.72 sec. (516677.54 ticks, tree = 268.30 MB, solutions = 13)
   7608  6512   378421.2796   383    63692.0000   382202.4450  1718236  500.08%
   7696  6596   380479.8761   462    63692.0000   382199.7787  1734927  500.08%
   7729  6625   378177.4147   382    63692.0000   382196.7516  1752256  500.07%
   7790  6682   380811.0919   348    63692.0000   382192.2227  1770754  500.06%
   7815  6707   377195.0392   325    63692.0000   382192.2227  1787543  500.06%
   7923  6796    infeasible          63692.0000   382192.2227  1804541  500.06%
   7966  6833   380573.9494   309    63692.0000   382188.1768  1821166  500.06%
   8060  6913    infeasible          63692.0000   382185.9042  1837189  500.05%
   8102  6947   381320.1986   544    63692.0000   382183.0336  1854162  500.05%
   8144  6989   378087.9710   331    63692.0000   382183.0336  1870634  500.05%
Elapsed time = 201.53 sec. (555536.43 ticks, tree = 288.63 MB, solutions = 13)
   8212  7042    infeasible          63692.0000   382179.3613  1889224  500.04%
   8264  7091   379578.0525   440    63692.0000   382175.1173  1906352  500.04%
   8304  7127   381079.0926   334    63692.0000   382174.0885  1922353  500.03%
   8417  7239   372171.7668   276    63692.0000   382174.0885  1938558  500.03%
   8473  7291   376214.9139   267    63692.0000   382170.6624  1955453  500.03%
*  8500+ 7311                        70322.0000   382170.6624           443.46%
   8537  7350   376455.4659   448    70322.0000   382164.7322  1970106  443.45%
   8642  7447   380021.2702   380    70322.0000   382158.7558  1986522  443.44%
   8707  7508   376600.9711   351    70322.0000   382153.7944  2002295  443.43%
   8802  7595   377278.7134   298    70322.0000   382153.6621  2018735  443.43%
   8937  7725   380332.0781   271    70322.0000   382152.6598  2035799  443.43%
Elapsed time = 216.79 sec. (593805.61 ticks, tree = 326.67 MB, solutions = 14)
   9044  7824   379244.3769   279    70322.0000   382145.9907  2052906  443.42%
   9125  7898   374801.8177   317    70322.0000   382145.1041  2068905  443.42%
   9213  7981   379204.0742   429    70322.0000   382141.8432  2085135  443.42%
   9275  8039   379957.4300   454    70322.0000   382141.4576  2101424  443.42%
   9334  8092   375516.7723   196    70322.0000   382139.8301  2119032  443.41%
   9417  8166   376090.9859   222    70322.0000   382139.4597  2135765  443.41%
*  9500+ 8239                        81421.0000   382136.9806           369.33%
   9512  8249    infeasible          81421.0000   382136.9806  2152658  369.33%
   9561  8294   378307.8353   363    81421.0000   382125.4996  2168307  369.32%
   9596  8323   379744.3170   400    81421.0000   382115.3838  2185080  369.31%
   9649  8372   370491.5868   289    81421.0000   382115.3838  2203974  369.31%
Elapsed time = 229.65 sec. (632497.52 ticks, tree = 357.77 MB, solutions = 15)
   9710  8423   377302.0235   355    81421.0000   382113.3596  2216966  369.31%
   9886  8595   363304.0845   299    81421.0000   382113.3596  2233840  369.31%
   9978  8679   372897.6406   300    81421.0000   382107.8406  2250459  369.30%
  10024  8721   377303.9545   528    81421.0000   382105.8878  2266840  369.30%
  10112  8802   380758.4446   364    81421.0000   382104.2162  2283651  369.29%
  10185  8864   381505.5907   403    81421.0000   382101.6557  2300266  369.29%
  10274  8947   370701.9010   336    81421.0000   382101.6557  2316921  369.29%
  10369  9036   376973.0333   316    81421.0000   382101.5028  2333726  369.29%
  10439  9099   372233.9627   309    81421.0000   382099.3129  2350775  369.29%
* 10500+ 9155                        81757.0000   382099.3129           367.36%
* 10500+ 9155                        81807.0000   382099.3129           367.07%
* 10500+ 9155                        81808.0000   382099.3129           367.07%
* 10500+ 9155                        82059.0000   382099.3129           365.64%
* 10500+ 9155                        82861.0000   382099.3129           361.13%
* 10500+ 9155                        82874.0000   382099.3129           361.06%
* 10500+ 9155                        85295.0000   382099.3129           347.97%
* 10500+ 9155                        90586.0000   382099.3129           321.81%
* 10500+ 9155                        95795.0000   382099.3129           298.87%
* 10500+ 9155                        98679.0000   382099.3129           287.21%
* 10500+ 9155                        98756.0000   382099.3129           286.91%
* 10500+ 9155                        99330.0000   382099.3129           284.68%
* 10500+ 9155                       103285.0000   382099.3129           269.95%
* 10500+ 9155                       103772.0000   382099.3129           268.21%
* 10500+ 9155                       104660.0000   382099.3129           265.09%
* 10500+ 9155                       108615.0000   382099.3129           251.79%
  10500  9157   367453.4095   250   108615.0000   382099.3129  2357166  251.79%
Elapsed time = 244.92 sec. (675745.57 ticks, tree = 398.54 MB, solutions = 31)
* 10501+ 9156                       109003.0000   382099.3129           250.54%
* 10501+ 9156                       109107.0000   382099.3129           250.21%
* 10501+ 9156                       110060.0000   382099.3129           247.17%
* 10501+ 9156                       110234.0000   382099.3129           246.63%
* 10501+ 9156                       114263.0000   382099.3129           234.40%
* 10501+ 9156                       117568.0000   382099.3129           225.00%
* 10501+ 9156                       126596.0000   382099.3129           201.83%
* 10501+ 9156                       130923.0000   382099.3129           191.85%
* 10501+ 9156                       137408.0000   382099.3129           178.08%
* 10501+ 9156                       137810.0000   382099.3129           177.27%
* 10501+ 9156                       138024.0000   382099.3129           176.84%
* 10501+ 9156                       148345.0000   382099.3129           157.57%
* 10501+ 9156                       148414.0000   382099.3129           157.46%
* 10501+ 9156                       155164.0000   382099.3129           146.26%
* 10501+ 9156                       155171.0000   382099.3129           146.24%
  10501  9158   380118.6499   561   155171.0000   382098.4484  2359089  146.24%
* 10502+ 9157                       157017.0000   382098.4484           143.35%
* 10502+ 9157                       158135.0000   382098.4484           141.63%
* 10502+ 9157                       158602.0000   382098.4484           140.92%
* 10502+ 9157                       164215.0000   382098.4484           132.68%
* 10502+ 9157                       164269.0000   382098.4484           132.61%
* 10502+ 9157                       164587.0000   382098.4484           132.16%
  10502  9159   381251.4764   251   164587.0000   382095.1543  2360527  132.15%
  10550  9207   373778.7434   425   164587.0000   382091.2520  2375923  132.15%
  10628  9280   374308.3600   377   164587.0000   382088.2685  2393006  132.15%
  10829  9473   381521.6439   296   164587.0000   382087.5321  2408312  132.15%
  10910  9553   368358.1339   323   164587.0000   382087.5321  2423763  132.15%
  10970  9609   377985.4767   222   164587.0000   382086.7500  2440505  132.15%
  11019  9654   381188.5654   471   164587.0000   382084.1481  2456603  132.15%
  11110  9740   381797.6292   486   164587.0000   382082.5920  2473436  132.15%
  11163  9789   380186.4425   314   164587.0000   382082.0000  2489455  132.15%
Elapsed time = 266.41 sec. (727055.35 ticks, tree = 430.28 MB, solutions = 52)
  11205  9823   375781.2328   467   164587.0000   382082.0000  2505614  132.15%
  11269  9879   376066.5833   418   164587.0000   382081.7084  2522713  132.15%
  11343  9949   381535.5304   351   164587.0000   382077.4717  2540689  132.14%
  11388  9989   380677.7613   514   164587.0000   382077.3556  2558199  132.14%
  11462 10057   381592.4990   413   164587.0000   382077.2150  2575050  132.14%
  11503 10092   381193.1176   357   164587.0000   382075.3772  2591209  132.14%
  11537 10118    infeasible         164587.0000   382074.7385  2608562  132.14%
  11628 10201   380487.0729   371   164587.0000   382071.6866  2626018  132.14%
  11716 10273   381117.0769   556   164587.0000   382068.0547  2643291  132.14%
  11802 10354   372645.8737   257   164587.0000   382064.3750  2659392  132.14%
Elapsed time = 279.56 sec. (766385.09 ticks, tree = 453.51 MB, solutions = 52)
  11892 10436   378004.6005   260   164587.0000   382063.5082  2676634  132.13%
  11957 10496   378649.1962   338   164587.0000   382061.5292  2694054  132.13%
  12018 10549   379605.5949   364   164587.0000   382060.1307  2710413  132.13%
  12080 10605   378139.0594   407   164587.0000   382058.2169  2727045  132.13%
  12153 10668    infeasible         164587.0000   382056.8148  2743824  132.13%
  12197 10704   376371.1795   633   164587.0000   382046.6967  2760336  132.12%
  12289 10796   365222.6273   299   164587.0000   382046.6967  2777409  132.12%
  12381 10879   381396.5000   202   164587.0000   382045.1120  2793356  132.12%
  12472 10966   379712.6584   445   164587.0000   382044.9167  2810264  132.12%
  12509 10999   377450.7339   500   164587.0000   382044.6253  2826914  132.12%
Elapsed time = 295.02 sec. (805370.41 ticks, tree = 464.53 MB, solutions = 52)
  12640 11124   364325.3433   252   164587.0000   382044.6253  2845682  132.12%
  12722 11195   375942.6359   442   164587.0000   382042.7571  2861662  132.12%
  12822 11289   377010.7534   455   164587.0000   382042.6148  2878685  132.12%
  12886 11348   376570.2224   325   164587.0000   382039.9161  2894620  132.12%
  12964 11420   376091.5285   364   164587.0000   382039.8597  2910559  132.12%
  13029 11475    infeasible         164587.0000   382038.9873  2927968  132.12%
  13079 11511   381737.4919   348   164587.0000   382033.7255  2944303  132.12%
  13138 11567   374933.2904   563   164587.0000   382033.7255  2959655  132.12%
  13201 11624   379158.8708   337   164587.0000   382031.8407  2976174  132.12%
  13298 11715   380923.0041   360   164587.0000   382029.5452  2993047  132.11%
Elapsed time = 307.79 sec. (844260.21 ticks, tree = 497.44 MB, solutions = 52)
  13365 11777   379418.1495   548   164587.0000   382028.5014  3009617  132.11%
  13400 11804   378231.4252   227   164587.0000   382028.4243  3025041  132.11%
  13471 11864   375485.6292   446   164587.0000   382027.9483  3042126  132.11%
  13566 11953   374357.1021   300   164587.0000   382025.5812  3059233  132.11%
  13633 12010   375612.5238   303   164587.0000   382024.6916  3075516  132.11%
  13706 12073   381029.1559   425   164587.0000   382024.4898  3094199  132.11%
  13746 12106   379404.1786   410   164587.0000   382013.7500  3110876  132.10%
  13822 12176   374123.2602   249   164587.0000   382011.5210  3127544  132.10%
  13853 12199   378380.9544   507   164587.0000   382008.9507  3144723  132.10%
  13885 12226   377732.8616   272   164587.0000   382008.5935  3160513  132.10%
Elapsed time = 323.40 sec. (883144.00 ticks, tree = 516.37 MB, solutions = 52)
  13974 12304   381051.1512   364   164587.0000   382006.8602  3176402  132.10%
  14093 12421   374757.6471   289   164587.0000   382006.8602  3192330  132.10%
  14160 12477   379062.1905   323   164587.0000   382003.6662  3207978  132.10%
  14233 12546   379703.0743   268   164587.0000   382002.5708  3224712  132.10%
  14293 12598   380639.4558   372   164587.0000   382001.8485  3241028  132.10%
  14333 12634   379466.5152   770   164587.0000   382001.5018  3256438  132.10%
  14378 12674   381113.9172   451   164587.0000   382000.3309  3273860  132.10%
  14434 12726   380163.6000   299   164587.0000   381999.6353  3290332  132.10%
  14519 12808   363256.9940   325   164587.0000   381999.6353  3308306  132.10%
  14675 12959   381131.8000   331   164587.0000   381999.0571  3327193  132.10%
Elapsed time = 336.05 sec. (921955.58 ticks, tree = 556.69 MB, solutions = 52)
  14754 13028   379715.3333   286   164587.0000   381998.6375  3344171  132.10%
  14824 13088   379186.7798   345   164587.0000   381995.1557  3360383  132.09%
  14916 13176   381554.4375   440   164587.0000   381994.1367  3376043  132.09%
  15002 13257   379489.4801   362   164587.0000   381992.8070  3392158  132.09%
  15051 13298   376252.8291   307   164587.0000   381992.7212  3408424  132.09%
  15110 13347   381603.7763   268   164587.0000   381985.1818  3425299  132.09%
  15183 13413   380242.4678   365   164587.0000   381984.2347  3441726  132.09%
  15260 13486   379112.4764   399   164587.0000   381983.9267  3458534  132.09%
  15332 13553   379189.8965   449   164587.0000   381983.8070  3474979  132.09%
  15357 13570   376663.8700   241   164587.0000   381981.7039  3489926  132.08%
Elapsed time = 348.82 sec. (960607.29 ticks, tree = 590.10 MB, solutions = 52)
  15413 13618   380519.4742   391   164587.0000   381977.4832  3506859  132.08%
  15502 13699   381558.5861   282   164587.0000   381977.1998  3523020  132.08%
  15528 13719   377909.4052   307   164587.0000   381975.8821  3538398  132.08%
  15581 13772   376101.7556   460   164587.0000   381975.8821  3553975  132.08%
  15628 13809   379152.0984   411   164587.0000   381973.5461  3570241  132.08%
  15818 13987   359164.7354   282   164587.0000   381973.5461  3587584  132.08%
  15854 14012   380375.4696   457   164587.0000   381972.8759  3604348  132.08%
  15910 14062   378703.0043   434   164587.0000   381971.1015  3621191  132.08%
  15920 14070   376183.3806   347   164587.0000   381971.1015  3638800  132.08%
  15955 14095   381171.2462   567   164587.0000   381970.0852  3655444  132.08%
Elapsed time = 364.23 sec. (999368.89 ticks, tree = 613.48 MB, solutions = 52)
  15996 14130   377718.1641   291   164587.0000   381969.1221  3672482  132.08%
  16086 14208   381113.3050   494   164587.0000   381968.9954  3690240  132.08%
  16114 14226   379871.5000   211   164587.0000   381968.6667  3705154  132.08%
  16183 14293   376355.0455   283   164587.0000   381968.6667  3721260  132.08%
  16269 14368   377857.7709   313   164587.0000   381965.6159  3738164  132.08%
  16323 14410   379771.6340   284   164587.0000   381965.2778  3754933  132.07%
  16398 14480   366770.5738   320   164587.0000   381965.2778  3772845  132.07%
  16447 14521   375777.6519   467   164587.0000   381963.3761  3790072  132.07%
  16518 14586   378853.2158   348   164587.0000   381962.1823  3806599  132.07%
  16640 14702   379977.9195   499   164587.0000   381960.0314  3822379  132.07%
Elapsed time = 377.01 sec. (1037991.52 ticks, tree = 643.82 MB, solutions = 52)
  16689 14741    infeasible         164587.0000   381959.3281  3839903  132.07%
  16723 14769    infeasible         164587.0000   381958.4032  3854902  132.07%
  16783 14822   377930.6250   558   164587.0000   381957.1738  3870000  132.07%
  16913 14942   381543.3000   249   164587.0000   381955.4177  3887448  132.07%
  16995 15023   372837.5810   376   164587.0000   381955.4177  3904175  132.07%
  17113 15129   377310.1318   298   164587.0000   381954.7926  3921143  132.07%
  17163 15167   381446.0624   526   164587.0000   381949.8957  3938277  132.07%
  17297 15301   375032.0996   369   164587.0000   381949.8957  3953440  132.07%
  17432 15426   380222.1905   384   164587.0000   381949.4755  3969151  132.07%
  17560 15549   372636.9799   242   164587.0000   381949.4755  3985645  132.07%
Elapsed time = 392.54 sec. (1077258.78 ticks, tree = 690.01 MB, solutions = 52)
  17673 15653   369816.1101   250   164587.0000   381948.5584  4003045  132.06%
  17709 15685   374728.6613   376   164587.0000   381948.2924  4018574  132.06%
  17749 15720   376094.7588   231   164587.0000   381946.8744  4034611  132.06%
  17806 15769   376732.1367   451   164587.0000   381940.6671  4050016  132.06%
  17861 15818   375942.4662   232   164587.0000   381940.5984  4066484  132.06%
  17935 15878   379512.9749   369   164587.0000   381939.8248  4083857  132.06%
  18014 15951   378976.0383   365   164587.0000   381939.6320  4100909  132.06%
  18048 15976   376474.7891   277   164587.0000   381939.4696  4118552  132.06%
  18107 16019   381001.5000   403   164587.0000   381937.6036  4136518  132.06%
  18165 16075   370859.8046   229   164587.0000   381937.6036  4154166  132.06%
Elapsed time = 405.52 sec. (1115964.14 ticks, tree = 712.17 MB, solutions = 52)
  18252 16147   381659.8713   634   164587.0000   381936.4905  4172119  132.06%
  18309 16204   375100.6676   284   164587.0000   381936.4905  4188272  132.06%
  18368 16254   373760.2308   294   164587.0000   381936.2073  4204831  132.06%
  18436 16313   376821.3101   306   164587.0000   381935.2695  4221989  132.06%
  18475 16337   380691.1355   376   164587.0000   381933.3634  4238956  132.06%
  18563 16417   379307.6160   448   164587.0000   381930.7219  4254120  132.05%
  18613 16463   380146.8039   521   164587.0000   381928.5489  4271807  132.05%
  18664 16510   367744.5045   241   164587.0000   381928.5489  4288594  132.05%
  18763 16601   381367.2020   498   164587.0000   381928.5319  4304742  132.05%
  18874 16708   381081.4827   473   164587.0000   381927.2287  4321395  132.05%
Elapsed time = 418.77 sec. (1155272.34 ticks, tree = 745.33 MB, solutions = 52)
  18910 16737   378352.3276   296   164587.0000   381924.7491  4337615  132.05%
  18946 16765   379795.1732   345   164587.0000   381921.3141  4354182  132.05%
  18980 16799   372275.8252   307   164587.0000   381921.3141  4371092  132.05%
  19029 16844   378457.3155   241   164587.0000   381920.9261  4388158  132.05%
  19092 16901   375146.0201   270   164587.0000   381920.5779  4404200  132.05%
  19198 16995    infeasible         164587.0000   381919.9235  4421838  132.05%
  19293 17090   369686.2404   290   164587.0000   381919.6774  4438220  132.05%
  19380 17170   371874.1101   181   164587.0000   381917.5000  4456177  132.05%
  19488 17267   379369.4666   485   164587.0000   381917.3743  4471438  132.05%
  19558 17323    infeasible         164587.0000   381916.8017  4488387  132.05%
Elapsed time = 434.44 sec. (1194443.22 ticks, tree = 770.86 MB, solutions = 52)
  19613 17374   379172.9565   254   164587.0000   381913.4940  4504528  132.04%
  19658 17409   378135.0312   271   164587.0000   381908.8194  4520670  132.04%
  19724 17466    infeasible         164587.0000   381904.4457  4536396  132.04%
  19755 17490   380904.5371   498   164587.0000   381901.6154  4552646  132.04%
  19778 17506   377887.6825   256   164587.0000   381901.0240  4568928  132.04%
  19822 17542   377789.3443   205   164587.0000   381898.1991  4585467  132.03%
  19902 17610   381402.8889   413   164587.0000   381897.7189  4601803  132.03%
  19957 17655   377508.0866   243   164587.0000   381896.3333  4619664  132.03%
  20007 17699   377702.8059   340   164587.0000   381896.3333  4636787  132.03%
  20071 17757   378601.2852   243   164587.0000   381895.6019  4653840  132.03%
Elapsed time = 447.19 sec. (1233037.75 ticks, tree = 787.78 MB, solutions = 52)
  20126 17802   377657.4495   533   164587.0000   381895.0000  4672993  132.03%
  20187 17853   379133.1114   340   164587.0000   381894.5744  4690122  132.03%
  20286 17946   378099.9583   606   164587.0000   381894.0108  4707666  132.03%
  20353 18009   361964.9778   378   164587.0000   381894.0108  4726061  132.03%
  20435 18087   372168.4747   269   164587.0000   381893.7081  4742516  132.03%
  20622 18268   378510.4653   262   164587.0000   381893.4143  4763157  132.03%
  20647 18289    infeasible         164587.0000   381893.4143  4779031  132.03%
  20687 18325   377226.3887   410   164587.0000   381892.6038  4795848  132.03%

Performing restart 2

Repeating presolve.
Tried aggregator 1 time.
MIP Presolve modified 2826 coefficients.
Reduced MIP has 6471 rows, 2880 columns, and 58077 nonzeros.
Reduced MIP has 2322 binaries, 558 generals, 0 SOSs, and 0 indicators.
Presolve time = 0.02 sec. (37.35 ticks)
Tried aggregator 1 time.
Reduced MIP has 6471 rows, 2880 columns, and 58077 nonzeros.
Reduced MIP has 2322 binaries, 558 generals, 0 SOSs, and 0 indicators.
Presolve time = 0.02 sec. (35.69 ticks)
Represolve time = 0.14 sec. (185.06 ticks)
  20724     0   383227.8270   394   164587.0000     Cuts: 160  4812139  132.03%
  20724     0   383206.3676   380   164587.0000     Cuts: 107  4812466  132.03%
  20724     0   383193.6509   383   164587.0000      Cuts: 73  4812601  132.03%
  20724     0   383165.0779   549   164587.0000      Cuts: 83  4813493  132.03%
  20724     0   383158.6992   530   164587.0000      Cuts: 29  4813654  132.03%
  20724     0   383153.8681   381   164587.0000     Cuts: 156  4813810  132.03%
  20724     0   383078.1660   380   164587.0000      Cuts: 47  4814210  132.03%
  20724     0   383060.1917   553   164587.0000     Cuts: 146  4814357  132.03%
  20724     0   383055.4613   555   164587.0000      Cuts: 39  4814430  132.03%
  20724     2   383055.4613   555   164587.0000   381889.7000  4814430  132.03%
  20725     3   383031.1194   288   164587.0000   381889.7000  4814952  132.03%
Elapsed time = 468.07 sec. (1285538.85 ticks, tree = 0.01 MB, solutions = 52)
  20727     5   382396.4020   322   164587.0000   381889.7000  4818135  132.03%
  20728     6   382368.5205   464   164587.0000   381889.7000  4818472  132.03%
  20730     8   382331.8958   367   164587.0000   381889.7000  4821201  132.03%
  20733    11   382327.6277   312   164587.0000   381889.7000  4823123  132.03%
  20736    14   381726.7142   272   164587.0000   381889.7000  4826283  132.03%
  20744    22   382313.7845   726   164587.0000   381889.7000  4828424  132.03%
  20748    26   381900.6508   409   164587.0000   381889.7000  4831624  132.03%
  20753    31   378468.9511   370   164587.0000   381889.7000  4837357  132.03%
  20761    39   381881.5777   552   164587.0000   381889.7000  4839815  132.03%
  20764    42   380651.4062   384   164587.0000   381889.7000  4845171  132.03%
Elapsed time = 484.16 sec. (1334620.53 ticks, tree = 1.30 MB, solutions = 52)
  20787    65   378926.3347   303   164587.0000   381889.7000  4853824  132.03%
  20796    74   377804.1134   298   164587.0000   381889.7000  4857934  132.03%
  20823   100   375360.3650   294   164587.0000   381889.7000  4863385  132.03%
  20846   123   373370.6637   317   164587.0000   381889.7000  4871316  132.03%
  20871   148   369014.1739   470   164587.0000   381889.7000  4879393  132.03%
  20884   155   382749.6232   421   164587.0000   381889.7000  4882209  132.03%
  20910   181   382546.6103   650   164587.0000   381889.7000  4888479  132.03%
  20932   203   380681.8182   264   164587.0000   381889.7000  4895883  132.03%
  20951   219   380785.6880   396   164587.0000   381889.7000  4903199  132.03%
  20981   249   380012.8323   466   164587.0000   381889.7000  4909145  132.03%
Elapsed time = 501.05 sec. (1375525.57 ticks, tree = 9.65 MB, solutions = 52)
  21004   272   379868.5594   240   164587.0000   381889.7000  4911919  132.03%
  21048   316   378399.6728   402   164587.0000   381889.7000  4919044  132.03%
  21086   348   379293.4517   415   164587.0000   381889.7000  4930244  132.03%
  21140   402   373373.1316   318   164587.0000   381889.7000  4942396  132.03%
  21170   428   381088.3500   472   164587.0000   381889.7000  4950991  132.03%
  21209   463    infeasible         164587.0000   381889.7000  4963020  132.03%
  21252   498   382377.2435   689   164587.0000   381889.7000  4978041  132.03%
  21321   567   377865.7599   494   164587.0000   381889.7000  4988359  132.03%
  21376   620   363829.2586   492   164587.0000   381889.7000  4998354  132.03%
  21413   651   381299.5880   445   164587.0000   381889.7000  5010715  132.03%
Elapsed time = 514.10 sec. (1415337.84 ticks, tree = 27.22 MB, solutions = 52)
  21488   726   375461.9149   435   164587.0000   381889.7000  5020513  132.03%
  21572   810   374005.6210   489   164587.0000   381889.7000  5029382  132.03%
  21635   867   380168.3301   825   164587.0000   381889.7000  5041074  132.03%
  21715   945   374096.6657   412   164587.0000   381889.7000  5053881  132.03%
  21760   986   375776.2821   378   164587.0000   381889.7000  5070461  132.03%
  21842  1064   380942.4250   335   164587.0000   381889.7000  5084332  132.03%
  21911  1131   368788.7128   266   164587.0000   381889.7000  5099458  132.03%
  22028  1242   380233.0000   500   164587.0000   381889.7000  5116289  132.03%
  22116  1326   381009.8756   384   164587.0000   381889.7000  5129495  132.03%
  22237  1438   380426.1047   389   164587.0000   381889.7000  5144627  132.03%
Elapsed time = 529.89 sec. (1454138.71 ticks, tree = 69.27 MB, solutions = 52)
  22330  1531   370974.4877   633   164587.0000   381889.7000  5158038  132.03%
  22446  1644   380735.8818   383   164587.0000   381889.7000  5171330  132.03%
  22513  1707   374011.7733   452   164587.0000   381889.7000  5186950  132.03%
  22619  1808   381056.0336   376   164587.0000   381889.7000  5201512  132.03%
  22690  1879   374564.8408   401   164587.0000   381889.7000  5219004  132.03%
  22754  1937   375600.0740   352   164587.0000   381889.7000  5234582  132.03%
  22834  2009   379037.2141   415   164587.0000   381889.7000  5246056  132.03%
  22915  2085    infeasible         164587.0000   381889.7000  5258621  132.03%
  22977  2147   376429.5344   502   164587.0000   381889.7000  5271750  132.03%
  23021  2187   377983.8185   353   164587.0000   381889.7000  5285971  132.03%
Elapsed time = 542.71 sec. (1493049.78 ticks, tree = 107.68 MB, solutions = 52)
  23140  2300   381359.0910   422   164587.0000   381889.7000  5303330  132.03%
  23190  2349   374392.1166   272   164587.0000   381889.7000  5319120  132.03%
  23270  2421   376853.3683   566   164587.0000   381889.7000  5334888  132.03%
  23358  2505   374679.6722   336   164587.0000   381889.7000  5349622  132.03%
  23519  2658   381426.7319   303   164587.0000   381889.7000  5364122  132.03%
  23589  2724    infeasible         164587.0000   381889.7000  5382236  132.03%
  23675  2810   373495.5986   495   164587.0000   381889.7000  5398348  132.03%
  23772  2903   378084.8215   263   164587.0000   381889.7000  5414383  132.03%
  23847  2972   377065.1157   291   164587.0000   381889.7000  5430059  132.03%
  23922  3037   381210.7806   501   164587.0000   381889.7000  5446256  132.03%
Elapsed time = 555.74 sec. (1532596.39 ticks, tree = 146.64 MB, solutions = 52)
  24005  3117   377542.5417   251   164587.0000   381889.7000  5461526  132.03%
  24068  3168   380360.0278   350   164587.0000   381889.7000  5476946  132.03%
  24157  3250   376152.2213   506   164587.0000   381889.7000  5492102  132.03%
  24228  3309   379401.9446   376   164587.0000   381889.7000  5509499  132.03%
  24340  3415   371682.5705   413   164587.0000   381889.7000  5526901  132.03%
  24493  3551   381452.0917   432   164587.0000   381889.7000  5544484  132.03%
  24538  3592   376384.0784   251   164587.0000   381889.7000  5560865  132.03%
  24654  3707   362016.2626   304   164587.0000   381889.7000  5578749  132.03%
  24732  3777   381623.6220   336   164587.0000   381889.7000  5594160  132.03%
  24776  3817   375925.7679   479   164587.0000   381889.7000  5610775  132.03%
Elapsed time = 571.33 sec. (1571347.83 ticks, tree = 188.42 MB, solutions = 52)
  24830  3868   379914.3507   311   164587.0000   381889.7000  5627321  132.03%
  24874  3902   380355.0488   324   164587.0000   381889.7000  5643544  132.03%
  24945  3969   377506.2499   431   164587.0000   381889.7000  5659587  132.03%
  24984  4004   373365.1610   400   164587.0000   381889.7000  5675227  132.03%
  25024  4038   375528.4505   416   164587.0000   381889.7000  5691278  132.03%
  25092  4094   381511.4434   274   164587.0000   381889.7000  5708580  132.03%
  25147  4145   380099.5360   593   164587.0000   381889.7000  5722913  132.03%
  25190  4184   379154.3561   464   164587.0000   381889.7000  5737660  132.03%
  25240  4228   380301.3740   606   164587.0000   381889.7000  5755311  132.03%
  25284  4266   378360.8242   250   164587.0000   381889.7000  5770544  132.03%
Elapsed time = 583.94 sec. (1610369.44 ticks, tree = 212.28 MB, solutions = 52)
  25328  4306   380323.4815   674   164587.0000   381889.7000  5786017  132.03%
  25398  4372   373467.4142   507   164587.0000   381889.7000  5801174  132.03%
  25463  4426    infeasible         164587.0000   381889.7000  5817540  132.03%
  25498  4455   378370.9413   502   164587.0000   381889.7000  5833122  132.03%
  25551  4504   379992.1965   548   164587.0000   381889.7000  5850649  132.03%
  25633  4582   372961.2609   373   164587.0000   381889.7000  5866082  132.03%
  25687  4628   377506.9053   357   164587.0000   381889.7000  5881232  132.03%
  25762  4695   375823.0652   367   164587.0000   381889.7000  5896525  132.03%
  25832  4757   381462.5908   251   164587.0000   381889.7000  5911515  132.03%
  25870  4795   376314.8801   643   164587.0000   381889.7000  5927847  132.03%
Elapsed time = 599.04 sec. (1649382.16 ticks, tree = 240.54 MB, solutions = 52)
  25941  4852   381214.0154   392   164587.0000   381889.7000  5944085  132.03%
  25999  4906   381817.4784   367   164587.0000   381889.7000  5959418  132.03%
  26056  4957   380578.7984   277   164587.0000   381889.7000  5974828  132.03%
  26108  5003   377650.9075   675   164587.0000   381889.7000  5990182  132.03%
  26151  5036   376962.0755   316   164587.0000   381889.7000  6006157  132.03%
  26219  5098   378129.3552   507   164587.0000   381889.7000  6021071  132.03%
  26299  5175   374943.3182   591   164587.0000   381889.7000  6036206  132.03%
  26445  5314   366150.0417   500   164587.0000   381889.7000  6049942  132.03%
  26503  5364   378193.0081   280   164587.0000   381889.7000  6065488  132.03%
  26535  5393   376835.7102   495   164587.0000   381889.7000  6082066  132.03%
Elapsed time = 611.46 sec. (1688148.98 ticks, tree = 272.79 MB, solutions = 52)
  26595  5449   378828.4503   259   164587.0000   381889.7000  6098583  132.03%
  26721  5571   371945.6721   383   164587.0000   381889.7000  6114776  132.03%
  26816  5654   379815.3139   373   164587.0000   381889.7000  6130610  132.03%
  26961  5797   366081.9799   366   164587.0000   381889.7000  6146953  132.03%
  27065  5893   373531.6549   274   164587.0000   381889.7000  6164325  132.03%
  27155  5974   381214.8883   371   164587.0000   381889.7000  6181859  132.03%
  27284  6098   379619.2789   351   164587.0000   381889.7000  6197652  132.03%
  27370  6180   380660.3033   724   164587.0000   381889.7000  6213440  132.03%
  27477  6282   379055.5994   240   164587.0000   381889.7000  6230481  132.03%
  27567  6369   370595.2389   312   164587.0000   381889.7000  6245952  132.03%
Elapsed time = 624.49 sec. (1726573.41 ticks, tree = 325.44 MB, solutions = 52)
  27635  6430   376221.5257   266   164587.0000   381889.7000  6261618  132.03%
  27709  6496   379112.5196   580   164587.0000   381889.7000  6278297  132.03%
  27787  6568    infeasible         164587.0000   381889.7000  6295590  132.03%
  27849  6628   370672.9182   390   164587.0000   381889.7000  6311742  132.03%
  27931  6700   376922.1268   321   164587.0000   381889.7000  6325413  132.03%
  28029  6790   381527.8750   472   164587.0000   381889.7000  6342879  132.03%
  28109  6868    infeasible         164587.0000   381889.7000  6358850  132.03%
  28165  6918   381949.0541   237   164587.0000   381889.7000  6373544  132.03%
  28271  7024   376188.2039   448   164587.0000   381889.7000  6385334  132.03%
  28427  7177   300392.7375   199   164587.0000   381889.7000  6397594  132.03%
Elapsed time = 640.14 sec. (1765555.29 ticks, tree = 356.72 MB, solutions = 52)
  28601  7344    infeasible         164587.0000   381889.7000  6412339  132.03%
  28674  7409   378259.0114   415   164587.0000   381889.7000  6428033  132.03%
  28749  7480   375414.0183   421   164587.0000   381889.7000  6444717  132.03%
  28849  7572   381246.1409   376   164587.0000   381889.7000  6461531  132.03%
  28965  7688   366457.6093   293   164587.0000   381889.7000  6477763  132.03%
  29083  7798   372426.5318   386   164587.0000   381889.7000  6493789  132.03%
  29174  7885   377181.1930   439   164587.0000   381889.7000  6509989  132.03%
  29328  8039   359572.0308   271   164587.0000   381889.7000  6526815  132.03%
  29501  8206   363366.8525   322   164587.0000   381889.7000  6546213  132.03%
  29586  8287   377027.9866   378   164587.0000   381889.7000  6564437  132.03%
Elapsed time = 653.09 sec. (1804186.15 ticks, tree = 414.01 MB, solutions = 52)
  29646  8345   370690.3023   231   164587.0000   381889.7000  6582144  132.03%
  29740  8429   381841.3036   264   164587.0000   381889.7000  6599504  132.03%
  29810  8495   378701.9569   356   164587.0000   381889.7000  6615103  132.03%
  29906  8587   381505.6552   202   164587.0000   381889.7000  6632231  132.03%
  30020  8699   359979.0611   263   164587.0000   381889.7000  6649629  132.03%
  30093  8768   374347.6824   350   164587.0000   381889.7000  6666781  132.03%
  30216  8883   380753.2769   383   164587.0000   381889.7000  6684476  132.03%
  30313  8974   376209.3749   622   164587.0000   381889.7000  6700795  132.03%
  30408  9065   379217.8682   344   164587.0000   381889.7000  6715685  132.03%
  30596  9247   349513.3406   203   164587.0000   381889.7000  6728708  132.03%
Elapsed time = 669.22 sec. (1842796.57 ticks, tree = 459.95 MB, solutions = 52)
  30766  9410   376759.4335   338   164587.0000   381889.7000  6743649  132.03%
  30824  9465   380251.9120   278   164587.0000   381889.7000  6760636  132.03%
  30896  9535   368631.8683   248   164587.0000   381889.7000  6778255  132.03%
  30997  9626   374838.9703   503   164587.0000   381889.7000  6795070  132.03%
  31048  9673   376919.1631   384   164587.0000   381889.7000  6810693  132.03%
  31165  9782   364190.5958   350   164587.0000   381889.7000  6826857  132.03%
  31249  9860   376938.7570   337   164587.0000   381889.7000  6841707  132.03%
  31339  9944   375414.3173   405   164587.0000   381889.7000  6859374  132.03%
  31377  9976   376471.0531   263   164587.0000   381889.7000  6875703  132.03%
  31466 10057   375901.3337   333   164587.0000   381889.7000  6891948  132.03%
Elapsed time = 681.92 sec. (1881355.19 ticks, tree = 497.93 MB, solutions = 52)
  31579 10166   371550.2127   268   164587.0000   381889.7000  6908140  132.03%
  31724 10302   380431.2037   648   164587.0000   381889.7000  6925211  132.03%
  31819 10391   381494.4668   305   164587.0000   381889.7000  6941655  132.03%
  31904 10476   374144.3585   504   164587.0000   381889.7000  6957527  132.03%
  31965 10533   373427.2978   317   164587.0000   381889.7000  6972999  132.03%
  32045 10606   377067.6753   308   164587.0000   381889.7000  6989427  132.03%
  32146 10701   379673.8031   322   164587.0000   381889.7000  7005126  132.03%
  32202 10751   373125.9971   343   164587.0000   381889.7000  7021206  132.03%
  32242 10783   379943.0051   270   164587.0000   381889.7000  7037257  132.03%
  32319 10852   371870.5968   246   164587.0000   381889.7000  7055914  132.03%
Elapsed time = 694.88 sec. (1920049.20 ticks, tree = 541.03 MB, solutions = 52)
  32411 10938   376989.6081   226   164587.0000   381889.7000  7070838  132.03%
  32502 11022   375217.4317   532   164587.0000   381889.7000  7088242  132.03%
  32588 11104   368051.9033   492   164587.0000   381889.7000  7105186  132.03%
  32695 11207   381439.7170   689   164587.0000   381889.7000  7121836  132.03%
  32755 11265   375475.1921   426   164587.0000   381889.7000  7136627  132.03%
  32923 11427   379953.7114   258   164587.0000   381889.7000  7153571  132.03%
  32964 11462   378967.8675   335   164587.0000   381889.7000  7169070  132.03%
  33041 11535   381056.0000   304   164587.0000   381889.7000  7187588  132.03%
  33116 11606   375727.0375   250   164587.0000   381889.7000  7203892  132.03%
  33185 11671   378406.1720   468   164587.0000   381889.7000  7218918  132.03%
Elapsed time = 710.83 sec. (1959056.46 ticks, tree = 577.48 MB, solutions = 52)
  33315 11801   369459.1226   514   164587.0000   381889.7000  7235110  132.03%
  33365 11847   376756.1318   476   164587.0000   381889.7000  7251327  132.03%
  33401 11883   373727.0300   425   164587.0000   381889.7000  7266903  132.03%
  33456 11930   377637.8422   257   164587.0000   381889.7000  7283290  132.03%
  33576 12046   378816.5022   425   164587.0000   381889.7000  7299748  132.03%
  33650 12120   371201.3487   560   164587.0000   381889.7000  7315233  132.03%
  33824 12292   358016.8024   319   164587.0000   381889.7000  7331354  132.03%
  34100 12558   379888.3500   734   164587.0000   381889.7000  7346217  132.03%
  34307 12763   369963.8436   342   164587.0000   381889.7000  7360244  132.03%
  34395 12843   376671.0795   530   164587.0000   381889.7000  7375367  132.03%
Elapsed time = 723.61 sec. (1997622.76 ticks, tree = 641.23 MB, solutions = 52)
  34520 12964   353432.3820   352   164587.0000   381889.7000  7392233  132.03%
  34601 13039   378308.6539   309   164587.0000   381889.7000  7409068  132.03%
  34685 13121   366283.5832   276   164587.0000   381889.7000  7426302  132.03%
  34767 13196   375789.9994   329   164587.0000   381889.7000  7442321  132.03%
  34972 13393   381480.2629   404   164587.0000   381889.7000  7459963  132.03%
  35034 13451   380794.2498   395   164587.0000   381889.7000  7475708  132.03%
  35111 13528   372156.6693   256   164587.0000   381889.7000  7492252  132.03%
  35276 13684   379943.6231   682   164587.0000   381889.7000  7509464  132.03%
  35345 13747   374964.0779   493   164587.0000   381889.7000  7526852  132.03%
  35393 13787   373100.7808   224   164587.0000   381889.7000  7543401  132.03%
Elapsed time = 739.76 sec. (2036576.39 ticks, tree = 692.52 MB, solutions = 52)
  35479 13863    infeasible         164587.0000   381889.7000  7562227  132.03%
  35542 13920   373996.8789   548   164587.0000   381889.7000  7578121  132.03%
  35604 13978   375155.9121   340   164587.0000   381889.7000  7594119  132.03%
  35682 14047   379231.7006   321   164587.0000   381889.7000  7610387  132.03%
  35723 14088   371615.4362   381   164587.0000   381889.7000  7627324  132.03%
  35859 14214   381553.8273   428   164587.0000   381889.7000  7646028  132.03%
  35925 14274   379569.1318   668   164587.0000   381889.7000  7662494  132.03%
  35970 14315   367098.6846   459   164587.0000   381889.7000  7678620  132.03%
  36080 14421   381908.9044   370   164587.0000   381889.7000  7695779  132.03%
  36121 14458   379246.9652   558   164587.0000   381889.7000  7712785  132.03%
Elapsed time = 752.62 sec. (2075760.17 ticks, tree = 726.67 MB, solutions = 52)
  36161 14498   374581.2818   226   164587.0000   381889.7000  7728927  132.03%
  36216 14547   376732.7880   406   164587.0000   381889.7000  7745188  132.03%
  36297 14624   370705.2841   291   164587.0000   381889.7000  7762819  132.03%
  36352 14675   370109.3191   493   164587.0000   381889.7000  7776248  132.03%
  36440 14753    infeasible         164587.0000   381889.7000  7791965  132.03%
  36480 14789   376771.5932   352   164587.0000   381889.7000  7808193  132.03%
  36573 14879   377293.3462   277   164587.0000   381889.7000  7825179  132.03%
  36679 14974    infeasible         164587.0000   381889.7000  7841666  132.03%
  36788 15079   381594.8478   236   164587.0000   381889.7000  7857643  132.03%
  36846 15133   380646.5556   391   164587.0000   381889.7000  7873385  132.03%
Elapsed time = 765.51 sec. (2114488.76 ticks, tree = 763.25 MB, solutions = 52)
  36916 15199   370844.9128   326   164587.0000   381889.7000  7890664  132.03%
  37004 15282   377219.2110   352   164587.0000   381889.7000  7908508  132.03%
  37104 15374   377315.7676   332   164587.0000   381889.7000  7924024  132.03%
  37160 15422   374148.6336   389   164587.0000   381889.7000  7938714  132.03%
  37228 15482   378021.3406   314   164587.0000   381889.7000  7954945  132.03%
  37306 15552   366444.8953   263   164587.0000   381889.7000  7973073  132.03%
  37384 15619   377743.3265   443   164587.0000   381889.7000  7989849  132.03%
  37508 15735   380302.9121   346   164587.0000   381889.7000  8005820  132.03%
  37601 15821   376823.5507   274   164587.0000   381889.7000  8021232  132.03%
  37684 15896   377146.0902   210   164587.0000   381889.7000  8038715  132.03%
Elapsed time = 781.40 sec. (2152996.45 ticks, tree = 804.63 MB, solutions = 52)
  37762 15965   365495.2297   273   164587.0000   381889.7000  8056865  132.03%
  37866 16061   377145.4917   373   164587.0000   381889.7000  8076091  132.03%
  37954 16143   373851.7965   403   164587.0000   381889.7000  8093227  132.03%
  38029 16204   379626.0152   300   164587.0000   381889.7000  8109686  132.03%
  38102 16269    infeasible         164587.0000   381889.7000  8127524  132.03%
  38169 16330    infeasible         164587.0000   381889.7000  8143437  132.03%
  38234 16393   371358.7903   335   164587.0000   381889.7000  8159162  132.03%
  38308 16461   364350.4583   370   164587.0000   381889.7000  8175455  132.03%
  38379 16516   378280.5346   331   164587.0000   381889.7000  8191793  132.03%
  38530 16665    infeasible         164587.0000   381889.7000  8207084  132.03%
Elapsed time = 794.35 sec. (2191550.64 ticks, tree = 847.32 MB, solutions = 52)
  38659 16788   372546.7805   273   164587.0000   381889.7000  8222846  132.03%
  38774 16893   377293.8031   622   164587.0000   381889.7000  8238808  132.03%
  38986 17099   342245.0202   312   164587.0000   381889.7000  8256588  132.03%
  39085 17192   369611.0012   293   164587.0000   381889.7000  8273993  132.03%
  39151 17254   373621.6955   317   164587.0000   381889.7000  8290098  132.03%
  39228 17325   376453.4609   355   164587.0000   381889.7000  8306503  132.03%
  39370 17459   366310.1973   288   164587.0000   381889.7000  8324171  132.03%
  39493 17574   361253.5614   270   164587.0000   381889.7000  8341126  132.03%
  39582 17656   372760.3330   287   164587.0000   381889.7000  8357385  132.03%
  39669 17739   374258.5216   350   164587.0000   381889.7000  8373783  132.03%
Elapsed time = 808.28 sec. (2230031.74 ticks, tree = 877.21 MB, solutions = 52)
* 39724+17772                       214058.0000   381889.7000            78.40%
* 39724+17772                       214074.0000   381889.7000            78.39%
* 39724+17772                       217145.0000   381889.7000            75.87%
  39788 17838   358284.3379   418   217145.0000   381889.7000  8391061   75.87%
  39893 17939   376492.3151   248   217145.0000   381889.7000  8407813   75.87%
  39977 18015   366859.1086   353   217145.0000   381889.7000  8425409   75.87%
  40065 18095   373473.8563   258   217145.0000   381889.7000  8441015   75.87%
  40134 18156   372794.3328   291   217145.0000   381889.7000  8457555   75.87%
  40206 18222   380474.7500   240   217145.0000   381889.7000  8477062   75.87%
  40287 18297   380549.6310   372   217145.0000   381889.7000  8493395   75.87%
  40369 18375   375548.5246   337   217145.0000   381889.7000  8508108   75.87%
  40462 18456   380557.6159   339   217145.0000   381889.7000  8523983   75.87%
  40574 18568   373636.4136   361   217145.0000   381889.7000  8540323   75.87%
Elapsed time = 822.85 sec. (2268652.77 ticks, tree = 922.35 MB, solutions = 55)
  40675 18659   380712.2595   349   217145.0000   381885.9767  8557938   75.87%
  40738 18722   374312.9472   276   217145.0000   381885.9767  8574456   75.87%
  40802 18780   374794.5074   442   217145.0000   381885.6465  8590944   75.87%
  40899 18869   373744.8859   298   217145.0000   381885.4599  8607482   75.87%
  41040 18996   380992.3152   437   217145.0000   381885.2411  8626107   75.87%
  41097 19047   378580.7611   320   217145.0000   381885.0336  8642865   75.87%
  41151 19091   381210.1794   412   217145.0000   381884.6673  8660771   75.87%
  41239 19173   377566.8442   317   217145.0000   381883.8609  8677696   75.87%
  41352 19285   359992.1001   303   217145.0000   381883.8609  8695121   75.87%
  41463 19381    infeasible         217145.0000   381883.5266  8712393   75.87%
Elapsed time = 838.55 sec. (2307777.39 ticks, tree = 966.79 MB, solutions = 55)
  41504 19418   376389.3329   352   217145.0000   381883.1628  8728089   75.87%
  41556 19457   380121.8703   313   217145.0000   381882.1679  8744372   75.87%
  41660 19557   369225.0263   359   217145.0000   381881.6869  8761287   75.86%
* 41724+19613                       217670.0000   381881.4396            75.44%
  41735 19622   381159.5326   435   217670.0000   381880.6327  8777441   75.44%
  41793 19680   371747.8250   294   217670.0000   381880.6327  8794674   75.44%
  41882 19759   371980.1730   418   217670.0000   381880.6271  8812233   75.44%
  41971 19845   373875.0043   419   217670.0000   381880.5154  8827479   75.44%
  42063 19929   375429.4497   434   217670.0000   381880.0749  8844735   75.44%
  42150 20010   370613.1588   305   217670.0000   381879.3489  8861757   75.44%
  42206 20062   377727.9355   374   217670.0000   381878.4960  8878992   75.44%
Elapsed time = 852.89 sec. (2346170.80 ticks, tree = 990.91 MB, solutions = 56)
  42313 20158   377591.2898   434   217670.0000   381878.1031  8897007   75.44%
  42446 20289   362813.2347   270   217670.0000   381878.1031  8913064   75.44%
  42536 20373    infeasible         217670.0000   381877.3148  8929183   75.44%
  42625 20457   369000.1603   287   217670.0000   381876.8471  8946335   75.44%
  42722 20550   377181.6333   380   217670.0000   381874.6628  8962412   75.44%
  42840 20661   379918.2885   285   217670.0000   381873.0196  8979440   75.44%
  42920 20735   380329.5139   462   217670.0000   381872.5699  8997277   75.44%
  43012 20819   373655.4262   300   217670.0000   381872.4302  9014046   75.44%
  43153 20948   380230.7521   338   217670.0000   381871.8667  9031661   75.44%
  43281 21076   358807.5347   250   217670.0000   381871.8667  9049283   75.44%
Elapsed time = 868.62 sec. (2384734.70 ticks, tree = 1046.26 MB, solutions = 56)
  43349 21138   366365.6579   317   217670.0000   381871.7642  9065703   75.44%
  43447 21229   378232.6060   444   217670.0000   381871.4583  9083212   75.44%
  43517 21292   375881.4201   441   217670.0000   381870.8134  9099076   75.44%
  43702 21470   380876.5655   307   217670.0000   381869.8303  9117742   75.44%
  43791 21556   368269.7725   241   217670.0000   381869.8303  9135526   75.44%
  43913 21668   376837.4264   404   217670.0000   381869.0491  9151992   75.43%
  44029 21782   363636.1083   256   217670.0000   381869.0491  9168571   75.43%
  44079 21822   376272.5718   277   217670.0000   381867.7831  9185115   75.43%
  44172 21909   379009.8523   273   217670.0000   381867.1838  9201904   75.43%
  44275 22008   377524.7519   324   217670.0000   381866.8890  9219395   75.43%
Elapsed time = 881.89 sec. (2423457.10 ticks, tree = 1088.12 MB, solutions = 56)
  44393 22119   372011.0153   333   217670.0000   381866.4691  9235503   75.43%
  44491 22213   373091.4082   397   217670.0000   381866.4056  9251718   75.43%
  44611 22324   375288.9679   321   217670.0000   381866.2356  9269284   75.43%
  44747 22450    infeasible         217670.0000   381866.1333  9286054   75.43%
  44809 22504   378566.3973   356   217670.0000   381864.4097  9302645   75.43%
  44936 22627   373366.6548   204   217670.0000   381863.7540  9319415   75.43%
  45006 22685   377295.7345   419   217670.0000   381861.7364  9336532   75.43%
  45059 22732   379456.5696   372   217670.0000   381860.3144  9354119   75.43%
  45141 22812   367034.9798   235   217670.0000   381860.3144  9372068   75.43%
  45253 22924   350166.7752   385   217670.0000   381860.3144  9391251   75.43%
Elapsed time = 895.93 sec. (2461938.58 ticks, tree = 1138.11 MB, solutions = 56)
  45390 23053   377336.5689   580   217670.0000   381859.3012  9408774   75.43%
  45492 23151   370135.6745   279   217670.0000   381856.9269  9425883   75.43%
  45625 23272   380131.2681   269   217670.0000   381853.4542  9443290   75.43%
  45692 23333   377575.5441   282   217670.0000   381853.3869  9460258   75.43%
  45747 23384   376584.7763   410   217670.0000   381853.1744  9475952   75.43%
  45828 23462   374937.6327   418   217670.0000   381853.1540  9492501   75.43%
  45884 23510   375002.0018   329   217670.0000   381851.6845  9510538   75.43%
  45947 23563    infeasible         217670.0000   381850.0528  9526708   75.43%
  46015 23623   373617.5913   292   217670.0000   381847.2564  9544440   75.42%
  46090 23694   374980.0011   281   217670.0000   381846.5902  9560645   75.42%
Elapsed time = 911.80 sec. (2500500.15 ticks, tree = 1176.95 MB, solutions = 56)
  46163 23763   373219.1302   395   217670.0000   381843.7381  9577190   75.42%
  46206 23796   380602.3992   396   217670.0000   381840.0189  9594152   75.42%
  46244 23830   378845.5667   316   217670.0000   381839.9690  9610497   75.42%
  46343 23921   369181.9882   356   217670.0000   381839.9690  9626911   75.42%
  46446 24017   370994.5592   288   217670.0000   381839.2835  9643993   75.42%
  46543 24104   376540.0319   529   217670.0000   381838.4055  9660475   75.42%
  46584 24135   379832.7352   362   217670.0000   381832.1082  9676550   75.42%
  46668 24213   372667.7460   320   217670.0000   381830.8010  9692936   75.42%
  46791 24332   374452.9016   324   217670.0000   381830.8010  9709301   75.42%
  46867 24395   376495.0500   335   217670.0000   381828.4097  9726308   75.42%
Elapsed time = 925.39 sec. (2539137.27 ticks, tree = 1215.14 MB, solutions = 56)
  46949 24471   379048.3204   482   217670.0000   381827.7071  9742992   75.42%
  47046 24557   378470.7424   397   217670.0000   381824.5600  9759704   75.41%
  47126 24633   366229.3013   386   217670.0000   381824.5600  9776761   75.41%
  47193 24691   378790.9260   513   217670.0000   381819.3383  9793584   75.41%
  47326 24810   380318.7800   383   217670.0000   381817.9027  9811212   75.41%
  47445 24929   373342.2317   396   217670.0000   381817.9027  9828001   75.41%
  47555 25027   374324.3501   320   217670.0000   381817.1825  9846012   75.41%
  47629 25098   376420.1741   554   217670.0000   381816.2116  9861313   75.41%
  47711 25172   377550.4540   313   217670.0000   381812.8683  9877594   75.41%
* 47724+25183                       217738.0000   381812.8683            75.35%
  47772 25226   378748.7328   591   217738.0000   381811.7069  9894140   75.35%
Elapsed time = 938.45 sec. (2577734.47 ticks, tree = 1260.52 MB, solutions = 57)
  47874 25324   376054.3672   459   217738.0000   381811.2072  9909788   75.35%
  47998 25437   381208.3638   491   217738.0000   381810.4148  9928046   75.35%
  48094 25533   369724.7355   298   217738.0000   381810.4148  9943594   75.35%
  48157 25588    infeasible         217738.0000   381809.7288  9959217   75.35%
  48243 25670   380942.8563   419   217738.0000   381808.5517  9979050   75.35%
  48276 25703   373343.2117   316   217738.0000   381808.5517  9996012   75.35%
  48376 25797   365684.3068   279   217738.0000   381808.5517 10013248   75.35%
  48481 25896   373688.3402   425   217738.0000   381804.3622 10030530   75.35%
  48571 25974   379422.4755   300   217738.0000   381804.2544 10048433   75.35%
  48679 26076   380778.9792   245   217738.0000   381804.1623 10065220   75.35%
Elapsed time = 953.82 sec. (2616561.17 ticks, tree = 1298.59 MB, solutions = 57)
  48771 26158   374426.2285   353   217738.0000   381801.0000 10081072   75.35%
  48851 26230    infeasible         217738.0000   381800.0636 10097344   75.35%
  48910 26283   377656.8541   411   217738.0000   381799.3009 10112589   75.35%
  49045 26414   371164.2189   279   217738.0000   381798.9935 10128660   75.35%
  49164 26529   375014.5443   350   217738.0000   381798.6123 10145068   75.35%
  49326 26677   377296.3889   384   217738.0000   381798.2359 10162137   75.35%
  49381 26720   379793.6210   515   217738.0000   381796.1250 10178041   75.35%
  49511 26848   371923.7590   354   217738.0000   381796.1250 10194000   75.35%
  49693 27022   377549.7116   466   217738.0000   381795.5769 10212315   75.35%
  49800 27123   376750.9674   378   217738.0000   381794.5968 10228972   75.35%
Elapsed time = 968.54 sec. (2655397.98 ticks, tree = 1355.65 MB, solutions = 57)
  49852 27165   380106.1102   297   217738.0000   381793.2419 10246171   75.35%
  49916 27227   370451.3675   237   217738.0000   381793.2419 10263569   75.35%
  49987 27290   376987.5547   235   217738.0000   381792.9233 10279175   75.35%
  50046 27345   373423.0894   368   217738.0000   381792.2505 10295438   75.34%
  50234 27533   346853.2782   285   217738.0000   381792.2505 10313838   75.34%
  50501 27790   372117.1500   327   217738.0000   381791.1464 10331216   75.34%
  50604 27889   378773.7602   423   217738.0000   381789.6589 10348115   75.34%
  50685 27966   377254.2536   596   217738.0000   381789.2065 10364596   75.34%
  50752 28029   371574.1346   321   217738.0000   381789.0427 10380884   75.34%
  50858 28127   380551.7953   386   217738.0000   381788.8269 10395574   75.34%
Elapsed time = 982.78 sec. (2694023.57 ticks, tree = 1410.36 MB, solutions = 57)
  50976 28243    infeasible         217738.0000   381788.8269 10413072   75.34%
  51093 28350   376034.4380   608   217738.0000   381788.1361 10430867   75.34%
  51191 28436   378716.5385   332   217738.0000   381785.0407 10446506   75.34%
  51286 28527   370363.6635   366   217738.0000   381785.0407 10463481   75.34%
  51454 28685   378966.8176   394   217738.0000   381784.9700 10479673   75.34%
  51528 28750   378639.0324   248   217738.0000   381783.2127 10495507   75.34%
  51632 28848   366562.8466   444   217738.0000   381783.0736 10512234   75.34%
  51735 28947   377229.1963   360   217738.0000   381778.3333 10529683   75.34%
  51796 28998   378304.7231   346   217738.0000   381774.0978 10545697   75.34%
  51833 29031   376787.4539   626   217738.0000   381771.3186 10561594   75.34%
Elapsed time = 995.81 sec. (2732490.86 ticks, tree = 1451.46 MB, solutions = 57)
  51887 29075    infeasible         217738.0000   381771.3186 10579666   75.34%
  51989 29173   370844.3659   381   217738.0000   381768.0364 10596763   75.33%
  52067 29247   380183.1131   327   217738.0000   381762.4222 10615340   75.33%
  52176 29352   380278.5595   306   217738.0000   381761.4508 10632186   75.33%
  52309 29479   380886.6949   267   217738.0000   381760.2435 10649462   75.33%
  52354 29520   373668.5865   349   217738.0000   381760.2435 10664489   75.33%
  52427 29589   378969.7396   370   217738.0000   381757.5185 10682062   75.33%
  52540 29702   373263.8208   598   217738.0000   381757.5185 10696666   75.33%
  52626 29780   381605.9625   515   217738.0000   381754.9583 10712493   75.33%
  52705 29855   378192.2928   408   217738.0000   381750.8935 10729669   75.33%
Elapsed time = 1011.43 sec. (2770999.52 ticks, tree = 1484.11 MB, solutions = 57)
  52813 29953   375805.6214   367   217738.0000   381750.6667 10747021   75.33%
  52898 30032   379249.1357   423   217738.0000   381750.1276 10764386   75.33%
  52991 30125   372472.0456   574   217738.0000   381750.1276 10780139   75.33%
  53128 30259   351223.9112   320   217738.0000   381750.1276 10797022   75.33%
  53266 30385   379169.1101   265   217738.0000   381749.7124 10814337   75.33%
  53330 30440   379525.7268   330   217738.0000   381748.1020 10831097   75.32%
  53458 30562   362430.2234   194   217738.0000   381748.1020 10850430   75.32%
  53659 30743   370692.9148   352   217738.0000   381747.4649 10868712   75.32%
  53816 30892   378173.6752   338   217738.0000   381747.4230 10887218   75.32%
  53909 30965   381445.7922   481   217738.0000   381747.4167 10903587   75.32%
Elapsed time = 1025.55 sec. (2809848.82 ticks, tree = 1544.98 MB, solutions = 57)
  53983 31033    infeasible         217738.0000   381747.4167 10920374   75.32%
  54030 31074   377401.4500   232   217738.0000   381745.3181 10937132   75.32%
  54092 31132   377308.2782   388   217738.0000   381744.4957 10953784   75.32%
  54193 31233   359157.9126   339   217738.0000   381744.4957 10971934   75.32%
  54333 31367   376043.4648   378   217738.0000   381742.9434 10989341   75.32%
  54383 31405   379004.4266   491   217738.0000   381742.6062 11005570   75.32%
  54481 31499   380759.1390   305   217738.0000   381741.1944 11024225   75.32%
  54542 31548   379530.1935   266   217738.0000   381739.8467 11041947   75.32%
  54641 31643   379786.3727   430   217738.0000   381739.3000 11058716   75.32%
  54746 31747   363850.5645   257   217738.0000   381739.3000 11074160   75.32%
Elapsed time = 1039.35 sec. (2848723.09 ticks, tree = 1580.76 MB, solutions = 57)
  54869 31858    infeasible         217738.0000   381738.7717 11090195   75.32%
  54912 31895   376963.9178   293   217738.0000   381738.2000 11105779   75.32%
  54958 31941   369097.3333   326   217738.0000   381738.2000 11122129   75.32%
  55008 31987   375369.9191   351   217738.0000   381735.3590 11138550   75.32%
  55083 32058   377051.2213   641   217738.0000   381735.1550 11154697   75.32%
  55168 32139   380241.4255   407   217738.0000   381733.5323 11169177   75.32%
  55242 32207   380595.6620   372   217738.0000   381730.5612 11185587   75.32%
  55383 32343   380207.7803   283   217738.0000   381729.3429 11203400   75.32%
  55427 32379    infeasible         217738.0000   381729.3429 11220689   75.32%
  55502 32452   367337.6207   297   217738.0000   381729.1773 11237144   75.32%
Elapsed time = 1054.29 sec. (2887449.14 ticks, tree = 1619.55 MB, solutions = 57)
  55561 32500   381477.6842   339   217738.0000   381726.7095 11253616   75.31%
  55633 32572   373257.0331   265   217738.0000   381726.7095 11270495   75.31%
  55684 32613   379420.2500   200   217738.0000   381724.4576 11287305   75.31%
  55736 32661   380566.9258   268   217738.0000   381724.3211 11304754   75.31%
  55868 32789   379397.3738   259   217738.0000   381723.8889 11323435   75.31%
  55949 32867   379076.8615   427   217738.0000   381723.8889 11339533   75.31%
  56011 32923   374051.2224   322   217738.0000   381720.7533 11356233   75.31%
  56052 32960   378139.9601   336   217738.0000   381719.8038 11372323   75.31%
  56120 33022   378014.6690   436   217738.0000   381717.6152 11388742   75.31%
  56238 33134    infeasible         217738.0000   381717.6152 11407554   75.31%
Elapsed time = 1067.59 sec. (2926569.93 ticks, tree = 1648.71 MB, solutions = 57)
  56295 33189   372794.6393   511   217738.0000   381717.5829 11423594   75.31%
  56347 33235   378050.1651   305   217738.0000   381715.8621 11439038   75.31%
  56404 33286    infeasible         217738.0000   381714.7787 11457264   75.31%
  56438 33314    infeasible         217738.0000   381713.5222 11472857   75.31%
  56569 33439   373128.0570   356   217738.0000   381712.6976 11489014   75.31%
  56696 33558   377265.3333   327   217738.0000   381712.6667 11507913   75.31%
  56820 33678   379047.5871   263   217738.0000   381712.6667 11525056   75.31%
  56910 33764   370896.8410   413   217738.0000   381712.2841 11541214   75.31%
  56962 33806   381040.1407   276   217738.0000   381711.9447 11558325   75.31%
  57016 33852   375806.7319   363   217738.0000   381711.7500 11574773   75.31%
Elapsed time = 1082.98 sec. (2965284.29 ticks, tree = 1687.94 MB, solutions = 57)
  57096 33924   380374.1000   444   217738.0000   381711.0704 11590996   75.31%
  57157 33983   368461.7141   510   217738.0000   381711.0704 11608823   75.31%
  57227 34047   376177.8667   285   217738.0000   381710.2857 11625941   75.31%
  57348 34150   381310.8182   262   217738.0000   381709.0418 11644556   75.31%
  57429 34227   380360.2822   674   217738.0000   381707.8507 11661021   75.31%
  57501 34292   378764.3456   370   217738.0000   381707.4878 11677110   75.31%
  57589 34380   368551.7283   410   217738.0000   381707.4878 11694362   75.31%
  57641 34428   375107.8070   405   217738.0000   381706.7953 11712393   75.31%
  57718 34503   368286.2524   263   217738.0000   381706.7953 11729755   75.31%
  57787 34562   377231.4115   298   217738.0000   381705.2500 11746269   75.30%
Elapsed time = 1096.35 sec. (3004134.57 ticks, tree = 1721.22 MB, solutions = 57)
  57840 34605   380273.9774   265   217738.0000   381703.5160 11762857   75.30%
  57897 34658   377884.2903   509   217738.0000   381703.5008 11779874   75.30%
  57947 34704   372813.7522   200   217738.0000   381703.5008 11797472   75.30%
  58020 34773   372188.7864   349   217738.0000   381702.5844 11814564   75.30%
  58144 34892   376405.0901   367   217738.0000   381702.2141 11832943   75.30%
  58238 34980   380226.0169   362   217738.0000   381701.5203 11849401   75.30%
  58314 35053   379391.8231   538   217738.0000   381700.9339 11865409   75.30%
  58402 35139   354966.0234   296   217738.0000   381700.9339 11881093   75.30%
  58505 35232   376802.1636   390   217738.0000   381699.8339 11898734   75.30%
  58578 35295   379139.6236   389   217738.0000   381699.5714 11915202   75.30%
Elapsed time = 1109.82 sec. (3043135.79 ticks, tree = 1761.49 MB, solutions = 57)
  58648 35355   378997.6796   304   217738.0000   381698.6364 11932894   75.30%
  58682 35385   373313.8456   504   217738.0000   381695.7901 11950546   75.30%
  58771 35470   378831.1170   856   217738.0000   381695.3935 11969943   75.30%
  58840 35531   380419.2299   620   217738.0000   381694.9599 11986327   75.30%
  58933 35617    infeasible         217738.0000   381694.8528 12002519   75.30%
  58971 35647   380003.6964   547   217738.0000   381691.5277 12019343   75.30%
  59101 35777   371017.9462   435   217738.0000   381691.5277 12035269   75.30%
  59142 35814   372119.0157   219   217738.0000   381689.6940 12051060   75.30%
  59225 35881   381206.7446   276   217738.0000   381688.6033 12068459   75.30%
  59305 35951   379770.6383   349   217738.0000   381686.3550 12084523   75.30%
Elapsed time = 1125.31 sec. (3082638.27 ticks, tree = 1797.32 MB, solutions = 57)
  59355 36001   375531.2656   253   217738.0000   381686.3550 12102111   75.30%
  59468 36106   359950.8516   270   217738.0000   381686.3550 12120916   75.30%
  59521 36153   375091.7350   378   217738.0000   381682.5000 12137277   75.29%
  59623 36245   380259.8750   264   217738.0000   381681.8333 12154231   75.29%
  59709 36329   370662.7606   303   217738.0000   381681.8333 12171452   75.29%
  59824 36436   373096.4507   185   217738.0000   381680.8344 12188422   75.29%
  59917 36519    infeasible         217738.0000   381679.0000 12205829   75.29%
  59958 36556    infeasible         217738.0000   381678.5060 12222822   75.29%
  60015 36599   372753.3539   371   217738.0000   381678.2273 12239538   75.29%
  60072 36652   379422.9597   447   217738.0000   381677.1229 12256202   75.29%
Elapsed time = 1138.59 sec. (3121328.21 ticks, tree = 1835.69 MB, solutions = 57)
  60139 36713   374492.4382   320   217738.0000   381675.9828 12272617   75.29%
  60157 36725   377388.6341   388   217738.0000   381675.9118 12289332   75.29%
  60201 36765   376934.5455   333   217738.0000   381675.7500 12305502   75.29%
  60254 36812   374956.6132   455   217738.0000   381675.3683 12321784   75.29%
  60327 36878   378072.8239   291   217738.0000   381671.0181 12338560   75.29%
  60445 36990   381187.9723   266   217738.0000   381670.4923 12355891   75.29%
  60481 37026   375143.2470   339   217738.0000   381670.4923 12372233   75.29%
  60558 37095   379149.8817   342   217738.0000   381670.4097 12389903   75.29%
  60643 37170   378388.5223   520   217738.0000   381669.3035 12405888   75.29%
  60729 37247   380154.7876   508   217738.0000   381669.0309 12422918   75.29%
Elapsed time = 1154.05 sec. (3160013.37 ticks, tree = 1861.18 MB, solutions = 57)
  60773 37287   379070.1111   385   217738.0000   381668.8672 12438357   75.29%
  60817 37331   371684.5713   357   217738.0000   381668.8672 12455572   75.29%
  60871 37383   366902.5087   327   217738.0000   381668.8672 12473292   75.29%
  60950 37452   380036.8733   553   217738.0000   381665.0417 12490521   75.29%
  61037 37539   361568.5417   423   217738.0000   381665.0417 12507722   75.29%
  61135 37629   381089.9994   283   217738.0000   381663.6736 12524032   75.29%
  61198 37688   375228.2738   295   217738.0000   381662.2635 12539575   75.29%
  61301 37785   362502.8722   366   217738.0000   381660.8354 12557744   75.28%
  61413 37893   379576.0455   420   217738.0000   381660.3921 12575444   75.28%
  61583 38059   380878.7242   299   217738.0000   381657.6695 12592421   75.28%
Elapsed time = 1167.52 sec. (3198525.65 ticks, tree = 1905.90 MB, solutions = 57)
  61652 38120   373002.4544   284   217738.0000   381655.6991 12609486   75.28%
  61746 38204   380963.9636   404   217738.0000   381653.2778 12627575   75.28%
  61824 38274   376865.6521   582   217738.0000   381652.8311 12643615   75.28%
  61903 38349   371510.9139   501   217738.0000   381651.7948 12659966   75.28%
  61972 38410   381350.4210   377   217738.0000   381648.3847 12675847   75.28%
  62008 38444    infeasible         217738.0000   381648.3847 12692384   75.28%
  62064 38494   377013.8943   314   217738.0000   381645.8375 12709114   75.28%
  62135 38559   375275.1944   342   217738.0000   381645.8303 12725324   75.28%
  62203 38619   380893.7123   325   217738.0000   381645.4531 12742402   75.28%
  62264 38680   374357.4107   242   217738.0000   381645.4531 12758903   75.28%
Elapsed time = 1182.75 sec. (3237270.51 ticks, tree = 1931.38 MB, solutions = 57)
  62360 38764   379400.5532   434   217738.0000   381643.8642 12777307   75.28%
  62430 38830   368865.0792   431   217738.0000   381640.9839 12793583   75.28%
  62585 38982   381027.2222   287   217738.0000   381639.7878 12809529   75.27%
  62647 39038   379359.9029   330   217738.0000   381639.4135 12826215   75.27%
  62755 39133   379421.9260   189   217738.0000   381638.7271 12843428   75.27%
  62818 39196   370455.4273   364   217738.0000   381638.7271 12860917   75.27%
  62896 39268   376225.6282   429   217738.0000   381638.5368 12878137   75.27%
  62955 39317   377039.1121   254   217738.0000   381637.2692 12894115   75.27%
  63015 39369   379807.1381   345   217738.0000   381635.6452 12911194   75.27%
  63065 39415   375817.3701   676   217738.0000   381634.2952 12927890   75.27%
Elapsed time = 1196.12 sec. (3275989.40 ticks, tree = 1971.01 MB, solutions = 57)
  63126 39472   371036.6805   411   217738.0000   381634.2000 12944402   75.27%
  63195 39533   381116.6273   288   217738.0000   381633.5627 12961356   75.27%
  63270 39608   368143.5464   467   217738.0000   381633.5627 12978076   75.27%
  63333 39665   375790.6129   266   217738.0000   381633.2952 12995659   75.27%
  63390 39716   376334.6090   731   217738.0000   381633.1971 13012648   75.27%
  63448 39766   378346.7500   247   217738.0000   381632.6213 13029225   75.27%
  63546 39859   380881.2303   377   217738.0000   381631.5392 13043958   75.27%
  63624 39937   367538.1970   254   217738.0000   381631.5392 13060359   75.27%
  63692 39991   377926.2218   281   217738.0000   381629.3172 13077557   75.27%
  63748 40041   375485.8739   262   217738.0000   381627.4207 13094175   75.27%
Elapsed time = 1209.38 sec. (3314920.35 ticks, tree = 2005.50 MB, solutions = 57)
  63843 40132   373466.1071   350   217738.0000   381626.5962 13110853   75.27%
  63897 40182   377270.3982   614   217738.0000   381626.2736 13127465   75.27%
  63969 40254   364082.0584   479   217738.0000   381626.2736 13144650   75.27%
  64164 40444   377624.8390   365   217738.0000   381625.9560 13161949   75.27%
  64247 40521   379878.8800   364   217738.0000   381625.8772 13178266   75.27%
  64309 40579   380343.5631   323   217738.0000   381625.8667 13194687   75.27%
  64371 40637   379778.2301   378   217738.0000   381625.7778 13210973   75.27%
  64466 40726   380893.9399   525   217738.0000   381625.5000 13227528   75.27%
  64583 40841   364094.6886   206   217738.0000   381625.5000 13244810   75.27%
  64647 40899   373009.6323   306   217738.0000   381625.4802 13262062   75.27%
Elapsed time = 1224.89 sec. (3353543.91 ticks, tree = 2052.60 MB, solutions = 57)
Nodefile size = 4.95 MB (4.81 MB after compression)
  64736 40980   380511.2019   350   217738.0000   381623.1860 13278163   75.27%
  64813 41053   370073.2302   305   217738.0000   381622.2289 13294682   75.27%
  64877 41108   380973.9512   405   217738.0000   381620.3830 13310659   75.27%
  64907 41135    infeasible         217738.0000   381620.3830 13326671   75.27%
  64964 41182   378202.6201   289   217738.0000   381618.7819 13342674   75.27%
  65039 41253   374747.8923   312   217738.0000   381618.6713 13358779   75.27%
  65132 41338   374593.7034   453   217738.0000   381618.2847 13377087   75.26%
  65185 41385   373560.5269   213   217738.0000   381617.1474 13393933   75.26%
  65257 41453   376600.4912   369   217738.0000   381616.3333 13410866   75.26%
  65322 41514   377037.5635   459   217738.0000   381616.1341 13426666   75.26%
Elapsed time = 1237.88 sec. (3392405.36 ticks, tree = 2086.36 MB, solutions = 57)
Nodefile size = 38.85 MB (37.48 MB after compression)
  65385 41573   379361.8860   780   217738.0000   381615.4583 13441998   75.26%
  65455 41640   381322.1985   524   217738.0000   381615.4008 13458608   75.26%
  65536 41721   371346.5643   438   217738.0000   381615.4008 13474712   75.26%
  65593 41774   375577.0356   326   217738.0000   381614.7521 13491245   75.26%
  65643 41814   376776.9542   292   217738.0000   381614.5145 13507095   75.26%
  65712 41875   380711.4198   248   217738.0000   381614.1400 13522853   75.26%
  65812 41975   352257.7396   308   217738.0000   381614.1400 13539709   75.26%
  65905 42056   376202.6212   326   217738.0000   381614.0521 13557338   75.26%
  66022 42169    infeasible         217738.0000   381614.0521 13574243   75.26%
  66078 42225   372616.4920   315   217738.0000   381613.4055 13591425   75.26%
Elapsed time = 1253.36 sec. (3431325.50 ticks, tree = 2125.33 MB, solutions = 57)
Nodefile size = 78.30 MB (75.59 MB after compression)
  66129 42270    infeasible         217738.0000   381613.4055 13608604   75.26%
  66218 42357   369005.3793   581   217738.0000   381613.0679 13625765   75.26%
  66320 42449   381405.1719   367   217738.0000   381612.6153 13642368   75.26%
  66387 42510   379625.6435   380   217738.0000   381611.9613 13659470   75.26%
  66519 42642   370623.0641   377   217738.0000   381611.9613 13674389   75.26%
  66591 42710   376095.6503   454   217738.0000   381611.6435 13691123   75.26%
  66669 42782   379928.2932   523   217738.0000   381611.5505 13708784   75.26%
  66781 42886   378914.9521   715   217738.0000   381611.5287 13724792   75.26%
  66891 42996   369835.9811   286   217738.0000   381611.5287 13740418   75.26%
  66977 43066   380475.7166   368   217738.0000   381609.3700 13756789   75.26%
Elapsed time = 1266.72 sec. (3469972.26 ticks, tree = 2171.55 MB, solutions = 57)
Nodefile size = 123.79 MB (119.61 MB after compression)
  67031 43112   376415.8481   376   217738.0000   381608.8202 13774058   75.26%
  67126 43203   378021.0067   319   217738.0000   381608.5698 13790417   75.26%
  67214 43291   366088.2048   377   217738.0000   381608.5698 13807806   75.26%
  67296 43369   376624.0015   452   217738.0000   381606.8497 13824753   75.26%
  67354 43427   362619.5040   232   217738.0000   381606.8497 13841868   75.26%
  67503 43572   374790.0263   323   217738.0000   381606.6398 13859172   75.26%
  67587 43652   375069.2661   423   217738.0000   381606.5023 13875499   75.26%
  67647 43702   377002.1874   261   217738.0000   381605.4917 13891182   75.26%
  67827 43882   357771.2432   243   217738.0000   381605.4917 13908529   75.26%
  67870 43918   379968.2222   306   217738.0000   381603.1945 13925124   75.26%
Elapsed time = 1282.32 sec. (3508528.55 ticks, tree = 2216.55 MB, solutions = 57)
Nodefile size = 169.34 MB (163.46 MB after compression)
  67958 44006   363950.4395   369   217738.0000   381603.1945 13941420   75.26%
  68143 44183   379155.7756   322   217738.0000   381603.0000 13957846   75.26%
  68230 44266    infeasible         217738.0000   381603.0000 13973998   75.26%
  68274 44308   371621.3145   243   217738.0000   381602.6666 13989958   75.26%
  68373 44401   375091.4476   360   217738.0000   381602.2169 14005750   75.26%
  68503 44527   356004.3174   331   217738.0000   381602.2169 14023838   75.26%
  68602 44623   370229.5445   287   217738.0000   381602.1875 14040896   75.26%
  68738 44755   367797.6301   261   217738.0000   381602.1259 14057253   75.26%
  68850 44858    infeasible         217738.0000   381601.1497 14074134   75.26%
  68900 44908   372788.4725   264   217738.0000   381600.8576 14090751   75.26%
Elapsed time = 1296.02 sec. (3547069.75 ticks, tree = 2270.79 MB, solutions = 57)
Nodefile size = 222.88 MB (215.21 MB after compression)
  68954 44950   380754.4342   335   217738.0000   381600.4234 14108040   75.26%
  69033 45021   380102.8984   377   217738.0000   381600.2463 14124754   75.26%
  69095 45077   376501.9516   551   217738.0000   381600.1853 14140747   75.26%
  69195 45171   378471.0888   300   217738.0000   381599.7979 14156324   75.26%
  69270 45240   377234.0206   456   217738.0000   381599.7602 14173252   75.26%
  69362 45328   379456.0264   398   217738.0000   381599.6703 14189168   75.26%
  69427 45391   367808.5320   293   217738.0000   381599.6703 14206168   75.26%
  69602 45560   381255.1965   267   217738.0000   381599.5468 14222512   75.26%
  69703 45660   372702.6303   366   217738.0000   381599.5468 14239120   75.26%
  69763 45712   380931.0457   855   217738.0000   381598.7956 14254371   75.26%
Elapsed time = 1309.35 sec. (3585856.60 ticks, tree = 2315.06 MB, solutions = 57)
Nodefile size = 267.86 MB (258.54 MB after compression)
  69818 45767   373729.7799   205   217738.0000   381598.7956 14271514   75.26%
  69964 45903   379400.3031   403   217738.0000   381598.7579 14289806   75.26%
  70079 46014   361592.1935   285   217738.0000   381598.7579 14306840   75.26%
  70163 46094   374123.8090   540   217738.0000   381597.1417 14322559   75.26%
  70268 46191   380119.1639   413   217738.0000   381597.0190 14339556   75.26%
  70339 46256   376256.2977   264   217738.0000   381596.4769 14356676   75.25%
  70522 46439   358769.9508   319   217738.0000   381596.4769 14374329   75.25%
  70639 46548   378008.2466   459   217738.0000   381596.1182 14390383   75.25%
  70711 46616   372962.8006   325   217738.0000   381596.1182 14406092   75.25%
  70796 46695   374316.9243   296   217738.0000   381595.4881 14422491   75.25%
Elapsed time = 1325.41 sec. (3624452.79 ticks, tree = 2369.17 MB, solutions = 57)
Nodefile size = 321.51 MB (310.24 MB after compression)
  70900 46795   378222.8342   516   217738.0000   381595.0284 14439124   75.25%
  70965 46852   380432.3132   382   217738.0000   381595.0000 14456130   75.25%
  71049 46933   370838.8662   150   217738.0000   381594.9717 14472439   75.25%
  71099 46975   380168.4527   436   217738.0000   381594.1743 14489265   75.25%
  71188 47056   378478.2742   270   217738.0000   381593.9362 14505604   75.25%
  71296 47158   379002.4870   431   217738.0000   381592.8066 14521402   75.25%
  71378 47240   359969.8132   376   217738.0000   381592.8066 14538180   75.25%
  71443 47297   379865.4821   442   217738.0000   381591.5200 14555493   75.25%
  71524 47374   371002.6976   442   217738.0000   381591.5200 14572496   75.25%
  71917 47733   380551.5000   241   217738.0000   381588.3298 14638901   75.25%
Elapsed time = 1342.68 sec. (3674744.62 ticks, tree = 2426.15 MB, solutions = 57)
Nodefile size = 378.29 MB (364.94 MB after compression)
  72218 48020   375696.0940   285   217738.0000   381586.1038 14705672   75.25%
  72518 48296   374573.8506   248   217738.0000   381583.9509 14771629   75.25%
  72974 48734   379522.7200   399   217738.0000   381582.5967 14837793   75.25%
  73264 49005   370859.5614   399   217738.0000   381580.0890 14899829   75.25%
  73723 49446   378271.7753   246   217738.0000   381579.8881 14966744   75.25%
  74094 49802    infeasible         217738.0000   381578.3960 15033606   75.25%
  74360 50051   374151.8637   454   217738.0000   381576.2963 15097053   75.25%
  74735 50408   374058.9395   325   217738.0000   381574.1773 15163988   75.24%
  75138 50785   380017.5315   277   217738.0000   381572.1510 15229724   75.24%
  75372 50997   374805.7531   453   217738.0000   381569.8039 15294878   75.24%
Elapsed time = 1400.00 sec. (3827691.03 ticks, tree = 2600.91 MB, solutions = 57)
Nodefile size = 553.36 MB (533.90 MB after compression)
  75671 51272   372727.8229   524   217738.0000   381568.3306 15360835   75.24%
  75911 51491   380251.5927   332   217738.0000   381563.4486 15423840   75.24%
  76163 51720    infeasible         217738.0000   381562.7083 15490395   75.24%
  76774 52315   368089.1080   388   217738.0000   381561.4259 15553396   75.24%
  77266 52775   376428.6650   306   217738.0000   381559.2500 15620673   75.24%
  77544 53029   377946.2088   206   217738.0000   381557.9643 15686272   75.24%
  77856 53307   375169.1373   256   217738.0000   381556.9502 15753968   75.24%
  78224 53647   376488.6447   658   217738.0000   381554.8543 15819353   75.24%
  78531 53938   376747.6090   321   217738.0000   381552.5934 15884537   75.23%
  78786 54171   381160.5665   629   217738.0000   381549.5137 15949884   75.23%
Elapsed time = 1457.89 sec. (3980789.71 ticks, tree = 2757.14 MB, solutions = 57)
Nodefile size = 709.22 MB (684.81 MB after compression)
  79073 54431   379563.1000   371   217738.0000   381548.4303 16011580   75.23%
  79289 54628   380052.6657   233   217738.0000   381546.1818 16074227   75.23%
  79552 54867   371218.7350   232   217738.0000   381543.2061 16136843   75.23%
  79880 55167   371064.2910   313   217738.0000   381542.4484 16201574   75.23%
  80263 55522   371901.7762   416   217738.0000   381539.8855 16267940   75.23%
  80591 55828   371654.0619   205   217738.0000   381537.3425 16334312   75.23%
  80980 56185   377594.4545   378   217738.0000   381536.3011 16401278   75.23%
  81342 56527   372035.5381   239   217738.0000   381535.4044 16464025   75.23%
  81666 56829   381040.2683   262   217738.0000   381532.5379 16527039   75.23%
* 81724+56880                       217754.0000   381532.1891            75.21%
  81955 57103    infeasible         217754.0000   381531.1818 16590613   75.21%
Elapsed time = 1512.33 sec. (4133967.77 ticks, tree = 2896.66 MB, solutions = 58)
Nodefile size = 849.08 MB (819.71 MB after compression)
  82243 57363   380833.4366   222   217754.0000   381528.8626 16655977   75.21%
  82574 57671   372866.9525   301   217754.0000   381526.8269 16719581   75.21%
  82833 57911   380427.1818   397   217754.0000   381525.4414 16783911   75.21%
  83177 58237   378318.4931   512   217754.0000   381524.7904 16849510   75.21%
  83431 58471   376601.0034   362   217754.0000   381524.0807 16916101   75.21%
* 83724+58753                       217865.0000   381523.5053            75.12%
  83861 58878   377536.1132   410   217865.0000   381522.7000 16981178   75.12%
  84270 59259    infeasible         217865.0000   381521.4129 17050331   75.12%
  84543 59514   376365.0509   538   217865.0000   381519.6499 17114422   75.12%
  84885 59831   378331.1770   336   217865.0000   381518.2928 17179098   75.12%
  85117 60044   352639.9777   419   217865.0000   381517.7852 17245207   75.12%
Elapsed time = 1570.30 sec. (4286974.20 ticks, tree = 3047.56 MB, solutions = 59)
Nodefile size = 999.92 MB (965.48 MB after compression)
  85424 60334   368959.6732   369   217865.0000   381517.5847 17309526   75.12%
  85799 60693   376257.5598   411   217865.0000   381516.7225 17374402   75.12%
  86079 60953   371642.2569   353   217865.0000   381516.2933 17441138   75.12%
  86544 61382   378606.9552   409   217865.0000   381515.3942 17508239   75.12%
  86865 61673   379556.7699   408   217865.0000   381514.6818 17572151   75.12%
  87191 61969   378910.7388   274   217865.0000   381514.0400 17639669   75.11%
  87719 62468   378776.8942   179   217865.0000   381513.4466 17711811   75.11%
  88019 62742   376001.3795   467   217865.0000   381513.0914 17779161   75.11%
  88303 62999   374510.2492   384   217865.0000   381511.8241 17845564   75.11%
  88661 63331   375474.8350   317   217865.0000   381511.4721 17910339   75.11%
Elapsed time = 1628.42 sec. (4440116.58 ticks, tree = 3228.83 MB, solutions = 59)
Nodefile size = 1181.40 MB (1140.57 MB after compression)
  88950 63596   371662.2595   405   217865.0000   381510.9622 17976700   75.11%
  89290 63909   376558.6595   349   217865.0000   381508.3276 18041189   75.11%
  89579 64177   377593.2000   329   217865.0000   381505.9010 18104598   75.11%
  89968 64536   376476.1298   305   217865.0000   381504.5238 18172162   75.11%
  90322 64865   376812.5805   561   217865.0000   381501.7830 18239095   75.11%
  90682 65197   381093.2644   266   217865.0000   381500.1332 18302396   75.11%
  91026 65529   358298.9576   236   217865.0000   381499.7766 18369570   75.11%
  91315 65793   365636.2776   472   217865.0000   381498.1495 18433769   75.11%
  91584 66036   377905.8818   376   217865.0000   381496.5540 18501157   75.11%
  91864 66301   369844.1323   507   217865.0000   381496.4454 18565822   75.11%
Elapsed time = 1684.31 sec. (4593228.83 ticks, tree = 3392.81 MB, solutions = 59)
Nodefile size = 1344.81 MB (1298.58 MB after compression)
  92121 66524   378864.9777   388   217865.0000   381495.2165 18632887   75.11%
  92358 66743   372829.3962   473   217865.0000   381494.2293 18698505   75.11%
  92604 66973   370186.5610   429   217865.0000   381493.7281 18767036   75.11%
  92905 67252   376696.0798   381   217865.0000   381492.3691 18829650   75.10%
  93226 67545   378588.3346   359   217865.0000   381489.8167 18896227   75.10%
  93513 67820   372182.3337   234   217865.0000   381489.2830 18958762   75.10%
  93888 68166   371550.5443   421   217865.0000   381488.5070 19022275   75.10%
  94210 68468   379401.9464   363   217865.0000   381487.8354 19090564   75.10%
  94614 68843   368584.3706   350   217865.0000   381487.1598 19156249   75.10%
  95005 69210   367415.9935   266   217865.0000   381486.2338 19221720   75.10%
Elapsed time = 1741.73 sec. (4746619.88 ticks, tree = 3553.17 MB, solutions = 59)
Nodefile size = 1505.39 MB (1453.93 MB after compression)
  95261 69436   381106.7882   267   217865.0000   381484.4942 19284784   75.10%
  95491 69650   370424.4132   433   217865.0000   381484.1326 19348245   75.10%
  95823 69960   378340.7118   489   217865.0000   381483.2667 19414968   75.10%
  96077 70197   372068.6104   346   217865.0000   381482.1594 19479221   75.10%
  96399 70489   378403.9182   472   217865.0000   381480.1861 19547649   75.10%
  96729 70801   374930.6837   296   217865.0000   381479.1311 19613632   75.10%
  97089 71139   377395.0039   554   217865.0000   381476.0854 19680546   75.10%
  97398 71423   367356.6965   341   217865.0000   381475.3172 19746869   75.10%
  97715 71721   378532.9798   215   217865.0000   381474.9603 19810090   75.10%
  97998 71980   374754.8007   259   217865.0000   381472.8646 19873698   75.10%
Elapsed time = 1799.12 sec. (4899709.44 ticks, tree = 3695.67 MB, solutions = 59)
Nodefile size = 1647.88 MB (1591.72 MB after compression)
  98335 72291   369385.0031   379   217865.0000   381471.1781 19939283   75.10%
  98644 72573   377026.5998   294   217865.0000   381470.2720 20005391   75.09%
  98959 72858   379897.8701   391   217865.0000   381469.1756 20070004   75.09%
  99207 73086   372923.5430   434   217865.0000   381467.9365 20135812   75.09%
  99472 73333   369636.9649   286   217865.0000   381466.9533 20200855   75.09%
  99744 73583   369572.3421   263   217865.0000   381466.0061 20265794   75.09%
 100019 73836   370122.1159   390   217865.0000   381463.8039 20329969   75.09%
 100314 74115    infeasible         217865.0000   381463.0555 20394826   75.09%
 100644 74419   370291.8488   238   217865.0000   381462.0000 20462922   75.09%
 100971 74726   381293.6812   398   217865.0000   381460.5000 20527807   75.09%
Elapsed time = 1856.71 sec. (5052640.09 ticks, tree = 3847.48 MB, solutions = 59)
Nodefile size = 1799.54 MB (1738.18 MB after compression)
 101321 75059   377490.4340   206   217865.0000   381459.5000 20593387   75.09%
 101671 75392   373737.8040   320   217865.0000   381458.0906 20660108   75.09%
 102024 75719   380904.6333   232   217865.0000   381457.0478 20726881   75.09%
 102301 75986   350862.6231   317   217865.0000   381456.7313 20791382   75.09%
 102643 76316   377125.3770   216   217865.0000   381455.8944 20854695   75.09%
 102934 76591   370043.6787   351   217865.0000   381455.6105 20919038   75.09%
 103349 76976   381272.1052   491   217865.0000   381455.1969 20985351   75.09%
 103698 77308   372755.1149   282   217865.0000   381454.6730 21049920   75.09%
 103997 77581   373556.6658   417   217865.0000   381452.6196 21116743   75.09%
 104311 77869   379888.6123   420   217865.0000   381451.6807 21183257   75.09%
Elapsed time = 1915.87 sec. (5206138.94 ticks, tree = 4004.77 MB, solutions = 59)
Nodefile size = 1957.04 MB (1890.42 MB after compression)
 104544 78081   375345.2000   199   217865.0000   381450.5254 21247797   75.09%
 104881 78388   376152.8662   461   217865.0000   381449.6371 21311846   75.09%
 105213 78696   376981.5548   224   217865.0000   381449.1379 21376480   75.09%
 105747 79211   380735.2667   258   217865.0000   381448.6504 21436929   75.08%
 105996 79439   378328.2368   438   217865.0000   381448.2386 21503990   75.08%
 106230 79651   378021.8590   704   217865.0000   381446.6584 21566733   75.08%
 106551 79954   377830.9294   400   217865.0000   381444.6534 21632729   75.08%
 106765 80148   379599.0627   208   217865.0000   381443.2562 21695455   75.08%
 106978 80341   377541.6019   590   217865.0000   381441.4207 21759001   75.08%
 107276 80625   375970.6974   413   217865.0000   381440.5927 21823175   75.08%
Elapsed time = 1974.31 sec. (5359274.73 ticks, tree = 4156.44 MB, solutions = 59)
Nodefile size = 2109.08 MB (2037.86 MB after compression)
 107581 80902   372993.9355   422   217865.0000   381438.9429 21889063   75.08%
*107724+81041                       218047.0000   381438.9429            74.93%
 107951 81254   380641.6412   306   218047.0000   381438.3804 21959023   74.93%
 108164 81447   380417.2477   285   218047.0000   381437.3580 22023593   74.93%
 108454 81719   380472.7435   584   218047.0000   381436.4644 22089699   74.93%
 108771 82014   376376.7143   312   218047.0000   381435.9137 22154351   74.93%
 109124 82353   357916.6732   293   218047.0000   381435.3800 22221477   74.93%
 109437 82643   361328.1756   305   218047.0000   381434.3661 22286078   74.93%
 109687 82871   364756.3560   206   218047.0000   381433.4717 22350503   74.93%
 110040 83174   380041.0000   268   218047.0000   381430.0190 22417356   74.93%
 110339 83455   380986.0499   485   218047.0000   381429.7902 22483280   74.93%
Elapsed time = 2033.86 sec. (5512365.72 ticks, tree = 4303.62 MB, solutions = 60)
Nodefile size = 2256.13 MB (2179.79 MB after compression)
 110614 83705   380283.5496   382   218047.0000   381428.3671 22548649   74.93%
*110724+83813                       224994.0000   381428.3671            69.53%
 111065 84136   378090.7834   524   224994.0000   381427.4074 22614914   69.53%
 111349 84402   367374.3923   379   224994.0000   381426.7348 22680078   69.53%
 111646 84678   372979.1036   485   224994.0000   381426.5000 22747859   69.53%
 111946 84960   381095.9023   682   224994.0000   381425.8284 22811690   69.53%
 112406 85402   379961.9750   274   224994.0000   381425.5289 22872478   69.53%
 112713 85675   375906.7320   433   224994.0000   381425.4088 22938283   69.53%
*112724+85684                       228943.0000   381425.4088            66.60%
*112724+85684                       229060.0000   381425.4088            66.52%
 113018 85958   376781.2500   356   229060.0000   381424.5662 23004978   66.52%
 113442 86361   381103.8000   463   229060.0000   381422.7733 23068873   66.52%
 113721 86625   375090.8200   345   229060.0000   381421.6445 23134016   66.52%
Elapsed time = 2091.11 sec. (5665771.57 ticks, tree = 4480.13 MB, solutions = 63)
Nodefile size = 2432.99 MB (2351.28 MB after compression)
 114053 86933   376288.8805   400   229060.0000   381420.8331 23197109   66.52%
 114304 87166   379205.4250   415   229060.0000   381420.1813 23264545   66.52%
 114519 87367   374271.4195   437   229060.0000   381419.8987 23326910   66.52%
 114809 87637   372276.5293   302   229060.0000   381418.6382 23390524   66.51%
 115094 87898   366795.2608   345   229060.0000   381418.0525 23460158   66.51%
 115423 88204   379516.5417   248   229060.0000   381417.1727 23525355   66.51%
 115661 88414   373523.5962   480   229060.0000   381416.0487 23589987   66.51%
 115909 88635   380800.4524   298   229060.0000   381415.3961 23656075   66.51%
 116112 88810   379851.2773   558   229060.0000   381414.2724 23720191   66.51%
 116325 88997   373926.5165   637   229060.0000   381413.4131 23787159   66.51%
Elapsed time = 2150.33 sec. (5819010.54 ticks, tree = 4594.86 MB, solutions = 63)
Nodefile size = 2547.06 MB (2461.35 MB after compression)
 116602 89252   377350.0994   455   229060.0000   381412.8286 23852199   66.51%
 116955 89584   380147.9809   461   229060.0000   381411.7918 23912538   66.51%
 117184 89797   381086.3955   423   229060.0000   381410.4294 23977874   66.51%
 117521 90109   379542.6479   546   229060.0000   381409.5538 24044168   66.51%
 117804 90364   370343.4976   356   229060.0000   381408.9253 24111169   66.51%
 118075 90611   378620.1665   485   229060.0000   381407.5767 24174524   66.51%
 118371 90892   378458.4755   262   229060.0000   381406.1524 24239491   66.51%
 118695 91193   379769.4392   538   229060.0000   381404.9529 24305329   66.51%
 118965 91441   376690.0986   380   229060.0000   381404.0562 24370486   66.51%
 119218 91675   376044.3896   460   229060.0000   381403.3875 24433501   66.51%
Elapsed time = 2208.96 sec. (5971921.50 ticks, tree = 4737.19 MB, solutions = 63)
Nodefile size = 2689.67 MB (2598.84 MB after compression)
 119415 91848   378588.1312   458   229060.0000   381402.7169 24495584   66.51%
*119724+92145                       234428.0000   381402.1648            62.69%
 119818 92237   368673.5104   349   234428.0000   381402.1648 24562253   62.69%
 120147 92546   376769.8360   495   234428.0000   381401.4695 24627655   62.69%
 120429 92805   379927.0000   168   234428.0000   381400.9390 24694343   62.69%
 120774 93127   378866.7134   358   234428.0000   381400.0448 24759276   62.69%
 121114 93435   377296.0008   412   234428.0000   381398.9960 24825513   62.69%
 121603 93906   378630.5725   584   234428.0000   381398.7381 24892900   62.69%
 121834 94120   374920.7118   470   234428.0000   381398.3333 24956287   62.69%
 122102 94362   378496.5903   598   234428.0000   381397.3750 25024176   62.69%
 122388 94630   376239.3061   267   234428.0000   381396.7963 25087648   62.69%
Elapsed time = 2265.40 sec. (6125574.61 ticks, tree = 4891.61 MB, solutions = 64)
Nodefile size = 2843.84 MB (2748.00 MB after compression)
 122660 94872   366730.9162   343   234428.0000   381395.4851 25152316   62.69%
 122920 95105   379986.8765   410   234428.0000   381394.7951 25217185   62.69%
 123199 95360   379637.3647   312   234428.0000   381394.5101 25282886   62.69%
 123469 95601   370451.3538   325   234428.0000   381393.3887 25350664   62.69%
 123768 95872   372576.6660   443   234428.0000   381391.3048 25413114   62.69%
 124289 96352   379935.3589   389   234428.0000   381391.1121 25477991   62.69%
 124607 96649   372749.7093   234   234428.0000   381390.8333 25543097   62.69%
 125003 97017   377738.0763   388   234428.0000   381389.7776 25612331   62.69%
 125275 97268   379456.9009   469   234428.0000   381388.6014 25678787   62.69%
 125539 97504   380823.1471   265   234428.0000   381387.6757 25743591   62.69%
Elapsed time = 2325.21 sec. (6278580.58 ticks, tree = 5051.99 MB, solutions = 64)
Nodefile size = 3004.46 MB (2903.51 MB after compression)
 125858 97803   362206.4770   291   234428.0000   381386.9167 25809909   62.69%
 126148 98071    infeasible         234428.0000   381386.2618 25873765   62.69%
 126413 98319   376939.9648   311   234428.0000   381385.3542 25941658   62.69%
 126636 98522   377410.6327   776   234428.0000   381384.0172 26004251   62.69%
*126724+98606                       234479.0000   381384.0172            62.65%
 126940 98804   377027.2153   532   234479.0000   381382.3075 26065632   62.65%
 127233 99076   374570.9079   373   234479.0000   381381.4980 26129521   62.65%
 127493 99304   369845.9021   330   234479.0000   381380.1115 26194699   62.65%
 127651 99434   377295.6352   321   234479.0000   381378.0168 26257433   62.65%
 127961 99718   378905.1662   262   234479.0000   381377.4018 26322013   62.65%
 128209 99942   365481.7414   399   234479.0000   381376.7516 26386722   62.65%
Elapsed time = 2381.57 sec. (6431871.01 ticks, tree = 5168.92 MB, solutions = 65)
Nodefile size = 3121.55 MB (3016.62 MB after compression)
 128441 100147   373255.8457   334   234479.0000   381375.7182 26453186   62.65%
 128693 100381   370170.6633   369   234479.0000   381374.6081 26518820   62.65%
 128975 100632   379908.0165   403   234479.0000   381373.2363 26585780   62.65%
 129217 100852   375262.0053   306   234479.0000   381372.5809 26651243   62.65%
 129546 101159   373860.6934   361   234479.0000   381372.3436 26715379   62.65%
 129898 101487   379285.6907   599   234479.0000   381371.9300 26780521   62.65%
 130234 101803   374013.3703   409   234479.0000   381370.6667 26845802   62.65%
 130634 102171    infeasible         234479.0000   381369.7281 26915429   62.65%
 130842 102365   374005.9215   272   234479.0000   381368.8109 26977885   62.65%
 131207 102711   374326.1393   364   234479.0000   381368.0107 27044981   62.64%
Elapsed time = 2441.49 sec. (6585026.42 ticks, tree = 5323.39 MB, solutions = 65)
Nodefile size = 3275.62 MB (3165.66 MB after compression)
 131571 103040   380354.4872   359   234479.0000   381366.9784 27110537   62.64%
 131868 103323   378262.1237   465   234479.0000   381366.7797 27177306   62.64%
 132150 103579   372431.4641   405   234479.0000   381366.2129 27243009   62.64%
 132479 103888   380984.0069   620   234479.0000   381365.4763 27307878   62.64%
 132743 104136   366561.0417   527   234479.0000   381365.1353 27372706   62.64%
 133083 104446   372360.4036   435   234479.0000   381364.4124 27439814   62.64%
 133401 104742   375837.3000   201   234479.0000   381363.1306 27508076   62.64%
 133638 104953   378959.2509   559   234479.0000   381362.4111 27571984   62.64%
 133913 105212   378349.8522   414   234479.0000   381361.6981 27640470   62.64%
 134250 105527   379999.7193   278   234479.0000   381361.0376 27705609   62.64%
Elapsed time = 2500.60 sec. (6738642.95 ticks, tree = 5480.66 MB, solutions = 65)
Nodefile size = 3432.91 MB (3318.09 MB after compression)
 134503 105760   372247.2614   283   234479.0000   381360.7746 27772046   62.64%
 134899 106124   377945.5904   379   234479.0000   381360.2107 27836255   62.64%
 135135 106336   376311.1177   254   234479.0000   381358.9505 27900243   62.64%
 135384 106557   379202.2178   212   234479.0000   381357.2820 27966834   62.64%
 135551 106700   380893.0318   255   234479.0000   381356.3565 28031529   62.64%
 135994 107125   349821.6742   326   234479.0000   381356.1805 28094264   62.64%
 136361 107466    infeasible         234479.0000   381355.3249 28162089   62.64%
 136662 107747   374930.0412   252   234479.0000   381354.5846 28225916   62.64%
 136908 107971   376887.5756   328   234479.0000   381354.0565 28289172   62.64%
 137189 108232   371851.8629   374   234479.0000   381352.6222 28351248   62.64%
Elapsed time = 2557.49 sec. (6891925.80 ticks, tree = 5624.48 MB, solutions = 65)
Nodefile size = 3577.01 MB (3457.47 MB after compression)
 137589 108615   366556.6941   293   234479.0000   381352.2224 28419078   62.64%
 137899 108896   380823.3294   322   234479.0000   381351.8183 28487776   62.64%
 138202 109176   354685.1195   310   234479.0000   381351.2107 28552141   62.64%
 138466 109419   379908.0315   487   234479.0000   381349.5024 28618542   62.64%
 138679 109608   372852.4389   303   234479.0000   381348.9533 28683332   62.64%
 138898 109809   376383.6659   439   234479.0000   381348.6283 28743253   62.64%
 139213 110095   374743.5990   362   234479.0000   381347.3445 28808057   62.64%
 139553 110415   347853.8701   243   234479.0000   381346.4929 28873786   62.64%
 139829 110669   375302.1066   332   234479.0000   381345.1037 28940045   62.64%
 140118 110929   376656.2975   420   234479.0000   381344.0520 29002453   62.63%
Elapsed time = 2616.04 sec. (7045292.15 ticks, tree = 5769.46 MB, solutions = 65)
Nodefile size = 3722.21 MB (3597.99 MB after compression)
 140488 111273   377413.9055   324   234479.0000   381343.5199 29071611   62.63%
 140749 111498   380532.0102   407   234479.0000   381342.0422 29136721   62.63%
 141080 111804   379363.1641   447   234479.0000   381341.4508 29204932   62.63%
 141405 112099   376064.2739   465   234479.0000   381339.9197 29270491   62.63%
 141718 112384    infeasible         234479.0000   381338.8864 29340731   62.63%
 142009 112648    infeasible         234479.0000   381337.7982 29406445   62.63%
 142214 112829   370020.7590   399   234479.0000   381335.8608 29468959   62.63%
 142618 113221   371605.5923   222   234479.0000   381334.8620 29535962   62.63%
 142947 113526   380444.4344   385   234479.0000   381334.0000 29602070   62.63%
 143214 113775   379493.7709   273   234479.0000   381333.2900 29668788   62.63%
Elapsed time = 2675.25 sec. (7199146.28 ticks, tree = 5916.54 MB, solutions = 65)
Nodefile size = 3869.54 MB (3740.00 MB after compression)
 143469 114006   380562.1687   428   234479.0000   381331.7000 29735387   62.63%
 143750 114265   364229.2478   392   234479.0000   381330.5990 29799983   62.63%
 144126 114614   373792.0592   294   234479.0000   381329.7585 29865694   62.63%
 144518 114978   362742.6933   416   234479.0000   381329.4573 29932008   62.63%
 144796 115242   373733.9870   244   234479.0000   381327.9660 29995485   62.63%
 145155 115579   379372.7385   334   234479.0000   381327.4389 30060637   62.63%
 145472 115870   372581.5650   386   234479.0000   381325.5391 30126928   62.63%
 145818 116190   379820.5833   640   234479.0000   381324.6062 30193442   62.63%
 146131 116483   378187.7568   313   234479.0000   381323.6494 30256444   62.63%
 146346 116676   377278.1970   514   234479.0000   381322.2759 30321637   62.63%
Elapsed time = 2734.58 sec. (7352373.50 ticks, tree = 6076.21 MB, solutions = 65)
Nodefile size = 4028.49 MB (3894.25 MB after compression)
 146673 116967   375108.4117   447   234479.0000   381321.6862 30387906   62.63%
 146950 117225   377082.6939   488   234479.0000   381318.7745 30453153   62.62%
 147237 117482   371796.4636   203   234479.0000   381317.9076 30520294   62.62%
 147516 117738   374062.2031   251   234479.0000   381316.0384 30585673   62.62%
 147786 117981   379516.8276   313   234479.0000   381314.6653 30647182   62.62%
 148029 118202   378045.5652   445   234479.0000   381313.7984 30708970   62.62%
 148392 118527   380921.3766   301   234479.0000   381312.7967 30772177   62.62%
 148728 118837   380010.9333   375   234479.0000   381312.5000 30837588   62.62%
 149064 119142   372337.6089   474   234479.0000   381311.1440 30903343   62.62%
 149382 119432   366112.0820   336   234479.0000   381311.0000 30970931   62.62%
Elapsed time = 2791.07 sec. (7505716.05 ticks, tree = 6231.19 MB, solutions = 65)
Nodefile size = 4184.09 MB (4045.15 MB after compression)
 149654 119666    infeasible         234479.0000   381310.8182 31040867   62.62%
 149933 119927   372145.7932   370   234479.0000   381310.0811 31104263   62.62%
 150181 120155   375961.1012   388   234479.0000   381309.5040 31169030   62.62%
 150402 120344   370595.6650   268   234479.0000   381308.6790 31234630   62.62%
 150722 120635    infeasible         234479.0000   381308.1126 31300806   62.62%
 151009 120899   372286.8170   425   234479.0000   381307.8071 31366443   62.62%
 151404 121258   378428.6639   384   234479.0000   381307.1417 31434661   62.62%
 151685 121515   381133.5870   360   234479.0000   381306.6097 31496508   62.62%
 151993 121805    infeasible         234479.0000   381305.8960 31561807   62.62%
 152200 121994   376867.7454   559   234479.0000   381304.9562 31624371   62.62%
Elapsed time = 2849.79 sec. (7658972.98 ticks, tree = 6361.46 MB, solutions = 65)
Nodefile size = 4313.62 MB (4170.08 MB after compression)
 152493 122263   377121.0851   522   234479.0000   381304.2942 31688540   62.62%
 152826 122571   380279.3998   357   234479.0000   381303.5199 31754001   62.62%
 153207 122939   375286.2120   408   234479.0000   381302.6040 31819021   62.62%
 153524 123232   366622.2427   387   234479.0000   381301.9301 31883975   62.62%
 153841 123516   376499.5492   340   234479.0000   381300.9487 31949433   62.62%
 154129 123773   375513.9194   287   234479.0000   381300.7431 32014470   62.62%
 154473 124099   381173.0958   333   234479.0000   381300.3456 32081497   62.62%
 154914 124514   378246.4129   293   234479.0000   381299.9963 32149657   62.62%
 155211 124781   379911.4401   427   234479.0000   381299.0412 32216124   62.62%
 155471 125014    infeasible         234479.0000   381298.4321 32279427   62.62%
Elapsed time = 2908.30 sec. (7812017.14 ticks, tree = 6529.51 MB, solutions = 65)
Nodefile size = 4481.57 MB (4332.57 MB after compression)
 155781 125300   380202.1806   376   234479.0000   381296.8795 32344815   62.61%
 156010 125503   368866.4032   241   234479.0000   381296.4703 32410087   62.61%
 156284 125749   369637.0552   401   234479.0000   381295.9612 32475901   62.61%
 156580 126017   367411.8176   321   234479.0000   381294.9685 32542446   62.61%
 156932 126341   374495.2377   281   234479.0000   381294.0299 32607972   62.61%
 157229 126611   379170.1301   341   234479.0000   381292.9267 32674014   62.61%
 157560 126912   380353.1241   470   234479.0000   381291.8346 32740289   62.61%
 157872 127188   380579.1226   573   234479.0000   381290.1339 32805380   62.61%
 158089 127382   380443.9213   339   234479.0000   381289.3819 32869164   62.61%
 158385 127652   372325.5063   402   234479.0000   381288.3917 32935292   62.61%
Elapsed time = 2964.27 sec. (7964826.45 ticks, tree = 6658.49 MB, solutions = 65)
Nodefile size = 4611.05 MB (4457.02 MB after compression)
 158697 127941   380860.3393   288   234479.0000   381286.9587 32999370   62.61%
 159034 128259   375996.6966   305   234479.0000   381285.8469 33066813   62.61%
 159353 128556   364640.3140   273   234479.0000   381285.6494 33134259   62.61%
 159626 128806   374053.9766   305   234479.0000   381284.4266 33199074   62.61%
 159955 129105   357122.6712   371   234479.0000   381283.1765 33264734   62.61%
 160358 129476   376931.7893   308   234479.0000   381282.2375 33335023   62.61%
 160685 129779   374913.4375   309   234479.0000   381281.8746 33403003   62.61%
 161020 130096   367932.0156   307   234479.0000   381281.4562 33469597   62.61%
 161284 130338   372883.8621   415   234479.0000   381281.2176 33535503   62.61%
 161574 130595   376160.1525   352   234479.0000   381280.7086 33603666   62.61%
Elapsed time = 3023.43 sec. (8117992.13 ticks, tree = 6811.16 MB, solutions = 65)
Nodefile size = 4763.47 MB (4604.22 MB after compression)
 162193 131199   366506.3004   283   234479.0000   381280.0680 33670730   62.61%
 162494 131477   365332.2830   432   234479.0000   381279.7520 33733975   62.61%
 162824 131784   375826.2647   294   234479.0000   381278.8996 33797631   62.61%
 163088 132025   379056.5853   343   234479.0000   381278.0175 33863011   62.61%
 163389 132301   379913.0532   495   234479.0000   381277.2222 33924941   62.61%
 163678 132563   372999.5851   305   234479.0000   381276.6746 33989654   62.61%
 163929 132791    infeasible         234479.0000   381276.1112 34051792   62.61%
 164134 132981   361448.0495   329   234479.0000   381275.6241 34115746   62.61%
 164515 133344    infeasible         234479.0000   381275.2132 34179943   62.61%
 164863 133666   374350.0924   275   234479.0000   381274.9216 34246471   62.61%
Elapsed time = 3081.26 sec. (8271149.39 ticks, tree = 6984.32 MB, solutions = 65)
Nodefile size = 4936.75 MB (4772.44 MB after compression)
 165142 133917   379539.8901   656   234479.0000   381274.5250 34312681   62.60%
 165360 134113   377320.6388   321   234479.0000   381274.1120 34378413   62.60%
 165660 134391   375390.4347   263   234479.0000   381273.8497 34437728   62.60%
 165896 134610   373891.0390   247   234479.0000   381273.5059 34501498   62.60%
 166172 134860   372284.1717   322   234479.0000   381273.0500 34563235   62.60%
 166453 135119    infeasible         234479.0000   381272.4028 34628540   62.60%
 166825 135455   371735.1324   312   234479.0000   381271.4531 34692371   62.60%
 167142 135745   380487.0458   480   234479.0000   381270.3430 34755858   62.60%
 167476 136060   376896.0647   274   234479.0000   381269.8307 34822825   62.60%
 167725 136291   370696.5131   277   234479.0000   381269.2094 34887052   62.60%
Elapsed time = 3139.09 sec. (8424069.46 ticks, tree = 7127.11 MB, solutions = 65)
Nodefile size = 5079.18 MB (4910.41 MB after compression)
 168063 136606   371494.9916   307   234479.0000   381268.9426 34950389   62.60%
 168334 136847   378862.8734   356   234479.0000   381268.5000 35015516   62.60%
 168670 137157   376948.0033   318   234479.0000   381267.7516 35081920   62.60%
 169023 137490    infeasible         234479.0000   381267.6174 35148238   62.60%
 169276 137720   375005.6471   202   234479.0000   381267.1352 35209096   62.60%
 169592 138024   378382.8004   313   234479.0000   381266.9877 35273641   62.60%
 169821 138222   374549.9520   508   234479.0000   381266.4762 35339518   62.60%
 170172 138549   367191.3543   344   234479.0000   381266.2705 35406712   62.60%
 170467 138811   376046.2825   389   234479.0000   381265.1175 35472435   62.60%
 170785 139107   373328.7941   298   234479.0000   381264.6239 35535931   62.60%
Elapsed time = 3195.81 sec. (8577400.56 ticks, tree = 7250.04 MB, solutions = 65)
Nodefile size = 5202.78 MB (5029.19 MB after compression)
 171234 139541   377335.2807   276   234479.0000   381264.1907 35604635   62.60%
 171510 139789    infeasible         234479.0000   381263.8079 35671901   62.60%
 171782 140036   380131.7370   627   234479.0000   381263.5000 35735333   62.60%
 172102 140334   378798.6751   522   234479.0000   381262.9712 35799093   62.60%
 172370 140578   377794.0649   429   234479.0000   381262.4810 35864942   62.60%
 172644 140839   370971.4556   218   234479.0000   381261.8168 35933212   62.60%
 172906 141070   375370.7743   435   234479.0000   381261.6836 35997480   62.60%
Starting limited solution polishing.
 173224 141371   376124.4073   287   234479.0000   381261.4151 36053769   62.60%
*173324+141447                       237729.0000   381261.2143            60.38%
 173424 141525   381220.1407   344   237729.0000   381260.8638 36104197   60.38%
*173524+141623                       238034.0000   381260.8638            60.17%
*173524+141623                       242990.0000   381260.8638            56.90%
*173624+141719                       243157.0000   381260.8638            56.80%
*173624+141719                       243374.0000   381260.8638            56.66%
*173724+141811                       243595.0000   381260.7338            56.51%
*173724+141811                       243625.0000   381260.7338            56.49%
 173750 141838   358428.3164   287   243625.0000   381260.7338 36154950   56.49%
Elapsed time = 3256.27 sec. (8733165.05 ticks, tree = 7392.67 MB, solutions = 72)
Nodefile size = 5345.57 MB (5167.09 MB after compression)
*173824+141880                       247496.0000   381260.3395            54.05%
*173824+141880                       247611.0000   381260.3395            53.98%
*173824+141880                       247626.0000   381260.3395            53.97%
*173824+141862                       252469.0000   381260.3395            51.01%
*173926+141940                       260236.0000   381260.3395            46.51%
 173942 141956    infeasible         260236.0000   381259.7865 36210809   46.51%
 174124 142122   375971.1665   251   260236.0000   381259.3646 36262126   46.51%
*174224+142168                       271812.0000   381258.8167            40.27%
 174316 142255   376841.4251   275   271812.0000   381258.7850 36312582   40.27%
*174324+142243                       272185.0000   381258.7850            40.07%
*174424+142325                       272333.0000   381258.5261            40.00%
*174424+142325                       272996.0000   381258.5261            39.66%
 174491 142386   376657.6751   390   272996.0000   381258.4826 36358570   39.66%
*174524+142417                       276711.0000   381258.4826            37.78%
*174524+142417                       276999.0000   381258.4826            37.64%
*174524+142417                       277001.0000   381258.4826            37.64%
*174524+142417                       277387.0000   381258.4826            37.45%
*174624+142509                       277898.0000   381258.4038            37.19%
 174689 142568   377545.5881   367   277898.0000   381258.3973 36400772   37.19%
*174724+142601                       278051.0000   381258.3973            37.12%
*174824+142689                       280400.0000   381258.1779            35.97%
*174824+142653                       285054.0000   381258.1779            33.75%
 174847 142678   370256.7406   362   285054.0000   381258.1779 36440268   33.75%
*175024+142823                       291950.0000   381257.7703            30.59%
 175056 142855   373900.0392   549   291950.0000   381257.7703 36479793   30.59%
*175124+142899                       298203.0000   381257.7427            27.85%
*175224+142988                       298951.0000   381257.3887            27.53%
 175305 143068   372439.2008   262   298951.0000   381257.3887 36536171   27.53%
 175504 143253   368044.1620   545   298951.0000   381257.1529 36569702   27.53%
*175524+143249                       299530.0000   381257.1361            27.29%
 175652 143373   375792.4386   326   299530.0000   381256.9780 36605086   27.29%
Elapsed time = 3318.53 sec. (8888733.72 ticks, tree = 7474.22 MB, solutions = 93)
Nodefile size = 5426.51 MB (5245.25 MB after compression)
*175824+143484                       303651.0000   381256.6987            25.56%
*175824+143484                       303687.0000   381256.6987            25.54%
 175824 143486   376124.3627   420   303687.0000   381256.6987 36649744   25.54%
 176024 143669   380710.6310   322   303687.0000   381256.1804 36697815   25.54%
*176224+143846                       303784.0000   381254.6337            25.50%
*176224+143846                       304235.0000   381254.6337            25.32%
 176252 143874   374156.2265   235   304235.0000   381254.6337 36757658   25.32%
*176324+143866                       310713.0000   381254.5235            22.70%
*176324+143848                       310965.0000   381254.5235            22.60%
 176475 143992   377573.8498   263   310965.0000   381254.1940 36806235   22.60%
*176524+144016                       311403.0000   381253.8185            22.43%
 176655 144137   374699.4181   344   311403.0000   381253.5939 36856057   22.43%
*176724+144199                       311408.0000   381253.5939            22.43%
*176824+144287                       311564.0000   381253.2876            22.37%
 176924 144383   376635.4928   414   311564.0000   381253.1745 36899386   22.37%
*177024+144469                       311744.0000   381252.9191            22.30%
*177024+144469                       311854.0000   381252.9191            22.25%
*177024+144469                       311861.0000   381252.9191            22.25%
 177070 144511   380687.3344   367   311861.0000   381252.9107 36944493   22.25%
*177224+144641                       312319.0000   381252.9107            22.07%
 177377 144788   372406.8230   505   312319.0000   381252.8866 36990852   22.07%
 177524 144921   380148.1365   266   312319.0000   381252.5226 37030853   22.07%
*177624+145011                       312329.0000   381252.4461            22.07%
*177624+145011                       312347.0000   381252.4461            22.06%
*177724+145107                       312714.0000   381252.3776            21.92%
 177724 145109   376581.4270   533   312714.0000   381252.3776 37068947   21.92%
Elapsed time = 3383.30 sec. (9051638.81 ticks, tree = 7572.41 MB, solutions = 109)
Nodefile size = 5524.74 MB (5339.91 MB after compression)
*177824+145191                       312719.0000   381251.8824            21.92%
 177824 145193   378943.6036   250   312719.0000   381251.8824 37102019   21.92%
*178024+145369                       312753.0000   381251.7407            21.90%
 178024 145371   378921.7143   302   312753.0000   381251.7407 37163615   21.90%
 178138 145471   373943.3360   361   312753.0000   381251.5375 37205054   21.90%
 178325 145644   370596.8498   460   312753.0000   381251.4151 37244172   21.90%
*178424+145727                       312825.0000   381251.1028            21.87%
 178531 145821   380818.6136   489   312825.0000   381251.0830 37302365   21.87%
 178663 145945   373387.9657   328   312825.0000   381250.9320 37337397   21.87%
 178824 146090   380774.8256   337   312825.0000   381250.5394 37371442   21.87%
 179024 146274   369384.0466   176   312825.0000   381250.4320 37418878   21.87%
 179221 146443   378133.2000   277   312825.0000   381249.8775 37469550   21.87%
 179437 146642   375578.5181   558   312825.0000   381249.8171 37515982   21.87%
Elapsed time = 3445.74 sec. (9209645.23 ticks, tree = 7656.18 MB, solutions = 112)
Nodefile size = 5608.81 MB (5421.06 MB after compression)
 179642 146834   376402.0537   339   312825.0000   381249.4444 37562503   21.87%
 179773 146961   374865.7261   325   312825.0000   381249.0459 37606414   21.87%
 180041 147216   375015.1342   610   312825.0000   381248.8571 37665081   21.87%
 180231 147391    infeasible         312825.0000   381248.2873 37709848   21.87%
 180480 147624   378485.2572   326   312825.0000   381247.6223 37770119   21.87%
 180752 147866   375992.8535   301   312825.0000   381247.3539 37829803   21.87%
 180924 148025   372355.2492   291   312825.0000   381246.9851 37873177   21.87%
 181046 148125   380526.1033   652   312825.0000   381246.8547 37916366   21.87%
 181224 148290   369717.1240   303   312825.0000   381246.6786 37954176   21.87%
 181572 148624   377953.5511   387   312825.0000   381246.4959 37990602   21.87%
Elapsed time = 3508.45 sec. (9372477.92 ticks, tree = 7768.39 MB, solutions = 112)
Nodefile size = 5721.28 MB (5529.95 MB after compression)
 181784 148816   377537.5222   462   312825.0000   381246.3203 38040469   21.87%
 181978 148994   371455.2237   597   312825.0000   381246.0225 38090087   21.87%
 182239 149229   379125.5762   562   312825.0000   381245.5193 38142257   21.87%
 182412 149386   375402.8631   456   312825.0000   381245.2506 38186974   21.87%
 182624 149564   380644.5833   284   312825.0000   381245.0278 38240807   21.87%
 182851 149772   378169.4272   391   312825.0000   381244.0229 38298273   21.87%
 183037 149946   373315.5725   328   312825.0000   381243.8662 38343358   21.87%
 183259 150147   371124.4571   294   312825.0000   381243.5116 38392812   21.87%
*183324+150204                       312872.0000   381243.3728            21.85%
 183451 150325   371561.5939   289   312872.0000   381243.2497 38439366   21.85%
 183624 150480   378722.1996   368   312872.0000   381242.9362 38492883   21.85%
Elapsed time = 3571.29 sec. (9530653.62 ticks, tree = 7865.94 MB, solutions = 113)
Nodefile size = 5818.59 MB (5623.99 MB after compression)
 183878 150721    infeasible         312872.0000   381242.7833 38533002   21.85%
 184024 150851   377343.3121   247   312872.0000   381242.4428 38570745   21.85%
 184278 151095   358829.2260   250   312872.0000   381242.2551 38619852   21.85%
 184535 151327   377129.2981   257   312872.0000   381241.3150 38682386   21.85%

Clique cuts applied:  18
Cover cuts applied:  166
Implied bound cuts applied:  54
Flow cuts applied:  23
Mixed integer rounding cuts applied:  264
Zero-half cuts applied:  164
Gomory fractional cuts applied:  9

Root node processing (before b&c):
  Real time             =    0.77 sec. (1695.36 ticks)
Sequential b&c:
  Real time             = 3599.24 sec. (9600317.79 ticks)
                          ------------
Total (root+branch&cut) = 3600.01 sec. (9602013.15 ticks)
[CPLEX] Status: time limit exceeded
[CPLEX] OPTIMAL OBJ: 312872.0
[CPLEX] Runtime: 3600.009 sec
Vehicle 0: d → 4 → 9 → 14 → 8 → 7 → 3 → 27 → 2 → 22 → 5 → 12 → 16 → 18 → d, (requests = [9, 17, 30, 32, 33, 37, 45])
Vehicle 1: d → 23 → 13 → 25 → 15 → 0 → 12 → 5 → 1 → 27 → 3 → 10 → 17 → d, (requests = [7, 23, 24, 26, 47, 49, 52, 53])
Vehicle 2: d → 20 → 12 → 5 → 2 → 27 → 17 → 7 → 21 → 14 → 28 → 4 → 19 → 23 → 25 → 6 → 0 → 15 → 29 → d, (requests = [0, 2, 6, 14, 21, 25, 27, 35, 42, 43, 51])
Vehicle 3: d → 30 → 12 → 5 → 2 → 27 → 7 → 8 → d, (requests = [5, 10, 20, 31, 50])
Vehicle 4: d → 3 → 10 → 7 → 21 → 14 → 28 → 4 → 19 → 23 → 13 → d, (requests = [1, 28, 36, 38, 41])
Vehicle 5: d → 8 → 14 → 9 → 24 → 4 → 19 → 23 → 25 → 11 → 29 → 15 → 6 → 12 → 20 → d, (requests = [3, 4, 18, 40, 48])
Vehicle 6: d → 4 → 19 → 23 → 25 → 11 → d, (requests = [15])
Vehicle 7: d → 25 → 6 → 12 → 5 → 2 → 22 → 27 → 17 → 8 → 14 → 24 → d, (requests = [8, 11, 19, 34, 46])
Vehicle 8: d → 18 → 16 → 12 → 6 → 25 → 23 → 26 → 19 → 4 → 24 → 14 → 21 → 17 → d, (requests = [12, 16, 22, 29, 44])
======== PPDSP OBJECTIVE ========
Profit    = 371343
Cost      = 58471
Objective = 312872
=================================
===== RAW XY MODEL =====
87 124 138 173 228 264 303 401 457 531 608 710 867 997 1037 1084 1131 1186 1362 1414 1466 1505 1600 1774 1840 1892 2040 2064 2140 2196 2211 2241 2294 2438 2525 2558 2600 2680 2701 2735 2810 2855 2930 2949 3008 3061 3164 3235 3305 3360 3462 3944 4045 4095 4203 4244 4342 4424 4544 4573 4728 4783 4846 4997 5092 5268 5325 5391 5433 5502 5525 5578 5607 5752 5792 5882 5893 5932 6064 6121 6292 6528 6776 6906 6956 7141 7255 7331 7373 7439 7558 7641 7721 7900 7968 7975 8050 8186 8345 8410 8583 8662 8717 8768 8785 8805 8882 8955 8975 9016 9044 9203 9219 9230 9237 9249 9258 9265 9273 9281 9296 9298 9310 9323 9333 9345 9358 9369 9370 9384 9395 9400 9408 9423 9425 9434 9444 9452 9462 9473 9486 9487 9499 9505 9514 9530 9534 9545 9550 9563 9582 9590 9597 9606 9621 9622 9638 9641 9654 9659 9670 9678 9686 9695
